{
"type": "FeatureCollection",
"name": "cobertura_ATINGIDOS_rio_grande___cenario_maio_2024_50",
"crs": { "type": "name", "properties": { "name": "urn:ogc:def:crs:OGC:1.3:CRS84" } },
"features": [
{ "type": "Feature", "properties": { "tipo_classe": "Campo Alagado e Area Pantanosa", "classe": 11 }, "geometry": { "type": "MultiPolygon", "coordinates": [ [ [ [ -52.114580862560587, -32.155009141795887 ], [ -52.108139563816565, -32.151520104976207 ], [ -52.108125593631662, -32.151514360706493 ], [ -52.108112061486544, -32.151521072170418 ], [ -52.105845156521859, -32.152963648057039 ], [ -52.105221969442916, -32.153642490895955 ], [ -52.105921260307674, -32.15643965435499 ], [ -52.105929848613997, -32.156497541237947 ], [ -52.105927035458492, -32.156555994093999 ], [ -52.105912927886422, -32.156612788694396 ], [ -52.105888062714456, -32.1566657639098 ], [ -52.105853386103888, -32.156712903944836 ], [ -52.105810217557632, -32.156752415042497 ], [ -52.104903047283543, -32.157432792748061 ], [ -52.104894265244596, -32.157440793501344 ], [ -52.104905599156744, -32.157444354217169 ], [ -52.113770085876439, -32.159324699884984 ], [ -52.11378201410713, -32.159325993784726 ], [ -52.113775819388906, -32.159315718458451 ], [ -52.112985749925187, -32.158262292506826 ], [ -52.112975603397629, -32.15825133423192 ], [ -52.112960976041727, -32.158248321547127 ], [ -52.110527974399027, -32.158005021382856 ], [ -52.110470064555003, -32.157993386530059 ], [ -52.110415556832677, -32.15797063069472 ], [ -52.110366564266208, -32.157937636024464 ], [ -52.11032498609044, -32.157895681583284 ], [ -52.110292434115628, -32.157846393767649 ], [ -52.110270170244327, -32.157791683257969 ], [ -52.110259057552788, -32.157733670949604 ], [ -52.110013371994135, -32.155031129804406 ], [ -52.110010597821599, -32.155016882460664 ], [ -52.109998340992249, -32.155009107309731 ], [ -52.108833438502316, -32.154426656064764 ], [ -52.108784669652422, -32.154396099948826 ], [ -52.108742632890689, -32.154356793618497 ], [ -52.108708875205885, -32.154310183580336 ], [ -52.108684638909672, -32.154257985123593 ], [ -52.108670815918465, -32.154202119196093 ], [ -52.108667914930159, -32.154144641711738 ], [ -52.108676042703607, -32.154087667891083 ], [ -52.108694900129798, -32.154033294419442 ], [ -52.108723793239328, -32.153983522287049 ], [ -52.108761658741059, -32.153940183150929 ], [ -52.108807103152159, -32.153904871928347 ], [ -52.108858454079453, -32.153878888102469 ], [ -52.108913821764915, -32.153863187900313 ], [ -52.108971168630383, -32.153858349102727 ], [ -52.109028384262182, -32.153864549781616 ], [ -52.114579437344645, -32.155013043522814 ], [ -52.114588081492471, -32.155013989878306 ], [ -52.114580862560587, -32.155009141795887 ] ] ], [ [ [ -52.141514240512507, -32.169639393575416 ], [ -52.141467355248871, -32.169600740818822 ], [ -52.141436035491331, -32.169561887583846 ], [ -52.141066482668869, -32.169482133076862 ], [ -52.139204875198949, -32.168711283184862 ], [ -52.141430885759441, -32.169225920127154 ], [ -52.141440086764241, -32.169210532693029 ], [ -52.141481140324387, -32.169165734604483 ], [ -52.141530378822424, -32.169130127949913 ], [ -52.14158578224157, -32.169105173497698 ], [ -52.141726179976352, -32.169058374252771 ], [ -52.141783422745497, -32.169045348065751 ], [ -52.141842106329541, -32.169043719222053 ], [ -52.141899983527892, -32.169053550095818 ], [ -52.144719710435631, -32.169822566525198 ], [ -52.144774221365701, -32.16984330974978 ], [ -52.144823688442152, -32.169874208474837 ], [ -52.145763066088811, -32.170596806664577 ], [ -52.145709431546358, -32.170514205039886 ], [ -52.144545626409737, -32.169450702926866 ], [ -52.143442435261939, -32.168744654275059 ], [ -52.139916236671752, -32.167248956430974 ], [ -52.139657186674853, -32.16672620483893 ], [ -52.139413948640595, -32.166500293690433 ], [ -52.117032691063223, -32.156908326157271 ], [ -52.117023661534205, -32.156905487598053 ], [ -52.117029992402884, -32.156912523926344 ], [ -52.119604238741971, -32.159252747870966 ], [ -52.119642400003677, -32.159294680703368 ], [ -52.119671990198519, -32.159343044581391 ], [ -52.119691952415913, -32.159396112030969 ], [ -52.119701573639986, -32.159451987574592 ], [ -52.119700510217257, -32.159508675434488 ], [ -52.119688800131343, -32.159564150818362 ], [ -52.119666861646252, -32.159616432241457 ], [ -52.119635478366739, -32.159663652301759 ], [ -52.119595771249259, -32.159704124380397 ], [ -52.119549158563366, -32.159736402884725 ], [ -52.119497305233573, -32.159759334882402 ], [ -52.118380203846769, -32.160131702011341 ], [ -52.118371052680281, -32.160135780127419 ], [ -52.118380894631898, -32.160137653858555 ], [ -52.120588569566962, -32.160338351579924 ], [ -52.120646813784482, -32.160349533040105 ], [ -52.120701720173891, -32.160371954064352 ], [ -52.120751142862979, -32.160404738385743 ], [ -52.120793150295583, -32.160446604715084 ], [ -52.120826100721388, -32.160495916816693 ], [ -52.120848706359432, -32.16055074745644 ], [ -52.120860083727642, -32.160608953722587 ], [ -52.12085978817143, -32.1606682607759 ], [ -52.120847831241832, -32.160726350755766 ], [ -52.120824680244084, -32.160780953367691 ], [ -52.120791239974203, -32.160829934611819 ], [ -52.120748817357416, -32.160871380184702 ], [ -52.119994584755453, -32.161474766266274 ], [ -52.119985696035101, -32.161483404282421 ], [ -52.119996891919648, -32.161488721879749 ], [ -52.132636038353098, -32.166060328036529 ], [ -52.132644264165876, -32.166062441124609 ], [ -52.132637856051495, -32.16605686750755 ], [ -52.128888071140082, -32.163378449713676 ], [ -52.128876055790094, -32.163371467187588 ], [ -52.12886294883802, -32.163366848517718 ], [ -52.126936969171268, -32.162885353601027 ], [ -52.126882550903794, -32.16286601935915 ], [ -52.126832845550297, -32.162836616322267 ], [ -52.126789695059045, -32.162798234088768 ], [ -52.126754698472531, -32.162752295002186 ], [ -52.126729152671217, -32.162700501442941 ], [ -52.126714004314586, -32.162644772742659 ], [ -52.12670981476046, -32.162587174058821 ], [ -52.126716739262591, -32.162529839845526 ], [ -52.126734521217323, -32.162474894756308 ], [ -52.126762501672694, -32.162424374910096 ], [ -52.126799643747411, -32.162380152438097 ], [ -52.126844571054917, -32.162343866107562 ], [ -52.126895618708637, -32.162316860593435 ], [ -52.126950895018233, -32.162300136648277 ], [ -52.128234072197188, -32.162043501212487 ], [ -52.128301378728608, -32.162037795054964 ], [ -52.128368255770781, -32.162047291930079 ], [ -52.128431312858723, -32.162071510374822 ], [ -52.135009774036547, -32.16549231018729 ], [ -52.135069137337958, -32.165532892927324 ], [ -52.13511713779171, -32.16558643652435 ], [ -52.136952091422067, -32.16820779885343 ], [ -52.136962385882995, -32.168219550374559 ], [ -52.136977699396084, -32.168222643995904 ], [ -52.138681232083272, -32.168377510603825 ], [ -52.138737382950097, -32.168388078671832 ], [ -52.138790511824205, -32.16840910072316 ], [ -52.138838691541935, -32.168439814217031 ], [ -52.13888017446223, -32.168479105071306 ], [ -52.138913455859502, -32.16852554807403 ], [ -52.138937328505079, -32.168577458580664 ], [ -52.138950926457504, -32.168632953621852 ], [ -52.138953756473121, -32.168690020205048 ], [ -52.138945715897712, -32.168746588332588 ], [ -52.138927096390091, -32.168800606087466 ], [ -52.138898573342672, -32.168850114063311 ], [ -52.138861181382708, -32.168893316438663 ], [ -52.138816276842846, -32.168928646117486 ], [ -52.13876548856237, -32.168954821573031 ], [ -52.138592313133522, -32.169024091744568 ], [ -52.138580212739839, -32.169030394497611 ], [ -52.138584312290838, -32.169043407487422 ], [ -52.139381023371726, -32.170902400009474 ], [ -52.139387976311269, -32.170914999159585 ], [ -52.139400804537459, -32.170921519785779 ], [ -52.147658991829992, -32.174133037066206 ], [ -52.147688225919545, -32.1739093168202 ], [ -52.147607067971357, -32.173701278547981 ], [ -52.141514240512507, -32.169639393575416 ] ] ], [ [ [ -52.130506300567625, -32.102202626323631 ], [ -52.130495472333394, -32.102197507503725 ], [ -52.130497401521353, -32.102209328299267 ], [ -52.131567903768165, -32.106223711724802 ], [ -52.131572573606469, -32.106236306603506 ], [ -52.131585515498905, -32.106239904628104 ], [ -52.133103557887445, -32.106510983626059 ], [ -52.132668528484338, -32.105311838382569 ], [ -52.131302047794918, -32.102680074660007 ], [ -52.130506300567625, -32.102202626323631 ] ] ], [ [ [ -52.148806165413625, -32.129945481153932 ], [ -52.147179152431328, -32.129015759449764 ], [ -52.147132772174182, -32.128983076749826 ], [ -52.147093374977857, -32.128942246025481 ], [ -52.147062370074444, -32.128894727785905 ], [ -52.147040866504888, -32.128842221751732 ], [ -52.147029633448803, -32.128786606056295 ], [ -52.147029072711007, -32.128729870065058 ], [ -52.147039204348992, -32.128674043216321 ], [ -52.147059665955538, -32.128621122428477 ], [ -52.148003897271437, -32.12673265979668 ], [ -52.148008562177253, -32.126720338420164 ], [ -52.147995455393833, -32.126719000551681 ], [ -52.146751204071592, -32.126719000551681 ], [ -52.146593321376258, -32.12681064986473 ], [ -52.145032736877312, -32.126945631414749 ], [ -52.146224489524371, -32.127927074771151 ], [ -52.146268648703142, -32.12797201127762 ], [ -52.146302449213067, -32.128025179390356 ], [ -52.146324400330478, -32.128084234204955 ], [ -52.146333533932399, -32.128146571192367 ], [ -52.146329447194226, -32.128209441067938 ], [ -52.146312320355776, -32.128270071044746 ], [ -52.145860257138956, -32.129400229086784 ], [ -52.145856570087943, -32.129412950897169 ], [ -52.145869305908874, -32.129416589258007 ], [ -52.148804428137041, -32.129950247844953 ], [ -52.14881391753574, -32.129951006436926 ], [ -52.148806165413625, -32.129945481153932 ] ] ], [ [ [ -52.146120475210701, -32.123500223875205 ], [ -52.146122493438945, -32.123485995664844 ], [ -52.146109634779535, -32.1234795792722 ], [ -52.143981691023434, -32.122681600363663 ], [ -52.143969797015238, -32.122678390965881 ], [ -52.143970657862234, -32.122690680254188 ], [ -52.144179582751271, -32.123944229588361 ], [ -52.144183549204463, -32.124001868448218 ], [ -52.144176393366827, -32.124059198762225 ], [ -52.144158380638125, -32.124114094231267 ], [ -52.14413017908462, -32.124164518861122 ], [ -52.144092834661492, -32.124208602474603 ], [ -52.144047732419821, -32.124244710073704 ], [ -52.143996545137071, -32.124271502479367 ], [ -52.143941171276147, -32.124287985999693 ], [ -52.143883664574119, -32.124293549284559 ], [ -52.142836750800612, -32.124293549284559 ], [ -52.142776137636417, -32.124287362225601 ], [ -52.142718024587019, -32.124269056246732 ], [ -52.142664808644845, -32.124239386415738 ], [ -52.142618684811026, -32.124199576525925 ], [ -52.142581555558102, -32.124151268618192 ], [ -52.142554952358587, -32.124096455251681 ], [ -52.142539972516225, -32.124037397316606 ], [ -52.142537233905472, -32.123976530779139 ], [ -52.142546849485981, -32.123916366204973 ], [ -52.142568422643315, -32.123859385205904 ], [ -52.143153227580072, -32.122689775332397 ], [ -52.143158126933351, -32.122676968792241 ], [ -52.143148160514734, -32.122667551699635 ], [ -52.137041259200856, -32.117939628101787 ], [ -52.13711691722137, -32.11806507910029 ], [ -52.136436812816321, -32.117498360252007 ], [ -52.135874203886864, -32.117360202511385 ], [ -52.135167854665561, -32.116852911635362 ], [ -52.136666519751266, -32.119517205121063 ], [ -52.137028422554891, -32.119975290522483 ], [ -52.1370307720575, -32.120164764776582 ], [ -52.137224145790306, -32.120508540301572 ], [ -52.137231928229873, -32.120519800470156 ], [ -52.137241646646935, -32.12052943946032 ], [ -52.14403408833202, -32.126123214965688 ], [ -52.145463353707733, -32.126128709887077 ], [ -52.146120475210701, -32.123500223875205 ] ] ], [ [ [ -52.183031384629793, -32.143691543632507 ], [ -52.178732324592168, -32.14192134244054 ], [ -52.178681396028061, -32.141894387248286 ], [ -52.178636560345687, -32.141858192461143 ], [ -52.178599471633504, -32.141814093385641 ], [ -52.17857149817695, -32.141763716935195 ], [ -52.17855367197933, -32.141708921609577 ], [ -52.17854665068888, -32.141651728930754 ], [ -52.178550693336703, -32.141594248864386 ], [ -52.178565650780477, -32.141538601978517 ], [ -52.179267228236633, -32.139667728762106 ], [ -52.179270768025688, -32.139654755106022 ], [ -52.179266947103393, -32.13964186144824 ], [ -52.17766115160174, -32.13562737269411 ], [ -52.177653966598207, -32.135613852410103 ], [ -52.177639020176407, -32.135610531742969 ], [ -52.17307109927782, -32.135102984976463 ], [ -52.173010072792948, -32.135089661318027 ], [ -52.172953128231548, -32.135063988985515 ], [ -52.172902734299626, -32.135027080946344 ], [ -52.17286107571509, -32.134980537267253 ], [ -52.172829958494084, -32.1349263757469 ], [ -52.17281073165519, -32.134866944438691 ], [ -52.172804228735636, -32.134804819856058 ], [ -52.172804228735636, -32.131045091921663 ], [ -52.172803071881063, -32.131032880006529 ], [ -52.172791834928368, -32.131037799363945 ], [ -52.170620621979189, -32.13224402878015 ], [ -52.170569544498356, -32.132266470772315 ], [ -52.170515194846935, -32.132279067099162 ], [ -52.170459452648458, -32.132281382130444 ], [ -52.170404245686221, -32.132273335803319 ], [ -52.17035148323292, -32.13225520639125 ], [ -52.170302990020588, -32.132227620880229 ], [ -52.170260443134204, -32.132191533285138 ], [ -52.170225314011539, -32.132148191656178 ], [ -52.16887954758338, -32.13012954201394 ], [ -52.168850870565848, -32.130075174374852 ], [ -52.16883387628652, -32.130016103180651 ], [ -52.168829278167422, -32.129954808247618 ], [ -52.168837269238182, -32.129893862744893 ], [ -52.168857514032617, -32.129835825172471 ], [ -52.168889162671682, -32.129783131955072 ], [ -52.169561512249494, -32.128886665851326 ], [ -52.169568185936328, -32.128875682601951 ], [ -52.169553859967095, -32.128870259141465 ], [ -52.169499979411299, -32.128843402219573 ], [ -52.169452546136846, -32.128806328063867 ], [ -52.169413470338903, -32.12876052969532 ], [ -52.169384325646988, -32.128707851469457 ], [ -52.169366285752986, -32.128650414801982 ], [ -52.169365506513699, -32.128642899033679 ], [ -52.159675456943702, -32.13477679771983 ], [ -52.159341785273149, -32.135062802008875 ], [ -52.159331167156822, -32.135074099719645 ], [ -52.159329499473841, -32.135089514047237 ], [ -52.159329499473841, -32.138023274780998 ], [ -52.1593308028121, -32.138036727630649 ], [ -52.159343652576105, -32.138040918265432 ], [ -52.161741698775963, -32.138573817420948 ], [ -52.161754647377158, -32.138575486969103 ], [ -52.16176545739021, -32.138568165952677 ], [ -52.164439327985725, -32.136380453647263 ], [ -52.16448798256188, -32.136348009823948 ], [ -52.164542006969967, -32.136325621595269 ], [ -52.164599348360845, -32.136314139681453 ], [ -52.164657827844827, -32.136314000378562 ], [ -52.164715223286358, -32.136325208979905 ], [ -52.164769353741903, -32.13634733957489 ], [ -52.164818162332679, -32.136379551233006 ], [ -52.164859794403036, -32.136420619957974 ], [ -52.164892667994678, -32.136468985197816 ], [ -52.166329461980851, -32.139103107505797 ], [ -52.16633688610473, -32.139114069749574 ], [ -52.166349240754755, -32.139109310440141 ], [ -52.166546982179128, -32.139010439727954 ], [ -52.166601663492301, -32.138989488625725 ], [ -52.166659373094156, -32.138979559046234 ], [ -52.16671791225226, -32.138981029305874 ], [ -52.166775050628139, -32.138993843387837 ], [ -52.166828611253045, -32.139017513076354 ], [ -52.166876553470324, -32.139051136557697 ], [ -52.166917050684326, -32.139093432779191 ], [ -52.166948559953575, -32.13914279025731 ], [ -52.166969880776783, -32.139197328475035 ], [ -52.166980200831837, -32.139254969529489 ], [ -52.166979126925241, -32.139313517299897 ], [ -52.166966699972782, -32.139370741119656 ], [ -52.166943393440619, -32.139424460764602 ], [ -52.166073779093182, -32.140989766589996 ], [ -52.166069270023712, -32.141000077703879 ], [ -52.166080042812993, -32.140996822279448 ], [ -52.171423989225786, -32.1388106623833 ], [ -52.17148241948226, -32.138793441036761 ], [ -52.171543123950329, -32.138788377717191 ], [ -52.171603599805245, -32.138795681183552 ], [ -52.171661353647906, -32.138815050316389 ], [ -52.17171400430685, -32.138845686532889 ], [ -52.171759381013167, -32.138886326712175 ], [ -52.17179561290056, -32.138935295273363 ], [ -52.171821206140528, -32.138990573259186 ], [ -52.171835105532423, -32.139049881576931 ], [ -52.171836738008999, -32.139110774964657 ], [ -52.171826036263795, -32.139170742808524 ], [ -52.171460837125849, -32.140448939791341 ], [ -52.17145837678548, -32.140462511328579 ], [ -52.171470043612914, -32.140469868300443 ], [ -52.173732329085951, -32.141601011036961 ], [ -52.173783039023697, -32.141633073246517 ], [ -52.173826355062637, -32.141674584736947 ], [ -52.173860544810026, -32.141723885287057 ], [ -52.173884240872333, -32.141779003158014 ], [ -52.173896495543168, -32.141837733951554 ], [ -52.173896818706091, -32.141897728773273 ], [ -52.173885197436441, -32.141956588174899 ], [ -52.173862096518242, -32.142011958118424 ], [ -52.173828439855555, -32.142061624124139 ], [ -52.173785573521563, -32.142103599837093 ], [ -52.172815178321081, -32.142879915997483 ], [ -52.172806009163175, -32.142888774275065 ], [ -52.172814144006928, -32.142898590937129 ], [ -52.174680269453724, -32.144764716383925 ], [ -52.174691268525152, -32.144773743088564 ], [ -52.174705428887172, -32.144775137762487 ], [ -52.176024051223251, -32.144775137762487 ], [ -52.176037019736079, -32.144773914932486 ], [ -52.176039102510352, -32.144761056484228 ], [ -52.176239025214713, -32.141762215918767 ], [ -52.176248809235034, -32.141703686507462 ], [ -52.176269922502698, -32.141648227973675 ], [ -52.17630153892145, -32.141598010236706 ], [ -52.176342421439522, -32.141554998159826 ], [ -52.176390970451614, -32.141520874671343 ], [ -52.176445286386432, -32.141496974916826 ], [ -52.176503244031011, -32.14148423401906 ], [ -52.176562575683654, -32.141483150489606 ], [ -52.176620959882008, -32.141493766723592 ], [ -52.176676112234652, -32.141515667340911 ], [ -52.176725874802202, -32.141547995438785 ], [ -52.176768300530739, -32.141589486119656 ], [ -52.17680172943394, -32.14163851598272 ], [ -52.177916922495235, -32.143683036595093 ], [ -52.177925591360896, -32.143695532986342 ], [ -52.177940712992182, -32.143697159421542 ], [ -52.183030273685311, -32.143697159421542 ], [ -52.183040118015128, -32.143696189097021 ], [ -52.183031384629793, -32.143691543632507 ] ], [ [ -52.168667052726477, -32.138662911729398 ], [ -52.168613526473081, -32.138690963856682 ], [ -52.168555464151673, -32.138707719407414 ], [ -52.168495221790387, -32.138712498481979 ], [ -52.168435243878079, -32.138705107157143 ], [ -52.168377964172926, -32.138685845354921 ], [ -52.168325706946383, -32.138655494672527 ], [ -52.16828059266993, -32.138615286667012 ], [ -52.165875590553249, -32.13599164799426 ], [ -52.16584134327595, -32.135946328668808 ], [ -52.165816252472844, -32.135895366242828 ], [ -52.165801217709792, -32.135840587842317 ], [ -52.165796778019349, -32.135783957405181 ], [ -52.165803092575132, -32.13572750526928 ], [ -52.165819934985073, -32.135673255379977 ], [ -52.165846701408114, -32.135623152726758 ], [ -52.165882432203375, -32.135578993610693 ], [ -52.165925846335597, -32.135542361242685 ], [ -52.165975387303334, -32.13551456898157 ], [ -52.166029278943299, -32.135496613247 ], [ -52.168528105425509, -32.134919960981875 ], [ -52.168584500276665, -32.13491248239329 ], [ -52.168641292942084, -32.13491578416226 ], [ -52.168696441215253, -32.134929747560527 ], [ -52.168747962020305, -32.134953870478476 ], [ -52.168794002721469, -32.134987285480506 ], [ -52.168832907741923, -32.135028790997097 ], [ -52.168863278096673, -32.13507689453207 ], [ -52.168884021698631, -32.135129866331184 ], [ -52.16889439262895, -32.135185801582402 ], [ -52.168894017959524, -32.135242688910928 ], [ -52.168882911163088, -32.135298482706254 ], [ -52.168227130296373, -32.137484418928629 ], [ -52.168224483771681, -32.137498065430769 ], [ -52.168236234988981, -32.137505491062299 ], [ -52.168928513695995, -32.13785163041581 ], [ -52.168976597914956, -32.137881661367885 ], [ -52.16901817394556, -32.137920202046061 ], [ -52.169051757084574, -32.13796587614123 ], [ -52.169076148059368, -32.138017052605981 ], [ -52.169090475854638, -32.138071903900205 ], [ -52.169094228816803, -32.138128471253602 ], [ -52.169087272925516, -32.138184734614434 ], [ -52.169069856579519, -32.1382386847867 ], [ -52.16904260172624, -32.138288395179664 ], [ -52.169006481651699, -32.138332090607463 ], [ -52.168713870946348, -32.138624701312814 ], [ -52.168667052726477, -32.138662911729398 ] ], [ [ -52.171561120241002, -32.133675296406835 ], [ -52.171588141677709, -32.133621599077657 ], [ -52.171625326187275, -32.133574366954569 ], [ -52.171671180786355, -32.133535496439436 ], [ -52.171723864381597, -32.133506548209866 ], [ -52.171781261690839, -32.133488684556973 ], [ -52.17184106817308, -32.133482622718567 ], [ -52.171900882557388, -32.133488606081578 ], [ -52.171958303255558, -32.133506394409913 ], [ -52.172011024787508, -32.133535273490089 ], [ -52.172056930347878, -32.133574083807403 ], [ -52.172094176797202, -32.133621267101226 ], [ -52.172121268665208, -32.133674928930219 ], [ -52.173031476411026, -32.136041469069333 ], [ -52.173046612197204, -32.136095379018549 ], [ -52.173051466063313, -32.136151162659807 ], [ -52.173045868912823, -32.136206876630716 ], [ -52.173030015736437, -32.136260579996033 ], [ -52.172610167269241, -32.137310201164027 ], [ -52.172582745716738, -32.137362912005514 ], [ -52.172545473578204, -32.137409184697688 ], [ -52.172499812904761, -32.137447204130261 ], [ -52.172447554799426, -32.137475478938455 ], [ -52.172390749158581, -32.137492900003863 ], [ -52.172331624261972, -32.137498783961121 ], [ -52.171271904765504, -32.137498783961121 ], [ -52.171214398063476, -32.137493220676255 ], [ -52.171159024202552, -32.137476737155929 ], [ -52.171107836919802, -32.137449944750266 ], [ -52.171062734678138, -32.137413837151165 ], [ -52.171025390255004, -32.137369753537691 ], [ -52.170997188701499, -32.137319328907829 ], [ -52.170979175972796, -32.137264433438794 ], [ -52.17097202013516, -32.137207103124787 ], [ -52.170975986588353, -32.13714946426493 ], [ -52.171545346806198, -32.133733302957822 ], [ -52.171561120241002, -32.133675296406835 ] ] ], [ [ [ -52.169040254462189, -32.124574231269619 ], [ -52.16903166629848, -32.124565377668546 ], [ -52.169026161498515, -32.124576415783736 ], [ -52.167749339131582, -32.127896153937762 ], [ -52.167725197070922, -32.127945096195774 ], [ -52.167692588311233, -32.127988855223457 ], [ -52.167652591906702, -32.128025982993883 ], [ -52.167606531375547, -32.128055250914592 ], [ -52.167555930903603, -32.128075690482859 ], [ -52.167502464907543, -32.128086625334376 ], [ -52.165272279474607, -32.128334423715813 ], [ -52.165258883858975, -32.128337192468791 ], [ -52.165247415735102, -32.128344648382452 ], [ -52.160892895662315, -32.131791976773421 ], [ -52.160844369794731, -32.13182330164701 ], [ -52.16079074039105, -32.131844746800077 ], [ -52.160733995318978, -32.1318555173305 ], [ -52.160676237933941, -32.131855214009704 ], [ -52.160619609114512, -32.13184384808082 ], [ -52.160566207906996, -32.131821840841887 ], [ -52.160518013720619, -32.131790008029732 ], [ -52.160476812957263, -32.131749529583267 ], [ -52.160444132795327, -32.131701905906951 ], [ -52.160421184582226, -32.131648902255712 ], [ -52.160408818933632, -32.131592483302647 ], [ -52.1604061778906, -32.131570460054512 ], [ -52.160397378051286, -32.131559803322432 ], [ -52.159176453897402, -32.130338879168541 ], [ -52.15913840353592, -32.130292303072807 ], [ -52.159110408179231, -32.130239073168553 ], [ -52.15909359298022, -32.130181328802728 ], [ -52.159088633753449, -32.130121390761609 ], [ -52.1590957298137, -32.130061667996841 ], [ -52.159562146877647, -32.127962791209093 ], [ -52.159581659757009, -32.127904243998685 ], [ -52.15961273969706, -32.127850928282108 ], [ -52.159654071488561, -32.12780510021954 ], [ -52.159703906094876, -32.127768699116245 ], [ -52.159760134665902, -32.127743265357019 ], [ -52.162010665868472, -32.126993088289495 ], [ -52.162019913081899, -32.12698897528449 ], [ -52.162010009340115, -32.126986891138465 ], [ -52.160563143507382, -32.126826128268164 ], [ -52.154627491422659, -32.130589261892311 ], [ -52.153842027403527, -32.130777874154461 ], [ -52.15931613684613, -32.132374489408555 ], [ -52.159350332204589, -32.132381103612502 ], [ -52.159404954243847, -32.132397171896983 ], [ -52.159455556745669, -32.132423270627754 ], [ -52.159500317032162, -32.132458459741017 ], [ -52.159537622859212, -32.132501471741747 ], [ -52.159566130488777, -32.132550757358267 ], [ -52.159584813089687, -32.132604541346232 ], [ -52.159592997723593, -32.132660886432149 ], [ -52.159590389583904, -32.13271776309297 ], [ -52.159577082614547, -32.132773122658584 ], [ -52.159553556126212, -32.132824971103936 ], [ -52.159520657531736, -32.132871440872819 ], [ -52.159479571822757, -32.132910858146403 ], [ -52.158801877224718, -32.13344736636985 ], [ -52.158792671688019, -32.133456225341476 ], [ -52.158802942044424, -32.133463824227213 ], [ -52.159860333978017, -32.134098259387365 ], [ -52.159905973295331, -32.134131889774075 ], [ -52.15994447092806, -32.134173505666112 ], [ -52.159974452104258, -32.134221620936756 ], [ -52.159994846179416, -32.134274517362861 ], [ -52.160004924869725, -32.134330305983539 ], [ -52.160004328259532, -32.134386994556039 ], [ -52.159999358136972, -32.134411540844418 ], [ -52.171112142950356, -32.127164091879834 ], [ -52.169040254462189, -32.124574231269619 ] ] ], [ [ [ -52.159967820502111, -32.126759981267575 ], [ -52.15990981958759, -32.126747639965693 ], [ -52.159855379251965, -32.126724131165766 ], [ -52.15980662654799, -32.126690373386324 ], [ -52.159765466305473, -32.126647685586512 ], [ -52.159733506707134, -32.126597735632643 ], [ -52.159711996454902, -32.126542475132588 ], [ -52.159701775981532, -32.126484063183966 ], [ -52.159703244613844, -32.126424782015491 ], [ -52.159716344970519, -32.126366947817367 ], [ -52.160133162666519, -32.125116494729376 ], [ -52.16013515781696, -32.125107581500899 ], [ -52.160129122858464, -32.125114437559802 ], [ -52.158930861229081, -32.126792003840933 ], [ -52.15889274531267, -32.126835720210323 ], [ -52.158846929547948, -32.126871285076966 ], [ -52.158795126397905, -32.126897369127299 ], [ -52.158739272116954, -32.126912997413712 ], [ -52.15868145437927, -32.126917585795297 ], [ -52.15862383424745, -32.126910962771397 ], [ -52.158568565398149, -32.126893375891825 ], [ -52.157163238824474, -32.126291093074535 ], [ -52.157113632892184, -32.126264044748048 ], [ -52.15706997829033, -32.12622817503631 ], [ -52.157033823476972, -32.126184756262091 ], [ -52.157006450887636, -32.126135328518501 ], [ -52.156988831446455, -32.126081645040813 ], [ -52.156981590126868, -32.126025610018068 ], [ -52.156984983783325, -32.125969211050176 ], [ -52.156998892040569, -32.125914448646427 ], [ -52.158247121780462, -32.122419405374735 ], [ -52.158250369015157, -32.122406992983009 ], [ -52.158249181272886, -32.122394217957826 ], [ -52.157176085924782, -32.11649219354323 ], [ -52.157172533371721, -32.116479581222684 ], [ -52.157159436029261, -32.116479969658059 ], [ -52.155032693502982, -32.116745812473845 ], [ -52.155021997972682, -32.116748269060309 ], [ -52.155031722132364, -32.116753355306876 ], [ -52.155989600962641, -32.117136506838982 ], [ -52.15604452627371, -32.117165389741217 ], [ -52.156092333951563, -32.117204955354786 ], [ -52.156130978352472, -32.117253510705844 ], [ -52.156158805920398, -32.117308978158476 ], [ -52.156174625940956, -32.117368984314723 ], [ -52.156177761490973, -32.117430961569937 ], [ -52.156168078403326, -32.117492257978085 ], [ -52.156145991007854, -32.117550250725898 ], [ -52.156112444402574, -32.117602458360516 ], [ -52.154473868411962, -32.119650678348783 ], [ -52.154434314225391, -32.119691500848816 ], [ -52.15438777005501, -32.119724129829613 ], [ -52.154335906841801, -32.119747393907069 ], [ -52.154280586480986, -32.119760457898167 ], [ -52.154223794979778, -32.119762852804151 ], [ -52.154167571159498, -32.119754492647623 ], [ -52.154113933461652, -32.119735677559149 ], [ -52.154064807485668, -32.119707083002538 ], [ -52.154021956859637, -32.119669735525612 ], [ -52.153986919925885, -32.119624975907001 ], [ -52.153960954514304, -32.1195744110221 ], [ -52.153944992786101, -32.119519856155982 ], [ -52.153939607769125, -32.119463269834519 ], [ -52.153939607769125, -32.117301978599642 ], [ -52.153938149805462, -32.117287711265938 ], [ -52.153925239707945, -32.117281465318904 ], [ -52.151868599493447, -32.116533596149999 ], [ -52.151826547754354, -32.116524880555254 ], [ -52.149315048177691, -32.116374110962646 ], [ -52.149255159898559, -32.116364368863628 ], [ -52.149198456760438, -32.1163427756101 ], [ -52.149147258245812, -32.116310214489559 ], [ -52.149103658666597, -32.11626801743796 ], [ -52.148374978192138, -32.115403678162799 ], [ -52.14739692722997, -32.115676333087848 ], [ -52.145595950569806, -32.117277201230209 ], [ -52.145587565316951, -32.117286220091891 ], [ -52.14559882528404, -32.117291206620834 ], [ -52.147759482669969, -32.118011425749479 ], [ -52.147815856122783, -32.118036944029107 ], [ -52.147865794827965, -32.118073485437151 ], [ -52.147907174088495, -32.118119495279316 ], [ -52.147938233378312, -32.118173016016357 ], [ -52.147957651245854, -32.118231770549777 ], [ -52.147964601536621, -32.118293259103474 ], [ -52.147958788542873, -32.118354865579441 ], [ -52.147474786258719, -32.120774877000208 ], [ -52.14747340340989, -32.120789567144264 ], [ -52.147483291889635, -32.120800518426051 ], [ -52.149949024957756, -32.123019678187354 ], [ -52.149988127626223, -32.123062389548203 ], [ -52.150018295963818, -32.123111817783396 ], [ -52.150038405938815, -32.123166121263331 ], [ -52.150047708280582, -32.123223276713333 ], [ -52.150045856396375, -32.12328115459816 ], [ -52.150032919284904, -32.123337598465618 ], [ -52.150009378965549, -32.123390505293081 ], [ -52.149976112518978, -32.123437903843268 ], [ -52.148559438968334, -32.125090689652353 ], [ -52.148553919964698, -32.125098601165035 ], [ -52.148562776082628, -32.125094777474594 ], [ -52.150741033167982, -32.123884634649393 ], [ -52.150798395777379, -32.123860180309023 ], [ -52.150859574729182, -32.123848113015384 ], [ -52.150921926763864, -32.123848954140406 ], [ -52.150982757938394, -32.123862667342983 ], [ -52.15103944001909, -32.123888660139045 ], [ -52.151089524035427, -32.123925809500115 ], [ -52.151130846088705, -32.123972510374116 ], [ -52.151512902460716, -32.124507389294934 ], [ -52.152002761236339, -32.124279305445263 ], [ -52.151635348741095, -32.124678814087474 ], [ -52.15216079671707, -32.125414441253838 ], [ -52.15218896341834, -32.125462876498794 ], [ -52.152207632346531, -32.125515704589183 ], [ -52.152216152301207, -32.125571082801379 ], [ -52.152214226093484, -32.125627079459655 ], [ -52.15220192091239, -32.125681741315937 ], [ -52.152179665981237, -32.125733161682071 ], [ -52.152148237585664, -32.125779546937977 ], [ -52.152108731995604, -32.125819279095836 ], [ -52.15151581842705, -32.126313373736295 ], [ -52.151466461673252, -32.126346795812246 ], [ -52.151411471300086, -32.126369799793743 ], [ -52.151353018281227, -32.126381477502946 ], [ -52.151293410292695, -32.126381367913716 ], [ -52.151235000607755, -32.126369475352547 ], [ -52.151180095191641, -32.126346269327748 ], [ -52.151130861663994, -32.126312665993659 ], [ -52.151089243723085, -32.126269991981651 ], [ -52.151056884410224, -32.126219932025833 ], [ -52.151035061243853, -32.12616446245115 ], [ -52.151024635784239, -32.126105773149753 ], [ -52.151026019619756, -32.126046181125915 ], [ -52.151039158117733, -32.125988039022609 ], [ -52.151240152403368, -32.125385056165705 ], [ -52.151242918663627, -32.12537306653838 ], [ -52.151230678509329, -32.125374324306989 ], [ -52.150584424032104, -32.125503575202437 ], [ -52.149830799794024, -32.125873384398709 ], [ -52.149362240946161, -32.127513340366257 ], [ -52.149359928968963, -32.12752602319793 ], [ -52.149372819771145, -32.127525859868392 ], [ -52.151542609695809, -32.127284772098982 ], [ -52.151600785783671, -32.127283984603871 ], [ -52.151658019818427, -32.127294441305722 ], [ -52.151712159115242, -32.127315748907371 ], [ -52.151761167388479, -32.127347105987944 ], [ -52.151803201340407, -32.12738733314584 ], [ -52.151836679991277, -32.127434917358386 ], [ -52.151860344143053, -32.127488068889583 ], [ -52.152317805049591, -32.128860451609192 ], [ -52.152323504936064, -32.128873092894843 ], [ -52.152336836917584, -32.128869278569617 ], [ -52.1530392061591, -32.128588330873015 ], [ -52.153094554931585, -32.128572159898411 ], [ -52.153151975113005, -32.128566876925682 ], [ -52.153209345354938, -32.128572677130563 ], [ -52.153264546153913, -32.128589346228537 ], [ -52.153315538155049, -32.128616268391447 ], [ -52.153360437494527, -32.128652448998814 ], [ -52.15339758539767, -32.12869655138342 ], [ -52.153425609461181, -32.128746946213511 ], [ -52.15344347435564, -32.128801771687343 ], [ -52.153450520075019, -32.128859002316155 ], [ -52.153446486320142, -32.128916523754391 ], [ -52.15343152211527, -32.128972210912764 ], [ -52.152867051735861, -32.13047746525784 ], [ -52.152863515488427, -32.130490980610872 ], [ -52.152876454457676, -32.130496248711921 ], [ -52.153298561901863, -32.13061936338314 ], [ -52.154741310903802, -32.130161590248889 ], [ -52.157289841921667, -32.128742061825157 ], [ -52.160349522430117, -32.126802392592907 ], [ -52.159967820502111, -32.126759981267575 ] ], [ [ -52.15334424083666, -32.120151925111188 ], [ -52.153398327645434, -32.120132709631527 ], [ -52.153455084100607, -32.12012414678518 ], [ -52.15351243252649, -32.120126550031067 ], [ -52.153568273577186, -32.120139831393899 ], [ -52.153620563087088, -32.120163504684676 ], [ -52.15366738690134, -32.120196703298511 ], [ -52.153707030947061, -32.120238211938343 ], [ -52.153738043980155, -32.120286511103146 ], [ -52.153759290710809, -32.120339832712069 ], [ -52.153769993362893, -32.120396224828362 ], [ -52.153769760145913, -32.120453623113633 ], [ -52.153758599597211, -32.120509926396785 ], [ -52.153736920269431, -32.120563073591342 ], [ -52.153705515774746, -32.120611119145302 ], [ -52.152234789156402, -32.122449527418233 ], [ -52.152194621070947, -32.122490872219068 ], [ -52.152147286942387, -32.122523771275581 ], [ -52.152094534382336, -32.122547009929868 ], [ -52.152038311054945, -32.122559730193352 ], [ -52.151980692767737, -32.122561462424336 ], [ -52.151923806831171, -32.122552142667566 ], [ -52.151869753516777, -32.122532115015453 ], [ -52.151820528513568, -32.122502118903967 ], [ -52.151300117556303, -32.122111810686022 ], [ -52.151258650978036, -32.122074178061631 ], [ -52.151224900520596, -32.122029494752063 ], [ -52.151200042084234, -32.12197931756927 ], [ -52.151184941762168, -32.121925394737325 ], [ -52.151180125664958, -32.121869604982543 ], [ -52.151185761590348, -32.121813892076709 ], [ -52.151201653176955, -32.121760197114121 ], [ -52.151227246745734, -32.121710390881901 ], [ -52.151261650590733, -32.121666208679819 ], [ -52.151303666046999, -32.121629189860734 ], [ -52.153294803622607, -32.120181089805747 ], [ -52.15334424083666, -32.120151925111188 ] ] ], [ [ [ -52.169462890176611, -32.115478454355525 ], [ -52.169152816602775, -32.115434280977475 ], [ -52.168698081346314, -32.114961127007142 ], [ -52.168695437434437, -32.114753637876809 ], [ -52.168021136557506, -32.114116798159706 ], [ -52.167981746875164, -32.114071292749195 ], [ -52.167952233032679, -32.114018840651404 ], [ -52.167933782893172, -32.113961552940566 ], [ -52.167147775860457, -32.110293520121225 ], [ -52.167143897343891, -32.110281172841013 ], [ -52.167130965219449, -32.110281681149132 ], [ -52.163663577414738, -32.110743999523095 ], [ -52.163604607263636, -32.110746008335724 ], [ -52.163546384517588, -32.110736436194266 ], [ -52.16349116143558, -32.110715653382556 ], [ -52.163441074239117, -32.110684463852259 ], [ -52.163398060475743, -32.11064407412325 ], [ -52.163363784067904, -32.110596046611185 ], [ -52.163339570946675, -32.110542239187815 ], [ -52.16332635776007, -32.110484733312035 ], [ -52.163324655640253, -32.110425753511791 ], [ -52.163334530431158, -32.110367581331545 ], [ -52.163355600141415, -32.110312467074237 ], [ -52.164173810949556, -32.108676045457955 ], [ -52.164178086940765, -32.108664871188132 ], [ -52.164166420261552, -32.10866752392306 ], [ -52.161769510250714, -32.109466493926675 ], [ -52.161756213570555, -32.109472495370888 ], [ -52.161751499806208, -32.109486301147221 ], [ -52.161041058203338, -32.112564881426316 ], [ -52.161023026166013, -32.112618945434363 ], [ -52.160995095258798, -32.112668623757187 ], [ -52.160958273499233, -32.112712123519934 ], [ -52.1609138897729, -32.112747874830021 ], [ -52.160863545874342, -32.11277458743406 ], [ -52.160809058698824, -32.112791297282662 ], [ -52.160752394671157, -32.11279740132273 ], [ -52.160695598778055, -32.112792679261396 ], [ -52.160640720765215, -32.112777301516346 ], [ -52.160589741162632, -32.112751823065508 ], [ -52.158803409359052, -32.111635365688272 ], [ -52.158792044802205, -32.11162977360555 ], [ -52.158792023872458, -32.111642439469279 ], [ -52.15905856720839, -32.114307872828675 ], [ -52.159061151038941, -32.114320892005146 ], [ -52.159074419157754, -32.114321255543302 ], [ -52.166692009973701, -32.113795904452552 ], [ -52.166746880609296, -32.113797152771077 ], [ -52.166800605549426, -32.113808376663364 ], [ -52.166851386593507, -32.113829200460131 ], [ -52.166897524074642, -32.113858927178498 ], [ -52.166937473748277, -32.11389656185036 ], [ -52.166969898478897, -32.113940844824448 ], [ -52.169293040650757, -32.117812748444209 ], [ -52.169301730248492, -32.117824398386418 ], [ -52.169315492721097, -32.117829070068176 ], [ -52.172686436922504, -32.118606980268503 ], [ -52.172737962788474, -32.118571578488954 ], [ -52.169462890176611, -32.115478454355525 ] ], [ [ -52.166343525016018, -32.112219939239552 ], [ -52.1663400903509, -32.112280134509909 ], [ -52.16632468840821, -32.112338427285266 ], [ -52.166297941301075, -32.11239246301195 ], [ -52.16626092939493, -32.112440059086381 ], [ -52.166215147669547, -32.112479293014538 ], [ -52.166162445334017, -32.11250858006504 ], [ -52.166104951133754, -32.112526737279424 ], [ -52.166044987366512, -32.112533031253996 ], [ -52.165984976080445, -32.112527207763421 ], [ -52.165881527461082, -32.112506518039545 ], [ -52.165825675063139, -32.112489556457994 ], [ -52.165774164450845, -32.112462100266974 ], [ -52.165728945693267, -32.112425188892466 ], [ -52.165691730664847, -32.112380219711191 ], [ -52.165663928237919, -32.112328895149226 ], [ -52.165646590946125, -32.112273158232213 ], [ -52.16564037513804, -32.112215119027063 ], [ -52.165645516129352, -32.11215697475982 ], [ -52.165661819294364, -32.112100926633936 ], [ -52.165722296948758, -32.111949732497948 ], [ -52.165748927893745, -32.111898237721931 ], [ -52.165784966128541, -32.111852826656978 ], [ -52.165829065857665, -32.111815195113309 ], [ -52.165879580240826, -32.111786748386223 ], [ -52.165934622891804, -32.111768548777398 ], [ -52.165992138322792, -32.111761275924771 ], [ -52.166049978703633, -32.111765201422457 ], [ -52.166105984069368, -32.111780178678444 ], [ -52.166158062981012, -32.111805648388888 ], [ -52.166204270627304, -32.111840659424459 ], [ -52.166242881450856, -32.111883904348922 ], [ -52.166272453586593, -32.111933768243439 ], [ -52.166291882706069, -32.111988389013334 ], [ -52.166334853671039, -32.112160272873197 ], [ -52.166343525016018, -32.112219939239552 ] ] ], [ [ [ -52.187074604954169, -32.065267233227566 ], [ -52.184334067575989, -32.063772394657647 ], [ -52.184329343921505, -32.063769925988467 ], [ -52.184127384707914, -32.063668905445105 ], [ -52.18411423078436, -32.063663871288362 ], [ -52.184101375424824, -32.063669625258335 ], [ -52.183096822908119, -32.06424365526788 ], [ -52.18304312431421, -32.064267695581322 ], [ -52.182985766437163, -32.064280793275756 ], [ -52.182926955309156, -32.064282444602846 ], [ -52.182868952855614, -32.064272586051167 ], [ -52.182813989899657, -32.0642515967889 ], [ -52.182764180362767, -32.064220284080719 ], [ -52.182721439961618, -32.064179852239704 ], [ -52.182687412527962, -32.06413185630845 ], [ -52.182663406785501, -32.064078142250821 ], [ -52.182650346015272, -32.064020775954617 ], [ -52.182648732545474, -32.063961963775832 ], [ -52.182658628431525, -32.063903967680297 ], [ -52.182679653069314, -32.063849018246593 ], [ -52.18303474219644, -32.063138839992327 ], [ -52.183039560119632, -32.063126249896456 ], [ -52.183028152888141, -32.063119066723971 ], [ -52.182845429766644, -32.063027668125756 ], [ -52.182840396850608, -32.063025266561482 ], [ -52.180212373314546, -32.061830710408728 ], [ -52.180165524138552, -32.061804100768995 ], [ -52.18012419018654, -32.061769540349019 ], [ -52.180089704670536, -32.061728143882945 ], [ -52.180063179908679, -32.061681246599157 ], [ -52.180045471447791, -32.061630361153 ], [ -52.179762851316838, -32.060499880629173 ], [ -52.179753408327954, -32.060473166897523 ], [ -52.179335153016915, -32.059572094731685 ], [ -52.179326726076205, -32.059558230302983 ], [ -52.179313140653257, -32.059549360579283 ], [ -52.178213477011674, -32.058995136723006 ], [ -52.178209400373078, -32.058993158764345 ], [ -52.171469135181702, -32.055847701675035 ], [ -52.171456662304713, -32.055843210578651 ], [ -52.171443670939958, -32.055845850095508 ], [ -52.168776066866172, -32.056646131317642 ], [ -52.16876974487549, -32.056648734486174 ], [ -52.168776579666051, -32.05664856217674 ], [ -52.170306223339665, -32.056457356717544 ], [ -52.170367072844044, -32.056455972874552 ], [ -52.170426949317175, -32.056466899226606 ], [ -52.170483388125547, -32.056489686023539 ], [ -52.170534066136668, -32.056523395315928 ], [ -52.170576897343821, -32.056566639562917 ], [ -52.170610118730195, -32.056617638746168 ], [ -52.170632362838106, -32.056674293638871 ], [ -52.170642714056285, -32.056734272214101 ], [ -52.170640746308209, -32.056795105635601 ], [ -52.170626540590256, -32.056854289879972 ], [ -52.170600681637751, -32.056909388807185 ], [ -52.170116708960869, -32.057716009935334 ], [ -52.170111110615117, -32.057727771012999 ], [ -52.170122684237583, -32.057733747273026 ], [ -52.174139975942246, -32.059340663954899 ], [ -52.174151839171913, -32.059344286457176 ], [ -52.174164233125623, -32.059343787809745 ], [ -52.175857306842161, -32.059132153595179 ], [ -52.175916394855825, -32.059130635736757 ], [ -52.175974633606288, -32.059140732528164 ], [ -52.176029762331751, -32.059162052023495 ], [ -52.176079640998033, -32.059193766624283 ], [ -52.176122333372248, -32.059234645205919 ], [ -52.17615618218516, -32.059283100908544 ], [ -52.176179873464505, -32.059337252737095 ], [ -52.176192487541861, -32.059394998579414 ], [ -52.176193534753153, -32.059454096807826 ], [ -52.176182974446824, -32.059512253296568 ], [ -52.175772594545691, -32.060948582950509 ], [ -52.175770351631094, -32.060960694443757 ], [ -52.175782531123645, -32.060958856266531 ], [ -52.176652301614965, -32.060741413643697 ], [ -52.176709258159292, -32.060732872967868 ], [ -52.176766797172533, -32.060735373575959 ], [ -52.176822798028084, -32.060748823306916 ], [ -52.176875196788849, -32.060772726464776 ], [ -52.176922062274585, -32.060806202087733 ], [ -52.176961667236419, -32.060848016416422 ], [ -52.176992552015399, -32.060896628364674 ], [ -52.177013578338894, -32.060950246316942 ], [ -52.177023971272163, -32.061006894159121 ], [ -52.177023347778899, -32.061064484109131 ], [ -52.177011730838231, -32.061120893663066 ], [ -52.176989548597817, -32.061174043821062 ], [ -52.176957618594244, -32.061221975709799 ], [ -52.176917117622374, -32.061262922777615 ], [ -52.176318388416206, -32.061761863782763 ], [ -52.176309149984668, -32.061771146462803 ], [ -52.176313438104962, -32.061783520984619 ], [ -52.177649313047127, -32.064722445857385 ], [ -52.177656015230369, -32.064734143466069 ], [ -52.177668890042462, -32.064738142531141 ], [ -52.182760942455715, -32.065810153565501 ], [ -52.182775071831102, -32.065811688455028 ], [ -52.182786068285019, -32.065802684392722 ], [ -52.183419773223086, -32.065168979454661 ], [ -52.183466870325965, -32.065130585100405 ], [ -52.183520738011737, -32.065102468628922 ], [ -52.183579166350484, -32.065085783522697 ], [ -52.183639758310818, -32.065081214290707 ], [ -52.183700028098464, -32.065088948386396 ], [ -52.183757503136299, -32.065108668517325 ], [ -52.183809825502273, -32.065139565662143 ], [ -52.183854848663429, -32.065180372260848 ], [ -52.183890725537822, -32.065229414216581 ], [ -52.18391598427128, -32.06528467957574 ], [ -52.183929588620458, -32.065343901068644 ], [ -52.184121189796656, -32.066876710478255 ], [ -52.184124011375616, -32.0668892315365 ], [ -52.184135822920794, -32.066884209026455 ], [ -52.187074604954169, -32.065281237008257 ], [ -52.187084911278447, -32.065274235117911 ], [ -52.187074604954169, -32.065267233227566 ] ], [ [ -52.178404618353731, -32.062906028619686 ], [ -52.178434116355625, -32.062852488114764 ], [ -52.178473854763475, -32.062806038392225 ], [ -52.178522183674886, -32.062768608002102 ], [ -52.178577096517607, -32.062741751020006 ], [ -52.17863631336057, -32.062726582523297 ], [ -52.178697375574551, -32.062723732294103 ], [ -52.178757747912208, -32.062733318671334 ], [ -52.178814923769238, -32.062754943637373 ], [ -52.179052787163087, -32.062873875334297 ], [ -52.179102076208189, -32.062904832576393 ], [ -52.179144459749935, -32.062944724883849 ], [ -52.179178342396078, -32.062992050638947 ], [ -52.17920244874329, -32.063045028415694 ], [ -52.17921587138558, -32.063101664035926 ], [ -52.179218105070717, -32.063159825633704 ], [ -52.179209065718794, -32.06321732390257 ], [ -52.179189093587176, -32.063271994504944 ], [ -52.179158940462578, -32.063321779541674 ], [ -52.179119741362491, -32.063364805015027 ], [ -52.179072971811067, -32.063399451369307 ], [ -52.178775642568752, -32.063577848914697 ], [ -52.178723609287388, -32.063602614422585 ], [ -52.178667800801705, -32.063616974285964 ], [ -52.178610276316306, -32.063620398658934 ], [ -52.178553158352237, -32.063612761190015 ], [ -52.178498554430846, -32.06359434368423 ], [ -52.178448479311093, -32.063565825705126 ], [ -52.178404780649579, -32.063528259500465 ], [ -52.178369070826292, -32.063483031176695 ], [ -52.178342667451474, -32.0634318095548 ], [ -52.178326544748863, -32.063376484594691 ], [ -52.178321297609045, -32.063319097659992 ], [ -52.178327119639413, -32.06326176619644 ], [ -52.178386585487878, -32.062964436954125 ], [ -52.178404618353731, -32.062906028619686 ] ] ], [ [ [ -52.193541403186344, -32.14908589207522 ], [ -52.190476940867391, -32.148830520215313 ], [ -52.190420373868641, -32.14882027937378 ], [ -52.19036679874872, -32.148799436948082 ], [ -52.190318182726614, -32.148768758248991 ], [ -52.190276310928745, -32.148729369764304 ], [ -52.190242720841077, -32.148682717795495 ], [ -52.188442597423673, -32.145596791937088 ], [ -52.188434626248039, -32.145585850912163 ], [ -52.188424133109507, -32.145594403088005 ], [ -52.185814380726697, -32.148204155470815 ], [ -52.185761727685602, -32.148246122729468 ], [ -52.185701041167469, -32.148275290177992 ], [ -52.18563537815016, -32.148290188556864 ], [ -52.181026097417941, -32.148802330860441 ], [ -52.180961603574971, -32.14880252169413 ], [ -52.180898559286611, -32.148788923536003 ], [ -52.180839878244264, -32.148762164846424 ], [ -52.180788272485017, -32.148723482320506 ], [ -52.176857254712402, -32.145054532399399 ], [ -52.176850819599721, -32.145049596849994 ], [ -52.176854573550486, -32.145056785603401 ], [ -52.180881502572817, -32.151231410104309 ], [ -52.180889576418018, -32.151241598061702 ], [ -52.180902300177209, -32.151238935843686 ], [ -52.187387688231439, -32.149243431827003 ], [ -52.1874440863334, -32.14923185863978 ], [ -52.187501656642347, -32.149231272044162 ], [ -52.187558278853679, -32.149241693644356 ], [ -52.187611867581062, -32.14926273961462 ], [ -52.187660449160859, -32.149293634835473 ], [ -52.187702234341813, -32.149333241441234 ], [ -52.187735684182869, -32.149380100727399 ], [ -52.187759566732126, -32.149432486874495 ], [ -52.187773002399389, -32.149488470509716 ], [ -52.187775496351328, -32.149545989765365 ], [ -52.187766956736134, -32.149602926217128 ], [ -52.187393027493137, -32.151098643189094 ], [ -52.18737477894404, -32.151150715686001 ], [ -52.187347302208202, -32.151198565278122 ], [ -52.187311526779183, -32.151240573291119 ], [ -52.187268662881891, -32.151275318661853 ], [ -52.187220160532668, -32.151301626010593 ], [ -52.183598017753091, -32.152853972916127 ], [ -52.183586184894011, -32.152860535742562 ], [ -52.18359336715578, -32.152872003190481 ], [ -52.185461896618492, -32.155274398213955 ], [ -52.185471165801893, -32.155284266192247 ], [ -52.185484255567204, -32.155287723474267 ], [ -52.187980265735753, -32.155703725169026 ], [ -52.188037271510588, -32.155719117243628 ], [ -52.188090158267002, -32.155745376819411 ], [ -52.188136877187148, -32.1557814866079 ], [ -52.188175618393387, -32.155826047726201 ], [ -52.18820488106244, -32.155877333889293 ], [ -52.188223531566848, -32.15593335828585 ], [ -52.188230847391409, -32.155991950546735 ], [ -52.18822654512315, -32.156050840824477 ], [ -52.18821079143072, -32.156107747726516 ], [ -52.188184196607679, -32.156160466695695 ], [ -52.188147790929868, -32.156206955414198 ], [ -52.188102984742876, -32.156245412922331 ], [ -52.186022312187205, -32.157701883711297 ], [ -52.186010935999782, -32.157711765001466 ], [ -52.186007518060258, -32.157726440669265 ], [ -52.185741765158717, -32.159852463881606 ], [ -52.185741432910383, -32.159864377895786 ], [ -52.185751753713596, -32.159858416759519 ], [ -52.188895566943522, -32.157612835881004 ], [ -52.188947278163511, -32.15758317778959 ], [ -52.189003832626632, -32.157564329835843 ], [ -52.189062997278228, -32.157557036231772 ], [ -52.189122436000289, -32.157561584965535 ], [ -52.189179801853122, -32.157577796430267 ], [ -52.18923282974432, -32.157605030515782 ], [ -52.18927942586604, -32.157642211883427 ], [ -52.189317750369035, -32.15768787242579 ], [ -52.189346290009183, -32.157740209235016 ], [ -52.189363917897936, -32.157797155790632 ], [ -52.189369937997597, -32.157856463556222 ], [ -52.189364112604345, -32.157915790762907 ], [ -52.189002679017499, -32.15972295869711 ], [ -52.188987176899204, -32.159775217822954 ], [ -52.188962474478075, -32.159823809203836 ], [ -52.188929387299567, -32.159867128605079 ], [ -52.188889007730239, -32.159903745845362 ], [ -52.188842668893443, -32.159932452013862 ], [ -52.186831396315014, -32.160938088303077 ], [ -52.186820356891964, -32.160945068163656 ], [ -52.186829688782638, -32.160954206168419 ], [ -52.187065100482883, -32.161142535528619 ], [ -52.189600406553907, -32.159455282261476 ], [ -52.188851933188452, -32.160154471135691 ], [ -52.18732194532992, -32.161171268044654 ], [ -52.187257887318225, -32.161296764996891 ], [ -52.188153275007238, -32.16201307514811 ], [ -52.188165090378739, -32.162020667530818 ], [ -52.188174047512618, -32.162009850089767 ], [ -52.193008153658063, -32.154758690871603 ], [ -52.193014596844861, -32.154746608302453 ], [ -52.19300590919368, -32.15473602398157 ], [ -52.192489543376368, -32.154219658164259 ], [ -52.19245225943569, -32.154174234472222 ], [ -52.192424545874275, -32.154122413988389 ], [ -52.192407466093506, -32.154066185124627 ], [ -52.192401675464318, -32.154007705447434 ], [ -52.192407396179838, -32.153949218889622 ], [ -52.192424408729607, -32.153892969648012 ], [ -52.192452060322424, -32.153841116071035 ], [ -52.192738986406901, -32.153410726944315 ], [ -52.192745066480903, -32.153399432298301 ], [ -52.192734183784658, -32.153392642360814 ], [ -52.192247393824765, -32.153149247380867 ], [ -52.192199269951686, -32.153119186096326 ], [ -52.192157667101931, -32.153080601243317 ], [ -52.192124073542573, -32.153034873125513 ], [ -52.192099691022719, -32.152983637584001 ], [ -52.192085391783124, -32.152928727478049 ], [ -52.192081687353351, -32.152872107117851 ], [ -52.192088710252698, -32.152815801994876 ], [ -52.192106209249587, -32.152761826323534 ], [ -52.1921335583489, -32.152712110986315 ], [ -52.192169779185853, -32.152668434459898 ], [ -52.192213576025189, -32.152632359193412 ], [ -52.192263382113836, -32.152605175714555 ], [ -52.193541905809283, -32.152057236987929 ], [ -52.19355397608021, -32.152050610796152 ], [ -52.193555311798796, -32.152036906281751 ], [ -52.193555311798796, -32.149101007948943 ], [ -52.193554113202168, -32.149088153994427 ], [ -52.193541403186344, -32.14908589207522 ] ], [ [ -52.189230681945261, -32.14862546451387 ], [ -52.189277306211771, -32.148593956903007 ], [ -52.189328994217256, -32.14857171051321 ], [ -52.189383927375651, -32.148559508059414 ], [ -52.189440172923746, -32.148557778871648 ], [ -52.189495751923303, -32.148566583789481 ], [ -52.189548708887891, -32.14858561302151 ], [ -52.189597180584514, -32.148614197044957 ], [ -52.189639461589429, -32.148651330162167 ], [ -52.189674064291623, -32.148695705884933 ], [ -52.189699771232789, -32.148745762901882 ], [ -52.18998362257873, -32.14945539126672 ], [ -52.189999260356672, -32.14950800655113 ], [ -52.190005049915541, -32.149562590333161 ], [ -52.190000797439694, -32.149617315324733 ], [ -52.189986645288222, -32.149670349510515 ], [ -52.189963067229293, -32.149719917477888 ], [ -52.189930852579877, -32.149764359851993 ], [ -52.188691193102493, -32.151181113540432 ], [ -52.188646992599224, -32.151222374689937 ], [ -52.188595415880492, -32.151253934300712 ], [ -52.188538558202893, -32.151274510292687 ], [ -52.188478729357122, -32.151283266785185 ], [ -52.188418359834813, -32.151279848053782 ], [ -52.188359902092117, -32.151264392981268 ], [ -52.188305730920881, -32.151237529415724 ], [ -52.188258046974937, -32.151200348664695 ], [ -52.188218787370594, -32.151154361161886 ], [ -52.188189546993051, -32.151101435107158 ], [ -52.188171513705662, -32.151043720572652 ], [ -52.18816542009408, -32.150983562158068 ], [ -52.18816542009408, -32.150004149862525 ], [ -52.188169933679852, -32.149952306068258 ], [ -52.188183338620775, -32.149902022283399 ], [ -52.188205231554527, -32.149854811575793 ], [ -52.1882349537102, -32.149812094542625 ], [ -52.189190761841644, -32.148665124784891 ], [ -52.189230681945261, -32.14862546451387 ] ], [ [ -52.189123937888986, -32.151950039668129 ], [ -52.189154074414134, -32.151902146823829 ], [ -52.189192668082931, -32.151860764902516 ], [ -52.189238345846412, -32.151827366150947 ], [ -52.189289482624417, -32.151803138798257 ], [ -52.189344259121128, -32.151788944782226 ], [ -52.189400726550275, -32.151785289084103 ], [ -52.189456875967188, -32.151792301762853 ], [ -52.18951070974115, -32.151809733328037 ], [ -52.189560312625169, -32.151836963615949 ], [ -52.189603919894864, -32.151873023853227 ], [ -52.189814874490111, -32.152083978448481 ], [ -52.189850585120062, -32.152127071984999 ], [ -52.189877669993692, -32.152176048628434 ], [ -52.189895186466529, -32.15222920382724 ], [ -52.189902524906536, -32.152284687602169 ], [ -52.189899429911385, -32.152340568931663 ], [ -52.189886009197281, -32.152394902957965 ], [ -52.18986272985012, -32.152445798674655 ], [ -52.189830402069283, -32.152491484740011 ], [ -52.189790150970019, -32.152530371125664 ], [ -52.189438559977937, -32.152811643919321 ], [ -52.189389844754729, -32.152843398635099 ], [ -52.189335918462511, -32.152865158459413 ], [ -52.189278807252862, -32.152876105818862 ], [ -52.189220656943014, -32.152875829392578 ], [ -52.189163652391919, -32.152864339566612 ], [ -52.189109935409363, -32.152842068043718 ], [ -52.189061524282614, -32.152809851623161 ], [ -52.189020237944085, -32.152768900759952 ], [ -52.188987627629295, -32.152720754084932 ], [ -52.188964918592887, -32.152667220594367 ], [ -52.188952964072655, -32.152610311681244 ], [ -52.188952213231133, -32.152552165562 ], [ -52.188962694279383, -32.152494966938114 ], [ -52.189103330676218, -32.152002739549204 ], [ -52.189123937888986, -32.151950039668129 ] ], [ [ -52.190596635777084, -32.155412174388324 ], [ -52.190613707501448, -32.15535589645522 ], [ -52.190641430477513, -32.155304030415024 ], [ -52.190678739326849, -32.155258569450574 ], [ -52.190724200291299, -32.155221260601238 ], [ -52.190776066331495, -32.155193537625173 ], [ -52.190832344264599, -32.155176465900809 ], [ -52.190890871361205, -32.155170701484927 ], [ -52.190949398457811, -32.155176465900809 ], [ -52.191005676390915, -32.155193537625173 ], [ -52.191057542431111, -32.155221260601238 ], [ -52.191103003395561, -32.155258569450574 ], [ -52.191156717667788, -32.1553122837228 ], [ -52.191194026517124, -32.155357744687251 ], [ -52.191221749493188, -32.155409610727446 ], [ -52.191238821217553, -32.155465888660551 ], [ -52.191244585633434, -32.155524415757156 ], [ -52.191238821217553, -32.155582942853762 ], [ -52.191221749493188, -32.155639220786867 ], [ -52.191194026517124, -32.155691086827062 ], [ -52.191156717667788, -32.155736547791513 ], [ -52.191111256703337, -32.155773856640849 ], [ -52.191059390663142, -32.155801579616913 ], [ -52.191003112730037, -32.155818651341278 ], [ -52.190944585633432, -32.155824415757159 ], [ -52.190890871361205, -32.155824415757159 ], [ -52.190832344264599, -32.155818651341278 ], [ -52.190776066331495, -32.155801579616913 ], [ -52.190724200291299, -32.155773856640849 ], [ -52.190678739326849, -32.155736547791513 ], [ -52.190641430477513, -32.155691086827062 ], [ -52.190613707501448, -32.155639220786867 ], [ -52.190596635777084, -32.155582942853762 ], [ -52.190590871361202, -32.155524415757156 ], [ -52.190590871361202, -32.15547070148493 ], [ -52.190596635777084, -32.155412174388324 ] ] ], [ [ [ -52.203180971196254, -32.174222130160182 ], [ -52.200710097192569, -32.17327690746145 ], [ -52.199549856398065, -32.172536096184835 ], [ -52.199486249302154, -32.172404216231627 ], [ -52.193300442511102, -32.170919622601772 ], [ -52.19328749909031, -32.170917859825515 ], [ -52.193288766919736, -32.170930861061208 ], [ -52.193333481776065, -32.171154435342864 ], [ -52.194149466615137, -32.172646861310795 ], [ -52.194184962754342, -32.172678233646778 ], [ -52.19718803859903, -32.174655868959135 ], [ -52.19731601221423, -32.174454709467774 ], [ -52.197795819834205, -32.174664972386019 ], [ -52.198195828605549, -32.17521013128151 ], [ -52.20198768466269, -32.177608615532854 ], [ -52.20270049651959, -32.178286024175115 ], [ -52.203593224806177, -32.17887391841262 ], [ -52.204056128883316, -32.179116445560943 ], [ -52.205712609024502, -32.179172267179155 ], [ -52.20666979492016, -32.179401811169868 ], [ -52.207342290294868, -32.179323791793529 ], [ -52.207681215312775, -32.179487626632749 ], [ -52.208098333972224, -32.179197236402096 ], [ -52.208173374160566, -32.178504370041118 ], [ -52.207969393736605, -32.177933504820615 ], [ -52.207986740068087, -32.17712185325621 ], [ -52.206400314495085, -32.175991366849914 ], [ -52.20541447746853, -32.175714358717045 ], [ -52.203234174299936, -32.174250587634248 ], [ -52.203180971196254, -32.174222130160182 ] ] ], [ [ [ -52.212658579880696, -32.076854790415581 ], [ -52.210721246754716, -32.07637045713409 ], [ -52.21066731975052, -32.076351352297493 ], [ -52.210618000119453, -32.076322357633245 ], [ -52.210575081515984, -32.076284527618192 ], [ -52.210540124802243, -32.076239238052864 ], [ -52.210514401282651, -32.07618813602646 ], [ -52.210498846469193, -32.076133080015509 ], [ -52.209997068483304, -32.07337330109312 ], [ -52.209993255966459, -32.073359849928636 ], [ -52.20998271353983, -32.073350666990443 ], [ -52.206232532382927, -32.070671966164085 ], [ -52.206221337329367, -32.07066540085669 ], [ -52.206208588930416, -32.070667832072473 ], [ -52.204473735675407, -32.071163504431048 ], [ -52.204462020476619, -32.071168083230845 ], [ -52.204468039401668, -32.071179127859985 ], [ -52.204652511356159, -32.071452710676361 ], [ -52.204659496113344, -32.07146154591959 ], [ -52.204667733519294, -32.071469226641959 ], [ -52.20687617430336, -32.073235979269199 ], [ -52.206917766065267, -32.073276438793577 ], [ -52.206950791059732, -32.073324148305332 ], [ -52.206974013840878, -32.073377323019308 ], [ -52.206986565657949, -32.073433973700325 ], [ -52.206987976954743, -32.073491981079272 ], [ -52.206978194935466, -32.07354917513377 ], [ -52.20671552817182, -32.074512286600481 ], [ -52.206715159258003, -32.074512185987622 ], [ -52.206708924965511, -32.074535551780819 ], [ -52.206709165250217, -32.074535617313011 ], [ -52.206428159092695, -32.075565973223938 ], [ -52.206406576232276, -32.075622161527555 ], [ -52.206374211233516, -32.075672910440673 ], [ -52.20633236694777, -32.075716177068429 ], [ -52.206282727814582, -32.075750219714969 ], [ -52.206227292054685, -32.075773667995335 ], [ -52.20616829123172, -32.0757855780002 ], [ -52.206108100420735, -32.075785470292949 ], [ -52.206049142599724, -32.075773349209335 ], [ -52.205993791112689, -32.075749702682934 ], [ -52.205944274130886, -32.075715482603449 ], [ -52.205902584957826, -32.075672066498406 ], [ -52.205870401789028, -32.075621202080853 ], [ -52.205689227518448, -32.075258853539701 ], [ -52.205681746715818, -32.075246996390462 ], [ -52.205667728735555, -32.075246771388201 ], [ -52.204423464115585, -32.075350460106534 ], [ -52.204385994050327, -32.075358516418646 ], [ -52.203507977064866, -32.075669522078535 ], [ -52.203452519911714, -32.075683387929139 ], [ -52.203395439452329, -32.07568648289358 ], [ -52.203338808187908, -32.075678694598608 ], [ -52.203284682310084, -32.07566030582489 ], [ -52.203235027043881, -32.075631984239713 ], [ -52.203014093243922, -32.075476329035958 ], [ -52.203003095665586, -32.075469934774873 ], [ -52.202990374393984, -32.075469884250005 ], [ -52.202567676102447, -32.075505109107631 ], [ -52.202510923738579, -32.075504451088975 ], [ -52.202455310940437, -32.075493116166108 ], [ -52.202402828191289, -32.07547151003655 ], [ -52.202355353944228, -32.075440406022992 ], [ -52.197873797135507, -32.071855160576021 ], [ -52.197866486606372, -32.071849669103599 ], [ -52.19704182944794, -32.071268670731925 ], [ -52.197030560701307, -32.071262246243634 ], [ -52.197023678645522, -32.071273241515783 ], [ -52.196526296984842, -32.072268004837127 ], [ -52.196521419932964, -32.072280723584399 ], [ -52.196531226356889, -32.072290178012764 ], [ -52.202974482950104, -32.077391089482397 ], [ -52.202988251201944, -32.077399683790262 ], [ -52.203004380654484, -32.077401491453521 ], [ -52.206745792692267, -32.077401491453521 ], [ -52.206759806976287, -32.077400109686863 ], [ -52.206768730401755, -32.077389215563926 ], [ -52.207615657028278, -32.076118825624128 ], [ -52.20765508855748, -32.076071172908357 ], [ -52.207703454351801, -32.076032619351373 ], [ -52.207758698528124, -32.076004803747857 ], [ -52.207818472824201, -32.075988908454697 ], [ -52.207880236416138, -32.075985609132537 ], [ -52.20794136392113, -32.075995046025561 ], [ -52.207999256994469, -32.076016818000092 ], [ -52.208051454777348, -32.076049999595568 ], [ -52.208095738500454, -32.076093180363095 ], [ -52.209176292893538, -32.077389845634791 ], [ -52.209182931721244, -32.077396348867339 ], [ -52.209180367660885, -32.077387416249529 ], [ -52.208052637146025, -32.074568089962384 ], [ -52.208036143330105, -32.074511016783667 ], [ -52.20803121952644, -32.074451812477655 ], [ -52.208038058824371, -32.074392798769956 ], [ -52.208056393017529, -32.07433628991177 ], [ -52.208085503121616, -32.074284501925398 ], [ -52.208124247569764, -32.074239465701865 ], [ -52.208171106979641, -32.074202947358543 ], [ -52.20822424373673, -32.074176378979999 ], [ -52.20828157405731, -32.074160802458088 ], [ -52.208340849705024, -32.07415682863369 ], [ -52.208399746156573, -32.074164613342241 ], [ -52.208455953759021, -32.074183851302635 ], [ -52.20850726830394, -32.074213788088905 ], [ -52.208551677466552, -32.07425324971544 ], [ -52.20858743971997, -32.074300688675407 ], [ -52.210647738369644, -32.077685465028445 ], [ -52.210673182699601, -32.077738284609808 ], [ -52.21068786806255, -32.077795044298121 ], [ -52.21069123358825, -32.077853576300811 ], [ -52.210683150738966, -32.077911645136254 ], [ -52.210663928218651, -32.077967033012321 ], [ -52.210634300182797, -32.078017624529338 ], [ -52.210595398199217, -32.078061487472418 ], [ -52.210548708030657, -32.078096946607523 ], [ -52.207311892124679, -32.080088833318896 ], [ -52.207301997379233, -32.080096328910564 ], [ -52.207312512646688, -32.080102925806315 ], [ -52.212137417465073, -32.082515378215504 ], [ -52.212149375043083, -32.082519970410587 ], [ -52.212151818373101, -32.082507396546234 ], [ -52.212680080445814, -32.07696064478278 ], [ -52.212680180379515, -32.076933353037781 ], [ -52.212674964191784, -32.076873979236787 ], [ -52.212672213473496, -32.076859738673136 ], [ -52.212658579880696, -32.076854790415581 ] ], [ [ -52.204741016250779, -32.076513407161357 ], [ -52.204736332265071, -32.076453090735328 ], [ -52.204743844947245, -32.07639306098789 ], [ -52.204763248780665, -32.076335759136093 ], [ -52.204793754673723, -32.076283515462222 ], [ -52.204834122049725, -32.076238454548715 ], [ -52.204882709297124, -32.076202408878224 ], [ -52.204937540528597, -32.0761768443124 ], [ -52.204996385934059, -32.076162800480041 ], [ -52.205056852459833, -32.076160848498709 ], [ -52.205116481126517, -32.076171067749208 ], [ -52.205172847027718, -32.076193042647454 ], [ -52.20522365794325, -32.076225879544893 ], [ -52.205251963219013, -32.0762485237655 ], [ -52.205293805043468, -32.076289279157237 ], [ -52.205326956394551, -32.076337369989531 ], [ -52.205350160563391, -32.076390973224299 ], [ -52.205362537921154, -32.076448056858069 ], [ -52.205363619264169, -32.076506456951613 ], [ -52.205353363600651, -32.076563959661073 ], [ -52.205332159704589, -32.076618385160806 ], [ -52.205300811378038, -32.076667670276734 ], [ -52.205260506980423, -32.076709946697605 ], [ -52.205212774379895, -32.076743611799358 ], [ -52.205159423034601, -32.076767389397745 ], [ -52.205142439869142, -32.0767730504529 ], [ -52.205087278331909, -32.076785806137799 ], [ -52.2050307025699, -32.076787970817804 ], [ -52.204974727624851, -32.076779467394161 ], [ -52.204921347139397, -32.076760598730736 ], [ -52.204872462350089, -32.076732036866986 ], [ -52.204829814371628, -32.076694799082141 ], [ -52.204794922184128, -32.076650211663086 ], [ -52.204769028532034, -32.076599862666392 ], [ -52.204757706421731, -32.076571557390629 ], [ -52.204741016250779, -32.076513407161357 ] ], [ [ -52.207662796738035, -32.072792000054548 ], [ -52.207677527391013, -32.072846930941132 ], [ -52.207681626852612, -32.072903654735534 ], [ -52.207674947797535, -32.072960132914162 ], [ -52.207657730255789, -32.073014335780258 ], [ -52.207630592986476, -32.073064315406626 ], [ -52.207594511241091, -32.073108275639648 ], [ -52.207550781715142, -32.073144636648948 ], [ -52.207500975947916, -32.073172091702908 ], [ -52.207446883844923, -32.0731896541296 ], [ -52.2073904493528, -32.073196692775511 ], [ -52.207333700598298, -32.073192954687798 ], [ -52.207278677002037, -32.073178574204782 ], [ -52.20722735598639, -32.073154068128183 ], [ -52.206551034317258, -32.072748275126699 ], [ -52.20650261590059, -32.072712127872222 ], [ -52.206462422996857, -32.072667011383345 ], [ -52.206432086083495, -32.072614755869125 ], [ -52.206412835816863, -32.072557481142468 ], [ -52.206405453109056, -32.072497510627173 ], [ -52.206410237449234, -32.072437277105216 ], [ -52.206426994754402, -32.072379224027756 ], [ -52.206455045242684, -32.072325706393407 ], [ -52.206493251009533, -32.07227889521463 ], [ -52.206760123884379, -32.072012022339784 ], [ -52.206806757939383, -32.071973933633934 ], [ -52.206860058776329, -32.071945924610752 ], [ -52.206917879268971, -32.071929123562256 ], [ -52.206977890225012, -32.071924207287822 ], [ -52.207037674213375, -32.071931373830516 ], [ -52.207094822945969, -32.071950334499341 ], [ -52.207147034291118, -32.0719803254986 ], [ -52.207192205010749, -32.072020138696011 ], [ -52.207228515485419, -32.072068170290073 ], [ -52.207637964279705, -32.072740836166403 ], [ -52.207662796738035, -32.072792000054548 ] ] ], [ [ [ -52.214300533246657, -32.043700991196673 ], [ -52.213504104078318, -32.04184265647055 ], [ -52.213496939447211, -32.041829835949855 ], [ -52.213482254247538, -32.041829629553185 ], [ -52.210750521721643, -32.042077968873713 ], [ -52.210687814448633, -32.042077087539262 ], [ -52.210626660551462, -32.042063188629236 ], [ -52.210569732441066, -32.042036879522726 ], [ -52.21051951786248, -32.041999309921508 ], [ -52.210478211180977, -32.041952121608318 ], [ -52.210447617488825, -32.041897376701343 ], [ -52.209730522405849, -32.040224154841063 ], [ -52.209724417004907, -32.040212939178396 ], [ -52.209712786054112, -32.040218210610313 ], [ -52.204426987526404, -32.043238666911861 ], [ -52.204375327938202, -32.043262017225395 ], [ -52.204320197923238, -32.043275232052153 ], [ -52.204263566205107, -32.043277839483295 ], [ -52.204207455134046, -32.043269746406018 ], [ -52.204153868467699, -32.043251241828614 ], [ -52.204104719815795, -32.043222986559869 ], [ -52.204061764304122, -32.043185989611175 ], [ -52.204026535897952, -32.043141572164217 ], [ -52.204000292623313, -32.043091320390801 ], [ -52.203983971642188, -32.043037028809771 ], [ -52.203554747061858, -32.0408909059081 ], [ -52.203548975235215, -32.040837761364095 ], [ -52.203552727216703, -32.040784436143277 ], [ -52.203565883874397, -32.040732623414158 ], [ -52.203588027461528, -32.040683968321005 ], [ -52.203618454880683, -32.040640015747655 ], [ -52.204864520680083, -32.039144736788373 ], [ -52.204870751696376, -32.039135535003972 ], [ -52.204859912022791, -32.039137984468667 ], [ -52.203303301899048, -32.039656854509914 ], [ -52.203256488242147, -32.039668375757792 ], [ -52.203208433569245, -32.0396722495205 ], [ -52.202572897180289, -32.0396722495205 ], [ -52.202514370083684, -32.039666485104618 ], [ -52.202458092150579, -32.039649413380253 ], [ -52.202406226110384, -32.039621690404189 ], [ -52.202360765145933, -32.039584381554853 ], [ -52.201995817385296, -32.039219433794216 ], [ -52.201986355701877, -32.03921161182658 ], [ -52.201981918127899, -32.03922305798605 ], [ -52.199778656299522, -32.047024088667975 ], [ -52.199754073967178, -32.047084811221637 ], [ -52.198461592375885, -32.049484426679733 ], [ -52.198451370820827, -32.049508079710854 ], [ -52.1984107585155, -32.049629916626849 ], [ -52.198408093227862, -32.049641507192185 ], [ -52.198419422416514, -32.049637888567027 ], [ -52.200280227776211, -32.048840400555733 ], [ -52.200291576321547, -32.048834272505431 ], [ -52.200293801175377, -32.048821568470338 ], [ -52.200549686767118, -32.045750941369398 ], [ -52.200559435555022, -32.045696138523645 ], [ -52.200579141019581, -32.045644080042734 ], [ -52.20060812476936, -32.045596558121296 ], [ -52.200645388993429, -32.045555208775802 ], [ -52.200689650812592, -32.045521455522149 ], [ -52.202637673066867, -32.044303941613229 ], [ -52.202692564703561, -32.04427698454257 ], [ -52.202751782348152, -32.044261718698124 ], [ -52.202812865326273, -32.044258778422453 ], [ -52.212673385336046, -32.044791779504067 ], [ -52.212688964105112, -32.04479095306808 ], [ -52.212702794599203, -32.044783735140882 ], [ -52.214294013750518, -32.043722922373334 ], [ -52.214304690806856, -32.043714161733391 ], [ -52.214300533246657, -32.043700991196673 ] ], [ [ -52.211442287322313, -32.042601770453061 ], [ -52.211487946797313, -32.042567643757984 ], [ -52.211539237171273, -32.042542769745154 ], [ -52.211594306622914, -32.042528046482239 ], [ -52.211651166888664, -32.04252400554757 ], [ -52.211707765048239, -32.042530792837702 ], [ -52.211762057644599, -32.042548163299855 ], [ -52.21181208446226, -32.042575489779495 ], [ -52.211856039300223, -32.042611785663482 ], [ -52.212395109874677, -32.043150856237936 ], [ -52.212431229949217, -32.043194551665735 ], [ -52.212458484802497, -32.0432442620587 ], [ -52.212475901148494, -32.043298212230965 ], [ -52.212482857039781, -32.043354475591798 ], [ -52.212479104077616, -32.043411042945195 ], [ -52.212464776282346, -32.043465894239418 ], [ -52.212440385307552, -32.043517070704169 ], [ -52.212406802168537, -32.043562744799338 ], [ -52.212365226137933, -32.043601285477514 ], [ -52.212317141918973, -32.04363131642959 ], [ -52.211381844803903, -32.044098964987121 ], [ -52.21132866781695, -32.04411949854584 ], [ -52.21127256681897, -32.044129602851875 ], [ -52.211215567317154, -32.044128913092742 ], [ -52.211159727258874, -32.04411745417196 ], [ -52.211107062730171, -32.044095639809917 ], [ -52.211059475165705, -32.044064257606635 ], [ -52.211018682698089, -32.044024440605732 ], [ -52.210986158125301, -32.043977626386315 ], [ -52.210963075735833, -32.043925505159628 ], [ -52.210852671794797, -32.043594293336511 ], [ -52.210839757918698, -32.043537928573578 ], [ -52.210837897710419, -32.043480133294167 ], [ -52.210847160281958, -32.043423054756481 ], [ -52.21086720150258, -32.043368813589709 ], [ -52.210897276784216, -32.043319425006707 ], [ -52.211403907265868, -32.042643917697838 ], [ -52.211442287322313, -32.042601770453061 ] ] ], [ [ [ -52.252024012146528, -32.057719345338064 ], [ -52.249963788989064, -32.05611694954893 ], [ -52.24992117058116, -32.056076514684719 ], [ -52.249887249489433, -32.056028549421534 ], [ -52.249863326514991, -32.055974893124329 ], [ -52.249850319052577, -32.055917603396999 ], [ -52.249848725910475, -32.055858877177691 ], [ -52.249858608182272, -32.055800966490935 ], [ -52.249879586904036, -32.055746092087347 ], [ -52.249910857586798, -32.055696358282589 ], [ -52.249951221066951, -32.055653672261386 ], [ -52.249999129491613, -32.055619670941084 ], [ -52.251484045039305, -32.054771147770971 ], [ -52.251490652746732, -32.054766471867545 ], [ -52.251482691064481, -32.054767933882289 ], [ -52.249779914701143, -32.055254441414675 ], [ -52.249717152304882, -32.055265339742377 ], [ -52.249653503757806, -32.055262740822116 ], [ -52.249591838825758, -32.055246761833196 ], [ -52.249534937837964, -32.055218123231285 ], [ -52.249485366328415, -32.055178116264742 ], [ -52.248367883574588, -32.054060633510915 ], [ -52.2483313139847, -32.054016273649758 ], [ -52.248303877636403, -32.053965752575152 ], [ -52.248286582093677, -32.05391092560744 ], [ -52.248280062512677, -32.053853806195242 ], [ -52.248284558316492, -32.05379649197419 ], [ -52.248299904402607, -32.053741087734032 ], [ -52.2483255372061, -32.05368962812296 ], [ -52.24836051539581, -32.053644002927825 ], [ -52.24840355444352, -32.053605887674195 ], [ -52.248453073796533, -32.053576682094871 ], [ -52.248507254921435, -32.053557458726516 ], [ -52.248963532636928, -32.053443389297648 ], [ -52.249015962290848, -32.053435121758739 ], [ -52.249069028356004, -32.053436223366212 ], [ -52.24912106973435, -32.053446659637061 ], [ -52.249170457403082, -32.053466103890386 ], [ -52.250136399395721, -32.053949074886695 ], [ -52.250148457445256, -32.053953730935909 ], [ -52.250153691449881, -32.053941912283342 ], [ -52.250623089299701, -32.052533718733876 ], [ -52.250626062824367, -32.052520926810296 ], [ -52.250615842335378, -32.052512679582676 ], [ -52.248486720017361, -32.051100643707194 ], [ -52.248477357489833, -32.051094916438416 ], [ -52.246446744214346, -32.04995269647096 ], [ -52.246403336057618, -32.049922988523306 ], [ -52.246365783944057, -32.049886155535496 ], [ -52.246335242321685, -32.049843329847789 ], [ -52.243723830048935, -32.045403928984115 ], [ -52.243714763294463, -32.045391686216988 ], [ -52.243700204787721, -32.045387198314835 ], [ -52.239958722172695, -32.044654816419516 ], [ -52.239956739906106, -32.044654442220171 ], [ -52.234889089269089, -32.043733051195261 ], [ -52.234825966552741, -32.043714224226321 ], [ -52.234768474244269, -32.043682075096548 ], [ -52.234719384068356, -32.043638153726953 ], [ -52.233130684917377, -32.041866143135472 ], [ -52.230977558648831, -32.041321482342163 ], [ -52.228502919836608, -32.036867989232498 ], [ -52.227644894386266, -32.035942160460962 ], [ -52.227634595214958, -32.035932973529881 ], [ -52.227620966666514, -32.035930797455642 ], [ -52.227307283193447, -32.035910906595291 ], [ -52.227294309320492, -32.035910646601693 ], [ -52.216207481806215, -32.036168479799699 ], [ -52.216205930879013, -32.036168667910651 ], [ -52.216207485760464, -32.036168819912433 ], [ -52.218587802810966, -32.036168819912433 ], [ -52.218646329907571, -32.036174584328315 ], [ -52.218702607840676, -32.036191656052679 ], [ -52.218754473880871, -32.036219379028744 ], [ -52.218799934845322, -32.03625668787808 ], [ -52.218837243694658, -32.03630214884253 ], [ -52.218864966670722, -32.036354014882725 ], [ -52.218882038395087, -32.03641029281583 ], [ -52.218887802810968, -32.036468819912436 ], [ -52.218887802810968, -32.037501021338514 ], [ -52.218889140679451, -32.037514128121934 ], [ -52.218901462055967, -32.037509463216118 ], [ -52.220070606243731, -32.036924891122233 ], [ -52.2201275872428, -32.036903317964899 ], [ -52.220187751816965, -32.03689370238439 ], [ -52.220248618354432, -32.036896440995143 ], [ -52.220307676289508, -32.036911420837505 ], [ -52.220362489656019, -32.036938024037021 ], [ -52.220410797563751, -32.036975153289944 ], [ -52.220450607453564, -32.037021277123763 ], [ -52.220480277284558, -32.037074493065937 ], [ -52.220498583263428, -32.037132606115335 ], [ -52.220504770322385, -32.03719321927953 ], [ -52.220504770322385, -32.038040549196865 ], [ -52.220505497659609, -32.038047936616252 ], [ -52.220507659664584, -32.038040835298105 ], [ -52.220714164946386, -32.037008308889057 ], [ -52.220731602565586, -32.0369513125449 ], [ -52.22075996406565, -32.036898888512958 ], [ -52.220798129906683, -32.036853106175869 ], [ -52.220844593532888, -32.036815772742457 ], [ -52.220897520842293, -32.036788361910105 ], [ -52.220954822585917, -32.036771955692124 ], [ -52.22101423683867, -32.036767201706432 ], [ -52.221073418286437, -32.036774287611536 ], [ -52.222875001759682, -32.037174639494474 ], [ -52.222928033221976, -32.0371917241741 ], [ -52.222976990889222, -32.037218320585289 ], [ -52.223020186144979, -32.037253511381692 ], [ -52.223056129126178, -32.03729608278492 ], [ -52.223083580110568, -32.037344566449455 ], [ -52.223101592276414, -32.037397290107826 ], [ -52.223109544359637, -32.037452435249435 ], [ -52.223107162082087, -32.037508099843429 ], [ -52.223094527611757, -32.037562363942335 ], [ -52.222395702839471, -32.0396588382592 ], [ -52.222392808822001, -32.039671334698333 ], [ -52.22240509460439, -32.039675021957571 ], [ -52.223724795355359, -32.039938962107769 ], [ -52.223738454921268, -32.039940372606665 ], [ -52.223750734592905, -32.039934225825931 ], [ -52.225882398894761, -32.038601935637274 ], [ -52.225892227839289, -32.038594386831612 ], [ -52.225881727474111, -32.03858780390307 ], [ -52.225370469201145, -32.03833217476658 ], [ -52.225355425446146, -32.038326624070514 ], [ -52.225339451290893, -32.038328020907471 ], [ -52.224473053944287, -32.038501300376794 ], [ -52.22441304265822, -32.038507123867369 ], [ -52.224353078890985, -32.038500829892797 ], [ -52.224295584690722, -32.038482672678413 ], [ -52.224242882355192, -32.038453385627911 ], [ -52.224197100629809, -32.038414151699754 ], [ -52.224160088723664, -32.038366555625323 ], [ -52.224133341616529, -32.038312519898646 ], [ -52.224117939673839, -32.038254227123289 ], [ -52.224114505008721, -32.038194031852932 ], [ -52.2241231763537, -32.038134365486577 ], [ -52.224239488054536, -32.037669118683219 ], [ -52.224258899681899, -32.037614535218161 ], [ -52.224288440632833, -32.03756470050984 ], [ -52.224327009303629, -32.037521472931054 ], [ -52.224373167440291, -32.037486464469872 ], [ -52.224425193772099, -32.03746098061746 ], [ -52.226203940125863, -32.036793950734797 ], [ -52.226260617639582, -32.036778822037931 ], [ -52.226319155686781, -32.036775012174381 ], [ -52.226377316020979, -32.036782666817167 ], [ -52.226432874837833, -32.036801493285239 ], [ -52.226483707803986, -32.036830771734344 ], [ -52.226527871282549, -32.036869382680862 ], [ -52.226563676649548, -32.036915849806064 ], [ -52.227691951597961, -32.038721089723531 ], [ -52.227718934594549, -32.03877605145302 ], [ -52.227734196841809, -32.038835346795352 ], [ -52.22773710260374, -32.038896505853238 ], [ -52.227727530843296, -32.03895698109789 ], [ -52.227705880264054, -32.039014253484183 ], [ -52.226979478384948, -32.040467057242402 ], [ -52.226974570074525, -32.040480026409583 ], [ -52.226986694344262, -32.040486756408875 ], [ -52.230383198039732, -32.041942400849791 ], [ -52.230436736876548, -32.04197214824687 ], [ -52.230483118428928, -32.042012149075347 ], [ -52.230520409454684, -32.04206073604972 ], [ -52.230547055616327, -32.042115884002996 ], [ -52.230561946267891, -32.042175294298197 ], [ -52.230564460748049, -32.04223649063853 ], [ -52.230554494250065, -32.042296922282546 ], [ -52.230532462190268, -32.042354070362322 ], [ -52.230499282892993, -32.042405552873063 ], [ -52.22967701516378, -32.043433387534584 ], [ -52.229669425096731, -32.043445120303197 ], [ -52.229677683355938, -32.043456392753292 ], [ -52.232084398654898, -32.046130520863244 ], [ -52.232093654623505, -32.046139177340429 ], [ -52.232105288531322, -32.04614420324743 ], [ -52.235312637677353, -32.047213319629435 ], [ -52.235324965144194, -32.047216090540942 ], [ -52.235322194232687, -32.047203763074101 ], [ -52.23506208619763, -32.046423438968937 ], [ -52.235056422563758, -32.046410716395066 ], [ -52.235043465985363, -32.046405610740038 ], [ -52.234476581403619, -32.046243643716686 ], [ -52.234422694793722, -32.046222434556327 ], [ -52.234373887127312, -32.046191267154931 ], [ -52.234331977083912, -32.046151302877476 ], [ -52.23429852632264, -32.046104030879633 ], [ -52.234274781291418, -32.046051212618572 ], [ -52.234261626781603, -32.045994816217252 ], [ -52.234259552958775, -32.045936943127927 ], [ -52.234268637098062, -32.045879749827414 ], [ -52.234288540704725, -32.045825367462157 ], [ -52.234318522127225, -32.045775822437029 ], [ -52.234357464192726, -32.045732960907138 ], [ -52.234403915835394, -32.04569837998605 ], [ -52.234456146166274, -32.045673368233892 ], [ -52.234512208969946, -32.045658857642799 ], [ -52.23794462417591, -32.045116897347121 ], [ -52.238002010119921, -32.045113413461898 ], [ -52.238059006878792, -32.045120940314185 ], [ -52.238113521224989, -32.045139201477475 ], [ -52.238163551098552, -32.045167526303658 ], [ -52.238207259133453, -32.045204874552773 ], [ -52.238243040135579, -32.045249874596252 ], [ -52.238269580034114, -32.045300873790488 ], [ -52.238285904141236, -32.045355999170788 ], [ -52.238291412947952, -32.045413226236718 ], [ -52.238291412947952, -32.048012732478405 ], [ -52.23829262503336, -32.048025832552831 ], [ -52.238303800035126, -32.048032775206394 ], [ -52.246605854710729, -32.052183802544207 ], [ -52.246654187749868, -32.052214023998538 ], [ -52.246695931793489, -32.052252842213299 ], [ -52.246729579687269, -32.05229885567023 ], [ -52.246753916585618, -32.052350403069326 ], [ -52.246768063813199, -32.052405623309511 ], [ -52.246771510589248, -32.052462522683058 ], [ -52.246764132469103, -32.052519046857689 ], [ -52.24674619583724, -32.052573155047568 ], [ -52.246718348289569, -32.052622893695151 ], [ -52.244607900479444, -32.055671318309777 ], [ -52.244568689166968, -32.055717271752833 ], [ -52.244521066490769, -32.055754437956118 ], [ -52.244466963415938, -32.055781309934986 ], [ -52.244408573669432, -32.055796798106549 ], [ -52.244348264790673, -32.055800274469178 ], [ -52.244288482134444, -32.055791598066172 ], [ -52.240191649825384, -32.054767389988903 ], [ -52.240180521852139, -32.054765703708185 ], [ -52.240186394276023, -32.05477530526894 ], [ -52.24077068051124, -32.055554353582565 ], [ -52.240800947019913, -32.055604138321208 ], [ -52.240821019731278, -32.055658834463742 ], [ -52.240830141551342, -32.055716379004302 ], [ -52.240827968427162, -32.055774601502364 ], [ -52.240814582323722, -32.055831305946491 ], [ -52.240790488132376, -32.055884353582563 ], [ -52.240756594627598, -32.055931743582384 ], [ -52.240714180190196, -32.055971688510091 ], [ -52.240664844589894, -32.056002681739862 ], [ -52.239382832988362, -32.056643687540628 ], [ -52.239371503146238, -32.056650850145417 ], [ -52.239379012157315, -32.056661953432474 ], [ -52.239652107374319, -32.056989667692875 ], [ -52.239685512871247, -32.057038993791799 ], [ -52.239708513045969, -32.057093948165807 ], [ -52.239720200927152, -32.057152363786095 ], [ -52.239720115623832, -32.057211937135698 ], [ -52.239708260499782, -32.057270319044655 ], [ -52.23968510304092, -32.057325207325363 ], [ -52.239651556420782, -32.057374437555275 ], [ -52.23960894349117, -32.057416068427116 ], [ -52.239558944617805, -32.057448458300868 ], [ -52.239503531418059, -32.057470329939001 ], [ -52.239444889013747, -32.05748082087203 ], [ -52.239385329864632, -32.057479517408531 ], [ -52.239327202580725, -32.05746647094827 ], [ -52.239272799308935, -32.05744219595541 ], [ -52.238843762793813, -32.057197032232487 ], [ -52.238831307926205, -32.057191520228535 ], [ -52.238826669938355, -32.057204326281102 ], [ -52.238295095913543, -32.059330622380358 ], [ -52.238293118628143, -32.059344274834785 ], [ -52.238306303316662, -32.059348332316468 ], [ -52.238821794762799, -32.059451430605691 ], [ -52.238876410398461, -32.05946788374429 ], [ -52.238926924706846, -32.059494376725944 ], [ -52.238971511554496, -32.059529951807747 ], [ -52.239008559090493, -32.059573322921466 ], [ -52.239036728016174, -32.059622922165957 ], [ -52.239055000001905, -32.059676956488076 ], [ -52.239062714500484, -32.05973347250297 ], [ -52.239059592626504, -32.059790427110613 ], [ -52.239045747238244, -32.059845761355461 ], [ -52.239021678857796, -32.059897474859412 ], [ -52.23898825757675, -32.059943698137118 ], [ -52.238946691601676, -32.059982760179366 ], [ -52.238898483576492, -32.060013248861466 ], [ -52.238845376260635, -32.060034061992688 ], [ -52.237496647012819, -32.060419413206354 ], [ -52.237484621903931, -32.060424123565276 ], [ -52.237488723467685, -32.06043636970341 ], [ -52.238334505816177, -32.06233937998752 ], [ -52.238352974229855, -32.062395052889023 ], [ -52.238360256565251, -32.062453255310423 ], [ -52.238356074430463, -32.062511762267398 ], [ -52.238340587701742, -32.062568337133719 ], [ -52.238314388411645, -32.062620817143859 ], [ -52.238278478116605, -32.062667196072006 ], [ -52.238234229609056, -32.062705700926834 ], [ -52.238183334437792, -32.062734859730107 ], [ -52.238127738242802, -32.062753557787971 ], [ -52.238069566376588, -32.062761080303972 ], [ -52.238011042655401, -32.062757139704487 ], [ -52.23534062533205, -32.062312070150597 ], [ -52.23532783684459, -32.062311135703602 ], [ -52.235323406164142, -32.062323168478621 ], [ -52.23461415972276, -32.06498284263381 ], [ -52.234593740970176, -32.065037436846715 ], [ -52.23456315055391, -32.065087052166653 ], [ -52.234523543246375, -32.065129815640908 ], [ -52.234476414203002, -32.0651641129704 ], [ -52.23442354252083, -32.06518864944865 ], [ -52.234366924078579, -32.065202498836264 ], [ -52.234308696193217, -32.065205138326014 ], [ -52.234251056937353, -32.065196468278522 ], [ -52.234196182163146, -32.065176815983605 ], [ -52.234146143364988, -32.065146923305257 ], [ -52.234102829481685, -32.065107918676638 ], [ -52.234067875589965, -32.065061274502362 ], [ -52.234042601181201, -32.065008751575924 ], [ -52.234027960351284, -32.06495233261068 ], [ -52.233442735835567, -32.061245910677826 ], [ -52.233439333562693, -32.0612326777836 ], [ -52.233427747878558, -32.061225435071798 ], [ -52.230647963409666, -32.059835542837348 ], [ -52.230596169911237, -32.059802628739796 ], [ -52.230552157506573, -32.059759864122029 ], [ -52.230517767823493, -32.05970903840025 ], [ -52.230494439842602, -32.0596522782945 ], [ -52.230483149685512, -32.059591958839512 ], [ -52.230484369770551, -32.059530604005232 ], [ -52.230498049045245, -32.059470781085373 ], [ -52.230523615122493, -32.059414993273158 ], [ -52.230559998231179, -32.059365574919283 ], [ -52.230605675979014, -32.059324593854761 ], [ -52.233159041757709, -32.057467600561168 ], [ -52.233168400766075, -32.057459268366173 ], [ -52.233157072485859, -32.057453912380851 ], [ -52.229541909432008, -32.056162782718758 ], [ -52.22949079636129, -32.056138894533753 ], [ -52.229445059841929, -32.056105858762564 ], [ -52.22940631751942, -32.056064843840552 ], [ -52.229375939662951, -32.056017300416002 ], [ -52.229355000700636, -32.055964910042476 ], [ -52.228054798874417, -32.051544223833339 ], [ -52.228049939590683, -32.051532223036759 ], [ -52.228039182914557, -32.051539428983943 ], [ -52.223481274345787, -32.05529300074646 ], [ -52.223470608355214, -32.055303830485975 ], [ -52.223465233584811, -32.055318048729809 ], [ -52.222125686368294, -32.060408328152604 ], [ -52.222123458925608, -32.060422679380146 ], [ -52.222134647326079, -32.06043193891184 ], [ -52.222914282712765, -32.060951695836302 ], [ -52.222959799764041, -32.060988974163806 ], [ -52.222997165920503, -32.061034419141627 ], [ -52.223024944048369, -32.061086282917721 ], [ -52.223042065777477, -32.061142570767664 ], [ -52.223047872591742, -32.061201117813418 ], [ -52.223042141156206, -32.06125967228639 ], [ -52.223025091906692, -32.061315982132321 ], [ -52.22299738057167, -32.061367881627213 ], [ -52.222960072952382, -32.061413374672853 ], [ -52.22291460393123, -32.061450711568462 ], [ -52.222862722284994, -32.06147845630565 ], [ -52.222806423425389, -32.061495541798507 ], [ -52.222747872653898, -32.061501310924605 ], [ -52.220789276230107, -32.061501310924605 ], [ -52.220775228973395, -32.061502720239218 ], [ -52.220768824109889, -32.061515301547331 ], [ -52.21901470531391, -32.066025892737002 ], [ -52.218988877308433, -32.066077155932042 ], [ -52.218953758374042, -32.066122561454613 ], [ -52.218910634254357, -32.066160446957561 ], [ -52.218861083771806, -32.066189425410101 ], [ -52.218806921025184, -32.066208435878551 ], [ -52.21875012897344, -32.066216782368315 ], [ -52.218692786837352, -32.066214159305041 ], [ -52.21863699397688, -32.066200662722018 ], [ -52.21858479303129, -32.0661767867443 ], [ -52.213780677787248, -32.063395456866168 ], [ -52.213768634761799, -32.06339004052542 ], [ -52.213766599654178, -32.063403087730038 ], [ -52.213663363438286, -32.065364575831993 ], [ -52.213663891467043, -32.065377959562092 ], [ -52.213671360426005, -32.065389077911682 ], [ -52.214378941215003, -32.066257769110003 ], [ -52.214410003161717, -32.06630411946167 ], [ -52.214431944674381, -32.066355420238025 ], [ -52.214444006771792, -32.06640989688843 ], [ -52.214445772212649, -32.066465665005232 ], [ -52.214437179928389, -32.066520795507543 ], [ -52.214418527135642, -32.06657338137024 ], [ -52.213579273058926, -32.068384212128343 ], [ -52.213574695963317, -32.068397177532162 ], [ -52.213577809132964, -32.068410570055249 ], [ -52.213765025755272, -32.068969839047263 ], [ -52.213777002202491, -32.068996579559155 ], [ -52.214568605793943, -32.070381885844192 ], [ -52.214576234366987, -32.070392640941726 ], [ -52.214587035844666, -32.070385078182412 ], [ -52.21630183273308, -32.06891525227806 ], [ -52.216352191183844, -32.068880331549259 ], [ -52.216408595000416, -32.068856372410309 ], [ -52.216468690620204, -32.068844374604417 ], [ -52.216529970432696, -32.068844838764157 ], [ -52.21658987741457, -32.068857745521527 ], [ -52.216645911826625, -32.068882556316133 ], [ -52.218335914354746, -32.069848272046485 ], [ -52.218347755518174, -32.069853562567985 ], [ -52.218350454295908, -32.069840877168204 ], [ -52.218549378252604, -32.068050561557953 ], [ -52.218562285594871, -32.067990803987556 ], [ -52.218587039270183, -32.067934903877862 ], [ -52.218622611295061, -32.067885182677649 ], [ -52.218667524415991, -32.067843705234708 ], [ -52.218719913457598, -32.067812194045828 ], [ -52.218777602780555, -32.067791957724012 ], [ -52.218838196632738, -32.067783836653717 ], [ -52.218899178641195, -32.067788168090985 ], [ -52.218958016313444, -32.067804772157629 ], [ -52.219012266208097, -32.06783295931136 ], [ -52.219059675407365, -32.067871558981423 ], [ -52.220494583946831, -32.069306467520889 ], [ -52.220504128209356, -32.069314335664693 ], [ -52.220508264220378, -32.069302678304481 ], [ -52.220940511719988, -32.067573688306048 ], [ -52.220959665731797, -32.067519655799636 ], [ -52.220988747875438, -32.067470253200128 ], [ -52.221026696204177, -32.067427284464237 ], [ -52.221072125018793, -32.067392318613479 ], [ -52.221123375466995, -32.06736663244061 ], [ -52.221178576117069, -32.067351163887061 ], [ -52.221235711294021, -32.067346477793585 ], [ -52.221292694682795, -32.067352745274846 ], [ -52.221347445510936, -32.06736973747114 ], [ -52.221397964528897, -32.067396833905256 ], [ -52.222648092107413, -32.068230252290938 ], [ -52.222660284162913, -32.068236706200807 ], [ -52.222668539754082, -32.06822565430582 ], [ -52.223271524552558, -32.067220679641693 ], [ -52.223307671807035, -32.067172261225025 ], [ -52.223352788295912, -32.067132068321293 ], [ -52.223405043810132, -32.067101731407931 ], [ -52.223462318536789, -32.067082481141298 ], [ -52.223522289052084, -32.067075098433492 ], [ -52.223582522574041, -32.067079882773669 ], [ -52.223640575651501, -32.067096640078837 ], [ -52.22369409328585, -32.06712469056712 ], [ -52.223740904464627, -32.067162896333969 ], [ -52.224806262307595, -32.068228254176944 ], [ -52.224817261379023, -32.068237280881583 ], [ -52.224831421741044, -32.068238675555506 ], [ -52.22695790231316, -32.068238675555506 ], [ -52.226969809165297, -32.068237502832929 ], [ -52.226962218989485, -32.068228254176944 ], [ -52.226560528944255, -32.067826564131714 ], [ -52.226523235945237, -32.067781126886501 ], [ -52.226495518958096, -32.067729289837473 ], [ -52.226478442102952, -32.06767304313049 ], [ -52.226472661000315, -32.067614546208517 ], [ -52.226478397600268, -32.067556044905551 ], [ -52.226495431661299, -32.067499785223781 ], [ -52.22652310920585, -32.067447927104304 ], [ -52.226560367628096, -32.067402461501928 ], [ -52.226605776489848, -32.067365133947725 ], [ -52.226657592438421, -32.067337377534031 ], [ -52.226713826138067, -32.06732025789465 ], [ -52.227329819882627, -32.067197059145734 ], [ -52.227384793597707, -32.067191258196623 ], [ -52.227439898409166, -32.067195642271706 ], [ -52.227493263349245, -32.06721006251896 ], [ -52.227543076523851, -32.067234029329278 ], [ -52.227587646631591, -32.067266728960107 ], [ -52.227625460388381, -32.067307051164384 ], [ -52.229316798802337, -32.069481629125185 ], [ -52.229326122240657, -32.069491544400861 ], [ -52.229339293967627, -32.069494971469851 ], [ -52.229889007401738, -32.069584213227472 ], [ -52.229913005113886, -32.069586148481683 ], [ -52.233565817544694, -32.069586148481683 ], [ -52.23361929354693, -32.069590953093538 ], [ -52.233671056672939, -32.069605213033789 ], [ -52.233719448911202, -32.069628471545919 ], [ -52.233762920222233, -32.069659983642445 ], [ -52.233800078187528, -32.069698739967421 ], [ -52.23557391083051, -32.071916030771142 ], [ -52.235606481198218, -32.07196632177444 ], [ -52.235628407932282, -32.07202208226402 ], [ -52.235638816396275, -32.072081088007323 ], [ -52.235637291406526, -32.072140985321717 ], [ -52.235623893793409, -32.072199384960655 ], [ -52.235599157974903, -32.072253957418432 ], [ -52.235564070639121, -32.072302525851931 ], [ -52.235520031386322, -32.072343152912836 ], [ -52.235468796900136, -32.07237421802656 ], [ -52.235412410875192, -32.072394482035449 ], [ -52.234952768944837, -32.072509392518043 ], [ -52.234891676302951, -32.072518122776643 ], [ -52.234830089904598, -32.072514167546473 ], [ -52.234770615900239, -32.072497694200941 ], [ -52.234715771050197, -32.072469399842284 ], [ -52.234667876222964, -32.072430481802357 ], [ -52.233181433499915, -32.070944039079308 ], [ -52.233175695500478, -32.070939329690042 ], [ -52.2331791881223, -32.070945879848601 ], [ -52.233492132565054, -32.071415296512747 ], [ -52.233520682332689, -32.071469348603834 ], [ -52.23353768294961, -32.071528065695105 ], [ -52.233542428565741, -32.07158900990656 ], [ -52.233534722147432, -32.07164965089023 ], [ -52.233514883658138, -32.071707470887851 ], [ -52.233483736773799, -32.071760069265956 ], [ -52.233442574684609, -32.071805262187922 ], [ -52.233393106402907, -32.07184117328493 ], [ -52.233337385806557, -32.071866311561031 ], [ -52.232205793007985, -32.07224350916055 ], [ -52.232193428821908, -32.072248924359805 ], [ -52.232182249860912, -32.072256489299541 ], [ -52.232103314174644, -32.07232110647778 ], [ -52.232094168155179, -32.072330054653456 ], [ -52.232093037487523, -32.072342799892098 ], [ -52.232093037487523, -32.072426324850568 ], [ -52.232087273071642, -32.072484851947173 ], [ -52.232070201347277, -32.072541129880278 ], [ -52.232042478371213, -32.072592995920473 ], [ -52.232005169521877, -32.072638456884924 ], [ -52.231911410867937, -32.072732215538863 ], [ -52.231865949903487, -32.0727695243882 ], [ -52.231814083863291, -32.072797247364264 ], [ -52.231757805930187, -32.072814319088629 ], [ -52.231699278833581, -32.07282008350451 ], [ -52.231510937209912, -32.07282008350451 ], [ -52.231494445212263, -32.072821977302119 ], [ -52.231480484163917, -32.072830958481582 ], [ -52.231405805392839, -32.072892090926103 ], [ -52.23139612763471, -32.072901678739349 ], [ -52.231395690464751, -32.072915294687647 ], [ -52.231471681572287, -32.074126650926935 ], [ -52.231472894389988, -32.074138468111748 ], [ -52.231523675548729, -32.074493936222915 ], [ -52.231527404040314, -32.074508691782007 ], [ -52.231539145211229, -32.07451837543217 ], [ -52.231714368980192, -32.074634193830413 ], [ -52.231726336845036, -32.074640573799059 ], [ -52.231739427456318, -32.074637028423943 ], [ -52.233470894229676, -32.073987728383926 ], [ -52.233529240968927, -32.073972330136968 ], [ -52.233589488960504, -32.073968920224637 ], [ -52.233649200538537, -32.073977636613797 ], [ -52.233705959740732, -32.073998126634706 ], [ -52.233757470059516, -32.074029561250185 ], [ -52.233801647359911, -32.074070668598928 ], [ -52.233836704204791, -32.074119785455686 ], [ -52.234718680219203, -32.075663243480903 ], [ -52.234726542270181, -32.075674417595941 ], [ -52.234739159670653, -32.075679659150687 ], [ -52.236304293361407, -32.076163369697881 ], [ -52.236312202623552, -32.076165578763025 ], [ -52.23787310491727, -32.076555804336458 ], [ -52.237926506363905, -32.076574664949121 ], [ -52.237975411620283, -32.076603225640859 ], [ -52.238018077791509, -32.076640468560264 ], [ -52.238052984332413, -32.076685066437065 ], [ -52.238078887237023, -32.076735429883591 ], [ -52.238693139684344, -32.078271061001885 ], [ -52.238697881163013, -32.078281697115408 ], [ -52.239167166408613, -32.079233216714044 ], [ -52.239174491849447, -32.07924491602288 ], [ -52.239187173936273, -32.079239466198722 ], [ -52.240812376543367, -32.078336575861442 ], [ -52.240868255347685, -32.078312582879519 ], [ -52.240927824616286, -32.078300351518529 ], [ -52.240988636645312, -32.078300384365647 ], [ -52.241048192665815, -32.078312680071178 ], [ -52.241104045518313, -32.078336733404051 ], [ -52.241153900206619, -32.078371556011746 ], [ -52.24119570819942, -32.078415717031788 ], [ -52.241227751604448, -32.078467401885931 ], [ -52.241248713756775, -32.078524486841239 ], [ -52.241257733320658, -32.078584626274399 ], [ -52.241254439681811, -32.07864534905346 ], [ -52.241238968175999, -32.078704160076754 ], [ -52.240721949531753, -32.080082876461432 ], [ -52.240718638946852, -32.08009520741593 ], [ -52.240731347203315, -32.080096437305883 ], [ -52.241781106458568, -32.080096437305883 ], [ -52.241794248711543, -32.080095231289079 ], [ -52.241803217602445, -32.080085549745526 ], [ -52.244480942785728, -32.076604507007254 ], [ -52.244487877086513, -32.076593423282738 ], [ -52.244476966501814, -32.07658621962964 ], [ -52.240167422559608, -32.074304696366113 ], [ -52.240119071126017, -32.074272767218673 ], [ -52.240077759559782, -32.074232138582445 ], [ -52.240045028934532, -32.074184326055253 ], [ -52.240022100223165, -32.07413111322051 ], [ -52.240009828751106, -32.074074485113002 ], [ -52.240008672289463, -32.074016554169781 ], [ -52.240018673978525, -32.073959481428453 ], [ -52.240039460718435, -32.073905395912554 ], [ -52.240710511678913, -32.0725632939916 ], [ -52.240715059501468, -32.072551534504285 ], [ -52.240702802276864, -32.072548580070965 ], [ -52.239118251166765, -32.072322215626656 ], [ -52.23906223337935, -32.072308618746916 ], [ -52.239009850225578, -32.072284558970388 ], [ -52.238963035730869, -32.072250924602102 ], [ -52.238923518321535, -32.072208957448218 ], [ -52.238892757010049, -32.072160206967595 ], [ -52.238871887527139, -32.072106473064622 ], [ -52.23886168038981, -32.072049739635382 ], [ -52.238862512453231, -32.071992101320731 ], [ -52.239047625189514, -32.07032608669423 ], [ -52.239060258804678, -32.070267173990452 ], [ -52.239084409856247, -32.070211973975901 ], [ -52.239119104167322, -32.070162713244301 ], [ -52.239162942279293, -32.070121378817525 ], [ -52.2392141559016, -32.070089637995402 ], [ -52.239270679238942, -32.07006877110215 ], [ -52.239330232318956, -32.070059619842134 ], [ -52.239390412959033, -32.070062553348208 ], [ -52.23944879366281, -32.070077453292022 ], [ -52.239503019537615, -32.070103718657045 ], [ -52.242431461642617, -32.071905836875509 ], [ -52.242478512486947, -32.071941630815303 ], [ -52.242517630482205, -32.071985956547394 ], [ -52.242547296551422, -32.072037092761718 ], [ -52.242566358666181, -32.072093053675395 ], [ -52.242574076583537, -32.072151666147022 ], [ -52.242570150592073, -32.072210654066708 ], [ -52.2423362924904, -32.073613802676768 ], [ -52.242335418336516, -32.073627141071675 ], [ -52.24234877413938, -32.073627688294756 ], [ -52.246901008259222, -32.073359909817114 ], [ -52.246913763611602, -32.073357933414187 ], [ -52.246912443840579, -32.073345093500414 ], [ -52.246648578045907, -32.072025764527041 ], [ -52.246644626301389, -32.07201269498686 ], [ -52.246631643779075, -32.072008466124096 ], [ -52.24423631942517, -32.071476171823228 ], [ -52.24420387729532, -32.071472610578333 ], [ -52.243426548122315, -32.071472610578333 ], [ -52.243412912252168, -32.071473953594314 ], [ -52.243412768337755, -32.071474428016558 ], [ -52.243400647125355, -32.071533208187105 ], [ -52.243375320616366, -32.071590888931048 ], [ -52.243338507238001, -32.071642009136959 ], [ -52.243291830255835, -32.071684314687602 ], [ -52.243237347865616, -32.071715940143086 ], [ -52.24317746243824, -32.071735490996439 ], [ -52.243114814588537, -32.071742105163572 ], [ -52.242949229217949, -32.071742105163572 ], [ -52.24289248338826, -32.071736689465276 ], [ -52.242837786347195, -32.071720637902324 ], [ -52.242787112912559, -32.071694530010852 ], [ -52.242742292631249, -32.071659308407291 ], [ -52.242704943724057, -32.071616244755489 ], [ -52.242676414660416, -32.071566893853749 ], [ -52.242657735472328, -32.071513037499372 ], [ -52.242649580565434, -32.071456620157463 ], [ -52.24265224436985, -32.071399678756698 ], [ -52.242870708941339, -32.069870426756282 ], [ -52.242871217286925, -32.069858450491616 ], [ -52.24286115957284, -32.069864972126211 ], [ -52.242012756485046, -32.070543694596445 ], [ -52.241961374632545, -32.070576822710457 ], [ -52.241904343794246, -32.070598846565424 ], [ -52.241844032376392, -32.070608851543255 ], [ -52.241782945022848, -32.070606422152039 ], [ -52.241723618600929, -32.070591659280808 ], [ -52.241668516849074, -32.070565176009723 ], [ -52.241619928061432, -32.07052807214982 ], [ -52.241579870058381, -32.070481888569446 ], [ -52.24155000638946, -32.070428543204287 ], [ -52.241531577248622, -32.070370251408363 ], [ -52.241525347970779, -32.070309433953611 ], [ -52.241525347970779, -32.068522192451852 ], [ -52.241524158745648, -32.068509498820376 ], [ -52.241511411423822, -32.068509718645956 ], [ -52.23958831830501, -32.068723395659163 ], [ -52.239527064398501, -32.068723909321712 ], [ -52.23946698306429, -32.06871197038577 ], [ -52.23941057922999, -32.068688076612752 ], [ -52.239360204499881, -32.068653224188466 ], [ -52.239317959111155, -32.068608866189827 ], [ -52.239285604370245, -32.068556852002793 ], [ -52.23926448921997, -32.068499350217245 ], [ -52.239255493999025, -32.068438758213546 ], [ -52.239258993738638, -32.06837760221029 ], [ -52.239274842526704, -32.068318431940483 ], [ -52.241250717286611, -32.063131760695732 ], [ -52.241254409607308, -32.063118307974662 ], [ -52.241250170141043, -32.06310501753218 ], [ -52.240527378534615, -32.061418503783869 ], [ -52.240509496306885, -32.061361841624688 ], [ -52.24050313195437, -32.061302766508362 ], [ -52.240508535127603, -32.061243595737949 ], [ -52.240525493879645, -32.061186650368683 ], [ -52.240553342980014, -32.061134164161345 ], [ -52.240590990009267, -32.06108819595994 ], [ -52.242053580617181, -32.059625605352025 ], [ -52.242060520447801, -32.05961709458316 ], [ -52.242049710417554, -32.059619027891863 ], [ -52.241594783423757, -32.059749007032948 ], [ -52.241538785125854, -32.059759384396756 ], [ -52.241481834751411, -32.059758992098651 ], [ -52.241425984728032, -32.059747844276622 ], [ -52.241373247827923, -32.059726342685657 ], [ -52.241325524629794, -32.059695262218995 ], [ -52.241284535024192, -32.059655722981773 ], [ -52.241251756230518, -32.059609149923766 ], [ -52.241228369559721, -32.059557221485726 ], [ -52.241215217841194, -32.05950180911033 ], [ -52.241212775048119, -32.059444909797428 ], [ -52.241221129216015, -32.059388574134417 ], [ -52.241239979270041, -32.059334832395422 ], [ -52.242499210826544, -32.056606497356356 ], [ -52.24252919598581, -32.056555463706843 ], [ -52.242568617458041, -32.056511310669748 ], [ -52.242615940634032, -32.056475757045845 ], [ -52.242669323305002, -32.056450186875757 ], [ -52.24272668737661, -32.056435595561652 ], [ -52.2427857997655, -32.05643255111795 ], [ -52.242844359329403, -32.05644117205955 ], [ -52.243318486088995, -32.056559703749443 ], [ -52.24337453993769, -32.056579809578295 ], [ -52.243425518095322, -32.056610591159668 ], [ -52.243469411864844, -32.05665083560406 ], [ -52.243504491696001, -32.056698957155916 ], [ -52.243529375334973, -32.056753059677284 ], [ -52.243543082289435, -32.056811011361525 ], [ -52.243545072462993, -32.056870528733079 ], [ -52.243535267436656, -32.056929266623456 ], [ -52.243514053558783, -32.056984910578137 ], [ -52.242879448931298, -32.058254119833109 ], [ -52.242876916071097, -32.058260749770838 ], [ -52.242881713338157, -32.058255519313519 ], [ -52.243564132559918, -32.057345627017831 ], [ -52.243602968385112, -32.057303066970263 ], [ -52.243649223992122, -32.057268715874393 ], [ -52.243701193279392, -32.057243840743283 ], [ -52.243756959400784, -32.057229359076509 ], [ -52.243814465466912, -32.057225805018916 ], [ -52.243871590411928, -32.057233309659125 ], [ -52.247170470698663, -32.05799458972529 ], [ -52.247183216715641, -32.057996246858096 ], [ -52.247182508381542, -32.057983413101802 ], [ -52.246772381225817, -32.055317586589567 ], [ -52.246769290865785, -32.055256518871367 ], [ -52.24677864668822, -32.055196093006728 ], [ -52.246800060029742, -32.055138819231438 ], [ -52.246832641328631, -32.055087076835918 ], [ -52.246875037079342, -32.055043015323776 ], [ -52.246925486060391, -32.055008465116217 ], [ -52.246981892499733, -32.054984861512004 ], [ -52.247041913138162, -32.054973185061627 ], [ -52.247103054573962, -32.054973920832943 ], [ -52.247162776844789, -32.054987038260236 ], [ -52.247218598943817, -32.055011992414009 ], [ -52.247268201886762, -32.055047746638692 ], [ -52.251485216131137, -32.058796203744812 ], [ -52.251496218733728, -32.058804138021529 ], [ -52.251503487677361, -32.058792684966534 ], [ -52.252029050760584, -32.057741558800089 ], [ -52.252033945534052, -32.057728770355034 ], [ -52.252024012146528, -32.057719345338064 ] ], [ [ -52.229311571093319, -32.060264314856035 ], [ -52.22936918449129, -32.060264456639906 ], [ -52.229425708355507, -32.060275609061293 ], [ -52.229479058008145, -32.060297360803574 ], [ -52.229527265840673, -32.060328909632574 ], [ -52.229568553881954, -32.060369091984121 ], [ -52.229601399372264, -32.06041642587784 ], [ -52.229624590924765, -32.060469165574666 ], [ -52.229637273203117, -32.060525365962064 ], [ -52.229638978467463, -32.060582954292499 ], [ -52.229419610182042, -32.063873478573832 ], [ -52.229409218365738, -32.063934216862322 ], [ -52.229386635918594, -32.063991550644829 ], [ -52.229352815601466, -32.064043060990244 ], [ -52.229309184304647, -32.064086574660188 ], [ -52.229257582846849, -32.064120255798663 ], [ -52.229200188310529, -32.064142683387367 ], [ -52.229139422189995, -32.064152911198981 ], [ -52.229077848227817, -32.064150507718772 ], [ -52.225824859607961, -32.063685795058795 ], [ -52.22576746132674, -32.063671714844183 ], [ -52.225713937147532, -32.063646655367521 ], [ -52.225666364293254, -32.063611589163472 ], [ -52.225626589021523, -32.063567877118338 ], [ -52.225596154973132, -32.063517215655388 ], [ -52.22557624326479, -32.063461570898205 ], [ -52.225156010209496, -32.061780638677014 ], [ -52.22514748642768, -32.06172399918642 ], [ -52.225149882467555, -32.061666772044745 ], [ -52.225163110988497, -32.061611043300054 ], [ -52.225186689783463, -32.061558844380727 ], [ -52.225219759356456, -32.061512078045688 ], [ -52.225261114252916, -32.06147244902489 ], [ -52.225309247001064, -32.061441401878362 ], [ -52.225362403062341, -32.061420068339032 ], [ -52.229254993022913, -32.060275188938867 ], [ -52.229311571093319, -32.060264314856035 ] ], [ [ -52.227011309483963, -32.059981911573999 ], [ -52.22700979987065, -32.059922781963785 ], [ -52.227019920978933, -32.059864505442746 ], [ -52.227041279368763, -32.059809347406876 ], [ -52.227073044770748, -32.059759452026597 ], [ -52.227113982361466, -32.059716758895966 ], [ -52.227162500764969, -32.05968292763442 ], [ -52.227216713914721, -32.059659273371992 ], [ -52.227274514371061, -32.059646715626023 ], [ -52.227333655244173, -32.059645742556533 ], [ -52.22739183753793, -32.059656391989854 ], [ -52.227446799519264, -32.059678249948227 ], [ -52.227496404639027, -32.059710466742459 ], [ -52.227730248190213, -32.05989754158341 ], [ -52.227770705621879, -32.059936668654849 ], [ -52.227803142852061, -32.059982663845851 ], [ -52.227826418187021, -32.060033908262909 ], [ -52.22783971240441, -32.060088598255419 ], [ -52.227842557587437, -32.060144808898805 ], [ -52.227834853594153, -32.060200561746129 ], [ -52.227816871582128, -32.060253894463486 ], [ -52.227789244464553, -32.060302929898334 ], [ -52.227752944633522, -32.060345942149659 ], [ -52.227709249734815, -32.060381417314545 ], [ -52.227568943604105, -32.060474954735021 ], [ -52.227514891513017, -32.060503504502655 ], [ -52.227456174421746, -32.060520505119577 ], [ -52.227395230210291, -32.060525250735708 ], [ -52.227334589226622, -32.060517544317399 ], [ -52.227276769229, -32.060497705828105 ], [ -52.227224170850896, -32.060466558943766 ], [ -52.227178977928929, -32.060425396854576 ], [ -52.227143066831921, -32.060375928572874 ], [ -52.22711792855582, -32.060320207976524 ], [ -52.227024391135345, -32.060039595715097 ], [ -52.227011309483963, -32.059981911573999 ] ], [ [ -52.23182153643301, -32.042481670142088 ], [ -52.23188195326906, -32.042488156239585 ], [ -52.231939823817207, -32.042506683603001 ], [ -52.23199277392952, -32.042536492144478 ], [ -52.232038631319668, -32.042576358964105 ], [ -52.232075514681327, -32.042624648519613 ], [ -52.232101910869041, -32.042679379724724 ], [ -52.232116736975229, -32.042738307223516 ], [ -52.232119384756651, -32.042799013506482 ], [ -52.232109745587692, -32.042859008089238 ], [ -52.232088214916693, -32.042915829685001 ], [ -52.231636966277726, -32.043818326962928 ], [ -52.231607794673408, -32.043865282025081 ], [ -52.231570503012264, -32.043906087568452 ], [ -52.231526357454065, -32.043939358126785 ], [ -52.23147685686822, -32.043963964068382 ], [ -52.231423681942829, -32.043979069950339 ], [ -52.231368638120429, -32.043984162884279 ], [ -52.23091917986455, -32.043984162884279 ], [ -52.230861011564116, -32.043978469610032 ], [ -52.230805051050929, -32.04396160587644 ], [ -52.23075342231531, -32.043934211749239 ], [ -52.230708084934257, -32.043897326976946 ], [ -52.230670759695414, -32.043852351527072 ], [ -52.230642863284238, -32.043800992450066 ], [ -52.230625454513529, -32.043745199088015 ], [ -52.23061919413599, -32.04368708908698 ], [ -52.230624319765276, -32.04362886802145 ], [ -52.230640636857281, -32.043572745681374 ], [ -52.23095470463943, -32.042787576225983 ], [ -52.2309821585661, -32.042734815861593 ], [ -52.231019481337434, -32.042688508358097 ], [ -52.231065206013383, -32.042650473792897 ], [ -52.231117535424083, -32.042622207082516 ], [ -52.231174412806162, -32.042604819226177 ], [ -52.231761051918859, -32.042487491403641 ], [ -52.23182153643301, -32.042481670142088 ] ], [ [ -52.232464879973477, -32.045177848537818 ], [ -52.232467973247381, -32.045118598636606 ], [ -52.232482666371347, -32.045061116193679 ], [ -52.232508384661536, -32.045007649487346 ], [ -52.232544122212985, -32.04496028973066 ], [ -52.232588481243049, -32.044920889279034 ], [ -52.232639726762052, -32.044890989180054 ], [ -52.232695854432968, -32.044871758899404 ], [ -52.232754668965931, -32.044863950580172 ], [ -52.232813869981349, -32.044867869624746 ], [ -52.233175782010534, -32.044928188296275 ], [ -52.233234429517616, -32.044944208129344 ], [ -52.233288642973442, -32.044971722967993 ], [ -52.233336195912621, -32.045009602819015 ], [ -52.233375135407194, -32.045056292013705 ], [ -52.233403862270478, -32.045109873096784 ], [ -52.233421196733232, -32.04516814557347 ], [ -52.233426426895051, -32.045228716280462 ], [ -52.233419337961031, -32.045289097669588 ], [ -52.233400221063064, -32.045346809967675 ], [ -52.233369861303501, -32.045399483017121 ], [ -52.233329505512181, -32.045444953614712 ], [ -52.233280811040977, -32.045481354351139 ], [ -52.232979217683322, -32.045662310365735 ], [ -52.23292880725203, -32.045686481802854 ], [ -52.23287478730942, -32.045700880266494 ], [ -52.232819033830005, -32.045705005734817 ], [ -52.232763482989625, -32.045698714940841 ], [ -52.23271006392698, -32.045682226347779 ], [ -52.232660631749567, -32.045656112562305 ], [ -52.232616903110561, -32.045621280449453 ], [ -52.232580396593818, -32.045578939639462 ], [ -52.232552379977356, -32.04553056052044 ], [ -52.232533826206648, -32.045477823175531 ], [ -52.232473507535119, -32.045236548489406 ], [ -52.232464879973477, -32.045177848537818 ] ], [ [ -52.236960690446381, -32.065975055100516 ], [ -52.236955358704492, -32.065917889902714 ], [ -52.2369610145428, -32.065860755860285 ], [ -52.236977450813889, -32.065805745531222 ], [ -52.237004065532503, -32.065754873691631 ], [ -52.237039883923558, -32.065710003543714 ], [ -52.237083594123618, -32.06567277847526 ], [ -52.237133595228492, -32.065644561869817 ], [ -52.237188055926978, -32.065626387172273 ], [ -52.237244981573426, -32.065618920038446 ], [ -52.237302287242429, -32.065622433955213 ], [ -52.237357874090108, -32.065636800223913 ], [ -52.237409706225115, -32.065661492674003 ], [ -52.237895508404186, -32.065952973981446 ], [ -52.237943608673675, -32.065988829890081 ], [ -52.237983612598164, -32.066033539711533 ], [ -52.238013920339768, -32.066085315409573 ], [ -52.238033319830585, -32.066142086369275 ], [ -52.238041035245715, -32.066201582205082 ], [ -52.238036758030091, -32.066261423558139 ], [ -52.238020659238231, -32.066319217251646 ], [ -52.237993382693382, -32.066372651998869 ], [ -52.237956019239782, -32.066419590836134 ], [ -52.237910063117532, -32.066458156584368 ], [ -52.237857352204955, -32.066486806921255 ], [ -52.237799994518099, -32.066504396061866 ], [ -52.237458133725418, -32.066572768220404 ], [ -52.237399045316735, -32.066578593910535 ], [ -52.237339966840544, -32.066572668342509 ], [ -52.237283212452411, -32.066555223626011 ], [ -52.237231005271362, -32.06652694308584 ], [ -52.237185390298322, -32.066488934495489 ], [ -52.237148154311683, -32.066442686684674 ], [ -52.237120755877605, -32.066390011220598 ], [ -52.236976814491214, -32.066030157754618 ], [ -52.236960690446381, -32.065975055100516 ] ], [ [ -52.239907352536044, -32.076060076269478 ], [ -52.239964913035728, -32.07607800485426 ], [ -52.240017726551137, -32.076107080236753 ], [ -52.240063660211227, -32.076146128209146 ], [ -52.240100858987532, -32.076193571821129 ], [ -52.240127820609423, -32.076247495064926 ], [ -52.240143456233234, -32.07630572025316 ], [ -52.240147134415096, -32.076365895964663 ], [ -52.240138706611845, -32.076425592006487 ], [ -52.240118513179858, -32.076482397557108 ], [ -52.240087369629833, -32.076534018527347 ], [ -52.239789109617739, -32.076931698543468 ], [ -52.239748854899219, -32.076975532907511 ], [ -52.239700739329798, -32.077010558409846 ], [ -52.239646656467691, -32.07703539664368 ], [ -52.239588734710175, -32.077049070115834 ], [ -52.239529253531877, -32.077051040715325 ], [ -52.239470553777451, -32.077041230890465 ], [ -52.239414945539089, -32.077020026700765 ], [ -52.239332616480631, -32.076978862171536 ], [ -52.239281008171268, -32.076946094239773 ], [ -52.239237113864121, -32.076903544918423 ], [ -52.239202756223925, -32.076852981023123 ], [ -52.239179361915411, -32.076796502166225 ], [ -52.239167902362531, -32.076736453572607 ], [ -52.239168853411108, -32.076675328696709 ], [ -52.239182175569866, -32.076615665684436 ], [ -52.239301014065497, -32.076259150197544 ], [ -52.239326765537207, -32.076202377977452 ], [ -52.239363694370738, -32.076152153635512 ], [ -52.239410205969513, -32.076110645871793 ], [ -52.239464291950668, -32.076079647002267 ], [ -52.239523616867551, -32.076060495566132 ], [ -52.239585619054914, -32.076054018527344 ], [ -52.239847369629835, -32.076054018527344 ], [ -52.239907352536044, -32.076060076269478 ] ], [ [ -52.240176242320487, -32.06016853251549 ], [ -52.240121766316385, -32.060658816552362 ], [ -52.240109020539499, -32.060718076478906 ], [ -52.240084622696394, -32.060773564666604 ], [ -52.240049568813753, -32.060823015844896 ], [ -52.240005289944413, -32.060864411200342 ], [ -52.239953593745533, -32.060896060793439 ], [ -52.2398965906821, -32.060916672549354 ], [ -52.23983660786854, -32.060925405006024 ], [ -52.239776094065704, -32.060921901666383 ], [ -52.239717519711753, -32.060906305552059 ], [ -52.239663276068065, -32.060879253364689 ], [ -52.239615577597469, -32.060841849492896 ], [ -52.239576371560204, -32.060795620926356 ], [ -52.239547258518229, -32.060742454917388 ], [ -52.239529426993272, -32.060684521935073 ], [ -52.239390269903403, -32.059988736485707 ], [ -52.239384444211147, -32.059930152689695 ], [ -52.239390171847667, -32.059871559225684 ], [ -52.239407232235322, -32.059815212592966 ], [ -52.23943496835966, -32.059763282762887 ], [ -52.239472312071754, -32.059717769610813 ], [ -52.239517825223835, -32.059680425898712 ], [ -52.239569755053914, -32.059652689774381 ], [ -52.239626101686632, -32.059635629386726 ], [ -52.239684695150643, -32.059629901750206 ], [ -52.239743278946655, -32.059635727442462 ], [ -52.239993914232727, -32.059685854499676 ], [ -52.240050534217495, -32.059703134890043 ], [ -52.24010265860359, -32.059731197016497 ], [ -52.240148257763231, -32.059768948191397 ], [ -52.240185556148958, -32.059814918453405 ], [ -52.240213101430186, -32.059867317805015 ], [ -52.240229821044295, -32.059924105911783 ], [ -52.240235063960256, -32.059983071549226 ], [ -52.240228626028554, -32.060041918703803 ], [ -52.240210757930413, -32.060098355975491 ], [ -52.240182155416726, -32.060150185800666 ], [ -52.240179236897774, -32.060154423625981 ], [ -52.240176242320487, -32.06016853251549 ] ] ] ] } },
{ "type": "Feature", "properties": { "tipo_classe": "Formacao Campestre", "classe": 12 }, "geometry": { "type": "MultiPolygon", "coordinates": [ [ [ [ -52.143685299099822, -32.1725280121304 ], [ -52.13947750317913, -32.170950088660142 ], [ -52.139421765127629, -32.170922280438738 ], [ -52.139372971251298, -32.170883561125784 ], [ -52.139333225123309, -32.170835599965741 ], [ -52.137779012417205, -32.168504280906582 ], [ -52.137768954929918, -32.16849226775502 ], [ -52.137753663996641, -32.168488853634535 ], [ -52.132933520655868, -32.167953282152226 ], [ -52.132919942689746, -32.167953098355369 ], [ -52.132914419612071, -32.167965503618746 ], [ -52.132820673940799, -32.168246740632576 ], [ -52.134432743175502, -32.168563227283137 ], [ -52.138133784736702, -32.170582590740331 ], [ -52.138143579176813, -32.171370130641222 ], [ -52.138287432520706, -32.171655246429168 ], [ -52.139080491935353, -32.172244795341811 ], [ -52.138832123402011, -32.17258117672921 ], [ -52.137289789415888, -32.17266665537398 ], [ -52.13655641121715, -32.172362969150562 ], [ -52.136449215405435, -32.172769680023087 ], [ -52.136883438098465, -32.17383981621289 ], [ -52.138215936710274, -32.174872814424639 ], [ -52.14045087991213, -32.175493631980707 ], [ -52.140463769585644, -32.175495899887451 ], [ -52.140466324160052, -32.175483063952207 ], [ -52.140709724148763, -32.173049064065118 ], [ -52.14072135900156, -32.172991154221094 ], [ -52.140744114836899, -32.172936646498769 ], [ -52.140777109507155, -32.1728876539323 ], [ -52.140819063948335, -32.172846075756532 ], [ -52.14086835176397, -32.17281352378172 ], [ -52.14092306227365, -32.172791259910419 ], [ -52.140981074582015, -32.17278014721888 ], [ -52.143684439387386, -32.172534386782033 ], [ -52.143694459556173, -32.172532492846408 ], [ -52.143685299099822, -32.1725280121304 ] ] ], [ [ [ -52.154761416345742, -32.086560500259857 ], [ -52.15474929080753, -32.086565211972179 ], [ -52.154748091524837, -32.086578165374377 ], [ -52.154748091524837, -32.088167425678549 ], [ -52.154749303610245, -32.088180525752975 ], [ -52.154760478612012, -32.088187468406538 ], [ -52.155749952293966, -32.088682205247515 ], [ -52.155550664078781, -32.086428615563122 ], [ -52.155513967919312, -32.086345485524546 ], [ -52.154761416345742, -32.086560500259857 ] ] ], [ [ [ -52.15530061354481, -32.091151515093195 ], [ -52.155289952275218, -32.091148137396061 ], [ -52.15529507914772, -32.091158076545177 ], [ -52.156841650715961, -32.093548232605187 ], [ -52.156544095564954, -32.091684435958975 ], [ -52.15530061354481, -32.091151515093195 ] ] ], [ [ [ -52.157773456767963, -32.094988296503736 ], [ -52.157668885392106, -32.094333364059622 ], [ -52.15721431613678, -32.093860163468818 ], [ -52.157006732641122, -32.0938033592168 ], [ -52.157773456767963, -32.094988296503736 ] ] ], [ [ [ -52.158104109709392, -32.095499305595041 ], [ -52.158129481896907, -32.095283862167172 ], [ -52.157872528930348, -32.095141408027416 ], [ -52.158104109709392, -32.095499305595041 ] ] ], [ [ [ -52.176347693694865, -32.123493431951225 ], [ -52.176311897045814, -32.123542571854131 ], [ -52.176266928366807, -32.123583485764357 ], [ -52.176214634436633, -32.123614493424817 ], [ -52.176157162868293, -32.123634321409426 ], [ -52.176096873910637, -32.123642155420271 ], [ -52.176036243517373, -32.12363767372932 ], [ -52.175977761664321, -32.123621060391159 ], [ -52.175923830090817, -32.123592997684227 ], [ -52.175876663664795, -32.123554638090944 ], [ -52.175838199422351, -32.123507556967397 ], [ -52.175810017017334, -32.123453687846478 ], [ -52.175557783433831, -32.122823103887733 ], [ -52.175541545629919, -32.12276740269116 ], [ -52.175536333576801, -32.122709617536685 ], [ -52.175542342222037, -32.122651909775009 ], [ -52.175559346822965, -32.122596437862093 ], [ -52.175586711352793, -32.122545276625956 ], [ -52.176030130318594, -32.121880148177247 ], [ -52.176035755599678, -32.121869640544958 ], [ -52.176023858491511, -32.121870356743798 ], [ -52.171509007623804, -32.12258322793344 ], [ -52.17145121427577, -32.122586697141415 ], [ -52.171393830800078, -32.122579000181098 ], [ -52.171338994480287, -32.122560423730619 ], [ -52.171288747729541, -32.12253165968152 ], [ -52.171244962019614, -32.122493779368867 ], [ -52.171209268176732, -32.122448193668681 ], [ -52.171182995640493, -32.122396600448972 ], [ -52.171167122947985, -32.122340921331578 ], [ -52.171162241287604, -32.122283230120182 ], [ -52.171168532479861, -32.122225675560145 ], [ -52.17118576220534, -32.12217040130718 ], [ -52.171213288732112, -32.122119466085529 ], [ -52.171250086817409, -32.122074767009487 ], [ -52.171985829708639, -32.121339024118257 ], [ -52.171993964552392, -32.121329207456192 ], [ -52.171984795394486, -32.12132034917861 ], [ -52.170774594466991, -32.12035218843662 ], [ -52.168114003263049, -32.122038971973922 ], [ -52.168022256174524, -32.122864695770687 ], [ -52.168009348832257, -32.122924453341092 ], [ -52.167984595156952, -32.122980353450778 ], [ -52.167949023132074, -32.123030074650998 ], [ -52.167904110011136, -32.123071552093933 ], [ -52.167851720969537, -32.123103063282812 ], [ -52.167794031646572, -32.123123299604636 ], [ -52.167733437794396, -32.12313142067493 ], [ -52.167672455785933, -32.123127089237663 ], [ -52.167613618113684, -32.123110485171019 ], [ -52.167559368219038, -32.123082298017287 ], [ -52.167511959019762, -32.123043698347225 ], [ -52.167130660435781, -32.122662399763243 ], [ -52.16110666075982, -32.126481544721358 ], [ -52.162280809063212, -32.126716374382035 ], [ -52.162293626536766, -32.12671776643905 ], [ -52.162304227078245, -32.12671042791267 ], [ -52.165393843622667, -32.124135747459 ], [ -52.165446292218384, -32.124100676722009 ], [ -52.165504915792908, -32.124077351021683 ], [ -52.165567121352737, -32.12406680208273 ], [ -52.165630157468676, -32.12406949649781 ], [ -52.165691235975039, -32.124085315089616 ], [ -52.167489168648629, -32.124759539842209 ], [ -52.167543384400837, -32.124786385630721 ], [ -52.167591111594874, -32.1248235630311 ], [ -52.167630409301424, -32.124869560144148 ], [ -52.167659679394482, -32.124922506398036 ], [ -52.167677731542575, -32.124980248619146 ], [ -52.167683831616159, -32.125040438595477 ], [ -52.167683831616159, -32.125911498543267 ], [ -52.167677328696605, -32.125973623125894 ], [ -52.167658101857711, -32.12603305443411 ], [ -52.167626984636712, -32.126087215954456 ], [ -52.167585326052169, -32.126133759633554 ], [ -52.167534932120248, -32.126170667672724 ], [ -52.167477987558854, -32.126196340005237 ], [ -52.167416961073982, -32.126209663663673 ], [ -52.165273943121242, -32.126447776769538 ], [ -52.165259879006641, -32.126450847329139 ], [ -52.16525838034903, -32.12646516451052 ], [ -52.16525838034903, -32.128321221270326 ], [ -52.165259677690869, -32.12833438556045 ], [ -52.165272840769092, -32.128333075979086 ], [ -52.167938398790533, -32.127799964374795 ], [ -52.167952054615377, -32.127795758149318 ], [ -52.167955700424621, -32.127781942145496 ], [ -52.168703168471126, -32.123047977850987 ], [ -52.168718309199463, -32.122990204593755 ], [ -52.168744594323506, -32.122936575467719 ], [ -52.168780982078836, -32.122889215968485 ], [ -52.168826030301098, -32.122850003106088 ], [ -52.168877953583625, -32.122820491013016 ], [ -52.168934694038896, -32.122801849348903 ], [ -52.168994002859279, -32.122794816943156 ], [ -52.169053529444518, -32.122799672512748 ], [ -52.169110914563625, -32.122816223615757 ], [ -52.170095740788831, -32.123210154105834 ], [ -52.170108961184425, -32.123214003651128 ], [ -52.170119596235146, -32.123205257591749 ], [ -52.170435239193239, -32.122889614633657 ], [ -52.170479220859292, -32.12285330059008 ], [ -52.170529280407685, -32.122825966758931 ], [ -52.170583608410048, -32.122808601135731 ], [ -52.170640241152547, -32.12280183140993 ], [ -52.170697131615306, -32.122805902276795 ], [ -52.170752223463026, -32.122820666592723 ], [ -52.170803525372278, -32.122845590693849 ], [ -52.170849183008926, -32.122879773685611 ], [ -52.170887546053997, -32.122921980006026 ], [ -52.17091722785532, -32.122970684085736 ], [ -52.170937155548778, -32.123024125490502 ], [ -52.170946608837546, -32.123080372553019 ], [ -52.171186200173658, -32.126434651258641 ], [ -52.171188545317321, -32.126448271433418 ], [ -52.171202062691634, -32.126451150573942 ], [ -52.172059278054732, -32.126546396725395 ], [ -52.174150301996342, -32.125182689107994 ], [ -52.174014056285387, -32.125494230836608 ], [ -52.172302324189381, -32.126573401851466 ], [ -52.173596688694623, -32.126717220129819 ], [ -52.173612141450626, -32.126717270781242 ], [ -52.173624526885284, -32.126708030043027 ], [ -52.176784695609385, -32.123773587656359 ], [ -52.175543461290445, -32.124465667490654 ], [ -52.175624072545112, -32.124190442137696 ], [ -52.177165927071961, -32.123042406213159 ], [ -52.177190905986826, -32.122803498485474 ], [ -52.177010958926331, -32.122356405840129 ], [ -52.176347693694865, -32.123493431951225 ] ] ], [ [ [ -52.169311857208854, -32.119181998630111 ], [ -52.169301335021821, -32.11917509876875 ], [ -52.169295826779454, -32.119186411760047 ], [ -52.168932832568011, -32.120154396323905 ], [ -52.168907747670538, -32.120205773270335 ], [ -52.168873371492431, -32.120251458290682 ], [ -52.168830952592799, -32.120289792083341 ], [ -52.168782031646202, -32.120319382346764 ], [ -52.168728385484634, -32.120339154348557 ], [ -52.168671962562144, -32.120348389960213 ], [ -52.168614812186036, -32.120346753739952 ], [ -52.168559010085104, -32.120334305116053 ], [ -52.168506583018122, -32.12031149622846 ], [ -52.16845943516104, -32.120279155506786 ], [ -52.168419278946409, -32.120238457581387 ], [ -52.16838757286699, -32.120190880620221 ], [ -52.168365468502635, -32.120138152641104 ], [ -52.168353768694338, -32.120082188749251 ], [ -52.168224435305085, -32.118918188245971 ], [ -52.16822158531032, -32.118904687688065 ], [ -52.168208817283499, -32.118899456528908 ], [ -52.166075667522705, -32.118259511600669 ], [ -52.166020890639018, -32.118236973623013 ], [ -52.165971609623341, -32.118204112568307 ], [ -52.165929745596088, -32.118162209458092 ], [ -52.16589693054145, -32.118112897800124 ], [ -52.165874443687748, -32.118058099909348 ], [ -52.165863161639358, -32.117999951970368 ], [ -52.165863524204056, -32.117940720762633 ], [ -52.16587551724799, -32.117882715294613 ], [ -52.165898673246666, -32.117828196791812 ], [ -52.165932089510463, -32.117779290547453 ], [ -52.165974463374113, -32.117737903072268 ], [ -52.166698186006528, -32.117158924966333 ], [ -52.166744474969633, -32.117128449377645 ], [ -52.166795579919054, -32.117107008441188 ], [ -52.166849756796402, -32.117095333871703 ], [ -52.166905156707614, -32.117093824087178 ], [ -52.166959889020163, -32.117102530612023 ], [ -52.16701208588465, -32.117121156318703 ], [ -52.167059965978908, -32.117149065567801 ], [ -52.168749463530439, -32.118355849533174 ], [ -52.168759017235963, -32.118361309288083 ], [ -52.168755393698461, -32.118350919283728 ], [ -52.166881421506041, -32.114335264585677 ], [ -52.166874834695513, -32.114324081836457 ], [ -52.166863397630365, -32.114330216450888 ], [ -52.164535299768517, -32.115882281692123 ], [ -52.164476879826076, -32.11591255610837 ], [ -52.16441326504313, -32.115929366502336 ], [ -52.164347515594656, -32.115931904213774 ], [ -52.15691857714048, -32.115401265752759 ], [ -52.156905767723366, -32.115401595317877 ], [ -52.156908331846566, -32.115414149801268 ], [ -52.157919982678244, -32.118702015004224 ], [ -52.15793191891624, -32.118762022563061 ], [ -52.157931432539243, -32.11882320380473 ], [ -52.157918543777186, -32.118883014010443 ], [ -52.157893788713906, -32.118938965487075 ], [ -52.157858196989757, -32.11898873103808 ], [ -52.157813248975629, -32.119030240758875 ], [ -52.156915813633312, -32.119703317265611 ], [ -52.156908483100196, -32.119710030457057 ], [ -52.156918315882159, -32.119708574416691 ], [ -52.157707367206548, -32.11951131158559 ], [ -52.157763376391891, -32.119502822388796 ], [ -52.15781998287909, -32.119505013487164 ], [ -52.157875168272447, -32.119517806753535 ], [ -52.157926964847675, -32.119540746023354 ], [ -52.157973525714254, -32.119573013359911 ], [ -52.158013190669308, -32.119613458219227 ], [ -52.158044545394837, -32.119660638474542 ], [ -52.158066471887473, -32.119712871837692 ], [ -52.159325339514332, -32.123741248243661 ], [ -52.159330313841004, -32.123753152913601 ], [ -52.15934311408693, -32.123751534644512 ], [ -52.161739327066734, -32.12321904287122 ], [ -52.161753872233902, -32.123214137592555 ], [ -52.161762614671403, -32.123201520404493 ], [ -52.163364757836533, -32.120264257935069 ], [ -52.16337866197685, -32.120231347746866 ], [ -52.163382458393691, -32.120218874647698 ], [ -52.163408989457324, -32.12016856876545 ], [ -52.163444537701885, -32.120124173929774 ], [ -52.163487825531718, -32.120087285680775 ], [ -52.163537297192256, -32.120059229773553 ], [ -52.163591174683489, -32.120041014530919 ], [ -52.164974245057067, -32.119715586207725 ], [ -52.164986927400093, -32.119711224087055 ], [ -52.164982159435851, -32.119698688679655 ], [ -52.164532988988206, -32.118800347784372 ], [ -52.164512153355666, -32.118746085537026 ], [ -52.164502172658921, -32.118688823850334 ], [ -52.164503421563914, -32.118630712273976 ], [ -52.164515853187929, -32.118573932261697 ], [ -52.164539000859527, -32.118520615281568 ], [ -52.164571995636962, -32.118472762802718 ], [ -52.164613598927424, -32.118432171162034 ], [ -52.164662248982651, -32.118400364131418 ], [ -52.16471611952548, -32.118378535716779 ], [ -52.164773188306569, -32.118367505336195 ], [ -52.164831313017721, -32.118367687059759 ], [ -52.16488831171214, -32.118379074065729 ], [ -52.164942044712618, -32.118401238896652 ], [ -52.164990494933029, -32.118433349505686 ], [ -52.168095753305984, -32.120956371933715 ], [ -52.16813820645713, -32.120998556957908 ], [ -52.168171441092468, -32.121048329493725 ], [ -52.168194134530268, -32.12110370867925 ], [ -52.168205383610463, -32.121162490517456 ], [ -52.168204740638863, -32.121222335591568 ], [ -52.168148938991891, -32.121724550414342 ], [ -52.170484330575448, -32.120119977323384 ], [ -52.169311857208854, -32.119181998630111 ] ], [ [ -52.161077472940967, -32.119749924466078 ], [ -52.161111803582486, -32.119796125287387 ], [ -52.161136678874911, -32.119848032210463 ], [ -52.161151183100998, -32.11990373442103 ], [ -52.161154782326534, -32.11996118139146 ], [ -52.161147344055678, -32.120018258365477 ], [ -52.161129142108429, -32.120072864207224 ], [ -52.16110084654072, -32.12012298874896 ], [ -52.161063498978038, -32.120166786789987 ], [ -52.161018474270833, -32.120202646022797 ], [ -52.160967429883051, -32.120229246385811 ], [ -52.160912244877061, -32.120245608657953 ], [ -52.160854950740969, -32.12025113050602 ], [ -52.16082370558081, -32.12025113050602 ], [ -52.160767267497867, -32.120245773922356 ], [ -52.160712844850345, -32.120229895457975 ], [ -52.160662381101332, -32.120204062141681 ], [ -52.160617678339456, -32.120169196495617 ], [ -52.160580332925278, -32.120126543591446 ], [ -52.16055167848436, -32.120077626588156 ], [ -52.160532738282775, -32.12002419233923 ], [ -52.160524188685677, -32.119968149011491 ], [ -52.160526335003951, -32.119911497943427 ], [ -52.160539100591372, -32.119856262176278 ], [ -52.160545349623398, -32.119837515080185 ], [ -52.160568278613731, -32.119785667113995 ], [ -52.160600552199931, -32.119739058468561 ], [ -52.160641017874248, -32.119699353564606 ], [ -52.160688230584867, -32.119667970286393 ], [ -52.160740504339572, -32.119646029348289 ], [ -52.160795972413425, -32.119634314273441 ], [ -52.160852654010576, -32.119633243413695 ], [ -52.16090852499957, -32.119642855010056 ], [ -52.16096159019623, -32.119662805827055 ], [ -52.161009954612794, -32.119692383409891 ], [ -52.161034950740927, -32.119711130505983 ], [ -52.161077472940967, -32.119749924466078 ] ], [ [ -52.162502355161273, -32.120302727996219 ], [ -52.162559057851048, -32.120305750314827 ], [ -52.162614175340238, -32.120319402853902 ], [ -52.162665732996139, -32.120343196499178 ], [ -52.162711883720227, -32.120376278822313 ], [ -52.162750974122069, -32.120417464619877 ], [ -52.16278160375353, -32.120465278374326 ], [ -52.162802675281014, -32.120518007115699 ], [ -52.162813433798455, -32.120573761790304 ], [ -52.16281349387247, -32.120630544937704 ], [ -52.162802853350854, -32.12068632225153 ], [ -52.162781893439693, -32.12073909546028 ], [ -52.16275136504629, -32.12078697391717 ], [ -52.162712361877297, -32.12082824233422 ], [ -52.161486089236732, -32.121901230894721 ], [ -52.161438765105217, -32.121935134171522 ], [ -52.161385784073765, -32.12195925917738 ], [ -52.161329141175848, -32.121972697470291 ], [ -52.161270969334772, -32.121974943023034 ], [ -52.161213459047154, -32.12196591127794 ], [ -52.161158775898407, -32.121945942330939 ], [ -52.161108979016277, -32.121915788125072 ], [ -52.161065943533124, -32.121876584135592 ], [ -52.161031289976656, -32.121829806612944 ], [ -52.160618845183883, -32.12114239862499 ], [ -52.160594529668742, -32.121091597258562 ], [ -52.160580137771248, -32.121037146396361 ], [ -52.160576176729535, -32.120980965142756 ], [ -52.160582786149327, -32.120925033589252 ], [ -52.1605997330836, -32.120871323026726 ], [ -52.160626420242721, -32.120821726467916 ], [ -52.160661907045736, -32.120777991928712 ], [ -52.160704942770884, -32.120741660819888 ], [ -52.160754010636893, -32.120714013620507 ], [ -52.160807381261478, -32.120696024747858 ], [ -52.162446098694815, -32.12031044417531 ], [ -52.162502355161273, -32.120302727996219 ] ] ], [ [ [ -52.166885761295092, -32.122417500622554 ], [ -52.166875176974209, -32.122408812971372 ], [ -52.166863094405059, -32.12241525615817 ], [ -52.162955011779246, -32.125020644575379 ], [ -52.162907097344018, -32.125046635704678 ], [ -52.162855270799596, -32.125063527750108 ], [ -52.162801243188923, -32.125070763024198 ], [ -52.162746798222713, -32.125068102655817 ], [ -52.162693733390576, -32.125055634476496 ], [ -52.161229812592566, -32.124567660877155 ], [ -52.16121700802487, -32.124564737068546 ], [ -52.161213896782037, -32.124577497389026 ], [ -52.16095047942369, -32.126421418897415 ], [ -52.165637020712097, -32.123450409369568 ], [ -52.166989455335788, -32.12252119466325 ], [ -52.166885761295092, -32.122417500622554 ] ] ], [ [ [ -52.185457956920551, -32.15932116946059 ], [ -52.183676372180194, -32.158370990932404 ], [ -52.184210313332727, -32.15921943815902 ], [ -52.184974808479211, -32.160021777432746 ], [ -52.185462228623891, -32.15933938923019 ], [ -52.185468682857156, -32.159328265363037 ], [ -52.185457956920551, -32.15932116946059 ] ] ], [ [ [ -52.184120206041904, -32.066635684412276 ], [ -52.184121586076287, -32.066622260715 ], [ -52.184111474274907, -32.066613324741809 ], [ -52.181171285782632, -32.064475005838332 ], [ -52.181158040495056, -32.064467351635244 ], [ -52.181142826567473, -32.064465751362199 ], [ -52.177588746573072, -32.064465751362199 ], [ -52.177529621676463, -32.064459867404942 ], [ -52.177472816035618, -32.064442446339534 ], [ -52.177420557930283, -32.06441417153134 ], [ -52.177374897256847, -32.064376152098767 ], [ -52.177337625118312, -32.064329879406593 ], [ -52.17731020356581, -32.064277168565106 ], [ -52.176388601497898, -32.061973163395329 ], [ -52.176371524010115, -32.061912819893195 ], [ -52.176367365068465, -32.061850244482343 ], [ -52.176376306417708, -32.061788171693522 ], [ -52.176397957322997, -32.061729314093 ], [ -52.176431371644846, -32.061676243744081 ], [ -52.17647508918526, -32.061631279808545 ], [ -52.177913330517327, -32.060432745365155 ], [ -52.177921184333123, -32.060424776304465 ], [ -52.177909995589708, -32.060424795610203 ], [ -52.175243187862641, -32.060691476382914 ], [ -52.175230367288727, -32.060693943476089 ], [ -52.175222391793852, -32.060704280068606 ], [ -52.173602193207309, -32.063250306418894 ], [ -52.174211028300384, -32.06363041293779 ], [ -52.174734305981609, -32.064066411158109 ], [ -52.177789156500317, -32.064964896604785 ], [ -52.177849915176623, -32.064990301326276 ], [ -52.177903666748477, -32.065028351098192 ], [ -52.177947820977444, -32.065077212337279 ], [ -52.177980250112128, -32.065134530465684 ], [ -52.178210744080616, -32.065672349725496 ], [ -52.178836504063597, -32.065878773970603 ], [ -52.179176486059873, -32.066162023721255 ], [ -52.179295939670801, -32.066733737924189 ], [ -52.179745578661681, -32.066825023569379 ], [ -52.180413293862365, -32.066436921613025 ], [ -52.180973808493029, -32.066431699088703 ], [ -52.181988874301133, -32.066899589659378 ], [ -52.182333783062241, -32.06756466838123 ], [ -52.183012553815558, -32.068035687763398 ], [ -52.183582915312599, -32.068794128635936 ], [ -52.183682224564258, -32.068825591800483 ], [ -52.184120206041904, -32.066635684412276 ] ] ], [ [ [ -52.188159149104806, -32.146110068710108 ], [ -52.186555169887782, -32.142902110276069 ], [ -52.186547622603442, -32.142890170552761 ], [ -52.186533497807289, -32.142890077676029 ], [ -52.178137333150303, -32.143677218112622 ], [ -52.178075563403326, -32.143676621376471 ], [ -52.178015225346435, -32.143663385945786 ], [ -52.177958877217854, -32.143638072981894 ], [ -52.177908908089172, -32.143601755714457 ], [ -52.177867436572456, -32.143555973938206 ], [ -52.177836220994458, -32.14350266872809 ], [ -52.176583196714795, -32.140746015312821 ], [ -52.17657758801694, -32.140736307976141 ], [ -52.176574461308562, -32.140747074292648 ], [ -52.175771182236417, -32.145031229344049 ], [ -52.175769957805727, -32.14504414768588 ], [ -52.175779391856913, -32.145053057313476 ], [ -52.179531437143297, -32.148001092895626 ], [ -52.179542121551798, -32.14800809167842 ], [ -52.179553846723515, -32.148013157237642 ], [ -52.182761571511094, -32.149082398833499 ], [ -52.182775569107811, -32.149085584132102 ], [ -52.182789721841765, -32.149083180184697 ], [ -52.185723294118652, -32.148283115018273 ], [ -52.185739017100943, -32.148276810440507 ], [ -52.185752886840817, -32.148267084691568 ], [ -52.188154939652755, -32.146131926636514 ], [ -52.188163903694743, -32.146122318656829 ], [ -52.188159149104806, -32.146110068710108 ] ], [ [ -52.180817730092457, -32.144848487230895 ], [ -52.180874286289111, -32.144858606792226 ], [ -52.180927876166386, -32.144879322340849 ], [ -52.180976534161374, -32.144909874074429 ], [ -52.181018475602144, -32.144949141420248 ], [ -52.181052162165685, -32.144995684135445 ], [ -52.181076358300395, -32.145047795132044 ], [ -52.181090176543414, -32.145103563089343 ], [ -52.181093110070933, -32.145160942557077 ], [ -52.18108505128739, -32.145217828978204 ], [ -52.181066295771856, -32.145272135879594 ], [ -52.181037531436814, -32.145321871399403 ], [ -52.180264724368463, -32.146403801295087 ], [ -52.180224521437651, -32.146449470315126 ], [ -52.180175930863541, -32.146486088495656 ], [ -52.180120951303344, -32.146512149635285 ], [ -52.180061844209959, -32.146526581771276 ], [ -52.180001040812492, -32.146528791272189 ], [ -52.179941042113477, -32.14651868725548 ], [ -52.179884316016079, -32.146496685325744 ], [ -52.17983319581284, -32.146463690479806 ], [ -52.17892248961352, -32.145735125520353 ], [ -52.178880796064156, -32.145694545657257 ], [ -52.178847719494854, -32.145646681078382 ], [ -52.178824503980564, -32.145593332064855 ], [ -52.178812022702537, -32.145536505178207 ], [ -52.178810745106219, -32.145478337789619 ], [ -52.178820719244534, -32.145421017689195 ], [ -52.178841569970487, -32.145366700798867 ], [ -52.178929615332748, -32.145190610074344 ], [ -52.178961488704005, -32.145140141723132 ], [ -52.179002722968889, -32.145096982695478 ], [ -52.179051685724133, -32.145062841593145 ], [ -52.179106438607, -32.145039070011656 ], [ -52.179164814032227, -32.145026609032591 ], [ -52.180760281937637, -32.144849334820883 ], [ -52.180817730092457, -32.144848487230895 ] ], [ [ -52.185520593426766, -32.145496260332003 ], [ -52.185561005488474, -32.145453573375015 ], [ -52.185608965624205, -32.14541958607726 ], [ -52.185662632531894, -32.145395603290794 ], [ -52.185719945813126, -32.145382545771014 ], [ -52.185778705076643, -32.145380914826724 ], [ -52.185836654416541, -32.1453907730737 ], [ -52.185891569021784, -32.145411742030724 ], [ -52.185941340591917, -32.145443016650376 ], [ -52.185984058279665, -32.145483396226673 ], [ -52.186018082052826, -32.145531330492993 ], [ -52.186594684645641, -32.14654038503042 ], [ -52.186618737205521, -32.146594120253582 ], [ -52.186631832372647, -32.146651518131968 ], [ -52.186633465837609, -32.146710368209604 ], [ -52.186623574693854, -32.146768404104712 ], [ -52.186602539860303, -32.14682339079058 ], [ -52.186571171411735, -32.146873210668936 ], [ -52.18653067738191, -32.146915945121002 ], [ -52.18648261724082, -32.146949948395616 ], [ -52.186428841837838, -32.146973910988947 ], [ -52.186371422123379, -32.146986910074943 ], [ -52.185218216937749, -32.14713106072314 ], [ -52.185159455260795, -32.147132602264399 ], [ -52.185101520987111, -32.147122655859981 ], [ -52.185046638349306, -32.14710160337566 ], [ -52.184996914420537, -32.147070253065678 ], [ -52.184954258219022, -32.147029808541951 ], [ -52.184920307416341, -32.146981822564562 ], [ -52.18489636546343, -32.146928137427714 ], [ -52.184883351547995, -32.146870814229672 ], [ -52.184881765304759, -32.146812053742437 ], [ -52.184891667633323, -32.146754111918881 ], [ -52.184912678360078, -32.146699213281472 ], [ -52.185489280952893, -32.145546008095849 ], [ -52.185520593426766, -32.145496260332003 ] ] ], [ [ [ -52.194098696374404, -32.146405840914959 ], [ -52.194094667452198, -32.146396462958229 ], [ -52.194092261423137, -32.146406382096828 ], [ -52.193861602611626, -32.148020993777422 ], [ -52.193846836202425, -32.148080315848411 ], [ -52.193820350970604, -32.14813541292132 ], [ -52.19378324668746, -32.148183997148386 ], [ -52.193737064069147, -32.148224051120884 ], [ -52.193683720800117, -32.14825391163992 ], [ -52.193625431903286, -32.148272338778973 ], [ -52.193564617763528, -32.148278567370554 ], [ -52.191527579526927, -32.148278567370554 ], [ -52.191466375711286, -32.148272257841882 ], [ -52.191407746343842, -32.148253594656893 ], [ -52.191354157582431, -32.148223362854914 ], [ -52.191307863559217, -32.148182834092097 ], [ -52.191270811563982, -32.148133713151047 ], [ -52.191244560134237, -32.148078066231662 ], [ -52.19123021349764, -32.148018234039498 ], [ -52.191228375124282, -32.147956733327433 ], [ -52.191239122342637, -32.147896151032178 ], [ -52.191664808576107, -32.146406249215048 ], [ -52.191667120553305, -32.146393566383367 ], [ -52.191654229751116, -32.146393729712905 ], [ -52.189257749654416, -32.146660005279202 ], [ -52.189245278049441, -32.146662622419882 ], [ -52.189249855991598, -32.146674514972283 ], [ -52.19031398735946, -32.148802777707999 ], [ -52.190322563392151, -32.148816049421136 ], [ -52.190337476873211, -32.14882127194808 ], [ -52.193648907490484, -32.149585448244373 ], [ -52.193700306954781, -32.149602315174945 ], [ -52.193747841709687, -32.149628138523944 ], [ -52.193789966137139, -32.14966207863133 ], [ -52.193825310538791, -32.149703031916296 ], [ -52.19385272567245, -32.149749666760819 ], [ -52.193871320120351, -32.14980046680791 ], [ -52.194525440834205, -32.152253419484872 ], [ -52.194749513979126, -32.151972080776616 ], [ -52.194775869170492, -32.150766529387859 ], [ -52.194716653359421, -32.150528414682483 ], [ -52.194065406493785, -32.150069147683055 ], [ -52.194213308885345, -32.149578470579456 ], [ -52.194645920441914, -32.149407315492468 ], [ -52.195119760444186, -32.149596666133007 ], [ -52.194098696374404, -32.146405840914959 ] ] ], [ [ [ -52.194755549496399, -32.153116326968103 ], [ -52.194806069468839, -32.153081379611571 ], [ -52.194724790409417, -32.153000980391916 ], [ -52.194755549496399, -32.153116326968103 ] ] ], [ [ [ -52.191683039191304, -32.152863522691852 ], [ -52.191675349667648, -32.1528623798133 ], [ -52.191681931764712, -32.152866516350848 ], [ -52.193098715425045, -32.153574908181014 ], [ -52.193150050168413, -32.153607460624912 ], [ -52.193193769324672, -32.153649692755529 ], [ -52.193228078019651, -32.153699870748014 ], [ -52.193251567722278, -32.153755934562994 ], [ -52.193263274071306, -32.153815582520828 ], [ -52.193262716466798, -32.153876365796137 ], [ -52.19310474296006, -32.155298127356737 ], [ -52.19332674107411, -32.154742188245031 ], [ -52.193713566543224, -32.154285059461529 ], [ -52.193759249609528, -32.153485071520009 ], [ -52.194093403948777, -32.153466113881215 ], [ -52.191683039191304, -32.152863522691852 ] ] ], [ [ [ -52.193017996675003, -32.156078843922273 ], [ -52.193017880507924, -32.156090841568449 ], [ -52.193027497249282, -32.156083666939843 ], [ -52.193250966359408, -32.155878820255566 ], [ -52.193062885120575, -32.155674847912138 ], [ -52.193017996675003, -32.156078843922273 ] ] ], [ [ [ -52.246902034173118, -32.052332400179338 ], [ -52.243425323516462, -32.050727764491654 ], [ -52.24341274192075, -32.05072340900503 ], [ -52.243408581422266, -32.050736056418415 ], [ -52.242876098443411, -32.053132229823291 ], [ -52.242874451612487, -32.053146117734016 ], [ -52.242886849012237, -32.053152590028397 ], [ -52.243955074995007, -32.053579880421502 ], [ -52.244008183579737, -32.053607562381174 ], [ -52.244054735240255, -32.053645242025084 ], [ -52.24409287473118, -32.053691417688526 ], [ -52.244121082061298, -32.053744249110906 ], [ -52.244138233070501, -32.053801630776498 ], [ -52.244143644231499, -32.053861275826577 ], [ -52.244137099890729, -32.053920807198701 ], [ -52.244118860862898, -32.053977852360866 ], [ -52.244089654036635, -32.05403013786519 ], [ -52.244050643405423, -32.054075579952681 ], [ -52.244003383678454, -32.054112367598286 ], [ -52.243949758320014, -32.054139034686521 ], [ -52.243891904486944, -32.054154518441287 ], [ -52.24383212785547, -32.054158201781163 ], [ -52.239850908523493, -32.054005077960703 ], [ -52.239793980066601, -32.05399738426788 ], [ -52.239739561782841, -32.053978980667537 ], [ -52.239689649034737, -32.053950541966962 ], [ -52.239646071979756, -32.053913110931809 ], [ -52.239610428463635, -32.053868060050895 ], [ -52.239584025431967, -32.05381704121092 ], [ -52.23956783100828, -32.053761925126565 ], [ -52.239562438995677, -32.053704732746709 ], [ -52.239568047103816, -32.053647561152047 ], [ -52.239584449699436, -32.053592506661133 ], [ -52.239611045346365, -32.053541587964389 ], [ -52.239646858858428, -32.053496672104529 ], [ -52.239690577056763, -32.053459406017431 ], [ -52.239740596920306, -32.053431156143724 ], [ -52.240973556170758, -32.052883174254639 ], [ -52.240984449397637, -32.052877058739689 ], [ -52.240977183130482, -32.052866896885725 ], [ -52.237619294741094, -32.048992410282587 ], [ -52.237584449665725, -32.048942868712615 ], [ -52.237560265867295, -32.048887337727329 ], [ -52.237547729116756, -32.048828080860062 ], [ -52.237547350432472, -32.04876751351712 ], [ -52.237559145250231, -32.04870810452195 ], [ -52.237582632794059, -32.048652275481857 ], [ -52.23909266976284, -32.045883874372429 ], [ -52.23909789012437, -32.04587148620692 ], [ -52.239085314075126, -32.04586673627999 ], [ -52.23507345237703, -32.044796906493829 ], [ -52.235057821418735, -32.044794536176376 ], [ -52.235044024730946, -32.044802256064386 ], [ -52.233182824204661, -32.046131685011737 ], [ -52.233173187589777, -32.046140084546856 ], [ -52.233183090006612, -32.046148169018252 ], [ -52.237056121778338, -32.048730190199407 ], [ -52.237099723196138, -32.04876557368484 ], [ -52.237135967037624, -32.048808462595183 ], [ -52.237163583530133, -32.048857354353352 ], [ -52.237181605152969, -32.048910536077528 ], [ -52.237189400533666, -32.048966144590509 ], [ -52.237186696567569, -32.049022231694579 ], [ -52.236980736249365, -32.050463953922041 ], [ -52.236965969840163, -32.050523275993029 ], [ -52.236939484608342, -32.050578373065939 ], [ -52.236902380325198, -32.050626957293005 ], [ -52.236856197706885, -32.050667011265503 ], [ -52.236802854437855, -32.050696871784538 ], [ -52.236744565541024, -32.050715298923592 ], [ -52.236683751401266, -32.050721527515172 ], [ -52.234787001592586, -32.050721527515172 ], [ -52.234724877009953, -32.050715024595618 ], [ -52.234665445701744, -32.050695797756724 ], [ -52.234611284181391, -32.050664680535718 ], [ -52.2345647405023, -32.050623021951182 ], [ -52.234527832463129, -32.05057262801926 ], [ -52.234502160130617, -32.05051568345786 ], [ -52.234488836472181, -32.050454656972988 ], [ -52.234250628448152, -32.048310784756723 ], [ -52.234248026191636, -32.048298529927806 ], [ -52.234237757913178, -32.048305707324822 ], [ -52.232373043104637, -32.049904034303573 ], [ -52.232363699451561, -32.049913671326181 ], [ -52.232360814954937, -32.049926780702101 ], [ -52.232101821676203, -32.05199872693192 ], [ -52.232085309142661, -32.052066125137621 ], [ -52.232053753401487, -32.052127926570407 ], [ -52.231707511774026, -32.052647289011595 ], [ -52.231672382651361, -32.052690630640555 ], [ -52.231629835764977, -32.052726718235647 ], [ -52.231581342552644, -32.052754303746667 ], [ -52.231528580099344, -32.052772433158736 ], [ -52.231473373137106, -32.052780479485861 ], [ -52.23141763093863, -32.05277816445458 ], [ -52.231363281287209, -32.052765568127732 ], [ -52.231312203806375, -32.052743126135567 ], [ -52.229476266003488, -32.051723160689519 ], [ -52.229425828420716, -32.0516879219687 ], [ -52.229383640776433, -32.051643134471888 ], [ -52.229351477631653, -32.051590682119048 ], [ -52.229330691881586, -32.051532771241007 ], [ -52.229322157848159, -32.051471837773406 ], [ -52.229326234502878, -32.051410444792644 ], [ -52.229342750367287, -32.051351174703868 ], [ -52.229371010725913, -32.051296520615907 ], [ -52.229409826848482, -32.051248781472324 ], [ -52.229926851909667, -32.050731756411139 ], [ -52.229934427407699, -32.050722559643695 ], [ -52.229922628615689, -32.050720899159089 ], [ -52.223966680684896, -32.05046194490123 ], [ -52.223911539657074, -32.050454379644194 ], [ -52.223858745090503, -32.050436758639577 ], [ -52.223810114154254, -32.050409688395717 ], [ -52.22376732070682, -32.050374100660193 ], [ -52.223731837682521, -32.050331220349449 ], [ -52.223704886393669, -32.050282523387608 ], [ -52.223687394493474, -32.050229685905734 ], [ -52.222933526332213, -32.0469629238736 ], [ -52.222929316398023, -32.046950417154505 ], [ -52.222916791372135, -32.046954572307371 ], [ -52.221203603223131, -32.047715989262478 ], [ -52.221146859176798, -32.047734697836198 ], [ -52.22108753300401, -32.047741790279183 ], [ -52.22102797790874, -32.047736985265928 ], [ -52.220970556175288, -32.047720473389823 ], [ -52.220917545467039, -32.04769290960315 ], [ -52.220871048481719, -32.047655387238073 ], [ -52.220832909546814, -32.047609394639004 ], [ -52.220804641463303, -32.047556756126674 ], [ -52.22078736549966, -32.047499559635483 ], [ -52.220781766916097, -32.047440073894442 ], [ -52.220788067783388, -32.047380658436886 ], [ -52.220806018174308, -32.047323670008318 ], [ -52.221222686770844, -32.046351443283065 ], [ -52.221249435624998, -32.046302282101671 ], [ -52.221284850386624, -32.046258944847331 ], [ -52.221327698494939, -32.046222939812019 ], [ -52.221376488682026, -32.046195520100149 ], [ -52.221429522874288, -32.046177640016097 ], [ -52.22148495529153, -32.046169921850947 ], [ -52.221540856686723, -32.04617263422454 ], [ -52.222888111365265, -32.046365099178615 ], [ -52.222943828475699, -32.04637859178694 ], [ -52.222995961769954, -32.046402436419548 ], [ -52.223007719608482, -32.04641083677469 ], [ -52.223015903186251, -32.046407729587486 ], [ -52.223075590993837, -32.046398038119861 ], [ -52.223136009804584, -32.04640051324138 ], [ -52.223184495132294, -32.046407439716766 ], [ -52.223197197002094, -32.046407941483324 ], [ -52.223191805506779, -32.046396429704792 ], [ -52.222523427610632, -32.045282466544549 ], [ -52.222497656085189, -32.045227616649271 ], [ -52.222483433897743, -32.0451687064471 ], [ -52.222481341421393, -32.045108139921041 ], [ -52.222491464045042, -32.045048388644688 ], [ -52.222513388688881, -32.044991890923249 ], [ -52.222546220661172, -32.044940952292215 ], [ -52.222588620168445, -32.044897651434042 ], [ -52.223997207377018, -32.043723828760228 ], [ -52.22400612380261, -32.043714828810465 ], [ -52.223990028149771, -32.043702951101878 ], [ -52.22394748546418, -32.043664791930034 ], [ -52.223912950832251, -32.043619257748468 ], [ -52.223887677478373, -32.043568000943289 ], [ -52.223872582545177, -32.043512881568432 ], [ -52.223868213811429, -32.043455899846286 ], [ -52.223874729813744, -32.043399123581814 ], [ -52.223891894093462, -32.043344613124148 ], [ -52.223919083777467, -32.043294346598735 ], [ -52.22395531218158, -32.043250148123327 ], [ -52.223999264616268, -32.043213621612708 ], [ -52.224049346095299, -32.043186092574373 ], [ -52.224103739216048, -32.043168560007302 ], [ -52.224160470111102, -32.043161660149359 ], [ -52.224217480077741, -32.04316564338891 ], [ -52.224262780617451, -32.043173193478864 ], [ -52.224275855366656, -32.04317403713717 ], [ -52.224273540837451, -32.043161141254757 ], [ -52.223847967156175, -32.041671633370292 ], [ -52.22383721993782, -32.041611051075037 ], [ -52.223839058311178, -32.041549550362973 ], [ -52.223853404947775, -32.041489718170808 ], [ -52.22387965637752, -32.041434071251423 ], [ -52.223916708372755, -32.041384950310373 ], [ -52.223963002395969, -32.041344421547556 ], [ -52.22401659115738, -32.041314189745577 ], [ -52.224075220524824, -32.041295526560589 ], [ -52.224136424340465, -32.041289217031917 ], [ -52.225341430333962, -32.041289217031917 ], [ -52.225352633507761, -32.041288150885904 ], [ -52.22534455131489, -32.041280319798524 ], [ -52.225139168704459, -32.04111601371018 ], [ -52.225097285765109, -32.041075209598119 ], [ -52.225064113751181, -32.041027055951716 ], [ -52.225040912888197, -32.040973382158057 ], [ -52.225028564591412, -32.04091622731805 ], [ -52.225027537980324, -32.040857762779744 ], [ -52.225037872056546, -32.040800209647436 ], [ -52.225059174222054, -32.04074575440054 ], [ -52.225090635194299, -32.040696465827878 ], [ -52.225131059751298, -32.040654216433083 ], [ -52.225178912138915, -32.04062061129703 ], [ -52.225232374415071, -32.040596927099806 ], [ -52.225289415514531, -32.040584063618859 ], [ -52.225347868410324, -32.040582509545843 ], [ -52.22540551244046, -32.040592323920976 ], [ -52.226693213140287, -32.040943515020928 ], [ -52.226746979993386, -32.040963889973249 ], [ -52.22679587223751, -32.040994148222353 ], [ -52.2268380938904, -32.041033178277459 ], [ -52.226872094003831, -32.041079546428826 ], [ -52.226896623635326, -32.041131549412903 ], [ -52.226910781726154, -32.041187276979137 ], [ -52.226914048200385, -32.041244682060096 ], [ -52.22690630306905, -32.041301655967416 ], [ -52.225988756955736, -32.045201226948997 ], [ -52.225970768083087, -32.045254597573582 ], [ -52.225943120883706, -32.045303665439583 ], [ -52.225906789774882, -32.045346701164732 ], [ -52.225863055235678, -32.045382187967753 ], [ -52.225813458676868, -32.045408875126874 ], [ -52.225759748114349, -32.045425822061148 ], [ -52.225703816560845, -32.04543243148094 ], [ -52.22564763530724, -32.045428470439226 ], [ -52.225593184445039, -32.045414078541732 ], [ -52.225542383078611, -32.045389763026591 ], [ -52.224559199955948, -32.044799853152995 ], [ -52.224547937216585, -32.044794452750949 ], [ -52.224543791918116, -32.044806235371219 ], [ -52.224281269019059, -32.045856326967439 ], [ -52.224279296976356, -32.045869663504533 ], [ -52.224291992529153, -32.045874199484295 ], [ -52.22615016670813, -32.04633874302904 ], [ -52.22620465548232, -32.046358110284238 ], [ -52.226254416066517, -32.046387572146827 ], [ -52.226297599513842, -32.046426033906592 ], [ -52.226332601263124, -32.046472066445446 ], [ -52.2263581207594, -32.046523959338948 ], [ -52.226373209778409, -32.046579784410305 ], [ -52.226377307659625, -32.046637467375355 ], [ -52.22637026213868, -32.046694864916425 ], [ -52.225897848813879, -32.048820724878006 ], [ -52.225896648707973, -32.048830610218637 ], [ -52.225903200626078, -32.048823111379946 ], [ -52.227133334947766, -32.04710092332958 ], [ -52.227169780994302, -32.047058796492387 ], [ -52.227213387143429, -32.047024133998548 ], [ -52.227262649959421, -32.046998130927946 ], [ -52.227315870978224, -32.046981683804248 ], [ -52.227371215266416, -32.04697535968495 ], [ -52.22742677468532, -32.046979376610544 ], [ -52.22884386628445, -32.047215558543733 ], [ -52.228857095934707, -32.047216383339475 ], [ -52.22885421790172, -32.047203444218184 ], [ -52.228109250561268, -32.044968542196806 ], [ -52.228096675757641, -32.044914712514711 ], [ -52.228094191067697, -32.04485948945181 ], [ -52.228101880853842, -32.044804747990838 ], [ -52.228119484025605, -32.044752346762756 ], [ -52.228146402904372, -32.044704064940852 ], [ -52.228181723516329, -32.044661541832646 ], [ -52.230735207999423, -32.042108057349544 ], [ -52.230743370835704, -32.04209812326058 ], [ -52.23073210240446, -32.042091931291814 ], [ -52.227265080736387, -32.040606064862644 ], [ -52.227211744202314, -32.040576458556913 ], [ -52.227165499358286, -32.04053667497228 ], [ -52.227128258335711, -32.040488359080044 ], [ -52.227101560976045, -32.040433508645286 ], [ -52.227086511161495, -32.04037439162331 ], [ -52.22708373117166, -32.040313452384204 ], [ -52.227093335953526, -32.040253210643108 ], [ -52.227114928368664, -32.040196157274984 ], [ -52.227774260705033, -32.038877492602232 ], [ -52.227779419215842, -32.038863846767612 ], [ -52.227772990192513, -32.038850751474818 ], [ -52.226441442547213, -32.036720275242324 ], [ -52.226433096984294, -32.036709444622517 ], [ -52.226419886513405, -32.036712970839467 ], [ -52.224291287225121, -32.037511195572577 ], [ -52.224278823850625, -32.037517300458035 ], [ -52.224274173621161, -32.037530376416711 ], [ -52.224011872963409, -32.038579579047742 ], [ -52.224009937925977, -32.038592914193657 ], [ -52.224023344233309, -32.038594271179562 ], [ -52.224848623159168, -32.038594271179562 ], [ -52.224907839269193, -32.038600173487779 ], [ -52.224964725300993, -32.038617648164141 ], [ -52.225017042861964, -32.038646007602473 ], [ -52.225062733322964, -32.038684135895146 ], [ -52.225099998822778, -32.038730532742584 ], [ -52.225127373011624, -32.038783372488162 ], [ -52.225143778750187, -32.038840575955462 ], [ -52.225148570493616, -32.038899892261171 ], [ -52.225141559692936, -32.038958987384511 ], [ -52.225123022214198, -32.039015536007931 ], [ -52.225093687483486, -32.039067313015394 ], [ -52.225054709784942, -32.039112281047871 ], [ -52.225007622841169, -32.03914867067077 ], [ -52.223839725485831, -32.039878606517853 ], [ -52.223789098712338, -32.039903948537159 ], [ -52.223734612312207, -32.039919327754852 ], [ -52.223678206781116, -32.03992419645067 ], [ -52.223621890963287, -32.039918381229356 ], [ -52.222724467725016, -32.039738896581696 ], [ -52.222670427519951, -32.039722677814403 ], [ -52.222620379820846, -32.039696627478691 ], [ -52.222576094866092, -32.039661667001603 ], [ -52.222539139059883, -32.039619032971018 ], [ -52.222510819566935, -32.039570233396276 ], [ -52.222492138076724, -32.039516994368299 ], [ -52.222483755372686, -32.039461199006048 ], [ -52.222485967959649, -32.039404820848617 ], [ -52.222498697576142, -32.039349854049185 ], [ -52.22319530193753, -32.037260040965016 ], [ -52.223198183186774, -32.037247666216416 ], [ -52.223186089536874, -32.03724377011163 ], [ -52.2207888471712, -32.036711049585925 ], [ -52.22077438564893, -32.036709318080895 ], [ -52.22077232598761, -32.036709907788122 ], [ -52.220725810303364, -32.036728751021045 ], [ -52.220671206530724, -32.036739759930988 ], [ -52.220615508744707, -32.036740484304588 ], [ -52.220560637137673, -32.036730899168909 ], [ -52.220508483419302, -32.03671133497344 ], [ -52.220504694421045, -32.036709496015483 ], [ -52.220491111077386, -32.036714638705405 ], [ -52.219321966889623, -32.03729921079929 ], [ -52.219264985890554, -32.037320783956623 ], [ -52.219204821316389, -32.037330399537133 ], [ -52.219143954778922, -32.03732766092638 ], [ -52.219084896843846, -32.037312681084018 ], [ -52.219030083477335, -32.037286077884502 ], [ -52.218981775569603, -32.037248948631579 ], [ -52.21894196567979, -32.03720282479776 ], [ -52.218912295848796, -32.037149608855586 ], [ -52.218893989869926, -32.037091495806187 ], [ -52.218887802810968, -32.037030882641993 ], [ -52.218887802810968, -32.036184596514325 ], [ -52.218886283850118, -32.036170194553108 ], [ -52.218872104505337, -32.036167250081867 ], [ -52.21620826421097, -32.035900866052437 ], [ -52.216193196052814, -32.035900918296093 ], [ -52.21617941299759, -32.035907007590637 ], [ -52.212433236019862, -32.038047680149347 ], [ -52.212422192129935, -32.038055584578871 ], [ -52.212430767082402, -32.038066116326185 ], [ -52.213647298574564, -32.039282647818347 ], [ -52.213686216614491, -32.03933054264558 ], [ -52.213714510973141, -32.039385387495621 ], [ -52.21373098431868, -32.03944486149998 ], [ -52.21373493954885, -32.039506447898326 ], [ -52.21372620929025, -32.039567540540212 ], [ -52.213369274535928, -32.040995279557492 ], [ -52.21334915859434, -32.041051354674245 ], [ -52.213318358895421, -32.04110234926582 ], [ -52.213278089997843, -32.041146252405944 ], [ -52.21322993986972, -32.041181332813387 ], [ -52.213175807268463, -32.04120620712353 ], [ -52.213117826864966, -32.041219894440118 ], [ -52.213058285064804, -32.041221855016012 ], [ -52.212999529845824, -32.041212011537645 ], [ -52.212943878167728, -32.041190752173826 ], [ -52.212893524604887, -32.041158915268618 ], [ -52.212850454805178, -32.04111775628202 ], [ -52.210005012183309, -32.037798073223165 ], [ -52.209993714472539, -32.03778745510683 ], [ -52.209978300144947, -32.03778578742385 ], [ -52.207044700475748, -32.03778578742385 ], [ -52.207030319753493, -32.037787196207546 ], [ -52.207016485820446, -32.037791368993318 ], [ -52.202462568563654, -32.039666511393172 ], [ -52.202457324937157, -32.039669314975335 ], [ -52.202463194850097, -32.039668366390231 ], [ -52.206347138751333, -32.038632648016574 ], [ -52.206401577742582, -32.038623390717454 ], [ -52.206456791249735, -32.038624268204423 ], [ -52.206510908576981, -32.038635250747241 ], [ -52.206562096168341, -32.038655966244974 ], [ -52.206608619730559, -32.038685712833242 ], [ -52.208904730976414, -32.04047157713557 ], [ -52.208915732444616, -32.040478500584527 ], [ -52.208920120266527, -32.040466264839083 ], [ -52.209272624909666, -32.039056246266497 ], [ -52.209292712179511, -32.039000231460399 ], [ -52.209323460514604, -32.038949283479077 ], [ -52.209363660085167, -32.038905406931363 ], [ -52.209411729191331, -32.038870328192161 ], [ -52.209465776497034, -32.038845427476133 ], [ -52.20952367544681, -32.03883168453153 ], [ -52.209583147937714, -32.038829640090832 ], [ -52.20964185395394, -32.038839374594978 ], [ -52.209697483637541, -32.03886050502836 ], [ -52.209747848172526, -32.03889219998895 ], [ -52.20979096590645, -32.038933212400899 ], [ -52.209825140320845, -32.038981928582118 ], [ -52.21187315288276, -32.042622839803293 ], [ -52.211881873185973, -32.04263510049902 ], [ -52.211896834535118, -32.042636689958094 ], [ -52.214021826604174, -32.042636689958094 ], [ -52.214036110331939, -32.042635250936883 ], [ -52.214044992962073, -32.04262397288111 ], [ -52.215916070148573, -32.039683708730898 ], [ -52.215921998021521, -32.039672217054324 ], [ -52.21591662346141, -32.039660456424556 ], [ -52.21513410236237, -32.03829104450125 ], [ -52.215109813226917, -32.038236598576454 ], [ -52.215096770044639, -32.038178424731605 ], [ -52.215095487922802, -32.038118820394587 ], [ -52.215106017495536, -32.038060139486909 ], [ -52.215127942924191, -32.038004699461595 ], [ -52.215160398319782, -32.03795468978128 ], [ -52.215202101939106, -32.037912085450948 ], [ -52.215251406803915, -32.037878569020137 ], [ -52.215306365744112, -32.037855464134928 ], [ -52.215364808296307, -32.037843683263944 ], [ -52.215424426420711, -32.03784369166268 ], [ -52.217315448645962, -32.038032793885208 ], [ -52.217369696102693, -32.038043333810869 ], [ -52.217421089929843, -32.038063645165458 ], [ -52.217467886234019, -32.038093038744861 ], [ -52.217508497124797, -32.038130517167254 ], [ -52.217541544594965, -32.038174808716228 ], [ -52.217565907279024, -32.03822441049261 ], [ -52.217580758503289, -32.038277639410808 ], [ -52.218032775099871, -32.040763730692014 ], [ -52.218037525740073, -32.040824678098566 ], [ -52.218029822867287, -32.040885323137097 ], [ -52.218009986335161, -32.040943147586432 ], [ -52.21797883983475, -32.040995750347378 ], [ -52.217937676691584, -32.041040947145859 ], [ -52.217888206161717, -32.041076861232533 ], [ -52.217832482456643, -32.041102001312893 ], [ -52.216476675635072, -32.041553936920081 ], [ -52.216471394195302, -32.04155631021051 ], [ -52.216477157250971, -32.04155575047573 ], [ -52.218054652720404, -32.041240251381844 ], [ -52.218114734078952, -32.041234428174242 ], [ -52.218174764971813, -32.041240750459764 ], [ -52.218232315028686, -32.041258962278626 ], [ -52.218285054316716, -32.041288326319382 ], [ -52.218330847668611, -32.041327653769265 ], [ -52.218367841125563, -32.041375352443616 ], [ -52.218394536995383, -32.041429491246021 ], [ -52.218409854487071, -32.0414878783494 ], [ -52.218413173466963, -32.041548149932787 ], [ -52.218404359565085, -32.04160786588146 ], [ -52.218383769615123, -32.041664608575722 ], [ -52.218352237207931, -32.041716080769078 ], [ -52.218311038943312, -32.041760198592961 ], [ -52.217012961894085, -32.042896016011035 ], [ -52.217003267875896, -32.042906440380932 ], [ -52.217009906313997, -32.042919032942848 ], [ -52.218071309208163, -32.044511137284097 ], [ -52.218078836502599, -32.044520366175078 ], [ -52.218082821259316, -32.044509143238542 ], [ -52.218345374782771, -32.043458929144698 ], [ -52.218347472500049, -32.04344509843861 ], [ -52.218346581712652, -32.043421903755664 ], [ -52.218350400283661, -32.04336132531806 ], [ -52.218366334582306, -32.043302755473313 ], [ -52.21839373230646, -32.04324859189424 ], [ -52.218431471875917, -32.043201051874426 ], [ -52.218478008346516, -32.043162081558911 ], [ -52.218531436655482, -32.043133276274894 ], [ -52.218589569608987, -32.043115815223828 ], [ -52.218650027419208, -32.043110413208495 ], [ -52.218710335125735, -32.043117291371111 ], [ -52.218768023912915, -32.043136168140435 ], [ -52.218820732175786, -32.043166270758469 ], [ -52.219731745400125, -32.043816994490143 ], [ -52.219775102617803, -32.043854730850612 ], [ -52.219810467061208, -32.043900043512956 ], [ -52.219836540509, -32.043951269058788 ], [ -52.219852365810354, -32.044006527009017 ], [ -52.219857362021756, -32.044063788855802 ], [ -52.219851345733325, -32.044120952528708 ], [ -52.219834537801766, -32.044175919561212 ], [ -52.219807555242724, -32.044226672125021 ], [ -52.21977138858032, -32.044271347104115 ], [ -52.219727365485191, -32.04430830448932 ], [ -52.219677102035973, -32.044336187582736 ], [ -52.219622443393398, -32.044353972801822 ], [ -52.219565396064837, -32.044361007254899 ], [ -52.219508054245821, -32.044357032708653 ], [ -52.218902761455674, -32.044256150576963 ], [ -52.218888762563957, -32.044255251527993 ], [ -52.218883007223027, -32.044268044233327 ], [ -52.21818870315856, -32.04635095642675 ], [ -52.218165620769092, -32.046403077653437 ], [ -52.218133096196304, -32.046449891872854 ], [ -52.218092303728689, -32.046489708873757 ], [ -52.218044716164222, -32.04652109107704 ], [ -52.21799205163552, -32.046542905439082 ], [ -52.217936211577239, -32.046554364359864 ], [ -52.217879212075424, -32.046555054118997 ], [ -52.217823111077443, -32.046544949812962 ], [ -52.217769934090491, -32.046524416254243 ], [ -52.217014518142193, -32.046146708280098 ], [ -52.217007585358303, -32.046144055075892 ], [ -52.217012970092306, -32.046149164637924 ], [ -52.219415517488095, -32.048017812612429 ], [ -52.219428616993426, -32.048026133289355 ], [ -52.219478657505512, -32.048051809293987 ], [ -52.219524859856058, -32.048088491543822 ], [ -52.219562990457185, -32.048133506007126 ], [ -52.219591574821983, -32.048185112002294 ], [ -52.219609507610663, -32.048241313957227 ], [ -52.219616095373304, -32.048299938576903 ], [ -52.219611083365187, -32.048358718883328 ], [ -52.219594665397572, -32.0484153818782 ], [ -52.219502225100285, -32.048646482621422 ], [ -52.219474803547783, -32.048699193462909 ], [ -52.219437531409248, -32.048745466155083 ], [ -52.219391870735812, -32.048783485587656 ], [ -52.219339612630471, -32.048811760395857 ], [ -52.219282806989625, -32.048829181461265 ], [ -52.219223682093016, -32.048835065418523 ], [ -52.217824230180426, -32.048835065418523 ], [ -52.217811917749884, -32.048836250613441 ], [ -52.217817236146878, -32.048847418213285 ], [ -52.218227380314495, -32.049530991825968 ], [ -52.218252829219345, -32.049584928754854 ], [ -52.21826710582468, -32.04964283400156 ], [ -52.218269645912848, -32.049702419125609 ], [ -52.218260349098465, -32.049761329297034 ], [ -52.218239582795675, -32.049817236360312 ], [ -52.218208167697775, -32.04986793084403 ], [ -52.218167345343062, -32.049911409280199 ], [ -52.218118729048712, -32.049945953382142 ], [ -52.218064240151776, -32.049970197951978 ], [ -52.218006032077099, -32.049983184833771 ], [ -52.217946405233064, -32.049984400780318 ], [ -52.217887716098417, -32.049973797736889 ], [ -52.215062967694067, -32.04916672676422 ], [ -52.21501140931116, -32.049146692332435 ], [ -52.214964405540776, -32.049117532584923 ], [ -52.214923554325864, -32.049080238838201 ], [ -52.214890244446735, -32.049036078932659 ], [ -52.214865608307996, -32.048986554131069 ], [ -52.214850483441275, -32.048933348081491 ], [ -52.214845384032429, -32.04887826957993 ], [ -52.214845384032429, -32.047903820258362 ], [ -52.214850740616093, -32.047847382175412 ], [ -52.214866619080482, -32.047792959527882 ], [ -52.214892452396775, -32.04774249577887 ], [ -52.214927318042847, -32.047697793016994 ], [ -52.214969970947031, -32.047660447602809 ], [ -52.215018887950329, -32.047631793161898 ], [ -52.215072322199262, -32.047612852960313 ], [ -52.215128365527015, -32.047604303363222 ], [ -52.215185016595086, -32.04760644968151 ], [ -52.215240252362236, -32.047619215268945 ], [ -52.216448764760287, -32.048022052734957 ], [ -52.216459727362881, -32.048024577324306 ], [ -52.216454407278846, -32.048014665265306 ], [ -52.215391993522189, -32.046421044630328 ], [ -52.215383879352203, -32.046411000769432 ], [ -52.215371242972843, -32.046413654222185 ], [ -52.212362064714334, -32.047339555224809 ], [ -52.212306956707621, -32.04735098794346 ], [ -52.212250683103569, -32.047351926531057 ], [ -52.212195224482599, -32.047342337953495 ], [ -52.212142532741353, -32.04732255968603 ], [ -52.212094462394624, -32.04729328783565 ], [ -52.212052705304671, -32.047255552641218 ], [ -52.212018731135238, -32.047210682213645 ], [ -52.211993735625875, -32.047160255792285 ], [ -52.21197859850728, -32.047106048162746 ], [ -52.211973852538655, -32.047049967192343 ], [ -52.211979664756974, -32.046993986681649 ], [ -52.212147672601191, -32.046153947460581 ], [ -52.212148968356523, -32.046141467125487 ], [ -52.212136422689412, -32.0461416768429 ], [ -52.209943121710765, -32.04638537695164 ], [ -52.209880077755216, -32.0463857166433 ], [ -52.209818354908883, -32.046372873514301 ], [ -52.209760679028037, -32.046347414753718 ], [ -52.209709597243453, -32.046310464692745 ], [ -52.20966736547188, -32.046263655151073 ], [ -52.209635848788352, -32.046209053371051 ], [ -52.208653095527936, -32.043997858535107 ], [ -52.208646114122239, -32.043985610134399 ], [ -52.208632036640083, -32.043984843426642 ], [ -52.202730951683165, -32.044253074561041 ], [ -52.202718458708176, -32.044254719965053 ], [ -52.202707241749657, -32.044260461186489 ], [ -52.200575057139005, -32.045593076568139 ], [ -52.200563632164396, -32.045601940234327 ], [ -52.20056217101493, -32.045616326327142 ], [ -52.20056217101493, -32.051245769892873 ], [ -52.200563468356769, -32.051258934182997 ], [ -52.200576631434991, -32.051257624601632 ], [ -52.203151838168772, -32.050742583254873 ], [ -52.203203006642461, -32.05073685542888 ], [ -52.203254400935009, -32.050739961452699 ], [ -52.203304507187163, -32.050751809835958 ], [ -52.203351849479901, -32.05077205157523 ], [ -52.206800002484393, -32.052611066510963 ], [ -52.206850428144811, -32.052644929105789 ], [ -52.206892999347183, -32.052688254794312 ], [ -52.206925970945349, -32.052739267501273 ], [ -52.206947991315339, -32.052795876032995 ], [ -52.206958157763246, -32.052855759802867 ], [ -52.206956053529957, -32.05291646396055 ], [ -52.206941764875523, -32.052975500025049 ], [ -52.206915877543103, -32.053030447896504 ], [ -52.206879452747231, -32.053079055064735 ], [ -52.20683398367084, -32.053119328947702 ], [ -52.206781334254323, -32.053149618574601 ], [ -52.206723662785961, -32.053168682265081 ], [ -52.206663333425936, -32.053175738530129 ], [ -52.206602819290936, -32.053170498108166 ], [ -52.206544601072231, -32.053153175822857 ], [ -52.203268711313967, -32.051804280040045 ], [ -52.203256968823041, -32.051800556588063 ], [ -52.203244654658022, -32.051800890546033 ], [ -52.200845900837976, -32.052067418748258 ], [ -52.200832805585499, -32.052070156149867 ], [ -52.200829889070498, -32.052083212678738 ], [ -52.200645140354077, -32.05356120241008 ], [ -52.20063261316713, -32.053617190462056 ], [ -52.20060965689246, -32.053669769943127 ], [ -52.200577111115606, -32.053717017850865 ], [ -52.200536166141354, -32.053757206175796 ], [ -52.200488319460433, -32.053788865100309 ], [ -52.200435320981391, -32.053810836754693 ], [ -52.200379109030791, -32.053822317564169 ], [ -52.200321739462268, -32.053822887638233 ], [ -52.200265310467323, -32.05381252612743 ], [ -52.200211885837618, -32.053791611985879 ], [ -52.200163419485406, -32.053760910111656 ], [ -52.200121683982651, -32.053721543372063 ], [ -52.198685377852549, -32.052080050651945 ], [ -52.198675283339341, -32.052070567960541 ], [ -52.198661779241355, -32.052073643666994 ], [ -52.197071603591176, -32.052603702217048 ], [ -52.197059774762053, -32.052608872607529 ], [ -52.197056512496459, -32.052621363074238 ], [ -52.196252764766719, -32.057443849452703 ], [ -52.196251885607872, -32.057457660988213 ], [ -52.196265414565538, -32.057460576247664 ], [ -52.208264035480966, -32.058793756349381 ], [ -52.208317406721463, -32.058804662650616 ], [ -52.208367925902529, -32.058825040311497 ], [ -52.208413927330028, -32.058854217449579 ], [ -52.208453894267016, -32.0588912320503 ], [ -52.213219118695065, -32.064185925859242 ], [ -52.213228573025084, -32.064194652392118 ], [ -52.213239535583639, -32.064187917479998 ], [ -52.214139045934822, -32.063513284716606 ], [ -52.21419111932093, -32.063481927421769 ], [ -52.214248444687954, -32.063461710602631 ], [ -52.214308668563653, -32.063453464253378 ], [ -52.214369318478582, -32.063457526924914 ], [ -52.214427904472387, -32.063473731825724 ], [ -52.214482021318268, -32.063501413669456 ], [ -52.218875224493452, -32.066344074547516 ], [ -52.218887122168553, -32.066350185800779 ], [ -52.218892922755657, -32.066338133610962 ], [ -52.219960445444478, -32.063402446216706 ], [ -52.21996800527657, -32.063372180916495 ], [ -52.219971482610035, -32.063346639531119 ], [ -52.219990739302723, -32.063290850067624 ], [ -52.22002054564792, -32.063239910238053 ], [ -52.220059748045863, -32.06319579157482 ], [ -52.220106829239853, -32.06316020160962 ], [ -52.220159967038882, -32.063134517786601 ], [ -52.220217104842177, -32.063119734150881 ], [ -52.220234527339734, -32.063117017908105 ], [ -52.220242856374547, -32.063106149416178 ], [ -52.221467163196998, -32.06114725850027 ], [ -52.221505799039271, -32.061097821026749 ], [ -52.221553872844083, -32.061057501039301 ], [ -52.221609281760585, -32.061028062220231 ], [ -52.221669602084518, -32.061010792286325 ], [ -52.221732195276161, -32.061006446661352 ], [ -52.221794323375711, -32.061015215432228 ], [ -52.223724148526031, -32.061497671719813 ], [ -52.223733598931965, -32.061499052001153 ], [ -52.223726220575564, -32.061492987744835 ], [ -52.222299962421907, -32.060542148975728 ], [ -52.222252278779159, -32.060502685944115 ], [ -52.222213708535918, -32.060454277298334 ], [ -52.222185893524866, -32.060398983665692 ], [ -52.222170017757051, -32.060339158749095 ], [ -52.222166757021682, -32.060277349136129 ], [ -52.222176250119595, -32.060216185897644 ], [ -52.223444562819644, -32.055396597637447 ], [ -52.223466606877473, -32.055338282999621 ], [ -52.223500227561651, -32.055285783598997 ], [ -52.223543973004965, -32.055241366556544 ], [ -52.227700190218563, -32.051818599439464 ], [ -52.227749302539699, -32.051785698867938 ], [ -52.227803912817706, -32.051763067358252 ], [ -52.227861900676437, -32.051751583633511 ], [ -52.227921014597015, -32.051751693577103 ], [ -52.227978959338493, -32.051763392920208 ], [ -52.22803348505613, -32.051786227407518 ], [ -52.228082474657036, -32.051819310434844 ], [ -52.228124026001467, -32.051861357473619 ], [ -52.228156525757974, -32.05191073594586 ], [ -52.228178712044894, -32.051965528612953 ], [ -52.229394102857846, -32.05609785737699 ], [ -52.229399130824454, -32.056110437611139 ], [ -52.229411404346365, -32.056116173759605 ], [ -52.232636083196653, -32.057267844777563 ], [ -52.232689494082102, -32.057293097323686 ], [ -52.23273692038925, -32.057328327412542 ], [ -52.232776522813253, -32.057372168737615 ], [ -52.232806765478038, -32.05742292102817 ], [ -52.232826475501241, -32.057478615989844 ], [ -52.232834888481335, -32.057537093639731 ], [ -52.232831678142986, -32.057596086075669 ], [ -52.232816968990726, -32.057653305430875 ], [ -52.232791331480414, -32.05770653260285 ], [ -52.23275575989561, -32.05775370331542 ], [ -52.232711633786856, -32.057792988176331 ], [ -52.230219015429334, -32.059605801527255 ], [ -52.230209170659414, -32.059614634036961 ], [ -52.230220333536295, -32.059621727900669 ], [ -52.233235562483138, -32.061129342374088 ], [ -52.233282956971721, -32.061158847402972 ], [ -52.233324063917102, -32.061196623100436 ], [ -52.233357459747275, -32.061241361258702 ], [ -52.23338198793337, -32.061291512553446 ], [ -52.23339679904133, -32.061345340198372 ], [ -52.233401380148614, -32.06140098009174 ], [ -52.233395572607193, -32.061456505371929 ], [ -52.233173667245786, -32.06256603217895 ], [ -52.233172248620427, -32.062579199341812 ], [ -52.233175562971674, -32.062592021266532 ], [ -52.234513576636132, -32.066338459527024 ], [ -52.234518666907526, -32.06634926317853 ], [ -52.234525020210064, -32.066339150548011 ], [ -52.235050886866581, -32.065287417234984 ], [ -52.235055972138731, -32.065274128104967 ], [ -52.23505281734294, -32.06526025337137 ], [ -52.234265733149869, -32.062899000792157 ], [ -52.234252551241042, -32.062840505023914 ], [ -52.234251265977107, -32.062780556164711 ], [ -52.234261928704612, -32.062721549183223 ], [ -52.234284113445511, -32.0626658414199 ], [ -52.234316933915046, -32.062615658410806 ], [ -52.234359078929046, -32.062573004976976 ], [ -52.234408864785948, -32.062539585131439 ], [ -52.234464302531009, -32.062516734003573 ], [ -52.234523177415475, -32.06250536450041 ], [ -52.236660355353429, -32.062311075596966 ], [ -52.236672715969199, -32.062308763568076 ], [ -52.236668872192702, -32.062296790444712 ], [ -52.235515643135436, -32.05960592264443 ], [ -52.235497490451991, -32.059547955060793 ], [ -52.235491386730899, -32.059487519100827 ], [ -52.235497582208488, -32.059427092478167 ], [ -52.235515822886654, -32.059369152523658 ], [ -52.235545360946098, -32.059316074621357 ], [ -52.235584985404941, -32.05927003482411 ], [ -52.235633071765726, -32.059232920641179 ], [ -52.235687648615546, -32.059206253655361 ], [ -52.235746478448682, -32.059191127142171 ], [ -52.235807149398426, -32.059188161248414 ], [ -52.235867174117175, -32.059197477567857 ], [ -52.235924091751073, -32.059218694156165 ], [ -52.235975568828501, -32.059250941189646 ], [ -52.237471798921739, -32.060414675706603 ], [ -52.237483199619255, -32.060421936778752 ], [ -52.237496487172329, -32.06041945887506 ], [ -52.239056599058316, -32.059973712621925 ], [ -52.239117482796196, -32.059962943558844 ], [ -52.239179281143784, -32.059964884304364 ], [ -52.239239369180382, -32.059979452424187 ], [ -52.239295194631751, -32.060006029128978 ], [ -52.23934438627942, -32.060043485557756 ], [ -52.239384854679606, -32.060090230726964 ], [ -52.2394148809135, -32.060144279108393 ], [ -52.239433189599396, -32.060203334965671 ], [ -52.239905400936394, -32.062564391650689 ], [ -52.239908116879981, -32.06257321550126 ], [ -52.239910058206426, -32.06256418954203 ], [ -52.240148222762137, -32.060420708540612 ], [ -52.240161546420573, -32.06035968205574 ], [ -52.240187218753086, -32.060302737494339 ], [ -52.240224126792256, -32.060252343562418 ], [ -52.240270670471347, -32.060210684977882 ], [ -52.2403248319917, -32.060179567756876 ], [ -52.240384263299909, -32.060160340917982 ], [ -52.240446387882542, -32.060153837998428 ], [ -52.241510594187687, -32.060153837998428 ], [ -52.241524608471707, -32.060152456231769 ], [ -52.241533531897176, -32.060141562108832 ], [ -52.243673463016478, -32.056931665429879 ], [ -52.243679543090479, -32.056920370783864 ], [ -52.243668660394263, -32.056913580846391 ], [ -52.242617303689656, -32.056387902494095 ], [ -52.242603626080829, -32.056382761065585 ], [ -52.242592276224222, -32.056391963892629 ], [ -52.24180357922301, -32.057180660893842 ], [ -52.241795726767364, -32.057189925695049 ], [ -52.241791292225507, -32.057201231995876 ], [ -52.241064813436793, -32.059622827958229 ], [ -52.2410441093404, -32.059674104826534 ], [ -52.241014345349235, -32.059720710423413 ], [ -52.24097653276992, -32.059761061206252 ], [ -52.24093195638013, -32.05979378615551 ], [ -52.240882130775056, -32.059817773358553 ], [ -52.240828748905216, -32.059832207789704 ], [ -52.240773624554173, -32.059836599002786 ], [ -52.240718630710681, -32.059830797795264 ], [ -52.238599928787998, -32.059407057410731 ], [ -52.238542022964218, -32.059389237359959 ], [ -52.238488878393689, -32.059360146239996 ], [ -52.238442662571025, -32.059320970528489 ], [ -52.2384052604027, -32.059273308001885 ], [ -52.238378197331436, -32.059219102570324 ], [ -52.23836257712118, -32.05916056499548 ], [ -52.23835903684023, -32.059100082724953 ], [ -52.2383677208785, -32.059040122520514 ], [ -52.238734354508672, -32.057573587999848 ], [ -52.238755259818674, -32.057515865878187 ], [ -52.238787477510122, -32.057463607905845 ], [ -52.238829658422311, -32.057419002458175 ], [ -52.238880036170826, -32.057383917450402 ], [ -52.238936501117294, -32.057359822116091 ], [ -52.238996688713463, -32.057347725480909 ], [ -52.239058078519939, -32.057348134108295 ], [ -52.2391180997531, -32.057361030886412 ], [ -52.239174238940222, -32.057385875744721 ], [ -52.240703901136108, -32.058259968428082 ], [ -52.240712723099961, -32.058263904829374 ], [ -52.240707306107993, -32.058255906173287 ], [ -52.239611880891594, -32.056941395913597 ], [ -52.239578289514334, -32.056891725630763 ], [ -52.239555247296337, -32.056836367037825 ], [ -52.239543674778723, -32.056777531721401 ], [ -52.239544034285835, -32.056717570163904 ], [ -52.239556311455289, -32.056658877841301 ], [ -52.239580015811775, -32.056603799523366 ], [ -52.239614200361601, -32.056554535599695 ], [ -52.239657499425306, -32.056513054173671 ], [ -52.239708183196825, -32.0564810124364 ], [ -52.240973299931433, -32.055848454069093 ], [ -52.240984421573003, -32.055841467317322 ], [ -52.240977598644761, -32.055830244427263 ], [ -52.240684859280215, -32.055439925274534 ], [ -52.240655292176889, -32.055391582316908 ], [ -52.240635343393002, -32.055338541755333 ], [ -52.240625724713382, -32.05528269610955 ], [ -52.240626779338413, -32.055226037986415 ], [ -52.240638469638426, -32.055170588982492 ], [ -52.240660378496351, -32.055118327552208 ], [ -52.240691724190718, -32.055071118415427 ], [ -52.240731388287941, -32.055030646023077 ], [ -52.240777955548722, -32.054998354454916 ], [ -52.24082976442466, -32.054975395893891 ], [ -52.240884966343323, -32.054962589515526 ], [ -52.24094159166642, -32.05496039225924 ], [ -52.240997619967722, -32.054968882524491 ], [ -52.2444750997577, -32.055838252471986 ], [ -52.244489174839217, -32.055840295222971 ], [ -52.244498406654209, -32.055829476057333 ], [ -52.246906960997073, -32.052350453117647 ], [ -52.246913339702232, -32.052339013547929 ], [ -52.246902034173118, -32.052332400179338 ] ], [ [ -52.208600041868394, -32.05685357171447 ], [ -52.208646361980612, -32.056890912840366 ], [ -52.20868440201631, -32.05693666071641 ], [ -52.208712665771088, -32.056989015970629 ], [ -52.208730041564742, -32.057045919347274 ], [ -52.208735845966281, -32.057105132702198 ], [ -52.208729850674892, -32.057164327034357 ], [ -52.208712291499545, -32.057221174090913 ], [ -52.208683859084054, -32.057273437942932 ], [ -52.208645671742445, -32.057319062929722 ], [ -52.208599231473016, -32.057356254512833 ], [ -52.208546364881215, -32.057383549859502 ], [ -52.208489151334902, -32.057399875379303 ], [ -52.208429841177924, -32.057404588950995 ], [ -52.208370767218788, -32.057397505178685 ], [ -52.206235434599662, -32.056922986818876 ], [ -52.206225165893059, -32.056921707269673 ], [ -52.206232350756437, -32.056929154505497 ], [ -52.207309859768209, -32.057852733658443 ], [ -52.207351016084239, -32.057895800040292 ], [ -52.207382851774859, -32.05794614926468 ], [ -52.207404111609883, -32.058001796142484 ], [ -52.207413957348123, -32.058060546606598 ], [ -52.207412000787905, -32.058120084220477 ], [ -52.207398319073278, -32.058178061511541 ], [ -52.207373451652288, -32.05823219252823 ], [ -52.207338379007439, -32.058280342971401 ], [ -52.207294483996854, -32.05832061434635 ], [ -52.207243497330367, -32.058351418817374 ], [ -52.207187429330425, -32.058371541813599 ], [ -52.20712849066831, -32.058380189917578 ], [ -52.2070690052009, -32.058377022148449 ], [ -52.201355543030132, -32.057498027968329 ], [ -52.20129681507418, -32.057482785187766 ], [ -52.20124235519868, -32.057456037531225 ], [ -52.201194391003256, -32.057418879071527 ], [ -52.201154884391457, -32.057372829719803 ], [ -52.201125451322071, -32.057319773055788 ], [ -52.201107295710685, -32.057261879282848 ], [ -52.201101160185402, -32.057201516459031 ], [ -52.201101160185402, -32.05688464131228 ], [ -52.201106525115826, -32.056828159671262 ], [ -52.201122428023886, -32.056773698164065 ], [ -52.201148300122966, -32.056723204672011 ], [ -52.201183216066312, -32.056678485155565 ], [ -52.201225927043211, -32.05664113906203 ], [ -52.201274905444215, -32.05661250211935 ], [ -52.201328399497896, -32.056593598562237 ], [ -52.205318963682423, -32.055595957516104 ], [ -52.205380781702949, -32.055587199902504 ], [ -52.205443073682417, -32.055591427520262 ], [ -52.205503141572841, -32.055608457258884 ], [ -52.208547263559041, -32.056826106053364 ], [ -52.208600041868394, -32.05685357171447 ] ], [ [ -52.209463652989058, -32.049386295581016 ], [ -52.209897909990893, -32.050037681083765 ], [ -52.209927152526873, -32.050093463725688 ], [ -52.209944104168137, -32.050154122368184 ], [ -52.20994801775619, -32.050216983428307 ], [ -52.209938720796217, -32.050279276249611 ], [ -52.20991662305989, -32.050338255221284 ], [ -52.209018977122525, -32.05213354709602 ], [ -52.208989472093641, -32.052180941584602 ], [ -52.208951696396177, -32.052222048529984 ], [ -52.208906958237911, -32.052255444360156 ], [ -52.208856806943167, -32.052279972546252 ], [ -52.208802979298241, -32.052294783654212 ], [ -52.208747339404873, -32.052299364761495 ], [ -52.208691814124684, -32.052293557220075 ], [ -52.207583259786482, -32.052071846352433 ], [ -52.207570541135823, -32.052070560870888 ], [ -52.207571415883308, -32.05208331435481 ], [ -52.207642303125233, -32.05250863780639 ], [ -52.207646303892552, -32.052564930790659 ], [ -52.207639691174201, -32.052620977005276 ], [ -52.207622698980032, -32.052674793095385 ], [ -52.207595928627221, -32.052724474625428 ], [ -52.207560327460904, -32.052768263473027 ], [ -52.207517155329711, -32.05280461004515 ], [ -52.207467940002402, -32.052832228114873 ], [ -52.207442791545752, -32.052840645358401 ], [ -52.207448543670232, -32.052840172159939 ], [ -52.207507554039779, -32.05284706519187 ], [ -52.207564048858401, -32.05286545195537 ], [ -52.20761581243849, -32.05289461133431 ], [ -52.207660814648307, -32.052933399718064 ], [ -52.207697290532394, -32.052980295853125 ], [ -52.207723809531863, -32.053033460505581 ], [ -52.207739331589934, -32.053090808594618 ], [ -52.207749837500835, -32.053153844059999 ], [ -52.207753800263433, -32.053211614908825 ], [ -52.207746590213702, -32.053269070888888 ], [ -52.207728475980048, -32.053324071334345 ], [ -52.207700132453404, -32.053374567066435 ], [ -52.207662615642555, -32.053418676740719 ], [ -52.207617323329856, -32.053454756941271 ], [ -52.207565942993369, -32.053481463410236 ], [ -52.207510388935681, -32.053497801131506 ], [ -52.207452730961762, -32.053503161402524 ], [ -52.207395117263232, -32.053497344513033 ], [ -52.207339694382121, -32.053480567185751 ], [ -52.207254761321195, -32.053445594748901 ], [ -52.207202668415867, -32.053417867857711 ], [ -52.207157010997193, -32.053380480006723 ], [ -52.207119555728909, -32.053334877877845 ], [ -52.207091751901537, -32.05328282599541 ], [ -52.207074675353681, -32.053226338449932 ], [ -52.20706898684363, -32.053167600965011 ], [ -52.207074906482042, -32.053108886323209 ], [ -52.207092205214991, -32.053052466423182 ], [ -52.207120213686999, -32.053000524371072 ], [ -52.207157848140952, -32.05295507000762 ], [ -52.207203652352931, -32.052917862139559 ], [ -52.207255853979198, -32.052890340484531 ], [ -52.20728620432174, -32.052881344396283 ], [ -52.207321263860059, -32.052867185749967 ], [ -52.207332241552628, -32.052861487271755 ], [ -52.207347417649373, -32.052857116025336 ], [ -52.207302145186063, -32.052854677645904 ], [ -52.207247357441368, -32.052841142164795 ], [ -52.207196074066921, -32.052817585388226 ], [ -52.2028989737613, -32.050329790474443 ], [ -52.202851311650413, -32.050295565992535 ], [ -52.202811223088666, -32.050252718598294 ], [ -52.202780241682689, -32.050202887438765 ], [ -52.202759552640629, -32.050147978828193 ], [ -52.202749947431428, -32.050090093321096 ], [ -52.202751793506842, -32.050031445354534 ], [ -52.202765020244406, -32.049974278533824 ], [ -52.202789121649097, -32.049920779802363 ], [ -52.202823175710435, -32.049872995779069 ], [ -52.202865879674434, -32.049832754464035 ], [ -52.202915599881017, -32.049801595307542 ], [ -52.202970434260507, -32.049780710317663 ], [ -52.203028285098128, -32.049770898459407 ], [ -52.203086939283118, -32.049772535090007 ], [ -52.203144152972264, -32.049785557599378 ], [ -52.203512978905145, -32.049908499577008 ], [ -52.203524569470481, -32.049911164864646 ], [ -52.203520950845324, -32.049899835675994 ], [ -52.202856891374587, -32.048350363577612 ], [ -52.20283938861305, -32.048295485693323 ], [ -52.202832696632179, -32.048238274276301 ], [ -52.202837062137711, -32.04818083847556 ], [ -52.202852324191461, -32.048125295712204 ], [ -52.202877920144445, -32.048073693618868 ], [ -52.202912906379431, -32.048027934551932 ], [ -52.202955993098222, -32.047989705459486 ], [ -52.203005591871182, -32.047960415690504 ], [ -52.203059874196086, -32.047941145037996 ], [ -52.20378231467128, -32.047760534919199 ], [ -52.203794848970176, -32.04775610558886 ], [ -52.203796106037764, -32.047742871262443 ], [ -52.203796106037764, -32.047248603321876 ], [ -52.203801870453646, -32.04719007622527 ], [ -52.20381894217801, -32.047133798292165 ], [ -52.203846665154074, -32.04708193225197 ], [ -52.203883974003411, -32.04703647128752 ], [ -52.203929434967861, -32.046999162438183 ], [ -52.203981301008056, -32.046971439462119 ], [ -52.204037578941161, -32.046954367737754 ], [ -52.204096106037767, -32.046948603321873 ], [ -52.204590329459954, -32.046948603321873 ], [ -52.204602578587476, -32.04694743617371 ], [ -52.204597514686718, -32.046936221885055 ], [ -52.20395338237622, -32.045808990341683 ], [ -52.20392995636287, -32.045757109388255 ], [ -52.203916752009761, -32.045701737405366 ], [ -52.203914244733973, -32.045644868037535 ], [ -52.203922524808895, -32.045588548841963 ], [ -52.203941294113982, -32.045534807567172 ], [ -52.203969876868435, -32.04548557914471 ], [ -52.204007243962437, -32.045442636022841 ], [ -52.204052050009786, -32.045407524350267 ], [ -52.204102681787944, -32.045381508307706 ], [ -52.204157316321435, -32.045365524591624 ], [ -52.204213986517303, -32.045360148688864 ], [ -52.204270651989425, -32.045365574156506 ], [ -52.204325272521764, -32.045381605652906 ], [ -52.205958917688243, -32.046035063719494 ], [ -52.20600926668493, -32.046060957371587 ], [ -52.206053854103978, -32.046095849559087 ], [ -52.206091091888815, -32.046138497537541 ], [ -52.206119653752566, -32.046187382326849 ], [ -52.206138522415991, -32.046240762812296 ], [ -52.206147025839634, -32.046296737757338 ], [ -52.206144861159636, -32.04635331351934 ], [ -52.206132105474751, -32.046408475056566 ], [ -52.205686914178386, -32.047744048945653 ], [ -52.205683967083189, -32.047756624784725 ], [ -52.205693827164573, -32.047764968398688 ], [ -52.208365249362672, -32.049634963937358 ], [ -52.208377356645876, -32.049641752200834 ], [ -52.208388099998672, -32.049632963162324 ], [ -52.208905794517989, -32.049115268643007 ], [ -52.208914314674878, -32.049104829418248 ], [ -52.20890351702468, -32.049096768324219 ], [ -52.207997776693915, -32.048553324125763 ], [ -52.2079484044475, -32.048516298329467 ], [ -52.207907653057667, -32.04846995339949 ], [ -52.207877247000219, -32.048416250513363 ], [ -52.207858472967722, -32.048357462215115 ], [ -52.207852125420537, -32.04829607624805 ], [ -52.207858472967722, -32.048234690280985 ], [ -52.207877247000219, -32.048175901982738 ], [ -52.207907653057667, -32.048122199096611 ], [ -52.2079484044475, -32.048075854166633 ], [ -52.207997776693915, -32.048038828370338 ], [ -52.208691680266227, -32.047622486226956 ], [ -52.208747339085491, -32.047596431612298 ], [ -52.20880713931389, -32.047582265462843 ], [ -52.208868571503203, -32.047580582244862 ], [ -52.208929057721846, -32.04759145259267 ], [ -52.208986059734798, -32.047614420344544 ], [ -52.209037185517758, -32.047648521685048 ], [ -52.209080289635686, -32.047692325590404 ], [ -52.209820150354957, -32.048617151489488 ], [ -52.20985327846897, -32.048668533341989 ], [ -52.209875302323937, -32.048725564180288 ], [ -52.209885307301768, -32.048785875598142 ], [ -52.209882877910552, -32.048846962951686 ], [ -52.20986811503932, -32.048906289373605 ], [ -52.209841631768235, -32.048961391125459 ], [ -52.209804527908332, -32.049009979913102 ], [ -52.209758344327959, -32.049050037916153 ], [ -52.209704998962799, -32.049079901585074 ], [ -52.209646707166876, -32.049098330725911 ], [ -52.209585889712123, -32.049104560003755 ], [ -52.2094702303826, -32.049104560003755 ], [ -52.209456402348586, -32.049105921946229 ], [ -52.209450887198223, -32.04911624006683 ], [ -52.209425078855183, -32.049154998784793 ], [ -52.209434312505984, -32.049173063879088 ], [ -52.209450149801299, -32.049227420993844 ], [ -52.209455492327713, -32.049283785639318 ], [ -52.209455492327713, -32.04935934274755 ], [ -52.209456896916862, -32.0493736293136 ], [ -52.209463652989058, -32.049386295581016 ] ], [ [ -52.2094017234039, -32.052905789740706 ], [ -52.20942917959492, -32.052854279128404 ], [ -52.209466090969421, -32.052809060370819 ], [ -52.209511060150703, -32.052771845342406 ], [ -52.209562384712669, -32.052744042915471 ], [ -52.209618121629688, -32.052726705623677 ], [ -52.209676160834839, -32.052720489815592 ], [ -52.209734305102081, -32.052725630806904 ], [ -52.209790353227966, -32.052741933971923 ], [ -52.213309328309158, -32.054149524004401 ], [ -52.213362039150645, -32.054176945556904 ], [ -52.213408311842819, -32.054214217695439 ], [ -52.213446331275392, -32.054259878368875 ], [ -52.213474606083587, -32.054312136474209 ], [ -52.213492027148995, -32.054368942115055 ], [ -52.213497911106252, -32.054428067011663 ], [ -52.213497911106252, -32.05464920795702 ], [ -52.213491826161118, -32.054709324015789 ], [ -52.21347381816944, -32.054767001388427 ], [ -52.213444617648818, -32.054819900317284 ], [ -52.213405409156366, -32.054865874888506 ], [ -52.21335778323558, -32.054903060083788 ], [ -52.21330367189389, -32.054929947437316 ], [ -52.213245270228278, -32.054945446228622 ], [ -52.213184947378259, -32.054948927729072 ], [ -52.21312515041874, -32.054940250707062 ], [ -52.209463511107543, -32.054024840879265 ], [ -52.209409745214614, -32.054005811041492 ], [ -52.209360552422453, -32.053976949732323 ], [ -52.209317710725792, -32.053939300097596 ], [ -52.20928276856921, -32.053894222923091 ], [ -52.20925698888103, -32.053843347451149 ], [ -52.209241303426822, -32.053788512494286 ], [ -52.209236279132234, -32.053731699974257 ], [ -52.209242097592345, -32.053674963288685 ], [ -52.209384761822349, -32.052961642138648 ], [ -52.2094017234039, -32.052905789740706 ] ], [ [ -52.217553131352162, -32.052600674487614 ], [ -52.219196851099269, -32.051661406060688 ], [ -52.219253457904045, -32.051636409692343 ], [ -52.219313988942879, -32.051623558929137 ], [ -52.219375868856297, -32.051623400520903 ], [ -52.219436464895459, -32.051635941207294 ], [ -52.219493198935375, -32.051660647431042 ], [ -52.219543657164053, -32.051696468038742 ], [ -52.219585692780775, -32.051741879003323 ], [ -52.220103517377623, -32.052432311799123 ], [ -52.220135846297921, -32.052486466818408 ], [ -52.220156138506269, -32.052546184081251 ], [ -52.220163497103933, -32.052608824134268 ], [ -52.220157596847002, -32.052671618339168 ], [ -52.220138698521936, -32.052731791244291 ], [ -52.220107637418991, -32.052786683257239 ], [ -52.217705610049677, -32.056149521574291 ], [ -52.217668359311844, -32.056192417442887 ], [ -52.217623689613255, -32.056227521446075 ], [ -52.217573202944813, -32.056253574647819 ], [ -52.21751870991158, -32.05626964270126 ], [ -52.217462164799052, -32.056275149357269 ], [ -52.217405595486476, -32.056269897130456 ], [ -52.217351030721005, -32.056254074381613 ], [ -52.217300427360655, -32.056228248562498 ], [ -52.214804155963982, -32.054639712219156 ], [ -52.214755003349708, -32.054600645414538 ], [ -52.214715058618694, -32.054552203560959 ], [ -52.214686071436596, -32.054496508516415 ], [ -52.214669311504693, -32.054435999844344 ], [ -52.214665512944265, -32.054373327955489 ], [ -52.214674842140468, -32.054311238014186 ], [ -52.214696890454341, -32.054252449694182 ], [ -52.215646991622066, -32.052352247358741 ], [ -52.215651484323537, -32.05234035597951 ], [ -52.21563885835107, -32.052341830457053 ], [ -52.213242654710733, -32.052874320154899 ], [ -52.213230825267637, -32.052878185625737 ], [ -52.213238730036636, -32.052887797712685 ], [ -52.213255273657126, -32.052904341333175 ], [ -52.213292582506462, -32.052949802297626 ], [ -52.213320305482526, -32.053001668337821 ], [ -52.213337377206891, -32.053057946270926 ], [ -52.213343141622772, -32.053116473367531 ], [ -52.213337377206891, -32.053175000464137 ], [ -52.213320305482526, -32.053231278397242 ], [ -52.213292582506462, -32.053283144437437 ], [ -52.213255273657126, -32.053328605401887 ], [ -52.213209812692675, -32.053365914251224 ], [ -52.21315794665248, -32.053393637227288 ], [ -52.213101668719375, -32.053410708951652 ], [ -52.213043141622769, -32.053416473367534 ], [ -52.213040026678179, -32.053416473367534 ], [ -52.212987491515285, -32.053411837645434 ], [ -52.212936579941832, -32.053398073745264 ], [ -52.212888865370523, -32.0533756070378 ], [ -52.210106192746551, -32.051752381340478 ], [ -52.210058901309864, -32.05171822879889 ], [ -52.210019113318694, -32.051675569780613 ], [ -52.20998833314642, -32.051626017211802 ], [ -52.209967724583173, -32.051571444661903 ], [ -52.209958066833259, -32.051513915504536 ], [ -52.209959725053622, -32.051455604901847 ], [ -52.209972636547398, -32.051398717562215 ], [ -52.20999631313444, -32.051345404380854 ], [ -52.210029859609286, -32.051297681114967 ], [ -52.210072007588629, -32.051257352168562 ], [ -52.213348431606882, -32.048683019011364 ], [ -52.213395856775321, -32.048652498079967 ], [ -52.213448156195582, -32.048631392523937 ], [ -52.213503481563237, -32.048620448230949 ], [ -52.213559877634388, -32.048620051981288 ], [ -52.2136153513256, -32.048630217778751 ], [ -52.213667942151112, -32.048650586355713 ], [ -52.218080485483199, -32.05085685802176 ], [ -52.218130255784665, -32.050888187985365 ], [ -52.218172957591051, -32.050928625656653 ], [ -52.218206949895887, -32.050976617038579 ], [ -52.218230926393964, -32.051030317849253 ], [ -52.218243965681907, -32.05108766439664 ], [ -52.218245566667193, -32.051146452885085 ], [ -52.21823566782485, -32.051204424105947 ], [ -52.218214649561844, -32.051259350257709 ], [ -52.217546923648669, -32.052594802084059 ], [ -52.217542929191495, -32.052605241891008 ], [ -52.217553131352162, -32.052600674487614 ] ], [ [ -52.214780759441531, -32.059283093374312 ], [ -52.214837981848419, -32.059268785156924 ], [ -52.214896897798717, -32.059265949714117 ], [ -52.214955229779228, -32.059274696655592 ], [ -52.215010722851268, -32.059294687850915 ], [ -52.215061231819817, -32.059325150500698 ], [ -52.215104804160269, -32.059364907010647 ], [ -52.215139755497169, -32.059412420513823 ], [ -52.215164734717106, -32.059465854281292 ], [ -52.215178776198677, -32.059523142724551 ], [ -52.215353793978977, -32.060748267186653 ], [ -52.215356150471138, -32.060810562212247 ], [ -52.215345581326837, -32.060871999305753 ], [ -52.215322542924454, -32.060929925597577 ], [ -52.215288030068159, -32.060981839815469 ], [ -52.215243533032009, -32.061025500290079 ], [ -52.215190973209531, -32.061059021750822 ], [ -52.215062304751754, -32.06112335597971 ], [ -52.215007987861426, -32.061144206705663 ], [ -52.214950667761002, -32.061154180843978 ], [ -52.214892500372414, -32.06115290324766 ], [ -52.214835673485766, -32.061140421969633 ], [ -52.214782324472239, -32.061117206455343 ], [ -52.214734459893364, -32.061084129886041 ], [ -52.214693880030268, -32.061042436336677 ], [ -52.213981843119726, -32.060152390198496 ], [ -52.213950740927245, -32.060104919404793 ], [ -52.213929135252833, -32.060052440671335 ], [ -52.213917799296986, -32.059996832050274 ], [ -52.213917138738623, -32.059940083602761 ], [ -52.213927177217094, -32.059884226180863 ], [ -52.213947555486193, -32.059831258749547 ], [ -52.213977544270477, -32.059783076849946 ], [ -52.214016070363769, -32.059741404763756 ], [ -52.214061755035935, -32.059707733806519 ], [ -52.214727442623953, -32.05930832125371 ], [ -52.214780759441531, -32.059283093374312 ] ], [ [ -52.219957212230966, -32.051519727462406 ], [ -52.219915609381218, -32.051481142609404 ], [ -52.21988201582186, -32.051435414491593 ], [ -52.219857633302006, -32.05138417895008 ], [ -52.219843334062411, -32.051329268844128 ], [ -52.219839629632638, -32.051272648483931 ], [ -52.219846652531984, -32.051216343360956 ], [ -52.219864151528874, -32.051162367689621 ], [ -52.219891500628194, -32.051112652352394 ], [ -52.21992772146514, -32.051068975825984 ], [ -52.219971518304476, -32.051032900559498 ], [ -52.220021324393123, -32.051005717080642 ], [ -52.220808962051457, -32.050668158084214 ], [ -52.220864520576612, -32.050650509231026 ], [ -52.220922443412597, -32.050643938324903 ], [ -52.220980543501419, -32.050648693470976 ], [ -52.22103662709236, -32.050664595123834 ], [ -52.221088576573869, -32.050691042866774 ], [ -52.221134430430652, -32.050727038082485 ], [ -52.221172457306807, -32.050771221658913 ], [ -52.221201221378578, -32.050821925306821 ], [ -52.221219636568406, -32.050877234551251 ], [ -52.221227007553139, -32.050935061018549 ], [ -52.221223056018182, -32.050993221289417 ], [ -52.221110536352704, -32.051668339282273 ], [ -52.221096215597598, -32.051722474367985 ], [ -52.221072083701912, -32.051773004983872 ], [ -52.221038981445453, -32.051818170591901 ], [ -52.220998062144481, -32.051856397576344 ], [ -52.220950751469069, -32.051886354070191 ], [ -52.220898697771261, -32.051906996358724 ], [ -52.220843714654826, -32.051917605243624 ], [ -52.220787717787466, -32.051917811100552 ], [ -52.220732658156983, -32.051907606757233 ], [ -52.2206804540969, -32.051887347743374 ], [ -52.220005336104045, -32.051549788746946 ], [ -52.219957212230966, -32.051519727462406 ] ], [ [ -52.221853654715645, -32.041843732340325 ], [ -52.222086559971281, -32.044405690152246 ], [ -52.222085902430415, -32.044466468979017 ], [ -52.22207300746291, -32.044525867783349 ], [ -52.222048404406927, -32.044581448245559 ], [ -52.222013103217392, -32.04463092878882 ], [ -52.221968553007422, -32.04467227823784 ], [ -52.221916582562201, -32.044703799198608 ], [ -52.221859325267445, -32.044724197736315 ], [ -52.221799131533921, -32.044732636491425 ], [ -52.221738472313149, -32.044728769053208 ], [ -52.220152240189314, -32.04446439703257 ], [ -52.220096036431528, -32.044449307630053 ], [ -52.220043803348325, -32.04442365110112 ], [ -52.219997506384992, -32.044388392858906 ], [ -52.219958887620372, -32.044344859613261 ], [ -52.219929400215257, -32.044294689448847 ], [ -52.219910153732371, -32.044239770186707 ], [ -52.219901872385307, -32.044182168348641 ], [ -52.219904867787577, -32.04412405139739 ], [ -52.219919027227107, -32.044067606178551 ], [ -52.219943817907399, -32.044014956633177 ], [ -52.219954196663231, -32.044000851276657 ], [ -52.219964490891016, -32.043983556107996 ], [ -52.219969323877145, -32.043969991983353 ], [ -52.220732876885251, -32.0409157799509 ], [ -52.220754027482222, -32.040857551227731 ], [ -52.22078668727606, -32.040804908376174 ], [ -52.220829463532709, -32.040760096281581 ], [ -52.220880532114791, -32.040725025896954 ], [ -52.220937715269621, -32.040701192752842 ], [ -52.223083006394305, -32.040057605415441 ], [ -52.223143879025066, -32.040046024708857 ], [ -52.223205832361096, -32.040047196926885 ], [ -52.223266223342335, -32.040061072060233 ], [ -52.223322475562071, -32.040087058166428 ], [ -52.223372189181894, -32.040124046623347 ], [ -52.223413243313857, -32.04017045942534 ], [ -52.223443886502054, -32.040224316504329 ], [ -52.223462811443412, -32.040283320203663 ], [ -52.22346921075998, -32.040344953301009 ], [ -52.22346921075998, -32.041528206202386 ], [ -52.223463446344098, -32.041586733298992 ], [ -52.223446374619733, -32.041643011232097 ], [ -52.223418651643669, -32.041694877272292 ], [ -52.223381342794333, -32.041740338236743 ], [ -52.223335881829883, -32.041777647086079 ], [ -52.223284015789687, -32.041805370062143 ], [ -52.223227737856583, -32.041822441786508 ], [ -52.223169210759977, -32.041828206202389 ], [ -52.22186783341207, -32.041828206202389 ], [ -52.221853840156079, -32.041829664521707 ], [ -52.221853654715645, -32.041843732340325 ] ], [ [ -52.221187126535703, -32.054627463757377 ], [ -52.221146373752958, -32.054585499383116 ], [ -52.221114539212529, -32.054536424338089 ], [ -52.221092833262929, -32.054482104454436 ], [ -52.221082081163892, -32.054424604972915 ], [ -52.221082691709974, -32.054366112022556 ], [ -52.221094641688232, -32.054308849504025 ], [ -52.22111747676076, -32.054254994537018 ], [ -52.221150328738602, -32.054206594686185 ], [ -52.221191948590288, -32.054165490112787 ], [ -52.221240753929976, -32.054133243611794 ], [ -52.221294889179731, -32.054111081194456 ], [ -52.22135229611856, -32.054099845475399 ], [ -52.22141079213592, -32.054099963636403 ], [ -52.22231535178917, -32.054190419601731 ], [ -52.222371386127655, -32.054201487392618 ], [ -52.22242430726817, -32.05422297450437 ], [ -52.222472196911639, -32.05425410206665 ], [ -52.222513319141974, -32.054293741759601 ], [ -52.222546183350026, -32.054340456713454 ], [ -52.222569598265558, -32.054392553592592 ], [ -52.222582715138699, -32.054448143975961 ], [ -52.222585058505672, -32.054505212809104 ], [ -52.222576543423507, -32.05456169144631 ], [ -52.222486087458179, -32.054923515307607 ], [ -52.222465356573423, -32.054980875700188 ], [ -52.222433452845628, -32.055032857777611 ], [ -52.222391694956613, -32.055077312956449 ], [ -52.222341808891805, -32.055112403763779 ], [ -52.222285856599811, -32.055136679785704 ], [ -52.222226150765543, -32.055149137617583 ], [ -52.222165159219699, -32.055149262337885 ], [ -52.222105402935462, -32.055137048791515 ], [ -52.22204935182878, -32.05511300180293 ], [ -52.221235248140857, -32.054660721976305 ], [ -52.221187126535703, -32.054627463757377 ] ], [ [ -52.236037660015853, -32.055566365255707 ], [ -52.235980069187313, -32.055548416086083 ], [ -52.235927233491815, -32.0555193082606 ], [ -52.235881289179993, -32.055480218665643 ], [ -52.23584409387032, -32.055432727770082 ], [ -52.235817151442014, -32.055378755723801 ], [ -52.235801551230196, -32.055320484722316 ], [ -52.23579792398197, -32.055260270776316 ], [ -52.235806416354094, -32.055200548453534 ], [ -52.23582668498333, -32.055143732444421 ], [ -52.235857910369312, -32.055092119931473 ], [ -52.235898830008544, -32.055047797709641 ], [ -52.235947789439891, -32.055012557813143 ], [ -52.236002809137673, -32.054987825059996 ], [ -52.236279577106721, -32.054895569070311 ], [ -52.236334812873878, -32.054882803482876 ], [ -52.236391463941942, -32.054880657164588 ], [ -52.236447507269695, -32.054889206761679 ], [ -52.236500941518635, -32.054908146963257 ], [ -52.236549858521926, -32.054936801404175 ], [ -52.23659251142611, -32.054974146818353 ], [ -52.236627377072189, -32.055018849580229 ], [ -52.236653210388482, -32.055069313329248 ], [ -52.236669088852871, -32.055123735976778 ], [ -52.236674445436535, -32.055180174059728 ], [ -52.236674445436535, -32.055272430049413 ], [ -52.236668681020653, -32.055330957146019 ], [ -52.236651609296288, -32.055387235079124 ], [ -52.236623886320224, -32.055439101119319 ], [ -52.236586577470888, -32.05548456208377 ], [ -52.236541116506437, -32.055521870933106 ], [ -52.236489250466242, -32.05554959390917 ], [ -52.236432972533137, -32.055566665633535 ], [ -52.236374445436532, -32.055572430049416 ], [ -52.236097677467484, -32.055572430049416 ], [ -52.236037660015853, -32.055566365255707 ] ] ], [ [ [ -52.201374596526598, -32.173597262236861 ], [ -52.201372162027191, -32.173610437454137 ], [ -52.201383170433694, -32.173618074739288 ], [ -52.207982553878622, -32.177317729094781 ], [ -52.207986740068087, -32.17712185325621 ], [ -52.206400314495085, -32.175991366849914 ], [ -52.20541447746853, -32.175714358717045 ], [ -52.203206111924416, -32.174231747642452 ], [ -52.201391635162345, -32.173537627011747 ], [ -52.201374596526598, -32.173597262236861 ] ] ], [ [ [ -52.201918348196628, -32.177126577234567 ], [ -52.201910982757262, -32.177118234345876 ], [ -52.201910573176349, -32.177129355754651 ], [ -52.201938585866195, -32.177577558792201 ], [ -52.20198768466269, -32.177608615532854 ], [ -52.202867247964399, -32.178444493578688 ], [ -52.201918348196628, -32.177126577234567 ] ] ], [ [ [ -52.256349459867408, -32.059090182472403 ], [ -52.256346402899545, -32.059077056012804 ], [ -52.256333159932197, -32.059074551455069 ], [ -52.253397609511779, -32.058807683235031 ], [ -52.253384799619234, -32.058807764295921 ], [ -52.253387109546473, -32.058820364460871 ], [ -52.253623927358987, -32.059649226804659 ], [ -52.253634555070953, -32.059708228941552 ], [ -52.253633238660036, -32.059768166137701 ], [ -52.253620030697839, -32.05982664476759 ], [ -52.253595458651738, -32.059881329454385 ], [ -52.253560503820154, -32.059930036334478 ], [ -52.253516562143865, -32.059970820271332 ], [ -52.253465388458345, -32.060002052535573 ], [ -52.253409026413379, -32.060022485849231 ], [ -52.253349726858822, -32.060031304196485 ], [ -52.253289857955586, -32.060028155411693 ], [ -52.253231810601882, -32.06001316524334 ], [ -52.253177902951286, -32.059986932332201 ], [ -52.253130287836029, -32.059950504304275 ], [ -52.249621356289865, -32.056660880979749 ], [ -52.249610110874649, -32.056652311582248 ], [ -52.249598228770047, -32.056659973796606 ], [ -52.248274856630637, -32.057718671508134 ], [ -52.248265090454638, -32.057728300551602 ], [ -52.248275528056574, -32.057737197356545 ], [ -52.252411614941799, -32.060580757090136 ], [ -52.252456152239212, -32.06061822818392 ], [ -52.252492615781222, -32.060663594072366 ], [ -52.252519633058348, -32.060715147156337 ], [ -52.25253618712415, -32.060770946946981 ], [ -52.252541654873696, -32.060828893106866 ], [ -52.252535830497642, -32.060886804507938 ], [ -52.252038797654386, -32.063371968724219 ], [ -52.252037427695434, -32.063387140860932 ], [ -52.25204801843536, -32.063398091054907 ], [ -52.252431179126681, -32.063717391631009 ], [ -52.252472715865053, -32.063759616812405 ], [ -52.252505147012194, -32.063809179775127 ], [ -52.252527208377991, -32.063864148518228 ], [ -52.252538039994086, -32.063922380319433 ], [ -52.252537219636075, -32.063981605260054 ], [ -52.252524779282119, -32.064039514708092 ], [ -52.252501203866416, -32.064093851310425 ], [ -52.252467412376106, -32.064142496986101 ], [ -52.252424722028486, -32.064183555490686 ], [ -52.252374796924883, -32.064215426333305 ], [ -52.252319583182775, -32.064236867164936 ], [ -52.25226123307467, -32.064247042206098 ], [ -52.252202021130941, -32.064245554826165 ], [ -52.252144255476971, -32.064232463004295 ], [ -52.252050053126091, -32.064201062220668 ], [ -52.252036585003204, -32.064198042999109 ], [ -52.252031539458912, -32.064210890120052 ], [ -52.250170363653666, -32.070857946567379 ], [ -52.250152411748687, -32.070905871327199 ], [ -52.250126575407201, -32.070950047530694 ], [ -52.25009360648211, -32.070989189624079 ], [ -52.24773375440477, -32.07334904170142 ], [ -52.2477254191624, -32.073359122506353 ], [ -52.247733148056042, -32.073369675377918 ], [ -52.248791688954142, -32.074560533888281 ], [ -52.248616143569834, -32.074277077556125 ], [ -52.24886157681216, -32.073773442261668 ], [ -52.249452287015274, -32.073409606763953 ], [ -52.249547487940738, -32.072680710819796 ], [ -52.250447967663781, -32.071908068902793 ], [ -52.250293171355622, -32.071861861585731 ], [ -52.2502159596838, -32.071337539595369 ], [ -52.250455321856215, -32.071418713654261 ], [ -52.251303954732812, -32.07095685427678 ], [ -52.251456183997739, -32.06978584589168 ], [ -52.252064950812027, -32.069207013160415 ], [ -52.252441372005485, -32.068033788029254 ], [ -52.252351277906065, -32.067593130597011 ], [ -52.252415156377616, -32.067490772206789 ], [ -52.252344427129053, -32.067278584461093 ], [ -52.25233138784111, -32.067221237913706 ], [ -52.252329786855825, -32.067162449425261 ], [ -52.252339685698168, -32.067104478204399 ], [ -52.252360703961173, -32.067049552052637 ], [ -52.252845286978626, -32.066080386017738 ], [ -52.252877530359051, -32.066029444780071 ], [ -52.25291930801081, -32.065985979010883 ], [ -52.25296893274561, -32.065951744072997 ], [ -52.252996569799272, -32.065939974534992 ], [ -52.252986604727568, -32.065880326899077 ], [ -52.253414153116005, -32.065374881997009 ], [ -52.253279596235778, -32.063729358012431 ], [ -52.254282777691188, -32.061249150040041 ], [ -52.251887982372402, -32.059303762396262 ], [ -52.254138752858367, -32.060964165786082 ], [ -52.254358704959358, -32.060651711778874 ], [ -52.254727242021218, -32.060958340593601 ], [ -52.255061891985576, -32.060835689485657 ], [ -52.256562929793205, -32.060952086108173 ], [ -52.256452776963542, -32.060070082121989 ], [ -52.256480232656372, -32.060070978389625 ], [ -52.256349459867408, -32.059090182472403 ] ] ], [ [ [ -52.250910113177504, -32.075971875408356 ], [ -52.250558571480823, -32.075657148716878 ], [ -52.250303426721324, -32.075704418281646 ], [ -52.250204574023769, -32.075843595562226 ], [ -52.250910113177504, -32.075971875408356 ] ] ], [ [ [ -52.249532082839728, -32.076154727369762 ], [ -52.249474471199441, -32.076147427777663 ], [ -52.249419345318785, -32.076129165181385 ], [ -52.249368770816652, -32.076100623897688 ], [ -52.248544862588396, -32.075523888137909 ], [ -52.248532040806253, -32.07551675263106 ], [ -52.248518090730109, -32.075521303337673 ], [ -52.246120376600928, -32.076586954061753 ], [ -52.246110707699174, -32.076592458204679 ], [ -52.246121511463684, -32.076595115632657 ], [ -52.246926213427322, -32.076710073056034 ], [ -52.24746431203517, -32.076153067700851 ], [ -52.248026817558035, -32.076290732630731 ], [ -52.248698192599818, -32.076188647701514 ], [ -52.248759439854545, -32.076569923039976 ], [ -52.249323897328125, -32.076850767492125 ], [ -52.250109524999864, -32.076619151825938 ], [ -52.249702582501968, -32.076334292077405 ], [ -52.249658507457141, -32.076296596641562 ], [ -52.249622509196506, -32.076251124884486 ], [ -52.249595933077252, -32.076199576214812 ], [ -52.249581937549458, -32.07615133973853 ], [ -52.249532082839728, -32.076154727369762 ] ] ], [ [ [ -52.245038003450986, -32.076334584159156 ], [ -52.245028754445769, -32.076325433436416 ], [ -52.245019287689175, -32.076334358700777 ], [ -52.241300479516276, -32.080584425184092 ], [ -52.241251401187327, -32.080629317589541 ], [ -52.241193637312755, -32.080662292507789 ], [ -52.237030778707222, -32.082459890541998 ], [ -52.237684621738531, -32.082645463656732 ], [ -52.238468820301833, -32.082590064764545 ], [ -52.239861300826774, -32.081908155443607 ], [ -52.241863311907331, -32.080695173630609 ], [ -52.242193854834824, -32.08026231894862 ], [ -52.24353279849489, -32.079771834459258 ], [ -52.244468973717503, -32.078521534755204 ], [ -52.245988758201527, -32.077475489859808 ], [ -52.245038003450986, -32.076334584159156 ] ] ], [ [ [ -52.229411888455182, -32.0857498658781 ], [ -52.22940649794424, -32.085752865103593 ], [ -52.229412578704185, -32.085751827163001 ], [ -52.234913095030286, -32.084234443348905 ], [ -52.23540477536384, -32.0840520300181 ], [ -52.235623239240283, -32.083620285014177 ], [ -52.235318717128138, -32.083199189860238 ], [ -52.229411888455182, -32.0857498658781 ] ] ] ] } },
{ "type": "Feature", "properties": { "tipo_classe": "Mosaico de Usos", "classe": 21 }, "geometry": { "type": "MultiPolygon", "coordinates": [ [ [ [ -52.168213125877379, -32.121318668175469 ], [ -52.164729282079023, -32.117566836392619 ], [ -52.164720885213164, -32.117559388335074 ], [ -52.164721194122542, -32.117570608205483 ], [ -52.164925807651429, -32.119207516436603 ], [ -52.164927503534877, -32.119264015889769 ], [ -52.164918571241429, -32.1193198305685 ], [ -52.164899327873869, -32.119372979011878 ], [ -52.164870456585483, -32.119421574412229 ], [ -52.16483298232761, -32.119463891598159 ], [ -52.164788235463149, -32.119498428279371 ], [ -52.164737804537722, -32.119523958379034 ], [ -52.16468347988517, -32.119539575560395 ], [ -52.164627190069432, -32.119544725402363 ], [ -52.164570933419128, -32.11953922508188 ], [ -52.164516707085504, -32.119523269864239 ], [ -52.163656651219334, -32.119179247517771 ], [ -52.163641520041729, -32.119175040279913 ], [ -52.163626962335236, -32.119180933204831 ], [ -52.160151659264159, -32.121052250243103 ], [ -52.160140328968723, -32.121059958543142 ], [ -52.160148966459779, -32.121070597491958 ], [ -52.161205982501123, -32.122127613533301 ], [ -52.161216017295899, -32.1221359189853 ], [ -52.161226582335615, -32.1221282994332 ], [ -52.16210466738589, -32.121359975014201 ], [ -52.162153254283844, -32.121325345291474 ], [ -52.162207733396414, -32.121301015666688 ], [ -52.162265949829951, -32.121287948485815 ], [ -52.162325600862935, -32.121286660614572 ], [ -52.162384327029031, -32.121297202994043 ], [ -52.162439805444521, -32.121319158625759 ], [ -52.16248984168881, -32.121351659065844 ], [ -52.162532456603657, -32.121393418775874 ], [ -52.162565964577702, -32.121442785971709 ], [ -52.162589040220034, -32.121497807958946 ], [ -52.162600770785332, -32.121556308370799 ], [ -52.162600692277024, -32.121615973253142 ], [ -52.162588807800475, -32.121674442591832 ], [ -52.162565587440128, -32.121729403661817 ], [ -52.161820207654117, -32.123095933269518 ], [ -52.161783849744353, -32.123148405430193 ], [ -52.161737212723587, -32.123191996869075 ], [ -52.161682408329213, -32.123224733753567 ], [ -52.161621918119586, -32.12324513374837 ], [ -52.159572332196319, -32.12370059728687 ], [ -52.159513514424361, -32.123707675820533 ], [ -52.159454452484482, -32.123703058116064 ], [ -52.159397449553424, -32.123686924245249 ], [ -52.15934472851491, -32.123659903363787 ], [ -52.159298345276177, -32.123623049176757 ], [ -52.159260108595909, -32.123577798848366 ], [ -52.159231509549969, -32.123525916958386 ], [ -52.158526791163681, -32.121881574057042 ], [ -52.158521396993507, -32.121871759832594 ], [ -52.158518140362531, -32.121882474795449 ], [ -52.157445834058677, -32.127244006314712 ], [ -52.157444576290068, -32.12725624646901 ], [ -52.157456565917393, -32.127253480208751 ], [ -52.159047142704296, -32.126723287946454 ], [ -52.159058971533419, -32.126718117555974 ], [ -52.159062233799013, -32.126705627089265 ], [ -52.159221944321487, -32.125747363954389 ], [ -52.159236598889663, -32.125692324739774 ], [ -52.159261391671848, -32.125641047167043 ], [ -52.159295429006299, -32.125595379548571 ], [ -52.15933748400915, -32.125556967984565 ], [ -52.159386040797777, -32.125527197029051 ], [ -52.159439349131112, -32.125507139783224 ], [ -52.159495487497558, -32.125497519215315 ], [ -52.159552432376259, -32.125498682100982 ], [ -52.15960813117546, -32.125510586523738 ], [ -52.159660576218634, -32.125532803385823 ], [ -52.15970787711165, -32.125564531875128 ], [ -52.159748328882515, -32.125604628330677 ], [ -52.160609253228465, -32.126637737545813 ], [ -52.160713868184125, -32.126571417415278 ], [ -52.16113738895622, -32.124877334326897 ], [ -52.161158418353565, -32.124819355619564 ], [ -52.161190859613413, -32.124766902490812 ], [ -52.161233341636191, -32.12472219182321 ], [ -52.161284068958814, -32.124687113271413 ], [ -52.161340897638304, -32.124663149397698 ], [ -52.161401425863545, -32.124651313012841 ], [ -52.161463095465528, -32.124652104370604 ], [ -52.161523300036066, -32.124665490024988 ], [ -52.162819650085162, -32.125097606708025 ], [ -52.162851019151525, -32.125104902046829 ], [ -52.162877942482865, -32.125108794348385 ], [ -52.1629351582665, -32.125129466677173 ], [ -52.162962246765431, -32.125146069002405 ], [ -52.163773270798742, -32.124631924352443 ], [ -52.163770496688215, -32.12460972951645 ], [ -52.163774793333857, -32.124550831910184 ], [ -52.163790544263371, -32.124493917084287 ], [ -52.163817139147639, -32.124441190418189 ], [ -52.163853547467639, -32.124394695005272 ], [ -52.163898358445799, -32.124356232485546 ], [ -52.168211148560459, -32.121337279405282 ], [ -52.168220969548138, -32.121328912165431 ], [ -52.168213125877379, -32.121318668175469 ] ], [ [ -52.163750306172417, -32.120981505302574 ], [ -52.163777107780973, -32.120928040140981 ], [ -52.163813982317315, -32.120880953855355 ], [ -52.163859464285061, -32.12084211778533 ], [ -52.16391174610461, -32.120813075384092 ], [ -52.163968749951387, -32.12079498087725 ], [ -52.164028210334344, -32.12078855339071 ], [ -52.164087764132887, -32.120794048370627 ], [ -52.164145044513809, -32.120811247431256 ], [ -52.164197774995841, -32.120839467034187 ], [ -52.164243859923303, -32.120877585654121 ], [ -52.16428146775332, -32.120924088351316 ], [ -52.164309103846371, -32.120977126979561 ], [ -52.164331732840452, -32.121033699464775 ], [ -52.164348512645823, -32.121092348909244 ], [ -52.164353081446151, -32.121153180194518 ], [ -52.164345250330719, -32.121213678069161 ], [ -52.164325343100408, -32.121271341067576 ], [ -52.16429418287921, -32.121323784940621 ], [ -52.164253058079673, -32.121368841239494 ], [ -52.164203669129648, -32.12140464697675 ], [ -52.164148058163001, -32.121429721657073 ], [ -52.164114114671875, -32.121441036154117 ], [ -52.164053962687625, -32.121454415686706 ], [ -52.163992345953979, -32.121455222679181 ], [ -52.163931864199448, -32.12144342308298 ], [ -52.163875069265586, -32.12141951474576 ], [ -52.163824357439871, -32.121384506406258 ], [ -52.163781868351791, -32.121339875133643 ], [ -52.163749394697675, -32.121287504007149 ], [ -52.163728306603453, -32.121229602665338 ], [ -52.16371949381638, -32.121168614077177 ], [ -52.163723328164899, -32.121107111468511 ], [ -52.163734642661943, -32.121039224486253 ], [ -52.163750306172417, -32.120981505302574 ] ] ], [ [ [ -52.163066500143429, -32.125252557431729 ], [ -52.163090836096465, -32.125308313619406 ], [ -52.163103423376441, -32.125367832956243 ], [ -52.163103774917694, -32.125371110659962 ], [ -52.163110436817263, -32.12538354735068 ], [ -52.163512811159499, -32.125987108864031 ], [ -52.163540577955082, -32.126039241670156 ], [ -52.163557592120796, -32.126095804401494 ], [ -52.163563194107354, -32.126154604419845 ], [ -52.163557166755332, -32.126213362359216 ], [ -52.163539743713322, -32.126269800484792 ], [ -52.163511600380588, -32.126321730988685 ], [ -52.163473827725433, -32.126367140799672 ], [ -52.163427889994082, -32.126404269619336 ], [ -52.163375567949636, -32.126431678159555 ], [ -52.163318889841278, -32.126448303936044 ], [ -52.163260052779748, -32.126453502455313 ], [ -52.163201337567024, -32.126447072198232 ], [ -52.163145020281625, -32.126429262431905 ], [ -52.162575909893185, -32.126185357979715 ], [ -52.162563496361585, -32.126181320342162 ], [ -52.162551518971917, -32.126186510758352 ], [ -52.161135768725693, -32.126958738165378 ], [ -52.161082607261825, -32.126981395373853 ], [ -52.161026087971031, -32.126993439463845 ], [ -52.160968308026916, -32.126994423534001 ], [ -52.160911411380205, -32.126984311069954 ], [ -52.160857509206473, -32.126963477299221 ], [ -52.160808601570032, -32.126932695268188 ], [ -52.160799518330222, -32.126924153645561 ], [ -52.160802715086461, -32.126945358264244 ], [ -52.16080056435306, -32.127001591870268 ], [ -52.160787949522657, -32.12705643446462 ], [ -52.16076531447527, -32.127107956292328 ], [ -52.160733455673849, -32.127154344446772 ], [ -52.160693494139039, -32.127193966660698 ], [ -52.160646836003622, -32.127225428741056 ], [ -52.159613044598203, -32.127789314962193 ], [ -52.15960042741014, -32.127798057399694 ], [ -52.159595522131475, -32.127812602566863 ], [ -52.159063274827282, -32.130207715435702 ], [ -52.159061581005581, -32.1302219711934 ], [ -52.1590706635847, -32.130233088855839 ], [ -52.160213755735839, -32.131376181006985 ], [ -52.160249159810974, -32.131418825948913 ], [ -52.160276114544629, -32.13146725612485 ], [ -52.160293699870039, -32.131519818430149 ], [ -52.160301315533687, -32.131574718714987 ], [ -52.160298701584246, -32.131630083025485 ], [ -52.160285947245654, -32.131684021568802 ], [ -52.160263487871639, -32.131734693218924 ], [ -52.160232090085366, -32.131780368361241 ], [ -52.159069179148936, -32.133175861484958 ], [ -52.159064361123356, -32.133182914969119 ], [ -52.159071845265764, -32.133178797612921 ], [ -52.164978126525796, -32.129151787662892 ], [ -52.164987939025451, -32.129143768274353 ], [ -52.164992463217423, -32.129131930731127 ], [ -52.165967558492142, -32.125719097269602 ], [ -52.165989012344845, -32.12566473195379 ], [ -52.166020600028233, -32.125615558041829 ], [ -52.166061122664985, -32.125573441877833 ], [ -52.166109042261049, -32.125539981936527 ], [ -52.166162540078545, -32.125516448154791 ], [ -52.166219585664059, -32.125503733732565 ], [ -52.16627801391239, -32.125502321232382 ], [ -52.166335607240804, -32.125512264264188 ], [ -52.166390179755084, -32.125533185450678 ], [ -52.167670990253662, -32.126173590699963 ], [ -52.167680559011927, -32.126177280143111 ], [ -52.167675217368284, -32.126168525717375 ], [ -52.166075574683546, -32.124035668804403 ], [ -52.166066448879391, -32.124025678591686 ], [ -52.166053647739822, -32.124030062137926 ], [ -52.164194538032397, -32.124875112004936 ], [ -52.164138633016989, -32.124894138787113 ], [ -52.16408008394572, -32.124901845630866 ], [ -52.16402115952301, -32.124897933905501 ], [ -52.163964142997685, -32.12488255518555 ], [ -52.163911243689896, -32.124856305377484 ], [ -52.163864511382705, -32.124820201629049 ], [ -52.163825756895456, -32.124775642916028 ], [ -52.163818223807034, -32.124762445634801 ], [ -52.163059903129927, -32.125243212026959 ], [ -52.163066500143429, -32.125252557431729 ] ], [ [ -52.16367020915402, -32.126647512171502 ], [ -52.163623755063711, -32.126607395606811 ], [ -52.163586437828272, -32.126558664249266 ], [ -52.163559819514532, -32.126503357950874 ], [ -52.163545014341814, -32.126443791784894 ], [ -52.163542642041698, -32.126382459138931 ], [ -52.163552801916587, -32.126321927343888 ], [ -52.163575068683016, -32.126264730207758 ], [ -52.163608510273612, -32.126213261952621 ], [ -52.163651726852656, -32.126169676994614 ], [ -52.163651840394813, -32.126169583824016 ], [ -52.163937764558966, -32.125883659659863 ], [ -52.163983225523417, -32.125846350810527 ], [ -52.164035091563612, -32.125818627834462 ], [ -52.164091369496717, -32.125801556110098 ], [ -52.164149896593322, -32.125795791694216 ], [ -52.164208423689928, -32.125801556110098 ], [ -52.164264701623033, -32.125818627834462 ], [ -52.164316567663228, -32.125846350810527 ], [ -52.164362028627679, -32.125883659659863 ], [ -52.164399337477015, -32.125929120624313 ], [ -52.164427060453079, -32.125980986664509 ], [ -52.164444132177444, -32.126037264597613 ], [ -52.164449896593325, -32.126095791694219 ], [ -52.164449896593325, -32.126533533432379 ], [ -52.164444060598392, -32.12659241923815 ], [ -52.164426779672517, -32.12664901399549 ], [ -52.164398726158332, -32.126701115792962 ], [ -52.164360991523615, -32.12674669752505 ], [ -52.164315043895947, -32.126783985760049 ], [ -52.164262670942804, -32.126811529738291 ], [ -52.164205910319453, -32.126828257816314 ], [ -52.164146970390625, -32.12683351916094 ], [ -52.16408814431049, -32.126827109070952 ], [ -52.164031720803749, -32.126809276941387 ], [ -52.163723855571604, -32.126677334699039 ], [ -52.16367020915402, -32.126647512171502 ] ] ] ] } },
{ "type": "Feature", "properties": { "tipo_classe": "Restinga Arborea", "classe": 49 }, "geometry": { "type": "MultiPolygon", "coordinates": [ [ [ [ -52.105983766253345, -32.116207923135477 ], [ -52.105970810686713, -32.116209883889461 ], [ -52.105969571597143, -32.116222928272087 ], [ -52.105969571597143, -32.117441446316981 ], [ -52.105963486652008, -32.11750156237575 ], [ -52.105945478660331, -32.117559239748388 ], [ -52.105916278139709, -32.117612138677245 ], [ -52.105877069647256, -32.117658113248467 ], [ -52.105829443726471, -32.117695298443749 ], [ -52.105775332384781, -32.117722185797277 ], [ -52.105716930719169, -32.117737684588583 ], [ -52.10565660786915, -32.117741166089033 ], [ -52.105596810909631, -32.117732489067023 ], [ -52.104905424684517, -32.117559642510749 ], [ -52.104893693612667, -32.11755786949999 ], [ -52.104897969229619, -32.117568936600499 ], [ -52.106502367224032, -32.120777732589318 ], [ -52.106509309877595, -32.120788907591084 ], [ -52.106522409952021, -32.120790119676492 ], [ -52.106555099160154, -32.120790119676492 ], [ -52.108061040026023, -32.120291795139067 ], [ -52.108527231298034, -32.120246623214214 ], [ -52.108500191982358, -32.120224478096354 ], [ -52.108462825825896, -32.120179033118532 ], [ -52.10843504769803, -32.120127169342439 ], [ -52.108417925968922, -32.120070881492495 ], [ -52.108412119154657, -32.120012334446741 ], [ -52.108417850590193, -32.11995377997377 ], [ -52.108434899839708, -32.119897470127839 ], [ -52.10846261117473, -32.119845570632947 ], [ -52.108499918794017, -32.119800077587307 ], [ -52.10854538781517, -32.119762740691698 ], [ -52.108597269461406, -32.119734995954509 ], [ -52.10865356832101, -32.119717910461652 ], [ -52.108712119092502, -32.119712141335555 ], [ -52.109271127161634, -32.119712141335555 ], [ -52.109258511674028, -32.119589142932142 ], [ -52.108807808949848, -32.119426016224857 ], [ -52.10787115747754, -32.118503371001331 ], [ -52.107308869613881, -32.118388950796678 ], [ -52.106912244161251, -32.11805826949238 ], [ -52.106737366360171, -32.117510838365853 ], [ -52.106788842002437, -32.117128503241268 ], [ -52.107341611960948, -32.116455370997691 ], [ -52.107143892633474, -32.116143471669915 ], [ -52.105983766253345, -32.116207923135477 ] ] ], [ [ [ -52.183327977909741, -32.132912568744288 ], [ -52.183318651578382, -32.132916939350544 ], [ -52.18332868521469, -32.132919265032754 ], [ -52.183950437992088, -32.133002165403077 ], [ -52.18374909973943, -32.132762168090828 ], [ -52.183327977909741, -32.132912568744288 ] ] ], [ [ [ -52.187356936338375, -32.134887106790345 ], [ -52.187731128681328, -32.135390619234371 ], [ -52.187981746155032, -32.136331031875116 ], [ -52.188310417494947, -32.136897546198462 ], [ -52.188875613139004, -32.137180144020491 ], [ -52.188920417983653, -32.137207702319849 ], [ -52.188959720659483, -32.137242662778071 ], [ -52.188992312856413, -32.137283950580951 ], [ -52.189017192569359, -32.137330296388214 ], [ -52.189188985793571, -32.137731147244708 ], [ -52.189362469146005, -32.137893316662229 ], [ -52.189282797721866, -32.13795004174407 ], [ -52.189776672270376, -32.139102415690587 ], [ -52.189783074762467, -32.139114092528857 ], [ -52.189795858779547, -32.139110363002914 ], [ -52.190574131852678, -32.13879905377366 ], [ -52.190566269449164, -32.138788961484693 ], [ -52.191640675682201, -32.138361170179309 ], [ -52.192459073042976, -32.137661306621204 ], [ -52.191357219764924, -32.13597709450039 ], [ -52.190209852991508, -32.135104793202316 ], [ -52.189178873972409, -32.134553598358366 ], [ -52.18876662819666, -32.134127856463927 ], [ -52.188414501721553, -32.134011825741233 ], [ -52.187673594300847, -32.1341977859162 ], [ -52.187356936338375, -32.134762701444323 ], [ -52.187356936338375, -32.134887106790345 ] ] ], [ [ [ -52.18413803786386, -32.134806344200143 ], [ -52.184128922538086, -32.134805763594485 ], [ -52.184136635926826, -32.134810655414398 ], [ -52.186783489496236, -32.136134082199106 ], [ -52.186367554401606, -32.135177930289771 ], [ -52.18413803786386, -32.134806344200143 ] ] ], [ [ [ -52.203784978015705, -32.078199988522762 ], [ -52.19329981849917, -32.068790229982291 ], [ -52.193269138064949, -32.068768962561485 ], [ -52.192039255979687, -32.068127284951778 ], [ -52.192045600887361, -32.068616345652593 ], [ -52.192655639509063, -32.069186413200221 ], [ -52.194294202306111, -32.070173422369315 ], [ -52.194648522134365, -32.071554407050876 ], [ -52.194271033794344, -32.072703613502107 ], [ -52.194443990955705, -32.07344371551951 ], [ -52.196777971313644, -32.074700474173788 ], [ -52.196789594798481, -32.074705507021257 ], [ -52.196801904128641, -32.074708492879168 ], [ -52.200166014452371, -32.075226048313581 ], [ -52.200224535037165, -32.075241214250511 ], [ -52.200278826860846, -32.075267804894899 ], [ -52.200326685274526, -32.075304740470273 ], [ -52.200366166873252, -32.075350521119567 ], [ -52.202067509655834, -32.077781010808977 ], [ -52.202095805014473, -32.077831031433632 ], [ -52.202114043133356, -32.077885529701781 ], [ -52.202121554736308, -32.077942505714567 ], [ -52.202118064173355, -32.077999868648433 ], [ -52.202103699536131, -32.078055513481161 ], [ -52.202078987957393, -32.07810739823892 ], [ -52.201528506018903, -32.079024868136393 ], [ -52.201683623730354, -32.079148856234745 ], [ -52.203782442590629, -32.078216047852401 ], [ -52.203793754215447, -32.078209603906721 ], [ -52.203784978015705, -32.078199988522762 ] ] ], [ [ [ -52.187100047142884, -32.065550306428229 ], [ -52.187087573646572, -32.065545234864729 ], [ -52.187076172291057, -32.065552398520133 ], [ -52.183596203006552, -32.068229297969751 ], [ -52.183585899854862, -32.068239054239662 ], [ -52.183591642952564, -32.068252029468624 ], [ -52.183971821497707, -32.068917341922614 ], [ -52.185046445044314, -32.069257804235093 ], [ -52.185533097327166, -32.069931558354121 ], [ -52.187073137231963, -32.069589327264168 ], [ -52.187085652480896, -32.069585231433877 ], [ -52.187081669471162, -32.069572679823743 ], [ -52.186542117026725, -32.06831372412006 ], [ -52.186524668036299, -32.068259094835305 ], [ -52.1865179330361, -32.06820214340167 ], [ -52.186522158139958, -32.068144950967579 ], [ -52.186537188951966, -32.068089607488197 ], [ -52.186562476208501, -32.068038135353241 ], [ -52.186597095849713, -32.067992415483793 ], [ -52.186639782786962, -32.067954118598692 ], [ -52.18668897713237, -32.067924644162304 ], [ -52.186742881200999, -32.067905069244553 ], [ -52.186799525202822, -32.067896109162092 ], [ -52.186856839223751, -32.06789809133884 ], [ -52.186912728865536, -32.067910943341069 ], [ -52.188376256954669, -32.068398786037442 ], [ -52.188428378181356, -32.06842186842691 ], [ -52.188475192400773, -32.068454392999698 ], [ -52.188515009401677, -32.068495185467313 ], [ -52.188546391604959, -32.06854277303178 ], [ -52.188568205967002, -32.068595437560482 ], [ -52.188579664887783, -32.068651277618763 ], [ -52.188580354646916, -32.068708277120578 ], [ -52.188570250340881, -32.068764378118559 ], [ -52.188549716782163, -32.068817555105511 ], [ -52.188185010107929, -32.069546968453984 ], [ -52.188637545282859, -32.069510581091649 ], [ -52.188905578513982, -32.069733837665993 ], [ -52.190466014342732, -32.068598975245081 ], [ -52.190515040526442, -32.068570003017449 ], [ -52.190568658208022, -32.068550817062039 ], [ -52.190624935389508, -32.068542108703554 ], [ -52.190681844243542, -32.068544191728975 ], [ -52.19073733418184, -32.068556991080953 ], [ -52.191873258906114, -32.068935632655709 ], [ -52.191813943985238, -32.068009730867722 ], [ -52.187100047142884, -32.065550306428229 ] ] ], [ [ [ -52.237200711026382, -32.048825413047012 ], [ -52.229410218376763, -32.042915384140407 ], [ -52.229398674309181, -32.042908344371789 ], [ -52.229392237257763, -32.042920235049117 ], [ -52.228056293240968, -32.046126500689418 ], [ -52.228052519595032, -32.0461388523088 ], [ -52.228065372492082, -32.046140119566161 ], [ -52.230021165194252, -32.046140119566161 ], [ -52.230076209016651, -32.0461452125001 ], [ -52.230129383942042, -32.046160318382057 ], [ -52.230178884527888, -32.046184924323654 ], [ -52.230223030086087, -32.046218194881988 ], [ -52.230260321747231, -32.046259000425358 ], [ -52.230289493351549, -32.046305955487512 ], [ -52.231008334573026, -32.047743637930466 ], [ -52.231015314433606, -32.047754677353517 ], [ -52.231024452438369, -32.047745345462843 ], [ -52.23161798476572, -32.047003430053657 ], [ -52.23165969645882, -32.046960784439598 ], [ -52.231709021352849, -32.046927234945287 ], [ -52.231764009188765, -32.046904108085556 ], [ -52.231822485800237, -32.046892318274281 ], [ -52.23188213907811, -32.046892331669305 ], [ -52.231940610388932, -32.046904147740996 ], [ -52.231995587833126, -32.046927299293202 ], [ -52.232044897655236, -32.046960870935742 ], [ -52.232086590192161, -32.047003535278051 ], [ -52.232119016960951, -32.047053605412913 ], [ -52.232140895838242, -32.047109101615199 ], [ -52.232151361754205, -32.047167829618253 ], [ -52.232361379276, -32.049898057401585 ], [ -52.232363598161143, -32.049910469994444 ], [ -52.232373944178462, -32.049903261954583 ], [ -52.233818243055154, -32.048665291488838 ], [ -52.233866643674311, -32.04863146006705 ], [ -52.233920733705318, -32.04860776505533 ], [ -52.233978417348773, -32.048595124552463 ], [ -52.234037459565357, -32.048594028333696 ], [ -52.234095572675798, -32.04860451887366 ], [ -52.234150505000457, -32.048626189700656 ], [ -52.234200128103978, -32.048658201145976 ], [ -52.234242519264775, -32.048699312878142 ], [ -52.234276035973707, -32.048747931961401 ], [ -52.23429937957561, -32.04880217457643 ], [ -52.234311645587596, -32.04885993901172 ], [ -52.234516759557735, -32.050705964742953 ], [ -52.234519830117343, -32.050720028857562 ], [ -52.23453414729871, -32.050721527515172 ], [ -52.236928617082675, -32.050721527515172 ], [ -52.236942689950077, -32.050720086170386 ], [ -52.236946107012599, -32.050706358579411 ], [ -52.23721117603322, -32.048850875435036 ], [ -52.237211712804665, -32.048835773076945 ], [ -52.237200711026382, -32.048825413047012 ] ] ], [ [ [ -52.248648144445063, -32.074495019644999 ], [ -52.248596584544103, -32.074462289882 ], [ -52.248552721170263, -32.074419796762449 ], [ -52.248518372051386, -32.074369301229922 ], [ -52.248494960638148, -32.074312895853375 ], [ -52.247728012918422, -32.071756403454287 ], [ -52.247723445869632, -32.071745321077721 ], [ -52.247717047492031, -32.071755457041917 ], [ -52.246992806294145, -32.07320393943769 ], [ -52.246959003682136, -32.073256852264635 ], [ -52.24691492785103, -32.073301570325263 ], [ -52.246862509510208, -32.073336134777811 ], [ -52.246804044806559, -32.073359031551838 ], [ -52.246742094743432, -32.07336925767099 ], [ -52.24261428554918, -32.073612069976534 ], [ -52.242557959025945, -32.073610079752463 ], [ -52.242502998807161, -32.073597589253573 ], [ -52.242451344767616, -32.073575039344263 ], [ -52.242404820087266, -32.073543225945677 ], [ -52.242365066900298, -32.073503271942911 ], [ -52.24233348833441, -32.073456587551647 ], [ -52.242311198986037, -32.073404820543225 ], [ -52.242298985579581, -32.073349798084955 ], [ -52.242066086719078, -32.071486607200946 ], [ -52.242063313031082, -32.071474105169351 ], [ -52.242050652750187, -32.071476031676099 ], [ -52.238844730470241, -32.072277512246082 ], [ -52.238835437905955, -32.072280834555428 ], [ -52.238845023006157, -32.072283183032283 ], [ -52.240567952558287, -32.072529315825449 ], [ -52.240622116585804, -32.072542275519758 ], [ -52.240672951789762, -32.072565023653588 ], [ -52.240718706222076, -32.072596776251537 ], [ -52.240757803034775, -32.072636439014815 ], [ -52.240788894823289, -32.072682645034341 ], [ -52.242327208009776, -32.075502885876226 ], [ -52.242334450346448, -32.075513667535709 ], [ -52.242347334823023, -32.075512028668754 ], [ -52.243995041688216, -32.075145871587601 ], [ -52.24405476329558, -32.07513877554802 ], [ -52.244114700217558, -32.075143734332904 ], [ -52.244172443639762, -32.075160548652875 ], [ -52.244225672902715, -32.075188542754574 ], [ -52.244272248767182, -32.075226591578648 ], [ -52.244310299388417, -32.075273165974913 ], [ -52.244338295544011, -32.075326394157628 ], [ -52.244355112092073, -32.075384136930992 ], [ -52.244360073189704, -32.075444073661586 ], [ -52.244352979454561, -32.075503795542716 ], [ -52.244334115977892, -32.075560902402302 ], [ -52.244304240866917, -32.075613099163775 ], [ -52.243420667113284, -32.076850102418845 ], [ -52.243414718549843, -32.076860522021143 ], [ -52.24342659332958, -32.076858806467513 ], [ -52.245362663336437, -32.076374788965794 ], [ -52.245423322328783, -32.076366075900253 ], [ -52.245484486288674, -32.076369870748515 ], [ -52.245543603026981, -32.076386015162889 ], [ -52.245598205778983, -32.076413835485255 ], [ -52.24564601613514, -32.076452170856754 ], [ -52.245685039112246, -32.076499421656969 ], [ -52.246226610932744, -32.07731177938772 ], [ -52.246579723587331, -32.077068737236864 ], [ -52.246847210641874, -32.076791851700179 ], [ -52.246707939257611, -32.076095494778862 ], [ -52.246702118666406, -32.076034892560294 ], [ -52.246708652888053, -32.07597436312841 ], [ -52.246727272820927, -32.075916399292474 ], [ -52.246757211632442, -32.075863388201725 ], [ -52.246797236339816, -32.075817513034409 ], [ -52.246845698588551, -32.075780663086988 ], [ -52.246900602537295, -32.075754355966495 ], [ -52.246959687053447, -32.075739675090219 ], [ -52.248397703209527, -32.075534244210786 ], [ -52.248461332058952, -32.075531979236111 ], [ -52.248524005912529, -32.075543193007412 ], [ -52.248582901828065, -32.075567380436418 ], [ -52.248635367028434, -32.075603452078177 ], [ -52.249894357409296, -32.076682586690346 ], [ -52.250329013681494, -32.076554443034425 ], [ -52.250494582983649, -32.076361869524789 ], [ -52.250611894103272, -32.076742590473394 ], [ -52.250859736638148, -32.07677914298462 ], [ -52.251396244637839, -32.076349936584862 ], [ -52.251026262299838, -32.076293968722354 ], [ -52.250931027323837, -32.075990599332556 ], [ -52.250558571480823, -32.075657148716878 ], [ -52.250303426721324, -32.075704418281646 ], [ -52.2499321142977, -32.07622719868769 ], [ -52.249643772085435, -32.076152473855537 ], [ -52.248993155171519, -32.075204191846368 ], [ -52.249053215723869, -32.074982825930881 ], [ -52.248797302938996, -32.074569598891962 ], [ -52.248648144445063, -32.074495019644999 ] ] ] ] } },
{ "type": "Feature", "properties": { "tipo_classe": "Restinga Herbacea", "classe": 50 }, "geometry": { "type": "MultiPolygon", "coordinates": [ [ [ [ -52.101375278460722, -32.067152767868457 ], [ -52.097004694894693, -32.064463177981672 ], [ -52.097000395343137, -32.064460629876642 ], [ -52.094264366806016, -32.062900139092697 ], [ -52.094250501126083, -32.062894057801152 ], [ -52.094235714715396, -32.062897313756316 ], [ -52.094174924628426, -32.06291757711864 ], [ -52.094118606072968, -32.062930485011123 ], [ -52.094060857580708, -32.062932357181005 ], [ -52.094003821231489, -32.062923124183392 ], [ -52.093949612689407, -32.062903128500267 ], [ -52.093900242726015, -32.062873111836694 ], [ -52.093857542634169, -32.06283418760858 ], [ -52.093823096299488, -32.062787799642422 ], [ -52.09379818144879, -32.062735668619098 ], [ -52.093783722255118, -32.062679728248199 ], [ -52.093780586720733, -32.062627570561091 ], [ -52.093780273622983, -32.062625649639017 ], [ -52.093768715945089, -32.062617445184344 ], [ -52.093713079870611, -32.062585713212144 ], [ -52.093701525641386, -32.062580387001212 ], [ -52.093688850322366, -32.06257928926555 ], [ -52.090892704546192, -32.06257928926555 ], [ -52.090879812494386, -32.06258056695799 ], [ -52.090883716537732, -32.06259291993107 ], [ -52.091149181601203, -32.063212338412512 ], [ -52.091166757809162, -32.063267557521442 ], [ -52.091173389694411, -32.063325125665202 ], [ -52.091168829808545, -32.063382894865626 ], [ -52.091153248289679, -32.063438709642767 ], [ -52.091127226514246, -32.06349048743995 ], [ -52.091091735404731, -32.063536296327982 ], [ -52.091048099202688, -32.063574427089165 ], [ -52.090997946058721, -32.063603456991459 ], [ -52.090943147283085, -32.063622302873398 ], [ -52.090885747523473, -32.063630261558878 ], [ -52.090828601980952, -32.063627075869789 ], [ -52.093115913000553, -32.066420458546979 ], [ -52.093268213517057, -32.066264002339601 ], [ -52.091660898026646, -32.064272941437494 ], [ -52.091842641289894, -32.064235573617019 ], [ -52.09312254463913, -32.065799831870031 ], [ -52.092945586736931, -32.065061448342774 ], [ -52.093054284864685, -32.064774094090652 ], [ -52.094060950392702, -32.064574462774601 ], [ -52.094234221717656, -32.06500259179289 ], [ -52.094684061387426, -32.065118047037373 ], [ -52.095016393949997, -32.064781023064256 ], [ -52.094980121048948, -32.064089162857968 ], [ -52.095400508790974, -32.064085529818236 ], [ -52.095850629871187, -32.064224846598435 ], [ -52.096336750547948, -32.065032155736667 ], [ -52.096256373420601, -32.065343135714848 ], [ -52.096598099352505, -32.065793671962851 ], [ -52.097131739853715, -32.065884525168052 ], [ -52.097499503283743, -32.06616775714744 ], [ -52.098845058475881, -32.066179964662929 ], [ -52.100029026139879, -32.066742525377805 ], [ -52.100475320887405, -32.067133035312722 ], [ -52.101373041063006, -32.067160238954408 ], [ -52.101384040342246, -32.067159462390684 ], [ -52.101375278460722, -32.067152767868457 ] ] ], [ [ [ -52.089076331588899, -32.062116727070524 ], [ -52.088980141548305, -32.062107927168995 ], [ -52.088724420793071, -32.063642251700387 ], [ -52.088723510507393, -32.063656511618497 ], [ -52.088735135435101, -32.06366482034538 ], [ -52.089127419369369, -32.063888982593532 ], [ -52.090114658065183, -32.063880494490526 ], [ -52.089198479086612, -32.062226659818471 ], [ -52.089076331588899, -32.062116727070524 ] ] ], [ [ [ -52.090186926164364, -32.064494415047818 ], [ -52.090236483487644, -32.064529859470262 ], [ -52.090277857435325, -32.06457458565751 ], [ -52.090309341453718, -32.064626748785848 ], [ -52.090329636919648, -32.064684197279604 ], [ -52.090337906704811, -32.064744561557333 ], [ -52.090333809704887, -32.064805351770069 ], [ -52.090317514909081, -32.06486406050027 ], [ -52.090289694429799, -32.064918266185444 ], [ -52.090251495780016, -32.064965733000456 ], [ -52.090204494541723, -32.065004503078754 ], [ -52.089253197098415, -32.06563870137429 ], [ -52.089199650819012, -32.06566704629622 ], [ -52.089141501404612, -32.06568405465422 ], [ -52.089081120471732, -32.065689032764567 ], [ -52.089020970649116, -32.06568177759565 ], [ -52.088963505139667, -32.065662585048621 ], [ -52.088911067666949, -32.065632237889098 ], [ -52.088865796886651, -32.06559197382213 ], [ -52.088829539161836, -32.065543435012621 ], [ -52.088190256860649, -32.064477964510651 ], [ -52.088184125808688, -32.064469648567709 ], [ -52.088183719023093, -32.064479972289476 ], [ -52.088439663828922, -32.069086978794346 ], [ -52.08927667548766, -32.06885225843407 ], [ -52.08985897795008, -32.067947068492344 ], [ -52.08977947798823, -32.067735068594068 ], [ -52.089030109994631, -32.066968800621012 ], [ -52.088343616084039, -32.065805162888616 ], [ -52.088656148077852, -32.066160499466832 ], [ -52.089945934861646, -32.066197148682562 ], [ -52.090775722150049, -32.066541565313543 ], [ -52.091402246842506, -32.066619880900099 ], [ -52.091415145454476, -32.066620219279528 ], [ -52.091415060867078, -32.066619724330465 ], [ -52.091400902452975, -32.066568229131988 ], [ -52.09139660265388, -32.066510157438941 ], [ -52.091403602487269, -32.066452349030051 ], [ -52.091421638229754, -32.066396981875535 ], [ -52.091450030372762, -32.066346141969738 ], [ -52.091487709223429, -32.066301744739896 ], [ -52.091533255206031, -32.066265462881141 ], [ -52.0915849523454, -32.066238663336605 ], [ -52.09164085291745, -32.066222355796953 ], [ -52.091698850831001, -32.066217154659562 ], [ -52.091756760976104, -32.066223255880743 ], [ -52.091812401549561, -32.066240429592945 ], [ -52.091863676255805, -32.066268028765137 ], [ -52.091908653286197, -32.06630501358017 ], [ -52.092484823531457, -32.066881183825423 ], [ -52.092495393956142, -32.066889925944047 ], [ -52.092509004562835, -32.066891631787733 ], [ -52.092630954996395, -32.066895327255416 ], [ -52.090455782333841, -32.064283316917916 ], [ -52.089639350760848, -32.063980054510935 ], [ -52.089381362330059, -32.064034092856787 ], [ -52.090186926164364, -32.064494415047818 ] ] ], [ [ [ -52.181700299859521, -32.152067990430453 ], [ -52.181695818101737, -32.152052199316515 ], [ -52.181687958060373, -32.152037788723788 ], [ -52.177933878714775, -32.146674818230068 ], [ -52.177923445567181, -32.146662879213736 ], [ -52.177910706156084, -32.146653440035564 ], [ -52.170121721882779, -32.142087483737413 ], [ -52.170108822072066, -32.142081502461423 ], [ -52.170095017592061, -32.142078094073177 ], [ -52.163469664084374, -32.14110377738087 ], [ -52.163470150943496, -32.141105487853658 ], [ -52.16409510642427, -32.141720296877246 ], [ -52.164211244370826, -32.142029506430951 ], [ -52.164107538984311, -32.142698751055349 ], [ -52.164960546557658, -32.143597867754202 ], [ -52.165839798437254, -32.144353531511634 ], [ -52.167674586826109, -32.145243580970295 ], [ -52.167959650374961, -32.145598962918271 ], [ -52.168948710804855, -32.146162650776731 ], [ -52.169687767818928, -32.14691958159252 ], [ -52.171556799560058, -32.148286606136338 ], [ -52.177553710264412, -32.149949401397897 ], [ -52.179839082600068, -32.150954413775366 ], [ -52.180040978410148, -32.151382144974974 ], [ -52.179269973691035, -32.152511101993902 ], [ -52.179334068262285, -32.153131057826528 ], [ -52.181432408712716, -32.154853805051452 ], [ -52.181560016501628, -32.156045984122038 ], [ -52.182479183625688, -32.156741293027416 ], [ -52.181700299859521, -32.152067990430453 ] ] ], [ [ [ -52.158717498636925, -32.135383194947927 ], [ -52.156208616320008, -32.136971342648955 ], [ -52.15615673672859, -32.137305962573308 ], [ -52.1582799161758, -32.138837942014504 ], [ -52.160027053886367, -32.13946636482212 ], [ -52.160441693424609, -32.139521262438386 ], [ -52.158717498636925, -32.135383194947927 ] ] ], [ [ [ -52.158257183566306, -32.134278438778445 ], [ -52.158251080673033, -32.134267075448875 ], [ -52.158241110875757, -32.134275259195434 ], [ -52.157385674826315, -32.135130695244875 ], [ -52.157340213861865, -32.135168004094211 ], [ -52.15728834782167, -32.135195727070275 ], [ -52.157232069888565, -32.13521279879464 ], [ -52.157173542791959, -32.135218563210522 ], [ -52.157115015695354, -32.13521279879464 ], [ -52.157058737762249, -32.135195727070275 ], [ -52.157006871722054, -32.135168004094211 ], [ -52.156961410757603, -32.135130695244875 ], [ -52.155836859598658, -32.13400614408593 ], [ -52.155827558972739, -32.133998565026452 ], [ -52.155827337055648, -32.134010560631403 ], [ -52.156055143717737, -32.136744240576526 ], [ -52.156135787634724, -32.136757199744885 ], [ -52.157167365539742, -32.136258487596393 ], [ -52.158673051270661, -32.135276521268892 ], [ -52.158257183566306, -32.134278438778445 ] ] ], [ [ [ -52.152041070041598, -32.134541890792825 ], [ -52.152051097245739, -32.134534213139425 ], [ -52.15204212439729, -32.13452532611656 ], [ -52.152004797505803, -32.13449478593261 ], [ -52.151678190775222, -32.134721357509662 ], [ -52.151721004746506, -32.134741931602257 ], [ -52.152041070041598, -32.134541890792825 ] ] ], [ [ [ -52.149465737424485, -32.1324173731388 ], [ -52.149422682926726, -32.132374127633952 ], [ -52.149389270166665, -32.132323064428689 ], [ -52.149366881639381, -32.132266296327494 ], [ -52.149356443698416, -32.132206172182137 ], [ -52.149358388226737, -32.132145179704928 ], [ -52.149372634767026, -32.132085842536505 ], [ -52.149398593850719, -32.13203061582702 ], [ -52.149435191388008, -32.131981784651209 ], [ -52.149480913109642, -32.131941369460527 ], [ -52.149533867221749, -32.131911042484454 ], [ -52.150372053617275, -32.131538515197555 ], [ -52.149535609742813, -32.131626110884227 ], [ -52.148060356699659, -32.13141275715607 ], [ -52.14788015049578, -32.131581464802004 ], [ -52.148964146262635, -32.133027554828409 ], [ -52.149769007071356, -32.133461797304193 ], [ -52.150626922502148, -32.133367433656893 ], [ -52.149465737424485, -32.1324173731388 ] ] ], [ [ [ -52.151500179836262, -32.131037125766902 ], [ -52.15151059009483, -32.131031163837541 ], [ -52.151499450079342, -32.131026712080413 ], [ -52.145991912585821, -32.129453129939407 ], [ -52.145942269131055, -32.129434042781355 ], [ -52.145896776450876, -32.129406489047412 ], [ -52.14585686442684, -32.129371334779663 ], [ -52.145823787534738, -32.129329684912761 ], [ -52.145798585415186, -32.12928284854469 ], [ -52.145052309589005, -32.127541538283609 ], [ -52.145045579589713, -32.127529414013871 ], [ -52.14503261042254, -32.127534322324294 ], [ -52.144656124394714, -32.12772256533821 ], [ -52.144815758115861, -32.128211061085146 ], [ -52.145322356386799, -32.12834968450013 ], [ -52.145271633469321, -32.128779760996792 ], [ -52.14393380615055, -32.129460151654733 ], [ -52.14466834957161, -32.129883129190439 ], [ -52.148499724695888, -32.131220813952226 ], [ -52.149314400624156, -32.13132082397987 ], [ -52.151199735223663, -32.131170656705834 ], [ -52.151500179836262, -32.131037125766902 ] ] ], [ [ [ -52.109202267748856, -32.148263700917084 ], [ -52.109204849245955, -32.148277687728026 ], [ -52.109229009870106, -32.14829398078772 ], [ -52.109228783896974, -32.14829431587836 ], [ -52.109262606092301, -32.148317139995932 ], [ -52.10930450802929, -32.148359684645328 ], [ -52.109337153489733, -32.148409685579608 ], [ -52.109359249053391, -32.148465161750906 ], [ -52.109369919289257, -32.1485239151813 ], [ -52.109368741440257, -32.14858361804712 ], [ -52.109355762173038, -32.14864190490789 ], [ -52.109331495728973, -32.148696466425541 ], [ -52.10929690354984, -32.148745140860918 ], [ -52.109253356185278, -32.148785999722328 ], [ -52.109202578991315, -32.148817424172819 ], [ -52.109146583771384, -32.148838169168862 ], [ -52.109087589068238, -32.148847412789209 ], [ -52.109027932264816, -32.148844788799614 ], [ -52.108969976976603, -32.148830401163117 ], [ -52.108947169876835, -32.148822255770341 ], [ -52.108934476998357, -32.148819015479489 ], [ -52.108925999725969, -32.148829002696417 ], [ -52.108191655884639, -32.149878065326881 ], [ -52.108086689207241, -32.15025156728295 ], [ -52.107563801062739, -32.151091514345282 ], [ -52.107136499686916, -32.151556977267795 ], [ -52.1092684374416, -32.152622946145136 ], [ -52.109316892423195, -32.152653261111972 ], [ -52.109358718571414, -32.152692215646766 ], [ -52.109392397651703, -32.152738395750781 ], [ -52.109416707157429, -32.152790125146559 ], [ -52.109430764685285, -32.152845526124587 ], [ -52.10943405996538, -32.152902587701718 ], [ -52.109426473383337, -32.152959238617235 ], [ -52.109408280322178, -32.153013422516885 ], [ -52.109380141166262, -32.153063172595886 ], [ -52.109343077330209, -32.153106682991336 ], [ -52.109298434182847, -32.153142374332717 ], [ -52.109247832212127, -32.153168951070953 ], [ -52.109193108203492, -32.153185448505141 ], [ -52.106792489409287, -32.153665572263982 ], [ -52.106781789580012, -32.153668828836622 ], [ -52.106791642959415, -32.153674120578003 ], [ -52.109844986804752, -32.154946347180228 ], [ -52.109892924288957, -32.154971623894603 ], [ -52.109935532183478, -32.155005112430047 ], [ -52.109971420091071, -32.155045719975782 ], [ -52.109999416903712, -32.155092121410711 ], [ -52.110018609018624, -32.155142802545335 ], [ -52.110028370151312, -32.155196109533343 ], [ -52.11028022452102, -32.157966507600129 ], [ -52.110282635105044, -32.157979503271413 ], [ -52.110294479011301, -32.157985370150726 ], [ -52.111309572845137, -32.158375790856049 ], [ -52.111361640162023, -32.158401872483168 ], [ -52.111407687582137, -32.158437522053461 ], [ -52.111445980009648, -32.15848139626862 ], [ -52.111475074561739, -32.158531841920556 ], [ -52.111493874937338, -32.158586958185296 ], [ -52.11150167272644, -32.158644668247206 ], [ -52.111498174103424, -32.158702797554774 ], [ -52.111483510898623, -32.158759155759014 ], [ -52.111458235630828, -32.158811619247267 ], [ -52.111423300688081, -32.158858211162183 ], [ -52.111380022441054, -32.158897175891049 ], [ -52.111330031641387, -32.158927045218284 ], [ -52.111275211973947, -32.158946693648822 ], [ -52.111217629078368, -32.158955380817389 ], [ -52.111159452714475, -32.158952779386006 ], [ -52.108239721401937, -32.158535674912784 ], [ -52.108186230858891, -32.158522943364964 ], [ -52.108135962411851, -32.158500663020767 ], [ -52.108090604706703, -32.158469582334014 ], [ -52.108051681424925, -32.158430745384585 ], [ -52.106787945557627, -32.156914262343825 ], [ -52.106777589098797, -32.156904156408501 ], [ -52.10676359000923, -32.156907818601958 ], [ -52.102480432135977, -32.158514002804424 ], [ -52.102469683952371, -32.15851933372177 ], [ -52.102480514744506, -32.158524494736454 ], [ -52.102819432508248, -32.158645536794936 ], [ -52.102857096240889, -32.158627080132504 ], [ -52.102575399923651, -32.158534064453796 ], [ -52.103078370889541, -32.158362606670522 ], [ -52.10395295476215, -32.158760729512608 ], [ -52.10392883401375, -32.159041751618325 ], [ -52.106224709325069, -32.159861707086648 ], [ -52.106239126734316, -32.159865257859849 ], [ -52.106253774008785, -32.159862823310313 ], [ -52.109088540527033, -32.159089705168974 ], [ -52.109144338835044, -32.159080027840616 ], [ -52.109200961614604, -32.159081009011501 ], [ -52.109256391143241, -32.15909261371813 ], [ -52.109308652219354, -32.159114428432993 ], [ -52.112673665182186, -32.160909102013171 ], [ -52.113268061982559, -32.1610658757903 ], [ -52.113660128374121, -32.16102313685775 ], [ -52.113871662455225, -32.160925505743393 ], [ -52.114439994023762, -32.160530470406464 ], [ -52.114703481468084, -32.160541589275915 ], [ -52.11659109882148, -32.159670381266658 ], [ -52.116650798173637, -32.159650123203292 ], [ -52.11671341288644, -32.159642788387714 ], [ -52.116776177892937, -32.159648700725526 ], [ -52.116836321489203, -32.159667599127779 ], [ -52.116891187732833, -32.159698649040642 ], [ -52.118026518907399, -32.16050959987961 ], [ -52.118071191467408, -32.160548732804003 ], [ -52.118107279878807, -32.16059589899902 ], [ -52.118133369867465, -32.160649250061631 ], [ -52.118148438988939, -32.1607066952091 ], [ -52.118151896697192, -32.160765983214993 ], [ -52.118143607487568, -32.160824790632837 ], [ -52.118123896207138, -32.160880812849982 ], [ -52.118093535324213, -32.160931854403422 ], [ -52.11805371465595, -32.160975915018128 ], [ -52.118005994740429, -32.161011267996116 ], [ -52.117952245680527, -32.161036527884271 ], [ -52.117894573856155, -32.161050704769075 ], [ -52.116916222712824, -32.16119046921812 ], [ -52.117512277157992, -32.161672885252116 ], [ -52.11796349608516, -32.161859839925448 ], [ -52.120484911625148, -32.162435866899223 ], [ -52.121325350546265, -32.160418813488533 ], [ -52.121329065865517, -32.160406847167643 ], [ -52.121316748483238, -32.16040454966322 ], [ -52.119794614736627, -32.160266173868081 ], [ -52.119737255076927, -32.160255253617208 ], [ -52.11968309722068, -32.16023342911155 ], [ -52.119634192777276, -32.16020152710761 ], [ -52.119592394346164, -32.160160756117968 ], [ -52.119559285336635, -32.160112660630354 ], [ -52.119536119985099, -32.160059062599345 ], [ -52.119523775842026, -32.160001992426999 ], [ -52.119522720528572, -32.15994361204713 ], [ -52.119532994022158, -32.159886133026873 ], [ -52.119554207142016, -32.159831732788028 ], [ -52.119585556292165, -32.159782472121925 ], [ -52.119625853903258, -32.159740217122454 ], [ -52.119673573420087, -32.159706568494641 ], [ -52.119726907130627, -32.15968280091672 ], [ -52.119969812803582, -32.159601832359066 ], [ -52.119981043307376, -32.159596865698525 ], [ -52.119972778260632, -32.159587783797022 ], [ -52.118437449378135, -32.158192030267479 ], [ -52.118396976688224, -32.158146974933743 ], [ -52.118366378089789, -32.158094708811824 ], [ -52.118346900653094, -32.158037362049171 ], [ -52.118339338196598, -32.157977271858805 ], [ -52.118343998934236, -32.157916887264314 ], [ -52.118360692913946, -32.157858669287982 ], [ -52.118388739759268, -32.157804990649829 ], [ -52.118426996398668, -32.157758039065527 ], [ -52.118473903652323, -32.157719728084317 ], [ -52.118527549777731, -32.157691619100767 ], [ -52.118585748384284, -32.157674857718916 ], [ -52.118646127541403, -32.157670127062225 ], [ -52.11870622644841, -32.157677619932386 ], [ -52.118763595726456, -32.157697030951496 ], [ -52.126577781545443, -32.161255967067078 ], [ -52.126630500543207, -32.161286809807926 ], [ -52.126675880125987, -32.161327690865335 ], [ -52.126712039276107, -32.161376915688855 ], [ -52.126737479169719, -32.161432443872705 ], [ -52.126751145304176, -32.161491973732076 ], [ -52.126752471207979, -32.16155303770973 ], [ -52.126741401921421, -32.161613104658073 ], [ -52.126718396274718, -32.161669684757122 ], [ -52.126684407869156, -32.161720432719399 ], [ -52.126640845549588, -32.161763245003876 ], [ -52.125654417934086, -32.162552387096277 ], [ -52.125631060364398, -32.162575259372694 ], [ -52.125583808223908, -32.162612999092204 ], [ -52.125529947324829, -32.162640495542149 ], [ -52.125471666245659, -32.162656631434459 ], [ -52.125411333174085, -32.162660751104866 ], [ -52.125351399678252, -32.162652687155088 ], [ -52.125294301089959, -32.16263276725487 ], [ -52.12458015609878, -32.162299499592322 ], [ -52.124564508086763, -32.162294261399815 ], [ -52.124548148807641, -32.162296423095519 ], [ -52.12242252006417, -32.162827830281373 ], [ -52.122411907899767, -32.162831579342829 ], [ -52.122421611660329, -32.162837281143055 ], [ -52.122593862007328, -32.162917664638321 ], [ -52.122690574323016, -32.162939758934819 ], [ -52.12407322061506, -32.163571907024526 ], [ -52.124262791739682, -32.163696498513424 ], [ -52.125644114083478, -32.164341115607201 ], [ -52.127087256568508, -32.164523662581793 ], [ -52.128047050796198, -32.164992459771149 ], [ -52.128561481286162, -32.165751634061643 ], [ -52.129474132639473, -32.166511808848135 ], [ -52.13104742116095, -32.167437272684289 ], [ -52.132008292434065, -32.167654111003351 ], [ -52.132688752457156, -32.168220841379863 ], [ -52.133023683276427, -32.168286596082503 ], [ -52.133184412921942, -32.167697254048953 ], [ -52.133186866980225, -32.167682253832361 ], [ -52.133185830300782, -32.16767826358307 ], [ -52.133176686697553, -32.167620066252596 ], [ -52.133179092427348, -32.167561204149187 ], [ -52.133192954721629, -32.167503947083674 ], [ -52.133217739029568, -32.167450502974233 ], [ -52.133252489631147, -32.167402932705741 ], [ -52.133295866491139, -32.167363070658986 ], [ -52.13334619693287, -32.167332453974176 ], [ -52.133401540139154, -32.167312263276507 ], [ -52.133459761993088, -32.167303277149514 ], [ -52.133518617372815, -32.167305842111716 ], [ -52.136138263600138, -32.167680077287045 ], [ -52.136150799083062, -32.167680616299464 ], [ -52.136146323663219, -32.16766889454685 ], [ -52.135195269325365, -32.165766785871156 ], [ -52.135174811105166, -32.165713877119536 ], [ -52.135164678200503, -32.165658063151611 ], [ -52.135165232904917, -32.165601339549163 ], [ -52.13517645538542, -32.165545734417172 ], [ -52.135197944391592, -32.165493235870663 ], [ -52.135228931601993, -32.165445720951283 ], [ -52.135268309094798, -32.165404888515255 ], [ -52.135314668960682, -32.1653721984922 ], [ -52.135366353641388, -32.165348819686571 ], [ -52.135421515194352, -32.165335587988011 ], [ -52.135478181364356, -32.165332976484855 ], [ -52.135534326099865, -32.165341078549211 ], [ -52.135587941992782, -32.165359604498541 ], [ -52.144224014472343, -32.169292865231803 ], [ -52.144235994209609, -32.16929692116549 ], [ -52.144234465541523, -32.169284366171439 ], [ -52.144225805804666, -32.169246015908229 ], [ -52.143442435261939, -32.168744654275059 ], [ -52.139916236671752, -32.167248956430974 ], [ -52.139657186674853, -32.16672620483893 ], [ -52.138919098070893, -32.166040693443797 ], [ -52.138099225178586, -32.16554685356558 ], [ -52.137758988022156, -32.165263503455989 ], [ -52.137727965374012, -32.165025107064281 ], [ -52.137220283497314, -32.164814863786987 ], [ -52.136028297024538, -32.163727665752212 ], [ -52.135343411448154, -32.162802979173328 ], [ -52.13349645031677, -32.160934002396715 ], [ -52.133209400652426, -32.160411487183438 ], [ -52.131620330565553, -32.15896978753765 ], [ -52.13080468656706, -32.158810006813937 ], [ -52.130604768960367, -32.158525382345999 ], [ -52.129699961759307, -32.157960642039662 ], [ -52.129138288825089, -32.157917920516084 ], [ -52.128086463726987, -32.156805525453379 ], [ -52.127042595235459, -32.156337475704568 ], [ -52.12610508185039, -32.155391118369486 ], [ -52.124383563914407, -32.154571060887619 ], [ -52.122750916813949, -32.154132073058904 ], [ -52.121581448181246, -32.15256718019431 ], [ -52.119520184835984, -32.151487521558259 ], [ -52.117435867372805, -32.150813782358263 ], [ -52.117202716860049, -32.150099811025257 ], [ -52.11646609386591, -32.14950962045603 ], [ -52.11637902976053, -32.149271711842516 ], [ -52.113897710388017, -32.148243399513042 ], [ -52.113499188527321, -32.147769552999499 ], [ -52.110705329174706, -32.146409778582388 ], [ -52.110331122011083, -32.145625428034414 ], [ -52.109196093396754, -32.144561334146395 ], [ -52.109193492777976, -32.144346547500227 ], [ -52.108985812766647, -32.145666241130648 ], [ -52.109202267748856, -32.148263700917084 ] ], [ [ -52.109631208297884, -32.153381748233755 ], [ -52.109616915880267, -32.153324172832797 ], [ -52.109614232232737, -32.153264910719834 ], [ -52.109623262291869, -32.15320627917518 ], [ -52.109643652962291, -32.153150570822511 ], [ -52.10967460692347, -32.153099963982221 ], [ -52.109714913806741, -32.153056437494222 ], [ -52.109762997523404, -32.153021693340911 ], [ -52.109816977893281, -32.152997090095901 ], [ -52.109874744163953, -32.152983589800733 ], [ -52.10993403754587, -32.152981720346965 ], [ -52.109992539536044, -32.152991554834372 ], [ -52.110047962576651, -32.153012708712666 ], [ -52.112677520538384, -32.154327487693529 ], [ -52.11272599329925, -32.15435781630282 ], [ -52.112767831405378, -32.154396790729862 ], [ -52.112801515002459, -32.154442995149296 ], [ -52.112825820465304, -32.154494751091597 ], [ -52.112839864848524, -32.154550178416876 ], [ -52.112843137961327, -32.154607263614785 ], [ -52.112835520901243, -32.154663932949383 ], [ -52.112817290373471, -32.154718127791803 ], [ -52.112789108639014, -32.15476787940414 ], [ -52.112751999456705, -32.154811380457879 ], [ -52.112707310893093, -32.154847050688744 ], [ -52.11265666635115, -32.154873594303027 ], [ -52.112601905596897, -32.154890047049946 ], [ -52.112545017926131, -32.154895811250007 ], [ -52.112488069899214, -32.154890677506906 ], [ -52.110414052351935, -32.154501799216789 ], [ -52.110353452135044, -32.154483650868706 ], [ -52.110298004693441, -32.154453198774455 ], [ -52.110250175435269, -32.154411796952168 ], [ -52.11021209103474, -32.15436128628734 ], [ -52.109656550620286, -32.153435385596595 ], [ -52.109631208297884, -32.153381748233755 ] ], [ [ -52.118002147250181, -32.15529057107441 ], [ -52.118055569303934, -32.155305828099223 ], [ -52.118105261900034, -32.15533067439727 ], [ -52.118149520752134, -32.15536425782539 ], [ -52.11818682793276, -32.15540542658669 ], [ -52.11915323728968, -32.156693972395914 ], [ -52.119183418197537, -32.156743579616091 ], [ -52.119203477037381, -32.156798071876437 ], [ -52.119212662324045, -32.156855407676787 ], [ -52.119210629939602, -32.1569134389865 ], [ -52.119197456025383, -32.156969991718327 ], [ -52.119173634129417, -32.157022947178532 ], [ -52.119140056716141, -32.157070321441701 ], [ -52.119097981731066, -32.157110339676599 ], [ -52.119048985473071, -32.157141502638517 ], [ -52.118994903539864, -32.157162642837044 ], [ -52.11893776205909, -32.157172968274956 ], [ -52.118879701781403, -32.157172092119659 ], [ -52.118822897879298, -32.157160047195454 ], [ -52.114803058914312, -32.15589062436441 ], [ -52.114745194639426, -32.155865386041754 ], [ -52.114693892901506, -32.155828597742989 ], [ -52.114651425368443, -32.1557818884733 ], [ -52.114619672524888, -32.155727326543662 ], [ -52.114600040403431, -32.155667327984965 ], [ -52.114593398324693, -32.15560454956487 ], [ -52.114593398324693, -32.15558542658669 ], [ -52.114599162740575, -32.155526899490084 ], [ -52.11461623446494, -32.155470621556979 ], [ -52.114643957441004, -32.155418755516784 ], [ -52.11468126629034, -32.155373294552334 ], [ -52.114726727254791, -32.155335985702997 ], [ -52.114778593294986, -32.155308262726933 ], [ -52.114834871228091, -32.155291191002568 ], [ -52.114893398324696, -32.155285426586687 ], [ -52.117946827932762, -32.155285426586687 ], [ -52.118002147250181, -32.15529057107441 ] ], [ [ -52.120749148033433, -32.156781258962965 ], [ -52.120786076866963, -32.156731034621032 ], [ -52.120832588465738, -32.156689526857313 ], [ -52.120886674446886, -32.156658527987787 ], [ -52.120945999363769, -32.156639376551652 ], [ -52.121008001551132, -32.156632899512864 ], [ -52.122294002959848, -32.156632899512864 ], [ -52.122354119018617, -32.156638984457999 ], [ -52.122411796391255, -32.156656992449676 ], [ -52.122464695320112, -32.156686192970298 ], [ -52.122510669891334, -32.156725401462751 ], [ -52.122547855086616, -32.156773027383537 ], [ -52.122574742440143, -32.156827138725227 ], [ -52.12259024123145, -32.156885540390839 ], [ -52.122593722731899, -32.156945863240857 ], [ -52.12258504570989, -32.157005660200376 ], [ -52.122474363306225, -32.157448389815045 ], [ -52.122452844702586, -32.157507374087615 ], [ -52.122419520358221, -32.157560587645904 ], [ -52.12237584995151, -32.157605699620937 ], [ -52.122323746340754, -32.157640734010606 ], [ -52.12226549177683, -32.157664156232848 ], [ -52.122203637935655, -32.157674940343647 ], [ -52.122140894149311, -32.157672613975635 ], [ -52.120878130221641, -32.157492219128819 ], [ -52.120821525441819, -32.157478417656051 ], [ -52.120768655878209, -32.157453935193082 ], [ -52.120721515642536, -32.157419695159057 ], [ -52.120681882750183, -32.157376989005016 ], [ -52.120651252057733, -32.157327427503525 ], [ -52.120630778880624, -32.157272879994245 ], [ -52.120621235417453, -32.157215403876947 ], [ -52.120622981624514, -32.157157167011384 ], [ -52.120635951639095, -32.15710036595091 ], [ -52.120723396561715, -32.156838031183057 ], [ -52.120749148033433, -32.156781258962965 ] ], [ [ -52.127518361788781, -32.160694905587434 ], [ -52.127462099135734, -32.160670687815696 ], [ -52.127411928148447, -32.160635547260348 ], [ -52.127369940392157, -32.160590948886863 ], [ -52.12733788628352, -32.160538751945232 ], [ -52.127317102117935, -32.160481132460191 ], [ -52.127308454361071, -32.160420492515456 ], [ -52.127312303527027, -32.160359360113922 ], [ -52.127458331629931, -32.159483191496477 ], [ -52.127473230877371, -32.159427495188432 ], [ -52.127498509297645, -32.159375677548844 ], [ -52.127533233255811, -32.159329652414044 ], [ -52.127576120254759, -32.15929111967958 ], [ -52.127625586303076, -32.159261502516166 ], [ -52.127679804418257, -32.1592418948062 ], [ -52.12773677210464, -32.159233020742207 ], [ -52.127794385313713, -32.159235208079487 ], [ -52.127850516155178, -32.159248376030767 ], [ -52.127903091488591, -32.15927203825003 ], [ -52.129354111191901, -32.160101192366213 ], [ -52.129409973945805, -32.160142357091665 ], [ -52.129454884598694, -32.160195255249974 ], [ -52.129602541228614, -32.160416740194847 ], [ -52.12962926815171, -32.160466380853883 ], [ -52.129646235524106, -32.160520145449304 ], [ -52.129652844110353, -32.160576135180818 ], [ -52.129648860515488, -32.160632372663152 ], [ -52.129634425427845, -32.160686871761236 ], [ -52.129610048650356, -32.160737707734391 ], [ -52.129576591095898, -32.160783085212252 ], [ -52.129535234382494, -32.160821401601744 ], [ -52.129487439102171, -32.160851303685718 ], [ -52.129434893237367, -32.16087173541446 ], [ -52.129379452546566, -32.160881975202095 ], [ -52.129323075024608, -32.160881661410784 ], [ -52.127578370588473, -32.160707190967173 ], [ -52.127518361788781, -32.160694905587434 ] ] ], [ [ [ -52.150692111901797, -32.124298634601246 ], [ -52.149642056082122, -32.124692405533629 ], [ -52.149583279886357, -32.12470787156991 ], [ -52.149522592709971, -32.124711174006677 ], [ -52.149462485316143, -32.124702177303135 ], [ -52.14940542467226, -32.124681250707944 ], [ -52.149353752698964, -32.124649253104245 ], [ -52.149309590151532, -32.124607497758831 ], [ -52.149274749578403, -32.12455769842218 ], [ -52.149250660929404, -32.124501898991575 ], [ -52.149238312866792, -32.124442389624107 ], [ -52.149238212187903, -32.12438161274256 ], [ -52.149250363024876, -32.124322062791862 ], [ -52.149274266675015, -32.124266183860442 ], [ -52.149308942068934, -32.124216269368326 ], [ -52.150157240107674, -32.123226588323121 ], [ -52.150164891123509, -32.123215687036826 ], [ -52.150155897823467, -32.123205863766493 ], [ -52.147598728740505, -32.12090441159183 ], [ -52.14755717011316, -32.120858386292674 ], [ -52.147525962065664, -32.120804799863045 ], [ -52.147506438030398, -32.120745941900829 ], [ -52.147499432214651, -32.12068432724174 ], [ -52.147505243957283, -32.120622588507409 ], [ -52.148007684860843, -32.11811038398961 ], [ -52.148009026960359, -32.118096160333899 ], [ -52.147996011501007, -32.118090268693159 ], [ -52.145993435981531, -32.117422743520002 ], [ -52.145940771261138, -32.117399354914255 ], [ -52.145893549854023, -32.117366328585923 ], [ -52.145853514020054, -32.117324883059609 ], [ -52.145822140903419, -32.117276547490867 ], [ -52.145800588032557, -32.117223105247177 ], [ -52.145789650612542, -32.1171665281096 ], [ -52.145789732185506, -32.117108903522848 ], [ -52.145800829741773, -32.117052357577826 ], [ -52.145822533830888, -32.116998976568389 ], [ -52.1458540436685, -32.11695073001632 ], [ -52.146723338025694, -32.115864112069836 ], [ -52.145786641006268, -32.116125238601583 ], [ -52.142921672793236, -32.115769249190926 ], [ -52.14015998856766, -32.114696233242704 ], [ -52.136986865860294, -32.112099316356506 ], [ -52.134843415546257, -32.111116099583199 ], [ -52.130690575405374, -32.110914572343624 ], [ -52.130304487758984, -32.111443110004778 ], [ -52.130427824056284, -32.112348983804225 ], [ -52.132275533627627, -32.11209379743714 ], [ -52.133009883735703, -32.112516848174167 ], [ -52.133408935388303, -32.113038367241288 ], [ -52.133878234668956, -32.114704907301821 ], [ -52.136773313953995, -32.117495339465464 ], [ -52.137041259200856, -32.117939628101794 ], [ -52.142964908763389, -32.122525679376011 ], [ -52.14300769219453, -32.122566104683109 ], [ -52.143041758800557, -32.122614105660062 ], [ -52.143065797158151, -32.122667834467961 ], [ -52.143078881890048, -32.122725222770129 ], [ -52.143080509288254, -32.122784061354487 ], [ -52.143070616704662, -32.122842085179109 ], [ -52.143049584962789, -32.122897060566949 ], [ -52.142358170226487, -32.12427989003956 ], [ -52.142353505320671, -32.124292211416076 ], [ -52.142366612104091, -32.124293549284559 ], [ -52.144223325269401, -32.124293549284559 ], [ -52.144236318841031, -32.124292292266894 ], [ -52.144235422625599, -32.124279268834329 ], [ -52.144053763964834, -32.123189316869755 ], [ -52.144049777998795, -32.123132413975256 ], [ -52.14405663465827, -32.12307578524095 ], [ -52.144074086050097, -32.123021478001554 ], [ -52.144101501242972, -32.122971455661272 ], [ -52.144137889077982, -32.122927526709638 ], [ -52.144181934002539, -32.122891279338027 ], [ -52.144232043632428, -32.122864024020757 ], [ -52.144286406322294, -32.122846746136659 ], [ -52.144343056663168, -32.122840070344097 ], [ -52.144399946539203, -32.122844237997249 ], [ -52.144455019174465, -32.122859098420292 ], [ -52.145910128559819, -32.123404764439805 ], [ -52.145960283245337, -32.123429104572807 ], [ -52.146005068396597, -32.123462304343597 ], [ -52.146042937465609, -32.123503217277566 ], [ -52.146072582734732, -32.123550430544483 ], [ -52.146092980475551, -32.123602313747192 ], [ -52.146103426300925, -32.123657075223491 ], [ -52.146103559489283, -32.123712823916883 ], [ -52.145883786547756, -32.126130326273675 ], [ -52.147314115528388, -32.126135825284173 ], [ -52.149105360229129, -32.125833166958429 ], [ -52.150165649714651, -32.125393920737778 ], [ -52.150705672746298, -32.125002570179603 ], [ -52.150705672746298, -32.124308032272801 ], [ -52.150704442856345, -32.124295324016337 ], [ -52.150692111901797, -32.124298634601246 ] ], [ [ -52.136258420338208, -32.115621471089995 ], [ -52.136238401014388, -32.11556753086591 ], [ -52.136229047093209, -32.115510760933205 ], [ -52.136230702624474, -32.115453249366396 ], [ -52.136243306715521, -32.115397111518291 ], [ -52.136266395770917, -32.11534441221449 ], [ -52.136299120544145, -32.115297089806283 ], [ -52.136340277373996, -32.115256884875528 ], [ -52.136388352456905, -32.115225276213678 ], [ -52.136441577526632, -32.115203426429844 ], [ -52.136497994893489, -32.11519213918848 ], [ -52.13655552945081, -32.115191829649497 ], [ -52.138607349394853, -32.115378358735313 ], [ -52.138664346724752, -32.115389172843322 ], [ -52.138718196879566, -32.115410755275406 ], [ -52.138766886078571, -32.115442298934795 ], [ -52.13880859354019, -32.115482624214629 ], [ -52.138841759571932, -32.115530223110476 ], [ -52.138865143896673, -32.115583315613755 ], [ -52.138877872034058, -32.115639916276884 ], [ -52.139067495482337, -32.117156903863133 ], [ -52.139068795588926, -32.117218789876731 ], [ -52.139057367075743, -32.117279625376582 ], [ -52.139033696488724, -32.117336820413662 ], [ -52.138998791555515, -32.117387940024315 ], [ -52.138954138283424, -32.117430807893953 ], [ -52.138901637695682, -32.117463599009263 ], [ -52.138843524899215, -32.117484917354467 ], [ -52.138782273929415, -32.117493855343909 ], [ -52.138720492423126, -32.117490032460658 ], [ -52.137618999979388, -32.1173064503867 ], [ -52.137563849816239, -32.117291754627729 ], [ -52.137512480888368, -32.117266880161367 ], [ -52.137466752468917, -32.1172327273067 ], [ -52.137428319675585, -32.117190532209548 ], [ -52.136288368727001, -32.115670597611441 ], [ -52.136258420338208, -32.115621471089995 ] ], [ [ -52.141022722088508, -32.117259712376907 ], [ -52.140970962336326, -32.117287413355619 ], [ -52.140914798895977, -32.117304503824791 ], [ -52.140015229592173, -32.117484417685553 ], [ -52.139956673689994, -32.117490243353167 ], [ -52.139898107055714, -32.117484526585493 ], [ -52.139841783028928, -32.117467487334032 ], [ -52.13978986866536, -32.117439781180586 ], [ -52.13974436135981, -32.117402474113895 ], [ -52.139707011996805, -32.11735700151592 ], [ -52.139679257585641, -32.117305112935824 ], [ -52.139662165971771, -32.117248804776388 ], [ -52.139656394751626, -32.117190243482845 ], [ -52.139656394751626, -32.116165507566073 ], [ -52.139661494160471, -32.116110429064513 ], [ -52.139676619027192, -32.116057223014934 ], [ -52.139701255165932, -32.116007698213345 ], [ -52.13973456504506, -32.11596353830781 ], [ -52.139775416259972, -32.115926244561081 ], [ -52.139822420030356, -32.115897084813575 ], [ -52.139873978413256, -32.115877050381783 ], [ -52.141409462570998, -32.115438340622426 ], [ -52.141473373437137, -32.115427369104857 ], [ -52.141538148914513, -32.115430387471832 ], [ -52.141600762568302, -32.115447254699454 ], [ -52.141658288968237, -32.115477182718415 ], [ -52.142046859145097, -32.115736229502993 ], [ -52.142092383789681, -32.11577351540943 ], [ -52.142129754288746, -32.11581897063887 ], [ -52.142157532819773, -32.115870846310408 ], [ -52.142174650609306, -32.115927146517905 ], [ -52.142180449053811, -32.1159857051221 ], [ -52.142174705059283, -32.116044269092342 ], [ -52.14215763962477, -32.116100585191532 ], [ -52.142129909339467, -32.116152486668973 ], [ -52.142092581120586, -32.116197976625649 ], [ -52.141068096089789, -32.117222461656439 ], [ -52.141022722088508, -32.117259712376907 ] ] ], [ [ [ -52.132295533942077, -32.106454053065548 ], [ -52.132239549697687, -32.106464429186644 ], [ -52.132182613340049, -32.106464041001672 ], [ -52.132126775779717, -32.106452902493487 ], [ -52.132074048347341, -32.106431414883467 ], [ -52.132026330343351, -32.106400352179087 ], [ -52.131985340622997, -32.106360833293294 ], [ -52.130565801872905, -32.104704704751519 ], [ -52.130534959907258, -32.104661507599239 ], [ -52.130512213349142, -32.104613551213802 ], [ -52.13049827422163, -32.10456233674774 ], [ -52.13049357885361, -32.104509467339483 ], [ -52.13049357885361, -32.102693264778665 ], [ -52.130499907642118, -32.102631968616166 ], [ -52.130518626983864, -32.102573258656655 ], [ -52.130548947073819, -32.102519611986246 ], [ -52.13058958864908, -32.102473292061141 ], [ -52.130638836963413, -32.102436253208076 ], [ -52.13069461413572, -32.102410058167493 ], [ -52.130754566819817, -32.102395812158541 ], [ -52.130816165496654, -32.102394116247737 ], [ -52.13087681119957, -32.102405041988824 ], [ -52.130933945169737, -32.102428128403758 ], [ -52.13126118340157, -32.102601372173552 ], [ -52.12881982181387, -32.097899449263181 ], [ -52.125327337217442, -32.095123437985954 ], [ -52.118465839998947, -32.091202582432523 ], [ -52.11842104467901, -32.091171248556115 ], [ -52.118382679038049, -32.091132306161569 ], [ -52.118352016999722, -32.091087048323523 ], [ -52.118330076691038, -32.091036977819691 ], [ -52.11720480384075, -32.087661159268805 ], [ -52.117190235678272, -32.087629980594023 ], [ -52.116796241978903, -32.086990890766039 ], [ -52.116788559941632, -32.086980569913649 ], [ -52.11677780748596, -32.086973504618861 ], [ -52.113528273404143, -32.085223755497879 ], [ -52.113517931555826, -32.085219423258572 ], [ -52.113521948561861, -32.085229891581577 ], [ -52.113606390125888, -32.085398774709631 ], [ -52.114474159168914, -32.086044814751439 ], [ -52.1155541769295, -32.087252571664372 ], [ -52.116298116474482, -32.088487148725569 ], [ -52.116922683740995, -32.089126076326558 ], [ -52.117636880473313, -32.090217699671463 ], [ -52.117562076591852, -32.090982131860315 ], [ -52.118493881186986, -32.0915228685583 ], [ -52.118587289133352, -32.092285815656375 ], [ -52.11927291455553, -32.093329945222699 ], [ -52.119556461876172, -32.093589985830889 ], [ -52.12045706539844, -32.09386843667491 ], [ -52.120798144312666, -32.094247304758014 ], [ -52.120773234582018, -32.094348937322849 ], [ -52.121113787203733, -32.094532311811463 ], [ -52.121162615686359, -32.094565159655794 ], [ -52.121204092237235, -32.094606907677544 ], [ -52.121236620837955, -32.0946559494121 ], [ -52.121258949787375, -32.094710397732648 ], [ -52.121270219867135, -32.094768157466845 ], [ -52.121269997404369, -32.094827006019109 ], [ -52.121258290959439, -32.094884678896094 ], [ -52.120562814159825, -32.097144978494839 ], [ -52.120787245626239, -32.097946917934941 ], [ -52.121299182182646, -32.098539082687267 ], [ -52.122203633456046, -32.099127767939066 ], [ -52.122687841303758, -32.099744040274125 ], [ -52.123224331581788, -32.100049565196969 ], [ -52.126043355592238, -32.096706905241639 ], [ -52.126156668970694, -32.096801369090478 ], [ -52.123286539382413, -32.100550237816968 ], [ -52.124030110237015, -32.101737031674674 ], [ -52.124894042570325, -32.103591050307742 ], [ -52.124935247147647, -32.104664735570019 ], [ -52.126414902106099, -32.106417800101866 ], [ -52.126847497419853, -32.107392530823304 ], [ -52.128218785125291, -32.108353756406835 ], [ -52.128908581333192, -32.108583688476138 ], [ -52.128962895921951, -32.108608015812251 ], [ -52.129011339510043, -32.10864258621298 ], [ -52.129052005630307, -32.108686039181777 ], [ -52.129065363115458, -32.108707652046753 ], [ -52.130598806986086, -32.106881738904391 ], [ -52.130740470568966, -32.106999812925736 ], [ -52.12944263475822, -32.108634403629843 ], [ -52.129615865288564, -32.109038610568859 ], [ -52.130320963095272, -32.10936646748776 ], [ -52.130492434285145, -32.10962748221926 ], [ -52.129937819202866, -32.110133655483345 ], [ -52.130618416800296, -32.110748142323224 ], [ -52.132120899644981, -32.110925660172967 ], [ -52.134138878859972, -32.110835998826531 ], [ -52.13458456294606, -32.110593328770847 ], [ -52.134212696771243, -32.109568291034172 ], [ -52.13413143513035, -32.109633300346886 ], [ -52.13407891747179, -32.109667003240837 ], [ -52.134020563551239, -32.109689112276968 ], [ -52.133958898141543, -32.109698670873541 ], [ -52.133896589292242, -32.109695265463067 ], [ -52.133836332892294, -32.10967904338591 ], [ -52.131019861950612, -32.108595785331417 ], [ -52.13096721654022, -32.108569339063273 ], [ -52.130920754776604, -32.108533114087699 ], [ -52.130882268506362, -32.108488507458851 ], [ -52.13085324199286, -32.108437239478121 ], [ -52.130834794674008, -32.108381287348926 ], [ -52.130827637990002, -32.108322808923774 ], [ -52.130832047945852, -32.108264059484426 ], [ -52.130847854466992, -32.108207304764591 ], [ -52.130874447958362, -32.108154733569528 ], [ -52.130910802814107, -32.108108373362469 ], [ -52.130955516971092, -32.108070012073405 ], [ -52.132982328708394, -32.106651243857293 ], [ -52.133034432630346, -32.106622030437208 ], [ -52.133091291623366, -32.106603719306456 ], [ -52.133135399320288, -32.106598753561769 ], [ -52.133008956583453, -32.106250218025153 ], [ -52.132295533942077, -32.106454053065548 ] ], [ [ -52.124118817808323, -32.101059703008374 ], [ -52.12406219946871, -32.101051457512291 ], [ -52.124008176239315, -32.10103261300987 ], [ -52.123958713139821, -32.10100385494362 ], [ -52.123915609321557, -32.100966229348124 ], [ -52.123880432625832, -32.100921104801991 ], [ -52.12385446255594, -32.100870122647706 ], [ -52.123838643736988, -32.100815137290084 ], [ -52.123833551556473, -32.100758148744887 ], [ -52.123839371235363, -32.100701229891037 ], [ -52.123937855321685, -32.100208809459403 ], [ -52.123954961832261, -32.100152607375527 ], [ -52.123982693294487, -32.100100816710928 ], [ -52.124019986266255, -32.100055423526499 ], [ -52.12406541064211, -32.10001816855349 ], [ -52.124117224494682, -32.099990480440191 ], [ -52.124173440873868, -32.09997342096635 ], [ -52.124231904002116, -32.099967644326199 ], [ -52.124290371943879, -32.099973372041497 ], [ -52.124346602579003, -32.099990384466651 ], [ -52.12439843958326, -32.10001802921164 ], [ -52.124989344101216, -32.100411965556951 ], [ -52.125035823906664, -32.100450209157884 ], [ -52.125073733841681, -32.100496961507069 ], [ -52.125101547843798, -32.10055034059112 ], [ -52.125118146261798, -32.100608197637769 ], [ -52.125122860927235, -32.10066820361461 ], [ -52.125115502051493, -32.100727942984165 ], [ -52.12509636586573, -32.100785010941216 ], [ -52.12506622269612, -32.100837110218109 ], [ -52.125026285954377, -32.100882143561158 ], [ -52.124978163291978, -32.100918298155484 ], [ -52.124923791884193, -32.100944118599763 ], [ -52.12486536044922, -32.10095856549335 ], [ -52.124175971844942, -32.101057049579673 ], [ -52.124118817808323, -32.101059703008374 ] ], [ [ -52.125402526778643, -32.103208483212697 ], [ -52.125415130328911, -32.1031471888247 ], [ -52.125440175315084, -32.10308984250706 ], [ -52.125476572043304, -32.103038939367138 ], [ -52.125522736911563, -32.102996694173108 ], [ -52.125576661311314, -32.102964944990589 ], [ -52.125635999021007, -32.102945073209398 ], [ -52.127611619227444, -32.102506046496856 ], [ -52.127667929862071, -32.102499030786696 ], [ -52.127724554224734, -32.102502744183212 ], [ -52.127779466353779, -32.10251705382489 ], [ -52.127830701549499, -32.102541447727411 ], [ -52.127876426669104, -32.102575053101951 ], [ -52.127915005714684, -32.102616667582645 ], [ -52.130751828118974, -32.106326358419018 ], [ -52.130782284621716, -32.106375304323763 ], [ -52.130802816869434, -32.106429172003814 ], [ -52.130812666697445, -32.106485972365071 ], [ -52.130811470395358, -32.106543608022541 ], [ -52.130799272137295, -32.106599950747459 ], [ -52.130776522350729, -32.106652920053307 ], [ -52.130744061084208, -32.10670056001895 ], [ -52.130703086988092, -32.106741111512115 ], [ -52.130655113053699, -32.106773077146315 ], [ -52.130601910745305, -32.106795276572704 ], [ -52.130545444587781, -32.10680689006508 ], [ -52.130487799625463, -32.106807488788775 ], [ -52.130431104430706, -32.106797050635578 ], [ -52.125836198928916, -32.105484220492208 ], [ -52.125781340931816, -32.105462513672158 ], [ -52.125731791769319, -32.105430490768192 ], [ -52.125689467664927, -32.105389390207733 ], [ -52.125656005426201, -32.105340801480011 ], [ -52.125632699144198, -32.105286603665462 ], [ -52.125620450146883, -32.105228892765737 ], [ -52.125402913037945, -32.103271058785275 ], [ -52.125402526778643, -32.103208483212697 ] ] ], [ [ [ -52.138303409315888, -32.120535325116762 ], [ -52.138307098278567, -32.12052112710834 ], [ -52.138296662470864, -32.120510817607595 ], [ -52.135999876857191, -32.118673389116658 ], [ -52.137028422554891, -32.119975290522483 ], [ -52.137031973706868, -32.120261671082488 ], [ -52.136009216422657, -32.119837887199886 ], [ -52.137078047364867, -32.120906718142095 ], [ -52.137117309573952, -32.12095514026727 ], [ -52.13714571651461, -32.121010631428653 ], [ -52.137162041567798, -32.121070795503542 ], [ -52.137165579813498, -32.121133034591637 ], [ -52.137156178469347, -32.121194661193009 ], [ -52.137134243487814, -32.121253014255089 ], [ -52.137104547652626, -32.121312405925472 ], [ -52.137071728730788, -32.12136407887224 ], [ -52.137029104316355, -32.121408014442707 ], [ -52.136978449088694, -32.121442383367175 ], [ -52.136921872092316, -32.1214657546859 ], [ -52.136861728926213, -32.121477155327518 ], [ -52.136800523667858, -32.121476110623149 ], [ -52.136740804615215, -32.121462664069334 ], [ -52.136685058187666, -32.121437375517104 ], [ -52.135692181110059, -32.120858197221835 ], [ -52.136487094512532, -32.121555419366075 ], [ -52.137749642242262, -32.122012037313105 ], [ -52.138303409315888, -32.120535325116762 ] ] ], [ [ [ -52.134531235706568, -32.117498476196147 ], [ -52.13458900831106, -32.117753609361323 ], [ -52.135281956735881, -32.118099053019598 ], [ -52.134531235706568, -32.117498476196147 ] ] ], [ [ [ -52.134642211207996, -32.116535273746265 ], [ -52.134668163663626, -32.116494040019923 ], [ -52.134233024884672, -32.11618152897622 ], [ -52.134415706909458, -32.116988282343328 ], [ -52.134642211207996, -32.116535273746265 ] ] ], [ [ [ -52.150690804657913, -32.125643500225472 ], [ -52.150704273643569, -32.125639836992924 ], [ -52.150705672746298, -32.125625949035573 ], [ -52.150705672746298, -32.12544407752803 ], [ -52.150097895709457, -32.125742318383551 ], [ -52.150690804657913, -32.125643500225472 ] ] ], [ [ [ -52.133871258978814, -32.118705925618933 ], [ -52.133707600949904, -32.119050361742865 ], [ -52.133794334928893, -32.119244393968387 ], [ -52.133871258978814, -32.118705925618933 ] ] ], [ [ [ -52.13520189875026, -32.119030569527489 ], [ -52.135051266041522, -32.118847381185653 ], [ -52.135001347008696, -32.118830017785918 ], [ -52.13520189875026, -32.119030569527489 ] ] ], [ [ [ -52.134100743077298, -32.119929858369389 ], [ -52.134111408748417, -32.119953718498124 ], [ -52.13433893822446, -32.120068805538565 ], [ -52.134100743077298, -32.119929858369389 ] ] ], [ [ [ -52.163954875049541, -32.104620444562343 ], [ -52.163895513607287, -32.104614512954342 ], [ -52.163838499557066, -32.104596952690166 ], [ -52.163786087465532, -32.10456845817383 ], [ -52.163740349919223, -32.104530156194016 ], [ -52.163703095566106, -32.104483561366258 ], [ -52.163675797594308, -32.104430516238907 ], [ -52.163659535476292, -32.104373118431297 ], [ -52.163654952282101, -32.104313637685415 ], [ -52.16366222924983, -32.104254426111034 ], [ -52.163681078618673, -32.104197825173806 ], [ -52.163710755008175, -32.104146073104225 ], [ -52.164301567796407, -32.103318935200697 ], [ -52.163965040746874, -32.103309579230029 ], [ -52.163016314696684, -32.103676310470568 ], [ -52.162281410802677, -32.105128097766816 ], [ -52.163859452309516, -32.105303435712017 ], [ -52.163806410462861, -32.105172714873362 ], [ -52.164706041178896, -32.105355385281484 ], [ -52.164746810009426, -32.105402031012005 ], [ -52.164884295086999, -32.105417307131738 ], [ -52.164949958104309, -32.10543220551061 ], [ -52.165010644622441, -32.105461372959134 ], [ -52.165063297663536, -32.105503340217787 ], [ -52.165514819153366, -32.105954861707616 ], [ -52.165779967030169, -32.106013797868727 ], [ -52.165837021940078, -32.104986963602038 ], [ -52.165650666657783, -32.104620444562343 ], [ -52.163954875049541, -32.104620444562343 ] ] ], [ [ [ -52.159342280229772, -32.098144054012728 ], [ -52.159331177633071, -32.098153223304571 ], [ -52.159333224956136, -32.098167476445866 ], [ -52.159924724056118, -32.100533472845804 ], [ -52.160210735787572, -32.10022929643393 ], [ -52.1593991877617, -32.098136370881036 ], [ -52.159393230168192, -32.098110087387113 ], [ -52.159342280229772, -32.098144054012728 ] ] ], [ [ [ -52.160049988579232, -32.101133868661542 ], [ -52.160034489787925, -32.101192270327154 ], [ -52.160007602434398, -32.101246381668844 ], [ -52.159970417239116, -32.10129400758963 ], [ -52.159924442667894, -32.101333216082082 ], [ -52.159871543739037, -32.101362416602704 ], [ -52.159813866366399, -32.101380424594382 ], [ -52.15975375030763, -32.101386509539516 ], [ -52.159580526086039, -32.101386509539516 ], [ -52.159455267931328, -32.101465401079587 ], [ -52.159035924089693, -32.101564710289495 ], [ -52.158458868514884, -32.101386509539516 ], [ -52.158266594308074, -32.101386509539516 ], [ -52.158252706350723, -32.101387908642245 ], [ -52.158249043118175, -32.101401377627901 ], [ -52.157715039077992, -32.10460540186898 ], [ -52.157714159919145, -32.10461921340449 ], [ -52.157727688876825, -32.104622128663941 ], [ -52.161859885822963, -32.105081261657958 ], [ -52.162350978160099, -32.104279110643326 ], [ -52.162594243555844, -32.103560847537729 ], [ -52.162611092421571, -32.102677588988563 ], [ -52.161298738645435, -32.100899553748498 ], [ -52.160762725434807, -32.100641923069205 ], [ -52.160052566396025, -32.101089203650602 ], [ -52.160049988579232, -32.101133868661542 ] ] ], [ [ [ -52.201373013728599, -32.176858360834011 ], [ -52.201369593279672, -32.17684576221184 ], [ -52.201358689582662, -32.176838583483423 ], [ -52.198116112275116, -32.175101488497234 ], [ -52.198195828605549, -32.17521013128151 ], [ -52.201444814284102, -32.17726523064853 ], [ -52.201373013728599, -32.176858360834011 ] ] ], [ [ [ -52.195694867369262, -32.173804393011956 ], [ -52.196642605876065, -32.174461081928364 ], [ -52.19717852938912, -32.174670816320159 ], [ -52.19721250380401, -32.174617412530573 ], [ -52.195694867369262, -32.173804393011956 ] ] ], [ [ [ -52.193438840100903, -32.171270834201657 ], [ -52.193461687432659, -32.171217212075312 ], [ -52.193494472446829, -32.171169020002857 ], [ -52.193535957569964, -32.171128077145596 ], [ -52.193584576815645, -32.171095929020424 ], [ -52.193638494897549, -32.171073789159415 ], [ -52.193695676508149, -32.171062493301243 ], [ -52.193753963147735, -32.171062467843591 ], [ -52.193811154603814, -32.17107371374744 ], [ -52.200315675398514, -32.173025069985847 ], [ -52.199549856398065, -32.172536096184835 ], [ -52.199131601354033, -32.17166890589975 ], [ -52.194342005983223, -32.170198644626552 ], [ -52.192899572784782, -32.169329164376308 ], [ -52.193048356975886, -32.169272465709319 ], [ -52.192578332114465, -32.169169647770886 ], [ -52.192524074124385, -32.169152239225781 ], [ -52.192474086537374, -32.169124885467809 ], [ -52.192430172787233, -32.169088573355793 ], [ -52.192393917178102, -32.169044612944774 ], [ -52.192366627726521, -32.168994590222312 ], [ -52.192349288971307, -32.168940309889791 ], [ -52.192342526453693, -32.168883730253121 ], [ -52.192346584149298, -32.168826892571637 ], [ -52.192361315666091, -32.168771847414327 ], [ -52.192386189525806, -32.168720580680144 ], [ -52.19242030833847, -32.168674941951501 ], [ -52.192462441178108, -32.168636577765668 ], [ -52.192892055004712, -32.168314367395716 ], [ -52.192940919432708, -32.168284546229465 ], [ -52.192994558702537, -32.168264549654452 ], [ -52.193051019728358, -32.168255105775806 ], [ -52.193108246679969, -32.168256558459241 ], [ -52.193164155838687, -32.168268854810385 ], [ -52.197172494550998, -32.169561867298228 ], [ -52.197224839383694, -32.169584443675745 ], [ -52.197271968645559, -32.169616514020433 ], [ -52.197312180617111, -32.169656920352558 ], [ -52.197344023344883, -32.169704203700782 ], [ -52.197366347067835, -32.169756656781971 ], [ -52.197378345732282, -32.169812385646871 ], [ -52.197379586096559, -32.169869378065918 ], [ -52.197370023374212, -32.169925576185754 ], [ -52.197350002851167, -32.16997895083319 ], [ -52.197320247418311, -32.170027574783539 ], [ -52.197281831469716, -32.170069692347873 ], [ -52.197236142108956, -32.170103782766553 ], [ -52.197184829064298, -32.170128615120042 ], [ -52.19712974512111, -32.170143292774313 ], [ -52.197072879222468, -32.170147285756073 ], [ -52.197023178527033, -32.170141282576544 ], [ -52.197248121923877, -32.170338244248931 ], [ -52.197569844345892, -32.170263597003377 ], [ -52.1984319985607, -32.170744711552203 ], [ -52.19897771167571, -32.170632137518005 ], [ -52.199558362614901, -32.171044310196521 ], [ -52.20058543631869, -32.17126130560338 ], [ -52.200671845595551, -32.171245136272226 ], [ -52.200652219557654, -32.171186258158528 ], [ -52.200639030107347, -32.171127700593935 ], [ -52.200637762195569, -32.171067689408559 ], [ -52.200648466580354, -32.171008627016832 ], [ -52.200670714735452, -32.170952877850333 ], [ -52.200703616005406, -32.170902673703033 ], [ -52.200742814485835, -32.170863092807465 ], [ -52.200054635586831, -32.170371319084076 ], [ -52.197446061772297, -32.169381678685127 ], [ -52.195686728243615, -32.168956774928716 ], [ -52.194370090623231, -32.168050321157018 ], [ -52.194018292670485, -32.167970106507326 ], [ -52.193890014334897, -32.167816179623642 ], [ -52.194264107370799, -32.167454638744509 ], [ -52.193707824244015, -32.166755803017885 ], [ -52.193690839384381, -32.166529223687469 ], [ -52.192870989076361, -32.166059610343467 ], [ -52.193680724525215, -32.165753630972013 ], [ -52.193812133660877, -32.165072172077707 ], [ -52.193712382423662, -32.164953776681877 ], [ -52.193023306517887, -32.164829006373061 ], [ -52.192782189889044, -32.164628407568358 ], [ -52.192574415488259, -32.164833238720782 ], [ -52.191804903498422, -32.164995628028279 ], [ -52.191067224899847, -32.164370090675902 ], [ -52.190677454913583, -32.163526468813593 ], [ -52.190443382949717, -32.163256631117072 ], [ -52.190443121607522, -32.163257187619578 ], [ -52.190139272954752, -32.163763602040859 ], [ -52.19010224715845, -32.163812974287275 ], [ -52.19005590222848, -32.1638537256771 ], [ -52.190002199342352, -32.163884131734548 ], [ -52.189943411044105, -32.163902905767046 ], [ -52.18988202507704, -32.16390925331423 ], [ -52.189543398435028, -32.16390925331423 ], [ -52.189484871338422, -32.163903488898349 ], [ -52.189428593405317, -32.163886417173984 ], [ -52.189376727365122, -32.16385869419792 ], [ -52.189331266400671, -32.163821385348584 ], [ -52.189293957551335, -32.163775924384133 ], [ -52.189266234575271, -32.163724058343938 ], [ -52.189249162850906, -32.163667780410833 ], [ -52.189243398435025, -32.163609253314227 ], [ -52.189243398435025, -32.163316997324543 ], [ -52.189249875473813, -32.16325499513718 ], [ -52.189269026909948, -32.163195670220297 ], [ -52.189300025779474, -32.163141584239142 ], [ -52.189341533543192, -32.163095072640367 ], [ -52.189391757885133, -32.163058143806836 ], [ -52.189448530105224, -32.163032392335126 ], [ -52.189982542498505, -32.162854388204032 ], [ -52.189677100312956, -32.162657794222113 ], [ -52.187909741468559, -32.163364737759871 ], [ -52.187897488653768, -32.163371110896669 ], [ -52.187898843764799, -32.16338485542353 ], [ -52.188162380596502, -32.164702539582052 ], [ -52.18816652856615, -32.164715919127971 ], [ -52.188180322232093, -32.164713479316227 ], [ -52.189908642813293, -32.164219673435881 ], [ -52.189962918730814, -32.164209453341634 ], [ -52.190018148397726, -32.164209356168875 ], [ -52.190072459942201, -32.164219385211027 ], [ -52.190124012609878, -32.164239200558725 ], [ -52.190171059151666, -32.164268130620172 ], [ -52.192087838872617, -32.16570571541088 ], [ -52.192129007633916, -32.165743022591506 ], [ -52.192162591062036, -32.165787281443606 ], [ -52.192187437360083, -32.165836974039706 ], [ -52.192202694384896, -32.165890396093459 ], [ -52.192207838872619, -32.165945715410878 ], [ -52.192207838872619, -32.16718141635328 ], [ -52.192202573093788, -32.167237378294558 ], [ -52.192186960613469, -32.167291375681138 ], [ -52.192161549510793, -32.167341512924374 ], [ -52.192127231847394, -32.167386029946712 ], [ -52.192085212351451, -32.167423363969526 ], [ -52.192036966125443, -32.167452204374761 ], [ -52.191984186862399, -32.167471538714459 ], [ -52.189890334761394, -32.168022552425249 ], [ -52.189994333206847, -32.168175094340924 ], [ -52.190388369137729, -32.168266856440567 ], [ -52.190807668095751, -32.168143573514321 ], [ -52.191260924323799, -32.168473448707097 ], [ -52.191609724125897, -32.169400989325617 ], [ -52.19240091962584, -32.169823145737119 ], [ -52.192942094871476, -32.170438593636071 ], [ -52.193427213765681, -32.171325869968392 ], [ -52.193438840100903, -32.171270834201657 ] ] ], [ [ [ -52.181424347866653, -32.129669846468659 ], [ -52.181428932470681, -32.129682021961351 ], [ -52.181441872859587, -32.129680677509995 ], [ -52.181827751191605, -32.12960350184359 ], [ -52.181352831242712, -32.128015585118618 ], [ -52.180845525042763, -32.12754749611441 ], [ -52.181424347866653, -32.129669846468659 ] ] ], [ [ [ -52.19182594498826, -32.136693553504678 ], [ -52.191357219764924, -32.13597709450039 ], [ -52.190583076128746, -32.135388541202197 ], [ -52.19182594498826, -32.136693553504678 ] ] ], [ [ [ -52.190604935012182, -32.142344412626251 ], [ -52.19059936693472, -32.142347163147555 ], [ -52.190605533677015, -32.142346428202963 ], [ -52.19146113755226, -32.142156294008466 ], [ -52.191477471848216, -32.142017211312741 ], [ -52.190604935012182, -32.142344412626251 ] ] ], [ [ [ -52.197612423202756, -32.147992410607607 ], [ -52.197556199382475, -32.147984050451079 ], [ -52.19750256168463, -32.147965235362605 ], [ -52.197453435708645, -32.147936640805995 ], [ -52.197410585082615, -32.147899293329068 ], [ -52.197375548148862, -32.147854533710458 ], [ -52.197349582737282, -32.147803968825556 ], [ -52.197333621009079, -32.147749413959438 ], [ -52.197330708430982, -32.147718808284225 ], [ -52.196862552689502, -32.147286040225239 ], [ -52.196156437343951, -32.146831529766963 ], [ -52.195326149551185, -32.147142887689249 ], [ -52.195268109259089, -32.147158237173699 ], [ -52.195208174847018, -32.147161722633207 ], [ -52.195148746543104, -32.147153204483573 ], [ -52.195092204307095, -32.147133023856071 ], [ -52.195040812518705, -32.147101988935979 ], [ -52.194106159626678, -32.146400999266959 ], [ -52.194096619992223, -32.146395219035199 ], [ -52.19409942547103, -32.146406014635836 ], [ -52.195301717094544, -32.149669377613954 ], [ -52.195491965347152, -32.149745402492222 ], [ -52.195946702726502, -32.150194585780426 ], [ -52.196337548767403, -32.150047687023445 ], [ -52.197853557413666, -32.150128814924017 ], [ -52.197933028732152, -32.14977005206223 ], [ -52.197818639899928, -32.149604063290298 ], [ -52.19820276795253, -32.148944073931091 ], [ -52.198140422859154, -32.148467316761995 ], [ -52.197626061222067, -32.147991835490323 ], [ -52.197612423202756, -32.147992410607607 ] ] ], [ [ [ -52.190332858411445, -32.159854970179033 ], [ -52.190323188994562, -32.159867453594558 ], [ -52.190323200036623, -32.15988324388158 ], [ -52.190432130001817, -32.160863613568303 ], [ -52.190516445988152, -32.160854840378555 ], [ -52.190836589292772, -32.160660888629835 ], [ -52.192202511973001, -32.161053769799736 ], [ -52.193095560166682, -32.161761371743083 ], [ -52.193318131656497, -32.161616068555702 ], [ -52.193156988105734, -32.16109250672968 ], [ -52.191745406913782, -32.160425591440116 ], [ -52.191416260018578, -32.159927476870045 ], [ -52.191998717898564, -32.159408842478882 ], [ -52.19227863668381, -32.159358470262383 ], [ -52.192422791979297, -32.159655453693773 ], [ -52.193250854536281, -32.159683447800511 ], [ -52.192990593430537, -32.159089218238819 ], [ -52.192214759676332, -32.158762388214093 ], [ -52.192600052889702, -32.158185940422712 ], [ -52.193295484644075, -32.157725903665813 ], [ -52.193401166645103, -32.157223692341397 ], [ -52.192399582901686, -32.157719354872448 ], [ -52.190332858411445, -32.159854970179033 ] ] ], [ [ [ -52.23187321332793, -32.086007256208113 ], [ -52.231822741306623, -32.086020768183701 ], [ -52.231770690409, -32.086025318181072 ], [ -52.231765635587372, -32.086025318181072 ], [ -52.231958443393317, -32.086281399687152 ], [ -52.232580897728667, -32.086704958974444 ], [ -52.233029399758642, -32.086700594130662 ], [ -52.233080334385505, -32.086318218926039 ], [ -52.232347037211362, -32.08599121029664 ], [ -52.232216363469661, -32.085882474338391 ], [ -52.23187321332793, -32.086007256208113 ] ] ], [ [ [ -52.217828499119626, -32.085429509572755 ], [ -52.21866398288995, -32.085837174035085 ], [ -52.219277824062388, -32.085941036023144 ], [ -52.217828499119626, -32.085429509572755 ] ] ], [ [ [ -52.211894462837826, -32.08333514382624 ], [ -52.211882153200939, -32.083332081982867 ], [ -52.211880943594835, -32.083344708894522 ], [ -52.211880943594835, -32.086722404451294 ], [ -52.211875184743121, -32.086780903567998 ], [ -52.211858129283797, -32.086837156766443 ], [ -52.211830432015944, -32.086889004354447 ], [ -52.211793156302619, -32.086934455781531 ], [ -52.211747733245851, -32.086971766060834 ], [ -52.211695906743302, -32.086999502763263 ], [ -52.211639666535916, -32.087016601011761 ], [ -52.211581171817137, -32.087022404364482 ], [ -52.211522668336364, -32.087016690017116 ], [ -52.211466402179411, -32.086999677356843 ], [ -52.211414533535965, -32.086972019539594 ], [ -52.210936555195026, -32.086653367312302 ], [ -52.2108910108091, -32.086616061699374 ], [ -52.210853629023987, -32.086570579813014 ], [ -52.210825849453698, -32.086518673211124 ], [ -52.210808741920303, -32.086462340874526 ], [ -52.21080296525389, -32.086403752224001 ], [ -52.21080296525389, -32.082806654658341 ], [ -52.210801627385408, -32.082793547874921 ], [ -52.210789306008891, -32.082798212780737 ], [ -52.209379397735859, -32.083503166917261 ], [ -52.209321044673779, -32.0835251018988 ], [ -52.209259418072399, -32.083534503242952 ], [ -52.209197178984304, -32.083530964997259 ], [ -52.209137014909416, -32.08351463994407 ], [ -52.209081523748026, -32.083486233003406 ], [ -52.20903310162285, -32.08344697079432 ], [ -52.205693184473688, -32.080107053645158 ], [ -52.205681854566691, -32.08009779014499 ], [ -52.205667811516506, -32.080093670440029 ], [ -52.202006889113193, -32.079407247489399 ], [ -52.202776142449224, -32.080022124136249 ], [ -52.202782393576896, -32.080499416852398 ], [ -52.20194712171682, -32.080936961039804 ], [ -52.201101160185402, -32.081055993751235 ], [ -52.201101160185402, -32.081089772105543 ], [ -52.201095596900537, -32.08114727880757 ], [ -52.20107911338021, -32.081202652668495 ], [ -52.201052320974547, -32.081253839951245 ], [ -52.201016213375446, -32.081298942192916 ], [ -52.200972129761965, -32.081336286616043 ], [ -52.20092170513211, -32.081364488169548 ], [ -52.200866809663069, -32.08138250089825 ], [ -52.200809479349061, -32.081389656735887 ], [ -52.200751840489204, -32.081385690282694 ], [ -52.200322357117457, -32.081314109720736 ], [ -52.200160066370998, -32.081478990460411 ], [ -52.200163697773, -32.081756848588832 ], [ -52.200474861783768, -32.08202356059806 ], [ -52.205103091777744, -32.084454695940835 ], [ -52.205115262027626, -32.084451839195538 ], [ -52.205174637041722, -32.084449925861414 ], [ -52.205233224973888, -32.08445974967691 ], [ -52.20528872849161, -32.084480925433489 ], [ -52.205988837527912, -32.084830979951633 ], [ -52.206040445837274, -32.084863747883404 ], [ -52.206084340144422, -32.084906297204753 ], [ -52.206118697784618, -32.084956861100046 ], [ -52.206135276733342, -32.084996886222889 ], [ -52.208153803762009, -32.086057186252518 ], [ -52.208730333197543, -32.086194891770702 ], [ -52.208911123772872, -32.086085762550908 ], [ -52.20883664638022, -32.085752327454095 ], [ -52.204871464771365, -32.083749425641813 ], [ -52.20451497572347, -32.083287397803055 ], [ -52.204939229324687, -32.082091584965646 ], [ -52.204929359658074, -32.082032089222906 ], [ -52.204930271601668, -32.082009158284365 ], [ -52.20464989021076, -32.081818258303663 ], [ -52.204687709039177, -32.081495686204995 ], [ -52.205050690838718, -32.081384829867829 ], [ -52.205459632569919, -32.081571880048358 ], [ -52.205954546783346, -32.081901316027533 ], [ -52.206042957938351, -32.083296727948053 ], [ -52.206272218900466, -32.083676426386482 ], [ -52.208143169511253, -32.084183683819141 ], [ -52.209679182735456, -32.084801516079267 ], [ -52.209771136622649, -32.085397326937127 ], [ -52.209240242917602, -32.086595773713746 ], [ -52.211089532789288, -32.087580543944306 ], [ -52.213143426650298, -32.088133711469425 ], [ -52.213162241409847, -32.088131979273165 ], [ -52.213148862886932, -32.08812096945902 ], [ -52.213110932365474, -32.088074166647814 ], [ -52.213083117603077, -32.088020729146116 ], [ -52.213066540223103, -32.087962811807877 ], [ -52.213061868704287, -32.087902750135342 ], [ -52.213069291424461, -32.08784296610051 ], [ -52.213088509064271, -32.087785870479706 ], [ -52.213118746677182, -32.087733765639612 ], [ -52.213158784938976, -32.087688752694945 ], [ -52.213207009316726, -32.087652646781493 ], [ -52.213261475174392, -32.087626903861228 ], [ -52.213319986189831, -32.087612562010989 ], [ -52.213380182920901, -32.087610199562334 ], [ -52.213431205819518, -32.087618534358064 ], [ -52.213416334604894, -32.087570210463049 ], [ -52.211945289694825, -32.086569922590812 ], [ -52.213115677703144, -32.086033633809571 ], [ -52.212376147750845, -32.085229217138448 ], [ -52.212311262927635, -32.084561546708876 ], [ -52.212813928458132, -32.084413529970895 ], [ -52.213485408099139, -32.084311629378888 ], [ -52.215006020693586, -32.084822140037247 ], [ -52.217593277681232, -32.085346490241562 ], [ -52.211894462837826, -32.08333514382624 ] ] ], [ [ [ -52.201102726037746, -32.076876594954143 ], [ -52.20109995895637, -32.076863294368856 ], [ -52.201088823796248, -32.076855511662529 ], [ -52.194348741146406, -32.073036131494291 ], [ -52.194449128563562, -32.073465699887826 ], [ -52.194733751307083, -32.073797163620043 ], [ -52.195750830139545, -32.074408128084983 ], [ -52.196150059095501, -32.0749294480066 ], [ -52.196942933018867, -32.075542518951501 ], [ -52.197343418137947, -32.076159293538382 ], [ -52.1975788480934, -32.077016303334048 ], [ -52.198199839931142, -32.077344578830044 ], [ -52.199264313936823, -32.077286772054769 ], [ -52.199770703661073, -32.077425183464015 ], [ -52.20080729884122, -32.078123545402114 ], [ -52.200885810082596, -32.078146636943693 ], [ -52.200936915440373, -32.078166919939889 ], [ -52.200983460692356, -32.078196189327407 ], [ -52.201023882353788, -32.078233461928804 ], [ -52.201056822635216, -32.078277485733587 ], [ -52.201081175051534, -32.078326781953997 ], [ -52.201096121589522, -32.078379694698498 ], [ -52.201101160185402, -32.078434446594166 ], [ -52.201101160185402, -32.078461696996747 ], [ -52.201318929383767, -32.078822425068367 ], [ -52.201102726037746, -32.076876594954143 ] ] ], [ [ [ -52.255601199860294, -32.053104308458316 ], [ -52.255733246761771, -32.052535089650995 ], [ -52.255591831275296, -32.050388415697732 ], [ -52.255443246096021, -32.049787279408584 ], [ -52.255601199860294, -32.053104308458316 ] ] ] ] } }
]
}
