{
"type": "FeatureCollection",
"name": "empresas_ATINGIDOS_rio_grande___nivel_da_lagoa_16_05_2024",
"crs": { "type": "name", "properties": { "name": "urn:ogc:def:crs:OGC:1.3:CRS84" } },
"features": [
{ "type": "Feature", "properties": { "id": 351, "municipio": "Rio Grande", "rua": "RODOVIA ERS-734", "numero": "S/N", "bairro": "SEDE", "cep": 96200080, "cnae_classe": 42111, "setor": "CONSTRUCAO", "qtd_vinculos": 2, "massa_salarial": 5217.82, "endereco_geocode": "RODOVIA ERS-734, S/N, SEDE, 96200080, Rio Grande - RS", "salario_medio": 2608.91, "CNAE_2": "CONSTRUCAO", "Empregados": 2, "Massa_Salarial": 5217.82 }, "geometry": { "type": "Point", "coordinates": [ -52.0941596, -32.0304101 ] } },
{ "type": "Feature", "properties": { "id": 19609, "municipio": "Rio Grande", "rua": "R GENERAL CANABARRO", "numero": "233", "bairro": "CENTRO", "cep": 96200200, "cnae_classe": 69206, "setor": "ATIVIDADES PROFISSIONAIS, CIENTIFICAS E TECNICAS", "qtd_vinculos": 1, "massa_salarial": 3268.0, "endereco_geocode": "R GENERAL CANABARRO, 233, CENTRO, 96200200, Rio Grande - RS", "salario_medio": 3268.0, "CNAE_2": "ATIVIDADES PROFISSIONAIS, CIENTIFICAS E TECNICAS", "Empregados": 1, "Massa_Salarial": 3268.0 }, "geometry": { "type": "Point", "coordinates": [ -52.1031993, -32.0299203 ] } },
{ "type": "Feature", "properties": { "id": 20512, "municipio": "Rio Grande", "rua": "R GENERAL CANABARRO", "numero": "506", "bairro": "CENTRO", "cep": 96200200, "cnae_classe": 86305, "setor": "SAUDE HUMANA E SERVICOS SOCIAIS", "qtd_vinculos": 3, "massa_salarial": 11388.19, "endereco_geocode": "R GENERAL CANABARRO, 506, CENTRO, 96200200, Rio Grande - RS", "salario_medio": 3796.06, "CNAE_2": "SAUDE HUMANA E SERVICOS SOCIAIS", "Empregados": 3, "Massa_Salarial": 11388.19 }, "geometry": { "type": "Point", "coordinates": [ -52.1031993, -32.0299203 ] } },
{ "type": "Feature", "properties": { "id": 20637, "municipio": "Rio Grande", "rua": "R ANDRADAS", "numero": "151", "bairro": "CENTRO", "cep": 96200030, "cnae_classe": 47814, "setor": "COMERCIO; REPARACAO DE VEICULOS", "qtd_vinculos": 2, "massa_salarial": 4316.0, "endereco_geocode": "R ANDRADAS, 151, CENTRO, 96200030, Rio Grande - RS", "salario_medio": 2158.0, "CNAE_2": "COMERCIO; REPARACAO DE VEICULOS", "Empregados": 2, "Massa_Salarial": 4316.0 }, "geometry": { "type": "Point", "coordinates": [ -52.0951455, -32.0302312 ] } },
{ "type": "Feature", "properties": { "id": 7163, "municipio": "Rio Grande", "rua": "R FRANCISCO CAMPELLO", "numero": "469", "bairro": "CENTRO", "cep": 96200410, "cnae_classe": 10996, "setor": "INDUSTRIAS DE TRANSFORMACAO", "qtd_vinculos": 6, "massa_salarial": 14312.44, "endereco_geocode": "R FRANCISCO CAMPELLO, 469, CENTRO, 96200410, Rio Grande - RS", "salario_medio": 2385.41, "CNAE_2": "INDUSTRIAS DE TRANSFORMACAO", "Empregados": 6, "Massa_Salarial": 14312.44 }, "geometry": { "type": "Point", "coordinates": [ -52.1004407, -32.0284983 ] } },
{ "type": "Feature", "properties": { "id": 14698, "municipio": "Rio Grande", "rua": "R GENERAL VITORINO", "numero": "409", "bairro": "CENTRO", "cep": 96200310, "cnae_classe": 68102, "setor": "ATIVIDADES IMOBILIARIAS", "qtd_vinculos": 1, "massa_salarial": 3451.58, "endereco_geocode": "R GENERAL VITORINO, 409, CENTRO, 96200310, Rio Grande - RS", "salario_medio": 3451.58, "CNAE_2": "ATIVIDADES IMOBILIARIAS", "Empregados": 1, "Massa_Salarial": 3451.58 }, "geometry": { "type": "Point", "coordinates": [ -52.0924218, -32.0363507 ] } },
{ "type": "Feature", "properties": { "id": 47761, "municipio": "Rio Grande", "rua": "AV SENADOR SALGADO FILHO", "numero": "133", "bairro": "CENTRO", "cep": 96201610, "cnae_classe": 86101, "setor": "SAUDE HUMANA E SERVICOS SOCIAIS", "qtd_vinculos": 2, "massa_salarial": 5881.08, "endereco_geocode": "AV SENADOR SALGADO FILHO, 133, CENTRO, 96201610, Rio Grande - RS", "salario_medio": 2940.54, "CNAE_2": "SAUDE HUMANA E SERVICOS SOCIAIS", "Empregados": 2, "Massa_Salarial": 5881.08 }, "geometry": { "type": "Point", "coordinates": [ -52.0887747, -32.0387264 ] } },
{ "type": "Feature", "properties": { "id": 16483, "municipio": "Rio Grande", "rua": "R AQUIDABAN", "numero": "714", "bairro": "CENTRO", "cep": 96200480, "cnae_classe": 47512, "setor": "COMERCIO; REPARACAO DE VEICULOS", "qtd_vinculos": 3, "massa_salarial": 5453.0, "endereco_geocode": "R AQUIDABAN, 714, CENTRO, 96200480, Rio Grande - RS", "salario_medio": 1817.67, "CNAE_2": "COMERCIO; REPARACAO DE VEICULOS", "Empregados": 3, "Massa_Salarial": 5453.0 }, "geometry": { "type": "Point", "coordinates": [ -52.1050185, -32.0323159 ] } },
{ "type": "Feature", "properties": { "id": 17153, "municipio": "Rio Grande", "rua": "R GENERAL VITORINO", "numero": "600", "bairro": "CENTRO", "cep": 96200310, "cnae_classe": 86305, "setor": "SAUDE HUMANA E SERVICOS SOCIAIS", "qtd_vinculos": 1, "massa_salarial": 2410.0, "endereco_geocode": "R GENERAL VITORINO, 600, CENTRO, 96200310, Rio Grande - RS", "salario_medio": 2410.0, "CNAE_2": "SAUDE HUMANA E SERVICOS SOCIAIS", "Empregados": 1, "Massa_Salarial": 2410.0 }, "geometry": { "type": "Point", "coordinates": [ -52.0924218, -32.0363507 ] } },
{ "type": "Feature", "properties": { "id": 22340, "municipio": "Rio Grande", "rua": "AV ALMIRANTE TAMANDARE", "numero": "313", "bairro": "NOSSA SENHORA DOS NAVEGANTES", "cep": 96202570, "cnae_classe": 41204, "setor": "CONSTRUCAO", "qtd_vinculos": 5, "massa_salarial": 10251.0, "endereco_geocode": "AV ALMIRANTE TAMANDARE, 313, NOSSA SENHORA DOS NAVEGANTES, 96202570, Rio Grande - RS", "salario_medio": 2050.2, "CNAE_2": "CONSTRUCAO", "Empregados": 5, "Massa_Salarial": 10251.0 }, "geometry": { "type": "Point", "coordinates": [ -52.0964216, -32.0431133 ] } },
{ "type": "Feature", "properties": { "id": 46574, "municipio": "Rio Grande", "rua": "R AQUIDABAN", "numero": "684692", "bairro": null, "cep": 96200480, "cnae_classe": 81125, "setor": "ATIVIDADES ADMINISTRATIVAS E SERVICOS COMPLEMENTARES", "qtd_vinculos": 5, "massa_salarial": 13364.0, "endereco_geocode": "R AQUIDABAN, 684692, , 96200480, Rio Grande - RS", "salario_medio": 2672.8, "CNAE_2": "ATIVIDADES ADMINISTRATIVAS E SERVICOS COMPLEMENTARES", "Empregados": 5, "Massa_Salarial": 13364.0 }, "geometry": { "type": "Point", "coordinates": [ -52.1050185, -32.0323159 ] } },
{ "type": "Feature", "properties": { "id": 24397, "municipio": "Rio Grande", "rua": "R GENERAL VITORINO", "numero": "403", "bairro": "CENTRO", "cep": 96200310, "cnae_classe": 69206, "setor": "ATIVIDADES PROFISSIONAIS, CIENTIFICAS E TECNICAS", "qtd_vinculos": 2, "massa_salarial": 5010.0, "endereco_geocode": "R GENERAL VITORINO, 403, CENTRO, 96200310, Rio Grande - RS", "salario_medio": 2505.0, "CNAE_2": "ATIVIDADES PROFISSIONAIS, CIENTIFICAS E TECNICAS", "Empregados": 2, "Massa_Salarial": 5010.0 }, "geometry": { "type": "Point", "coordinates": [ -52.0924218, -32.0363507 ] } },
{ "type": "Feature", "properties": { "id": 38696, "municipio": "Rio Grande", "rua": "RUA AQUIDABAN", "numero": "685", "bairro": "CENTRO", "cep": 96200480, "cnae_classe": 86305, "setor": "SAUDE HUMANA E SERVICOS SOCIAIS", "qtd_vinculos": 2, "massa_salarial": 3752.76, "endereco_geocode": "RUA AQUIDABAN, 685, CENTRO, 96200480, Rio Grande - RS", "salario_medio": 1876.38, "CNAE_2": "SAUDE HUMANA E SERVICOS SOCIAIS", "Empregados": 2, "Massa_Salarial": 3752.76 }, "geometry": { "type": "Point", "coordinates": [ -52.1050185, -32.0323159 ] } },
{ "type": "Feature", "properties": { "id": 6046, "municipio": "Rio Grande", "rua": "R AQUIDABAN", "numero": "714", "bairro": "CENTRO", "cep": 96200480, "cnae_classe": 46818, "setor": "COMERCIO; REPARACAO DE VEICULOS", "qtd_vinculos": 1, "massa_salarial": 3919.0, "endereco_geocode": "R AQUIDABAN, 714, CENTRO, 96200480, Rio Grande - RS", "salario_medio": 3919.0, "CNAE_2": "COMERCIO; REPARACAO DE VEICULOS", "Empregados": 1, "Massa_Salarial": 3919.0 }, "geometry": { "type": "Point", "coordinates": [ -52.1050185, -32.0323159 ] } },
{ "type": "Feature", "properties": { "id": 36677, "municipio": "Rio Grande", "rua": "R DUQUE DE CAXIAS", "numero": "215", "bairro": "CENTRO", "cep": 96200020, "cnae_classe": 82911, "setor": "ATIVIDADES ADMINISTRATIVAS E SERVICOS COMPLEMENTARES", "qtd_vinculos": 3, "massa_salarial": 5725.0, "endereco_geocode": "R DUQUE DE CAXIAS, 215, CENTRO, 96200020, Rio Grande - RS", "salario_medio": 1908.33, "CNAE_2": "ATIVIDADES ADMINISTRATIVAS E SERVICOS COMPLEMENTARES", "Empregados": 3, "Massa_Salarial": 5725.0 }, "geometry": { "type": "Point", "coordinates": [ -52.0983841, -32.0400766 ] } },
{ "type": "Feature", "properties": { "id": 37476, "municipio": "Rio Grande", "rua": "R DUQUE DE CAXIAS", "numero": "326", "bairro": "CENTRO", "cep": 96200020, "cnae_classe": 86305, "setor": "SAUDE HUMANA E SERVICOS SOCIAIS", "qtd_vinculos": 1, "massa_salarial": 2178.0, "endereco_geocode": "R DUQUE DE CAXIAS, 326, CENTRO, 96200020, Rio Grande - RS", "salario_medio": 2178.0, "CNAE_2": "SAUDE HUMANA E SERVICOS SOCIAIS", "Empregados": 1, "Massa_Salarial": 2178.0 }, "geometry": { "type": "Point", "coordinates": [ -52.0983841, -32.0400766 ] } },
{ "type": "Feature", "properties": { "id": 38777, "municipio": "Rio Grande", "rua": "RUA DUQUE DE CAXIAS", "numero": "369", "bairro": "CENTRO", "cep": 96200020, "cnae_classe": 86305, "setor": "SAUDE HUMANA E SERVICOS SOCIAIS", "qtd_vinculos": 1, "massa_salarial": 1745.19, "endereco_geocode": "RUA DUQUE DE CAXIAS, 369, CENTRO, 96200020, Rio Grande - RS", "salario_medio": 1745.19, "CNAE_2": "SAUDE HUMANA E SERVICOS SOCIAIS", "Empregados": 1, "Massa_Salarial": 1745.19 }, "geometry": { "type": "Point", "coordinates": [ -52.0983841, -32.0400766 ] } },
{ "type": "Feature", "properties": { "id": 3023, "municipio": "Rio Grande", "rua": "R CORONEL SAMPAIO", "numero": "19", "bairro": "CENTRO", "cep": 96200180, "cnae_classe": 47890, "setor": "COMERCIO; REPARACAO DE VEICULOS", "qtd_vinculos": 7, "massa_salarial": 20763.0, "endereco_geocode": "R CORONEL SAMPAIO, 19, CENTRO, 96200180, Rio Grande - RS", "salario_medio": 2966.14, "CNAE_2": "COMERCIO; REPARACAO DE VEICULOS", "Empregados": 7, "Massa_Salarial": 20763.0 }, "geometry": { "type": "Point", "coordinates": [ -52.0888634, -32.0380834 ] } },
{ "type": "Feature", "properties": { "id": 32319, "municipio": "Rio Grande", "rua": "R GENERAL VITORINO", "numero": "351", "bairro": "CENTRO", "cep": 96200310, "cnae_classe": 86305, "setor": "SAUDE HUMANA E SERVICOS SOCIAIS", "qtd_vinculos": 4, "massa_salarial": 6154.0, "endereco_geocode": "R GENERAL VITORINO, 351, CENTRO, 96200310, Rio Grande - RS", "salario_medio": 1538.5, "CNAE_2": "SAUDE HUMANA E SERVICOS SOCIAIS", "Empregados": 4, "Massa_Salarial": 6154.0 }, "geometry": { "type": "Point", "coordinates": [ -52.0924218, -32.0363507 ] } },
{ "type": "Feature", "properties": { "id": 10685, "municipio": "Rio Grande", "rua": "R GENERAL BERTOLDO KLINGER", "numero": "92", "bairro": "LAR GAUCHO", "cep": 96202410, "cnae_classe": 56112, "setor": "ALOJAMENTO E ALIMENTACAO", "qtd_vinculos": 4, "massa_salarial": 8463.0, "endereco_geocode": "R GENERAL BERTOLDO KLINGER, 92, LAR GAUCHO, 96202410, Rio Grande - RS", "salario_medio": 2115.75, "CNAE_2": "ALOJAMENTO E ALIMENTACAO", "Empregados": 4, "Massa_Salarial": 8463.0 }, "geometry": { "type": "Point", "coordinates": [ -52.0948378, -32.0447278 ] } },
{ "type": "Feature", "properties": { "id": 26042, "municipio": "Rio Grande", "rua": "R AMAPA", "numero": "557", "bairro": "HIDRAULICA", "cep": 96212160, "cnae_classe": 80111, "setor": "ATIVIDADES ADMINISTRATIVAS E SERVICOS COMPLEMENTARES", "qtd_vinculos": 2, "massa_salarial": 2354.0, "endereco_geocode": "R AMAPA, 557, HIDRAULICA, 96212160, Rio Grande - RS", "salario_medio": 1177.0, "CNAE_2": "ATIVIDADES ADMINISTRATIVAS E SERVICOS COMPLEMENTARES", "Empregados": 2, "Massa_Salarial": 2354.0 }, "geometry": { "type": "Point", "coordinates": [ -52.1316046, -32.0451626 ] } },
{ "type": "Feature", "properties": { "id": 11000, "municipio": "Rio Grande", "rua": "R GOMES FREIRE", "numero": "653", "bairro": "CENTRO", "cep": 96200470, "cnae_classe": 47121, "setor": "COMERCIO; REPARACAO DE VEICULOS", "qtd_vinculos": 11, "massa_salarial": 19807.0, "endereco_geocode": "R GOMES FREIRE, 653, CENTRO, 96200470, Rio Grande - RS", "salario_medio": 1800.64, "CNAE_2": "COMERCIO; REPARACAO DE VEICULOS", "Empregados": 11, "Massa_Salarial": 19807.0 }, "geometry": { "type": "Point", "coordinates": [ -52.1039853, -32.0332074 ] } },
{ "type": "Feature", "properties": { "id": 20363, "municipio": "Rio Grande", "rua": "R AQUIDABAN", "numero": "714", "bairro": "CENTRO", "cep": 96200480, "cnae_classe": 71120, "setor": "ATIVIDADES PROFISSIONAIS, CIENTIFICAS E TECNICAS", "qtd_vinculos": 7, "massa_salarial": 9089.5, "endereco_geocode": "R AQUIDABAN, 714, CENTRO, 96200480, Rio Grande - RS", "salario_medio": 1298.5, "CNAE_2": "ATIVIDADES PROFISSIONAIS, CIENTIFICAS E TECNICAS", "Empregados": 7, "Massa_Salarial": 9089.5 }, "geometry": { "type": "Point", "coordinates": [ -52.1050185, -32.0323159 ] } },
{ "type": "Feature", "properties": { "id": 36073, "municipio": "Rio Grande", "rua": "R JOAO PESSOA", "numero": "82", "bairro": "GETULIO VARGAS", "cep": 96201210, "cnae_classe": 46346, "setor": "COMERCIO; REPARACAO DE VEICULOS", "qtd_vinculos": 3, "massa_salarial": 5848.0, "endereco_geocode": "R JOAO PESSOA, 82, GETULIO VARGAS, 96201210, Rio Grande - RS", "salario_medio": 1949.33, "CNAE_2": "COMERCIO; REPARACAO DE VEICULOS", "Empregados": 3, "Massa_Salarial": 5848.0 }, "geometry": { "type": "Point", "coordinates": [ -52.0865513, -32.0333305 ] } },
{ "type": "Feature", "properties": { "id": 42058, "municipio": "Rio Grande", "rua": "R LINO NEVES", "numero": "689", "bairro": "SALGADO FILHO", "cep": 96202600, "cnae_classe": 94201, "setor": "OUTRAS ATIVIDADES DE SERVICOS", "qtd_vinculos": 1, "massa_salarial": 3877.0, "endereco_geocode": "R LINO NEVES, 689, SALGADO FILHO, 96202600, Rio Grande - RS", "salario_medio": 3877.0, "CNAE_2": "OUTRAS ATIVIDADES DE SERVICOS", "Empregados": 1, "Massa_Salarial": 3877.0 }, "geometry": { "type": "Point", "coordinates": [ -52.100333, -32.0423602 ] } },
{ "type": "Feature", "properties": { "id": 31510, "municipio": "Rio Grande", "rua": "R DAS MISSOES", "numero": "400", "bairro": "COHAB II", "cep": 96211460, "cnae_classe": 80111, "setor": "ATIVIDADES ADMINISTRATIVAS E SERVICOS COMPLEMENTARES", "qtd_vinculos": 6, "massa_salarial": 16732.0, "endereco_geocode": "R DAS MISSOES, 400, COHAB II, 96211460, Rio Grande - RS", "salario_medio": 2788.67, "CNAE_2": "ATIVIDADES ADMINISTRATIVAS E SERVICOS COMPLEMENTARES", "Empregados": 6, "Massa_Salarial": 16732.0 }, "geometry": { "type": "Point", "coordinates": [ -52.129514, -32.0462791 ] } },
{ "type": "Feature", "properties": { "id": 5542, "municipio": "Rio Grande", "rua": "R AQUIDABAN", "numero": "656", "bairro": "CENTRO", "cep": 96200480, "cnae_classe": 47717, "setor": "COMERCIO; REPARACAO DE VEICULOS", "qtd_vinculos": 8, "massa_salarial": 25641.0, "endereco_geocode": "R AQUIDABAN, 656, CENTRO, 96200480, Rio Grande - RS", "salario_medio": 3205.12, "CNAE_2": "COMERCIO; REPARACAO DE VEICULOS", "Empregados": 8, "Massa_Salarial": 25641.0 }, "geometry": { "type": "Point", "coordinates": [ -52.1050185, -32.0323159 ] } },
{ "type": "Feature", "properties": { "id": 12012, "municipio": "Rio Grande", "rua": "AV MAJOR CARLOS PINTO", "numero": "745", "bairro": "CIDADE NOVA", "cep": 96211020, "cnae_classe": 47440, "setor": "COMERCIO; REPARACAO DE VEICULOS", "qtd_vinculos": 2, "massa_salarial": 4006.73, "endereco_geocode": "AV MAJOR CARLOS PINTO, 745, CIDADE NOVA, 96211020, Rio Grande - RS", "salario_medio": 2003.36, "CNAE_2": "COMERCIO; REPARACAO DE VEICULOS", "Empregados": 2, "Massa_Salarial": 4006.73 }, "geometry": { "type": "Point", "coordinates": [ -52.1039942, -32.0394397 ] } },
{ "type": "Feature", "properties": { "id": 24262, "municipio": "Rio Grande", "rua": "R REPUBLICA DO LIBANO", "numero": "281", "bairro": "CENTRO", "cep": 96200360, "cnae_classe": 71201, "setor": "ATIVIDADES PROFISSIONAIS, CIENTIFICAS E TECNICAS", "qtd_vinculos": 1, "massa_salarial": 1689.0, "endereco_geocode": "R REPUBLICA DO LIBANO, 281, CENTRO, 96200360, Rio Grande - RS", "salario_medio": 1689.0, "CNAE_2": "ATIVIDADES PROFISSIONAIS, CIENTIFICAS E TECNICAS", "Empregados": 1, "Massa_Salarial": 1689.0 }, "geometry": { "type": "Point", "coordinates": [ -52.0915859, -32.0327657 ] } },
{ "type": "Feature", "properties": { "id": 46575, "municipio": "Rio Grande", "rua": "R SAO DOMINGOS SAVIO", "numero": "11", "bairro": "CIDADE NOVA", "cep": 96211190, "cnae_classe": 81125, "setor": "ATIVIDADES ADMINISTRATIVAS E SERVICOS COMPLEMENTARES", "qtd_vinculos": 2, "massa_salarial": 4586.83, "endereco_geocode": "R SAO DOMINGOS SAVIO, 11, CIDADE NOVA, 96211190, Rio Grande - RS", "salario_medio": 2293.42, "CNAE_2": "ATIVIDADES ADMINISTRATIVAS E SERVICOS COMPLEMENTARES", "Empregados": 2, "Massa_Salarial": 4586.83 }, "geometry": { "type": "Point", "coordinates": [ -52.1098566, -32.0302429 ] } },
{ "type": "Feature", "properties": { "id": 36731, "municipio": "Rio Grande", "rua": "RUA DUQUE DE CAXIAS", "numero": "505", "bairro": "CENTRO", "cep": 96200020, "cnae_classe": 69117, "setor": "ATIVIDADES PROFISSIONAIS, CIENTIFICAS E TECNICAS", "qtd_vinculos": 1, "massa_salarial": 1310.0, "endereco_geocode": "RUA DUQUE DE CAXIAS, 505, CENTRO, 96200020, Rio Grande - RS", "salario_medio": 1310.0, "CNAE_2": "ATIVIDADES PROFISSIONAIS, CIENTIFICAS E TECNICAS", "Empregados": 1, "Massa_Salarial": 1310.0 }, "geometry": { "type": "Point", "coordinates": [ -52.0983841, -32.0400766 ] } },
{ "type": "Feature", "properties": { "id": 12082, "municipio": "Rio Grande", "rua": "R VICE-ALMIRANTE ABREU", "numero": "348", "bairro": "CENTRO", "cep": 96200270, "cnae_classe": 56112, "setor": "ALOJAMENTO E ALIMENTACAO", "qtd_vinculos": 2, "massa_salarial": 3427.0, "endereco_geocode": "R VICE-ALMIRANTE ABREU, 348, CENTRO, 96200270, Rio Grande - RS", "salario_medio": 1713.5, "CNAE_2": "ALOJAMENTO E ALIMENTACAO", "Empregados": 2, "Massa_Salarial": 3427.0 }, "geometry": { "type": "Point", "coordinates": [ -52.0921327, -32.0393178 ] } },
{ "type": "Feature", "properties": { "id": 24385, "municipio": "Rio Grande", "rua": "R AQUIDABAN", "numero": "689", "bairro": "CENTRO", "cep": 96200480, "cnae_classe": 52320, "setor": "TRANSPORTE, ARMAZENAGEM E CORREIO", "qtd_vinculos": 2, "massa_salarial": 7892.8, "endereco_geocode": "R AQUIDABAN, 689, CENTRO, 96200480, Rio Grande - RS", "salario_medio": 3946.4, "CNAE_2": "TRANSPORTE, ARMAZENAGEM E CORREIO", "Empregados": 2, "Massa_Salarial": 7892.8 }, "geometry": { "type": "Point", "coordinates": [ -52.1050185, -32.0323159 ] } },
{ "type": "Feature", "properties": { "id": 27074, "municipio": "Rio Grande", "rua": "AV MAJOR CARLOS PINTO", "numero": "264", "bairro": "CIDADE NOVA", "cep": 96211020, "cnae_classe": 47890, "setor": "COMERCIO; REPARACAO DE VEICULOS", "qtd_vinculos": 2, "massa_salarial": 5892.0, "endereco_geocode": "AV MAJOR CARLOS PINTO, 264, CIDADE NOVA, 96211020, Rio Grande - RS", "salario_medio": 2946.0, "CNAE_2": "COMERCIO; REPARACAO DE VEICULOS", "Empregados": 2, "Massa_Salarial": 5892.0 }, "geometry": { "type": "Point", "coordinates": [ -52.1039942, -32.0394397 ] } },
{ "type": "Feature", "properties": { "id": 28462, "municipio": "Rio Grande", "rua": "R PAULO LEIRIA", "numero": "32", "bairro": "PARQUE RESIDENCIAL SALGADO FIL", "cep": 96201540, "cnae_classe": 68218, "setor": "ATIVIDADES IMOBILIARIAS", "qtd_vinculos": 1, "massa_salarial": 1469.0, "endereco_geocode": "R PAULO LEIRIA, 32, PARQUE RESIDENCIAL SALGADO FIL, 96201540, Rio Grande - RS", "salario_medio": 1469.0, "CNAE_2": "ATIVIDADES IMOBILIARIAS", "Empregados": 1, "Massa_Salarial": 1469.0 }, "geometry": { "type": "Point", "coordinates": [ -52.094914, -32.0411574 ] } },
{ "type": "Feature", "properties": { "id": 48093, "municipio": "Rio Grande", "rua": "R GENERAL VITORINO", "numero": "105", "bairro": "CENTRO", "cep": 96200310, "cnae_classe": 81214, "setor": "ATIVIDADES ADMINISTRATIVAS E SERVICOS COMPLEMENTARES", "qtd_vinculos": 114, "massa_salarial": 197885.29, "endereco_geocode": "R GENERAL VITORINO, 105, CENTRO, 96200310, Rio Grande - RS", "salario_medio": 1735.84, "CNAE_2": "ATIVIDADES ADMINISTRATIVAS E SERVICOS COMPLEMENTARES", "Empregados": 114, "Massa_Salarial": 197885.29 }, "geometry": { "type": "Point", "coordinates": [ -52.0924218, -32.0363507 ] } },
{ "type": "Feature", "properties": { "id": 4872, "municipio": "Rio Grande", "rua": "R DUQUE DE CAXIAS", "numero": "578", "bairro": "CENTRO", "cep": 96200020, "cnae_classe": 85139, "setor": "EDUCACAO", "qtd_vinculos": 21, "massa_salarial": 43985.0, "endereco_geocode": "R DUQUE DE CAXIAS, 578, CENTRO, 96200020, Rio Grande - RS", "salario_medio": 2094.52, "CNAE_2": "EDUCACAO", "Empregados": 21, "Massa_Salarial": 43985.0 }, "geometry": { "type": "Point", "coordinates": [ -52.0983841, -32.0400766 ] } },
{ "type": "Feature", "properties": { "id": 42495, "municipio": "Rio Grande", "rua": "R AQUIDABAN", "numero": "669", "bairro": "CENTRO", "cep": 96200480, "cnae_classe": 64247, "setor": "ATIVIDADES FINANCEIRAS E SEGUROS", "qtd_vinculos": 8, "massa_salarial": 46431.0, "endereco_geocode": "R AQUIDABAN, 669, CENTRO, 96200480, Rio Grande - RS", "salario_medio": 5803.88, "CNAE_2": "ATIVIDADES FINANCEIRAS E SEGUROS", "Empregados": 8, "Massa_Salarial": 46431.0 }, "geometry": { "type": "Point", "coordinates": [ -52.1050185, -32.0323159 ] } },
{ "type": "Feature", "properties": { "id": 26575, "municipio": "Rio Grande", "rua": "R ANDRADAS", "numero": "79", "bairro": "CENTRO", "cep": 96200030, "cnae_classe": 47741, "setor": "COMERCIO; REPARACAO DE VEICULOS", "qtd_vinculos": 2, "massa_salarial": 4099.68, "endereco_geocode": "R ANDRADAS, 79, CENTRO, 96200030, Rio Grande - RS", "salario_medio": 2049.84, "CNAE_2": "COMERCIO; REPARACAO DE VEICULOS", "Empregados": 2, "Massa_Salarial": 4099.68 }, "geometry": { "type": "Point", "coordinates": [ -52.0951455, -32.0302312 ] } },
{ "type": "Feature", "properties": { "id": 47522, "municipio": "Rio Grande", "rua": "R COMENDADOR HENRIQUE PANCADA", "numero": "753", "bairro": "LAGOA", "cep": 96211330, "cnae_classe": 47318, "setor": "COMERCIO; REPARACAO DE VEICULOS", "qtd_vinculos": 7, "massa_salarial": 12314.0, "endereco_geocode": "R COMENDADOR HENRIQUE PANCADA, 753, LAGOA, 96211330, Rio Grande - RS", "salario_medio": 1759.14, "CNAE_2": "COMERCIO; REPARACAO DE VEICULOS", "Empregados": 7, "Massa_Salarial": 12314.0 }, "geometry": { "type": "Point", "coordinates": [ -52.1291393, -32.042108 ] } },
{ "type": "Feature", "properties": { "id": 13373, "municipio": "Rio Grande", "rua": "R DUQUE DE CAXIAS", "numero": "176", "bairro": "CENTRO", "cep": 96200020, "cnae_classe": 96025, "setor": "OUTRAS ATIVIDADES DE SERVICOS", "qtd_vinculos": 3, "massa_salarial": 5920.0, "endereco_geocode": "R DUQUE DE CAXIAS, 176, CENTRO, 96200020, Rio Grande - RS", "salario_medio": 1973.33, "CNAE_2": "OUTRAS ATIVIDADES DE SERVICOS", "Empregados": 3, "Massa_Salarial": 5920.0 }, "geometry": { "type": "Point", "coordinates": [ -52.0983841, -32.0400766 ] } },
{ "type": "Feature", "properties": { "id": 11908, "municipio": "Rio Grande", "rua": "R AQUIDABAN", "numero": "639", "bairro": "CENTRO", "cep": 96200480, "cnae_classe": 47512, "setor": "COMERCIO; REPARACAO DE VEICULOS", "qtd_vinculos": 1, "massa_salarial": 1586.0, "endereco_geocode": "R AQUIDABAN, 639, CENTRO, 96200480, Rio Grande - RS", "salario_medio": 1586.0, "CNAE_2": "COMERCIO; REPARACAO DE VEICULOS", "Empregados": 1, "Massa_Salarial": 1586.0 }, "geometry": { "type": "Point", "coordinates": [ -52.1050185, -32.0323159 ] } },
{ "type": "Feature", "properties": { "id": 38702, "municipio": "Rio Grande", "rua": "RUA DOUTOR NAPOLEAO LAUREANO", "numero": "1", "bairro": "CENTRO", "cep": 96200100, "cnae_classe": 1512, "setor": "AGRICULTURA, PECUARIA, PRODUCAO FLORESTAL, PESCA E AQUICULTURA", "qtd_vinculos": 1, "massa_salarial": 1773.0, "endereco_geocode": "RUA DOUTOR NAPOLEAO LAUREANO, 1, CENTRO, 96200100, Rio Grande - RS", "salario_medio": 1773.0, "CNAE_2": "AGRICULTURA, PECUARIA, PRODUCAO FLORESTAL, PESCA E AQUICULTURA", "Empregados": 1, "Massa_Salarial": 1773.0 }, "geometry": { "type": "Point", "coordinates": [ -52.0940683, -32.0401178 ] } },
{ "type": "Feature", "properties": { "id": 28358, "municipio": "Rio Grande", "rua": "R FRANCISCO MARQUES", "numero": "361", "bairro": "CENTRO", "cep": 96200150, "cnae_classe": 52397, "setor": "TRANSPORTE, ARMAZENAGEM E CORREIO", "qtd_vinculos": 1, "massa_salarial": 2500.0, "endereco_geocode": "R FRANCISCO MARQUES, 361, CENTRO, 96200150, Rio Grande - RS", "salario_medio": 2500.0, "CNAE_2": "TRANSPORTE, ARMAZENAGEM E CORREIO", "Empregados": 1, "Massa_Salarial": 2500.0 }, "geometry": { "type": "Point", "coordinates": [ -52.0908838, -32.0348574 ] } },
{ "type": "Feature", "properties": { "id": 42687, "municipio": "Rio Grande", "rua": "R ANDRADAS", "numero": "358", "bairro": "CENTRO", "cep": 96200030, "cnae_classe": 94910, "setor": "OUTRAS ATIVIDADES DE SERVICOS", "qtd_vinculos": 1, "massa_salarial": 3240.0, "endereco_geocode": "R ANDRADAS, 358, CENTRO, 96200030, Rio Grande - RS", "salario_medio": 3240.0, "CNAE_2": "OUTRAS ATIVIDADES DE SERVICOS", "Empregados": 1, "Massa_Salarial": 3240.0 }, "geometry": { "type": "Point", "coordinates": [ -52.0951455, -32.0302312 ] } },
{ "type": "Feature", "properties": { "id": 44990, "municipio": "Rio Grande", "rua": "R VICE ALMIRANTE ABREU", "numero": "460", "bairro": "CENTRO", "cep": 96200270, "cnae_classe": 36006, "setor": "AGUA, ESGOTO, GESTAO DE RESIDUOS E DESCONTAMINACAO", "qtd_vinculos": 59, "massa_salarial": 774675.57, "endereco_geocode": "R VICE ALMIRANTE ABREU, 460, CENTRO, 96200270, Rio Grande - RS", "salario_medio": 13130.09, "CNAE_2": "AGUA, ESGOTO, GESTAO DE RESIDUOS E DESCONTAMINACAO", "Empregados": 59, "Massa_Salarial": 774675.57 }, "geometry": { "type": "Point", "coordinates": [ -52.0921327, -32.0393178 ] } },
{ "type": "Feature", "properties": { "id": 47775, "municipio": "Rio Grande", "rua": "R MARECHAL ANDREA", "numero": "208", "bairro": "CENTRO", "cep": 96201250, "cnae_classe": 10201, "setor": "INDUSTRIAS DE TRANSFORMACAO", "qtd_vinculos": 375, "massa_salarial": 725632.95, "endereco_geocode": "R MARECHAL ANDREA, 208, CENTRO, 96201250, Rio Grande - RS", "salario_medio": 1935.02, "CNAE_2": "INDUSTRIAS DE TRANSFORMACAO", "Empregados": 375, "Massa_Salarial": 725632.95 }, "geometry": { "type": "Point", "coordinates": [ -52.0867877, -32.0315484 ] } },
{ "type": "Feature", "properties": { "id": 42893, "municipio": "Rio Grande", "rua": "R BARROSO", "numero": "365", "bairro": "GETULIO VARGAS", "cep": 96201000, "cnae_classe": 88006, "setor": "SAUDE HUMANA E SERVICOS SOCIAIS", "qtd_vinculos": 38, "massa_salarial": 100918.38, "endereco_geocode": "R BARROSO, 365, GETULIO VARGAS, 96201000, Rio Grande - RS", "salario_medio": 2655.75, "CNAE_2": "SAUDE HUMANA E SERVICOS SOCIAIS", "Empregados": 38, "Massa_Salarial": 100918.38 }, "geometry": { "type": "Point", "coordinates": [ -52.0875452, -32.0379286 ] } },
{ "type": "Feature", "properties": { "id": 38177, "municipio": "Rio Grande", "rua": "R DUQUE DE CAXIAS", "numero": "464", "bairro": "CENTRO", "cep": 96200020, "cnae_classe": 69117, "setor": "ATIVIDADES PROFISSIONAIS, CIENTIFICAS E TECNICAS", "qtd_vinculos": 1, "massa_salarial": 1350.0, "endereco_geocode": "R DUQUE DE CAXIAS, 464, CENTRO, 96200020, Rio Grande - RS", "salario_medio": 1350.0, "CNAE_2": "ATIVIDADES PROFISSIONAIS, CIENTIFICAS E TECNICAS", "Empregados": 1, "Massa_Salarial": 1350.0 }, "geometry": { "type": "Point", "coordinates": [ -52.0983841, -32.0400766 ] } },
{ "type": "Feature", "properties": { "id": 19827, "municipio": "Rio Grande", "rua": "R REPUBLICA DO LIBANO", "numero": "285", "bairro": "CENTRO", "cep": 96200360, "cnae_classe": 56112, "setor": "ALOJAMENTO E ALIMENTACAO", "qtd_vinculos": 6, "massa_salarial": 10030.0, "endereco_geocode": "R REPUBLICA DO LIBANO, 285, CENTRO, 96200360, Rio Grande - RS", "salario_medio": 1671.67, "CNAE_2": "ALOJAMENTO E ALIMENTACAO", "Empregados": 6, "Massa_Salarial": 10030.0 }, "geometry": { "type": "Point", "coordinates": [ -52.0915859, -32.0327657 ] } },
{ "type": "Feature", "properties": { "id": 1596, "municipio": "Rio Grande", "rua": "R RIACHUELO", "numero": "19", "bairro": "CENTRO", "cep": 96200390, "cnae_classe": 47296, "setor": "COMERCIO; REPARACAO DE VEICULOS", "qtd_vinculos": 10, "massa_salarial": 31581.0, "endereco_geocode": "R RIACHUELO, 19, CENTRO, 96200390, Rio Grande - RS", "salario_medio": 3158.1, "CNAE_2": "COMERCIO; REPARACAO DE VEICULOS", "Empregados": 10, "Massa_Salarial": 31581.0 }, "geometry": { "type": "Point", "coordinates": [ -52.0884658, -32.0307095 ] } },
{ "type": "Feature", "properties": { "id": 26247, "municipio": "Rio Grande", "rua": "R CONSELHEIRO PINTO LIMA", "numero": "48", "bairro": "CENTRO", "cep": 96200530, "cnae_classe": 82911, "setor": "ATIVIDADES ADMINISTRATIVAS E SERVICOS COMPLEMENTARES", "qtd_vinculos": 2, "massa_salarial": 3103.67, "endereco_geocode": "R CONSELHEIRO PINTO LIMA, 48, CENTRO, 96200530, Rio Grande - RS", "salario_medio": 1551.84, "CNAE_2": "ATIVIDADES ADMINISTRATIVAS E SERVICOS COMPLEMENTARES", "Empregados": 2, "Massa_Salarial": 3103.67 }, "geometry": { "type": "Point", "coordinates": [ -52.0991056, -32.0299495 ] } },
{ "type": "Feature", "properties": { "id": 47781, "municipio": "Rio Grande", "rua": "R ANDRADAS", "numero": "187", "bairro": "CENTRO", "cep": 96200030, "cnae_classe": 94201, "setor": "OUTRAS ATIVIDADES DE SERVICOS", "qtd_vinculos": 2, "massa_salarial": 3744.0, "endereco_geocode": "R ANDRADAS, 187, CENTRO, 96200030, Rio Grande - RS", "salario_medio": 1872.0, "CNAE_2": "OUTRAS ATIVIDADES DE SERVICOS", "Empregados": 2, "Massa_Salarial": 3744.0 }, "geometry": { "type": "Point", "coordinates": [ -52.0951455, -32.0302312 ] } },
{ "type": "Feature", "properties": { "id": 24018, "municipio": "Rio Grande", "rua": "R ANDRADAS", "numero": "193", "bairro": "CENTRO", "cep": 96200030, "cnae_classe": 47610, "setor": "COMERCIO; REPARACAO DE VEICULOS", "qtd_vinculos": 6, "massa_salarial": 12112.0, "endereco_geocode": "R ANDRADAS, 193, CENTRO, 96200030, Rio Grande - RS", "salario_medio": 2018.67, "CNAE_2": "COMERCIO; REPARACAO DE VEICULOS", "Empregados": 6, "Massa_Salarial": 12112.0 }, "geometry": { "type": "Point", "coordinates": [ -52.0951455, -32.0302312 ] } },
{ "type": "Feature", "properties": { "id": 9199, "municipio": "Rio Grande", "rua": "R DR. NAPOLEAO LAUREANO", "numero": "510", "bairro": "CENTRO", "cep": 96200100, "cnae_classe": 85139, "setor": "EDUCACAO", "qtd_vinculos": 23, "massa_salarial": 38938.0, "endereco_geocode": "R DR. NAPOLEAO LAUREANO, 510, CENTRO, 96200100, Rio Grande - RS", "salario_medio": 1692.96, "CNAE_2": "EDUCACAO", "Empregados": 23, "Massa_Salarial": 38938.0 }, "geometry": { "type": "Point", "coordinates": [ -52.0940683, -32.0401178 ] } },
{ "type": "Feature", "properties": { "id": 28556, "municipio": "Rio Grande", "rua": "R DOUTOR NAPOLEAO LAUREANO", "numero": "330", "bairro": "CENTRO", "cep": 96200100, "cnae_classe": 86500, "setor": "SAUDE HUMANA E SERVICOS SOCIAIS", "qtd_vinculos": 2, "massa_salarial": 4030.0, "endereco_geocode": "R DOUTOR NAPOLEAO LAUREANO, 330, CENTRO, 96200100, Rio Grande - RS", "salario_medio": 2015.0, "CNAE_2": "SAUDE HUMANA E SERVICOS SOCIAIS", "Empregados": 2, "Massa_Salarial": 4030.0 }, "geometry": { "type": "Point", "coordinates": [ -52.0940683, -32.0401178 ] } },
{ "type": "Feature", "properties": { "id": 26786, "municipio": "Rio Grande", "rua": "R GENERAL VITORINO", "numero": "80", "bairro": "CENTRO", "cep": 96200310, "cnae_classe": 87115, "setor": "SAUDE HUMANA E SERVICOS SOCIAIS", "qtd_vinculos": 14, "massa_salarial": 21573.83, "endereco_geocode": "R GENERAL VITORINO, 80, CENTRO, 96200310, Rio Grande - RS", "salario_medio": 1540.99, "CNAE_2": "SAUDE HUMANA E SERVICOS SOCIAIS", "Empregados": 14, "Massa_Salarial": 21573.83 }, "geometry": { "type": "Point", "coordinates": [ -52.0924218, -32.0363507 ] } },
{ "type": "Feature", "properties": { "id": 38889, "municipio": "Rio Grande", "rua": "RUA GENERAL VITORINO", "numero": "579", "bairro": "CENTRO", "cep": 96200310, "cnae_classe": 86305, "setor": "SAUDE HUMANA E SERVICOS SOCIAIS", "qtd_vinculos": 4, "massa_salarial": 5929.0, "endereco_geocode": "RUA GENERAL VITORINO, 579, CENTRO, 96200310, Rio Grande - RS", "salario_medio": 1482.25, "CNAE_2": "SAUDE HUMANA E SERVICOS SOCIAIS", "Empregados": 4, "Massa_Salarial": 5929.0 }, "geometry": { "type": "Point", "coordinates": [ -52.0924218, -32.0363507 ] } },
{ "type": "Feature", "properties": { "id": 29955, "municipio": "Rio Grande", "rua": "R DUQUE DE CAXIAS", "numero": "594", "bairro": "CENTRO", "cep": 96200020, "cnae_classe": 68226, "setor": "ATIVIDADES IMOBILIARIAS", "qtd_vinculos": 2, "massa_salarial": 3674.0, "endereco_geocode": "R DUQUE DE CAXIAS, 594, CENTRO, 96200020, Rio Grande - RS", "salario_medio": 1837.0, "CNAE_2": "ATIVIDADES IMOBILIARIAS", "Empregados": 2, "Massa_Salarial": 3674.0 }, "geometry": { "type": "Point", "coordinates": [ -52.0983841, -32.0400766 ] } },
{ "type": "Feature", "properties": { "id": 24167, "municipio": "Rio Grande", "rua": "R AQUIDABAN", "numero": "714", "bairro": "CENTRO", "cep": 96200480, "cnae_classe": 82911, "setor": "ATIVIDADES ADMINISTRATIVAS E SERVICOS COMPLEMENTARES", "qtd_vinculos": 1, "massa_salarial": 1220.0, "endereco_geocode": "R AQUIDABAN, 714, CENTRO, 96200480, Rio Grande - RS", "salario_medio": 1220.0, "CNAE_2": "ATIVIDADES ADMINISTRATIVAS E SERVICOS COMPLEMENTARES", "Empregados": 1, "Massa_Salarial": 1220.0 }, "geometry": { "type": "Point", "coordinates": [ -52.1050185, -32.0323159 ] } },
{ "type": "Feature", "properties": { "id": 8713, "municipio": "Rio Grande", "rua": "R GENERAL VITORINO", "numero": "677", "bairro": "CENTRO", "cep": 96200310, "cnae_classe": 47211, "setor": "COMERCIO; REPARACAO DE VEICULOS", "qtd_vinculos": 2, "massa_salarial": 3507.0, "endereco_geocode": "R GENERAL VITORINO, 677, CENTRO, 96200310, Rio Grande - RS", "salario_medio": 1753.5, "CNAE_2": "COMERCIO; REPARACAO DE VEICULOS", "Empregados": 2, "Massa_Salarial": 3507.0 }, "geometry": { "type": "Point", "coordinates": [ -52.0924218, -32.0363507 ] } },
{ "type": "Feature", "properties": { "id": 16663, "municipio": "Rio Grande", "rua": "AV MAJOR CARLOS PINTO", "numero": "230", "bairro": "CIDADE NOVA", "cep": 96211020, "cnae_classe": 85121, "setor": "EDUCACAO", "qtd_vinculos": 8, "massa_salarial": 14324.0, "endereco_geocode": "AV MAJOR CARLOS PINTO, 230, CIDADE NOVA, 96211020, Rio Grande - RS", "salario_medio": 1790.5, "CNAE_2": "EDUCACAO", "Empregados": 8, "Massa_Salarial": 14324.0 }, "geometry": { "type": "Point", "coordinates": [ -52.1039942, -32.0394397 ] } },
{ "type": "Feature", "properties": { "id": 12401, "municipio": "Rio Grande", "rua": "R ANDRADES NEVES", "numero": "322", "bairro": "CENTRO", "cep": 96200140, "cnae_classe": 85112, "setor": "EDUCACAO", "qtd_vinculos": 5, "massa_salarial": 7192.0, "endereco_geocode": "R ANDRADES NEVES, 322, CENTRO, 96200140, Rio Grande - RS", "salario_medio": 1438.4, "CNAE_2": "EDUCACAO", "Empregados": 5, "Massa_Salarial": 7192.0 }, "geometry": { "type": "Point", "coordinates": [ -52.0902454, -32.0378789 ] } },
{ "type": "Feature", "properties": { "id": 20561, "municipio": "Rio Grande", "rua": "R FRANCISCO MARQUES", "numero": "361", "bairro": "CENTRO", "cep": 96200150, "cnae_classe": 68226, "setor": "ATIVIDADES IMOBILIARIAS", "qtd_vinculos": 2, "massa_salarial": 2768.0, "endereco_geocode": "R FRANCISCO MARQUES, 361, CENTRO, 96200150, Rio Grande - RS", "salario_medio": 1384.0, "CNAE_2": "ATIVIDADES IMOBILIARIAS", "Empregados": 2, "Massa_Salarial": 2768.0 }, "geometry": { "type": "Point", "coordinates": [ -52.0908838, -32.0348574 ] } },
{ "type": "Feature", "properties": { "id": 30370, "municipio": "Rio Grande", "rua": "R VISCONDE DE MAUA", "numero": "27", "bairro": "CIDADE NOVA", "cep": 96211030, "cnae_classe": 52508, "setor": "TRANSPORTE, ARMAZENAGEM E CORREIO", "qtd_vinculos": 2, "massa_salarial": 3967.0, "endereco_geocode": "R VISCONDE DE MAUA, 27, CIDADE NOVA, 96211030, Rio Grande - RS", "salario_medio": 1983.5, "CNAE_2": "TRANSPORTE, ARMAZENAGEM E CORREIO", "Empregados": 2, "Massa_Salarial": 3967.0 }, "geometry": { "type": "Point", "coordinates": [ -52.1095709, -32.0347168 ] } },
{ "type": "Feature", "properties": { "id": 43656, "municipio": "Rio Grande", "rua": "R ANDRADAS", "numero": "571", "bairro": "CENTRO", "cep": 96200030, "cnae_classe": 94201, "setor": "OUTRAS ATIVIDADES DE SERVICOS", "qtd_vinculos": 3, "massa_salarial": 9021.0, "endereco_geocode": "R ANDRADAS, 571, CENTRO, 96200030, Rio Grande - RS", "salario_medio": 3007.0, "CNAE_2": "OUTRAS ATIVIDADES DE SERVICOS", "Empregados": 3, "Massa_Salarial": 9021.0 }, "geometry": { "type": "Point", "coordinates": [ -52.0951455, -32.0302312 ] } },
{ "type": "Feature", "properties": { "id": 14446, "municipio": "Rio Grande", "rua": "R FRANCISCO MARQUES", "numero": "178", "bairro": "CENTRO", "cep": 96200150, "cnae_classe": 84302, "setor": "ADMINISTRACAO PUBLICA, DEFESA E SEGURIDADE SOCIAL", "qtd_vinculos": 25, "massa_salarial": 109798.27, "endereco_geocode": "R FRANCISCO MARQUES, 178, CENTRO, 96200150, Rio Grande - RS", "salario_medio": 4391.93, "CNAE_2": "ADMINISTRACAO PUBLICA, DEFESA E SEGURIDADE SOCIAL", "Empregados": 25, "Massa_Salarial": 109798.27 }, "geometry": { "type": "Point", "coordinates": [ -52.0908838, -32.0348574 ] } },
{ "type": "Feature", "properties": { "id": 47188, "municipio": "Rio Grande", "rua": "R CORONEL SAMPAIO", "numero": "140", "bairro": "CENTRO", "cep": 96200180, "cnae_classe": 18130, "setor": "INDUSTRIAS DE TRANSFORMACAO", "qtd_vinculos": 8, "massa_salarial": 28041.0, "endereco_geocode": "R CORONEL SAMPAIO, 140, CENTRO, 96200180, Rio Grande - RS", "salario_medio": 3505.12, "CNAE_2": "INDUSTRIAS DE TRANSFORMACAO", "Empregados": 8, "Massa_Salarial": 28041.0 }, "geometry": { "type": "Point", "coordinates": [ -52.0888634, -32.0380834 ] } },
{ "type": "Feature", "properties": { "id": 1597, "municipio": "Rio Grande", "rua": "R RIACHUELO", "numero": "15", "bairro": "CENTRO", "cep": 96200390, "cnae_classe": 47440, "setor": "COMERCIO; REPARACAO DE VEICULOS", "qtd_vinculos": 6, "massa_salarial": 21751.0, "endereco_geocode": "R RIACHUELO, 15, CENTRO, 96200390, Rio Grande - RS", "salario_medio": 3625.17, "CNAE_2": "COMERCIO; REPARACAO DE VEICULOS", "Empregados": 6, "Massa_Salarial": 21751.0 }, "geometry": { "type": "Point", "coordinates": [ -52.0884658, -32.0307095 ] } },
{ "type": "Feature", "properties": { "id": 33067, "municipio": "Rio Grande", "rua": "R AQUIDABAN", "numero": "720", "bairro": "CENTRO", "cep": 96200480, "cnae_classe": 56112, "setor": "ALOJAMENTO E ALIMENTACAO", "qtd_vinculos": 2, "massa_salarial": 4127.0, "endereco_geocode": "R AQUIDABAN, 720, CENTRO, 96200480, Rio Grande - RS", "salario_medio": 2063.5, "CNAE_2": "ALOJAMENTO E ALIMENTACAO", "Empregados": 2, "Massa_Salarial": 4127.0 }, "geometry": { "type": "Point", "coordinates": [ -52.1050185, -32.0323159 ] } },
{ "type": "Feature", "properties": { "id": 4041, "municipio": "Rio Grande", "rua": "R CONSELHEIRO PINTO LIMA", "numero": "62", "bairro": "CENTRO", "cep": 96200530, "cnae_classe": 47296, "setor": "COMERCIO; REPARACAO DE VEICULOS", "qtd_vinculos": 2, "massa_salarial": 3490.0, "endereco_geocode": "R CONSELHEIRO PINTO LIMA, 62, CENTRO, 96200530, Rio Grande - RS", "salario_medio": 1745.0, "CNAE_2": "COMERCIO; REPARACAO DE VEICULOS", "Empregados": 2, "Massa_Salarial": 3490.0 }, "geometry": { "type": "Point", "coordinates": [ -52.0991056, -32.0299495 ] } },
{ "type": "Feature", "properties": { "id": 8125, "municipio": "Rio Grande", "rua": "R ALMIRANTE CERQUEIRA E SOUZA", "numero": "10", "bairro": "CENTRO", "cep": 96201260, "cnae_classe": 47318, "setor": "COMERCIO; REPARACAO DE VEICULOS", "qtd_vinculos": 7, "massa_salarial": 34948.0, "endereco_geocode": "R ALMIRANTE CERQUEIRA E SOUZA, 10, CENTRO, 96201260, Rio Grande - RS", "salario_medio": 4992.57, "CNAE_2": "COMERCIO; REPARACAO DE VEICULOS", "Empregados": 7, "Massa_Salarial": 34948.0 }, "geometry": { "type": "Point", "coordinates": [ -52.0822051, -32.0311407 ] } },
{ "type": "Feature", "properties": { "id": 28712, "municipio": "Rio Grande", "rua": "R COMENDADOR HENRIQUE PANCADA", "numero": "581", "bairro": "LAGOA", "cep": 96211330, "cnae_classe": 47440, "setor": "COMERCIO; REPARACAO DE VEICULOS", "qtd_vinculos": 11, "massa_salarial": 24352.82, "endereco_geocode": "R COMENDADOR HENRIQUE PANCADA, 581, LAGOA, 96211330, Rio Grande - RS", "salario_medio": 2213.89, "CNAE_2": "COMERCIO; REPARACAO DE VEICULOS", "Empregados": 11, "Massa_Salarial": 24352.82 }, "geometry": { "type": "Point", "coordinates": [ -52.1291393, -32.042108 ] } },
{ "type": "Feature", "properties": { "id": 16772, "municipio": "Rio Grande", "rua": "R ANDRADAS", "numero": "432", "bairro": "CENTRO", "cep": 96200030, "cnae_classe": 56112, "setor": "ALOJAMENTO E ALIMENTACAO", "qtd_vinculos": 15, "massa_salarial": 29049.0, "endereco_geocode": "R ANDRADAS, 432, CENTRO, 96200030, Rio Grande - RS", "salario_medio": 1936.6, "CNAE_2": "ALOJAMENTO E ALIMENTACAO", "Empregados": 15, "Massa_Salarial": 29049.0 }, "geometry": { "type": "Point", "coordinates": [ -52.0951455, -32.0302312 ] } },
{ "type": "Feature", "properties": { "id": 43566, "municipio": "Rio Grande", "rua": "R GENERAL CANABARRO", "numero": "176", "bairro": "CENTRO", "cep": 96200200, "cnae_classe": 82997, "setor": "ATIVIDADES ADMINISTRATIVAS E SERVICOS COMPLEMENTARES", "qtd_vinculos": 5, "massa_salarial": 11860.67, "endereco_geocode": "R GENERAL CANABARRO, 176, CENTRO, 96200200, Rio Grande - RS", "salario_medio": 2372.13, "CNAE_2": "ATIVIDADES ADMINISTRATIVAS E SERVICOS COMPLEMENTARES", "Empregados": 5, "Massa_Salarial": 11860.67 }, "geometry": { "type": "Point", "coordinates": [ -52.1031993, -32.0299203 ] } },
{ "type": "Feature", "properties": { "id": 35139, "municipio": "Rio Grande", "rua": "RUA GENERAL CANABARRO", "numero": "326", "bairro": "CENTRO", "cep": 96200200, "cnae_classe": 86305, "setor": "SAUDE HUMANA E SERVICOS SOCIAIS", "qtd_vinculos": 1, "massa_salarial": 1521.0, "endereco_geocode": "RUA GENERAL CANABARRO, 326, CENTRO, 96200200, Rio Grande - RS", "salario_medio": 1521.0, "CNAE_2": "SAUDE HUMANA E SERVICOS SOCIAIS", "Empregados": 1, "Massa_Salarial": 1521.0 }, "geometry": { "type": "Point", "coordinates": [ -52.1031993, -32.0299203 ] } },
{ "type": "Feature", "properties": { "id": 47551, "municipio": "Rio Grande", "rua": "R JOAO PESSOA", "numero": "84", "bairro": "GETULIO VARGAS", "cep": 96201210, "cnae_classe": 25993, "setor": "INDUSTRIAS DE TRANSFORMACAO", "qtd_vinculos": 2, "massa_salarial": 5319.0, "endereco_geocode": "R JOAO PESSOA, 84, GETULIO VARGAS, 96201210, Rio Grande - RS", "salario_medio": 2659.5, "CNAE_2": "INDUSTRIAS DE TRANSFORMACAO", "Empregados": 2, "Massa_Salarial": 5319.0 }, "geometry": { "type": "Point", "coordinates": [ -52.0865513, -32.0333305 ] } },
{ "type": "Feature", "properties": { "id": 37724, "municipio": "Rio Grande", "rua": "R DUQUE DE CAXIAS", "numero": "163", "bairro": "CENTRO", "cep": 96200020, "cnae_classe": 47890, "setor": "COMERCIO; REPARACAO DE VEICULOS", "qtd_vinculos": 1, "massa_salarial": 1732.0, "endereco_geocode": "R DUQUE DE CAXIAS, 163, CENTRO, 96200020, Rio Grande - RS", "salario_medio": 1732.0, "CNAE_2": "COMERCIO; REPARACAO DE VEICULOS", "Empregados": 1, "Massa_Salarial": 1732.0 }, "geometry": { "type": "Point", "coordinates": [ -52.0983841, -32.0400766 ] } },
{ "type": "Feature", "properties": { "id": 995, "municipio": "Rio Grande", "rua": "RUA GENERAL VITORINO", "numero": "443", "bairro": "CENTRO", "cep": 96200310, "cnae_classe": 86305, "setor": "SAUDE HUMANA E SERVICOS SOCIAIS", "qtd_vinculos": 1, "massa_salarial": 1762.0, "endereco_geocode": "RUA GENERAL VITORINO, 443, CENTRO, 96200310, Rio Grande - RS", "salario_medio": 1762.0, "CNAE_2": "SAUDE HUMANA E SERVICOS SOCIAIS", "Empregados": 1, "Massa_Salarial": 1762.0 }, "geometry": { "type": "Point", "coordinates": [ -52.0924218, -32.0363507 ] } },
{ "type": "Feature", "properties": { "id": 7350, "municipio": "Rio Grande", "rua": "R ACACIA RIOGRANDENSE", "numero": "829", "bairro": "NAVEGANTES", "cep": 96202580, "cnae_classe": 47440, "setor": "COMERCIO; REPARACAO DE VEICULOS", "qtd_vinculos": 3, "massa_salarial": 10731.38, "endereco_geocode": "R ACACIA RIOGRANDENSE, 829, NAVEGANTES, 96202580, Rio Grande - RS", "salario_medio": 3577.13, "CNAE_2": "COMERCIO; REPARACAO DE VEICULOS", "Empregados": 3, "Massa_Salarial": 10731.38 }, "geometry": { "type": "Point", "coordinates": [ -52.0978918, -32.0441492 ] } },
{ "type": "Feature", "properties": { "id": 36042, "municipio": "Rio Grande", "rua": "R SENADOR CORREA", "numero": "601", "bairro": "CENTRO", "cep": 96200600, "cnae_classe": 56112, "setor": "ALOJAMENTO E ALIMENTACAO", "qtd_vinculos": 1, "massa_salarial": 1841.0, "endereco_geocode": "R SENADOR CORREA, 601, CENTRO, 96200600, Rio Grande - RS", "salario_medio": 1841.0, "CNAE_2": "ALOJAMENTO E ALIMENTACAO", "Empregados": 1, "Massa_Salarial": 1841.0 }, "geometry": { "type": "Point", "coordinates": [ -52.0976548, -32.0402068 ] } },
{ "type": "Feature", "properties": { "id": 14092, "municipio": "Rio Grande", "rua": "AV MAJOR CARLOS PINTO", "numero": "304", "bairro": "CIDADE NOVA", "cep": 96211020, "cnae_classe": 68218, "setor": "ATIVIDADES IMOBILIARIAS", "qtd_vinculos": 8, "massa_salarial": 13329.0, "endereco_geocode": "AV MAJOR CARLOS PINTO, 304, CIDADE NOVA, 96211020, Rio Grande - RS", "salario_medio": 1666.12, "CNAE_2": "ATIVIDADES IMOBILIARIAS", "Empregados": 8, "Massa_Salarial": 13329.0 }, "geometry": { "type": "Point", "coordinates": [ -52.1039942, -32.0394397 ] } },
{ "type": "Feature", "properties": { "id": 28340, "municipio": "Rio Grande", "rua": "R AQUIDABAN", "numero": "714", "bairro": "CENTRO", "cep": 96200480, "cnae_classe": 43991, "setor": "CONSTRUCAO", "qtd_vinculos": 3, "massa_salarial": 5294.2, "endereco_geocode": "R AQUIDABAN, 714, CENTRO, 96200480, Rio Grande - RS", "salario_medio": 1764.73, "CNAE_2": "CONSTRUCAO", "Empregados": 3, "Massa_Salarial": 5294.2 }, "geometry": { "type": "Point", "coordinates": [ -52.1050185, -32.0323159 ] } },
{ "type": "Feature", "properties": { "id": 30667, "municipio": "Rio Grande", "rua": "R DUQUE DE CAXIAS", "numero": "235", "bairro": "CENTRO", "cep": 96200020, "cnae_classe": 85937, "setor": "EDUCACAO", "qtd_vinculos": 5, "massa_salarial": 6714.0, "endereco_geocode": "R DUQUE DE CAXIAS, 235, CENTRO, 96200020, Rio Grande - RS", "salario_medio": 1342.8, "CNAE_2": "EDUCACAO", "Empregados": 5, "Massa_Salarial": 6714.0 }, "geometry": { "type": "Point", "coordinates": [ -52.0983841, -32.0400766 ] } },
{ "type": "Feature", "properties": { "id": 27829, "municipio": "Rio Grande", "rua": "R ANDRADAS", "numero": "195", "bairro": "CENTRO", "cep": 96200030, "cnae_classe": 69206, "setor": "ATIVIDADES PROFISSIONAIS, CIENTIFICAS E TECNICAS", "qtd_vinculos": 2, "massa_salarial": 3947.4, "endereco_geocode": "R ANDRADAS, 195, CENTRO, 96200030, Rio Grande - RS", "salario_medio": 1973.7, "CNAE_2": "ATIVIDADES PROFISSIONAIS, CIENTIFICAS E TECNICAS", "Empregados": 2, "Massa_Salarial": 3947.4 }, "geometry": { "type": "Point", "coordinates": [ -52.0951455, -32.0302312 ] } },
{ "type": "Feature", "properties": { "id": 1291, "municipio": "Rio Grande", "rua": "R DOUTOR NAPOLEAO LAUREANO", "numero": "189", "bairro": "CENTRO", "cep": 96200100, "cnae_classe": 94928, "setor": "OUTRAS ATIVIDADES DE SERVICOS", "qtd_vinculos": 1, "massa_salarial": 1886.0, "endereco_geocode": "R DOUTOR NAPOLEAO LAUREANO, 189, CENTRO, 96200100, Rio Grande - RS", "salario_medio": 1886.0, "CNAE_2": "OUTRAS ATIVIDADES DE SERVICOS", "Empregados": 1, "Massa_Salarial": 1886.0 }, "geometry": { "type": "Point", "coordinates": [ -52.0940683, -32.0401178 ] } },
{ "type": "Feature", "properties": { "id": 14732, "municipio": "Rio Grande", "rua": "R DUQUE DE CAXIAS", "numero": "576", "bairro": "CENTRO", "cep": 96200020, "cnae_classe": 85112, "setor": "EDUCACAO", "qtd_vinculos": 11, "massa_salarial": 20032.78, "endereco_geocode": "R DUQUE DE CAXIAS, 576, CENTRO, 96200020, Rio Grande - RS", "salario_medio": 1821.16, "CNAE_2": "EDUCACAO", "Empregados": 11, "Massa_Salarial": 20032.78 }, "geometry": { "type": "Point", "coordinates": [ -52.0983841, -32.0400766 ] } },
{ "type": "Feature", "properties": { "id": 2276, "municipio": "Rio Grande", "rua": "R ANDRADAS", "numero": "125", "bairro": "CENTRO", "cep": 96200030, "cnae_classe": 47814, "setor": "COMERCIO; REPARACAO DE VEICULOS", "qtd_vinculos": 1, "massa_salarial": 1951.0, "endereco_geocode": "R ANDRADAS, 125, CENTRO, 96200030, Rio Grande - RS", "salario_medio": 1951.0, "CNAE_2": "COMERCIO; REPARACAO DE VEICULOS", "Empregados": 1, "Massa_Salarial": 1951.0 }, "geometry": { "type": "Point", "coordinates": [ -52.0951455, -32.0302312 ] } },
{ "type": "Feature", "properties": { "id": 26120, "municipio": "Rio Grande", "rua": "RUA CORONEL SAMPAIO", "numero": "158", "bairro": "CENTRO", "cep": 96200180, "cnae_classe": 1512, "setor": "AGRICULTURA, PECUARIA, PRODUCAO FLORESTAL, PESCA E AQUICULTURA", "qtd_vinculos": 1, "massa_salarial": 2095.67, "endereco_geocode": "RUA CORONEL SAMPAIO, 158, CENTRO, 96200180, Rio Grande - RS", "salario_medio": 2095.67, "CNAE_2": "AGRICULTURA, PECUARIA, PRODUCAO FLORESTAL, PESCA E AQUICULTURA", "Empregados": 1, "Massa_Salarial": 2095.67 }, "geometry": { "type": "Point", "coordinates": [ -52.0888634, -32.0380834 ] } },
{ "type": "Feature", "properties": { "id": 25332, "municipio": "Rio Grande", "rua": "AV MAJOR CARLOS PINTO", "numero": "254", "bairro": "CIDADE NOVA", "cep": 96211020, "cnae_classe": 86305, "setor": "SAUDE HUMANA E SERVICOS SOCIAIS", "qtd_vinculos": 3, "massa_salarial": 6351.0, "endereco_geocode": "AV MAJOR CARLOS PINTO, 254, CIDADE NOVA, 96211020, Rio Grande - RS", "salario_medio": 2117.0, "CNAE_2": "SAUDE HUMANA E SERVICOS SOCIAIS", "Empregados": 3, "Massa_Salarial": 6351.0 }, "geometry": { "type": "Point", "coordinates": [ -52.1039942, -32.0394397 ] } },
{ "type": "Feature", "properties": { "id": 11168, "municipio": "Rio Grande", "rua": "R AQUIDABAN", "numero": "747", "bairro": "CENTRO", "cep": 96200480, "cnae_classe": 85201, "setor": "EDUCACAO", "qtd_vinculos": 4, "massa_salarial": 11501.57, "endereco_geocode": "R AQUIDABAN, 747, CENTRO, 96200480, Rio Grande - RS", "salario_medio": 2875.39, "CNAE_2": "EDUCACAO", "Empregados": 4, "Massa_Salarial": 11501.57 }, "geometry": { "type": "Point", "coordinates": [ -52.1050185, -32.0323159 ] } },
{ "type": "Feature", "properties": { "id": 6064, "municipio": "Rio Grande", "rua": "AV MAJOR CARLOS PINTO", "numero": "94", "bairro": "CENTRO", "cep": 96211020, "cnae_classe": 59111, "setor": "INFORMACAO E COMUNICACAO", "qtd_vinculos": 1, "massa_salarial": 1320.0, "endereco_geocode": "AV MAJOR CARLOS PINTO, 94, CENTRO, 96211020, Rio Grande - RS", "salario_medio": 1320.0, "CNAE_2": "INFORMACAO E COMUNICACAO", "Empregados": 1, "Massa_Salarial": 1320.0 }, "geometry": { "type": "Point", "coordinates": [ -52.1039942, -32.0394397 ] } },
{ "type": "Feature", "properties": { "id": 48323, "municipio": "Rio Grande", "rua": "RUA AQUIDABAN", "numero": "679", "bairro": "CENTRO", "cep": 96200480, "cnae_classe": 86305, "setor": "SAUDE HUMANA E SERVICOS SOCIAIS", "qtd_vinculos": 1, "massa_salarial": 1990.76, "endereco_geocode": "RUA AQUIDABAN, 679, CENTRO, 96200480, Rio Grande - RS", "salario_medio": 1990.76, "CNAE_2": "SAUDE HUMANA E SERVICOS SOCIAIS", "Empregados": 1, "Massa_Salarial": 1990.76 }, "geometry": { "type": "Point", "coordinates": [ -52.1050185, -32.0323159 ] } },
{ "type": "Feature", "properties": { "id": 32161, "municipio": "Rio Grande", "rua": "R AQUIDABAN", "numero": "714", "bairro": "CENTRO", "cep": 96200480, "cnae_classe": 56112, "setor": "ALOJAMENTO E ALIMENTACAO", "qtd_vinculos": 1, "massa_salarial": 1450.0, "endereco_geocode": "R AQUIDABAN, 714, CENTRO, 96200480, Rio Grande - RS", "salario_medio": 1450.0, "CNAE_2": "ALOJAMENTO E ALIMENTACAO", "Empregados": 1, "Massa_Salarial": 1450.0 }, "geometry": { "type": "Point", "coordinates": [ -52.1050185, -32.0323159 ] } },
{ "type": "Feature", "properties": { "id": 24632, "municipio": "Rio Grande", "rua": "R GENERAL VITORINO", "numero": "80", "bairro": "CENTRO", "cep": 96200310, "cnae_classe": 55906, "setor": "ALOJAMENTO E ALIMENTACAO", "qtd_vinculos": 11, "massa_salarial": 19306.75, "endereco_geocode": "R GENERAL VITORINO, 80, CENTRO, 96200310, Rio Grande - RS", "salario_medio": 1755.16, "CNAE_2": "ALOJAMENTO E ALIMENTACAO", "Empregados": 11, "Massa_Salarial": 19306.75 }, "geometry": { "type": "Point", "coordinates": [ -52.0924218, -32.0363507 ] } },
{ "type": "Feature", "properties": { "id": 41314, "municipio": "Rio Grande", "rua": "RUA DUQUE DE CAXIAS", "numero": "563", "bairro": "CENTRO", "cep": 96200020, "cnae_classe": 86305, "setor": "SAUDE HUMANA E SERVICOS SOCIAIS", "qtd_vinculos": 1, "massa_salarial": 2015.0, "endereco_geocode": "RUA DUQUE DE CAXIAS, 563, CENTRO, 96200020, Rio Grande - RS", "salario_medio": 2015.0, "CNAE_2": "SAUDE HUMANA E SERVICOS SOCIAIS", "Empregados": 1, "Massa_Salarial": 2015.0 }, "geometry": { "type": "Point", "coordinates": [ -52.0983841, -32.0400766 ] } },
{ "type": "Feature", "properties": { "id": 48747, "municipio": "Rio Grande", "rua": "R DUQUE DE CAXIAS", "numero": "55", "bairro": "SEDE", "cep": 96200020, "cnae_classe": 55108, "setor": "ALOJAMENTO E ALIMENTACAO", "qtd_vinculos": 40, "massa_salarial": 79600.95, "endereco_geocode": "R DUQUE DE CAXIAS, 55, SEDE, 96200020, Rio Grande - RS", "salario_medio": 1990.02, "CNAE_2": "ALOJAMENTO E ALIMENTACAO", "Empregados": 40, "Massa_Salarial": 79600.95 }, "geometry": { "type": "Point", "coordinates": [ -52.0983841, -32.0400766 ] } },
{ "type": "Feature", "properties": { "id": 16802, "municipio": "Rio Grande", "rua": "R AQUIDABAN", "numero": "691", "bairro": "CENTRO", "cep": 96200480, "cnae_classe": 74901, "setor": "ATIVIDADES PROFISSIONAIS, CIENTIFICAS E TECNICAS", "qtd_vinculos": 7, "massa_salarial": 11655.0, "endereco_geocode": "R AQUIDABAN, 691, CENTRO, 96200480, Rio Grande - RS", "salario_medio": 1665.0, "CNAE_2": "ATIVIDADES PROFISSIONAIS, CIENTIFICAS E TECNICAS", "Empregados": 7, "Massa_Salarial": 11655.0 }, "geometry": { "type": "Point", "coordinates": [ -52.1050185, -32.0323159 ] } },
{ "type": "Feature", "properties": { "id": 40152, "municipio": "Rio Grande", "rua": "R GENERAL VITORINO", "numero": "742", "bairro": "CENTRO", "cep": 96200310, "cnae_classe": 85139, "setor": "EDUCACAO", "qtd_vinculos": 42, "massa_salarial": 139027.51, "endereco_geocode": "R GENERAL VITORINO, 742, CENTRO, 96200310, Rio Grande - RS", "salario_medio": 3310.18, "CNAE_2": "EDUCACAO", "Empregados": 42, "Massa_Salarial": 139027.51 }, "geometry": { "type": "Point", "coordinates": [ -52.0924218, -32.0363507 ] } },
{ "type": "Feature", "properties": { "id": 42400, "municipio": "Rio Grande", "rua": "R DUQUE DE CAXIAS", "numero": "108", "bairro": "CENTRO", "cep": 96200020, "cnae_classe": 64221, "setor": "ATIVIDADES FINANCEIRAS E SEGUROS", "qtd_vinculos": 1, "massa_salarial": 6854.5, "endereco_geocode": "R DUQUE DE CAXIAS, 108, CENTRO, 96200020, Rio Grande - RS", "salario_medio": 6854.5, "CNAE_2": "ATIVIDADES FINANCEIRAS E SEGUROS", "Empregados": 1, "Massa_Salarial": 6854.5 }, "geometry": { "type": "Point", "coordinates": [ -52.0983841, -32.0400766 ] } },
{ "type": "Feature", "properties": { "id": 13968, "municipio": "Rio Grande", "rua": "RUA DUQUE DE CAXIAS", "numero": "483", "bairro": "CENTRO", "cep": 96200020, "cnae_classe": 3116, "setor": "AGRICULTURA, PECUARIA, PRODUCAO FLORESTAL, PESCA E AQUICULTURA", "qtd_vinculos": 3, "massa_salarial": 10524.0, "endereco_geocode": "RUA DUQUE DE CAXIAS, 483, CENTRO, 96200020, Rio Grande - RS", "salario_medio": 3508.0, "CNAE_2": "AGRICULTURA, PECUARIA, PRODUCAO FLORESTAL, PESCA E AQUICULTURA", "Empregados": 3, "Massa_Salarial": 10524.0 }, "geometry": { "type": "Point", "coordinates": [ -52.0983841, -32.0400766 ] } },
{ "type": "Feature", "properties": { "id": 5547, "municipio": "Rio Grande", "rua": "AV MAJOR CARLOS PINTO", "numero": "531", "bairro": "CENTRO", "cep": 96211021, "cnae_classe": 47121, "setor": "COMERCIO; REPARACAO DE VEICULOS", "qtd_vinculos": 1, "massa_salarial": 1666.0, "endereco_geocode": "AV MAJOR CARLOS PINTO, 531, CENTRO, 96211021, Rio Grande - RS", "salario_medio": 1666.0, "CNAE_2": "COMERCIO; REPARACAO DE VEICULOS", "Empregados": 1, "Massa_Salarial": 1666.0 }, "geometry": { "type": "Point", "coordinates": [ -52.1039942, -32.0394397 ] } },
{ "type": "Feature", "properties": { "id": 45941, "municipio": "Rio Grande", "rua": "R CONS JOAO ALFREDO", "numero": "574", "bairro": "CENTRO", "cep": 96209030, "cnae_classe": 47539, "setor": "COMERCIO; REPARACAO DE VEICULOS", "qtd_vinculos": 1, "massa_salarial": 1932.0, "endereco_geocode": "R CONS JOAO ALFREDO, 574, CENTRO, 96209030, Rio Grande - RS", "salario_medio": 1932.0, "CNAE_2": "COMERCIO; REPARACAO DE VEICULOS", "Empregados": 1, "Massa_Salarial": 1932.0 }, "geometry": { "type": "Point", "coordinates": [ -52.0967717, -32.0393686 ] } },
{ "type": "Feature", "properties": { "id": 16951, "municipio": "Rio Grande", "rua": "R DUQUE DE CAXIAS", "numero": "400", "bairro": "CENTRO", "cep": 96200020, "cnae_classe": 47717, "setor": "COMERCIO; REPARACAO DE VEICULOS", "qtd_vinculos": 12, "massa_salarial": 25006.0, "endereco_geocode": "R DUQUE DE CAXIAS, 400, CENTRO, 96200020, Rio Grande - RS", "salario_medio": 2083.83, "CNAE_2": "COMERCIO; REPARACAO DE VEICULOS", "Empregados": 12, "Massa_Salarial": 25006.0 }, "geometry": { "type": "Point", "coordinates": [ -52.0983841, -32.0400766 ] } },
{ "type": "Feature", "properties": { "id": 47712, "municipio": "Rio Grande", "rua": "R CORONEL SAMPAIO", "numero": "345", "bairro": "CENTRO", "cep": 96200180, "cnae_classe": 47440, "setor": "COMERCIO; REPARACAO DE VEICULOS", "qtd_vinculos": 6, "massa_salarial": 15110.74, "endereco_geocode": "R CORONEL SAMPAIO, 345, CENTRO, 96200180, Rio Grande - RS", "salario_medio": 2518.46, "CNAE_2": "COMERCIO; REPARACAO DE VEICULOS", "Empregados": 6, "Massa_Salarial": 15110.74 }, "geometry": { "type": "Point", "coordinates": [ -52.0888634, -32.0380834 ] } },
{ "type": "Feature", "properties": { "id": 8289, "municipio": "Rio Grande", "rua": "R HUMBERTO CASTELO BRANCO", "numero": "217", "bairro": "LAR GAUCHO", "cep": 96202460, "cnae_classe": 47296, "setor": "COMERCIO; REPARACAO DE VEICULOS", "qtd_vinculos": 2, "massa_salarial": 3503.29, "endereco_geocode": "R HUMBERTO CASTELO BRANCO, 217, LAR GAUCHO, 96202460, Rio Grande - RS", "salario_medio": 1751.64, "CNAE_2": "COMERCIO; REPARACAO DE VEICULOS", "Empregados": 2, "Massa_Salarial": 3503.29 }, "geometry": { "type": "Point", "coordinates": [ -52.0933941, -32.0452482 ] } },
{ "type": "Feature", "properties": { "id": 26090, "municipio": "Rio Grande", "rua": "R FRANCISCO MARQUES", "numero": "329", "bairro": "CENTRO", "cep": 96200150, "cnae_classe": 86500, "setor": "SAUDE HUMANA E SERVICOS SOCIAIS", "qtd_vinculos": 1, "massa_salarial": 1354.0, "endereco_geocode": "R FRANCISCO MARQUES, 329, CENTRO, 96200150, Rio Grande - RS", "salario_medio": 1354.0, "CNAE_2": "SAUDE HUMANA E SERVICOS SOCIAIS", "Empregados": 1, "Massa_Salarial": 1354.0 }, "geometry": { "type": "Point", "coordinates": [ -52.0908838, -32.0348574 ] } },
{ "type": "Feature", "properties": { "id": 21868, "municipio": "Rio Grande", "rua": "RUA GENERAL CANABARRO", "numero": "235", "bairro": "CENTRO", "cep": 96200200, "cnae_classe": 86305, "setor": "SAUDE HUMANA E SERVICOS SOCIAIS", "qtd_vinculos": 1, "massa_salarial": 1762.0, "endereco_geocode": "RUA GENERAL CANABARRO, 235, CENTRO, 96200200, Rio Grande - RS", "salario_medio": 1762.0, "CNAE_2": "SAUDE HUMANA E SERVICOS SOCIAIS", "Empregados": 1, "Massa_Salarial": 1762.0 }, "geometry": { "type": "Point", "coordinates": [ -52.1031993, -32.0299203 ] } },
{ "type": "Feature", "properties": { "id": 35168, "municipio": "Rio Grande", "rua": "R FRANCISCO MARQUES", "numero": "148", "bairro": "CENTRO", "cep": 96200150, "cnae_classe": 43215, "setor": "CONSTRUCAO", "qtd_vinculos": 5, "massa_salarial": 9139.64, "endereco_geocode": "R FRANCISCO MARQUES, 148, CENTRO, 96200150, Rio Grande - RS", "salario_medio": 1827.93, "CNAE_2": "CONSTRUCAO", "Empregados": 5, "Massa_Salarial": 9139.64 }, "geometry": { "type": "Point", "coordinates": [ -52.0908838, -32.0348574 ] } },
{ "type": "Feature", "properties": { "id": 17704, "municipio": "Rio Grande", "rua": "AV MAJOR CARLOS PINTO", "numero": "412", "bairro": "CIDADE NOVA", "cep": 96211020, "cnae_classe": 86305, "setor": "SAUDE HUMANA E SERVICOS SOCIAIS", "qtd_vinculos": 3, "massa_salarial": 5222.0, "endereco_geocode": "AV MAJOR CARLOS PINTO, 412, CIDADE NOVA, 96211020, Rio Grande - RS", "salario_medio": 1740.67, "CNAE_2": "SAUDE HUMANA E SERVICOS SOCIAIS", "Empregados": 3, "Massa_Salarial": 5222.0 }, "geometry": { "type": "Point", "coordinates": [ -52.1039942, -32.0394397 ] } },
{ "type": "Feature", "properties": { "id": 21986, "municipio": "Rio Grande", "rua": "R REPUBLICA DO LIBANO", "numero": "284", "bairro": "CENTRO", "cep": 96200360, "cnae_classe": 47814, "setor": "COMERCIO; REPARACAO DE VEICULOS", "qtd_vinculos": 3, "massa_salarial": 7648.0, "endereco_geocode": "R REPUBLICA DO LIBANO, 284, CENTRO, 96200360, Rio Grande - RS", "salario_medio": 2549.33, "CNAE_2": "COMERCIO; REPARACAO DE VEICULOS", "Empregados": 3, "Massa_Salarial": 7648.0 }, "geometry": { "type": "Point", "coordinates": [ -52.0915859, -32.0327657 ] } },
{ "type": "Feature", "properties": { "id": 2822, "municipio": "Rio Grande", "rua": "RUA DUQUE DE CAXIAS", "numero": "373", "bairro": "CENTRO", "cep": 96200020, "cnae_classe": 86305, "setor": "SAUDE HUMANA E SERVICOS SOCIAIS", "qtd_vinculos": 1, "massa_salarial": 2072.0, "endereco_geocode": "RUA DUQUE DE CAXIAS, 373, CENTRO, 96200020, Rio Grande - RS", "salario_medio": 2072.0, "CNAE_2": "SAUDE HUMANA E SERVICOS SOCIAIS", "Empregados": 1, "Massa_Salarial": 2072.0 }, "geometry": { "type": "Point", "coordinates": [ -52.0983841, -32.0400766 ] } },
{ "type": "Feature", "properties": { "id": 36790, "municipio": "Rio Grande", "rua": "R DR NAPOLEAO LAUREANO", "numero": "339", "bairro": "CENTRO", "cep": 96200100, "cnae_classe": 86500, "setor": "SAUDE HUMANA E SERVICOS SOCIAIS", "qtd_vinculos": 1, "massa_salarial": 1320.0, "endereco_geocode": "R DR NAPOLEAO LAUREANO, 339, CENTRO, 96200100, Rio Grande - RS", "salario_medio": 1320.0, "CNAE_2": "SAUDE HUMANA E SERVICOS SOCIAIS", "Empregados": 1, "Massa_Salarial": 1320.0 }, "geometry": { "type": "Point", "coordinates": [ -52.0940683, -32.0401178 ] } },
{ "type": "Feature", "properties": { "id": 10228, "municipio": "Rio Grande", "rua": "R GENERAL VITORINO", "numero": "559", "bairro": "CENTRO", "cep": 96200310, "cnae_classe": 47636, "setor": "COMERCIO; REPARACAO DE VEICULOS", "qtd_vinculos": 1, "massa_salarial": 1747.0, "endereco_geocode": "R GENERAL VITORINO, 559, CENTRO, 96200310, Rio Grande - RS", "salario_medio": 1747.0, "CNAE_2": "COMERCIO; REPARACAO DE VEICULOS", "Empregados": 1, "Massa_Salarial": 1747.0 }, "geometry": { "type": "Point", "coordinates": [ -52.0924218, -32.0363507 ] } },
{ "type": "Feature", "properties": { "id": 23922, "municipio": "Rio Grande", "rua": "R ANDRADAS", "numero": "158", "bairro": "CENTRO", "cep": 96200030, "cnae_classe": 47814, "setor": "COMERCIO; REPARACAO DE VEICULOS", "qtd_vinculos": 1, "massa_salarial": 1696.0, "endereco_geocode": "R ANDRADAS, 158, CENTRO, 96200030, Rio Grande - RS", "salario_medio": 1696.0, "CNAE_2": "COMERCIO; REPARACAO DE VEICULOS", "Empregados": 1, "Massa_Salarial": 1696.0 }, "geometry": { "type": "Point", "coordinates": [ -52.0951455, -32.0302312 ] } },
{ "type": "Feature", "properties": { "id": 3145, "municipio": "Rio Grande", "rua": "R MARECHAL ANDREA", "numero": "323", "bairro": "GETULIO VARGAS", "cep": 96201250, "cnae_classe": 52508, "setor": "TRANSPORTE, ARMAZENAGEM E CORREIO", "qtd_vinculos": 5, "massa_salarial": 13903.68, "endereco_geocode": "R MARECHAL ANDREA, 323, GETULIO VARGAS, 96201250, Rio Grande - RS", "salario_medio": 2780.74, "CNAE_2": "TRANSPORTE, ARMAZENAGEM E CORREIO", "Empregados": 5, "Massa_Salarial": 13903.68 }, "geometry": { "type": "Point", "coordinates": [ -52.0867877, -32.0315484 ] } },
{ "type": "Feature", "properties": { "id": 21115, "municipio": "Rio Grande", "rua": "R AQUIDABAN", "numero": "714", "bairro": "CENTRO", "cep": 96200480, "cnae_classe": 43223, "setor": "CONSTRUCAO", "qtd_vinculos": 5, "massa_salarial": 9929.19, "endereco_geocode": "R AQUIDABAN, 714, CENTRO, 96200480, Rio Grande - RS", "salario_medio": 1985.84, "CNAE_2": "CONSTRUCAO", "Empregados": 5, "Massa_Salarial": 9929.19 }, "geometry": { "type": "Point", "coordinates": [ -52.1050185, -32.0323159 ] } },
{ "type": "Feature", "properties": { "id": 1036, "municipio": "Rio Grande", "rua": "R DUQUE DE CAXIAS", "numero": "163", "bairro": "CENTRO", "cep": 96200020, "cnae_classe": 47814, "setor": "COMERCIO; REPARACAO DE VEICULOS", "qtd_vinculos": 3, "massa_salarial": 6201.39, "endereco_geocode": "R DUQUE DE CAXIAS, 163, CENTRO, 96200020, Rio Grande - RS", "salario_medio": 2067.13, "CNAE_2": "COMERCIO; REPARACAO DE VEICULOS", "Empregados": 3, "Massa_Salarial": 6201.39 }, "geometry": { "type": "Point", "coordinates": [ -52.0983841, -32.0400766 ] } },
{ "type": "Feature", "properties": { "id": 29466, "municipio": "Rio Grande", "rua": "R EWBANK", "numero": "7", "bairro": "CENTRO", "cep": 96200080, "cnae_classe": 86305, "setor": "SAUDE HUMANA E SERVICOS SOCIAIS", "qtd_vinculos": 11, "massa_salarial": 19654.0, "endereco_geocode": "R EWBANK, 7, CENTRO, 96200080, Rio Grande - RS", "salario_medio": 1786.73, "CNAE_2": "SAUDE HUMANA E SERVICOS SOCIAIS", "Empregados": 11, "Massa_Salarial": 19654.0 }, "geometry": { "type": "Point", "coordinates": [ -52.0942068, -32.0310165 ] } },
{ "type": "Feature", "properties": { "id": 38364, "municipio": "Rio Grande", "rua": "RUA DUQUE DE CAXIAS", "numero": "357", "bairro": "CENTRO", "cep": 96200020, "cnae_classe": 86305, "setor": "SAUDE HUMANA E SERVICOS SOCIAIS", "qtd_vinculos": 2, "massa_salarial": 3655.0, "endereco_geocode": "RUA DUQUE DE CAXIAS, 357, CENTRO, 96200020, Rio Grande - RS", "salario_medio": 1827.5, "CNAE_2": "SAUDE HUMANA E SERVICOS SOCIAIS", "Empregados": 2, "Massa_Salarial": 3655.0 }, "geometry": { "type": "Point", "coordinates": [ -52.0983841, -32.0400766 ] } },
{ "type": "Feature", "properties": { "id": 18715, "municipio": "Rio Grande", "rua": "R SENADOR CORREA", "numero": "571", "bairro": "CENTRO", "cep": 96200600, "cnae_classe": 47814, "setor": "COMERCIO; REPARACAO DE VEICULOS", "qtd_vinculos": 1, "massa_salarial": 1938.0, "endereco_geocode": "R SENADOR CORREA, 571, CENTRO, 96200600, Rio Grande - RS", "salario_medio": 1938.0, "CNAE_2": "COMERCIO; REPARACAO DE VEICULOS", "Empregados": 1, "Massa_Salarial": 1938.0 }, "geometry": { "type": "Point", "coordinates": [ -52.0976548, -32.0402068 ] } },
{ "type": "Feature", "properties": { "id": 42805, "municipio": "Rio Grande", "rua": "R ALMIRANTE BARROSO", "numero": "430", "bairro": "CENTRO", "cep": 96201000, "cnae_classe": 49302, "setor": "TRANSPORTE, ARMAZENAGEM E CORREIO", "qtd_vinculos": 18, "massa_salarial": 71068.77, "endereco_geocode": "R ALMIRANTE BARROSO, 430, CENTRO, 96201000, Rio Grande - RS", "salario_medio": 3948.27, "CNAE_2": "TRANSPORTE, ARMAZENAGEM E CORREIO", "Empregados": 18, "Massa_Salarial": 71068.77 }, "geometry": { "type": "Point", "coordinates": [ -52.0875768, -32.0380809 ] } },
{ "type": "Feature", "properties": { "id": 44096, "municipio": "Rio Grande", "rua": "R REPUBLICA DO LIBANO", "numero": "279", "bairro": "CENTRO", "cep": 96200360, "cnae_classe": 47814, "setor": "COMERCIO; REPARACAO DE VEICULOS", "qtd_vinculos": 1, "massa_salarial": 1992.0, "endereco_geocode": "R REPUBLICA DO LIBANO, 279, CENTRO, 96200360, Rio Grande - RS", "salario_medio": 1992.0, "CNAE_2": "COMERCIO; REPARACAO DE VEICULOS", "Empregados": 1, "Massa_Salarial": 1992.0 }, "geometry": { "type": "Point", "coordinates": [ -52.0915859, -32.0327657 ] } },
{ "type": "Feature", "properties": { "id": 2872, "municipio": "Rio Grande", "rua": "R CARLOS VIGNOLI", "numero": "223", "bairro": "SANTA TEREZA", "cep": 96201350, "cnae_classe": 10911, "setor": "INDUSTRIAS DE TRANSFORMACAO", "qtd_vinculos": 1, "massa_salarial": 4415.0, "endereco_geocode": "R CARLOS VIGNOLI, 223, SANTA TEREZA, 96201350, Rio Grande - RS", "salario_medio": 4415.0, "CNAE_2": "INDUSTRIAS DE TRANSFORMACAO", "Empregados": 1, "Massa_Salarial": 4415.0 }, "geometry": { "type": "Point", "coordinates": [ -52.0813718, -32.0491476 ] } },
{ "type": "Feature", "properties": { "id": 29213, "municipio": "Rio Grande", "rua": "R DOUTOR NAPOLEAO LAUREANO", "numero": "413", "bairro": "CENTRO", "cep": 96200100, "cnae_classe": 56112, "setor": "ALOJAMENTO E ALIMENTACAO", "qtd_vinculos": 15, "massa_salarial": 35629.5, "endereco_geocode": "R DOUTOR NAPOLEAO LAUREANO, 413, CENTRO, 96200100, Rio Grande - RS", "salario_medio": 2375.3, "CNAE_2": "ALOJAMENTO E ALIMENTACAO", "Empregados": 15, "Massa_Salarial": 35629.5 }, "geometry": { "type": "Point", "coordinates": [ -52.0940683, -32.0401178 ] } },
{ "type": "Feature", "properties": { "id": 42536, "municipio": "Rio Grande", "rua": "R PAULO LEIRIA", "numero": "5", "bairro": "SALGADO FILHO", "cep": 96201540, "cnae_classe": 86305, "setor": "SAUDE HUMANA E SERVICOS SOCIAIS", "qtd_vinculos": 7, "massa_salarial": 15298.62, "endereco_geocode": "R PAULO LEIRIA, 05, SALGADO FILHO, 96201540, Rio Grande - RS", "salario_medio": 2185.52, "CNAE_2": "SAUDE HUMANA E SERVICOS SOCIAIS", "Empregados": 7, "Massa_Salarial": 15298.62 }, "geometry": { "type": "Point", "coordinates": [ -52.094914, -32.0411574 ] } },
{ "type": "Feature", "properties": { "id": 16545, "municipio": "Rio Grande", "rua": "R ANDRADAS", "numero": "155", "bairro": "CENTRO", "cep": 96200030, "cnae_classe": 47814, "setor": "COMERCIO; REPARACAO DE VEICULOS", "qtd_vinculos": 2, "massa_salarial": 3281.0, "endereco_geocode": "R ANDRADAS, 155, CENTRO, 96200030, Rio Grande - RS", "salario_medio": 1640.5, "CNAE_2": "COMERCIO; REPARACAO DE VEICULOS", "Empregados": 2, "Massa_Salarial": 3281.0 }, "geometry": { "type": "Point", "coordinates": [ -52.0951455, -32.0302312 ] } },
{ "type": "Feature", "properties": { "id": 7072, "municipio": "Rio Grande", "rua": "R DOUTOR MARIO WERNECK", "numero": "38", "bairro": "PARQUE RESIDENCIAL SALGADO FIL", "cep": 96201470, "cnae_classe": 50211, "setor": "TRANSPORTE, ARMAZENAGEM E CORREIO", "qtd_vinculos": 1, "massa_salarial": 8313.0, "endereco_geocode": "R DOUTOR MARIO WERNECK, 38, PARQUE RESIDENCIAL SALGADO FIL, 96201470, Rio Grande - RS", "salario_medio": 8313.0, "CNAE_2": "TRANSPORTE, ARMAZENAGEM E CORREIO", "Empregados": 1, "Massa_Salarial": 8313.0 }, "geometry": { "type": "Point", "coordinates": [ -52.0898549, -32.0411858 ] } },
{ "type": "Feature", "properties": { "id": 47396, "municipio": "Rio Grande", "rua": "R DUQUE DE CAXIAS", "numero": "86", "bairro": "CENTRO", "cep": 96200020, "cnae_classe": 47130, "setor": "COMERCIO; REPARACAO DE VEICULOS", "qtd_vinculos": 1, "massa_salarial": 1659.0, "endereco_geocode": "R DUQUE DE CAXIAS, 86, CENTRO, 96200020, Rio Grande - RS", "salario_medio": 1659.0, "CNAE_2": "COMERCIO; REPARACAO DE VEICULOS", "Empregados": 1, "Massa_Salarial": 1659.0 }, "geometry": { "type": "Point", "coordinates": [ -52.0983841, -32.0400766 ] } },
{ "type": "Feature", "properties": { "id": 6449, "municipio": "Rio Grande", "rua": "R AQUIDABAN", "numero": "729", "bairro": "CENTRO", "cep": 96200480, "cnae_classe": 86402, "setor": "SAUDE HUMANA E SERVICOS SOCIAIS", "qtd_vinculos": 2, "massa_salarial": 3450.0, "endereco_geocode": "R AQUIDABAN, 729, CENTRO, 96200480, Rio Grande - RS", "salario_medio": 1725.0, "CNAE_2": "SAUDE HUMANA E SERVICOS SOCIAIS", "Empregados": 2, "Massa_Salarial": 3450.0 }, "geometry": { "type": "Point", "coordinates": [ -52.1050185, -32.0323159 ] } },
{ "type": "Feature", "properties": { "id": 29195, "municipio": "Rio Grande", "rua": "R GENERAL VITORINO", "numero": "714", "bairro": "CENTRO", "cep": 96200310, "cnae_classe": 45307, "setor": "COMERCIO; REPARACAO DE VEICULOS", "qtd_vinculos": 4, "massa_salarial": 9983.0, "endereco_geocode": "R GENERAL VITORINO, 714, CENTRO, 96200310, Rio Grande - RS", "salario_medio": 2495.75, "CNAE_2": "COMERCIO; REPARACAO DE VEICULOS", "Empregados": 4, "Massa_Salarial": 9983.0 }, "geometry": { "type": "Point", "coordinates": [ -52.0924218, -32.0363507 ] } },
{ "type": "Feature", "properties": { "id": 21110, "municipio": "Rio Grande", "rua": "R FRANCISCO MARQUES", "numero": "148", "bairro": "CENTRO", "cep": 96200150, "cnae_classe": 43223, "setor": "CONSTRUCAO", "qtd_vinculos": 7, "massa_salarial": 11465.0, "endereco_geocode": "R FRANCISCO MARQUES, 148, CENTRO, 96200150, Rio Grande - RS", "salario_medio": 1637.86, "CNAE_2": "CONSTRUCAO", "Empregados": 7, "Massa_Salarial": 11465.0 }, "geometry": { "type": "Point", "coordinates": [ -52.0908838, -32.0348574 ] } },
{ "type": "Feature", "properties": { "id": 15019, "municipio": "Rio Grande", "rua": "AV MAJOR CARLOS PINTO", "numero": "465", "bairro": "CIDADE NOVA", "cep": 96211021, "cnae_classe": 56112, "setor": "ALOJAMENTO E ALIMENTACAO", "qtd_vinculos": 1, "massa_salarial": 1682.75, "endereco_geocode": "AV MAJOR CARLOS PINTO, 465, CIDADE NOVA, 96211021, Rio Grande - RS", "salario_medio": 1682.75, "CNAE_2": "ALOJAMENTO E ALIMENTACAO", "Empregados": 1, "Massa_Salarial": 1682.75 }, "geometry": { "type": "Point", "coordinates": [ -52.1039942, -32.0394397 ] } },
{ "type": "Feature", "properties": { "id": 40484, "municipio": "Rio Grande", "rua": "R VISCONDE DE MAUA", "numero": "1297", "bairro": "LAGOA", "cep": 96211031, "cnae_classe": 10201, "setor": "INDUSTRIAS DE TRANSFORMACAO", "qtd_vinculos": 61, "massa_salarial": 93719.66, "endereco_geocode": "R VISCONDE DE MAUA, 1297, LAGOA, 96211031, Rio Grande - RS", "salario_medio": 1536.39, "CNAE_2": "INDUSTRIAS DE TRANSFORMACAO", "Empregados": 61, "Massa_Salarial": 93719.66 }, "geometry": { "type": "Point", "coordinates": [ -52.1095709, -32.0347168 ] } },
{ "type": "Feature", "properties": { "id": 21915, "municipio": "Rio Grande", "rua": "R GENERAL VITORINO", "numero": "78", "bairro": "CENTRO", "cep": 96200310, "cnae_classe": 47725, "setor": "COMERCIO; REPARACAO DE VEICULOS", "qtd_vinculos": 1, "massa_salarial": 1305.0, "endereco_geocode": "R GENERAL VITORINO, 78, CENTRO, 96200310, Rio Grande - RS", "salario_medio": 1305.0, "CNAE_2": "COMERCIO; REPARACAO DE VEICULOS", "Empregados": 1, "Massa_Salarial": 1305.0 }, "geometry": { "type": "Point", "coordinates": [ -52.0924218, -32.0363507 ] } },
{ "type": "Feature", "properties": { "id": 35666, "municipio": "Rio Grande", "rua": "R VICE-ALMIRANTE ABREU", "numero": "773", "bairro": "CENTRO", "cep": 96200270, "cnae_classe": 85503, "setor": "EDUCACAO", "qtd_vinculos": 1, "massa_salarial": 1543.0, "endereco_geocode": "R VICE-ALMIRANTE ABREU, 773, CENTRO, 96200270, Rio Grande - RS", "salario_medio": 1543.0, "CNAE_2": "EDUCACAO", "Empregados": 1, "Massa_Salarial": 1543.0 }, "geometry": { "type": "Point", "coordinates": [ -52.0921327, -32.0393178 ] } },
{ "type": "Feature", "properties": { "id": 21643, "municipio": "Rio Grande", "rua": "AV MAJOR CARLOS PINTO", "numero": "267", "bairro": "CIDADE NOVA", "cep": 96211020, "cnae_classe": 85929, "setor": "EDUCACAO", "qtd_vinculos": 1, "massa_salarial": 1451.02, "endereco_geocode": "AV MAJOR CARLOS PINTO, 267, CIDADE NOVA, 96211020, Rio Grande - RS", "salario_medio": 1451.02, "CNAE_2": "EDUCACAO", "Empregados": 1, "Massa_Salarial": 1451.02 }, "geometry": { "type": "Point", "coordinates": [ -52.1039942, -32.0394397 ] } },
{ "type": "Feature", "properties": { "id": 16378, "municipio": "Rio Grande", "rua": "R DUQUE DE CAXIAS", "numero": "351", "bairro": "CENTRO", "cep": 96200020, "cnae_classe": 86305, "setor": "SAUDE HUMANA E SERVICOS SOCIAIS", "qtd_vinculos": 3, "massa_salarial": 4435.0, "endereco_geocode": "R DUQUE DE CAXIAS, 351, CENTRO, 96200020, Rio Grande - RS", "salario_medio": 1478.33, "CNAE_2": "SAUDE HUMANA E SERVICOS SOCIAIS", "Empregados": 3, "Massa_Salarial": 4435.0 }, "geometry": { "type": "Point", "coordinates": [ -52.0983841, -32.0400766 ] } },
{ "type": "Feature", "properties": { "id": 11914, "municipio": "Rio Grande", "rua": "R FRANCISCO MARQUES", "numero": "204", "bairro": "CENTRO", "cep": 96200150, "cnae_classe": 47814, "setor": "COMERCIO; REPARACAO DE VEICULOS", "qtd_vinculos": 1, "massa_salarial": 1349.0, "endereco_geocode": "R FRANCISCO MARQUES, 204, CENTRO, 96200150, Rio Grande - RS", "salario_medio": 1349.0, "CNAE_2": "COMERCIO; REPARACAO DE VEICULOS", "Empregados": 1, "Massa_Salarial": 1349.0 }, "geometry": { "type": "Point", "coordinates": [ -52.0908838, -32.0348574 ] } },
{ "type": "Feature", "properties": { "id": 27486, "municipio": "Rio Grande", "rua": "R GOMES FREIRE", "numero": "581", "bairro": "CENTRO", "cep": 96200470, "cnae_classe": 81125, "setor": "ATIVIDADES ADMINISTRATIVAS E SERVICOS COMPLEMENTARES", "qtd_vinculos": 3, "massa_salarial": 4675.0, "endereco_geocode": "R GOMES FREIRE, 581, CENTRO, 96200470, Rio Grande - RS", "salario_medio": 1558.33, "CNAE_2": "ATIVIDADES ADMINISTRATIVAS E SERVICOS COMPLEMENTARES", "Empregados": 3, "Massa_Salarial": 4675.0 }, "geometry": { "type": "Point", "coordinates": [ -52.1039853, -32.0332074 ] } },
{ "type": "Feature", "properties": { "id": 8388, "municipio": "Rio Grande", "rua": "R RIACHUELO", "numero": "289", "bairro": "CENTRO", "cep": 96200390, "cnae_classe": 45307, "setor": "COMERCIO; REPARACAO DE VEICULOS", "qtd_vinculos": 1, "massa_salarial": 2533.0, "endereco_geocode": "R RIACHUELO, 289, CENTRO, 96200390, Rio Grande - RS", "salario_medio": 2533.0, "CNAE_2": "COMERCIO; REPARACAO DE VEICULOS", "Empregados": 1, "Massa_Salarial": 2533.0 }, "geometry": { "type": "Point", "coordinates": [ -52.0884658, -32.0307095 ] } },
{ "type": "Feature", "properties": { "id": 4194, "municipio": "Rio Grande", "rua": "R AQUIDABAN", "numero": "653", "bairro": "CENTRO", "cep": 96200370, "cnae_classe": 47547, "setor": "COMERCIO; REPARACAO DE VEICULOS", "qtd_vinculos": 3, "massa_salarial": 7508.0, "endereco_geocode": "R AQUIDABAN, 653, CENTRO, 96200370, Rio Grande - RS", "salario_medio": 2502.67, "CNAE_2": "COMERCIO; REPARACAO DE VEICULOS", "Empregados": 3, "Massa_Salarial": 7508.0 }, "geometry": { "type": "Point", "coordinates": [ -52.1050185, -32.0323159 ] } },
{ "type": "Feature", "properties": { "id": 26265, "municipio": "Rio Grande", "rua": "R CAPITAO LEMOS FARIAS", "numero": "38", "bairro": "LAR GAUCHO", "cep": 96202370, "cnae_classe": 71120, "setor": "ATIVIDADES PROFISSIONAIS, CIENTIFICAS E TECNICAS", "qtd_vinculos": 4, "massa_salarial": 15227.0, "endereco_geocode": "R CAPITAO LEMOS FARIAS, 38, LAR GAUCHO, 96202370, Rio Grande - RS", "salario_medio": 3806.75, "CNAE_2": "ATIVIDADES PROFISSIONAIS, CIENTIFICAS E TECNICAS", "Empregados": 4, "Massa_Salarial": 15227.0 }, "geometry": { "type": "Point", "coordinates": [ -52.0923085, -32.0421089 ] } },
{ "type": "Feature", "properties": { "id": 42447, "municipio": "Rio Grande", "rua": "R DUQUE DE CAXIAS", "numero": "256", "bairro": "CENTRO", "cep": 96200020, "cnae_classe": 68102, "setor": "ATIVIDADES IMOBILIARIAS", "qtd_vinculos": 5, "massa_salarial": 17257.92, "endereco_geocode": "R DUQUE DE CAXIAS, 256, CENTRO, 96200020, Rio Grande - RS", "salario_medio": 3451.58, "CNAE_2": "ATIVIDADES IMOBILIARIAS", "Empregados": 5, "Massa_Salarial": 17257.92 }, "geometry": { "type": "Point", "coordinates": [ -52.0983841, -32.0400766 ] } },
{ "type": "Feature", "properties": { "id": 1101, "municipio": "Rio Grande", "rua": "R DOUTOR LAZARO ZAMENHOFF", "numero": "8", "bairro": "CENTRO", "cep": 96202400, "cnae_classe": 47440, "setor": "COMERCIO; REPARACAO DE VEICULOS", "qtd_vinculos": 3, "massa_salarial": 5582.0, "endereco_geocode": "R DOUTOR LAZARO ZAMENHOFF, 08, CENTRO, 96202400, Rio Grande - RS", "salario_medio": 1860.67, "CNAE_2": "COMERCIO; REPARACAO DE VEICULOS", "Empregados": 3, "Massa_Salarial": 5582.0 }, "geometry": { "type": "Point", "coordinates": [ -52.0933552, -32.0440847 ] } },
{ "type": "Feature", "properties": { "id": 47656, "municipio": "Rio Grande", "rua": "R ANDRADAS", "numero": "185", "bairro": "CENTRO", "cep": 96200030, "cnae_classe": 53105, "setor": "TRANSPORTE, ARMAZENAGEM E CORREIO", "qtd_vinculos": 1, "massa_salarial": 4841.38, "endereco_geocode": "R ANDRADAS, 185, CENTRO, 96200030, Rio Grande - RS", "salario_medio": 4841.38, "CNAE_2": "TRANSPORTE, ARMAZENAGEM E CORREIO", "Empregados": 1, "Massa_Salarial": 4841.38 }, "geometry": { "type": "Point", "coordinates": [ -52.0951455, -32.0302312 ] } },
{ "type": "Feature", "properties": { "id": 6831, "municipio": "Rio Grande", "rua": "R ANDRADAS", "numero": "247", "bairro": "CENTRO", "cep": 96200030, "cnae_classe": 47717, "setor": "COMERCIO; REPARACAO DE VEICULOS", "qtd_vinculos": 3, "massa_salarial": 5225.0, "endereco_geocode": "R ANDRADAS, 247, CENTRO, 96200030, Rio Grande - RS", "salario_medio": 1741.67, "CNAE_2": "COMERCIO; REPARACAO DE VEICULOS", "Empregados": 3, "Massa_Salarial": 5225.0 }, "geometry": { "type": "Point", "coordinates": [ -52.0951455, -32.0302312 ] } },
{ "type": "Feature", "properties": { "id": 13810, "municipio": "Rio Grande", "rua": "R GENERAL VITORINO", "numero": "463", "bairro": "CENTRO", "cep": 96200310, "cnae_classe": 47440, "setor": "COMERCIO; REPARACAO DE VEICULOS", "qtd_vinculos": 9, "massa_salarial": 15234.0, "endereco_geocode": "R GENERAL VITORINO, 463, CENTRO, 96200310, Rio Grande - RS", "salario_medio": 1692.67, "CNAE_2": "COMERCIO; REPARACAO DE VEICULOS", "Empregados": 9, "Massa_Salarial": 15234.0 }, "geometry": { "type": "Point", "coordinates": [ -52.0924218, -32.0363507 ] } },
{ "type": "Feature", "properties": { "id": 24175, "municipio": "Rio Grande", "rua": "R DUQUE DE CAXIAS", "numero": "219", "bairro": "CENTRO", "cep": 96200020, "cnae_classe": 73190, "setor": "ATIVIDADES PROFISSIONAIS, CIENTIFICAS E TECNICAS", "qtd_vinculos": 4, "massa_salarial": 7604.0, "endereco_geocode": "R DUQUE DE CAXIAS, 219, CENTRO, 96200020, Rio Grande - RS", "salario_medio": 1901.0, "CNAE_2": "ATIVIDADES PROFISSIONAIS, CIENTIFICAS E TECNICAS", "Empregados": 4, "Massa_Salarial": 7604.0 }, "geometry": { "type": "Point", "coordinates": [ -52.0983841, -32.0400766 ] } },
{ "type": "Feature", "properties": { "id": 33617, "municipio": "Rio Grande", "rua": "R AQUIDABAN", "numero": "749", "bairro": "CENTRO", "cep": 96200480, "cnae_classe": 86305, "setor": "SAUDE HUMANA E SERVICOS SOCIAIS", "qtd_vinculos": 6, "massa_salarial": 9347.0, "endereco_geocode": "R AQUIDABAN, 749, CENTRO, 96200480, Rio Grande - RS", "salario_medio": 1557.83, "CNAE_2": "SAUDE HUMANA E SERVICOS SOCIAIS", "Empregados": 6, "Massa_Salarial": 9347.0 }, "geometry": { "type": "Point", "coordinates": [ -52.1066255, -32.0325818 ] } },
{ "type": "Feature", "properties": { "id": 31566, "municipio": "Rio Grande", "rua": "AV MAJOR CARLOS PINTO", "numero": "297", "bairro": "CIDADE NOVA", "cep": 96211021, "cnae_classe": 56112, "setor": "ALOJAMENTO E ALIMENTACAO", "qtd_vinculos": 7, "massa_salarial": 16443.0, "endereco_geocode": "AV MAJOR CARLOS PINTO, 297, CIDADE NOVA, 96211021, Rio Grande - RS", "salario_medio": 2349.0, "CNAE_2": "ALOJAMENTO E ALIMENTACAO", "Empregados": 7, "Massa_Salarial": 16443.0 }, "geometry": { "type": "Point", "coordinates": [ -52.1039942, -32.0394397 ] } },
{ "type": "Feature", "properties": { "id": 18468, "municipio": "Rio Grande", "rua": "R GENERAL CANABARRO", "numero": "301", "bairro": "CENTRO", "cep": 96200200, "cnae_classe": 86305, "setor": "SAUDE HUMANA E SERVICOS SOCIAIS", "qtd_vinculos": 8, "massa_salarial": 17797.0, "endereco_geocode": "R GENERAL CANABARRO, 301, CENTRO, 96200200, Rio Grande - RS", "salario_medio": 2224.62, "CNAE_2": "SAUDE HUMANA E SERVICOS SOCIAIS", "Empregados": 8, "Massa_Salarial": 17797.0 }, "geometry": { "type": "Point", "coordinates": [ -52.1031993, -32.0299203 ] } },
{ "type": "Feature", "properties": { "id": 35755, "municipio": "Rio Grande", "rua": "R GENERAL BERTOLDO KLINGER", "numero": "40", "bairro": "LAR GAUCHO", "cep": 96202410, "cnae_classe": 19225, "setor": "INDUSTRIAS DE TRANSFORMACAO", "qtd_vinculos": 9, "massa_salarial": 30999.0, "endereco_geocode": "R GENERAL BERTOLDO KLINGER, 40, LAR GAUCHO, 96202410, Rio Grande - RS", "salario_medio": 3444.33, "CNAE_2": "INDUSTRIAS DE TRANSFORMACAO", "Empregados": 9, "Massa_Salarial": 30999.0 }, "geometry": { "type": "Point", "coordinates": [ -52.0948378, -32.0447278 ] } },
{ "type": "Feature", "properties": { "id": 23211, "municipio": "Rio Grande", "rua": "RUA ANDRADAS", "numero": "474", "bairro": "CENTRO", "cep": 96200030, "cnae_classe": 86305, "setor": "SAUDE HUMANA E SERVICOS SOCIAIS", "qtd_vinculos": 1, "massa_salarial": 1993.0, "endereco_geocode": "RUA ANDRADAS, 474, CENTRO, 96200030, Rio Grande - RS", "salario_medio": 1993.0, "CNAE_2": "SAUDE HUMANA E SERVICOS SOCIAIS", "Empregados": 1, "Massa_Salarial": 1993.0 }, "geometry": { "type": "Point", "coordinates": [ -52.0951455, -32.0302312 ] } },
{ "type": "Feature", "properties": { "id": 46622, "municipio": "Rio Grande", "rua": "RUA GENERAL CANABARRO", "numero": "684", "bairro": "CENTRO", "cep": 96200200, "cnae_classe": 86305, "setor": "SAUDE HUMANA E SERVICOS SOCIAIS", "qtd_vinculos": 1, "massa_salarial": 872.0, "endereco_geocode": "RUA GENERAL CANABARRO, 684, CENTRO, 96200200, Rio Grande - RS", "salario_medio": 872.0, "CNAE_2": "SAUDE HUMANA E SERVICOS SOCIAIS", "Empregados": 1, "Massa_Salarial": 872.0 }, "geometry": { "type": "Point", "coordinates": [ -52.1031993, -32.0299203 ] } },
{ "type": "Feature", "properties": { "id": 15023, "municipio": "Rio Grande", "rua": "R VISCONDE DE MAUA", "numero": "1325", "bairro": "LAGOA", "cep": 96211031, "cnae_classe": 33198, "setor": "INDUSTRIAS DE TRANSFORMACAO", "qtd_vinculos": 1, "massa_salarial": 3054.06, "endereco_geocode": "R VISCONDE DE MAUA, 1325, LAGOA, 96211031, Rio Grande - RS", "salario_medio": 3054.06, "CNAE_2": "INDUSTRIAS DE TRANSFORMACAO", "Empregados": 1, "Massa_Salarial": 3054.06 }, "geometry": { "type": "Point", "coordinates": [ -52.1095709, -32.0347168 ] } },
{ "type": "Feature", "properties": { "id": 6708, "municipio": "Rio Grande", "rua": "R DOUTOR MARIO WERNECK", "numero": "49", "bairro": "PARQUE RESIDENCIAL SALGADO FIL", "cep": 96201470, "cnae_classe": 45200, "setor": "COMERCIO; REPARACAO DE VEICULOS", "qtd_vinculos": 4, "massa_salarial": 8512.67, "endereco_geocode": "R DOUTOR MARIO WERNECK, 49, PARQUE RESIDENCIAL SALGADO FIL, 96201470, Rio Grande - RS", "salario_medio": 2128.17, "CNAE_2": "COMERCIO; REPARACAO DE VEICULOS", "Empregados": 4, "Massa_Salarial": 8512.67 }, "geometry": { "type": "Point", "coordinates": [ -52.0898549, -32.0411858 ] } },
{ "type": "Feature", "properties": { "id": 25160, "municipio": "Rio Grande", "rua": "R DOUTOR NAPOLEAO LAUREANO", "numero": "437", "bairro": "CENTRO", "cep": 96200100, "cnae_classe": 68218, "setor": "ATIVIDADES IMOBILIARIAS", "qtd_vinculos": 2, "massa_salarial": 3686.0, "endereco_geocode": "R DOUTOR NAPOLEAO LAUREANO, 437, CENTRO, 96200100, Rio Grande - RS", "salario_medio": 1843.0, "CNAE_2": "ATIVIDADES IMOBILIARIAS", "Empregados": 2, "Massa_Salarial": 3686.0 }, "geometry": { "type": "Point", "coordinates": [ -52.0940683, -32.0401178 ] } },
{ "type": "Feature", "properties": { "id": 47739, "municipio": "Rio Grande", "rua": "R GENERAL VITORINO", "numero": "684", "bairro": "CENTRO", "cep": 96200310, "cnae_classe": 41107, "setor": "CONSTRUCAO", "qtd_vinculos": 1, "massa_salarial": 2766.22, "endereco_geocode": "R GENERAL VITORINO, 684, CENTRO, 96200310, Rio Grande - RS", "salario_medio": 2766.22, "CNAE_2": "CONSTRUCAO", "Empregados": 1, "Massa_Salarial": 2766.22 }, "geometry": { "type": "Point", "coordinates": [ -52.0924218, -32.0363507 ] } },
{ "type": "Feature", "properties": { "id": 25995, "municipio": "Rio Grande", "rua": "R GENERAL VITORINO", "numero": "93", "bairro": "CENTRO", "cep": 96200310, "cnae_classe": 82113, "setor": "ATIVIDADES ADMINISTRATIVAS E SERVICOS COMPLEMENTARES", "qtd_vinculos": 1, "massa_salarial": 1306.0, "endereco_geocode": "R GENERAL VITORINO, 93, CENTRO, 96200310, Rio Grande - RS", "salario_medio": 1306.0, "CNAE_2": "ATIVIDADES ADMINISTRATIVAS E SERVICOS COMPLEMENTARES", "Empregados": 1, "Massa_Salarial": 1306.0 }, "geometry": { "type": "Point", "coordinates": [ -52.0924218, -32.0363507 ] } },
{ "type": "Feature", "properties": { "id": 10447, "municipio": "Rio Grande", "rua": "R VISCONDE DE MAUA", "numero": "352", "bairro": "CIDADE NOVA", "cep": 96211030, "cnae_classe": 80200, "setor": "ATIVIDADES ADMINISTRATIVAS E SERVICOS COMPLEMENTARES", "qtd_vinculos": 1, "massa_salarial": 1589.22, "endereco_geocode": "R VISCONDE DE MAUA, 352, CIDADE NOVA, 96211030, Rio Grande - RS", "salario_medio": 1589.22, "CNAE_2": "ATIVIDADES ADMINISTRATIVAS E SERVICOS COMPLEMENTARES", "Empregados": 1, "Massa_Salarial": 1589.22 }, "geometry": { "type": "Point", "coordinates": [ -52.1095709, -32.0347168 ] } },
{ "type": "Feature", "properties": { "id": 17649, "municipio": "Rio Grande", "rua": "AV MAJOR CARLOS PINTO", "numero": "422", "bairro": "CIDADE NOVA", "cep": 96211020, "cnae_classe": 86305, "setor": "SAUDE HUMANA E SERVICOS SOCIAIS", "qtd_vinculos": 1, "massa_salarial": 2752.0, "endereco_geocode": "AV MAJOR CARLOS PINTO, 422, CIDADE NOVA, 96211020, Rio Grande - RS", "salario_medio": 2752.0, "CNAE_2": "SAUDE HUMANA E SERVICOS SOCIAIS", "Empregados": 1, "Massa_Salarial": 2752.0 }, "geometry": { "type": "Point", "coordinates": [ -52.1039942, -32.0394397 ] } },
{ "type": "Feature", "properties": { "id": 47738, "municipio": "Rio Grande", "rua": "R ALM CERQUEIRA SOUZA", "numero": "10", "bairro": "MACEGA", "cep": 96209030, "cnae_classe": 33171, "setor": "INDUSTRIAS DE TRANSFORMACAO", "qtd_vinculos": 2, "massa_salarial": 5435.0, "endereco_geocode": "R ALM CERQUEIRA SOUZA, 10, MACEGA, 96209030, Rio Grande - RS", "salario_medio": 2717.5, "CNAE_2": "INDUSTRIAS DE TRANSFORMACAO", "Empregados": 2, "Massa_Salarial": 5435.0 }, "geometry": { "type": "Point", "coordinates": [ -52.0822051, -32.0311407 ] } },
{ "type": "Feature", "properties": { "id": 35225, "municipio": "Rio Grande", "rua": "R GAL CANABARRO", "numero": "458", "bairro": "CENTRO", "cep": 96200200, "cnae_classe": 86500, "setor": "SAUDE HUMANA E SERVICOS SOCIAIS", "qtd_vinculos": 2, "massa_salarial": 1955.0, "endereco_geocode": "R GAL CANABARRO, 458, CENTRO, 96200200, Rio Grande - RS", "salario_medio": 977.5, "CNAE_2": "SAUDE HUMANA E SERVICOS SOCIAIS", "Empregados": 2, "Massa_Salarial": 1955.0 }, "geometry": { "type": "Point", "coordinates": [ -52.1031993, -32.0299203 ] } },
{ "type": "Feature", "properties": { "id": 37490, "municipio": "Rio Grande", "rua": "R GAL BERTOLDO KLINGER", "numero": "73", "bairro": "LAR GAUCHO", "cep": 96202410, "cnae_classe": 49302, "setor": "TRANSPORTE, ARMAZENAGEM E CORREIO", "qtd_vinculos": 14, "massa_salarial": 50727.0, "endereco_geocode": "R GAL BERTOLDO KLINGER, 73, LAR GAUCHO, 96202410, Rio Grande - RS", "salario_medio": 3623.36, "CNAE_2": "TRANSPORTE, ARMAZENAGEM E CORREIO", "Empregados": 14, "Massa_Salarial": 50727.0 }, "geometry": { "type": "Point", "coordinates": [ -52.0948378, -32.0447278 ] } },
{ "type": "Feature", "properties": { "id": 43767, "municipio": "Rio Grande", "rua": "R FRANCISCO MARQUES", "numero": "183", "bairro": "CENTRO", "cep": 96200150, "cnae_classe": 52508, "setor": "TRANSPORTE, ARMAZENAGEM E CORREIO", "qtd_vinculos": 58, "massa_salarial": 186854.65, "endereco_geocode": "R FRANCISCO MARQUES, 183, CENTRO, 96200150, Rio Grande - RS", "salario_medio": 3221.63, "CNAE_2": "TRANSPORTE, ARMAZENAGEM E CORREIO", "Empregados": 58, "Massa_Salarial": 186854.65 }, "geometry": { "type": "Point", "coordinates": [ -52.0908838, -32.0348574 ] } },
{ "type": "Feature", "properties": { "id": 2560, "municipio": "Rio Grande", "rua": "RUA DUQUE DE CAXIAS", "numero": "373", "bairro": "CENTRO", "cep": 96200020, "cnae_classe": 86305, "setor": "SAUDE HUMANA E SERVICOS SOCIAIS", "qtd_vinculos": 1, "massa_salarial": 2068.0, "endereco_geocode": "RUA DUQUE DE CAXIAS, 373, CENTRO, 96200020, Rio Grande - RS", "salario_medio": 2068.0, "CNAE_2": "SAUDE HUMANA E SERVICOS SOCIAIS", "Empregados": 1, "Massa_Salarial": 2068.0 }, "geometry": { "type": "Point", "coordinates": [ -52.0983841, -32.0400766 ] } },
{ "type": "Feature", "properties": { "id": 26868, "municipio": "Rio Grande", "rua": "R DUQUE DE CAXIAS", "numero": "88", "bairro": "CENTRO", "cep": 96200020, "cnae_classe": 49299, "setor": "TRANSPORTE, ARMAZENAGEM E CORREIO", "qtd_vinculos": 3, "massa_salarial": 6733.0, "endereco_geocode": "R DUQUE DE CAXIAS, 88, CENTRO, 96200020, Rio Grande - RS", "salario_medio": 2244.33, "CNAE_2": "TRANSPORTE, ARMAZENAGEM E CORREIO", "Empregados": 3, "Massa_Salarial": 6733.0 }, "geometry": { "type": "Point", "coordinates": [ -52.0983841, -32.0400766 ] } },
{ "type": "Feature", "properties": { "id": 37580, "municipio": "Rio Grande", "rua": "R RUY BARBOSA", "numero": "79", "bairro": "VILA SANTA TEREZA", "cep": 96201440, "cnae_classe": 49302, "setor": "TRANSPORTE, ARMAZENAGEM E CORREIO", "qtd_vinculos": 2, "massa_salarial": 5855.92, "endereco_geocode": "R RUY BARBOSA, 79, VILA SANTA TEREZA, 96201440, Rio Grande - RS", "salario_medio": 2927.96, "CNAE_2": "TRANSPORTE, ARMAZENAGEM E CORREIO", "Empregados": 2, "Massa_Salarial": 5855.92 }, "geometry": { "type": "Point", "coordinates": [ -52.0844642, -32.0452295 ] } },
{ "type": "Feature", "properties": { "id": 853, "municipio": "Rio Grande", "rua": "R AQUIDABAN", "numero": "723", "bairro": "CENTRO", "cep": 96200480, "cnae_classe": 86402, "setor": "SAUDE HUMANA E SERVICOS SOCIAIS", "qtd_vinculos": 18, "massa_salarial": 50498.52, "endereco_geocode": "R AQUIDABAN, 723, CENTRO, 96200480, Rio Grande - RS", "salario_medio": 2805.47, "CNAE_2": "SAUDE HUMANA E SERVICOS SOCIAIS", "Empregados": 18, "Massa_Salarial": 50498.52 }, "geometry": { "type": "Point", "coordinates": [ -52.1050185, -32.0323159 ] } },
{ "type": "Feature", "properties": { "id": 38906, "municipio": "Rio Grande", "rua": "AVENIDA MAJOR CARLOS PINTO", "numero": "453", "bairro": "CIDADE NOVA", "cep": 96211021, "cnae_classe": 69117, "setor": "ATIVIDADES PROFISSIONAIS, CIENTIFICAS E TECNICAS", "qtd_vinculos": 1, "massa_salarial": 2127.94, "endereco_geocode": "AVENIDA MAJOR CARLOS PINTO, 453, CIDADE NOVA, 96211021, Rio Grande - RS", "salario_medio": 2127.94, "CNAE_2": "ATIVIDADES PROFISSIONAIS, CIENTIFICAS E TECNICAS", "Empregados": 1, "Massa_Salarial": 2127.94 }, "geometry": { "type": "Point", "coordinates": [ -52.1039942, -32.0394397 ] } },
{ "type": "Feature", "properties": { "id": 25042, "municipio": "Rio Grande", "rua": "R GENERAL OSORIO SN", "numero": "S/N", "bairro": "CENTRO", "cep": 96200400, "cnae_classe": 47636, "setor": "COMERCIO; REPARACAO DE VEICULOS", "qtd_vinculos": 2, "massa_salarial": 6069.0, "endereco_geocode": "R GENERAL OSORIO SN, S/N, CENTRO, 96200400, Rio Grande - RS", "salario_medio": 3034.5, "CNAE_2": "COMERCIO; REPARACAO DE VEICULOS", "Empregados": 2, "Massa_Salarial": 6069.0 }, "geometry": { "type": "Point", "coordinates": [ -52.0971259, -32.0300742 ] } },
{ "type": "Feature", "properties": { "id": 25881, "municipio": "Rio Grande", "rua": "R DUQUE DE CAXIAS", "numero": "188", "bairro": "CENTRO", "cep": 96200020, "cnae_classe": 47814, "setor": "COMERCIO; REPARACAO DE VEICULOS", "qtd_vinculos": 3, "massa_salarial": 5367.0, "endereco_geocode": "R DUQUE DE CAXIAS, 188, CENTRO, 96200020, Rio Grande - RS", "salario_medio": 1789.0, "CNAE_2": "COMERCIO; REPARACAO DE VEICULOS", "Empregados": 3, "Massa_Salarial": 5367.0 }, "geometry": { "type": "Point", "coordinates": [ -52.0983841, -32.0400766 ] } },
{ "type": "Feature", "properties": { "id": 23687, "municipio": "Rio Grande", "rua": "R PROFESSOR ANTONIO GOMES DE FREITAS", "numero": "115", "bairro": "PARQUE RESIDENCIAL SALGADO FIL", "cep": 96201550, "cnae_classe": 87204, "setor": "SAUDE HUMANA E SERVICOS SOCIAIS", "qtd_vinculos": 6, "massa_salarial": 7777.33, "endereco_geocode": "R PROFESSOR ANTONIO GOMES DE FREITAS, 115, PARQUE RESIDENCIAL SALGADO FIL, 96201550, Rio Grande - RS", "salario_medio": 1296.22, "CNAE_2": "SAUDE HUMANA E SERVICOS SOCIAIS", "Empregados": 6, "Massa_Salarial": 7777.33 }, "geometry": { "type": "Point", "coordinates": [ -52.0905751, -32.041413 ] } },
{ "type": "Feature", "properties": { "id": 30813, "municipio": "Rio Grande", "rua": "R DUQUE DE CAXIAS", "numero": "555", "bairro": "CENTRO", "cep": 96200020, "cnae_classe": 71111, "setor": "ATIVIDADES PROFISSIONAIS, CIENTIFICAS E TECNICAS", "qtd_vinculos": 4, "massa_salarial": 9263.0, "endereco_geocode": "R DUQUE DE CAXIAS, 555, CENTRO, 96200020, Rio Grande - RS", "salario_medio": 2315.75, "CNAE_2": "ATIVIDADES PROFISSIONAIS, CIENTIFICAS E TECNICAS", "Empregados": 4, "Massa_Salarial": 9263.0 }, "geometry": { "type": "Point", "coordinates": [ -52.0983841, -32.0400766 ] } },
{ "type": "Feature", "properties": { "id": 33537, "municipio": "Rio Grande", "rua": "R FRANCISCO MARQUES", "numero": "193", "bairro": "CENTRO", "cep": 96200150, "cnae_classe": 42138, "setor": "CONSTRUCAO", "qtd_vinculos": 12, "massa_salarial": 27149.33, "endereco_geocode": "R FRANCISCO MARQUES, 193, CENTRO, 96200150, Rio Grande - RS", "salario_medio": 2262.44, "CNAE_2": "CONSTRUCAO", "Empregados": 12, "Massa_Salarial": 27149.33 }, "geometry": { "type": "Point", "coordinates": [ -52.0908838, -32.0348574 ] } },
{ "type": "Feature", "properties": { "id": 24382, "municipio": "Rio Grande", "rua": "R DOUTOR NAPOLEAO LAUREANO", "numero": "509", "bairro": "CENTRO", "cep": 96200100, "cnae_classe": 96017, "setor": "OUTRAS ATIVIDADES DE SERVICOS", "qtd_vinculos": 2, "massa_salarial": 3406.67, "endereco_geocode": "R DOUTOR NAPOLEAO LAUREANO, 509, CENTRO, 96200100, Rio Grande - RS", "salario_medio": 1703.34, "CNAE_2": "OUTRAS ATIVIDADES DE SERVICOS", "Empregados": 2, "Massa_Salarial": 3406.67 }, "geometry": { "type": "Point", "coordinates": [ -52.0940683, -32.0401178 ] } },
{ "type": "Feature", "properties": { "id": 2838, "municipio": "Rio Grande", "rua": "R RIACHUELO", "numero": "1", "bairro": "CENTRO", "cep": 96200390, "cnae_classe": 56201, "setor": "ALOJAMENTO E ALIMENTACAO", "qtd_vinculos": 2, "massa_salarial": 6497.0, "endereco_geocode": "R RIACHUELO, 01, CENTRO, 96200390, Rio Grande - RS", "salario_medio": 3248.5, "CNAE_2": "ALOJAMENTO E ALIMENTACAO", "Empregados": 2, "Massa_Salarial": 6497.0 }, "geometry": { "type": "Point", "coordinates": [ -52.0884658, -32.0307095 ] } },
{ "type": "Feature", "properties": { "id": 41632, "municipio": "Rio Grande", "rua": "R GENERAL BERTOLDO KLINGER", "numero": "16", "bairro": "LAR GAUCHO", "cep": 96202410, "cnae_classe": 45412, "setor": "COMERCIO; REPARACAO DE VEICULOS", "qtd_vinculos": 8, "massa_salarial": 17754.17, "endereco_geocode": "R GENERAL BERTOLDO KLINGER, 16, LAR GAUCHO, 96202410, Rio Grande - RS", "salario_medio": 2219.27, "CNAE_2": "COMERCIO; REPARACAO DE VEICULOS", "Empregados": 8, "Massa_Salarial": 17754.17 }, "geometry": { "type": "Point", "coordinates": [ -52.0948378, -32.0447278 ] } },
{ "type": "Feature", "properties": { "id": 26420, "municipio": "Rio Grande", "rua": "RUA HENRIQUE PANCADA", "numero": "519", "bairro": "CIDADE NOVA", "cep": 96211041, "cnae_classe": 3116, "setor": "AGRICULTURA, PECUARIA, PRODUCAO FLORESTAL, PESCA E AQUICULTURA", "qtd_vinculos": 4, "massa_salarial": 7056.0, "endereco_geocode": "RUA HENRIQUE PANCADA, 519, CIDADE NOVA, 96211041, Rio Grande - RS", "salario_medio": 1764.0, "CNAE_2": "AGRICULTURA, PECUARIA, PRODUCAO FLORESTAL, PESCA E AQUICULTURA", "Empregados": 4, "Massa_Salarial": 7056.0 }, "geometry": { "type": "Point", "coordinates": [ -52.1291393, -32.042108 ] } },
{ "type": "Feature", "properties": { "id": 40483, "municipio": "Rio Grande", "rua": "R ANDRADE NEVES", "numero": "360", "bairro": "CENTRO", "cep": 96200120, "cnae_classe": 94910, "setor": "OUTRAS ATIVIDADES DE SERVICOS", "qtd_vinculos": 1, "massa_salarial": 692.0, "endereco_geocode": "R ANDRADE NEVES, 360, CENTRO, 96200120, Rio Grande - RS", "salario_medio": 692.0, "CNAE_2": "OUTRAS ATIVIDADES DE SERVICOS", "Empregados": 1, "Massa_Salarial": 692.0 }, "geometry": { "type": "Point", "coordinates": [ -52.0926438, -32.0372552 ] } },
{ "type": "Feature", "properties": { "id": 14019, "municipio": "Rio Grande", "rua": "R ALMIRANTE BARROSO", "numero": "61", "bairro": "GETULIO VARGAS", "cep": 96201001, "cnae_classe": 47440, "setor": "COMERCIO; REPARACAO DE VEICULOS", "qtd_vinculos": 6, "massa_salarial": 14300.0, "endereco_geocode": "R ALMIRANTE BARROSO, 61, GETULIO VARGAS, 96201001, Rio Grande - RS", "salario_medio": 2383.33, "CNAE_2": "COMERCIO; REPARACAO DE VEICULOS", "Empregados": 6, "Massa_Salarial": 14300.0 }, "geometry": { "type": "Point", "coordinates": [ -52.0875768, -32.0380809 ] } },
{ "type": "Feature", "properties": { "id": 43824, "municipio": "Rio Grande", "rua": "R RIACHUELO", "numero": "179", "bairro": "CENTRO", "cep": 96200390, "cnae_classe": 49302, "setor": "TRANSPORTE, ARMAZENAGEM E CORREIO", "qtd_vinculos": 4, "massa_salarial": 18150.0, "endereco_geocode": "R RIACHUELO, 179, CENTRO, 96200390, Rio Grande - RS", "salario_medio": 4537.5, "CNAE_2": "TRANSPORTE, ARMAZENAGEM E CORREIO", "Empregados": 4, "Massa_Salarial": 18150.0 }, "geometry": { "type": "Point", "coordinates": [ -52.0884658, -32.0307095 ] } },
{ "type": "Feature", "properties": { "id": 31113, "municipio": "Rio Grande", "rua": "R GENERAL VITORINO", "numero": "654", "bairro": "CENTRO", "cep": 96200310, "cnae_classe": 96092, "setor": "OUTRAS ATIVIDADES DE SERVICOS", "qtd_vinculos": 3, "massa_salarial": 5536.0, "endereco_geocode": "R GENERAL VITORINO, 654, CENTRO, 96200310, Rio Grande - RS", "salario_medio": 1845.33, "CNAE_2": "OUTRAS ATIVIDADES DE SERVICOS", "Empregados": 3, "Massa_Salarial": 5536.0 }, "geometry": { "type": "Point", "coordinates": [ -52.0924218, -32.0363507 ] } },
{ "type": "Feature", "properties": { "id": 33830, "municipio": "Rio Grande", "rua": "R DOM MANOEL I", "numero": "435", "bairro": "PARQUE RESIDENCIAL SALGADO FIL", "cep": 96202730, "cnae_classe": 63194, "setor": "INFORMACAO E COMUNICACAO", "qtd_vinculos": 10, "massa_salarial": 20701.0, "endereco_geocode": "R DOM MANOEL I, 435, PARQUE RESIDENCIAL SALGADO FIL, 96202730, Rio Grande - RS", "salario_medio": 2070.1, "CNAE_2": "INFORMACAO E COMUNICACAO", "Empregados": 10, "Massa_Salarial": 20701.0 }, "geometry": { "type": "Point", "coordinates": [ -52.0981017, -32.0421246 ] } },
{ "type": "Feature", "properties": { "id": 25710, "municipio": "Rio Grande", "rua": "R ANDRADAS", "numero": "184", "bairro": "CENTRO", "cep": 96200030, "cnae_classe": 56112, "setor": "ALOJAMENTO E ALIMENTACAO", "qtd_vinculos": 7, "massa_salarial": 10940.82, "endereco_geocode": "R ANDRADAS, 184, CENTRO, 96200030, Rio Grande - RS", "salario_medio": 1562.97, "CNAE_2": "ALOJAMENTO E ALIMENTACAO", "Empregados": 7, "Massa_Salarial": 10940.82 }, "geometry": { "type": "Point", "coordinates": [ -52.0951455, -32.0302312 ] } },
{ "type": "Feature", "properties": { "id": 23305, "municipio": "Rio Grande", "rua": "RUA GENERAL VITORINO", "numero": "690", "bairro": "CENTRO", "cep": 96200310, "cnae_classe": 86305, "setor": "SAUDE HUMANA E SERVICOS SOCIAIS", "qtd_vinculos": 3, "massa_salarial": 7202.03, "endereco_geocode": "RUA GENERAL VITORINO, 690, CENTRO, 96200310, Rio Grande - RS", "salario_medio": 2400.68, "CNAE_2": "SAUDE HUMANA E SERVICOS SOCIAIS", "Empregados": 3, "Massa_Salarial": 7202.03 }, "geometry": { "type": "Point", "coordinates": [ -52.0924218, -32.0363507 ] } },
{ "type": "Feature", "properties": { "id": 31367, "municipio": "Rio Grande", "rua": "R FRANCISCO MARQUES", "numero": "197", "bairro": "CENTRO", "cep": 96200150, "cnae_classe": 52508, "setor": "TRANSPORTE, ARMAZENAGEM E CORREIO", "qtd_vinculos": 2, "massa_salarial": 2585.0, "endereco_geocode": "R FRANCISCO MARQUES, 197, CENTRO, 96200150, Rio Grande - RS", "salario_medio": 1292.5, "CNAE_2": "TRANSPORTE, ARMAZENAGEM E CORREIO", "Empregados": 2, "Massa_Salarial": 2585.0 }, "geometry": { "type": "Point", "coordinates": [ -52.0908838, -32.0348574 ] } },
{ "type": "Feature", "properties": { "id": 41622, "municipio": "Rio Grande", "rua": "R GENERAL VITORINO", "numero": "441", "bairro": "CENTRO", "cep": 96200310, "cnae_classe": 84116, "setor": "ADMINISTRACAO PUBLICA, DEFESA E SEGURIDADE SOCIAL", "qtd_vinculos": 172, "massa_salarial": 1263843.53, "endereco_geocode": "R GENERAL VITORINO, 441, CENTRO, 96200310, Rio Grande - RS", "salario_medio": 7347.93, "CNAE_2": "ADMINISTRACAO PUBLICA, DEFESA E SEGURIDADE SOCIAL", "Empregados": 172, "Massa_Salarial": 1263843.53 }, "geometry": { "type": "Point", "coordinates": [ -52.0924218, -32.0363507 ] } },
{ "type": "Feature", "properties": { "id": 33726, "municipio": "Rio Grande", "rua": "R GENERAL VITORINO", "numero": "409", "bairro": "CENTRO", "cep": 96200310, "cnae_classe": 86909, "setor": "SAUDE HUMANA E SERVICOS SOCIAIS", "qtd_vinculos": 10, "massa_salarial": 30747.0, "endereco_geocode": "R GENERAL VITORINO, 409, CENTRO, 96200310, Rio Grande - RS", "salario_medio": 3074.7, "CNAE_2": "SAUDE HUMANA E SERVICOS SOCIAIS", "Empregados": 10, "Massa_Salarial": 30747.0 }, "geometry": { "type": "Point", "coordinates": [ -52.0924218, -32.0363507 ] } },
{ "type": "Feature", "properties": { "id": 38881, "municipio": "Rio Grande", "rua": "R CONSELHEIRO PINTO LIMA", "numero": "22", "bairro": "CENTRO", "cep": 96200530, "cnae_classe": 42928, "setor": "CONSTRUCAO", "qtd_vinculos": 1, "massa_salarial": 3157.87, "endereco_geocode": "R CONSELHEIRO PINTO LIMA, 22, CENTRO, 96200530, Rio Grande - RS", "salario_medio": 3157.87, "CNAE_2": "CONSTRUCAO", "Empregados": 1, "Massa_Salarial": 3157.87 }, "geometry": { "type": "Point", "coordinates": [ -52.0991056, -32.0299495 ] } },
{ "type": "Feature", "properties": { "id": 28321, "municipio": "Rio Grande", "rua": "R REPUBLICA DO LIBANO", "numero": "299", "bairro": "CENTRO", "cep": 96200360, "cnae_classe": 47814, "setor": "COMERCIO; REPARACAO DE VEICULOS", "qtd_vinculos": 1, "massa_salarial": 1849.0, "endereco_geocode": "R REPUBLICA DO LIBANO, 299, CENTRO, 96200360, Rio Grande - RS", "salario_medio": 1849.0, "CNAE_2": "COMERCIO; REPARACAO DE VEICULOS", "Empregados": 1, "Massa_Salarial": 1849.0 }, "geometry": { "type": "Point", "coordinates": [ -52.0915859, -32.0327657 ] } },
{ "type": "Feature", "properties": { "id": 46683, "municipio": "Rio Grande", "rua": "R DUQUE DE CAXIAS", "numero": "280", "bairro": "CENTRO", "cep": 96200020, "cnae_classe": 85937, "setor": "EDUCACAO", "qtd_vinculos": 8, "massa_salarial": 15188.0, "endereco_geocode": "R DUQUE DE CAXIAS, 280, CENTRO, 96200020, Rio Grande - RS", "salario_medio": 1898.5, "CNAE_2": "EDUCACAO", "Empregados": 8, "Massa_Salarial": 15188.0 }, "geometry": { "type": "Point", "coordinates": [ -52.0983841, -32.0400766 ] } },
{ "type": "Feature", "properties": { "id": 41958, "municipio": "Rio Grande", "rua": "R REPUBLICA DO LIBANO", "numero": "256", "bairro": "CENTRO", "cep": 96200360, "cnae_classe": 82199, "setor": "ATIVIDADES ADMINISTRATIVAS E SERVICOS COMPLEMENTARES", "qtd_vinculos": 5, "massa_salarial": 9918.69, "endereco_geocode": "R REPUBLICA DO LIBANO, 256, CENTRO, 96200360, Rio Grande - RS", "salario_medio": 1983.74, "CNAE_2": "ATIVIDADES ADMINISTRATIVAS E SERVICOS COMPLEMENTARES", "Empregados": 5, "Massa_Salarial": 9918.69 }, "geometry": { "type": "Point", "coordinates": [ -52.0915859, -32.0327657 ] } },
{ "type": "Feature", "properties": { "id": 43059, "municipio": "Rio Grande", "rua": "R GENERAL OSORIO SN", "numero": "S/N", "bairro": "CENTRO", "cep": 96200400, "cnae_classe": 47717, "setor": "COMERCIO; REPARACAO DE VEICULOS", "qtd_vinculos": 4, "massa_salarial": 7378.0, "endereco_geocode": "R GENERAL OSORIO SN, S/N, CENTRO, 96200400, Rio Grande - RS", "salario_medio": 1844.5, "CNAE_2": "COMERCIO; REPARACAO DE VEICULOS", "Empregados": 4, "Massa_Salarial": 7378.0 }, "geometry": { "type": "Point", "coordinates": [ -52.0971259, -32.0300742 ] } },
{ "type": "Feature", "properties": { "id": 20256, "municipio": "Rio Grande", "rua": "R GENERAL VITORINO", "numero": "647", "bairro": "CENTRO", "cep": 96200310, "cnae_classe": 49302, "setor": "TRANSPORTE, ARMAZENAGEM E CORREIO", "qtd_vinculos": 14, "massa_salarial": 54345.0, "endereco_geocode": "R GENERAL VITORINO, 647, CENTRO, 96200310, Rio Grande - RS", "salario_medio": 3881.79, "CNAE_2": "TRANSPORTE, ARMAZENAGEM E CORREIO", "Empregados": 14, "Massa_Salarial": 54345.0 }, "geometry": { "type": "Point", "coordinates": [ -52.0924218, -32.0363507 ] } },
{ "type": "Feature", "properties": { "id": 47239, "municipio": "Rio Grande", "rua": "R FRANCISCO MARQUES", "numero": "190", "bairro": "CENTRO", "cep": 96200150, "cnae_classe": 55108, "setor": "ALOJAMENTO E ALIMENTACAO", "qtd_vinculos": 2, "massa_salarial": 3858.27, "endereco_geocode": "R FRANCISCO MARQUES, 190, CENTRO, 96200150, Rio Grande - RS", "salario_medio": 1929.14, "CNAE_2": "ALOJAMENTO E ALIMENTACAO", "Empregados": 2, "Massa_Salarial": 3858.27 }, "geometry": { "type": "Point", "coordinates": [ -52.0908838, -32.0348574 ] } },
{ "type": "Feature", "properties": { "id": 20609, "municipio": "Rio Grande", "rua": "R GENERAL CANABARRO", "numero": "512", "bairro": "CENTRO", "cep": 96200200, "cnae_classe": 86305, "setor": "SAUDE HUMANA E SERVICOS SOCIAIS", "qtd_vinculos": 4, "massa_salarial": 7781.0, "endereco_geocode": "R GENERAL CANABARRO, 512, CENTRO, 96200200, Rio Grande - RS", "salario_medio": 1945.25, "CNAE_2": "SAUDE HUMANA E SERVICOS SOCIAIS", "Empregados": 4, "Massa_Salarial": 7781.0 }, "geometry": { "type": "Point", "coordinates": [ -52.1031993, -32.0299203 ] } },
{ "type": "Feature", "properties": { "id": 41059, "municipio": "Rio Grande", "rua": "R DUQUE DE CAXIAS", "numero": "424", "bairro": "CENTRO", "cep": 96200020, "cnae_classe": 56112, "setor": "ALOJAMENTO E ALIMENTACAO", "qtd_vinculos": 2, "massa_salarial": 3883.34, "endereco_geocode": "R DUQUE DE CAXIAS, 424, CENTRO, 96200020, Rio Grande - RS", "salario_medio": 1941.67, "CNAE_2": "ALOJAMENTO E ALIMENTACAO", "Empregados": 2, "Massa_Salarial": 3883.34 }, "geometry": { "type": "Point", "coordinates": [ -52.0983841, -32.0400766 ] } },
{ "type": "Feature", "properties": { "id": 21265, "municipio": "Rio Grande", "rua": "R GOMES FREIRE", "numero": "746", "bairro": "CENTRO", "cep": 96200470, "cnae_classe": 85121, "setor": "EDUCACAO", "qtd_vinculos": 8, "massa_salarial": 10529.0, "endereco_geocode": "R GOMES FREIRE, 746, CENTRO, 96200470, Rio Grande - RS", "salario_medio": 1316.12, "CNAE_2": "EDUCACAO", "Empregados": 8, "Massa_Salarial": 10529.0 }, "geometry": { "type": "Point", "coordinates": [ -52.1039853, -32.0332074 ] } },
{ "type": "Feature", "properties": { "id": 40728, "municipio": "Rio Grande", "rua": "R GENERAL VITORINO", "numero": "684", "bairro": "CENTRO", "cep": 96200310, "cnae_classe": 52320, "setor": "TRANSPORTE, ARMAZENAGEM E CORREIO", "qtd_vinculos": 14, "massa_salarial": 35345.0, "endereco_geocode": "R GENERAL VITORINO, 684, CENTRO, 96200310, Rio Grande - RS", "salario_medio": 2524.64, "CNAE_2": "TRANSPORTE, ARMAZENAGEM E CORREIO", "Empregados": 14, "Massa_Salarial": 35345.0 }, "geometry": { "type": "Point", "coordinates": [ -52.0924218, -32.0363507 ] } },
{ "type": "Feature", "properties": { "id": 898, "municipio": "Rio Grande", "rua": "R GOMES FREIRE", "numero": "667", "bairro": "CENTRO", "cep": 96200470, "cnae_classe": 86402, "setor": "SAUDE HUMANA E SERVICOS SOCIAIS", "qtd_vinculos": 4, "massa_salarial": 7722.0, "endereco_geocode": "R GOMES FREIRE, 667, CENTRO, 96200470, Rio Grande - RS", "salario_medio": 1930.5, "CNAE_2": "SAUDE HUMANA E SERVICOS SOCIAIS", "Empregados": 4, "Massa_Salarial": 7722.0 }, "geometry": { "type": "Point", "coordinates": [ -52.1039853, -32.0332074 ] } },
{ "type": "Feature", "properties": { "id": 11417, "municipio": "Rio Grande", "rua": "MANOEL PEREIRA DE ALMEIDA", "numero": "759", "bairro": "CENTRO", "cep": 96200440, "cnae_classe": 81125, "setor": "ATIVIDADES ADMINISTRATIVAS E SERVICOS COMPLEMENTARES", "qtd_vinculos": 3, "massa_salarial": 6633.0, "endereco_geocode": "MANOEL PEREIRA DE ALMEIDA, 759, CENTRO, 96200440, Rio Grande - RS", "salario_medio": 2211.0, "CNAE_2": "ATIVIDADES ADMINISTRATIVAS E SERVICOS COMPLEMENTARES", "Empregados": 3, "Massa_Salarial": 6633.0 }, "geometry": { "type": "Point", "coordinates": [ -52.1045574, -32.0305106 ] } },
{ "type": "Feature", "properties": { "id": 5527, "municipio": "Rio Grande", "rua": "R DEPUTADO FERNANDO FERRARI", "numero": "308", "bairro": "GETULIO VARGAS", "cep": 96201110, "cnae_classe": 47440, "setor": "COMERCIO; REPARACAO DE VEICULOS", "qtd_vinculos": 1, "massa_salarial": 2631.38, "endereco_geocode": "R DEPUTADO FERNANDO FERRARI, 308, GETULIO VARGAS, 96201110, Rio Grande - RS", "salario_medio": 2631.38, "CNAE_2": "COMERCIO; REPARACAO DE VEICULOS", "Empregados": 1, "Massa_Salarial": 2631.38 }, "geometry": { "type": "Point", "coordinates": [ -52.0854456, -32.0388339 ] } },
{ "type": "Feature", "properties": { "id": 36583, "municipio": "Rio Grande", "rua": "AV MAJOR CARLOS PINTO", "numero": "411", "bairro": "CIDADE NOVA", "cep": 96211021, "cnae_classe": 86500, "setor": "SAUDE HUMANA E SERVICOS SOCIAIS", "qtd_vinculos": 2, "massa_salarial": 2756.0, "endereco_geocode": "AV MAJOR CARLOS PINTO, 411, CIDADE NOVA, 96211021, Rio Grande - RS", "salario_medio": 1378.0, "CNAE_2": "SAUDE HUMANA E SERVICOS SOCIAIS", "Empregados": 2, "Massa_Salarial": 2756.0 }, "geometry": { "type": "Point", "coordinates": [ -52.1039942, -32.0394397 ] } },
{ "type": "Feature", "properties": { "id": 25140, "municipio": "Rio Grande", "rua": "R GENERAL VITORINO", "numero": "415", "bairro": "CENTRO", "cep": 96200310, "cnae_classe": 56112, "setor": "ALOJAMENTO E ALIMENTACAO", "qtd_vinculos": 1, "massa_salarial": 1376.0, "endereco_geocode": "R GENERAL VITORINO, 415, CENTRO, 96200310, Rio Grande - RS", "salario_medio": 1376.0, "CNAE_2": "ALOJAMENTO E ALIMENTACAO", "Empregados": 1, "Massa_Salarial": 1376.0 }, "geometry": { "type": "Point", "coordinates": [ -52.0924218, -32.0363507 ] } },
{ "type": "Feature", "properties": { "id": 12069, "municipio": "Rio Grande", "rua": "AV PORTUGAL", "numero": "26", "bairro": "CIDADE NOVA", "cep": 96211040, "cnae_classe": 93131, "setor": "ARTES, CULTURA, ESPORTE E RECREACAO", "qtd_vinculos": 2, "massa_salarial": 3392.73, "endereco_geocode": "AV PORTUGAL, 26, CIDADE NOVA, 96211040, Rio Grande - RS", "salario_medio": 1696.36, "CNAE_2": "ARTES, CULTURA, ESPORTE E RECREACAO", "Empregados": 2, "Massa_Salarial": 3392.73 }, "geometry": { "type": "Point", "coordinates": [ -52.1085747, -32.0328057 ] } },
{ "type": "Feature", "properties": { "id": 43658, "municipio": "Rio Grande", "rua": "R GENERAL VITORINO", "numero": "647", "bairro": "CENTRO", "cep": 96200310, "cnae_classe": 81125, "setor": "ATIVIDADES ADMINISTRATIVAS E SERVICOS COMPLEMENTARES", "qtd_vinculos": 2, "massa_salarial": 4557.0, "endereco_geocode": "R GENERAL VITORINO, 647, CENTRO, 96200310, Rio Grande - RS", "salario_medio": 2278.5, "CNAE_2": "ATIVIDADES ADMINISTRATIVAS E SERVICOS COMPLEMENTARES", "Empregados": 2, "Massa_Salarial": 4557.0 }, "geometry": { "type": "Point", "coordinates": [ -52.0924218, -32.0363507 ] } },
{ "type": "Feature", "properties": { "id": 17106, "municipio": "Rio Grande", "rua": "R VISCONDE DE MAUA", "numero": "817", "bairro": "LAGOA", "cep": 96211031, "cnae_classe": 45200, "setor": "COMERCIO; REPARACAO DE VEICULOS", "qtd_vinculos": 5, "massa_salarial": 11173.0, "endereco_geocode": "R VISCONDE DE MAUA, 817, LAGOA, 96211031, Rio Grande - RS", "salario_medio": 2234.6, "CNAE_2": "COMERCIO; REPARACAO DE VEICULOS", "Empregados": 5, "Massa_Salarial": 11173.0 }, "geometry": { "type": "Point", "coordinates": [ -52.1095709, -32.0347168 ] } },
{ "type": "Feature", "properties": { "id": 17957, "municipio": "Rio Grande", "rua": "R VISCONDE DE MAUA", "numero": "233", "bairro": "CIDADE NOVA", "cep": 96211031, "cnae_classe": 85112, "setor": "EDUCACAO", "qtd_vinculos": 5, "massa_salarial": 9044.0, "endereco_geocode": "R VISCONDE DE MAUA, 233, CIDADE NOVA, 96211031, Rio Grande - RS", "salario_medio": 1808.8, "CNAE_2": "EDUCACAO", "Empregados": 5, "Massa_Salarial": 9044.0 }, "geometry": { "type": "Point", "coordinates": [ -52.1095709, -32.0347168 ] } },
{ "type": "Feature", "properties": { "id": 28845, "municipio": "Rio Grande", "rua": "R DOUTOR CARNEIRO JUNIOR", "numero": "138", "bairro": "CIDADE NOVA", "cep": 96211530, "cnae_classe": 82199, "setor": "ATIVIDADES ADMINISTRATIVAS E SERVICOS COMPLEMENTARES", "qtd_vinculos": 3, "massa_salarial": 2751.0, "endereco_geocode": "R DOUTOR CARNEIRO JUNIOR, 138, CIDADE NOVA, 96211530, Rio Grande - RS", "salario_medio": 917.0, "CNAE_2": "ATIVIDADES ADMINISTRATIVAS E SERVICOS COMPLEMENTARES", "Empregados": 3, "Massa_Salarial": 2751.0 }, "geometry": { "type": "Point", "coordinates": [ -52.1146989, -32.0323024 ] } },
{ "type": "Feature", "properties": { "id": 39686, "municipio": "Rio Grande", "rua": "R DUQUE DE CAXIAS", "numero": "291", "bairro": "CENTRO", "cep": 96200020, "cnae_classe": 85139, "setor": "EDUCACAO", "qtd_vinculos": 83, "massa_salarial": 278580.77, "endereco_geocode": "R DUQUE DE CAXIAS, 291, CENTRO, 96200020, Rio Grande - RS", "salario_medio": 3356.39, "CNAE_2": "EDUCACAO", "Empregados": 83, "Massa_Salarial": 278580.77 }, "geometry": { "type": "Point", "coordinates": [ -52.0983841, -32.0400766 ] } },
{ "type": "Feature", "properties": { "id": 26481, "municipio": "Rio Grande", "rua": "R AQUIDABAN", "numero": "665", "bairro": "CENTRO", "cep": 96200480, "cnae_classe": 56112, "setor": "ALOJAMENTO E ALIMENTACAO", "qtd_vinculos": 1, "massa_salarial": 1942.0, "endereco_geocode": "R AQUIDABAN, 665, CENTRO, 96200480, Rio Grande - RS", "salario_medio": 1942.0, "CNAE_2": "ALOJAMENTO E ALIMENTACAO", "Empregados": 1, "Massa_Salarial": 1942.0 }, "geometry": { "type": "Point", "coordinates": [ -52.1050185, -32.0323159 ] } },
{ "type": "Feature", "properties": { "id": 44909, "municipio": "Rio Grande", "rua": "R MARECHAL ANDREA", "numero": "311", "bairro": null, "cep": 96201250, "cnae_classe": 50211, "setor": "TRANSPORTE, ARMAZENAGEM E CORREIO", "qtd_vinculos": 9, "massa_salarial": 90657.66, "endereco_geocode": "R MARECHAL ANDREA, 311, , 96201250, Rio Grande - RS", "salario_medio": 10073.07, "CNAE_2": "TRANSPORTE, ARMAZENAGEM E CORREIO", "Empregados": 9, "Massa_Salarial": 90657.66 }, "geometry": { "type": "Point", "coordinates": [ -52.0867877, -32.0315484 ] } },
{ "type": "Feature", "properties": { "id": 24453, "municipio": "Rio Grande", "rua": "R GOMES FREIRE", "numero": "595", "bairro": "CENTRO", "cep": 96200470, "cnae_classe": 33198, "setor": "INDUSTRIAS DE TRANSFORMACAO", "qtd_vinculos": 18, "massa_salarial": 34232.0, "endereco_geocode": "R GOMES FREIRE, 595, CENTRO, 96200470, Rio Grande - RS", "salario_medio": 1901.78, "CNAE_2": "INDUSTRIAS DE TRANSFORMACAO", "Empregados": 18, "Massa_Salarial": 34232.0 }, "geometry": { "type": "Point", "coordinates": [ -52.1039853, -32.0332074 ] } },
{ "type": "Feature", "properties": { "id": 39005, "municipio": "Rio Grande", "rua": "R GENERAL VITORINO", "numero": "296", "bairro": "CENTRO", "cep": 96200310, "cnae_classe": 68226, "setor": "ATIVIDADES IMOBILIARIAS", "qtd_vinculos": 3, "massa_salarial": 4798.0, "endereco_geocode": "R GENERAL VITORINO, 296, CENTRO, 96200310, Rio Grande - RS", "salario_medio": 1599.33, "CNAE_2": "ATIVIDADES IMOBILIARIAS", "Empregados": 3, "Massa_Salarial": 4798.0 }, "geometry": { "type": "Point", "coordinates": [ -52.0924218, -32.0363507 ] } },
{ "type": "Feature", "properties": { "id": 26511, "municipio": "Rio Grande", "rua": "R SENADOR CORREA", "numero": "317", "bairro": "CENTRO", "cep": 96200600, "cnae_classe": 56112, "setor": "ALOJAMENTO E ALIMENTACAO", "qtd_vinculos": 2, "massa_salarial": 3743.0, "endereco_geocode": "R SENADOR CORREA, 317, CENTRO, 96200600, Rio Grande - RS", "salario_medio": 1871.5, "CNAE_2": "ALOJAMENTO E ALIMENTACAO", "Empregados": 2, "Massa_Salarial": 3743.0 }, "geometry": { "type": "Point", "coordinates": [ -52.0976548, -32.0402068 ] } },
{ "type": "Feature", "properties": { "id": 46573, "municipio": "Rio Grande", "rua": "R DUQUE DE CAXIAS", "numero": "197", "bairro": "CENTRO", "cep": 96200020, "cnae_classe": 81125, "setor": "ATIVIDADES ADMINISTRATIVAS E SERVICOS COMPLEMENTARES", "qtd_vinculos": 2, "massa_salarial": 2778.0, "endereco_geocode": "R DUQUE DE CAXIAS, 197, CENTRO, 96200020, Rio Grande - RS", "salario_medio": 1389.0, "CNAE_2": "ATIVIDADES ADMINISTRATIVAS E SERVICOS COMPLEMENTARES", "Empregados": 2, "Massa_Salarial": 2778.0 }, "geometry": { "type": "Point", "coordinates": [ -52.0983841, -32.0400766 ] } },
{ "type": "Feature", "properties": { "id": 25815, "municipio": "Rio Grande", "rua": "R GENERAL VITORINO", "numero": "665", "bairro": "CENTRO", "cep": 96200310, "cnae_classe": 86305, "setor": "SAUDE HUMANA E SERVICOS SOCIAIS", "qtd_vinculos": 5, "massa_salarial": 13037.0, "endereco_geocode": "R GENERAL VITORINO, 665, CENTRO, 96200310, Rio Grande - RS", "salario_medio": 2607.4, "CNAE_2": "SAUDE HUMANA E SERVICOS SOCIAIS", "Empregados": 5, "Massa_Salarial": 13037.0 }, "geometry": { "type": "Point", "coordinates": [ -52.0924218, -32.0363507 ] } },
{ "type": "Feature", "properties": { "id": 4888, "municipio": "Rio Grande", "rua": "R VICE ALMIRANTE ABREU", "numero": "378", "bairro": "CENTRO", "cep": 96200270, "cnae_classe": 82997, "setor": "ATIVIDADES ADMINISTRATIVAS E SERVICOS COMPLEMENTARES", "qtd_vinculos": 1, "massa_salarial": 3107.0, "endereco_geocode": "R VICE ALMIRANTE ABREU, 378, CENTRO, 96200270, Rio Grande - RS", "salario_medio": 3107.0, "CNAE_2": "ATIVIDADES ADMINISTRATIVAS E SERVICOS COMPLEMENTARES", "Empregados": 1, "Massa_Salarial": 3107.0 }, "geometry": { "type": "Point", "coordinates": [ -52.0921327, -32.0393178 ] } },
{ "type": "Feature", "properties": { "id": 43906, "municipio": "Rio Grande", "rua": "R GENERAL VITORINO", "numero": "410", "bairro": "CENTRO", "cep": 96200310, "cnae_classe": 25128, "setor": "INDUSTRIAS DE TRANSFORMACAO", "qtd_vinculos": 17, "massa_salarial": 39531.91, "endereco_geocode": "R GENERAL VITORINO, 410, CENTRO, 96200310, Rio Grande - RS", "salario_medio": 2325.41, "CNAE_2": "INDUSTRIAS DE TRANSFORMACAO", "Empregados": 17, "Massa_Salarial": 39531.91 }, "geometry": { "type": "Point", "coordinates": [ -52.0924218, -32.0363507 ] } },
{ "type": "Feature", "properties": { "id": 723, "municipio": "Rio Grande", "rua": "R CORONEL SAMPAIO", "numero": "314", "bairro": "CENTRO", "cep": 96200180, "cnae_classe": 82997, "setor": "ATIVIDADES ADMINISTRATIVAS E SERVICOS COMPLEMENTARES", "qtd_vinculos": 6, "massa_salarial": 23027.67, "endereco_geocode": "R CORONEL SAMPAIO, 314, CENTRO, 96200180, Rio Grande - RS", "salario_medio": 3837.94, "CNAE_2": "ATIVIDADES ADMINISTRATIVAS E SERVICOS COMPLEMENTARES", "Empregados": 6, "Massa_Salarial": 23027.67 }, "geometry": { "type": "Point", "coordinates": [ -52.0888634, -32.0380834 ] } },
{ "type": "Feature", "properties": { "id": 22016, "municipio": "Rio Grande", "rua": "R AQUIDABAN", "numero": "619", "bairro": "CENTRO", "cep": 96200480, "cnae_classe": 85112, "setor": "EDUCACAO", "qtd_vinculos": 7, "massa_salarial": 9864.41, "endereco_geocode": "R AQUIDABAN, 619, CENTRO, 96200480, Rio Grande - RS", "salario_medio": 1409.2, "CNAE_2": "EDUCACAO", "Empregados": 7, "Massa_Salarial": 9864.41 }, "geometry": { "type": "Point", "coordinates": [ -52.1050185, -32.0323159 ] } },
{ "type": "Feature", "properties": { "id": 3959, "municipio": "Rio Grande", "rua": "R REPUBLICA DO LIBANO", "numero": "247", "bairro": "CENTRO", "cep": 96200360, "cnae_classe": 47539, "setor": "COMERCIO; REPARACAO DE VEICULOS", "qtd_vinculos": 2, "massa_salarial": 4144.0, "endereco_geocode": "R REPUBLICA DO LIBANO, 247, CENTRO, 96200360, Rio Grande - RS", "salario_medio": 2072.0, "CNAE_2": "COMERCIO; REPARACAO DE VEICULOS", "Empregados": 2, "Massa_Salarial": 4144.0 }, "geometry": { "type": "Point", "coordinates": [ -52.0915859, -32.0327657 ] } },
{ "type": "Feature", "properties": { "id": 11316, "municipio": "Rio Grande", "rua": "R COMENDADOR HENRIQUE PANCADA", "numero": "1125", "bairro": "BAIRRO DA LAGOA", "cep": 96211330, "cnae_classe": 45307, "setor": "COMERCIO; REPARACAO DE VEICULOS", "qtd_vinculos": 1, "massa_salarial": 1607.0, "endereco_geocode": "R COMENDADOR HENRIQUE PANCADA, 1125, BAIRRO DA LAGOA, 96211330, Rio Grande - RS", "salario_medio": 1607.0, "CNAE_2": "COMERCIO; REPARACAO DE VEICULOS", "Empregados": 1, "Massa_Salarial": 1607.0 }, "geometry": { "type": "Point", "coordinates": [ -52.1291393, -32.042108 ] } },
{ "type": "Feature", "properties": { "id": 28276, "municipio": "Rio Grande", "rua": "R AMAPA", "numero": "311", "bairro": "HIDRAULICA", "cep": 96212160, "cnae_classe": 47229, "setor": "COMERCIO; REPARACAO DE VEICULOS", "qtd_vinculos": 1, "massa_salarial": 1489.0, "endereco_geocode": "R AMAPA, 311, HIDRAULICA, 96212160, Rio Grande - RS", "salario_medio": 1489.0, "CNAE_2": "COMERCIO; REPARACAO DE VEICULOS", "Empregados": 1, "Massa_Salarial": 1489.0 }, "geometry": { "type": "Point", "coordinates": [ -52.1316046, -32.0451626 ] } },
{ "type": "Feature", "properties": { "id": 32872, "municipio": "Rio Grande", "rua": "R ANDRADAS", "numero": "169", "bairro": "CENTRO", "cep": 96200030, "cnae_classe": 47814, "setor": "COMERCIO; REPARACAO DE VEICULOS", "qtd_vinculos": 3, "massa_salarial": 5459.0, "endereco_geocode": "R ANDRADAS, 169, CENTRO, 96200030, Rio Grande - RS", "salario_medio": 1819.67, "CNAE_2": "COMERCIO; REPARACAO DE VEICULOS", "Empregados": 3, "Massa_Salarial": 5459.0 }, "geometry": { "type": "Point", "coordinates": [ -52.0951455, -32.0302312 ] } },
{ "type": "Feature", "properties": { "id": 18851, "municipio": "Rio Grande", "rua": "R DUQUE DE CAXIAS", "numero": "347", "bairro": "CENTRO", "cep": 96200020, "cnae_classe": 86305, "setor": "SAUDE HUMANA E SERVICOS SOCIAIS", "qtd_vinculos": 6, "massa_salarial": 13002.0, "endereco_geocode": "R DUQUE DE CAXIAS, 347, CENTRO, 96200020, Rio Grande - RS", "salario_medio": 2167.0, "CNAE_2": "SAUDE HUMANA E SERVICOS SOCIAIS", "Empregados": 6, "Massa_Salarial": 13002.0 }, "geometry": { "type": "Point", "coordinates": [ -52.0983841, -32.0400766 ] } },
{ "type": "Feature", "properties": { "id": 29238, "municipio": "Rio Grande", "rua": "R DOUTOR NAPOLEAO LAUREANO", "numero": "505", "bairro": "CENTRO", "cep": 96200100, "cnae_classe": 49299, "setor": "TRANSPORTE, ARMAZENAGEM E CORREIO", "qtd_vinculos": 1, "massa_salarial": 1795.0, "endereco_geocode": "R DOUTOR NAPOLEAO LAUREANO, 505, CENTRO, 96200100, Rio Grande - RS", "salario_medio": 1795.0, "CNAE_2": "TRANSPORTE, ARMAZENAGEM E CORREIO", "Empregados": 1, "Massa_Salarial": 1795.0 }, "geometry": { "type": "Point", "coordinates": [ -52.0940683, -32.0401178 ] } },
{ "type": "Feature", "properties": { "id": 8339, "municipio": "Rio Grande", "rua": "R MARECHAL ANDREA", "numero": "307", "bairro": "GETULIO VARGAS", "cep": 96201250, "cnae_classe": 43991, "setor": "CONSTRUCAO", "qtd_vinculos": 190, "massa_salarial": 604037.18, "endereco_geocode": "R MARECHAL ANDREA, 307, GETULIO VARGAS, 96201250, Rio Grande - RS", "salario_medio": 3179.14, "CNAE_2": "CONSTRUCAO", "Empregados": 190, "Massa_Salarial": 604037.18 }, "geometry": { "type": "Point", "coordinates": [ -52.0867877, -32.0315484 ] } },
{ "type": "Feature", "properties": { "id": 1628, "municipio": "Rio Grande", "rua": "R VISCONDE DE MAUA", "numero": "288", "bairro": "CIDADE NOVA", "cep": 96211030, "cnae_classe": 47121, "setor": "COMERCIO; REPARACAO DE VEICULOS", "qtd_vinculos": 1, "massa_salarial": 1980.33, "endereco_geocode": "R VISCONDE DE MAUA, 288, CIDADE NOVA, 96211030, Rio Grande - RS", "salario_medio": 1980.33, "CNAE_2": "COMERCIO; REPARACAO DE VEICULOS", "Empregados": 1, "Massa_Salarial": 1980.33 }, "geometry": { "type": "Point", "coordinates": [ -52.1095709, -32.0347168 ] } },
{ "type": "Feature", "properties": { "id": 28936, "municipio": "Rio Grande", "rua": "MARCILIO DIAS", "numero": "245", "bairro": "CIDADE NOVA", "cep": 96211550, "cnae_classe": 86305, "setor": "SAUDE HUMANA E SERVICOS SOCIAIS", "qtd_vinculos": 1, "massa_salarial": 1990.76, "endereco_geocode": "MARCILIO DIAS, 245, CIDADE NOVA, 96211550, Rio Grande - RS", "salario_medio": 1990.76, "CNAE_2": "SAUDE HUMANA E SERVICOS SOCIAIS", "Empregados": 1, "Massa_Salarial": 1990.76 }, "geometry": { "type": "Point", "coordinates": [ -52.1109662, -32.0497389 ] } },
{ "type": "Feature", "properties": { "id": 16286, "municipio": "Rio Grande", "rua": "R VISCONDE DE MAUA", "numero": "670", "bairro": "CIDADE NOVA", "cep": 96211030, "cnae_classe": 47849, "setor": "COMERCIO; REPARACAO DE VEICULOS", "qtd_vinculos": 1, "massa_salarial": 4081.0, "endereco_geocode": "R VISCONDE DE MAUA, 670, CIDADE NOVA, 96211030, Rio Grande - RS", "salario_medio": 4081.0, "CNAE_2": "COMERCIO; REPARACAO DE VEICULOS", "Empregados": 1, "Massa_Salarial": 4081.0 }, "geometry": { "type": "Point", "coordinates": [ -52.1095709, -32.0347168 ] } },
{ "type": "Feature", "properties": { "id": 31800, "municipio": "Rio Grande", "rua": "R VISCONDE DE MAUA", "numero": "74", "bairro": "CIDADE NOVA", "cep": 96211030, "cnae_classe": 96092, "setor": "OUTRAS ATIVIDADES DE SERVICOS", "qtd_vinculos": 1, "massa_salarial": 1276.0, "endereco_geocode": "R VISCONDE DE MAUA, 74, CIDADE NOVA, 96211030, Rio Grande - RS", "salario_medio": 1276.0, "CNAE_2": "OUTRAS ATIVIDADES DE SERVICOS", "Empregados": 1, "Massa_Salarial": 1276.0 }, "geometry": { "type": "Point", "coordinates": [ -52.1095709, -32.0347168 ] } },
{ "type": "Feature", "properties": { "id": 476, "municipio": "Rio Grande", "rua": "R MAL FLORIANO PEIXOTO", "numero": "355", "bairro": "CENTRO", "cep": 96209030, "cnae_classe": 81125, "setor": "ATIVIDADES ADMINISTRATIVAS E SERVICOS COMPLEMENTARES", "qtd_vinculos": 3, "massa_salarial": 7362.0, "endereco_geocode": "R MAL FLORIANO PEIXOTO, 355, CENTRO, 96209030, Rio Grande - RS", "salario_medio": 2454.0, "CNAE_2": "ATIVIDADES ADMINISTRATIVAS E SERVICOS COMPLEMENTARES", "Empregados": 3, "Massa_Salarial": 7362.0 }, "geometry": { "type": "Point", "coordinates": [ -52.1005481, -32.0314359 ] } },
{ "type": "Feature", "properties": { "id": 1038, "municipio": "Rio Grande", "rua": "R FRANCISCO MARQUES", "numero": "300", "bairro": "CENTRO", "cep": 96200150, "cnae_classe": 1512, "setor": "AGRICULTURA, PECUARIA, PRODUCAO FLORESTAL, PESCA E AQUICULTURA", "qtd_vinculos": 1, "massa_salarial": 1943.68, "endereco_geocode": "R FRANCISCO MARQUES, 300, CENTRO, 96200150, Rio Grande - RS", "salario_medio": 1943.68, "CNAE_2": "AGRICULTURA, PECUARIA, PRODUCAO FLORESTAL, PESCA E AQUICULTURA", "Empregados": 1, "Massa_Salarial": 1943.68 }, "geometry": { "type": "Point", "coordinates": [ -52.0908838, -32.0348574 ] } },
{ "type": "Feature", "properties": { "id": 42062, "municipio": "Rio Grande", "rua": "R ALMIRANTE BARROSO", "numero": "173", "bairro": "CENTRO", "cep": 96201001, "cnae_classe": 81125, "setor": "ATIVIDADES ADMINISTRATIVAS E SERVICOS COMPLEMENTARES", "qtd_vinculos": 1, "massa_salarial": 1805.0, "endereco_geocode": "R ALMIRANTE BARROSO, 173, CENTRO, 96201001, Rio Grande - RS", "salario_medio": 1805.0, "CNAE_2": "ATIVIDADES ADMINISTRATIVAS E SERVICOS COMPLEMENTARES", "Empregados": 1, "Massa_Salarial": 1805.0 }, "geometry": { "type": "Point", "coordinates": [ -52.0875768, -32.0380809 ] } },
{ "type": "Feature", "properties": { "id": 22094, "municipio": "Rio Grande", "rua": "R DUQUE DE CAXIAS", "numero": "385", "bairro": "CENTRO", "cep": 96200020, "cnae_classe": 86500, "setor": "SAUDE HUMANA E SERVICOS SOCIAIS", "qtd_vinculos": 1, "massa_salarial": 1871.0, "endereco_geocode": "R DUQUE DE CAXIAS, 385, CENTRO, 96200020, Rio Grande - RS", "salario_medio": 1871.0, "CNAE_2": "SAUDE HUMANA E SERVICOS SOCIAIS", "Empregados": 1, "Massa_Salarial": 1871.0 }, "geometry": { "type": "Point", "coordinates": [ -52.0983841, -32.0400766 ] } },
{ "type": "Feature", "properties": { "id": 3620, "municipio": "Rio Grande", "rua": "R REPUBLICA DO LIBANO", "numero": "275", "bairro": "CENTRO", "cep": 96200360, "cnae_classe": 86500, "setor": "SAUDE HUMANA E SERVICOS SOCIAIS", "qtd_vinculos": 2, "massa_salarial": 4634.0, "endereco_geocode": "R REPUBLICA DO LIBANO, 275, CENTRO, 96200360, Rio Grande - RS", "salario_medio": 2317.0, "CNAE_2": "SAUDE HUMANA E SERVICOS SOCIAIS", "Empregados": 2, "Massa_Salarial": 4634.0 }, "geometry": { "type": "Point", "coordinates": [ -52.0915859, -32.0327657 ] } },
{ "type": "Feature", "properties": { "id": 91, "municipio": "Rio Grande", "rua": "RUA AQUIDABAN", "numero": "692", "bairro": "CENTRO", "cep": 96200480, "cnae_classe": 41204, "setor": "CONSTRUCAO", "qtd_vinculos": 18, "massa_salarial": 51300.0, "endereco_geocode": "RUA AQUIDABAN, 692, CENTRO, 96200480, Rio Grande - RS", "salario_medio": 2850.0, "CNAE_2": "CONSTRUCAO", "Empregados": 18, "Massa_Salarial": 51300.0 }, "geometry": { "type": "Point", "coordinates": [ -52.1050185, -32.0323159 ] } },
{ "type": "Feature", "properties": { "id": 12809, "municipio": "Rio Grande", "rua": "R DUQUE DE CAXIAS", "numero": "310", "bairro": "CENTRO", "cep": 96200020, "cnae_classe": 47890, "setor": "COMERCIO; REPARACAO DE VEICULOS", "qtd_vinculos": 2, "massa_salarial": 4901.0, "endereco_geocode": "R DUQUE DE CAXIAS, 310, CENTRO, 96200020, Rio Grande - RS", "salario_medio": 2450.5, "CNAE_2": "COMERCIO; REPARACAO DE VEICULOS", "Empregados": 2, "Massa_Salarial": 4901.0 }, "geometry": { "type": "Point", "coordinates": [ -52.0983841, -32.0400766 ] } },
{ "type": "Feature", "properties": { "id": 46564, "municipio": "Rio Grande", "rua": "R DUQUE DE CAXIAS", "numero": "404", "bairro": "CENTRO", "cep": 96200020, "cnae_classe": 81125, "setor": "ATIVIDADES ADMINISTRATIVAS E SERVICOS COMPLEMENTARES", "qtd_vinculos": 3, "massa_salarial": 4475.0, "endereco_geocode": "R DUQUE DE CAXIAS, 404, CENTRO, 96200020, Rio Grande - RS", "salario_medio": 1491.67, "CNAE_2": "ATIVIDADES ADMINISTRATIVAS E SERVICOS COMPLEMENTARES", "Empregados": 3, "Massa_Salarial": 4475.0 }, "geometry": { "type": "Point", "coordinates": [ -52.0983841, -32.0400766 ] } },
{ "type": "Feature", "properties": { "id": 39841, "municipio": "Rio Grande", "rua": "RUA JOAO ALFREDO", "numero": "470", "bairro": "CENTRO", "cep": 96200260, "cnae_classe": 1628, "setor": "AGRICULTURA, PECUARIA, PRODUCAO FLORESTAL, PESCA E AQUICULTURA", "qtd_vinculos": 7, "massa_salarial": 17466.71, "endereco_geocode": "RUA JOAO ALFREDO, 470, CENTRO, 96200260, Rio Grande - RS", "salario_medio": 2495.24, "CNAE_2": "AGRICULTURA, PECUARIA, PRODUCAO FLORESTAL, PESCA E AQUICULTURA", "Empregados": 7, "Massa_Salarial": 17466.71 }, "geometry": { "type": "Point", "coordinates": [ -52.0967878, -32.039432 ] } },
{ "type": "Feature", "properties": { "id": 32144, "municipio": "Rio Grande", "rua": "R FRANCISCO MARQUES", "numero": "197", "bairro": "CENTRO", "cep": 96200150, "cnae_classe": 52508, "setor": "TRANSPORTE, ARMAZENAGEM E CORREIO", "qtd_vinculos": 2, "massa_salarial": 6368.45, "endereco_geocode": "R FRANCISCO MARQUES, 197, CENTRO, 96200150, Rio Grande - RS", "salario_medio": 3184.22, "CNAE_2": "TRANSPORTE, ARMAZENAGEM E CORREIO", "Empregados": 2, "Massa_Salarial": 6368.45 }, "geometry": { "type": "Point", "coordinates": [ -52.0908838, -32.0348574 ] } },
{ "type": "Feature", "properties": { "id": 285, "municipio": "Rio Grande", "rua": "RUA COMENDADOR HENRIQUE PANCADA 0", "numero": "S/N", "bairro": "LAGOA", "cep": 96211330, "cnae_classe": 41204, "setor": "CONSTRUCAO", "qtd_vinculos": 8, "massa_salarial": 18407.0, "endereco_geocode": "RUA COMENDADOR HENRIQUE PANCADA 0, S/N, LAGOA, 96211330, Rio Grande - RS", "salario_medio": 2300.88, "CNAE_2": "CONSTRUCAO", "Empregados": 8, "Massa_Salarial": 18407.0 }, "geometry": { "type": "Point", "coordinates": [ -52.1291393, -32.042108 ] } },
{ "type": "Feature", "properties": { "id": 37796, "municipio": "Rio Grande", "rua": "R GAL VITORINO", "numero": "175", "bairro": "CENTRO", "cep": 96200310, "cnae_classe": 82113, "setor": "ATIVIDADES ADMINISTRATIVAS E SERVICOS COMPLEMENTARES", "qtd_vinculos": 1, "massa_salarial": 486.0, "endereco_geocode": "R GAL VITORINO, 175, CENTRO, 96200310, Rio Grande - RS", "salario_medio": 486.0, "CNAE_2": "ATIVIDADES ADMINISTRATIVAS E SERVICOS COMPLEMENTARES", "Empregados": 1, "Massa_Salarial": 486.0 }, "geometry": { "type": "Point", "coordinates": [ -52.0924218, -32.0363507 ] } },
{ "type": "Feature", "properties": { "id": 20431, "municipio": "Rio Grande", "rua": "R REPUBLICA DO LIBANO", "numero": "295", "bairro": "CENTRO", "cep": 96200360, "cnae_classe": 47814, "setor": "COMERCIO; REPARACAO DE VEICULOS", "qtd_vinculos": 2, "massa_salarial": 3610.0, "endereco_geocode": "R REPUBLICA DO LIBANO, 295, CENTRO, 96200360, Rio Grande - RS", "salario_medio": 1805.0, "CNAE_2": "COMERCIO; REPARACAO DE VEICULOS", "Empregados": 2, "Massa_Salarial": 3610.0 }, "geometry": { "type": "Point", "coordinates": [ -52.0915859, -32.0327657 ] } },
{ "type": "Feature", "properties": { "id": 8772, "municipio": "Rio Grande", "rua": "R BARROSO", "numero": "255", "bairro": "GETULIO VARGAS", "cep": 96201001, "cnae_classe": 47440, "setor": "COMERCIO; REPARACAO DE VEICULOS", "qtd_vinculos": 2, "massa_salarial": 4553.0, "endereco_geocode": "R BARROSO, 255, GETULIO VARGAS, 96201001, Rio Grande - RS", "salario_medio": 2276.5, "CNAE_2": "COMERCIO; REPARACAO DE VEICULOS", "Empregados": 2, "Massa_Salarial": 4553.0 }, "geometry": { "type": "Point", "coordinates": [ -52.0875452, -32.0379286 ] } },
{ "type": "Feature", "properties": { "id": 12575, "municipio": "Rio Grande", "rua": "TV AFONSO", "numero": "48", "bairro": "CENTRO", "cep": 96200110, "cnae_classe": 52508, "setor": "TRANSPORTE, ARMAZENAGEM E CORREIO", "qtd_vinculos": 2, "massa_salarial": 4665.23, "endereco_geocode": "TV AFONSO, 48, CENTRO, 96200110, Rio Grande - RS", "salario_medio": 2332.61, "CNAE_2": "TRANSPORTE, ARMAZENAGEM E CORREIO", "Empregados": 2, "Massa_Salarial": 4665.23 }, "geometry": { "type": "Point", "coordinates": [ -52.0920015, -32.0312331 ] } },
{ "type": "Feature", "properties": { "id": 18788, "municipio": "Rio Grande", "rua": "R JOCKEY CLUB", "numero": "86", "bairro": "VILA SAO MIGUEL", "cep": 96212730, "cnae_classe": 55108, "setor": "ALOJAMENTO E ALIMENTACAO", "qtd_vinculos": 2, "massa_salarial": 4042.0, "endereco_geocode": "R JOCKEY CLUB, 86, VILA SAO MIGUEL, 96212730, Rio Grande - RS", "salario_medio": 2021.0, "CNAE_2": "ALOJAMENTO E ALIMENTACAO", "Empregados": 2, "Massa_Salarial": 4042.0 }, "geometry": { "type": "Point", "coordinates": [ -52.1512282, -32.0500348 ] } },
{ "type": "Feature", "properties": { "id": 8311, "municipio": "Rio Grande", "rua": "R VISCONDE DE MAUA", "numero": "861", "bairro": "CIDADE NOVA", "cep": 96211011, "cnae_classe": 47245, "setor": "COMERCIO; REPARACAO DE VEICULOS", "qtd_vinculos": 1, "massa_salarial": 1699.0, "endereco_geocode": "R VISCONDE DE MAUA, 861, CIDADE NOVA, 96211011, Rio Grande - RS", "salario_medio": 1699.0, "CNAE_2": "COMERCIO; REPARACAO DE VEICULOS", "Empregados": 1, "Massa_Salarial": 1699.0 }, "geometry": { "type": "Point", "coordinates": [ -52.1095709, -32.0347168 ] } },
{ "type": "Feature", "properties": { "id": 35307, "municipio": "Rio Grande", "rua": "ESTRADA SARANDI 0 ZONA RURAL", "numero": "S/N", "bairro": "INTERIOR", "cep": 96200000, "cnae_classe": 1113, "setor": "AGRICULTURA, PECUARIA, PRODUCAO FLORESTAL, PESCA E AQUICULTURA", "qtd_vinculos": 5, "massa_salarial": 12383.0, "endereco_geocode": "ESTRADA SARANDI 0 ZONA RURAL, S/N, INTERIOR, 96200000, Rio Grande - RS", "salario_medio": 2476.6, "CNAE_2": "AGRICULTURA, PECUARIA, PRODUCAO FLORESTAL, PESCA E AQUICULTURA", "Empregados": 5, "Massa_Salarial": 12383.0 }, "geometry": { "type": "Point", "coordinates": [ -52.0903372, -32.0388951 ] } },
{ "type": "Feature", "properties": { "id": 37908, "municipio": "Rio Grande", "rua": "R ANDRADAS", "numero": "334", "bairro": "CENTRO", "cep": 96200030, "cnae_classe": 86101, "setor": "SAUDE HUMANA E SERVICOS SOCIAIS", "qtd_vinculos": 1, "massa_salarial": 1351.0, "endereco_geocode": "R ANDRADAS, 334, CENTRO, 96200030, Rio Grande - RS", "salario_medio": 1351.0, "CNAE_2": "SAUDE HUMANA E SERVICOS SOCIAIS", "Empregados": 1, "Massa_Salarial": 1351.0 }, "geometry": { "type": "Point", "coordinates": [ -52.0951455, -32.0302312 ] } },
{ "type": "Feature", "properties": { "id": 23334, "municipio": "Rio Grande", "rua": "R DUQUE DE CAXIAS", "numero": "229", "bairro": "CENTRO", "cep": 96200020, "cnae_classe": 47725, "setor": "COMERCIO; REPARACAO DE VEICULOS", "qtd_vinculos": 1, "massa_salarial": 2000.0, "endereco_geocode": "R DUQUE DE CAXIAS, 229, CENTRO, 96200020, Rio Grande - RS", "salario_medio": 2000.0, "CNAE_2": "COMERCIO; REPARACAO DE VEICULOS", "Empregados": 1, "Massa_Salarial": 2000.0 }, "geometry": { "type": "Point", "coordinates": [ -52.0983841, -32.0400766 ] } },
{ "type": "Feature", "properties": { "id": 19610, "municipio": "Rio Grande", "rua": "R HONORATO DE CARVALHO", "numero": "1618", "bairro": "VILA RURAL", "cep": 96212340, "cnae_classe": 41204, "setor": "CONSTRUCAO", "qtd_vinculos": 35, "massa_salarial": 86526.0, "endereco_geocode": "R HONORATO DE CARVALHO, 1618, VILA RURAL, 96212340, Rio Grande - RS", "salario_medio": 2472.17, "CNAE_2": "CONSTRUCAO", "Empregados": 35, "Massa_Salarial": 86526.0 }, "geometry": { "type": "Point", "coordinates": [ -52.1413279, -32.0493081 ] } },
{ "type": "Feature", "properties": { "id": 41494, "municipio": "Rio Grande", "rua": "R GENERAL CANABARRO", "numero": "506", "bairro": "CENTRO", "cep": 96200200, "cnae_classe": 86305, "setor": "SAUDE HUMANA E SERVICOS SOCIAIS", "qtd_vinculos": 13, "massa_salarial": 28793.32, "endereco_geocode": "R GENERAL CANABARRO, 506, CENTRO, 96200200, Rio Grande - RS", "salario_medio": 2214.87, "CNAE_2": "SAUDE HUMANA E SERVICOS SOCIAIS", "Empregados": 13, "Massa_Salarial": 28793.32 }, "geometry": { "type": "Point", "coordinates": [ -52.1031993, -32.0299203 ] } },
{ "type": "Feature", "properties": { "id": 41055, "municipio": "Rio Grande", "rua": "R DOUTOR MARIO WERNECK", "numero": "38", "bairro": "PARQUE RESIDENCIAL SALGADO FIL", "cep": 96201470, "cnae_classe": 50211, "setor": "TRANSPORTE, ARMAZENAGEM E CORREIO", "qtd_vinculos": 27, "massa_salarial": 198906.0, "endereco_geocode": "R DOUTOR MARIO WERNECK, 38, PARQUE RESIDENCIAL SALGADO FIL, 96201470, Rio Grande - RS", "salario_medio": 7366.89, "CNAE_2": "TRANSPORTE, ARMAZENAGEM E CORREIO", "Empregados": 27, "Massa_Salarial": 198906.0 }, "geometry": { "type": "Point", "coordinates": [ -52.0898549, -32.0411858 ] } },
{ "type": "Feature", "properties": { "id": 39222, "municipio": "Rio Grande", "rua": "RUA AQUIDABAN", "numero": "689", "bairro": "CENTRO", "cep": 96200480, "cnae_classe": 86305, "setor": "SAUDE HUMANA E SERVICOS SOCIAIS", "qtd_vinculos": 1, "massa_salarial": 1773.0, "endereco_geocode": "RUA AQUIDABAN, 689, CENTRO, 96200480, Rio Grande - RS", "salario_medio": 1773.0, "CNAE_2": "SAUDE HUMANA E SERVICOS SOCIAIS", "Empregados": 1, "Massa_Salarial": 1773.0 }, "geometry": { "type": "Point", "coordinates": [ -52.1050185, -32.0323159 ] } },
{ "type": "Feature", "properties": { "id": 38784, "municipio": "Rio Grande", "rua": "RUA ANDRADAS", "numero": "427", "bairro": "CENTRO", "cep": 96200030, "cnae_classe": 86305, "setor": "SAUDE HUMANA E SERVICOS SOCIAIS", "qtd_vinculos": 1, "massa_salarial": 1752.0, "endereco_geocode": "RUA ANDRADAS, 427, CENTRO, 96200030, Rio Grande - RS", "salario_medio": 1752.0, "CNAE_2": "SAUDE HUMANA E SERVICOS SOCIAIS", "Empregados": 1, "Massa_Salarial": 1752.0 }, "geometry": { "type": "Point", "coordinates": [ -52.0951455, -32.0302312 ] } },
{ "type": "Feature", "properties": { "id": 13488, "municipio": "Rio Grande", "rua": "R GENERAL VITORINO", "numero": "694", "bairro": "CENTRO", "cep": 96200310, "cnae_classe": 49302, "setor": "TRANSPORTE, ARMAZENAGEM E CORREIO", "qtd_vinculos": 4, "massa_salarial": 15062.14, "endereco_geocode": "R GENERAL VITORINO, 694, CENTRO, 96200310, Rio Grande - RS", "salario_medio": 3765.54, "CNAE_2": "TRANSPORTE, ARMAZENAGEM E CORREIO", "Empregados": 4, "Massa_Salarial": 15062.14 }, "geometry": { "type": "Point", "coordinates": [ -52.0924218, -32.0363507 ] } },
{ "type": "Feature", "properties": { "id": 33284, "municipio": "Rio Grande", "rua": "RUA VICE-ALMIRANTE ABREU", "numero": "490", "bairro": "CENTRO", "cep": 96200270, "cnae_classe": 86500, "setor": "SAUDE HUMANA E SERVICOS SOCIAIS", "qtd_vinculos": 1, "massa_salarial": 1500.0, "endereco_geocode": "RUA VICE-ALMIRANTE ABREU, 490, CENTRO, 96200270, Rio Grande - RS", "salario_medio": 1500.0, "CNAE_2": "SAUDE HUMANA E SERVICOS SOCIAIS", "Empregados": 1, "Massa_Salarial": 1500.0 }, "geometry": { "type": "Point", "coordinates": [ -52.0921327, -32.0393178 ] } },
{ "type": "Feature", "properties": { "id": 16142, "municipio": "Rio Grande", "rua": "TV 3", "numero": "36", "bairro": "VILA ELICK WOLLF - SENANDES", "cep": 96217063, "cnae_classe": 28259, "setor": "INDUSTRIAS DE TRANSFORMACAO", "qtd_vinculos": 3, "massa_salarial": 6619.5, "endereco_geocode": "TV 3, 36, VILA ELICK WOLLF - SENANDES, 96217063, Rio Grande - RS", "salario_medio": 2206.5, "CNAE_2": "INDUSTRIAS DE TRANSFORMACAO", "Empregados": 3, "Massa_Salarial": 6619.5 }, "geometry": { "type": "Point", "coordinates": [ -52.101668, -32.0440278 ] } },
{ "type": "Feature", "properties": { "id": 39253, "municipio": "Rio Grande", "rua": "RUA DUQUE DE CAXIAS", "numero": "574", "bairro": "CENTRO", "cep": 96200020, "cnae_classe": 69125, "setor": "ATIVIDADES PROFISSIONAIS, CIENTIFICAS E TECNICAS", "qtd_vinculos": 26, "massa_salarial": 78832.0, "endereco_geocode": "RUA DUQUE DE CAXIAS, 574, CENTRO, 96200020, Rio Grande - RS", "salario_medio": 3032.0, "CNAE_2": "ATIVIDADES PROFISSIONAIS, CIENTIFICAS E TECNICAS", "Empregados": 26, "Massa_Salarial": 78832.0 }, "geometry": { "type": "Point", "coordinates": [ -52.0983841, -32.0400766 ] } },
{ "type": "Feature", "properties": { "id": 40385, "municipio": "Rio Grande", "rua": "R ANDRADAS", "numero": "149", "bairro": "CENTRO", "cep": 96200030, "cnae_classe": 47725, "setor": "COMERCIO; REPARACAO DE VEICULOS", "qtd_vinculos": 4, "massa_salarial": 7241.06, "endereco_geocode": "R ANDRADAS, 149, CENTRO, 96200030, Rio Grande - RS", "salario_medio": 1810.26, "CNAE_2": "COMERCIO; REPARACAO DE VEICULOS", "Empregados": 4, "Massa_Salarial": 7241.06 }, "geometry": { "type": "Point", "coordinates": [ -52.0951455, -32.0302312 ] } },
{ "type": "Feature", "properties": { "id": 19617, "municipio": "Rio Grande", "rua": "R CORONEL SAMPAIO", "numero": "329", "bairro": "CENTRO", "cep": 96200180, "cnae_classe": 38211, "setor": "AGUA, ESGOTO, GESTAO DE RESIDUOS E DESCONTAMINACAO", "qtd_vinculos": 3, "massa_salarial": 6650.0, "endereco_geocode": "R CORONEL SAMPAIO, 329, CENTRO, 96200180, Rio Grande - RS", "salario_medio": 2216.67, "CNAE_2": "AGUA, ESGOTO, GESTAO DE RESIDUOS E DESCONTAMINACAO", "Empregados": 3, "Massa_Salarial": 6650.0 }, "geometry": { "type": "Point", "coordinates": [ -52.0888634, -32.0380834 ] } },
{ "type": "Feature", "properties": { "id": 27499, "municipio": "Rio Grande", "rua": "R DUQUE DE CAXIAS", "numero": "575", "bairro": "CENTRO", "cep": 96200020, "cnae_classe": 71111, "setor": "ATIVIDADES PROFISSIONAIS, CIENTIFICAS E TECNICAS", "qtd_vinculos": 2, "massa_salarial": 3519.67, "endereco_geocode": "R DUQUE DE CAXIAS, 575, CENTRO, 96200020, Rio Grande - RS", "salario_medio": 1759.84, "CNAE_2": "ATIVIDADES PROFISSIONAIS, CIENTIFICAS E TECNICAS", "Empregados": 2, "Massa_Salarial": 3519.67 }, "geometry": { "type": "Point", "coordinates": [ -52.0983841, -32.0400766 ] } },
{ "type": "Feature", "properties": { "id": 15789, "municipio": "Rio Grande", "rua": "R GENERAL CANABARRO", "numero": "184", "bairro": "CENTRO", "cep": 96200200, "cnae_classe": 41107, "setor": "CONSTRUCAO", "qtd_vinculos": 2, "massa_salarial": 5268.37, "endereco_geocode": "R GENERAL CANABARRO, 184, CENTRO, 96200200, Rio Grande - RS", "salario_medio": 2634.18, "CNAE_2": "CONSTRUCAO", "Empregados": 2, "Massa_Salarial": 5268.37 }, "geometry": { "type": "Point", "coordinates": [ -52.1031993, -32.0299203 ] } },
{ "type": "Feature", "properties": { "id": 21791, "municipio": "Rio Grande", "rua": "R AQUIDABAN", "numero": "714", "bairro": "CENTRO", "cep": 96200480, "cnae_classe": 71197, "setor": "ATIVIDADES PROFISSIONAIS, CIENTIFICAS E TECNICAS", "qtd_vinculos": 6, "massa_salarial": 15702.0, "endereco_geocode": "R AQUIDABAN, 714, CENTRO, 96200480, Rio Grande - RS", "salario_medio": 2617.0, "CNAE_2": "ATIVIDADES PROFISSIONAIS, CIENTIFICAS E TECNICAS", "Empregados": 6, "Massa_Salarial": 15702.0 }, "geometry": { "type": "Point", "coordinates": [ -52.1050185, -32.0323159 ] } },
{ "type": "Feature", "properties": { "id": 34293, "municipio": "Rio Grande", "rua": "R VICE ALMIRANTE ABREU", "numero": "341", "bairro": "CENTRO", "cep": 96200270, "cnae_classe": 71201, "setor": "ATIVIDADES PROFISSIONAIS, CIENTIFICAS E TECNICAS", "qtd_vinculos": 27, "massa_salarial": 104310.02, "endereco_geocode": "R VICE ALMIRANTE ABREU, 341, CENTRO, 96200270, Rio Grande - RS", "salario_medio": 3863.33, "CNAE_2": "ATIVIDADES PROFISSIONAIS, CIENTIFICAS E TECNICAS", "Empregados": 27, "Massa_Salarial": 104310.02 }, "geometry": { "type": "Point", "coordinates": [ -52.0921327, -32.0393178 ] } },
{ "type": "Feature", "properties": { "id": 8343, "municipio": "Rio Grande", "rua": "R DUQUE DE CAXIAS", "numero": "393", "bairro": "CENTRO", "cep": 96200020, "cnae_classe": 52320, "setor": "TRANSPORTE, ARMAZENAGEM E CORREIO", "qtd_vinculos": 1, "massa_salarial": 7238.0, "endereco_geocode": "R DUQUE DE CAXIAS, 393, CENTRO, 96200020, Rio Grande - RS", "salario_medio": 7238.0, "CNAE_2": "TRANSPORTE, ARMAZENAGEM E CORREIO", "Empregados": 1, "Massa_Salarial": 7238.0 }, "geometry": { "type": "Point", "coordinates": [ -52.0983841, -32.0400766 ] } },
{ "type": "Feature", "properties": { "id": 11940, "municipio": "Rio Grande", "rua": "R VISCONDE DE MAUA", "numero": "301", "bairro": "CIDADE NOVA", "cep": 96211030, "cnae_classe": 47211, "setor": "COMERCIO; REPARACAO DE VEICULOS", "qtd_vinculos": 17, "massa_salarial": 34536.0, "endereco_geocode": "R VISCONDE DE MAUA, 301, CIDADE NOVA, 96211030, Rio Grande - RS", "salario_medio": 2031.53, "CNAE_2": "COMERCIO; REPARACAO DE VEICULOS", "Empregados": 17, "Massa_Salarial": 34536.0 }, "geometry": { "type": "Point", "coordinates": [ -52.1095709, -32.0347168 ] } },
{ "type": "Feature", "properties": { "id": 20255, "municipio": "Rio Grande", "rua": "R ANDRADAS", "numero": "192", "bairro": "CENTRO", "cep": 96200030, "cnae_classe": 47814, "setor": "COMERCIO; REPARACAO DE VEICULOS", "qtd_vinculos": 1, "massa_salarial": 1732.0, "endereco_geocode": "R ANDRADAS, 192, CENTRO, 96200030, Rio Grande - RS", "salario_medio": 1732.0, "CNAE_2": "COMERCIO; REPARACAO DE VEICULOS", "Empregados": 1, "Massa_Salarial": 1732.0 }, "geometry": { "type": "Point", "coordinates": [ -52.0951455, -32.0302312 ] } },
{ "type": "Feature", "properties": { "id": 16526, "municipio": "Rio Grande", "rua": "R SAO DOMINGOS SAVIO", "numero": "27", "bairro": "CIDADE NOVA", "cep": 96211190, "cnae_classe": 69206, "setor": "ATIVIDADES PROFISSIONAIS, CIENTIFICAS E TECNICAS", "qtd_vinculos": 1, "massa_salarial": 2343.46, "endereco_geocode": "R SAO DOMINGOS SAVIO, 27, CIDADE NOVA, 96211190, Rio Grande - RS", "salario_medio": 2343.46, "CNAE_2": "ATIVIDADES PROFISSIONAIS, CIENTIFICAS E TECNICAS", "Empregados": 1, "Massa_Salarial": 2343.46 }, "geometry": { "type": "Point", "coordinates": [ -52.1098566, -32.0302429 ] } },
{ "type": "Feature", "properties": { "id": 17282, "municipio": "Rio Grande", "rua": "R JOCKEY CLUB", "numero": "122", "bairro": "SO MIGUEL", "cep": 96212730, "cnae_classe": 47229, "setor": "COMERCIO; REPARACAO DE VEICULOS", "qtd_vinculos": 4, "massa_salarial": 7369.0, "endereco_geocode": "R JOCKEY CLUB, 122, SO MIGUEL, 96212730, Rio Grande - RS", "salario_medio": 1842.25, "CNAE_2": "COMERCIO; REPARACAO DE VEICULOS", "Empregados": 4, "Massa_Salarial": 7369.0 }, "geometry": { "type": "Point", "coordinates": [ -52.1512282, -32.0500348 ] } },
{ "type": "Feature", "properties": { "id": 9800, "municipio": "Rio Grande", "rua": "AV MAJOR CARLOS PINTO", "numero": "458", "bairro": "CIDADE NOVA", "cep": 96211020, "cnae_classe": 74901, "setor": "ATIVIDADES PROFISSIONAIS, CIENTIFICAS E TECNICAS", "qtd_vinculos": 15, "massa_salarial": 82819.0, "endereco_geocode": "AV MAJOR CARLOS PINTO, 458, CIDADE NOVA, 96211020, Rio Grande - RS", "salario_medio": 5521.27, "CNAE_2": "ATIVIDADES PROFISSIONAIS, CIENTIFICAS E TECNICAS", "Empregados": 15, "Massa_Salarial": 82819.0 }, "geometry": { "type": "Point", "coordinates": [ -52.1039942, -32.0394397 ] } },
{ "type": "Feature", "properties": { "id": 9509, "municipio": "Rio Grande", "rua": "R EWBANK", "numero": "3", "bairro": "CENTRO", "cep": 96200080, "cnae_classe": 69206, "setor": "ATIVIDADES PROFISSIONAIS, CIENTIFICAS E TECNICAS", "qtd_vinculos": 9, "massa_salarial": 24911.4, "endereco_geocode": "R EWBANK, 03, CENTRO, 96200080, Rio Grande - RS", "salario_medio": 2767.93, "CNAE_2": "ATIVIDADES PROFISSIONAIS, CIENTIFICAS E TECNICAS", "Empregados": 9, "Massa_Salarial": 24911.4 }, "geometry": { "type": "Point", "coordinates": [ -52.0942068, -32.0310165 ] } },
{ "type": "Feature", "properties": { "id": 7406, "municipio": "Rio Grande", "rua": "R DUQUE DE CAXIAS", "numero": "167", "bairro": "CENTRO", "cep": 96200020, "cnae_classe": 82997, "setor": "ATIVIDADES ADMINISTRATIVAS E SERVICOS COMPLEMENTARES", "qtd_vinculos": 11, "massa_salarial": 19726.0, "endereco_geocode": "R DUQUE DE CAXIAS, 167, CENTRO, 96200020, Rio Grande - RS", "salario_medio": 1793.27, "CNAE_2": "ATIVIDADES ADMINISTRATIVAS E SERVICOS COMPLEMENTARES", "Empregados": 11, "Massa_Salarial": 19726.0 }, "geometry": { "type": "Point", "coordinates": [ -52.0983841, -32.0400766 ] } },
{ "type": "Feature", "properties": { "id": 8398, "municipio": "Rio Grande", "rua": "R CORONEL SAMPAIO", "numero": "324", "bairro": "CENTRO", "cep": 96200180, "cnae_classe": 69206, "setor": "ATIVIDADES PROFISSIONAIS, CIENTIFICAS E TECNICAS", "qtd_vinculos": 5, "massa_salarial": 11947.0, "endereco_geocode": "R CORONEL SAMPAIO, 324, CENTRO, 96200180, Rio Grande - RS", "salario_medio": 2389.4, "CNAE_2": "ATIVIDADES PROFISSIONAIS, CIENTIFICAS E TECNICAS", "Empregados": 5, "Massa_Salarial": 11947.0 }, "geometry": { "type": "Point", "coordinates": [ -52.0888634, -32.0380834 ] } },
{ "type": "Feature", "properties": { "id": 41492, "municipio": "Rio Grande", "rua": "R ANDRADAS", "numero": "163", "bairro": "CENTRO", "cep": 96200030, "cnae_classe": 81125, "setor": "ATIVIDADES ADMINISTRATIVAS E SERVICOS COMPLEMENTARES", "qtd_vinculos": 2, "massa_salarial": 4839.0, "endereco_geocode": "R ANDRADAS, 163, CENTRO, 96200030, Rio Grande - RS", "salario_medio": 2419.5, "CNAE_2": "ATIVIDADES ADMINISTRATIVAS E SERVICOS COMPLEMENTARES", "Empregados": 2, "Massa_Salarial": 4839.0 }, "geometry": { "type": "Point", "coordinates": [ -52.0951455, -32.0302312 ] } },
{ "type": "Feature", "properties": { "id": 29660, "municipio": "Rio Grande", "rua": "AV MAJOR CARLOS PINTO", "numero": "384", "bairro": "CIDADE NOVA", "cep": 96211020, "cnae_classe": 93115, "setor": "ARTES, CULTURA, ESPORTE E RECREACAO", "qtd_vinculos": 2, "massa_salarial": 3901.0, "endereco_geocode": "AV MAJOR CARLOS PINTO, 384, CIDADE NOVA, 96211020, Rio Grande - RS", "salario_medio": 1950.5, "CNAE_2": "ARTES, CULTURA, ESPORTE E RECREACAO", "Empregados": 2, "Massa_Salarial": 3901.0 }, "geometry": { "type": "Point", "coordinates": [ -52.1039942, -32.0394397 ] } },
{ "type": "Feature", "properties": { "id": 2727, "municipio": "Rio Grande", "rua": "R SENADOR CORREA", "numero": "571", "bairro": "CENTRO", "cep": 96200600, "cnae_classe": 47814, "setor": "COMERCIO; REPARACAO DE VEICULOS", "qtd_vinculos": 10, "massa_salarial": 17564.75, "endereco_geocode": "R SENADOR CORREA, 571, CENTRO, 96200600, Rio Grande - RS", "salario_medio": 1756.48, "CNAE_2": "COMERCIO; REPARACAO DE VEICULOS", "Empregados": 10, "Massa_Salarial": 17564.75 }, "geometry": { "type": "Point", "coordinates": [ -52.0976548, -32.0402068 ] } },
{ "type": "Feature", "properties": { "id": 40492, "municipio": "Rio Grande", "rua": "R AQUIDABAN", "numero": "664", "bairro": "CENTRO", "cep": 96200480, "cnae_classe": 94308, "setor": "OUTRAS ATIVIDADES DE SERVICOS", "qtd_vinculos": 1, "massa_salarial": 1713.0, "endereco_geocode": "R AQUIDABAN, 664, CENTRO, 96200480, Rio Grande - RS", "salario_medio": 1713.0, "CNAE_2": "OUTRAS ATIVIDADES DE SERVICOS", "Empregados": 1, "Massa_Salarial": 1713.0 }, "geometry": { "type": "Point", "coordinates": [ -52.1050185, -32.0323159 ] } },
{ "type": "Feature", "properties": { "id": 32676, "municipio": "Rio Grande", "rua": "R GENERAL VITORINO", "numero": "690", "bairro": "CENTRO", "cep": 96200310, "cnae_classe": 86305, "setor": "SAUDE HUMANA E SERVICOS SOCIAIS", "qtd_vinculos": 2, "massa_salarial": 3648.0, "endereco_geocode": "R GENERAL VITORINO, 690, CENTRO, 96200310, Rio Grande - RS", "salario_medio": 1824.0, "CNAE_2": "SAUDE HUMANA E SERVICOS SOCIAIS", "Empregados": 2, "Massa_Salarial": 3648.0 }, "geometry": { "type": "Point", "coordinates": [ -52.0924218, -32.0363507 ] } },
{ "type": "Feature", "properties": { "id": 17057, "municipio": "Rio Grande", "rua": "RUA VICE ALMIRANTE ABREU", "numero": "799", "bairro": "CENTRO", "cep": 96200270, "cnae_classe": 86305, "setor": "SAUDE HUMANA E SERVICOS SOCIAIS", "qtd_vinculos": 1, "massa_salarial": 1833.0, "endereco_geocode": "RUA VICE ALMIRANTE ABREU, 799, CENTRO, 96200270, Rio Grande - RS", "salario_medio": 1833.0, "CNAE_2": "SAUDE HUMANA E SERVICOS SOCIAIS", "Empregados": 1, "Massa_Salarial": 1833.0 }, "geometry": { "type": "Point", "coordinates": [ -52.0921327, -32.0393178 ] } },
{ "type": "Feature", "properties": { "id": 38137, "municipio": "Rio Grande", "rua": "R ANDRADAS", "numero": "133", "bairro": "CENTRO", "cep": 96200030, "cnae_classe": 47822, "setor": "COMERCIO; REPARACAO DE VEICULOS", "qtd_vinculos": 4, "massa_salarial": 7243.0, "endereco_geocode": "R ANDRADAS, 133, CENTRO, 96200030, Rio Grande - RS", "salario_medio": 1810.75, "CNAE_2": "COMERCIO; REPARACAO DE VEICULOS", "Empregados": 4, "Massa_Salarial": 7243.0 }, "geometry": { "type": "Point", "coordinates": [ -52.0951455, -32.0302312 ] } },
{ "type": "Feature", "properties": { "id": 10072, "municipio": "Rio Grande", "rua": "R ANDRADAS", "numero": "183", "bairro": "CENTRO", "cep": 96200030, "cnae_classe": 47547, "setor": "COMERCIO; REPARACAO DE VEICULOS", "qtd_vinculos": 1, "massa_salarial": 1957.0, "endereco_geocode": "R ANDRADAS, 183, CENTRO, 96200030, Rio Grande - RS", "salario_medio": 1957.0, "CNAE_2": "COMERCIO; REPARACAO DE VEICULOS", "Empregados": 1, "Massa_Salarial": 1957.0 }, "geometry": { "type": "Point", "coordinates": [ -52.0951455, -32.0302312 ] } },
{ "type": "Feature", "properties": { "id": 3721, "municipio": "Rio Grande", "rua": "R GENERAL VITORINO", "numero": "665", "bairro": "CENTRO", "cep": 96200310, "cnae_classe": 86402, "setor": "SAUDE HUMANA E SERVICOS SOCIAIS", "qtd_vinculos": 15, "massa_salarial": 32046.0, "endereco_geocode": "R GENERAL VITORINO, 665, CENTRO, 96200310, Rio Grande - RS", "salario_medio": 2136.4, "CNAE_2": "SAUDE HUMANA E SERVICOS SOCIAIS", "Empregados": 15, "Massa_Salarial": 32046.0 }, "geometry": { "type": "Point", "coordinates": [ -52.0924218, -32.0363507 ] } },
{ "type": "Feature", "properties": { "id": 20391, "municipio": "Rio Grande", "rua": "R AQUIDABAN", "numero": "714", "bairro": "CENTRO", "cep": 96200480, "cnae_classe": 41107, "setor": "CONSTRUCAO", "qtd_vinculos": 69, "massa_salarial": 186970.59, "endereco_geocode": "R AQUIDABAN, 714, CENTRO, 96200480, Rio Grande - RS", "salario_medio": 2709.72, "CNAE_2": "CONSTRUCAO", "Empregados": 69, "Massa_Salarial": 186970.59 }, "geometry": { "type": "Point", "coordinates": [ -52.1050185, -32.0323159 ] } },
{ "type": "Feature", "properties": { "id": 36939, "municipio": "Rio Grande", "rua": "R AQUIDABAN", "numero": "685", "bairro": "CENTRO", "cep": 96200480, "cnae_classe": 86305, "setor": "SAUDE HUMANA E SERVICOS SOCIAIS", "qtd_vinculos": 1, "massa_salarial": 807.0, "endereco_geocode": "R AQUIDABAN, 685, CENTRO, 96200480, Rio Grande - RS", "salario_medio": 807.0, "CNAE_2": "SAUDE HUMANA E SERVICOS SOCIAIS", "Empregados": 1, "Massa_Salarial": 807.0 }, "geometry": { "type": "Point", "coordinates": [ -52.1050185, -32.0323159 ] } },
{ "type": "Feature", "properties": { "id": 36558, "municipio": "Rio Grande", "rua": "R GAL CANABARRO", "numero": "104", "bairro": "CENTRO", "cep": 96200200, "cnae_classe": 65111, "setor": "ATIVIDADES FINANCEIRAS E SEGUROS", "qtd_vinculos": 5, "massa_salarial": 8621.0, "endereco_geocode": "R GAL CANABARRO, 104, CENTRO, 96200200, Rio Grande - RS", "salario_medio": 1724.2, "CNAE_2": "ATIVIDADES FINANCEIRAS E SEGUROS", "Empregados": 5, "Massa_Salarial": 8621.0 }, "geometry": { "type": "Point", "coordinates": [ -52.1031993, -32.0299203 ] } },
{ "type": "Feature", "properties": { "id": 3161, "municipio": "Rio Grande", "rua": "R DUQUE DE CAXIAS", "numero": "88", "bairro": "CENTRO", "cep": 96200020, "cnae_classe": 47521, "setor": "COMERCIO; REPARACAO DE VEICULOS", "qtd_vinculos": 13, "massa_salarial": 27525.0, "endereco_geocode": "R DUQUE DE CAXIAS, 88, CENTRO, 96200020, Rio Grande - RS", "salario_medio": 2117.31, "CNAE_2": "COMERCIO; REPARACAO DE VEICULOS", "Empregados": 13, "Massa_Salarial": 27525.0 }, "geometry": { "type": "Point", "coordinates": [ -52.0983841, -32.0400766 ] } },
{ "type": "Feature", "properties": { "id": 14727, "municipio": "Rio Grande", "rua": "R ANDRADAS", "numero": "187", "bairro": "CENTRO", "cep": 96200030, "cnae_classe": 69206, "setor": "ATIVIDADES PROFISSIONAIS, CIENTIFICAS E TECNICAS", "qtd_vinculos": 2, "massa_salarial": 6952.0, "endereco_geocode": "R ANDRADAS, 187, CENTRO, 96200030, Rio Grande - RS", "salario_medio": 3476.0, "CNAE_2": "ATIVIDADES PROFISSIONAIS, CIENTIFICAS E TECNICAS", "Empregados": 2, "Massa_Salarial": 6952.0 }, "geometry": { "type": "Point", "coordinates": [ -52.0951455, -32.0302312 ] } },
{ "type": "Feature", "properties": { "id": 20926, "municipio": "Rio Grande", "rua": "R FRANCISCO MARQUES", "numero": "348", "bairro": "CENTRO", "cep": 96200150, "cnae_classe": 71111, "setor": "ATIVIDADES PROFISSIONAIS, CIENTIFICAS E TECNICAS", "qtd_vinculos": 4, "massa_salarial": 7914.0, "endereco_geocode": "R FRANCISCO MARQUES, 348, CENTRO, 96200150, Rio Grande - RS", "salario_medio": 1978.5, "CNAE_2": "ATIVIDADES PROFISSIONAIS, CIENTIFICAS E TECNICAS", "Empregados": 4, "Massa_Salarial": 7914.0 }, "geometry": { "type": "Point", "coordinates": [ -52.0908838, -32.0348574 ] } },
{ "type": "Feature", "properties": { "id": 42399, "municipio": "Rio Grande", "rua": "R DUQUE DE CAXIAS", "numero": "108", "bairro": "CENTRO", "cep": 96200020, "cnae_classe": 64221, "setor": "ATIVIDADES FINANCEIRAS E SEGUROS", "qtd_vinculos": 28, "massa_salarial": 185359.27, "endereco_geocode": "R DUQUE DE CAXIAS, 108, CENTRO, 96200020, Rio Grande - RS", "salario_medio": 6619.97, "CNAE_2": "ATIVIDADES FINANCEIRAS E SEGUROS", "Empregados": 28, "Massa_Salarial": 185359.27 }, "geometry": { "type": "Point", "coordinates": [ -52.0983841, -32.0400766 ] } },
{ "type": "Feature", "properties": { "id": 42383, "municipio": "Rio Grande", "rua": "R DUQUE DE CAXIAS", "numero": "108", "bairro": "CENTRO", "cep": 96200020, "cnae_classe": 64212, "setor": "ATIVIDADES FINANCEIRAS E SEGUROS", "qtd_vinculos": 2, "massa_salarial": 20857.0, "endereco_geocode": "R DUQUE DE CAXIAS, 108, CENTRO, 96200020, Rio Grande - RS", "salario_medio": 10428.5, "CNAE_2": "ATIVIDADES FINANCEIRAS E SEGUROS", "Empregados": 2, "Massa_Salarial": 20857.0 }, "geometry": { "type": "Point", "coordinates": [ -52.0983841, -32.0400766 ] } },
{ "type": "Feature", "properties": { "id": 18995, "municipio": "Rio Grande", "rua": "R GENERAL BERTOLDO KLINGER", "numero": "16", "bairro": "LAR GAUCHO", "cep": 96202410, "cnae_classe": 25390, "setor": "INDUSTRIAS DE TRANSFORMACAO", "qtd_vinculos": 6, "massa_salarial": 13994.0, "endereco_geocode": "R GENERAL BERTOLDO KLINGER, 16, LAR GAUCHO, 96202410, Rio Grande - RS", "salario_medio": 2332.33, "CNAE_2": "INDUSTRIAS DE TRANSFORMACAO", "Empregados": 6, "Massa_Salarial": 13994.0 }, "geometry": { "type": "Point", "coordinates": [ -52.0948378, -32.0447278 ] } },
{ "type": "Feature", "properties": { "id": 31145, "municipio": "Rio Grande", "rua": "R AQUIDABAN", "numero": "714", "bairro": "CENTRO", "cep": 96200480, "cnae_classe": 78108, "setor": "ATIVIDADES ADMINISTRATIVAS E SERVICOS COMPLEMENTARES", "qtd_vinculos": 62, "massa_salarial": 132851.7, "endereco_geocode": "R AQUIDABAN, 714, CENTRO, 96200480, Rio Grande - RS", "salario_medio": 2142.77, "CNAE_2": "ATIVIDADES ADMINISTRATIVAS E SERVICOS COMPLEMENTARES", "Empregados": 62, "Massa_Salarial": 132851.7 }, "geometry": { "type": "Point", "coordinates": [ -52.1050185, -32.0323159 ] } },
{ "type": "Feature", "properties": { "id": 29438, "municipio": "Rio Grande", "rua": "R ANDRADAS", "numero": "233", "bairro": "CENTRO", "cep": 96200030, "cnae_classe": 85112, "setor": "EDUCACAO", "qtd_vinculos": 11, "massa_salarial": 18990.64, "endereco_geocode": "R ANDRADAS, 233, CENTRO, 96200030, Rio Grande - RS", "salario_medio": 1726.42, "CNAE_2": "EDUCACAO", "Empregados": 11, "Massa_Salarial": 18990.64 }, "geometry": { "type": "Point", "coordinates": [ -52.0951455, -32.0302312 ] } },
{ "type": "Feature", "properties": { "id": 42242, "municipio": "Rio Grande", "rua": "R AQUIDABAN", "numero": "757", "bairro": "SEDE", "cep": 96200480, "cnae_classe": 47211, "setor": "COMERCIO; REPARACAO DE VEICULOS", "qtd_vinculos": 32, "massa_salarial": 112199.23, "endereco_geocode": "R AQUIDABAN, 757, SEDE, 96200480, Rio Grande - RS", "salario_medio": 3506.23, "CNAE_2": "COMERCIO; REPARACAO DE VEICULOS", "Empregados": 32, "Massa_Salarial": 112199.23 }, "geometry": { "type": "Point", "coordinates": [ -52.1050185, -32.0323159 ] } },
{ "type": "Feature", "properties": { "id": 26957, "municipio": "Rio Grande", "rua": "R AQUIDABAN", "numero": "649", "bairro": "CENTRO", "cep": 96200480, "cnae_classe": 96025, "setor": "OUTRAS ATIVIDADES DE SERVICOS", "qtd_vinculos": 1, "massa_salarial": 1314.0, "endereco_geocode": "R AQUIDABAN, 649, CENTRO, 96200480, Rio Grande - RS", "salario_medio": 1314.0, "CNAE_2": "OUTRAS ATIVIDADES DE SERVICOS", "Empregados": 1, "Massa_Salarial": 1314.0 }, "geometry": { "type": "Point", "coordinates": [ -52.1050185, -32.0323159 ] } },
{ "type": "Feature", "properties": { "id": 26333, "municipio": "Rio Grande", "rua": "R ANDRADAS", "numero": "159", "bairro": "CENTRO", "cep": 96200030, "cnae_classe": 79112, "setor": "ATIVIDADES ADMINISTRATIVAS E SERVICOS COMPLEMENTARES", "qtd_vinculos": 5, "massa_salarial": 7800.0, "endereco_geocode": "R ANDRADAS, 159, CENTRO, 96200030, Rio Grande - RS", "salario_medio": 1560.0, "CNAE_2": "ATIVIDADES ADMINISTRATIVAS E SERVICOS COMPLEMENTARES", "Empregados": 5, "Massa_Salarial": 7800.0 }, "geometry": { "type": "Point", "coordinates": [ -52.0951455, -32.0302312 ] } },
{ "type": "Feature", "properties": { "id": 36915, "municipio": "Rio Grande", "rua": "AV MAJOR CARLOS PINTO", "numero": "505", "bairro": "CIDADE NOVA", "cep": 96211021, "cnae_classe": 68226, "setor": "ATIVIDADES IMOBILIARIAS", "qtd_vinculos": 2, "massa_salarial": 4422.0, "endereco_geocode": "AV MAJOR CARLOS PINTO, 505, CIDADE NOVA, 96211021, Rio Grande - RS", "salario_medio": 2211.0, "CNAE_2": "ATIVIDADES IMOBILIARIAS", "Empregados": 2, "Massa_Salarial": 4422.0 }, "geometry": { "type": "Point", "coordinates": [ -52.1039942, -32.0394397 ] } },
{ "type": "Feature", "properties": { "id": 11915, "municipio": "Rio Grande", "rua": "R REPUBLICA DO LIBANO", "numero": "333", "bairro": "CENTRO", "cep": 96200360, "cnae_classe": 47814, "setor": "COMERCIO; REPARACAO DE VEICULOS", "qtd_vinculos": 3, "massa_salarial": 5241.0, "endereco_geocode": "R REPUBLICA DO LIBANO, 333, CENTRO, 96200360, Rio Grande - RS", "salario_medio": 1747.0, "CNAE_2": "COMERCIO; REPARACAO DE VEICULOS", "Empregados": 3, "Massa_Salarial": 5241.0 }, "geometry": { "type": "Point", "coordinates": [ -52.0915859, -32.0327657 ] } },
{ "type": "Feature", "properties": { "id": 41318, "municipio": "Rio Grande", "rua": "R DUQUE DE CAXIAS", "numero": "234", "bairro": "CENTRO", "cep": 96200020, "cnae_classe": 60101, "setor": "INFORMACAO E COMUNICACAO", "qtd_vinculos": 7, "massa_salarial": 11110.64, "endereco_geocode": "R DUQUE DE CAXIAS, 234, CENTRO, 96200020, Rio Grande - RS", "salario_medio": 1587.23, "CNAE_2": "INFORMACAO E COMUNICACAO", "Empregados": 7, "Massa_Salarial": 11110.64 }, "geometry": { "type": "Point", "coordinates": [ -52.0983841, -32.0400766 ] } },
{ "type": "Feature", "properties": { "id": 3561, "municipio": "Rio Grande", "rua": "R CONSELHEIRO PINTO LIMA", "numero": "64", "bairro": "CENTRO", "cep": 96200530, "cnae_classe": 47571, "setor": "COMERCIO; REPARACAO DE VEICULOS", "qtd_vinculos": 2, "massa_salarial": 3418.0, "endereco_geocode": "R CONSELHEIRO PINTO LIMA, 64, CENTRO, 96200530, Rio Grande - RS", "salario_medio": 1709.0, "CNAE_2": "COMERCIO; REPARACAO DE VEICULOS", "Empregados": 2, "Massa_Salarial": 3418.0 }, "geometry": { "type": "Point", "coordinates": [ -52.0991056, -32.0299495 ] } },
{ "type": "Feature", "properties": { "id": 9019, "municipio": "Rio Grande", "rua": "R VISCONDE DE MAUA", "numero": "320", "bairro": "CIDADE NOVA", "cep": 96211030, "cnae_classe": 47440, "setor": "COMERCIO; REPARACAO DE VEICULOS", "qtd_vinculos": 3, "massa_salarial": 7068.0, "endereco_geocode": "R VISCONDE DE MAUA, 320, CIDADE NOVA, 96211030, Rio Grande - RS", "salario_medio": 2356.0, "CNAE_2": "COMERCIO; REPARACAO DE VEICULOS", "Empregados": 3, "Massa_Salarial": 7068.0 }, "geometry": { "type": "Point", "coordinates": [ -52.1095709, -32.0347168 ] } },
{ "type": "Feature", "properties": { "id": 38925, "municipio": "Rio Grande", "rua": "RUA GENERAL CANABARRO", "numero": "188", "bairro": "CENTRO", "cep": 96200200, "cnae_classe": 86305, "setor": "SAUDE HUMANA E SERVICOS SOCIAIS", "qtd_vinculos": 1, "massa_salarial": 1613.0, "endereco_geocode": "RUA GENERAL CANABARRO, 188, CENTRO, 96200200, Rio Grande - RS", "salario_medio": 1613.0, "CNAE_2": "SAUDE HUMANA E SERVICOS SOCIAIS", "Empregados": 1, "Massa_Salarial": 1613.0 }, "geometry": { "type": "Point", "coordinates": [ -52.1031993, -32.0299203 ] } },
{ "type": "Feature", "properties": { "id": 2784, "municipio": "Rio Grande", "rua": "RUA VICE-ALMIRANTE ABREU", "numero": "403", "bairro": "CENTRO", "cep": 96200270, "cnae_classe": 86305, "setor": "SAUDE HUMANA E SERVICOS SOCIAIS", "qtd_vinculos": 1, "massa_salarial": 1563.0, "endereco_geocode": "RUA VICE-ALMIRANTE ABREU, 403, CENTRO, 96200270, Rio Grande - RS", "salario_medio": 1563.0, "CNAE_2": "SAUDE HUMANA E SERVICOS SOCIAIS", "Empregados": 1, "Massa_Salarial": 1563.0 }, "geometry": { "type": "Point", "coordinates": [ -52.0921327, -32.0393178 ] } },
{ "type": "Feature", "properties": { "id": 19870, "municipio": "Rio Grande", "rua": "R DUQUE DE CAXIAS", "numero": "173", "bairro": "CENTRO", "cep": 96200020, "cnae_classe": 47741, "setor": "COMERCIO; REPARACAO DE VEICULOS", "qtd_vinculos": 2, "massa_salarial": 2962.0, "endereco_geocode": "R DUQUE DE CAXIAS, 173, CENTRO, 96200020, Rio Grande - RS", "salario_medio": 1481.0, "CNAE_2": "COMERCIO; REPARACAO DE VEICULOS", "Empregados": 2, "Massa_Salarial": 2962.0 }, "geometry": { "type": "Point", "coordinates": [ -52.0983841, -32.0400766 ] } },
{ "type": "Feature", "properties": { "id": 28137, "municipio": "Rio Grande", "rua": "R GENERAL VITORINO", "numero": "298", "bairro": "CENTRO", "cep": 96200310, "cnae_classe": 71120, "setor": "ATIVIDADES PROFISSIONAIS, CIENTIFICAS E TECNICAS", "qtd_vinculos": 9, "massa_salarial": 34031.65, "endereco_geocode": "R GENERAL VITORINO, 298, CENTRO, 96200310, Rio Grande - RS", "salario_medio": 3781.29, "CNAE_2": "ATIVIDADES PROFISSIONAIS, CIENTIFICAS E TECNICAS", "Empregados": 9, "Massa_Salarial": 34031.65 }, "geometry": { "type": "Point", "coordinates": [ -52.0924218, -32.0363507 ] } },
{ "type": "Feature", "properties": { "id": 47769, "municipio": "Rio Grande", "rua": "R VICE ALMIRANTE ABREU", "numero": "739", "bairro": "CENTRO", "cep": 96200270, "cnae_classe": 84116, "setor": "ADMINISTRACAO PUBLICA, DEFESA E SEGURIDADE SOCIAL", "qtd_vinculos": 1, "massa_salarial": 4703.07, "endereco_geocode": "R VICE ALMIRANTE ABREU, 739, CENTRO, 96200270, Rio Grande - RS", "salario_medio": 4703.07, "CNAE_2": "ADMINISTRACAO PUBLICA, DEFESA E SEGURIDADE SOCIAL", "Empregados": 1, "Massa_Salarial": 4703.07 }, "geometry": { "type": "Point", "coordinates": [ -52.0921327, -32.0393178 ] } },
{ "type": "Feature", "properties": { "id": 679, "municipio": "Rio Grande", "rua": "R TRINDADE", "numero": "411", "bairro": "CENTRO", "cep": 96200160, "cnae_classe": 52508, "setor": "TRANSPORTE, ARMAZENAGEM E CORREIO", "qtd_vinculos": 4, "massa_salarial": 8276.0, "endereco_geocode": "R TRINDADE, 411, CENTRO, 96200160, Rio Grande - RS", "salario_medio": 2069.0, "CNAE_2": "TRANSPORTE, ARMAZENAGEM E CORREIO", "Empregados": 4, "Massa_Salarial": 8276.0 }, "geometry": { "type": "Point", "coordinates": [ -52.090433, -32.0377692 ] } },
{ "type": "Feature", "properties": { "id": 3529, "municipio": "Rio Grande", "rua": "R IRMA OTILIA", "numero": "253", "bairro": "VILA RURAL", "cep": 96212320, "cnae_classe": 60217, "setor": "INFORMACAO E COMUNICACAO", "qtd_vinculos": 30, "massa_salarial": 101452.0, "endereco_geocode": "R IRMA OTILIA, 253, VILA RURAL, 96212320, Rio Grande - RS", "salario_medio": 3381.73, "CNAE_2": "INFORMACAO E COMUNICACAO", "Empregados": 30, "Massa_Salarial": 101452.0 }, "geometry": { "type": "Point", "coordinates": [ -52.1418591, -32.0481661 ] } },
{ "type": "Feature", "properties": { "id": 32673, "municipio": "Rio Grande", "rua": "R REPUBLICA DO LIBANO", "numero": "226", "bairro": "CENTRO", "cep": 96200360, "cnae_classe": 85937, "setor": "EDUCACAO", "qtd_vinculos": 4, "massa_salarial": 5782.0, "endereco_geocode": "R REPUBLICA DO LIBANO, 226, CENTRO, 96200360, Rio Grande - RS", "salario_medio": 1445.5, "CNAE_2": "EDUCACAO", "Empregados": 4, "Massa_Salarial": 5782.0 }, "geometry": { "type": "Point", "coordinates": [ -52.0915859, -32.0327657 ] } },
{ "type": "Feature", "properties": { "id": 31506, "municipio": "Rio Grande", "rua": "R COMENDADOR HENRIQUE PANCADA", "numero": "965", "bairro": "LAGOA", "cep": 96211330, "cnae_classe": 33147, "setor": "INDUSTRIAS DE TRANSFORMACAO", "qtd_vinculos": 1, "massa_salarial": 2879.0, "endereco_geocode": "R COMENDADOR HENRIQUE PANCADA, 965, LAGOA, 96211330, Rio Grande - RS", "salario_medio": 2879.0, "CNAE_2": "INDUSTRIAS DE TRANSFORMACAO", "Empregados": 1, "Massa_Salarial": 2879.0 }, "geometry": { "type": "Point", "coordinates": [ -52.1291393, -32.042108 ] } },
{ "type": "Feature", "properties": { "id": 47780, "municipio": "Rio Grande", "rua": "R ALMIRANTE BARROSO", "numero": "321", "bairro": "CENTRO", "cep": 96201001, "cnae_classe": 85139, "setor": "EDUCACAO", "qtd_vinculos": 1, "massa_salarial": 2724.48, "endereco_geocode": "R ALMIRANTE BARROSO, 321, CENTRO, 96201001, Rio Grande - RS", "salario_medio": 2724.48, "CNAE_2": "EDUCACAO", "Empregados": 1, "Massa_Salarial": 2724.48 }, "geometry": { "type": "Point", "coordinates": [ -52.0875768, -32.0380809 ] } },
{ "type": "Feature", "properties": { "id": 7278, "municipio": "Rio Grande", "rua": "AV COMENDADOR VASCO VIEIRA DA FONSECA", "numero": "69", "bairro": "CENTRO", "cep": 96200420, "cnae_classe": 46338, "setor": "COMERCIO; REPARACAO DE VEICULOS", "qtd_vinculos": 1, "massa_salarial": 2327.0, "endereco_geocode": "AV COMENDADOR VASCO VIEIRA DA FONSECA, 69, CENTRO, 96200420, Rio Grande - RS", "salario_medio": 2327.0, "CNAE_2": "COMERCIO; REPARACAO DE VEICULOS", "Empregados": 1, "Massa_Salarial": 2327.0 }, "geometry": { "type": "Point", "coordinates": [ -52.1053625, -32.0289242 ] } },
{ "type": "Feature", "properties": { "id": 24462, "municipio": "Rio Grande", "rua": "R DAS MISSOES", "numero": "400", "bairro": "COHAB II", "cep": 96211460, "cnae_classe": 80111, "setor": "ATIVIDADES ADMINISTRATIVAS E SERVICOS COMPLEMENTARES", "qtd_vinculos": 30, "massa_salarial": 62763.0, "endereco_geocode": "R DAS MISSOES, 400, COHAB II, 96211460, Rio Grande - RS", "salario_medio": 2092.1, "CNAE_2": "ATIVIDADES ADMINISTRATIVAS E SERVICOS COMPLEMENTARES", "Empregados": 30, "Massa_Salarial": 62763.0 }, "geometry": { "type": "Point", "coordinates": [ -52.129514, -32.0462791 ] } },
{ "type": "Feature", "properties": { "id": 15590, "municipio": "Rio Grande", "rua": "R VISCONDE DE MAUA", "numero": "1301", "bairro": "CIDADE NOVA", "cep": 96211031, "cnae_classe": 47440, "setor": "COMERCIO; REPARACAO DE VEICULOS", "qtd_vinculos": 1, "massa_salarial": 1585.0, "endereco_geocode": "R VISCONDE DE MAUA, 1301, CIDADE NOVA, 96211031, Rio Grande - RS", "salario_medio": 1585.0, "CNAE_2": "COMERCIO; REPARACAO DE VEICULOS", "Empregados": 1, "Massa_Salarial": 1585.0 }, "geometry": { "type": "Point", "coordinates": [ -52.1095709, -32.0347168 ] } },
{ "type": "Feature", "properties": { "id": 17778, "municipio": "Rio Grande", "rua": "R ALMIRANTE BARROSO", "numero": "320", "bairro": "GETULIO VARGAS", "cep": 96201000, "cnae_classe": 49299, "setor": "TRANSPORTE, ARMAZENAGEM E CORREIO", "qtd_vinculos": 1, "massa_salarial": 3517.68, "endereco_geocode": "R ALMIRANTE BARROSO, 320, GETULIO VARGAS, 96201000, Rio Grande - RS", "salario_medio": 3517.68, "CNAE_2": "TRANSPORTE, ARMAZENAGEM E CORREIO", "Empregados": 1, "Massa_Salarial": 3517.68 }, "geometry": { "type": "Point", "coordinates": [ -52.0875768, -32.0380809 ] } },
{ "type": "Feature", "properties": { "id": 27398, "municipio": "Rio Grande", "rua": "R ANDRADAS", "numero": "99", "bairro": "CENTRO", "cep": 96200030, "cnae_classe": 47814, "setor": "COMERCIO; REPARACAO DE VEICULOS", "qtd_vinculos": 4, "massa_salarial": 7339.0, "endereco_geocode": "R ANDRADAS, 99, CENTRO, 96200030, Rio Grande - RS", "salario_medio": 1834.75, "CNAE_2": "COMERCIO; REPARACAO DE VEICULOS", "Empregados": 4, "Massa_Salarial": 7339.0 }, "geometry": { "type": "Point", "coordinates": [ -52.0951455, -32.0302312 ] } },
{ "type": "Feature", "properties": { "id": 8364, "municipio": "Rio Grande", "rua": "GENERAL VITORINO", "numero": "251", "bairro": "CENTRO", "cep": 96200310, "cnae_classe": 47211, "setor": "COMERCIO; REPARACAO DE VEICULOS", "qtd_vinculos": 2, "massa_salarial": 3486.0, "endereco_geocode": "GENERAL VITORINO, 251, CENTRO, 96200310, Rio Grande - RS", "salario_medio": 1743.0, "CNAE_2": "COMERCIO; REPARACAO DE VEICULOS", "Empregados": 2, "Massa_Salarial": 3486.0 }, "geometry": { "type": "Point", "coordinates": [ -52.0924218, -32.0363507 ] } },
{ "type": "Feature", "properties": { "id": 6263, "municipio": "Rio Grande", "rua": "R ALMIRANTE CERQUEIRA E SOUZA", "numero": "10", "bairro": "CENTRO", "cep": 96201260, "cnae_classe": 52397, "setor": "TRANSPORTE, ARMAZENAGEM E CORREIO", "qtd_vinculos": 3, "massa_salarial": 7177.5, "endereco_geocode": "R ALMIRANTE CERQUEIRA E SOUZA, 10, CENTRO, 96201260, Rio Grande - RS", "salario_medio": 2392.5, "CNAE_2": "TRANSPORTE, ARMAZENAGEM E CORREIO", "Empregados": 3, "Massa_Salarial": 7177.5 }, "geometry": { "type": "Point", "coordinates": [ -52.0822051, -32.0311407 ] } },
{ "type": "Feature", "properties": { "id": 3213, "municipio": "Rio Grande", "rua": "R AQUIDABAN", "numero": "714", "bairro": "CENTRO", "cep": 96200480, "cnae_classe": 81125, "setor": "ATIVIDADES ADMINISTRATIVAS E SERVICOS COMPLEMENTARES", "qtd_vinculos": 4, "massa_salarial": 8358.0, "endereco_geocode": "R AQUIDABAN, 714, CENTRO, 96200480, Rio Grande - RS", "salario_medio": 2089.5, "CNAE_2": "ATIVIDADES ADMINISTRATIVAS E SERVICOS COMPLEMENTARES", "Empregados": 4, "Massa_Salarial": 8358.0 }, "geometry": { "type": "Point", "coordinates": [ -52.1050185, -32.0323159 ] } },
{ "type": "Feature", "properties": { "id": 47774, "municipio": "Rio Grande", "rua": "R ANDRADAS", "numero": "187", "bairro": "CENTRO", "cep": 96200030, "cnae_classe": 94201, "setor": "OUTRAS ATIVIDADES DE SERVICOS", "qtd_vinculos": 3, "massa_salarial": 6906.55, "endereco_geocode": "R ANDRADAS, 187, CENTRO, 96200030, Rio Grande - RS", "salario_medio": 2302.18, "CNAE_2": "OUTRAS ATIVIDADES DE SERVICOS", "Empregados": 3, "Massa_Salarial": 6906.55 }, "geometry": { "type": "Point", "coordinates": [ -52.0951455, -32.0302312 ] } },
{ "type": "Feature", "properties": { "id": 16568, "municipio": "Rio Grande", "rua": "R DUQUE DE CAXIAS", "numero": "394", "bairro": "CENTRO", "cep": 96200020, "cnae_classe": 85121, "setor": "EDUCACAO", "qtd_vinculos": 7, "massa_salarial": 10956.0, "endereco_geocode": "R DUQUE DE CAXIAS, 394, CENTRO, 96200020, Rio Grande - RS", "salario_medio": 1565.14, "CNAE_2": "EDUCACAO", "Empregados": 7, "Massa_Salarial": 10956.0 }, "geometry": { "type": "Point", "coordinates": [ -52.0983841, -32.0400766 ] } },
{ "type": "Feature", "properties": { "id": 8087, "municipio": "Rio Grande", "rua": "AV MAJOR CARLOS PINTO", "numero": "530", "bairro": "CIDADE NOVA", "cep": 96211020, "cnae_classe": 52311, "setor": "TRANSPORTE, ARMAZENAGEM E CORREIO", "qtd_vinculos": 83, "massa_salarial": 469818.99, "endereco_geocode": "AV MAJOR CARLOS PINTO, 530, CIDADE NOVA, 96211020, Rio Grande - RS", "salario_medio": 5660.47, "CNAE_2": "TRANSPORTE, ARMAZENAGEM E CORREIO", "Empregados": 83, "Massa_Salarial": 469818.99 }, "geometry": { "type": "Point", "coordinates": [ -52.1039942, -32.0394397 ] } },
{ "type": "Feature", "properties": { "id": 28704, "municipio": "Rio Grande", "rua": "BOLAXA S/Nº", "numero": "S/N", "bairro": "CASSINO", "cep": 96200000, "cnae_classe": 1512, "setor": "AGRICULTURA, PECUARIA, PRODUCAO FLORESTAL, PESCA E AQUICULTURA", "qtd_vinculos": 1, "massa_salarial": 1876.0, "endereco_geocode": "BOLAXA S/Nº, S/N, CASSINO, 96200000, Rio Grande - RS", "salario_medio": 1876.0, "CNAE_2": "AGRICULTURA, PECUARIA, PRODUCAO FLORESTAL, PESCA E AQUICULTURA", "Empregados": 1, "Massa_Salarial": 1876.0 }, "geometry": { "type": "Point", "coordinates": [ -52.0903372, -32.0388951 ] } },
{ "type": "Feature", "properties": { "id": 46648, "municipio": "Rio Grande", "rua": "R DUQUE DE CAXIAS", "numero": "260", "bairro": "CENTRO", "cep": 96200020, "cnae_classe": 52508, "setor": "TRANSPORTE, ARMAZENAGEM E CORREIO", "qtd_vinculos": 3, "massa_salarial": 10241.0, "endereco_geocode": "R DUQUE DE CAXIAS, 260, CENTRO, 96200020, Rio Grande - RS", "salario_medio": 3413.67, "CNAE_2": "TRANSPORTE, ARMAZENAGEM E CORREIO", "Empregados": 3, "Massa_Salarial": 10241.0 }, "geometry": { "type": "Point", "coordinates": [ -52.0983841, -32.0400766 ] } },
{ "type": "Feature", "properties": { "id": 29502, "municipio": "Rio Grande", "rua": "AV ALMIRANTE TAMANDARE", "numero": "90", "bairro": "NOSSA SENHORA DOS NAVEGANTES", "cep": 96202570, "cnae_classe": 73190, "setor": "ATIVIDADES PROFISSIONAIS, CIENTIFICAS E TECNICAS", "qtd_vinculos": 2, "massa_salarial": 2534.0, "endereco_geocode": "AV ALMIRANTE TAMANDARE, 90, NOSSA SENHORA DOS NAVEGANTES, 96202570, Rio Grande - RS", "salario_medio": 1267.0, "CNAE_2": "ATIVIDADES PROFISSIONAIS, CIENTIFICAS E TECNICAS", "Empregados": 2, "Massa_Salarial": 2534.0 }, "geometry": { "type": "Point", "coordinates": [ -52.0964216, -32.0431133 ] } },
{ "type": "Feature", "properties": { "id": 36201, "municipio": "Rio Grande", "rua": "R AQUIDABAN", "numero": "663", "bairro": "CENTRO", "cep": 96200480, "cnae_classe": 47211, "setor": "COMERCIO; REPARACAO DE VEICULOS", "qtd_vinculos": 1, "massa_salarial": 500.0, "endereco_geocode": "R AQUIDABAN, 663, CENTRO, 96200480, Rio Grande - RS", "salario_medio": 500.0, "CNAE_2": "COMERCIO; REPARACAO DE VEICULOS", "Empregados": 1, "Massa_Salarial": 500.0 }, "geometry": { "type": "Point", "coordinates": [ -52.1050185, -32.0323159 ] } },
{ "type": "Feature", "properties": { "id": 32320, "municipio": "Rio Grande", "rua": "R REPUBLICA DO LIBANO", "numero": "301", "bairro": "CENTRO", "cep": 96200360, "cnae_classe": 47814, "setor": "COMERCIO; REPARACAO DE VEICULOS", "qtd_vinculos": 11, "massa_salarial": 19102.0, "endereco_geocode": "R REPUBLICA DO LIBANO, 301, CENTRO, 96200360, Rio Grande - RS", "salario_medio": 1736.55, "CNAE_2": "COMERCIO; REPARACAO DE VEICULOS", "Empregados": 11, "Massa_Salarial": 19102.0 }, "geometry": { "type": "Point", "coordinates": [ -52.0915859, -32.0327657 ] } },
{ "type": "Feature", "properties": { "id": 44387, "municipio": "Rio Grande", "rua": "R DOUTOR NAPOLEAO LAUREANO", "numero": "517", "bairro": "CENTRO", "cep": 96200100, "cnae_classe": 47717, "setor": "COMERCIO; REPARACAO DE VEICULOS", "qtd_vinculos": 18, "massa_salarial": 43831.72, "endereco_geocode": "R DOUTOR NAPOLEAO LAUREANO, 517, CENTRO, 96200100, Rio Grande - RS", "salario_medio": 2435.1, "CNAE_2": "COMERCIO; REPARACAO DE VEICULOS", "Empregados": 18, "Massa_Salarial": 43831.72 }, "geometry": { "type": "Point", "coordinates": [ -52.0940683, -32.0401178 ] } },
{ "type": "Feature", "properties": { "id": 23155, "municipio": "Rio Grande", "rua": "R GOMES FREIRE", "numero": "598", "bairro": "CENTRO", "cep": 96200470, "cnae_classe": 85996, "setor": "EDUCACAO", "qtd_vinculos": 1, "massa_salarial": 1314.0, "endereco_geocode": "R GOMES FREIRE, 598, CENTRO, 96200470, Rio Grande - RS", "salario_medio": 1314.0, "CNAE_2": "EDUCACAO", "Empregados": 1, "Massa_Salarial": 1314.0 }, "geometry": { "type": "Point", "coordinates": [ -52.1039853, -32.0332074 ] } },
{ "type": "Feature", "properties": { "id": 22953, "municipio": "Rio Grande", "rua": "R ANDRADAS", "numero": "306", "bairro": "CENTRO", "cep": 96200030, "cnae_classe": 85121, "setor": "EDUCACAO", "qtd_vinculos": 4, "massa_salarial": 6028.72, "endereco_geocode": "R ANDRADAS, 306, CENTRO, 96200030, Rio Grande - RS", "salario_medio": 1507.18, "CNAE_2": "EDUCACAO", "Empregados": 4, "Massa_Salarial": 6028.72 }, "geometry": { "type": "Point", "coordinates": [ -52.0951455, -32.0302312 ] } },
{ "type": "Feature", "properties": { "id": 23360, "municipio": "Rio Grande", "rua": "R VISCONDE DO RIO GRANDE", "numero": "620", "bairro": "CIDADE NOVA", "cep": 96211490, "cnae_classe": 47890, "setor": "COMERCIO; REPARACAO DE VEICULOS", "qtd_vinculos": 3, "massa_salarial": 6751.0, "endereco_geocode": "R VISCONDE DO RIO GRANDE, 620, CIDADE NOVA, 96211490, Rio Grande - RS", "salario_medio": 2250.33, "CNAE_2": "COMERCIO; REPARACAO DE VEICULOS", "Empregados": 3, "Massa_Salarial": 6751.0 }, "geometry": { "type": "Point", "coordinates": [ -52.1120543, -32.0304584 ] } },
{ "type": "Feature", "properties": { "id": 18893, "municipio": "Rio Grande", "rua": "R VISCONDE DE MAUA", "numero": "1126", "bairro": "LAGOA", "cep": 96211031, "cnae_classe": 77195, "setor": "ATIVIDADES ADMINISTRATIVAS E SERVICOS COMPLEMENTARES", "qtd_vinculos": 1, "massa_salarial": 2854.0, "endereco_geocode": "R VISCONDE DE MAUA, 1126, LAGOA, 96211031, Rio Grande - RS", "salario_medio": 2854.0, "CNAE_2": "ATIVIDADES ADMINISTRATIVAS E SERVICOS COMPLEMENTARES", "Empregados": 1, "Massa_Salarial": 2854.0 }, "geometry": { "type": "Point", "coordinates": [ -52.1095709, -32.0347168 ] } },
{ "type": "Feature", "properties": { "id": 12215, "municipio": "Rio Grande", "rua": "R AQUIDABAN", "numero": "714", "bairro": "CENTRO", "cep": 96200480, "cnae_classe": 56201, "setor": "ALOJAMENTO E ALIMENTACAO", "qtd_vinculos": 2, "massa_salarial": 3907.0, "endereco_geocode": "R AQUIDABAN, 714, CENTRO, 96200480, Rio Grande - RS", "salario_medio": 1953.5, "CNAE_2": "ALOJAMENTO E ALIMENTACAO", "Empregados": 2, "Massa_Salarial": 3907.0 }, "geometry": { "type": "Point", "coordinates": [ -52.1050185, -32.0323159 ] } },
{ "type": "Feature", "properties": { "id": 1051, "municipio": "Rio Grande", "rua": "R ANDRADAS", "numero": "271", "bairro": "CENTRO", "cep": 96200030, "cnae_classe": 47440, "setor": "COMERCIO; REPARACAO DE VEICULOS", "qtd_vinculos": 5, "massa_salarial": 8337.0, "endereco_geocode": "R ANDRADAS, 271, CENTRO, 96200030, Rio Grande - RS", "salario_medio": 1667.4, "CNAE_2": "COMERCIO; REPARACAO DE VEICULOS", "Empregados": 5, "Massa_Salarial": 8337.0 }, "geometry": { "type": "Point", "coordinates": [ -52.0951455, -32.0302312 ] } },
{ "type": "Feature", "properties": { "id": 30071, "municipio": "Rio Grande", "rua": "R AQUIDABAN", "numero": "714", "bairro": "CENTRO", "cep": 96200480, "cnae_classe": 56112, "setor": "ALOJAMENTO E ALIMENTACAO", "qtd_vinculos": 1, "massa_salarial": 1682.75, "endereco_geocode": "R AQUIDABAN, 714, CENTRO, 96200480, Rio Grande - RS", "salario_medio": 1682.75, "CNAE_2": "ALOJAMENTO E ALIMENTACAO", "Empregados": 1, "Massa_Salarial": 1682.75 }, "geometry": { "type": "Point", "coordinates": [ -52.1050185, -32.0323159 ] } },
{ "type": "Feature", "properties": { "id": 29369, "municipio": "Rio Grande", "rua": "R DOUTOR BELMIRO PEGAS", "numero": "243", "bairro": "LAR GAUCHO", "cep": 96202540, "cnae_classe": 46371, "setor": "COMERCIO; REPARACAO DE VEICULOS", "qtd_vinculos": 1, "massa_salarial": 1934.0, "endereco_geocode": "R DOUTOR BELMIRO PEGAS, 243, LAR GAUCHO, 96202540, Rio Grande - RS", "salario_medio": 1934.0, "CNAE_2": "COMERCIO; REPARACAO DE VEICULOS", "Empregados": 1, "Massa_Salarial": 1934.0 }, "geometry": { "type": "Point", "coordinates": [ -52.0933223, -32.0424976 ] } },
{ "type": "Feature", "properties": { "id": 29617, "municipio": "Rio Grande", "rua": "R ANDRADAS", "numero": "195", "bairro": "CENTRO", "cep": 96200030, "cnae_classe": 68226, "setor": "ATIVIDADES IMOBILIARIAS", "qtd_vinculos": 1, "massa_salarial": 2055.0, "endereco_geocode": "R ANDRADAS, 195, CENTRO, 96200030, Rio Grande - RS", "salario_medio": 2055.0, "CNAE_2": "ATIVIDADES IMOBILIARIAS", "Empregados": 1, "Massa_Salarial": 2055.0 }, "geometry": { "type": "Point", "coordinates": [ -52.0951455, -32.0302312 ] } },
{ "type": "Feature", "properties": { "id": 26896, "municipio": "Rio Grande", "rua": "R ALCIDES LIMA FARIAS", "numero": "129", "bairro": "PARQUE RESIDENCIAL SALGADO FIL", "cep": 96201490, "cnae_classe": 41204, "setor": "CONSTRUCAO", "qtd_vinculos": 7, "massa_salarial": 15155.47, "endereco_geocode": "R ALCIDES LIMA FARIAS, 129, PARQUE RESIDENCIAL SALGADO FIL, 96201490, Rio Grande - RS", "salario_medio": 2165.07, "CNAE_2": "CONSTRUCAO", "Empregados": 7, "Massa_Salarial": 15155.47 }, "geometry": { "type": "Point", "coordinates": [ -52.0905751, -32.041413 ] } },
{ "type": "Feature", "properties": { "id": 34982, "municipio": "Rio Grande", "rua": "R GENERAL VITORINO", "numero": "70", "bairro": "CENTRO", "cep": 96200310, "cnae_classe": 82300, "setor": "ATIVIDADES ADMINISTRATIVAS E SERVICOS COMPLEMENTARES", "qtd_vinculos": 1, "massa_salarial": 2170.0, "endereco_geocode": "R GENERAL VITORINO, 70, CENTRO, 96200310, Rio Grande - RS", "salario_medio": 2170.0, "CNAE_2": "ATIVIDADES ADMINISTRATIVAS E SERVICOS COMPLEMENTARES", "Empregados": 1, "Massa_Salarial": 2170.0 }, "geometry": { "type": "Point", "coordinates": [ -52.0924218, -32.0363507 ] } },
{ "type": "Feature", "properties": { "id": 48100, "municipio": "Rio Grande", "rua": "R ANDRADAS", "numero": "151", "bairro": "CENTRO", "cep": 96200060, "cnae_classe": 47814, "setor": "COMERCIO; REPARACAO DE VEICULOS", "qtd_vinculos": 1, "massa_salarial": 2163.99, "endereco_geocode": "R ANDRADAS, 151, CENTRO, 96200060, Rio Grande - RS", "salario_medio": 2163.99, "CNAE_2": "COMERCIO; REPARACAO DE VEICULOS", "Empregados": 1, "Massa_Salarial": 2163.99 }, "geometry": { "type": "Point", "coordinates": [ -52.0971611, -32.0410645 ] } },
{ "type": "Feature", "properties": { "id": 16357, "municipio": "Rio Grande", "rua": "R AQUIDABAN", "numero": "746", "bairro": "CENTRO", "cep": 96200480, "cnae_classe": 86305, "setor": "SAUDE HUMANA E SERVICOS SOCIAIS", "qtd_vinculos": 8, "massa_salarial": 13285.0, "endereco_geocode": "R AQUIDABAN, 746, CENTRO, 96200480, Rio Grande - RS", "salario_medio": 1660.62, "CNAE_2": "SAUDE HUMANA E SERVICOS SOCIAIS", "Empregados": 8, "Massa_Salarial": 13285.0 }, "geometry": { "type": "Point", "coordinates": [ -52.1050185, -32.0323159 ] } },
{ "type": "Feature", "properties": { "id": 47726, "municipio": "Rio Grande", "rua": "R MARECHAL ANDREA", "numero": "269", "bairro": "CENTRO", "cep": 96201250, "cnae_classe": 10201, "setor": "INDUSTRIAS DE TRANSFORMACAO", "qtd_vinculos": 134, "massa_salarial": 263130.94, "endereco_geocode": "R MARECHAL ANDREA, 269, CENTRO, 96201250, Rio Grande - RS", "salario_medio": 1963.66, "CNAE_2": "INDUSTRIAS DE TRANSFORMACAO", "Empregados": 134, "Massa_Salarial": 263130.94 }, "geometry": { "type": "Point", "coordinates": [ -52.0867877, -32.0315484 ] } },
{ "type": "Feature", "properties": { "id": 48702, "municipio": "Rio Grande", "rua": "R ALMIRANTE BARROSO", "numero": "555", "bairro": "CENTRO", "cep": 96201001, "cnae_classe": 47237, "setor": "COMERCIO; REPARACAO DE VEICULOS", "qtd_vinculos": 1, "massa_salarial": 1728.0, "endereco_geocode": "R ALMIRANTE BARROSO, 555, CENTRO, 96201001, Rio Grande - RS", "salario_medio": 1728.0, "CNAE_2": "COMERCIO; REPARACAO DE VEICULOS", "Empregados": 1, "Massa_Salarial": 1728.0 }, "geometry": { "type": "Point", "coordinates": [ -52.0875768, -32.0380809 ] } },
{ "type": "Feature", "properties": { "id": 20519, "municipio": "Rio Grande", "rua": "R ERNANI FORNARI", "numero": "100", "bairro": "LAR GAUCHO", "cep": 96202420, "cnae_classe": 47849, "setor": "COMERCIO; REPARACAO DE VEICULOS", "qtd_vinculos": 2, "massa_salarial": 3100.0, "endereco_geocode": "R ERNANI FORNARI, 100, LAR GAUCHO, 96202420, Rio Grande - RS", "salario_medio": 1550.0, "CNAE_2": "COMERCIO; REPARACAO DE VEICULOS", "Empregados": 2, "Massa_Salarial": 3100.0 }, "geometry": { "type": "Point", "coordinates": [ -52.0951397, -32.0464364 ] } },
{ "type": "Feature", "properties": { "id": 3231, "municipio": "Rio Grande", "rua": "R REPUBLICA DO LIBANO", "numero": "330", "bairro": "CENTRO", "cep": 96200360, "cnae_classe": 47814, "setor": "COMERCIO; REPARACAO DE VEICULOS", "qtd_vinculos": 6, "massa_salarial": 14227.0, "endereco_geocode": "R REPUBLICA DO LIBANO, 330, CENTRO, 96200360, Rio Grande - RS", "salario_medio": 2371.17, "CNAE_2": "COMERCIO; REPARACAO DE VEICULOS", "Empregados": 6, "Massa_Salarial": 14227.0 }, "geometry": { "type": "Point", "coordinates": [ -52.0915859, -32.0327657 ] } },
{ "type": "Feature", "properties": { "id": 19205, "municipio": "Rio Grande", "rua": "R DUQUE DE CAXIAS", "numero": "563", "bairro": "CENTRO", "cep": 96200020, "cnae_classe": 86305, "setor": "SAUDE HUMANA E SERVICOS SOCIAIS", "qtd_vinculos": 2, "massa_salarial": 2734.0, "endereco_geocode": "R DUQUE DE CAXIAS, 563, CENTRO, 96200020, Rio Grande - RS", "salario_medio": 1367.0, "CNAE_2": "SAUDE HUMANA E SERVICOS SOCIAIS", "Empregados": 2, "Massa_Salarial": 2734.0 }, "geometry": { "type": "Point", "coordinates": [ -52.0983841, -32.0400766 ] } },
{ "type": "Feature", "properties": { "id": 38985, "municipio": "Rio Grande", "rua": "R JOAO SALOMAO", "numero": "7", "bairro": "CIDADE NOVA", "cep": 96211200, "cnae_classe": 47121, "setor": "COMERCIO; REPARACAO DE VEICULOS", "qtd_vinculos": 3, "massa_salarial": 7777.0, "endereco_geocode": "R JOAO SALOMAO, 7, CIDADE NOVA, 96211200, Rio Grande - RS", "salario_medio": 2592.33, "CNAE_2": "COMERCIO; REPARACAO DE VEICULOS", "Empregados": 3, "Massa_Salarial": 7777.0 }, "geometry": { "type": "Point", "coordinates": [ -52.1090756, -32.0313285 ] } },
{ "type": "Feature", "properties": { "id": 26826, "municipio": "Rio Grande", "rua": "R ANDRADAS", "numero": "248", "bairro": "CENTRO", "cep": 96200030, "cnae_classe": 74901, "setor": "ATIVIDADES PROFISSIONAIS, CIENTIFICAS E TECNICAS", "qtd_vinculos": 1, "massa_salarial": 3992.64, "endereco_geocode": "R ANDRADAS, 248, CENTRO, 96200030, Rio Grande - RS", "salario_medio": 3992.64, "CNAE_2": "ATIVIDADES PROFISSIONAIS, CIENTIFICAS E TECNICAS", "Empregados": 1, "Massa_Salarial": 3992.64 }, "geometry": { "type": "Point", "coordinates": [ -52.0951455, -32.0302312 ] } },
{ "type": "Feature", "properties": { "id": 34834, "municipio": "Rio Grande", "rua": "R ANDRADAS", "numero": "215", "bairro": "CENTRO", "cep": 96200030, "cnae_classe": 85112, "setor": "EDUCACAO", "qtd_vinculos": 5, "massa_salarial": 8750.0, "endereco_geocode": "R ANDRADAS, 215, CENTRO, 96200030, Rio Grande - RS", "salario_medio": 1750.0, "CNAE_2": "EDUCACAO", "Empregados": 5, "Massa_Salarial": 8750.0 }, "geometry": { "type": "Point", "coordinates": [ -52.0951455, -32.0302312 ] } },
{ "type": "Feature", "properties": { "id": 23253, "municipio": "Rio Grande", "rua": "R AMAPA", "numero": "290", "bairro": "HIDRAULICA", "cep": 96212160, "cnae_classe": 47229, "setor": "COMERCIO; REPARACAO DE VEICULOS", "qtd_vinculos": 3, "massa_salarial": 5703.0, "endereco_geocode": "R AMAPA, 290, HIDRAULICA, 96212160, Rio Grande - RS", "salario_medio": 1901.0, "CNAE_2": "COMERCIO; REPARACAO DE VEICULOS", "Empregados": 3, "Massa_Salarial": 5703.0 }, "geometry": { "type": "Point", "coordinates": [ -52.1316046, -32.0451626 ] } },
{ "type": "Feature", "properties": { "id": 33549, "municipio": "Rio Grande", "rua": "R AQUIDABAN", "numero": "712", "bairro": "CENTRO", "cep": 96200480, "cnae_classe": 10911, "setor": "INDUSTRIAS DE TRANSFORMACAO", "qtd_vinculos": 1, "massa_salarial": 1367.0, "endereco_geocode": "R AQUIDABAN, 712, CENTRO, 96200480, Rio Grande - RS", "salario_medio": 1367.0, "CNAE_2": "INDUSTRIAS DE TRANSFORMACAO", "Empregados": 1, "Massa_Salarial": 1367.0 }, "geometry": { "type": "Point", "coordinates": [ -52.1050185, -32.0323159 ] } },
{ "type": "Feature", "properties": { "id": 17502, "municipio": "Rio Grande", "rua": "R FRANCISCO MARQUES", "numero": "333", "bairro": "CENTRO", "cep": 96200150, "cnae_classe": 47440, "setor": "COMERCIO; REPARACAO DE VEICULOS", "qtd_vinculos": 1, "massa_salarial": 2092.0, "endereco_geocode": "R FRANCISCO MARQUES, 333, CENTRO, 96200150, Rio Grande - RS", "salario_medio": 2092.0, "CNAE_2": "COMERCIO; REPARACAO DE VEICULOS", "Empregados": 1, "Massa_Salarial": 2092.0 }, "geometry": { "type": "Point", "coordinates": [ -52.0911022, -32.0359838 ] } },
{ "type": "Feature", "properties": { "id": 38853, "municipio": "Rio Grande", "rua": "AV. SENADOR SALGADO FILHO", "numero": "216", "bairro": "CENTRO", "cep": 96201610, "cnae_classe": 69206, "setor": "ATIVIDADES PROFISSIONAIS, CIENTIFICAS E TECNICAS", "qtd_vinculos": 1, "massa_salarial": 1576.0, "endereco_geocode": "AV. SENADOR SALGADO FILHO, 216, CENTRO, 96201610, Rio Grande - RS", "salario_medio": 1576.0, "CNAE_2": "ATIVIDADES PROFISSIONAIS, CIENTIFICAS E TECNICAS", "Empregados": 1, "Massa_Salarial": 1576.0 }, "geometry": { "type": "Point", "coordinates": [ -52.0887747, -32.0387264 ] } },
{ "type": "Feature", "properties": { "id": 14036, "municipio": "Rio Grande", "rua": "R GENERAL VITORINO", "numero": "96", "bairro": "CENTRO", "cep": 96200310, "cnae_classe": 49302, "setor": "TRANSPORTE, ARMAZENAGEM E CORREIO", "qtd_vinculos": 4, "massa_salarial": 7989.0, "endereco_geocode": "R GENERAL VITORINO, 96, CENTRO, 96200310, Rio Grande - RS", "salario_medio": 1997.25, "CNAE_2": "TRANSPORTE, ARMAZENAGEM E CORREIO", "Empregados": 4, "Massa_Salarial": 7989.0 }, "geometry": { "type": "Point", "coordinates": [ -52.0924218, -32.0363507 ] } },
{ "type": "Feature", "properties": { "id": 14236, "municipio": "Rio Grande", "rua": "R MARECHAL ANDREA", "numero": "269", "bairro": "GETULIO VARGAS", "cep": 96201250, "cnae_classe": 3116, "setor": "AGRICULTURA, PECUARIA, PRODUCAO FLORESTAL, PESCA E AQUICULTURA", "qtd_vinculos": 3, "massa_salarial": 8946.0, "endereco_geocode": "R MARECHAL ANDREA, 269, GETULIO VARGAS, 96201250, Rio Grande - RS", "salario_medio": 2982.0, "CNAE_2": "AGRICULTURA, PECUARIA, PRODUCAO FLORESTAL, PESCA E AQUICULTURA", "Empregados": 3, "Massa_Salarial": 8946.0 }, "geometry": { "type": "Point", "coordinates": [ -52.0867877, -32.0315484 ] } },
{ "type": "Feature", "properties": { "id": 16895, "municipio": "Rio Grande", "rua": "AVENIDA MAJOR CARLOS PINTO, 547", "numero": "547", "bairro": "CENTRO", "cep": 96211021, "cnae_classe": 1610, "setor": "AGRICULTURA, PECUARIA, PRODUCAO FLORESTAL, PESCA E AQUICULTURA", "qtd_vinculos": 3, "massa_salarial": 6440.0, "endereco_geocode": "AVENIDA MAJOR CARLOS PINTO, 547, 547, CENTRO, 96211021, Rio Grande - RS", "salario_medio": 2146.67, "CNAE_2": "AGRICULTURA, PECUARIA, PRODUCAO FLORESTAL, PESCA E AQUICULTURA", "Empregados": 3, "Massa_Salarial": 6440.0 }, "geometry": { "type": "Point", "coordinates": [ -52.1039942, -32.0394397 ] } },
{ "type": "Feature", "properties": { "id": 2052, "municipio": "Rio Grande", "rua": "R GENERAL VITORINO", "numero": "589", "bairro": "CENTRO", "cep": 96200310, "cnae_classe": 1598, "setor": "AGRICULTURA, PECUARIA, PRODUCAO FLORESTAL, PESCA E AQUICULTURA", "qtd_vinculos": 1, "massa_salarial": 2726.0, "endereco_geocode": "R GENERAL VITORINO, 589, CENTRO, 96200310, Rio Grande - RS", "salario_medio": 2726.0, "CNAE_2": "AGRICULTURA, PECUARIA, PRODUCAO FLORESTAL, PESCA E AQUICULTURA", "Empregados": 1, "Massa_Salarial": 2726.0 }, "geometry": { "type": "Point", "coordinates": [ -52.0924218, -32.0363507 ] } },
{ "type": "Feature", "properties": { "id": 26154, "municipio": "Rio Grande", "rua": "R AQUIDABAN", "numero": "749", "bairro": "CENTRO", "cep": 96200480, "cnae_classe": 56112, "setor": "ALOJAMENTO E ALIMENTACAO", "qtd_vinculos": 8, "massa_salarial": 13380.77, "endereco_geocode": "R AQUIDABAN, 749, CENTRO, 96200480, Rio Grande - RS", "salario_medio": 1672.6, "CNAE_2": "ALOJAMENTO E ALIMENTACAO", "Empregados": 8, "Massa_Salarial": 13380.77 }, "geometry": { "type": "Point", "coordinates": [ -52.1066255, -32.0325818 ] } },
{ "type": "Feature", "properties": { "id": 44945, "municipio": "Rio Grande", "rua": "R AQUIDABAN", "numero": "751", "bairro": "CENTRO", "cep": 96200480, "cnae_classe": 47814, "setor": "COMERCIO; REPARACAO DE VEICULOS", "qtd_vinculos": 1, "massa_salarial": 2896.0, "endereco_geocode": "R AQUIDABAN, 751, CENTRO, 96200480, Rio Grande - RS", "salario_medio": 2896.0, "CNAE_2": "COMERCIO; REPARACAO DE VEICULOS", "Empregados": 1, "Massa_Salarial": 2896.0 }, "geometry": { "type": "Point", "coordinates": [ -52.1050185, -32.0323159 ] } },
{ "type": "Feature", "properties": { "id": 14926, "municipio": "Rio Grande", "rua": "R JOAO PESSOA", "numero": "80", "bairro": "GETULIO VARGAS", "cep": 96201210, "cnae_classe": 46371, "setor": "COMERCIO; REPARACAO DE VEICULOS", "qtd_vinculos": 1, "massa_salarial": 1860.33, "endereco_geocode": "R JOAO PESSOA, 80, GETULIO VARGAS, 96201210, Rio Grande - RS", "salario_medio": 1860.33, "CNAE_2": "COMERCIO; REPARACAO DE VEICULOS", "Empregados": 1, "Massa_Salarial": 1860.33 }, "geometry": { "type": "Point", "coordinates": [ -52.0865513, -32.0333305 ] } },
{ "type": "Feature", "properties": { "id": 11130, "municipio": "Rio Grande", "rua": "R REPUBLICA DO LIBANO", "numero": "273", "bairro": "CENTRO", "cep": 96200360, "cnae_classe": 56112, "setor": "ALOJAMENTO E ALIMENTACAO", "qtd_vinculos": 5, "massa_salarial": 8328.72, "endereco_geocode": "R REPUBLICA DO LIBANO, 273, CENTRO, 96200360, Rio Grande - RS", "salario_medio": 1665.74, "CNAE_2": "ALOJAMENTO E ALIMENTACAO", "Empregados": 5, "Massa_Salarial": 8328.72 }, "geometry": { "type": "Point", "coordinates": [ -52.0915859, -32.0327657 ] } },
{ "type": "Feature", "properties": { "id": 34311, "municipio": "Rio Grande", "rua": "R ANDRADAS", "numero": "110", "bairro": "CENTRO", "cep": 96200030, "cnae_classe": 56112, "setor": "ALOJAMENTO E ALIMENTACAO", "qtd_vinculos": 4, "massa_salarial": 6034.0, "endereco_geocode": "R ANDRADAS, 110, CENTRO, 96200030, Rio Grande - RS", "salario_medio": 1508.5, "CNAE_2": "ALOJAMENTO E ALIMENTACAO", "Empregados": 4, "Massa_Salarial": 6034.0 }, "geometry": { "type": "Point", "coordinates": [ -52.0951455, -32.0302312 ] } },
{ "type": "Feature", "properties": { "id": 34249, "municipio": "Rio Grande", "rua": "R CAPITAO LEMOS FARIAS", "numero": "78", "bairro": "LAR GAUCHO", "cep": 96202370, "cnae_classe": 81117, "setor": "ATIVIDADES ADMINISTRATIVAS E SERVICOS COMPLEMENTARES", "qtd_vinculos": 1, "massa_salarial": 735.0, "endereco_geocode": "R CAPITAO LEMOS FARIAS, 78, LAR GAUCHO, 96202370, Rio Grande - RS", "salario_medio": 735.0, "CNAE_2": "ATIVIDADES ADMINISTRATIVAS E SERVICOS COMPLEMENTARES", "Empregados": 1, "Massa_Salarial": 735.0 }, "geometry": { "type": "Point", "coordinates": [ -52.0923085, -32.0421089 ] } },
{ "type": "Feature", "properties": { "id": 15651, "municipio": "Rio Grande", "rua": "R CORONEL SAMPAIO", "numero": "136", "bairro": "CENTRO", "cep": 96200180, "cnae_classe": 71197, "setor": "ATIVIDADES PROFISSIONAIS, CIENTIFICAS E TECNICAS", "qtd_vinculos": 1, "massa_salarial": 2775.0, "endereco_geocode": "R CORONEL SAMPAIO, 136, CENTRO, 96200180, Rio Grande - RS", "salario_medio": 2775.0, "CNAE_2": "ATIVIDADES PROFISSIONAIS, CIENTIFICAS E TECNICAS", "Empregados": 1, "Massa_Salarial": 2775.0 }, "geometry": { "type": "Point", "coordinates": [ -52.0888634, -32.0380834 ] } },
{ "type": "Feature", "properties": { "id": 5586, "municipio": "Rio Grande", "rua": "R EWBANK", "numero": "9", "bairro": "CENTRO", "cep": 96200080, "cnae_classe": 94201, "setor": "OUTRAS ATIVIDADES DE SERVICOS", "qtd_vinculos": 1, "massa_salarial": 1804.0, "endereco_geocode": "R EWBANK, 9, CENTRO, 96200080, Rio Grande - RS", "salario_medio": 1804.0, "CNAE_2": "OUTRAS ATIVIDADES DE SERVICOS", "Empregados": 1, "Massa_Salarial": 1804.0 }, "geometry": { "type": "Point", "coordinates": [ -52.0942068, -32.0310165 ] } },
{ "type": "Feature", "properties": { "id": 37803, "municipio": "Rio Grande", "rua": "R AQUIDABAN", "numero": "615", "bairro": "CENTRO", "cep": 96200480, "cnae_classe": 86305, "setor": "SAUDE HUMANA E SERVICOS SOCIAIS", "qtd_vinculos": 1, "massa_salarial": 2005.0, "endereco_geocode": "R AQUIDABAN, 615, CENTRO, 96200480, Rio Grande - RS", "salario_medio": 2005.0, "CNAE_2": "SAUDE HUMANA E SERVICOS SOCIAIS", "Empregados": 1, "Massa_Salarial": 2005.0 }, "geometry": { "type": "Point", "coordinates": [ -52.1050185, -32.0323159 ] } },
{ "type": "Feature", "properties": { "id": 13185, "municipio": "Rio Grande", "rua": "R COMENDADOR HENRIQUE PANCADA", "numero": "625", "bairro": "MIGUEL DE CASTRO MOREIRA", "cep": 96211330, "cnae_classe": 25110, "setor": "INDUSTRIAS DE TRANSFORMACAO", "qtd_vinculos": 1, "massa_salarial": 1959.3, "endereco_geocode": "R COMENDADOR HENRIQUE PANCADA, 625, MIGUEL DE CASTRO MOREIRA, 96211330, Rio Grande - RS", "salario_medio": 1959.3, "CNAE_2": "INDUSTRIAS DE TRANSFORMACAO", "Empregados": 1, "Massa_Salarial": 1959.3 }, "geometry": { "type": "Point", "coordinates": [ -52.1291393, -32.042108 ] } },
{ "type": "Feature", "properties": { "id": 4618, "municipio": "Rio Grande", "rua": "R ANDRADAS", "numero": "85", "bairro": "CENTRO", "cep": 96200030, "cnae_classe": 47741, "setor": "COMERCIO; REPARACAO DE VEICULOS", "qtd_vinculos": 3, "massa_salarial": 9612.0, "endereco_geocode": "R ANDRADAS, 85, CENTRO, 96200030, Rio Grande - RS", "salario_medio": 3204.0, "CNAE_2": "COMERCIO; REPARACAO DE VEICULOS", "Empregados": 3, "Massa_Salarial": 9612.0 }, "geometry": { "type": "Point", "coordinates": [ -52.0951455, -32.0302312 ] } },
{ "type": "Feature", "properties": { "id": 975, "municipio": "Rio Grande", "rua": "AV SENADOR SALGADO FILHO", "numero": "197", "bairro": "SALGADO FILHO", "cep": 96201610, "cnae_classe": 3116, "setor": "AGRICULTURA, PECUARIA, PRODUCAO FLORESTAL, PESCA E AQUICULTURA", "qtd_vinculos": 4, "massa_salarial": 8200.0, "endereco_geocode": "AV SENADOR SALGADO FILHO, 197, SALGADO FILHO, 96201610, Rio Grande - RS", "salario_medio": 2050.0, "CNAE_2": "AGRICULTURA, PECUARIA, PRODUCAO FLORESTAL, PESCA E AQUICULTURA", "Empregados": 4, "Massa_Salarial": 8200.0 }, "geometry": { "type": "Point", "coordinates": [ -52.0879141, -32.0382707 ] } },
{ "type": "Feature", "properties": { "id": 42529, "municipio": "Rio Grande", "rua": "R DUQUE DE CAXIAS", "numero": "88", "bairro": "CENTRO", "cep": 96200020, "cnae_classe": 81125, "setor": "ATIVIDADES ADMINISTRATIVAS E SERVICOS COMPLEMENTARES", "qtd_vinculos": 6, "massa_salarial": 12170.0, "endereco_geocode": "R DUQUE DE CAXIAS, 88, CENTRO, 96200020, Rio Grande - RS", "salario_medio": 2028.33, "CNAE_2": "ATIVIDADES ADMINISTRATIVAS E SERVICOS COMPLEMENTARES", "Empregados": 6, "Massa_Salarial": 12170.0 }, "geometry": { "type": "Point", "coordinates": [ -52.0983841, -32.0400766 ] } },
{ "type": "Feature", "properties": { "id": 47741, "municipio": "Rio Grande", "rua": "R GENERAL OSORIO SN", "numero": "S/N", "bairro": "CENTRO", "cep": 96200400, "cnae_classe": 94308, "setor": "OUTRAS ATIVIDADES DE SERVICOS", "qtd_vinculos": 1, "massa_salarial": 3827.0, "endereco_geocode": "R GENERAL OSORIO SN, S/N, CENTRO, 96200400, Rio Grande - RS", "salario_medio": 3827.0, "CNAE_2": "OUTRAS ATIVIDADES DE SERVICOS", "Empregados": 1, "Massa_Salarial": 3827.0 }, "geometry": { "type": "Point", "coordinates": [ -52.0971259, -32.0300742 ] } },
{ "type": "Feature", "properties": { "id": 37463, "municipio": "Rio Grande", "rua": "R DUQUE DE CAXIAS", "numero": "101", "bairro": "CENTRO", "cep": 96200020, "cnae_classe": 47822, "setor": "COMERCIO; REPARACAO DE VEICULOS", "qtd_vinculos": 17, "massa_salarial": 46382.55, "endereco_geocode": "R DUQUE DE CAXIAS, 101, CENTRO, 96200020, Rio Grande - RS", "salario_medio": 2728.39, "CNAE_2": "COMERCIO; REPARACAO DE VEICULOS", "Empregados": 17, "Massa_Salarial": 46382.55 }, "geometry": { "type": "Point", "coordinates": [ -52.0983841, -32.0400766 ] } },
{ "type": "Feature", "properties": { "id": 34484, "municipio": "Rio Grande", "rua": "R COMENDADOR HENRIQUE PANCADA", "numero": "1051", "bairro": "LAGOA", "cep": 96211330, "cnae_classe": 56112, "setor": "ALOJAMENTO E ALIMENTACAO", "qtd_vinculos": 8, "massa_salarial": 13543.0, "endereco_geocode": "R COMENDADOR HENRIQUE PANCADA, 1051, LAGOA, 96211330, Rio Grande - RS", "salario_medio": 1692.88, "CNAE_2": "ALOJAMENTO E ALIMENTACAO", "Empregados": 8, "Massa_Salarial": 13543.0 }, "geometry": { "type": "Point", "coordinates": [ -52.1291393, -32.042108 ] } },
{ "type": "Feature", "properties": { "id": 16621, "municipio": "Rio Grande", "rua": "R ANDRADAS", "numero": "299", "bairro": "CENTRO", "cep": 96200030, "cnae_classe": 96017, "setor": "OUTRAS ATIVIDADES DE SERVICOS", "qtd_vinculos": 5, "massa_salarial": 9189.0, "endereco_geocode": "R ANDRADAS, 299, CENTRO, 96200030, Rio Grande - RS", "salario_medio": 1837.8, "CNAE_2": "OUTRAS ATIVIDADES DE SERVICOS", "Empregados": 5, "Massa_Salarial": 9189.0 }, "geometry": { "type": "Point", "coordinates": [ -52.0951455, -32.0302312 ] } },
{ "type": "Feature", "properties": { "id": 35868, "municipio": "Rio Grande", "rua": "R AQUIDABAN", "numero": "657", "bairro": "CENTRO", "cep": 96200480, "cnae_classe": 85121, "setor": "EDUCACAO", "qtd_vinculos": 3, "massa_salarial": 3501.0, "endereco_geocode": "R AQUIDABAN, 657, CENTRO, 96200480, Rio Grande - RS", "salario_medio": 1167.0, "CNAE_2": "EDUCACAO", "Empregados": 3, "Massa_Salarial": 3501.0 }, "geometry": { "type": "Point", "coordinates": [ -52.1050185, -32.0323159 ] } },
{ "type": "Feature", "properties": { "id": 21898, "municipio": "Rio Grande", "rua": "R COMENDADOR HENRIQUE PANCADA", "numero": "723", "bairro": "LAGOA", "cep": 96211330, "cnae_classe": 46338, "setor": "COMERCIO; REPARACAO DE VEICULOS", "qtd_vinculos": 1, "massa_salarial": 2148.41, "endereco_geocode": "R COMENDADOR HENRIQUE PANCADA, 723, LAGOA, 96211330, Rio Grande - RS", "salario_medio": 2148.41, "CNAE_2": "COMERCIO; REPARACAO DE VEICULOS", "Empregados": 1, "Massa_Salarial": 2148.41 }, "geometry": { "type": "Point", "coordinates": [ -52.1291393, -32.042108 ] } },
{ "type": "Feature", "properties": { "id": 36326, "municipio": "Rio Grande", "rua": "AV MAJOR CARLOS PINTO", "numero": "530", "bairro": "CIDADE NOVA", "cep": 96211020, "cnae_classe": 52311, "setor": "TRANSPORTE, ARMAZENAGEM E CORREIO", "qtd_vinculos": 25, "massa_salarial": 99359.0, "endereco_geocode": "AV MAJOR CARLOS PINTO, 530, CIDADE NOVA, 96211020, Rio Grande - RS", "salario_medio": 3974.36, "CNAE_2": "TRANSPORTE, ARMAZENAGEM E CORREIO", "Empregados": 25, "Massa_Salarial": 99359.0 }, "geometry": { "type": "Point", "coordinates": [ -52.1039942, -32.0394397 ] } },
{ "type": "Feature", "properties": { "id": 39425, "municipio": "Rio Grande", "rua": "AV MAJOR CARLOS PINTO", "numero": "532", "bairro": "CIDADE NOVA", "cep": 96211020, "cnae_classe": 52320, "setor": "TRANSPORTE, ARMAZENAGEM E CORREIO", "qtd_vinculos": 37, "massa_salarial": 213963.08, "endereco_geocode": "AV MAJOR CARLOS PINTO, 532, CIDADE NOVA, 96211020, Rio Grande - RS", "salario_medio": 5782.79, "CNAE_2": "TRANSPORTE, ARMAZENAGEM E CORREIO", "Empregados": 37, "Massa_Salarial": 213963.08 }, "geometry": { "type": "Point", "coordinates": [ -52.1039942, -32.0394397 ] } },
{ "type": "Feature", "properties": { "id": 29550, "municipio": "Rio Grande", "rua": "R DOM MANOEL I", "numero": "324", "bairro": "PARQUE RESIDENCIAL SALGADO FIL", "cep": 96202730, "cnae_classe": 25390, "setor": "INDUSTRIAS DE TRANSFORMACAO", "qtd_vinculos": 6, "massa_salarial": 14743.33, "endereco_geocode": "R DOM MANOEL I, 324, PARQUE RESIDENCIAL SALGADO FIL, 96202730, Rio Grande - RS", "salario_medio": 2457.22, "CNAE_2": "INDUSTRIAS DE TRANSFORMACAO", "Empregados": 6, "Massa_Salarial": 14743.33 }, "geometry": { "type": "Point", "coordinates": [ -52.0981017, -32.0421246 ] } },
{ "type": "Feature", "properties": { "id": 14670, "municipio": "Rio Grande", "rua": "R GOMES FREIRE", "numero": "591", "bairro": "CENTRO", "cep": 96200470, "cnae_classe": 47555, "setor": "COMERCIO; REPARACAO DE VEICULOS", "qtd_vinculos": 2, "massa_salarial": 3877.0, "endereco_geocode": "R GOMES FREIRE, 591, CENTRO, 96200470, Rio Grande - RS", "salario_medio": 1938.5, "CNAE_2": "COMERCIO; REPARACAO DE VEICULOS", "Empregados": 2, "Massa_Salarial": 3877.0 }, "geometry": { "type": "Point", "coordinates": [ -52.1039853, -32.0332074 ] } },
{ "type": "Feature", "properties": { "id": 31069, "municipio": "Rio Grande", "rua": "R CORONEL SAMPAIO", "numero": "177", "bairro": "CENTRO", "cep": 96200180, "cnae_classe": 55108, "setor": "ALOJAMENTO E ALIMENTACAO", "qtd_vinculos": 1, "massa_salarial": 1734.29, "endereco_geocode": "R CORONEL SAMPAIO, 177, CENTRO, 96200180, Rio Grande - RS", "salario_medio": 1734.29, "CNAE_2": "ALOJAMENTO E ALIMENTACAO", "Empregados": 1, "Massa_Salarial": 1734.29 }, "geometry": { "type": "Point", "coordinates": [ -52.0888634, -32.0380834 ] } },
{ "type": "Feature", "properties": { "id": 24919, "municipio": "Rio Grande", "rua": "R GENERAL VITORINO", "numero": "571", "bairro": "CENTRO", "cep": 96200310, "cnae_classe": 96017, "setor": "OUTRAS ATIVIDADES DE SERVICOS", "qtd_vinculos": 1, "massa_salarial": 898.0, "endereco_geocode": "R GENERAL VITORINO, 571, CENTRO, 96200310, Rio Grande - RS", "salario_medio": 898.0, "CNAE_2": "OUTRAS ATIVIDADES DE SERVICOS", "Empregados": 1, "Massa_Salarial": 898.0 }, "geometry": { "type": "Point", "coordinates": [ -52.0924218, -32.0363507 ] } },
{ "type": "Feature", "properties": { "id": 45911, "municipio": "Rio Grande", "rua": "R FRANCISCO MARQUES", "numero": "371", "bairro": "CENTRO", "cep": 96200150, "cnae_classe": 16226, "setor": "INDUSTRIAS DE TRANSFORMACAO", "qtd_vinculos": 4, "massa_salarial": 9065.12, "endereco_geocode": "R FRANCISCO MARQUES, 371, CENTRO, 96200150, Rio Grande - RS", "salario_medio": 2266.28, "CNAE_2": "INDUSTRIAS DE TRANSFORMACAO", "Empregados": 4, "Massa_Salarial": 9065.12 }, "geometry": { "type": "Point", "coordinates": [ -52.0908838, -32.0348574 ] } },
{ "type": "Feature", "properties": { "id": 27217, "municipio": "Rio Grande", "rua": "R GENERAL VITORINO", "numero": "555", "bairro": "CENTRO", "cep": 96200310, "cnae_classe": 47121, "setor": "COMERCIO; REPARACAO DE VEICULOS", "qtd_vinculos": 1, "massa_salarial": 1906.0, "endereco_geocode": "R GENERAL VITORINO, 555, CENTRO, 96200310, Rio Grande - RS", "salario_medio": 1906.0, "CNAE_2": "COMERCIO; REPARACAO DE VEICULOS", "Empregados": 1, "Massa_Salarial": 1906.0 }, "geometry": { "type": "Point", "coordinates": [ -52.0924218, -32.0363507 ] } },
{ "type": "Feature", "properties": { "id": 42514, "municipio": "Rio Grande", "rua": "R REPUBLICA DO LIBANO", "numero": "281", "bairro": "CENTRO", "cep": 96200370, "cnae_classe": 47733, "setor": "COMERCIO; REPARACAO DE VEICULOS", "qtd_vinculos": 2, "massa_salarial": 8060.0, "endereco_geocode": "R REPUBLICA DO LIBANO, 281, CENTRO, 96200370, Rio Grande - RS", "salario_medio": 4030.0, "CNAE_2": "COMERCIO; REPARACAO DE VEICULOS", "Empregados": 2, "Massa_Salarial": 8060.0 }, "geometry": { "type": "Point", "coordinates": [ -52.0915859, -32.0327657 ] } },
{ "type": "Feature", "properties": { "id": 41804, "municipio": "Rio Grande", "rua": "R FRANCISCO MARQUES", "numero": "159", "bairro": "CENTRO", "cep": 96200150, "cnae_classe": 47113, "setor": "COMERCIO; REPARACAO DE VEICULOS", "qtd_vinculos": 8, "massa_salarial": 17526.0, "endereco_geocode": "R FRANCISCO MARQUES, 159, CENTRO, 96200150, Rio Grande - RS", "salario_medio": 2190.75, "CNAE_2": "COMERCIO; REPARACAO DE VEICULOS", "Empregados": 8, "Massa_Salarial": 17526.0 }, "geometry": { "type": "Point", "coordinates": [ -52.0908838, -32.0348574 ] } },
{ "type": "Feature", "properties": { "id": 30594, "municipio": "Rio Grande", "rua": "AV MAJOR CARLOS PINTO", "numero": "638", "bairro": "CIDADE NOVA", "cep": 96211020, "cnae_classe": 86402, "setor": "SAUDE HUMANA E SERVICOS SOCIAIS", "qtd_vinculos": 3, "massa_salarial": 5151.0, "endereco_geocode": "AV MAJOR CARLOS PINTO, 638, CIDADE NOVA, 96211020, Rio Grande - RS", "salario_medio": 1717.0, "CNAE_2": "SAUDE HUMANA E SERVICOS SOCIAIS", "Empregados": 3, "Massa_Salarial": 5151.0 }, "geometry": { "type": "Point", "coordinates": [ -52.1039942, -32.0394397 ] } },
{ "type": "Feature", "properties": { "id": 14814, "municipio": "Rio Grande", "rua": "R AQUIDABAN", "numero": "700", "bairro": "CENTRO", "cep": 96200480, "cnae_classe": 56201, "setor": "ALOJAMENTO E ALIMENTACAO", "qtd_vinculos": 5, "massa_salarial": 9006.0, "endereco_geocode": "R AQUIDABAN, 700, CENTRO, 96200480, Rio Grande - RS", "salario_medio": 1801.2, "CNAE_2": "ALOJAMENTO E ALIMENTACAO", "Empregados": 5, "Massa_Salarial": 9006.0 }, "geometry": { "type": "Point", "coordinates": [ -52.1050185, -32.0323159 ] } },
{ "type": "Feature", "properties": { "id": 20592, "municipio": "Rio Grande", "rua": "R MANOEL PEREIRA DE ALMEIDA", "numero": "759", "bairro": "CENTRO", "cep": 96200440, "cnae_classe": 56112, "setor": "ALOJAMENTO E ALIMENTACAO", "qtd_vinculos": 2, "massa_salarial": 3273.0, "endereco_geocode": "R MANOEL PEREIRA DE ALMEIDA, 759, CENTRO, 96200440, Rio Grande - RS", "salario_medio": 1636.5, "CNAE_2": "ALOJAMENTO E ALIMENTACAO", "Empregados": 2, "Massa_Salarial": 3273.0 }, "geometry": { "type": "Point", "coordinates": [ -52.1045574, -32.0305106 ] } },
{ "type": "Feature", "properties": { "id": 31913, "municipio": "Rio Grande", "rua": "R REPUBLICA DO LIBANO", "numero": "281", "bairro": "CENTRO", "cep": 96200360, "cnae_classe": 81117, "setor": "ATIVIDADES ADMINISTRATIVAS E SERVICOS COMPLEMENTARES", "qtd_vinculos": 7, "massa_salarial": 33683.54, "endereco_geocode": "R REPUBLICA DO LIBANO, 281, CENTRO, 96200360, Rio Grande - RS", "salario_medio": 4811.93, "CNAE_2": "ATIVIDADES ADMINISTRATIVAS E SERVICOS COMPLEMENTARES", "Empregados": 7, "Massa_Salarial": 33683.54 }, "geometry": { "type": "Point", "coordinates": [ -52.0915859, -32.0327657 ] } },
{ "type": "Feature", "properties": { "id": 35286, "municipio": "Rio Grande", "rua": "R AQUIDABAN", "numero": "714", "bairro": "CENTRO", "cep": 96200480, "cnae_classe": 85996, "setor": "EDUCACAO", "qtd_vinculos": 2, "massa_salarial": 6910.0, "endereco_geocode": "R AQUIDABAN, 714, CENTRO, 96200480, Rio Grande - RS", "salario_medio": 3455.0, "CNAE_2": "EDUCACAO", "Empregados": 2, "Massa_Salarial": 6910.0 }, "geometry": { "type": "Point", "coordinates": [ -52.1050185, -32.0323159 ] } },
{ "type": "Feature", "properties": { "id": 19990, "municipio": "Rio Grande", "rua": "R DUQUE DE CAXIAS", "numero": "326", "bairro": "CENTRO", "cep": 96200020, "cnae_classe": 86500, "setor": "SAUDE HUMANA E SERVICOS SOCIAIS", "qtd_vinculos": 1, "massa_salarial": 2715.44, "endereco_geocode": "R DUQUE DE CAXIAS, 326, CENTRO, 96200020, Rio Grande - RS", "salario_medio": 2715.44, "CNAE_2": "SAUDE HUMANA E SERVICOS SOCIAIS", "Empregados": 1, "Massa_Salarial": 2715.44 }, "geometry": { "type": "Point", "coordinates": [ -52.0983841, -32.0400766 ] } },
{ "type": "Feature", "properties": { "id": 37005, "municipio": "Rio Grande", "rua": "R DUQUE DE CAXIAS", "numero": "88", "bairro": "CENTRO", "cep": 96200020, "cnae_classe": 47521, "setor": "COMERCIO; REPARACAO DE VEICULOS", "qtd_vinculos": 5, "massa_salarial": 9476.0, "endereco_geocode": "R DUQUE DE CAXIAS, 88, CENTRO, 96200020, Rio Grande - RS", "salario_medio": 1895.2, "CNAE_2": "COMERCIO; REPARACAO DE VEICULOS", "Empregados": 5, "Massa_Salarial": 9476.0 }, "geometry": { "type": "Point", "coordinates": [ -52.0983841, -32.0400766 ] } },
{ "type": "Feature", "properties": { "id": 2553, "municipio": "Rio Grande", "rua": "R DUQUE DE CAXIAS", "numero": "470", "bairro": "CENTRO", "cep": 96200020, "cnae_classe": 81125, "setor": "ATIVIDADES ADMINISTRATIVAS E SERVICOS COMPLEMENTARES", "qtd_vinculos": 1, "massa_salarial": 2109.0, "endereco_geocode": "R DUQUE DE CAXIAS, 470, CENTRO, 96200020, Rio Grande - RS", "salario_medio": 2109.0, "CNAE_2": "ATIVIDADES ADMINISTRATIVAS E SERVICOS COMPLEMENTARES", "Empregados": 1, "Massa_Salarial": 2109.0 }, "geometry": { "type": "Point", "coordinates": [ -52.0983841, -32.0400766 ] } },
{ "type": "Feature", "properties": { "id": 44338, "municipio": "Rio Grande", "rua": "R 24 DE MAIO", "numero": "400", "bairro": "CENTRO", "cep": 96200006, "cnae_classe": 47717, "setor": "COMERCIO; REPARACAO DE VEICULOS", "qtd_vinculos": 21, "massa_salarial": 55980.72, "endereco_geocode": "R 24 DE MAIO, 400, CENTRO, 96200006, Rio Grande - RS", "salario_medio": 2665.75, "CNAE_2": "COMERCIO; REPARACAO DE VEICULOS", "Empregados": 21, "Massa_Salarial": 55980.72 }, "geometry": { "type": "Point", "coordinates": [ -52.1002811, -32.0299099 ] } },
{ "type": "Feature", "properties": { "id": 36127, "municipio": "Rio Grande", "rua": "AV MAJOR CARLOS PINTO", "numero": "178", "bairro": "CIDADE NOVA", "cep": 96211020, "cnae_classe": 85911, "setor": "EDUCACAO", "qtd_vinculos": 1, "massa_salarial": 1999.0, "endereco_geocode": "AV MAJOR CARLOS PINTO, 178, CIDADE NOVA, 96211020, Rio Grande - RS", "salario_medio": 1999.0, "CNAE_2": "EDUCACAO", "Empregados": 1, "Massa_Salarial": 1999.0 }, "geometry": { "type": "Point", "coordinates": [ -52.1039942, -32.0394397 ] } },
{ "type": "Feature", "properties": { "id": 567, "municipio": "Rio Grande", "rua": "R AQUIDABAN", "numero": "697", "bairro": "CENTRO", "cep": 96200480, "cnae_classe": 86402, "setor": "SAUDE HUMANA E SERVICOS SOCIAIS", "qtd_vinculos": 46, "massa_salarial": 167298.83, "endereco_geocode": "R AQUIDABAN, 697, CENTRO, 96200480, Rio Grande - RS", "salario_medio": 3636.93, "CNAE_2": "SAUDE HUMANA E SERVICOS SOCIAIS", "Empregados": 46, "Massa_Salarial": 167298.83 }, "geometry": { "type": "Point", "coordinates": [ -52.1050185, -32.0323159 ] } },
{ "type": "Feature", "properties": { "id": 24883, "municipio": "Rio Grande", "rua": "R DOUTOR NAPOLEAO LAUREANO", "numero": "449", "bairro": "CENTRO", "cep": 96200100, "cnae_classe": 46915, "setor": "COMERCIO; REPARACAO DE VEICULOS", "qtd_vinculos": 1, "massa_salarial": 1885.0, "endereco_geocode": "R DOUTOR NAPOLEAO LAUREANO, 449, CENTRO, 96200100, Rio Grande - RS", "salario_medio": 1885.0, "CNAE_2": "COMERCIO; REPARACAO DE VEICULOS", "Empregados": 1, "Massa_Salarial": 1885.0 }, "geometry": { "type": "Point", "coordinates": [ -52.0940683, -32.0401178 ] } },
{ "type": "Feature", "properties": { "id": 41623, "municipio": "Rio Grande", "rua": "R MAJOR MIGUEL PEREIRA", "numero": "70", "bairro": "SALGADO FILHO", "cep": 96201520, "cnae_classe": 85139, "setor": "EDUCACAO", "qtd_vinculos": 6, "massa_salarial": 13480.48, "endereco_geocode": "R MAJOR MIGUEL PEREIRA, 70, SALGADO FILHO, 96201520, Rio Grande - RS", "salario_medio": 2246.75, "CNAE_2": "EDUCACAO", "Empregados": 6, "Massa_Salarial": 13480.48 }, "geometry": { "type": "Point", "coordinates": [ -52.0931946, -32.041177 ] } },
{ "type": "Feature", "properties": { "id": 9340, "municipio": "Rio Grande", "rua": "R ANDRADAS", "numero": "319", "bairro": "CENTRO", "cep": 96200030, "cnae_classe": 69206, "setor": "ATIVIDADES PROFISSIONAIS, CIENTIFICAS E TECNICAS", "qtd_vinculos": 1, "massa_salarial": 1910.0, "endereco_geocode": "R ANDRADAS, 319, CENTRO, 96200030, Rio Grande - RS", "salario_medio": 1910.0, "CNAE_2": "ATIVIDADES PROFISSIONAIS, CIENTIFICAS E TECNICAS", "Empregados": 1, "Massa_Salarial": 1910.0 }, "geometry": { "type": "Point", "coordinates": [ -52.0951455, -32.0302312 ] } },
{ "type": "Feature", "properties": { "id": 14196, "municipio": "Rio Grande", "rua": "R GOMES FREIRE", "numero": "756", "bairro": "CENTRO", "cep": 96200470, "cnae_classe": 85937, "setor": "EDUCACAO", "qtd_vinculos": 17, "massa_salarial": 51010.37, "endereco_geocode": "R GOMES FREIRE, 756, CENTRO, 96200470, Rio Grande - RS", "salario_medio": 3000.61, "CNAE_2": "EDUCACAO", "Empregados": 17, "Massa_Salarial": 51010.37 }, "geometry": { "type": "Point", "coordinates": [ -52.1039853, -32.0332074 ] } },
{ "type": "Feature", "properties": { "id": 5119, "municipio": "Rio Grande", "rua": "R ANDRADAS", "numero": "594", "bairro": "CENTRO", "cep": 96200030, "cnae_classe": 14134, "setor": "INDUSTRIAS DE TRANSFORMACAO", "qtd_vinculos": 11, "massa_salarial": 22213.0, "endereco_geocode": "R ANDRADAS, 594, CENTRO, 96200030, Rio Grande - RS", "salario_medio": 2019.36, "CNAE_2": "INDUSTRIAS DE TRANSFORMACAO", "Empregados": 11, "Massa_Salarial": 22213.0 }, "geometry": { "type": "Point", "coordinates": [ -52.0951455, -32.0302312 ] } },
{ "type": "Feature", "properties": { "id": 34587, "municipio": "Rio Grande", "rua": "RUA ANDRADAS", "numero": "496", "bairro": "CENTRO", "cep": 96200030, "cnae_classe": 86305, "setor": "SAUDE HUMANA E SERVICOS SOCIAIS", "qtd_vinculos": 1, "massa_salarial": 1767.0, "endereco_geocode": "RUA ANDRADAS, 496, CENTRO, 96200030, Rio Grande - RS", "salario_medio": 1767.0, "CNAE_2": "SAUDE HUMANA E SERVICOS SOCIAIS", "Empregados": 1, "Massa_Salarial": 1767.0 }, "geometry": { "type": "Point", "coordinates": [ -52.0951455, -32.0302312 ] } },
{ "type": "Feature", "properties": { "id": 475, "municipio": "Rio Grande", "rua": "R AQUIDABAN", "numero": "692", "bairro": "CENTRO", "cep": 96200480, "cnae_classe": 65502, "setor": "ATIVIDADES FINANCEIRAS E SEGUROS", "qtd_vinculos": 253, "massa_salarial": 1088109.8, "endereco_geocode": "R AQUIDABAN, 692, CENTRO, 96200480, Rio Grande - RS", "salario_medio": 4300.83, "CNAE_2": "ATIVIDADES FINANCEIRAS E SEGUROS", "Empregados": 253, "Massa_Salarial": 1088109.8 }, "geometry": { "type": "Point", "coordinates": [ -52.1050185, -32.0323159 ] } },
{ "type": "Feature", "properties": { "id": 37902, "municipio": "Rio Grande", "rua": "R AQUIDABAN", "numero": "714", "bairro": "CENTRO", "cep": 96200480, "cnae_classe": 63194, "setor": "INFORMACAO E COMUNICACAO", "qtd_vinculos": 2, "massa_salarial": 2678.0, "endereco_geocode": "R AQUIDABAN, 714, CENTRO, 96200480, Rio Grande - RS", "salario_medio": 1339.0, "CNAE_2": "INFORMACAO E COMUNICACAO", "Empregados": 2, "Massa_Salarial": 2678.0 }, "geometry": { "type": "Point", "coordinates": [ -52.1050185, -32.0323159 ] } },
{ "type": "Feature", "properties": { "id": 17394, "municipio": "Rio Grande", "rua": "R DUQUE DE CAXIAS", "numero": "627", "bairro": "CENTRO", "cep": 96200020, "cnae_classe": 45307, "setor": "COMERCIO; REPARACAO DE VEICULOS", "qtd_vinculos": 6, "massa_salarial": 10541.0, "endereco_geocode": "R DUQUE DE CAXIAS, 627, CENTRO, 96200020, Rio Grande - RS", "salario_medio": 1756.83, "CNAE_2": "COMERCIO; REPARACAO DE VEICULOS", "Empregados": 6, "Massa_Salarial": 10541.0 }, "geometry": { "type": "Point", "coordinates": [ -52.0983841, -32.0400766 ] } },
{ "type": "Feature", "properties": { "id": 15292, "municipio": "Rio Grande", "rua": "R GENERAL BERTOLDO KLINGER", "numero": "16", "bairro": "LAR GAUCHO", "cep": 96202410, "cnae_classe": 45200, "setor": "COMERCIO; REPARACAO DE VEICULOS", "qtd_vinculos": 1, "massa_salarial": 2138.76, "endereco_geocode": "R GENERAL BERTOLDO KLINGER, 16, LAR GAUCHO, 96202410, Rio Grande - RS", "salario_medio": 2138.76, "CNAE_2": "COMERCIO; REPARACAO DE VEICULOS", "Empregados": 1, "Massa_Salarial": 2138.76 }, "geometry": { "type": "Point", "coordinates": [ -52.0948378, -32.0447278 ] } },
{ "type": "Feature", "properties": { "id": 28855, "municipio": "Rio Grande", "rua": "R ANDRADAS", "numero": "161", "bairro": "CENTRO", "cep": 96200030, "cnae_classe": 47814, "setor": "COMERCIO; REPARACAO DE VEICULOS", "qtd_vinculos": 1, "massa_salarial": 1621.0, "endereco_geocode": "R ANDRADAS, 161, CENTRO, 96200030, Rio Grande - RS", "salario_medio": 1621.0, "CNAE_2": "COMERCIO; REPARACAO DE VEICULOS", "Empregados": 1, "Massa_Salarial": 1621.0 }, "geometry": { "type": "Point", "coordinates": [ -52.0951455, -32.0302312 ] } },
{ "type": "Feature", "properties": { "id": 12115, "municipio": "Rio Grande", "rua": "R DUQUE DE CAXIAS", "numero": "496", "bairro": "CENTRO", "cep": 96200020, "cnae_classe": 85121, "setor": "EDUCACAO", "qtd_vinculos": 15, "massa_salarial": 22207.0, "endereco_geocode": "R DUQUE DE CAXIAS, 496, CENTRO, 96200020, Rio Grande - RS", "salario_medio": 1480.47, "CNAE_2": "EDUCACAO", "Empregados": 15, "Massa_Salarial": 22207.0 }, "geometry": { "type": "Point", "coordinates": [ -52.0983841, -32.0400766 ] } },
{ "type": "Feature", "properties": { "id": 23573, "municipio": "Rio Grande", "rua": "R VISCONDE DE MAUA", "numero": "1027", "bairro": "LAGOA", "cep": 96211031, "cnae_classe": 43991, "setor": "CONSTRUCAO", "qtd_vinculos": 2, "massa_salarial": 3305.0, "endereco_geocode": "R VISCONDE DE MAUA, 1027, LAGOA, 96211031, Rio Grande - RS", "salario_medio": 1652.5, "CNAE_2": "CONSTRUCAO", "Empregados": 2, "Massa_Salarial": 3305.0 }, "geometry": { "type": "Point", "coordinates": [ -52.1095709, -32.0347168 ] } },
{ "type": "Feature", "properties": { "id": 46035, "municipio": "Rio Grande", "rua": "R DUQUE DE CAXIAS", "numero": "235", "bairro": "CENTRO", "cep": 96200020, "cnae_classe": 47814, "setor": "COMERCIO; REPARACAO DE VEICULOS", "qtd_vinculos": 1, "massa_salarial": 2357.0, "endereco_geocode": "R DUQUE DE CAXIAS, 235, CENTRO, 96200020, Rio Grande - RS", "salario_medio": 2357.0, "CNAE_2": "COMERCIO; REPARACAO DE VEICULOS", "Empregados": 1, "Massa_Salarial": 2357.0 }, "geometry": { "type": "Point", "coordinates": [ -52.0983841, -32.0400766 ] } },
{ "type": "Feature", "properties": { "id": 34134, "municipio": "Rio Grande", "rua": "R GOMES FREIRE", "numero": "731", "bairro": "CENTRO", "cep": 96200470, "cnae_classe": 85503, "setor": "EDUCACAO", "qtd_vinculos": 1, "massa_salarial": 1320.0, "endereco_geocode": "R GOMES FREIRE, 731, CENTRO, 96200470, Rio Grande - RS", "salario_medio": 1320.0, "CNAE_2": "EDUCACAO", "Empregados": 1, "Massa_Salarial": 1320.0 }, "geometry": { "type": "Point", "coordinates": [ -52.1039853, -32.0332074 ] } },
{ "type": "Feature", "properties": { "id": 34858, "municipio": "Rio Grande", "rua": "AV ALMIRANTE TAMANDARE", "numero": "306", "bairro": "NOSSA SENHORA DOS NAVEGANTES", "cep": 96202570, "cnae_classe": 56112, "setor": "ALOJAMENTO E ALIMENTACAO", "qtd_vinculos": 1, "massa_salarial": 1686.0, "endereco_geocode": "AV ALMIRANTE TAMANDARE, 306, NOSSA SENHORA DOS NAVEGANTES, 96202570, Rio Grande - RS", "salario_medio": 1686.0, "CNAE_2": "ALOJAMENTO E ALIMENTACAO", "Empregados": 1, "Massa_Salarial": 1686.0 }, "geometry": { "type": "Point", "coordinates": [ -52.0964216, -32.0431133 ] } },
{ "type": "Feature", "properties": { "id": 37342, "municipio": "Rio Grande", "rua": "R REPUBLICA DO LIBANO", "numero": "283", "bairro": "CENTRO", "cep": 96200360, "cnae_classe": 47822, "setor": "COMERCIO; REPARACAO DE VEICULOS", "qtd_vinculos": 2, "massa_salarial": 3270.0, "endereco_geocode": "R REPUBLICA DO LIBANO, 283, CENTRO, 96200360, Rio Grande - RS", "salario_medio": 1635.0, "CNAE_2": "COMERCIO; REPARACAO DE VEICULOS", "Empregados": 2, "Massa_Salarial": 3270.0 }, "geometry": { "type": "Point", "coordinates": [ -52.0915859, -32.0327657 ] } },
{ "type": "Feature", "properties": { "id": 41132, "municipio": "Rio Grande", "rua": "R ALMIRANTE BARROSO", "numero": "430", "bairro": null, "cep": 96201000, "cnae_classe": 49302, "setor": "TRANSPORTE, ARMAZENAGEM E CORREIO", "qtd_vinculos": 15, "massa_salarial": 53071.0, "endereco_geocode": "R ALMIRANTE BARROSO, 430, , 96201000, Rio Grande - RS", "salario_medio": 3538.07, "CNAE_2": "TRANSPORTE, ARMAZENAGEM E CORREIO", "Empregados": 15, "Massa_Salarial": 53071.0 }, "geometry": { "type": "Point", "coordinates": [ -52.0875768, -32.0380809 ] } },
{ "type": "Feature", "properties": { "id": 15416, "municipio": "Rio Grande", "rua": "R MARCIANO ESPINDOLA", "numero": "185", "bairro": "GETULIO VARGAS", "cep": 96201180, "cnae_classe": 47121, "setor": "COMERCIO; REPARACAO DE VEICULOS", "qtd_vinculos": 1, "massa_salarial": 1981.42, "endereco_geocode": "R MARCIANO ESPINDOLA, 185, GETULIO VARGAS, 96201180, Rio Grande - RS", "salario_medio": 1981.42, "CNAE_2": "COMERCIO; REPARACAO DE VEICULOS", "Empregados": 1, "Massa_Salarial": 1981.42 }, "geometry": { "type": "Point", "coordinates": [ -52.0872776, -32.0384181 ] } },
{ "type": "Feature", "properties": { "id": 17025, "municipio": "Rio Grande", "rua": "R FRANCISCO MARQUES", "numero": "94", "bairro": "CENTRO", "cep": 96200150, "cnae_classe": 69117, "setor": "ATIVIDADES PROFISSIONAIS, CIENTIFICAS E TECNICAS", "qtd_vinculos": 9, "massa_salarial": 17526.0, "endereco_geocode": "R FRANCISCO MARQUES, 94, CENTRO, 96200150, Rio Grande - RS", "salario_medio": 1947.33, "CNAE_2": "ATIVIDADES PROFISSIONAIS, CIENTIFICAS E TECNICAS", "Empregados": 9, "Massa_Salarial": 17526.0 }, "geometry": { "type": "Point", "coordinates": [ -52.0908838, -32.0348574 ] } }
]
}
