{
"type": "FeatureCollection",
"name": "infra_logradouros_ATINGIDOS_rio_grande___cenario_setembro_2023",
"crs": { "type": "name", "properties": { "name": "urn:ogc:def:crs:OGC:1.3:CRS84" } },
"features": [
{ "type": "Feature", "properties": { "tipo": "rua", "nome": "VEREADOR DOUTOR NILO CORREA FONSECA", "drenagem": 0.0, "iluminacao": 1.0, "compriment": 77.926306797209946 }, "geometry": { "type": "LineString", "coordinates": [ [ -52.078256237492162, -32.050193589059738 ], [ -52.078177917534354, -32.050433439883733 ] ] } },
{ "type": "Feature", "properties": { "tipo": "rua", "nome": "CARLOS VIGNOLI", "drenagem": 1.0, "iluminacao": 1.0, "compriment": 62.195969106434987 }, "geometry": { "type": "LineString", "coordinates": [ [ -52.081347646789105, -32.049143359948062 ], [ -52.081990809576887, -32.049022793528856 ] ] } },
{ "type": "Feature", "properties": { "tipo": "rua", "nome": "PADRE CAIO", "drenagem": 0.0, "iluminacao": 1.0, "compriment": 128.83581747760195 }, "geometry": { "type": "MultiLineString", "coordinates": [ [ [ -52.081805566724491, -32.048329502338873 ], [ -52.081877244215924, -32.048314761063246 ] ], [ [ -52.082009572925507, -32.048287546188078 ], [ -52.083131610154972, -32.048056786716252 ] ] ] } },
{ "type": "Feature", "properties": { "tipo": "travessa", "nome": "GIORDANO BRUNO", "drenagem": 1.0, "iluminacao": 1.0, "compriment": 96.65589331512902 }, "geometry": { "type": "LineString", "coordinates": [ [ -52.09174537495521, -32.037990784879895 ], [ -52.092744081724788, -32.037800800092917 ] ] } },
{ "type": "Feature", "properties": { "tipo": "rua", "nome": "DOS DRAGOES", "drenagem": 0.0, "iluminacao": 1.0, "compriment": 164.96468321929274 }, "geometry": { "type": "LineString", "coordinates": [ [ -52.123643622624748, -32.053059772048968 ], [ -52.123214988972663, -32.053820225490156 ] ] } },
{ "type": "Feature", "properties": { "tipo": "rua", "nome": "ALVARES CABRAL", "drenagem": 0.0, "iluminacao": 1.0, "compriment": 99.6 }, "geometry": { "type": "LineString", "coordinates": [ [ -52.130275759235992, -32.042574762557862 ], [ -52.13003660194294, -32.043004723014228 ] ] } },
{ "type": "Feature", "properties": { "tipo": "rua", "nome": "COMENDADOR HENRIQUE PANCADA", "drenagem": 1.0, "iluminacao": 1.0, "compriment": 127.44351228213979 }, "geometry": { "type": "LineString", "coordinates": [ [ -52.139615313614961, -32.046979377537696 ], [ -52.140431752333463, -32.047076731518892 ] ] } },
{ "type": "Feature", "properties": { "tipo": "rua", "nome": "QUARENTA E OITO", "drenagem": 0.0, "iluminacao": 1.0, "compriment": 90.835253956602443 }, "geometry": { "type": "LineString", "coordinates": [ [ -52.130065890968098, -32.055818681065851 ], [ -52.129919186085232, -32.056083671748425 ] ] } },
{ "type": "Feature", "properties": { "tipo": "rua", "nome": "CENTO E SESSENTA E NOVE", "drenagem": 1.0, "iluminacao": 0.0, "compriment": 80.90544659535216 }, "geometry": { "type": "LineString", "coordinates": [ [ -52.131629797172252, -32.056500471190219 ], [ -52.13156171199644, -32.056637239841891 ] ] } },
{ "type": "Feature", "properties": { "tipo": "rua", "nome": "FRANCISCO CARDONE", "drenagem": 0.0, "iluminacao": 1.0, "compriment": 154.5260525899476 }, "geometry": { "type": "LineString", "coordinates": [ [ -52.144408707596881, -32.066497651608216 ], [ -52.144182177919774, -32.066588505727033 ] ] } },
{ "type": "Feature", "properties": { "tipo": "rua", "nome": "MARIO GOMES CENTRO", "drenagem": 0.0, "iluminacao": 1.0, "compriment": 67.617142202369166 }, "geometry": { "type": "LineString", "coordinates": [ [ -52.143891649037769, -32.066092223468239 ], [ -52.143737798448399, -32.066153123033189 ] ] } },
{ "type": "Feature", "properties": { "tipo": "rua", "nome": "SATURNINO DE BRITTO", "drenagem": 0.0, "iluminacao": 1.0, "compriment": 87.801692484558316 }, "geometry": { "type": "LineString", "coordinates": [ [ -52.152253220988413, -32.049504624020059 ], [ -52.15196177169269, -32.050085376669436 ] ] } },
{ "type": "Feature", "properties": { "tipo": "rua", "nome": "VALPORTO", "drenagem": 1.0, "iluminacao": 1.0, "compriment": 44.877199431173757 }, "geometry": { "type": "LineString", "coordinates": [ [ -52.095427146605154, -32.041700139637754 ], [ -52.095711843529635, -32.04164739345704 ] ] } },
{ "type": "Feature", "properties": { "tipo": "rua", "nome": "VALPORTO", "drenagem": 1.0, "iluminacao": 1.0, "compriment": 73.543737516640647 }, "geometry": { "type": "LineString", "coordinates": [ [ -52.09647967615868, -32.041500414906551 ], [ -52.097241723621082, -32.041364197006409 ] ] } },
{ "type": "Feature", "properties": { "tipo": "rua", "nome": "VALPORTO", "drenagem": 1.0, "iluminacao": 1.0, "compriment": 61.570938750216641 }, "geometry": { "type": "LineString", "coordinates": [ [ -52.097241723621082, -32.041364197006409 ], [ -52.097879184027008, -32.041248040270268 ] ] } },
{ "type": "Feature", "properties": { "tipo": "rua", "nome": "VALPORTO", "drenagem": 1.0, "iluminacao": 1.0, "compriment": 60.729308297880031 }, "geometry": { "type": "LineString", "coordinates": [ [ -52.097879184027008, -32.041248040270268 ], [ -52.098042898616534, -32.041217081863977 ] ] } },
{ "type": "Feature", "properties": { "tipo": "rua", "nome": "MARECHAL ANDREA", "drenagem": 1.0, "iluminacao": 1.0, "compriment": 47.693882545295509 }, "geometry": { "type": "LineString", "coordinates": [ [ -52.084139759519893, -32.03129615961317 ], [ -52.084642424171854, -32.031336637070041 ] ] } },
{ "type": "Feature", "properties": { "tipo": "rua", "nome": "MARECHAL ANDREA", "drenagem": 1.0, "iluminacao": 1.0, "compriment": 71.974050523906584 }, "geometry": { "type": "LineString", "coordinates": [ [ -52.084642424171854, -32.031336637070041 ], [ -52.085398912924383, -32.03141417534021 ] ] } },
{ "type": "Feature", "properties": { "tipo": "rua", "nome": "MARECHAL ANDREA", "drenagem": 1.0, "iluminacao": 1.0, "compriment": 128.30102799530655 }, "geometry": { "type": "LineString", "coordinates": [ [ -52.085398912924383, -32.03141417534021 ], [ -52.086748575869557, -32.03154404222375 ] ] } },
{ "type": "Feature", "properties": { "tipo": "rua", "nome": "MARECHAL ANDREA", "drenagem": 0.0, "iluminacao": 1.0, "compriment": 127.82865962811861 }, "geometry": { "type": "LineString", "coordinates": [ [ -52.086748575869557, -32.03154404222375 ], [ -52.088095137001652, -32.031658489744238 ] ] } },
{ "type": "Feature", "properties": { "tipo": "rua", "nome": "MARECHAL ANDREA", "drenagem": 0.0, "iluminacao": 1.0, "compriment": 14.320646388248511 }, "geometry": { "type": "LineString", "coordinates": [ [ -52.088095137001652, -32.031658489744238 ], [ -52.088246604666431, -32.031663972539434 ] ] } },
{ "type": "Feature", "properties": { "tipo": "rua", "nome": "ALIPIO CADAVAL", "drenagem": 1.0, "iluminacao": 1.0, "compriment": 169.40271781507545 }, "geometry": { "type": "LineString", "coordinates": [ [ -52.081096056571361, -32.048553363986429 ], [ -52.081347646789105, -32.049143359948062 ] ] } },
{ "type": "Feature", "properties": { "tipo": "rua", "nome": "GENERAL FLORES DA CUNHA", "drenagem": 1.0, "iluminacao": 1.0, "compriment": 78.842964286339679 }, "geometry": { "type": "LineString", "coordinates": [ [ -52.081805566724491, -32.048329502338873 ], [ -52.081990809576887, -32.049022793528856 ] ] } },
{ "type": "Feature", "properties": { "tipo": "rua", "nome": "SAO FRANCISCO DE ASSIS", "drenagem": 1.0, "iluminacao": 1.0, "compriment": 92.073886385272701 }, "geometry": { "type": "LineString", "coordinates": [ [ -52.083108553198713, -32.047971281865117 ], [ -52.083131610154972, -32.048056786716252 ] ] } },
{ "type": "Feature", "properties": { "tipo": "rua", "nome": "SAO FRANCISCO DE ASSIS", "drenagem": 1.0, "iluminacao": 1.0, "compriment": 78.730782066713999 }, "geometry": { "type": "LineString", "coordinates": [ [ -52.083131610154972, -32.048056786716252 ], [ -52.083307103868165, -32.048750880437744 ] ] } },
{ "type": "Feature", "properties": { "tipo": "rua", "nome": "CAPITAO LEMOS FARIA", "drenagem": 0.0, "iluminacao": 1.0, "compriment": 104.79830007834668 }, "geometry": { "type": "LineString", "coordinates": [ [ -52.092413425198373, -32.043794811624906 ], [ -52.092449336607949, -32.044249674475175 ] ] } },
{ "type": "Feature", "properties": { "tipo": "rua", "nome": "CAPITAO LEMOS FARIA", "drenagem": 0.0, "iluminacao": 1.0, "compriment": 113.08521181804872 }, "geometry": { "type": "LineString", "coordinates": [ [ -52.092449336607949, -32.044249674475175 ], [ -52.092535356310236, -32.045266857692937 ] ] } },
{ "type": "Feature", "properties": { "tipo": "rua", "nome": "CAPITAO LEMOS FARIA", "drenagem": 1.0, "iluminacao": 1.0, "compriment": 109.76419599658026 }, "geometry": { "type": "LineString", "coordinates": [ [ -52.092535356310236, -32.045266857692937 ], [ -52.092607699010301, -32.04625480700507 ] ] } },
{ "type": "Feature", "properties": { "tipo": "rua", "nome": "CAPITAO LEMOS FARIA", "drenagem": 1.0, "iluminacao": 1.0, "compriment": 281.55603783550202 }, "geometry": { "type": "LineString", "coordinates": [ [ -52.092607699010301, -32.04625480700507 ], [ -52.092833438419014, -32.048786628322866 ] ] } },
{ "type": "Feature", "properties": { "tipo": "rua", "nome": "DOUTORA RITA LOBATO", "drenagem": 1.0, "iluminacao": 1.0, "compriment": 78.769179893388198 }, "geometry": { "type": "MultiLineString", "coordinates": [ [ [ -52.09299518179629, -32.043493378322992 ], [ -52.093001439223798, -32.043682182899722 ] ], [ [ -52.093003919394171, -32.043757016769909 ], [ -52.093017823780116, -32.044176552066126 ] ] ] } },
{ "type": "Feature", "properties": { "tipo": "rua", "nome": "DOUTORA RITA LOBATO", "drenagem": 1.0, "iluminacao": 1.0, "compriment": 9.9940383397408699 }, "geometry": { "type": "LineString", "coordinates": [ [ -52.093099425394094, -32.046166960145158 ], [ -52.093105570165768, -32.046256935690238 ] ] } },
{ "type": "Feature", "properties": { "tipo": "rua", "nome": "DOUTORA RITA LOBATO", "drenagem": 1.0, "iluminacao": 1.0, "compriment": 282.93306137637967 }, "geometry": { "type": "LineString", "coordinates": [ [ -52.093105570165768, -32.046256935690238 ], [ -52.093235886601661, -32.048291470278983 ] ] } },
{ "type": "Feature", "properties": { "tipo": "rua", "nome": "LINO NEVES", "drenagem": 1.0, "iluminacao": 1.0, "compriment": 72.880128544119358 }, "geometry": { "type": "LineString", "coordinates": [ [ -52.100262270826562, -32.042093546094087 ], [ -52.100314662127396, -32.042338673605485 ] ] } },
{ "type": "Feature", "properties": { "tipo": "rua", "nome": "LINO NEVES", "drenagem": 0.0, "iluminacao": 1.0, "compriment": 74.9243811958805 }, "geometry": { "type": "LineString", "coordinates": [ [ -52.100314662127396, -32.042338673605485 ], [ -52.10047558515852, -32.043000303769531 ] ] } },
{ "type": "Feature", "properties": { "tipo": "rua", "nome": "LINO NEVES", "drenagem": 0.0, "iluminacao": 1.0, "compriment": 38.463830561336081 }, "geometry": { "type": "LineString", "coordinates": [ [ -52.10047558515852, -32.043000303769531 ], [ -52.100556760589001, -32.043340215362136 ] ] } },
{ "type": "Feature", "properties": { "tipo": "rua", "nome": "MARTIN AFONSO DE SOUZA", "drenagem": 0.0, "iluminacao": 1.0, "compriment": 126.27311907580544 }, "geometry": { "type": "LineString", "coordinates": [ [ -52.096429534953494, -32.043740271663253 ], [ -52.097735053323959, -32.043494785904741 ] ] } },
{ "type": "Feature", "properties": { "tipo": "avenida", "nome": "ALMIRANTE TAMANDARE", "drenagem": 0.0, "iluminacao": 1.0, "compriment": 42.077088310752877 }, "geometry": { "type": "LineString", "coordinates": [ [ -52.096353577692085, -32.046993705095105 ], [ -52.096338211423898, -32.047372936316386 ] ] } },
{ "type": "Feature", "properties": { "tipo": "rua", "nome": "GENERAL BERTOLDO KLINGER", "drenagem": 1.0, "iluminacao": 1.0, "compriment": 42.709024858536175 }, "geometry": { "type": "LineString", "coordinates": [ [ -52.094804843361352, -32.045259566942597 ], [ -52.094791464264517, -32.045644554316603 ] ] } },
{ "type": "Feature", "properties": { "tipo": "rua", "nome": "GENERAL BERTOLDO KLINGER", "drenagem": 1.0, "iluminacao": 1.0, "compriment": 43.684877553636461 }, "geometry": { "type": "LineString", "coordinates": [ [ -52.094791464264517, -32.045644554316603 ], [ -52.094785697967211, -32.046038480039734 ] ] } },
{ "type": "Feature", "properties": { "tipo": "rua", "nome": "GENERAL BERTOLDO KLINGER", "drenagem": 1.0, "iluminacao": 1.0, "compriment": 47.692281461368573 }, "geometry": { "type": "LineString", "coordinates": [ [ -52.094785697967211, -32.046038480039734 ], [ -52.094775302466388, -32.04646848453261 ] ] } },
{ "type": "Feature", "properties": { "tipo": "rua", "nome": "GENERAL BERTOLDO KLINGER", "drenagem": 1.0, "iluminacao": 1.0, "compriment": 41.928016007051497 }, "geometry": { "type": "LineString", "coordinates": [ [ -52.094766570274288, -32.046847742949161 ], [ -52.09477021276733, -32.047225842865167 ] ] } },
{ "type": "Feature", "properties": { "tipo": "rua", "nome": "GENERAL BERTOLDO KLINGER", "drenagem": 1.0, "iluminacao": 1.0, "compriment": 23.359453045212685 }, "geometry": { "type": "LineString", "coordinates": [ [ -52.09477021276733, -32.047225842865167 ], [ -52.094784157597928, -32.047436166550327 ] ] } },
{ "type": "Feature", "properties": { "tipo": "rua", "nome": "DOUTOR LAZARO LUDOVICO ZAMENHOF", "drenagem": 1.0, "iluminacao": 1.0, "compriment": 43.956022420284683 }, "geometry": { "type": "LineString", "coordinates": [ [ -52.093339021538064, -32.043660761882734 ], [ -52.093353252572214, -32.044056978201439 ] ] } },
{ "type": "Feature", "properties": { "tipo": "avenida", "nome": "DOM PEDRO II", "drenagem": 1.0, "iluminacao": 1.0, "compriment": 49.020901711835037 }, "geometry": { "type": "LineString", "coordinates": [ [ -52.087350990276128, -32.034851920800186 ], [ -52.087253386013984, -32.034870043987745 ] ] } },
{ "type": "Feature", "properties": { "tipo": "rua", "nome": "QUINTINO BOCAIUVA", "drenagem": 1.0, "iluminacao": 1.0, "compriment": 72.261012050359412 }, "geometry": { "type": "LineString", "coordinates": [ [ -52.154321270201244, -32.050601939519431 ], [ -52.15413157236469, -32.050955544078001 ] ] } },
{ "type": "Feature", "properties": { "tipo": "rua", "nome": "VASCO DA GAMA", "drenagem": 1.0, "iluminacao": 1.0, "compriment": 141.07350863336447 }, "geometry": { "type": "LineString", "coordinates": [ [ -52.096353577692085, -32.046993705095105 ], [ -52.097809340727018, -32.046708763750921 ] ] } },
{ "type": "Feature", "properties": { "tipo": "rua", "nome": "ALMIRANTE AMPHILOQUIO REIS", "drenagem": 0.0, "iluminacao": 1.0, "compriment": 137.74765229936597 }, "geometry": { "type": "LineString", "coordinates": [ [ -52.08651673518969, -32.033330390930118 ], [ -52.086532716228049, -32.033327372865635 ] ] } },
{ "type": "Feature", "properties": { "tipo": "rua", "nome": "COMENDADOR FRANCISCO MARQUES", "drenagem": 0.0, "iluminacao": 1.0, "compriment": 93.437468392811354 }, "geometry": { "type": "LineString", "coordinates": [ [ -52.09187962403449, -32.038485864805232 ], [ -52.092116208027164, -32.039304045675912 ] ] } },
{ "type": "Feature", "properties": { "tipo": "rua", "nome": "COMENDADOR FRANCISCO MARQUES", "drenagem": 1.0, "iluminacao": 1.0, "compriment": 27.180714842177064 }, "geometry": { "type": "LineString", "coordinates": [ [ -52.092116208027164, -32.039304045675912 ], [ -52.092090344747824, -32.039471259579749 ] ] } },
{ "type": "Feature", "properties": { "tipo": "rua", "nome": "FRANCISCO CAMPELLO", "drenagem": 1.0, "iluminacao": 1.0, "compriment": 154.36135709398954 }, "geometry": { "type": "LineString", "coordinates": [ [ -52.097519492503586, -32.029296565118962 ], [ -52.099127271514099, -32.029047768584746 ] ] } },
{ "type": "Feature", "properties": { "tipo": "rua", "nome": "FRANCISCO CAMPELLO", "drenagem": 1.0, "iluminacao": 1.0, "compriment": 178.3439522177384 }, "geometry": { "type": "LineString", "coordinates": [ [ -52.099127271514099, -32.029047768584746 ], [ -52.1008476173619, -32.028385255612314 ] ] } },
{ "type": "Feature", "properties": { "tipo": "rua", "nome": "IRMA OTILIA", "drenagem": 0.0, "iluminacao": 1.0, "compriment": 99.195982130702006 }, "geometry": { "type": "LineString", "coordinates": [ [ -52.142284148958254, -32.047114034395769 ], [ -52.142125826511027, -32.047498783387425 ] ] } },
{ "type": "Feature", "properties": { "tipo": "rua", "nome": "GENERAL BERTOLDO KLINGER", "drenagem": 1.0, "iluminacao": 1.0, "compriment": 42.063151233704929 }, "geometry": { "type": "LineString", "coordinates": [ [ -52.094775302466388, -32.04646848453261 ], [ -52.094766570274288, -32.046847742949161 ] ] } },
{ "type": "Feature", "properties": { "tipo": "rua", "nome": "GAMAL ABDEL NASSER", "drenagem": 0.0, "iluminacao": 1.0, "compriment": 97.851709772046647 }, "geometry": { "type": "LineString", "coordinates": [ [ -52.144029254223462, -32.047681628181287 ], [ -52.143966719893868, -32.047803466849892 ] ] } },
{ "type": "Feature", "properties": { "tipo": "rua", "nome": "ANTONIO PEREIRA RODRIGUES", "drenagem": 0.0, "iluminacao": 1.0, "compriment": 98.193592975196879 }, "geometry": { "type": "LineString", "coordinates": [ [ -52.143228852438725, -32.047424805425301 ], [ -52.143175928372834, -32.047672584148614 ] ] } },
{ "type": "Feature", "properties": { "tipo": "rua", "nome": "JOAO PESSOA", "drenagem": 1.0, "iluminacao": 1.0, "compriment": 198.70580734034232 }, "geometry": { "type": "LineString", "coordinates": [ [ -52.086541370725492, -32.033279480496979 ], [ -52.086748575869557, -32.03154404222375 ] ] } },
{ "type": "Feature", "properties": { "tipo": "rua", "nome": "JOAO PESSOA", "drenagem": 0.0, "iluminacao": 1.0, "compriment": 68.901921380478228 }, "geometry": { "type": "LineString", "coordinates": [ [ -52.086748575869557, -32.03154404222375 ], [ -52.086830240330372, -32.030926580197516 ] ] } },
{ "type": "Feature", "properties": { "tipo": "rua", "nome": "BENTO MARTINS", "drenagem": 0.0, "iluminacao": 1.0, "compriment": 128.67785759892274 }, "geometry": { "type": "LineString", "coordinates": [ [ -52.085398912924383, -32.03141417534021 ], [ -52.085552555384005, -32.030261142310259 ] ] } },
{ "type": "Feature", "properties": { "tipo": "rua", "nome": "ALMIRANTE GARNIER", "drenagem": 1.0, "iluminacao": 1.0, "compriment": 125.47382467256563 }, "geometry": { "type": "LineString", "coordinates": [ [ -52.084277858536772, -32.030170748447681 ], [ -52.084139759519893, -32.03129615961317 ] ] } },
{ "type": "Feature", "properties": { "tipo": "rua", "nome": "B", "drenagem": 0.0, "iluminacao": 1.0, "compriment": 30.889719381883683 }, "geometry": { "type": "LineString", "coordinates": [ [ -52.140802655927338, -32.062635108294479 ], [ -52.140788838712801, -32.062677397968571 ] ] } },
{ "type": "Feature", "properties": { "tipo": "rua", "nome": "CARLOS VIGNOLI", "drenagem": 1.0, "iluminacao": 0.0, "compriment": 83.139732427586068 }, "geometry": { "type": "LineString", "coordinates": [ [ -52.081990809576887, -32.049022793528856 ], [ -52.082847182025773, -32.048849112260768 ] ] } },
{ "type": "Feature", "properties": { "tipo": "rua", "nome": "SAO VICENTE DE PAULA", "drenagem": 1.0, "iluminacao": 1.0, "compriment": 169.37984821402117 }, "geometry": { "type": "LineString", "coordinates": [ [ -52.08398516590028, -32.048555372702609 ], [ -52.083999905392005, -32.048608180065457 ] ] } },
{ "type": "Feature", "properties": { "tipo": "rua", "nome": "DOUTOR AUGUSTO BORGES DE MEDEIROS", "drenagem": 1.0, "iluminacao": 1.0, "compriment": 177.88363517221987 }, "geometry": { "type": "LineString", "coordinates": [ [ -52.084908946444457, -32.048419397257241 ], [ -52.084906378764927, -32.048440158420526 ] ] } },
{ "type": "Feature", "properties": { "tipo": "rua", "nome": "EDUARDO CAMPOS LARANJO", "drenagem": 0.0, "iluminacao": 1.0, "compriment": 54.301138069805816 }, "geometry": { "type": "LineString", "coordinates": [ [ -52.093017823780116, -32.044176552066126 ], [ -52.092449336607949, -32.044249674475175 ] ] } },
{ "type": "Feature", "properties": { "tipo": "rua", "nome": "VASCO DA GAMA", "drenagem": 1.0, "iluminacao": 1.0, "compriment": 91.013756847596326 }, "geometry": { "type": "LineString", "coordinates": [ [ -52.095410633707488, -32.047163020579681 ], [ -52.096353577692085, -32.046993705095105 ] ] } },
{ "type": "Feature", "properties": { "tipo": "rua", "nome": "PERO VAZ DE CAMINHA", "drenagem": 0.0, "iluminacao": 1.0, "compriment": 91.152237722969957 }, "geometry": { "type": "LineString", "coordinates": [ [ -52.095411929848808, -32.046594626716825 ], [ -52.096357482603104, -32.04642989224115 ] ] } },
{ "type": "Feature", "properties": { "tipo": "rua", "nome": "PERO VAZ DE CAMINHA", "drenagem": 0.0, "iluminacao": 1.0, "compriment": 191.84765946676063 }, "geometry": { "type": "LineString", "coordinates": [ [ -52.096357482603104, -32.04642989224115 ], [ -52.09834269003386, -32.046063415704545 ] ] } },
{ "type": "Feature", "properties": { "tipo": "rua", "nome": "NICOLAU COELHO", "drenagem": 1.0, "iluminacao": 1.0, "compriment": 128.19524929571992 }, "geometry": { "type": "LineString", "coordinates": [ [ -52.098043699365078, -32.044775259885995 ], [ -52.099365908966526, -32.044514011190913 ] ] } },
{ "type": "Feature", "properties": { "tipo": "rua", "nome": "SENADOR ROBERT KENNEDY", "drenagem": 1.0, "iluminacao": 1.0, "compriment": 126.49509534578216 }, "geometry": { "type": "LineString", "coordinates": [ [ -52.093431141569106, -32.04720230362679 ], [ -52.09477021276733, -32.047225842865167 ] ] } },
{ "type": "Feature", "properties": { "tipo": "rua", "nome": "ENGENHEIRO THOMAS PAES DA CUNHA FILHO", "drenagem": 0.0, "iluminacao": 1.0, "compriment": 132.23943977920308 }, "geometry": { "type": "MultiLineString", "coordinates": [ [ [ -52.093391319472943, -32.045640054038309 ], [ -52.093813707194279, -32.045641411656682 ] ], [ [ -52.094681742878208, -32.045644201655378 ], [ -52.094791464264517, -32.045644554316603 ] ] ] } },
{ "type": "Feature", "properties": { "tipo": "rua", "nome": "MARTIN LUTHER KING", "drenagem": 0.0, "iluminacao": 1.0, "compriment": 142.49710398599285 }, "geometry": { "type": "LineString", "coordinates": [ [ -52.093339021538064, -32.043660761882734 ], [ -52.093530568542548, -32.04366390819245 ] ] } },
{ "type": "Feature", "properties": { "tipo": "rua", "nome": "COMENDADOR FRANCISCO MARQUES", "drenagem": 0.0, "iluminacao": 1.0, "compriment": 76.862597325001033 }, "geometry": { "type": "LineString", "coordinates": [ [ -52.091040993177067, -32.035477117450085 ], [ -52.091063457128179, -32.035563927277614 ] ] } },
{ "type": "Feature", "properties": { "tipo": "travessa", "nome": "JOAO TOUGUINHA", "drenagem": 1.0, "iluminacao": 1.0, "compriment": 119.30581286073799 }, "geometry": { "type": "LineString", "coordinates": [ [ -52.097865674002989, -32.041186900926284 ], [ -52.097879184027008, -32.041248040270268 ] ] } },
{ "type": "Feature", "properties": { "tipo": "rua", "nome": "ANTONIO CAMPOS ASSUNCAO", "drenagem": 0.0, "iluminacao": 1.0, "compriment": 107.77065993584165 }, "geometry": { "type": "LineString", "coordinates": [ [ -52.089648970233483, -32.037928393159866 ], [ -52.089682090928058, -32.03805644342517 ] ] } },
{ "type": "Feature", "properties": { "tipo": "rua", "nome": "SENADOR CORREA", "drenagem": 1.0, "iluminacao": 1.0, "compriment": 92.662587167550512 }, "geometry": { "type": "LineString", "coordinates": [ [ -52.096025185689989, -32.04047268077543 ], [ -52.096985034917658, -32.040299863800463 ] ] } },
{ "type": "Feature", "properties": { "tipo": "rua", "nome": "SENADOR CORREA", "drenagem": 1.0, "iluminacao": 1.0, "compriment": 63.549680479741312 }, "geometry": { "type": "LineString", "coordinates": [ [ -52.096985034917658, -32.040299863800463 ], [ -52.097325807764129, -32.04024353736348 ] ] } },
{ "type": "Feature", "properties": { "tipo": "rua", "nome": "CARLOS VIGNOLI", "drenagem": 1.0, "iluminacao": 1.0, "compriment": 63.795704023389177 }, "geometry": { "type": "LineString", "coordinates": [ [ -52.083999905392005, -32.048608180065457 ], [ -52.084657921818234, -32.048478162825823 ] ] } },
{ "type": "Feature", "properties": { "tipo": "rua", "nome": "GASPAR LEMOS", "drenagem": 0.0, "iluminacao": 1.0, "compriment": 118.24490209568319 }, "geometry": { "type": "MultiLineString", "coordinates": [ [ [ -52.09514830982878, -32.045973159068438 ], [ -52.095228976390757, -32.045958577472994 ] ], [ [ -52.096335906255042, -32.045758484608378 ], [ -52.096373015016134, -32.045751776687176 ] ] ] } },
{ "type": "Feature", "properties": { "tipo": "avenida", "nome": "SENADOR SALGADO FILHO", "drenagem": 1.0, "iluminacao": 1.0, "compriment": 69.71111796906186 }, "geometry": { "type": "LineString", "coordinates": [ [ -52.095850368629613, -32.040850381231351 ], [ -52.095685536900923, -32.040798717166005 ] ] } },
{ "type": "Feature", "properties": { "tipo": "avenida", "nome": "SENADOR SALGADO FILHO", "drenagem": 1.0, "iluminacao": 1.0, "compriment": 85.527324634322142 }, "geometry": { "type": "LineString", "coordinates": [ [ -52.087955395076236, -32.038278620260442 ], [ -52.08875882381772, -32.038552427264847 ] ] } },
{ "type": "Feature", "properties": { "tipo": "avenida", "nome": "SENADOR SALGADO FILHO", "drenagem": 1.0, "iluminacao": 1.0, "compriment": 68.788223075398832 }, "geometry": { "type": "LineString", "coordinates": [ [ -52.095234457259593, -32.040455342183492 ], [ -52.09591556941966, -32.040674986131805 ] ] } },
{ "type": "Feature", "properties": { "tipo": "avenida", "nome": "SENADOR SALGADO FILHO", "drenagem": 0.0, "iluminacao": 1.0, "compriment": 114.78952977069773 }, "geometry": { "type": "LineString", "coordinates": [ [ -52.09591556941966, -32.040674986131805 ], [ -52.097064432035005, -32.041012642398691 ] ] } },
{ "type": "Feature", "properties": { "tipo": "rua", "nome": "REPUBLICA DO LIBANO", "drenagem": 1.0, "iluminacao": 1.0, "compriment": 126.15042804752962 }, "geometry": { "type": "LineString", "coordinates": [ [ -52.088105100016733, -32.032967301272812 ], [ -52.089060728877158, -32.033018870365723 ] ] } },
{ "type": "Feature", "properties": { "tipo": "rua", "nome": "DO RIACHUELO", "drenagem": 1.0, "iluminacao": 1.0, "compriment": 126.27765340325172 }, "geometry": { "type": "LineString", "coordinates": [ [ -52.088373992855338, -32.030685566638653 ], [ -52.08971015568347, -32.030650037422781 ] ] } },
{ "type": "Feature", "properties": { "tipo": "rua", "nome": "DO RIACHUELO", "drenagem": 1.0, "iluminacao": 1.0, "compriment": 89.714890867485195 }, "geometry": { "type": "LineString", "coordinates": [ [ -52.094159137355994, -32.029815373335303 ], [ -52.095095430469534, -32.029679711732072 ] ] } },
{ "type": "Feature", "properties": { "tipo": "rua", "nome": "GASPAR LEMOS", "drenagem": 0.0, "iluminacao": 1.0, "compriment": 126.84501249418388 }, "geometry": { "type": "LineString", "coordinates": [ [ -52.098192597706124, -32.045401713606807 ], [ -52.099501640923478, -32.045145989804539 ] ] } },
{ "type": "Feature", "properties": { "tipo": "rua", "nome": "COMENDADOR FRANCISCO MARQUES", "drenagem": 0.0, "iluminacao": 1.0, "compriment": 55.27529246532233 }, "geometry": { "type": "LineString", "coordinates": [ [ -52.091613672765767, -32.037505091653266 ], [ -52.09174537495521, -32.037990784879895 ] ] } },
{ "type": "Feature", "properties": { "tipo": "rua", "nome": "CRISTOVAO COLOMBO", "drenagem": 0.0, "iluminacao": 1.0, "compriment": 327.98509412680801 }, "geometry": { "type": "LineString", "coordinates": [ [ -52.114089840056536, -32.031769201890953 ], [ -52.112682580658579, -32.03423727378469 ] ] } },
{ "type": "Feature", "properties": { "tipo": "rua", "nome": "FRANCISCO PASTORE", "drenagem": 0.0, "iluminacao": 1.0, "compriment": 145.51880595968217 }, "geometry": { "type": "LineString", "coordinates": [ [ -52.109662484685437, -32.048442101510055 ], [ -52.109576669707693, -32.048551767348229 ] ] } },
{ "type": "Feature", "properties": { "tipo": "rua", "nome": "REPUBLICA", "drenagem": 1.0, "iluminacao": 1.0, "compriment": 172.00631808189186 }, "geometry": { "type": "LineString", "coordinates": [ [ -52.119121222686637, -32.035276918810467 ], [ -52.118667603136089, -32.036091605083243 ] ] } },
{ "type": "Feature", "properties": { "tipo": "rua", "nome": "CARLOS VIGNOLI", "drenagem": 1.0, "iluminacao": 1.0, "compriment": 23.840544406066808 }, "geometry": { "type": "LineString", "coordinates": [ [ -52.084657921818234, -32.048478162825823 ], [ -52.084906378764927, -32.048440158420526 ] ] } },
{ "type": "Feature", "properties": { "tipo": "rua", "nome": "MARECHAL DEODORO", "drenagem": 1.0, "iluminacao": 1.0, "compriment": 138.7995485935663 }, "geometry": { "type": "LineString", "coordinates": [ [ -52.11058397845634, -32.030534146020827 ], [ -52.109915174006311, -32.031648686197158 ] ] } },
{ "type": "Feature", "properties": { "tipo": "rua", "nome": "MANOEL PEREIRA DE ALMEIDA", "drenagem": 1.0, "iluminacao": 1.0, "compriment": 48.595515277471506 }, "geometry": { "type": "LineString", "coordinates": [ [ -52.107764175568299, -32.030927682970976 ], [ -52.107769703274194, -32.030928676859567 ] ] } },
{ "type": "Feature", "properties": { "tipo": "rua", "nome": "JOAO SALOMAO", "drenagem": 0.0, "iluminacao": 1.0, "compriment": 118.00816803275455 }, "geometry": { "type": "LineString", "coordinates": [ [ -52.109915174006311, -32.031648686197158 ], [ -52.108797494043316, -32.031173247786313 ] ] } },
{ "type": "Feature", "properties": { "tipo": "rua", "nome": "CARLOS VIGNOLI", "drenagem": 0.0, "iluminacao": 1.0, "compriment": 99.369535506761693 }, "geometry": { "type": "LineString", "coordinates": [ [ -52.078935986086371, -32.049641605709695 ], [ -52.079419525221596, -32.049538250221929 ] ] } },
{ "type": "Feature", "properties": { "tipo": "rua", "nome": "DOUTOR ERICO POESTER PEIXOTO", "drenagem": 1.0, "iluminacao": 1.0, "compriment": 122.74490334708288 }, "geometry": { "type": "MultiLineString", "coordinates": [ [ [ -52.120578586754, -32.052320477143617 ], [ -52.120420784435197, -32.052633040004032 ] ], [ [ -52.120403325014109, -32.052667622300646 ], [ -52.120318138690919, -32.052836352906425 ] ] ] } },
{ "type": "Feature", "properties": { "tipo": "travessa", "nome": "GLOBO", "drenagem": 1.0, "iluminacao": 1.0, "compriment": 74.007227001764363 }, "geometry": { "type": "LineString", "coordinates": [ [ -52.124102838411929, -32.053299221338534 ], [ -52.123840135497737, -32.053784662078264 ] ] } },
{ "type": "Feature", "properties": { "tipo": "rua", "nome": "DAS MISSOES", "drenagem": 1.0, "iluminacao": 1.0, "compriment": 100.98496315302218 }, "geometry": { "type": "LineString", "coordinates": [ [ -52.13092520814692, -32.043958357138848 ], [ -52.130919143647361, -32.043968458150609 ] ] } },
{ "type": "Feature", "properties": { "tipo": "rua", "nome": "COMENDADOR FRANCISCO MARQUES", "drenagem": 0.0, "iluminacao": 1.0, "compriment": 106.42283692313369 }, "geometry": { "type": "LineString", "coordinates": [ [ -52.091079318468651, -32.035625221399243 ], [ -52.091349549670362, -32.036556945314295 ] ] } },
{ "type": "Feature", "properties": { "tipo": "rua", "nome": "DOUTOR ISNARD POESTER PEIXOTO", "drenagem": 1.0, "iluminacao": 1.0, "compriment": 136.70944435025183 }, "geometry": { "type": "MultiLineString", "coordinates": [ [ [ -52.093369745842857, -32.04485827620173 ], [ -52.093874275604968, -32.044861386105524 ] ], [ [ -52.094763069380953, -32.044866864599243 ], [ -52.09480819269622, -32.044867142737779 ] ] ] } },
{ "type": "Feature", "properties": { "tipo": "rua", "nome": "GENERAL VITORINO", "drenagem": 1.0, "iluminacao": 1.0, "compriment": 133.29754526734672 }, "geometry": { "type": "LineString", "coordinates": [ [ -52.087611476639147, -32.03727104487001 ], [ -52.088980787488389, -32.036980241346356 ] ] } },
{ "type": "Feature", "properties": { "tipo": "rua", "nome": "GENERAL VITORINO", "drenagem": 1.0, "iluminacao": 1.0, "compriment": 114.4728253108339 }, "geometry": { "type": "LineString", "coordinates": [ [ -52.088980787488389, -32.036980241346356 ], [ -52.090167164460006, -32.036769387325435 ] ] } },
{ "type": "Feature", "properties": { "tipo": "rua", "nome": "GENERAL OSORIO", "drenagem": 1.0, "iluminacao": 1.0, "compriment": 112.48953784670651 }, "geometry": { "type": "LineString", "coordinates": [ [ -52.099093277778977, -32.029974816926163 ], [ -52.100282066991028, -32.02991532016167 ] ] } },
{ "type": "Feature", "properties": { "tipo": "rua", "nome": "GENERAL OSORIO", "drenagem": 1.0, "iluminacao": 1.0, "compriment": 167.27617460562669 }, "geometry": { "type": "LineString", "coordinates": [ [ -52.100282066991028, -32.02991532016167 ], [ -52.102048654434462, -32.029811071959003 ] ] } },
{ "type": "Feature", "properties": { "tipo": "rua", "nome": "GENERAL OSORIO", "drenagem": 1.0, "iluminacao": 1.0, "compriment": 109.99254077109117 }, "geometry": { "type": "LineString", "coordinates": [ [ -52.102048654434462, -32.029811071959003 ], [ -52.103197903892543, -32.029970588923867 ] ] } },
{ "type": "Feature", "properties": { "tipo": "rua", "nome": "DARCY SARMANHO VARGAS", "drenagem": 1.0, "iluminacao": 1.0, "compriment": 127.16524902619227 }, "geometry": { "type": "MultiLineString", "coordinates": [ [ [ -52.093420598495484, -32.046817292447308 ], [ -52.093885505089979, -32.046827810230326 ] ], [ [ -52.094556323699848, -32.046842986449953 ], [ -52.094766570274288, -32.046847742949161 ] ] ] } },
{ "type": "Feature", "properties": { "tipo": "rua", "nome": "DOUTOR ROBERTO PAGANINI ROCAMORA", "drenagem": 1.0, "iluminacao": 1.0, "compriment": 128.77850504885967 }, "geometry": { "type": "MultiLineString", "coordinates": [ [ [ -52.093412423268518, -32.046432820997879 ], [ -52.093731443681072, -32.046441169056592 ] ], [ [ -52.094595995705589, -32.046463792471201 ], [ -52.094775302466388, -32.04646848453261 ] ] ] } },
{ "type": "Feature", "properties": { "tipo": "rua", "nome": "DOUTOR MARIO WERNECK", "drenagem": 1.0, "iluminacao": 1.0, "compriment": 40.486883785496971 }, "geometry": { "type": "LineString", "coordinates": [ [ -52.090701392245791, -32.038745042837569 ], [ -52.090584023562563, -32.039037700831173 ] ] } },
{ "type": "Feature", "properties": { "tipo": "rua", "nome": "CORONEL SAMPAIO", "drenagem": 1.0, "iluminacao": 1.0, "compriment": 124.09625295915767 }, "geometry": { "type": "LineString", "coordinates": [ [ -52.08971015568347, -32.030650037422781 ], [ -52.089636463040613, -32.03121825049795 ] ] } },
{ "type": "Feature", "properties": { "tipo": "rua", "nome": "GASPAR LEMOS", "drenagem": 0.0, "iluminacao": 1.0, "compriment": 130.50217809265578 }, "geometry": { "type": "MultiLineString", "coordinates": [ [ [ -52.093403941747454, -32.046033939121479 ], [ -52.093719723163183, -32.046034976886013 ] ], [ [ -52.094640542620596, -32.046038003010175 ], [ -52.094785697967211, -32.046038480039734 ] ] ] } },
{ "type": "Feature", "properties": { "tipo": "rua", "nome": "GASPAR LEMOS", "drenagem": 0.0, "iluminacao": 1.0, "compriment": 35.004812205735618 }, "geometry": { "type": "LineString", "coordinates": [ [ -52.094785697967211, -32.046038480039734 ], [ -52.09514830982878, -32.045973159068438 ] ] } },
{ "type": "Feature", "properties": { "tipo": "rua", "nome": "GASPAR LEMOS", "drenagem": 0.0, "iluminacao": 1.0, "compriment": 176.18245371540894 }, "geometry": { "type": "MultiLineString", "coordinates": [ [ [ -52.096373015016134, -32.045751776687176 ], [ -52.096375673367746, -32.045751265256307 ] ], [ [ -52.097041864716104, -32.045623099058197 ], [ -52.098192597706124, -32.045401713606807 ] ] ] } },
{ "type": "Feature", "properties": { "tipo": "rua", "nome": "ALVARO DELFINO", "drenagem": 0.0, "iluminacao": 1.0, "compriment": 138.70470477849278 }, "geometry": { "type": "LineString", "coordinates": [ [ -52.093362192420237, -32.044437418058926 ], [ -52.093510617152532, -32.04444162578281 ] ] } },
{ "type": "Feature", "properties": { "tipo": "rua", "nome": "COMENDADOR FRANCISCO MARQUES", "drenagem": 0.0, "iluminacao": 1.0, "compriment": 108.0569001380062 }, "geometry": { "type": "LineString", "coordinates": [ [ -52.091349549670362, -32.036556945314295 ], [ -52.091613672765767, -32.037505091653266 ] ] } },
{ "type": "Feature", "properties": { "tipo": "rua", "nome": "CORONEL SAMPAIO", "drenagem": 1.0, "iluminacao": 1.0, "compriment": 156.27261774959004 }, "geometry": { "type": "LineString", "coordinates": [ [ -52.089266155503239, -32.034355921611549 ], [ -52.089255200637417, -32.034439894005814 ] ] } },
{ "type": "Feature", "properties": { "tipo": "rua", "nome": "CORONEL SAMPAIO", "drenagem": 1.0, "iluminacao": 1.0, "compriment": 85.189516618860225 }, "geometry": { "type": "LineString", "coordinates": [ [ -52.089255200637417, -32.034439894005814 ], [ -52.089176140649094, -32.035205188829195 ] ] } },
{ "type": "Feature", "properties": { "tipo": "rua", "nome": "CORONEL SAMPAIO", "drenagem": 1.0, "iluminacao": 1.0, "compriment": 80.695023280066962 }, "geometry": { "type": "LineString", "coordinates": [ [ -52.089176140649094, -32.035205188829195 ], [ -52.089093797449664, -32.035929520784734 ] ] } },
{ "type": "Feature", "properties": { "tipo": "rua", "nome": "CORONEL SAMPAIO", "drenagem": 1.0, "iluminacao": 1.0, "compriment": 109.66733419110248 }, "geometry": { "type": "LineString", "coordinates": [ [ -52.089085701738249, -32.03599529051192 ], [ -52.088980787488389, -32.036980241346356 ] ] } },
{ "type": "Feature", "properties": { "tipo": "rua", "nome": "CORONEL SAMPAIO", "drenagem": 1.0, "iluminacao": 1.0, "compriment": 53.812596370173253 }, "geometry": { "type": "LineString", "coordinates": [ [ -52.08885221483844, -32.03808220019328 ], [ -52.088796787343277, -32.038559204683544 ] ] } },
{ "type": "Feature", "properties": { "tipo": "rua", "nome": "APELLES PORTO ALEGRE", "drenagem": 1.0, "iluminacao": 1.0, "compriment": 114.3341635611572 }, "geometry": { "type": "LineString", "coordinates": [ [ -52.0963098802658, -32.039470520268267 ], [ -52.096025185689989, -32.04047268077543 ] ] } },
{ "type": "Feature", "properties": { "tipo": "rua", "nome": "APELLES PORTO ALEGRE", "drenagem": 0.0, "iluminacao": 1.0, "compriment": 24.707065360647235 }, "geometry": { "type": "LineString", "coordinates": [ [ -52.096025185689989, -32.04047268077543 ], [ -52.09591556941966, -32.040674986131805 ] ] } },
{ "type": "Feature", "properties": { "tipo": "rua", "nome": "APELLES PORTO ALEGRE", "drenagem": 1.0, "iluminacao": 1.0, "compriment": 20.400814855490513 }, "geometry": { "type": "LineString", "coordinates": [ [ -52.09591556941966, -32.040674986131805 ], [ -52.095850368629613, -32.040850381231351 ] ] } },
{ "type": "Feature", "properties": { "tipo": "rua", "nome": "APELLES PORTO ALEGRE", "drenagem": 1.0, "iluminacao": 1.0, "compriment": 89.341949218084551 }, "geometry": { "type": "LineString", "coordinates": [ [ -52.095850368629613, -32.040850381231351 ], [ -52.095770115188841, -32.041312125639791 ], [ -52.095711843529635, -32.04164739345704 ] ] } },
{ "type": "Feature", "properties": { "tipo": "rua", "nome": "COMENDADOR HENRIQUE PANCADA", "drenagem": 0.0, "iluminacao": 1.0, "compriment": 59.512244897756993 }, "geometry": { "type": "LineString", "coordinates": [ [ -52.131466395256567, -32.043092497412488 ], [ -52.132026398279997, -32.043338510131747 ] ] } },
{ "type": "Feature", "properties": { "tipo": "rua", "nome": "COMENDADOR HENRIQUE PANCADA", "drenagem": 1.0, "iluminacao": 1.0, "compriment": 59.501636651080965 }, "geometry": { "type": "LineString", "coordinates": [ [ -52.132026398279997, -32.043338510131747 ], [ -52.132541921066952, -32.043646937713511 ] ] } },
{ "type": "Feature", "properties": { "tipo": "rua", "nome": "COMENDADOR HENRIQUE PANCADA", "drenagem": 1.0, "iluminacao": 1.0, "compriment": 121.48827893840331 }, "geometry": { "type": "LineString", "coordinates": [ [ -52.132541921066952, -32.043646937713511 ], [ -52.133487958316266, -32.044389265472205 ] ] } },
{ "type": "Feature", "properties": { "tipo": "rua", "nome": "COMENDADOR HENRIQUE PANCADA", "drenagem": 1.0, "iluminacao": 1.0, "compriment": 121.99262965432555 }, "geometry": { "type": "LineString", "coordinates": [ [ -52.133487958316266, -32.044389265472205 ], [ -52.133965104495957, -32.044768241107739 ] ] } },
{ "type": "Feature", "properties": { "tipo": "rua", "nome": "PADRE FEIJO", "drenagem": 1.0, "iluminacao": 1.0, "compriment": 154.3467667277659 }, "geometry": { "type": "LineString", "coordinates": [ [ -52.115288690134228, -32.032066485248173 ], [ -52.114583204848174, -32.033321988297253 ] ] } },
{ "type": "Feature", "properties": { "tipo": "rua", "nome": "OCTACILIO CHARAO", "drenagem": 0.0, "iluminacao": 1.0, "compriment": 73.577200828519764 }, "geometry": { "type": "LineString", "coordinates": [ [ -52.142469540298848, -32.064626118962678 ], [ -52.142368530882869, -32.064723700846969 ] ] } },
{ "type": "Feature", "properties": { "tipo": "rua", "nome": "COMENDADOR FRANCISCO MARQUES", "drenagem": 0.0, "iluminacao": 1.0, "compriment": 56.343586674694983 }, "geometry": { "type": "LineString", "coordinates": [ [ -52.09174537495521, -32.037990784879895 ], [ -52.09187962403449, -32.038485864805232 ] ] } },
{ "type": "Feature", "properties": { "tipo": "rua", "nome": "JOCKEY CLUBE", "drenagem": 1.0, "iluminacao": 1.0, "compriment": 36.544109858818658 }, "geometry": { "type": "LineString", "coordinates": [ [ -52.142284148958254, -32.047114034395769 ], [ -52.142644313011232, -32.047234490244996 ] ] } },
{ "type": "Feature", "properties": { "tipo": "rua", "nome": "JOCKEY CLUBE", "drenagem": 1.0, "iluminacao": 1.0, "compriment": 59.102688990445209 }, "geometry": { "type": "LineString", "coordinates": [ [ -52.142644313011232, -32.047234490244996 ], [ -52.143228852438725, -32.047424805425301 ] ] } },
{ "type": "Feature", "properties": { "tipo": "rua", "nome": "JOCKEY CLUBE", "drenagem": 1.0, "iluminacao": 1.0, "compriment": 70.801346812927662 }, "geometry": { "type": "LineString", "coordinates": [ [ -52.144093745289013, -32.047695991429158 ], [ -52.144372424944549, -32.047788686460933 ] ] } },
{ "type": "Feature", "properties": { "tipo": "rua", "nome": "GENERAL CAMISAO", "drenagem": 0.0, "iluminacao": 1.0, "compriment": 116.61962433468675 }, "geometry": { "type": "LineString", "coordinates": [ [ -52.155181800107158, -32.051325023783221 ], [ -52.154977724416213, -32.051732335350067 ] ] } },
{ "type": "Feature", "properties": { "tipo": "rua", "nome": "RODRIGUES DUARTE", "drenagem": 0.0, "iluminacao": 1.0, "compriment": 114.35612054101539 }, "geometry": { "type": "LineString", "coordinates": [ [ -52.15301106635529, -32.050519985850187 ], [ -52.153003286758711, -32.050534901288529 ] ] } },
{ "type": "Feature", "properties": { "tipo": "rua", "nome": "ALBERTO TORRES", "drenagem": 1.0, "iluminacao": 1.0, "compriment": 105.64729328367761 }, "geometry": { "type": "LineString", "coordinates": [ [ -52.15413157236469, -32.050955544078001 ], [ -52.155165497212785, -32.051319288366429 ] ] } },
{ "type": "Feature", "properties": { "tipo": "rua", "nome": "ALBERTO TORRES", "drenagem": 1.0, "iluminacao": 1.0, "compriment": 116.22078673493513 }, "geometry": { "type": "LineString", "coordinates": [ [ -52.155181800107158, -32.051325023783221 ], [ -52.156299641793339, -32.051763346473784 ] ] } },
{ "type": "Feature", "properties": { "tipo": "rua", "nome": "FORTE SANTANA", "drenagem": 0.0, "iluminacao": 1.0, "compriment": 120.02310016490563 }, "geometry": { "type": "LineString", "coordinates": [ [ -52.124590287919411, -32.053553392561575 ], [ -52.124268713772729, -32.054143031763751 ] ] } },
{ "type": "Feature", "properties": { "tipo": "rua", "nome": "HERMINIO DE MORAES", "drenagem": 0.0, "iluminacao": 1.0, "compriment": 93.093736370552051 }, "geometry": { "type": "LineString", "coordinates": [ [ -52.142751924044262, -32.065222750891564 ], [ -52.142820874383069, -32.06515348611957 ] ] } },
{ "type": "Feature", "properties": { "tipo": "rua", "nome": "ALBERTO TORRES", "drenagem": 1.0, "iluminacao": 1.0, "compriment": 105.04999040870833 }, "geometry": { "type": "LineString", "coordinates": [ [ -52.157004641304347, -32.052025747368752 ], [ -52.156299641793339, -32.051763346473784 ] ] } },
{ "type": "Feature", "properties": { "tipo": "rua", "nome": "TOBIAS BARRETO", "drenagem": 1.0, "iluminacao": 1.0, "compriment": 101.25714637199876 }, "geometry": { "type": "LineString", "coordinates": [ [ -52.129143562320046, -32.042093365543259 ], [ -52.129130175688658, -32.042115680117639 ] ] } },
{ "type": "Feature", "properties": { "tipo": "rua", "nome": "CRISTOVAO JACQUES", "drenagem": 1.0, "iluminacao": 1.0, "compriment": 117.99271281047844 }, "geometry": { "type": "LineString", "coordinates": [ [ -52.096351938272932, -32.043100343151039 ], [ -52.096427291731629, -32.043086819854061 ] ] } },
{ "type": "Feature", "properties": { "tipo": "rua", "nome": "CRISTOVAO JACQUES", "drenagem": 1.0, "iluminacao": 1.0, "compriment": 111.70225896344581 }, "geometry": { "type": "LineString", "coordinates": [ [ -52.096427291731629, -32.043086819854061 ], [ -52.097579575229013, -32.042859932517821 ] ] } },
{ "type": "Feature", "properties": { "tipo": "rua", "nome": "CRISTOVAO JACQUES", "drenagem": 1.0, "iluminacao": 1.0, "compriment": 128.88701372919482 }, "geometry": { "type": "LineString", "coordinates": [ [ -52.097579575229013, -32.042859932517821 ], [ -52.098911920125609, -32.042608651103095 ] ] } },
{ "type": "Feature", "properties": { "tipo": "rua", "nome": "CRISTOVAO JACQUES", "drenagem": 1.0, "iluminacao": 1.0, "compriment": 135.82856076250596 }, "geometry": { "type": "LineString", "coordinates": [ [ -52.098911920125609, -32.042608651103095 ], [ -52.100314662127396, -32.042338673605485 ] ] } },
{ "type": "Feature", "properties": { "tipo": "rua", "nome": "INTENDENTE WERNECK", "drenagem": 0.0, "iluminacao": 1.0, "compriment": 108.78317770911674 }, "geometry": { "type": "LineString", "coordinates": [ [ -52.120043519311736, -32.052079992450324 ], [ -52.119819346584521, -32.052498549425238 ] ] } },
{ "type": "Feature", "properties": { "tipo": "rua", "nome": "INTENDENTE MESQUITA", "drenagem": 0.0, "iluminacao": 1.0, "compriment": 177.38696687866366 }, "geometry": { "type": "LineString", "coordinates": [ [ -52.117971661946463, -32.051548244281918 ], [ -52.117648361636498, -32.052221275020862 ] ] } },
{ "type": "Feature", "properties": { "tipo": "rua", "nome": "ACRE", "drenagem": 1.0, "iluminacao": 1.0, "compriment": 54.759586360245187 }, "geometry": { "type": "LineString", "coordinates": [ [ -52.133428189122689, -32.044481758838593 ], [ -52.133487958316266, -32.044389265472205 ] ] } },
{ "type": "Feature", "properties": { "tipo": "rua", "nome": "VALPORTO", "drenagem": 1.0, "iluminacao": 1.0, "compriment": 74.330958868961289 }, "geometry": { "type": "LineString", "coordinates": [ [ -52.095711843529635, -32.04164739345704 ], [ -52.09647967615868, -32.041500414906551 ] ] } },
{ "type": "Feature", "properties": { "tipo": "rua", "nome": "DOUTORA RITA LOBATO", "drenagem": 1.0, "iluminacao": 1.0, "compriment": 55.894720776858613 }, "geometry": { "type": "LineString", "coordinates": [ [ -52.093017823780116, -32.044176552066126 ], [ -52.093041112267862, -32.044680228156629 ] ] } },
{ "type": "Feature", "properties": { "tipo": "rua", "nome": "DOUTORA RITA LOBATO", "drenagem": 1.0, "iluminacao": 1.0, "compriment": 112.67034991354468 }, "geometry": { "type": "LineString", "coordinates": [ [ -52.093067278250231, -32.045151252122253 ], [ -52.093099425394094, -32.046166960145158 ] ] } },
{ "type": "Feature", "properties": { "tipo": "rua", "nome": "DOM MANOEL I", "drenagem": 1.0, "iluminacao": 1.0, "compriment": 97.126370303841014 }, "geometry": { "type": "LineString", "coordinates": [ [ -52.096434791655312, -32.042415343590179 ], [ -52.097439284302695, -32.042227807784826 ] ] } },
{ "type": "Feature", "properties": { "tipo": "rua", "nome": "DOM MANOEL I", "drenagem": 1.0, "iluminacao": 1.0, "compriment": 68.910102942510647 }, "geometry": { "type": "LineString", "coordinates": [ [ -52.100021471898209, -32.041723147649982 ], [ -52.100037354819776, -32.041719961601771 ] ] } },
{ "type": "Feature", "properties": { "tipo": "avenida", "nome": "DOM PEDRO II", "drenagem": 1.0, "iluminacao": 1.0, "compriment": 37.146181698805947 }, "geometry": { "type": "LineString", "coordinates": [ [ -52.08773375763424, -32.034775060358029 ], [ -52.087350990276128, -32.034851920800186 ] ] } },
{ "type": "Feature", "properties": { "tipo": "rua", "nome": "MARTIN AFONSO DE SOUZA", "drenagem": 1.0, "iluminacao": 1.0, "compriment": 128.47844851164831 }, "geometry": { "type": "LineString", "coordinates": [ [ -52.097735053323959, -32.043494785904741 ], [ -52.099067972228539, -32.043263487564488 ] ] } },
{ "type": "Feature", "properties": { "tipo": "rua", "nome": "MARTIN AFONSO DE SOUZA", "drenagem": 0.0, "iluminacao": 1.0, "compriment": 136.11290597619984 }, "geometry": { "type": "LineString", "coordinates": [ [ -52.099067972228539, -32.043263487564488 ], [ -52.10047558515852, -32.043000303769531 ] ] } },
{ "type": "Feature", "properties": { "tipo": "rua", "nome": "ALMIRANTE GARNIER", "drenagem": 1.0, "iluminacao": 1.0, "compriment": 284.32054247724858 }, "geometry": { "type": "LineString", "coordinates": [ [ -52.084139759519893, -32.03129615961317 ], [ -52.084031438977021, -32.032161568279321 ] ] } },
{ "type": "Feature", "properties": { "tipo": "rua", "nome": "ALMIRANTE BARROSO", "drenagem": 1.0, "iluminacao": 1.0, "compriment": 13.224151879176228 }, "geometry": { "type": "LineString", "coordinates": [ [ -52.087747196458793, -32.034656353602081 ], [ -52.08773375763424, -32.034775060358029 ] ] } },
{ "type": "Feature", "properties": { "tipo": "rua", "nome": "DO RIACHUELO", "drenagem": 1.0, "iluminacao": 1.0, "compriment": 146.57898811025217 }, "geometry": { "type": "LineString", "coordinates": [ [ -52.09264686309858, -32.030111521411854 ], [ -52.094159137355994, -32.029815373335303 ] ] } },
{ "type": "Feature", "properties": { "tipo": "avenida", "nome": "MODESTO REY DORNELLES", "drenagem": 1.0, "iluminacao": 1.0, "compriment": 95.841354602868549 }, "geometry": { "type": "LineString", "coordinates": [ [ -52.098753980842204, -32.041946612771461 ], [ -52.098759113794152, -32.04196769047973 ] ] } },
{ "type": "Feature", "properties": { "tipo": "avenida", "nome": "MODESTO REY DORNELLES", "drenagem": 0.0, "iluminacao": 1.0, "compriment": 72.525097004769364 }, "geometry": { "type": "LineString", "coordinates": [ [ -52.098759113794152, -32.04196769047973 ], [ -52.098911920125609, -32.042608651103095 ] ] } },
{ "type": "Feature", "properties": { "tipo": "avenida", "nome": "MODESTO REY DORNELLES", "drenagem": 0.0, "iluminacao": 1.0, "compriment": 74.09397349328647 }, "geometry": { "type": "LineString", "coordinates": [ [ -52.098911920125609, -32.042608651103095 ], [ -52.099067972228539, -32.043263487564488 ] ] } },
{ "type": "Feature", "properties": { "tipo": "avenida", "nome": "MODESTO REY DORNELLES", "drenagem": 0.0, "iluminacao": 1.0, "compriment": 71.778311069975061 }, "geometry": { "type": "LineString", "coordinates": [ [ -52.099067972228539, -32.043263487564488 ], [ -52.099210575025424, -32.043899296876809 ] ] } },
{ "type": "Feature", "properties": { "tipo": "avenida", "nome": "MODESTO REY DORNELLES", "drenagem": 0.0, "iluminacao": 1.0, "compriment": 69.725122563219543 }, "geometry": { "type": "LineString", "coordinates": [ [ -52.099210575025424, -32.043899296876809 ], [ -52.099365908966526, -32.044514011190913 ] ] } },
{ "type": "Feature", "properties": { "tipo": "rua", "nome": "ALLAN KARDEC", "drenagem": 1.0, "iluminacao": 1.0, "compriment": 234.30059089087632 }, "geometry": { "type": "LineString", "coordinates": [ [ -52.101280123102249, -32.042083981924662 ], [ -52.100556760589001, -32.043340215362136 ] ] } },
{ "type": "Feature", "properties": { "tipo": "rua", "nome": "ALLAN KARDEC", "drenagem": 1.0, "iluminacao": 1.0, "compriment": 43.51940752462135 }, "geometry": { "type": "LineString", "coordinates": [ [ -52.100556760589001, -32.043340215362136 ], [ -52.100355292854793, -32.043693176523306 ] ] } },
{ "type": "Feature", "properties": { "tipo": "rua", "nome": "ALLAN KARDEC", "drenagem": 1.0, "iluminacao": 1.0, "compriment": 89.248250363347907 }, "geometry": { "type": "LineString", "coordinates": [ [ -52.100355292854793, -32.043693176523306 ], [ -52.099928047091701, -32.044411064141038 ] ] } },
{ "type": "Feature", "properties": { "tipo": "rua", "nome": "ALLAN KARDEC", "drenagem": 1.0, "iluminacao": 1.0, "compriment": 96.47952428607465 }, "geometry": { "type": "LineString", "coordinates": [ [ -52.099501640923478, -32.045145989804539 ], [ -52.099085285233038, -32.045940506745133 ] ] } },
{ "type": "Feature", "properties": { "tipo": "rua", "nome": "ALLAN KARDEC", "drenagem": 0.0, "iluminacao": 1.0, "compriment": 50.180872380939157 }, "geometry": { "type": "LineString", "coordinates": [ [ -52.099085285233038, -32.045940506745133 ], [ -52.098945621742416, -32.046143216333547 ], [ -52.098853111406292, -32.046345945677416 ] ] } },
{ "type": "Feature", "properties": { "tipo": "rua", "nome": "ALLAN KARDEC", "drenagem": 0.0, "iluminacao": 1.0, "compriment": 114.94489443237467 }, "geometry": { "type": "LineString", "coordinates": [ [ -52.098853111406292, -32.046345945677416 ], [ -52.099011292006956, -32.047066805823832 ] ] } },
{ "type": "Feature", "properties": { "tipo": "avenida", "nome": "ALMIRANTE TAMANDARE", "drenagem": 1.0, "iluminacao": 1.0, "compriment": 101.542728202367 }, "geometry": { "type": "LineString", "coordinates": [ [ -52.09647967615868, -32.041500414906551 ], [ -52.096434791655312, -32.042415343590179 ] ] } },
{ "type": "Feature", "properties": { "tipo": "avenida", "nome": "ALMIRANTE TAMANDARE", "drenagem": 1.0, "iluminacao": 1.0, "compriment": 74.461732480224839 }, "geometry": { "type": "LineString", "coordinates": [ [ -52.096434791655312, -32.042415343590179 ], [ -52.096427291731629, -32.043086819854061 ] ] } },
{ "type": "Feature", "properties": { "tipo": "avenida", "nome": "ALMIRANTE TAMANDARE", "drenagem": 1.0, "iluminacao": 1.0, "compriment": 72.459992610821686 }, "geometry": { "type": "MultiLineString", "coordinates": [ [ [ -52.096427291731629, -32.043086819854061 ], [ -52.09642803683257, -32.043303868183401 ] ], [ [ -52.096429468024169, -32.043720775112448 ], [ -52.096429534953494, -32.043740271663253 ] ] ] } },
{ "type": "Feature", "properties": { "tipo": "avenida", "nome": "ALMIRANTE TAMANDARE", "drenagem": 1.0, "iluminacao": 1.0, "compriment": 74.754847510799664 }, "geometry": { "type": "LineString", "coordinates": [ [ -52.096373545402621, -32.045737100516988 ], [ -52.096373015016134, -32.045751776687176 ] ] } },
{ "type": "Feature", "properties": { "tipo": "avenida", "nome": "ALMIRANTE TAMANDARE", "drenagem": 1.0, "iluminacao": 1.0, "compriment": 75.208925585620761 }, "geometry": { "type": "LineString", "coordinates": [ [ -52.096373015016134, -32.045751776687176 ], [ -52.096357482603104, -32.04642989224115 ] ] } },
{ "type": "Feature", "properties": { "tipo": "rua", "nome": "GENERAL BERTOLDO KLINGER", "drenagem": 0.0, "iluminacao": 1.0, "compriment": 43.524431327588069 }, "geometry": { "type": "LineString", "coordinates": [ [ -52.094813591210475, -32.044981316745243 ], [ -52.094804843361352, -32.045259566942597 ] ] } },
{ "type": "Feature", "properties": { "tipo": "rua", "nome": "TRINDADE", "drenagem": 1.0, "iluminacao": 1.0, "compriment": 113.1074951650008 }, "geometry": { "type": "LineString", "coordinates": [ [ -52.090426036695447, -32.037752355035551 ], [ -52.090701392245791, -32.038745042837569 ] ] } },
{ "type": "Feature", "properties": { "tipo": "rua", "nome": "DOUTOR LAZARO LUDOVICO ZAMENHOF", "drenagem": 1.0, "iluminacao": 1.0, "compriment": 42.194505581851431 }, "geometry": { "type": "LineString", "coordinates": [ [ -52.093353252572214, -32.044056978201439 ], [ -52.093362192420237, -32.044437418058926 ] ] } },
{ "type": "Feature", "properties": { "tipo": "rua", "nome": "DOUTOR LAZARO LUDOVICO ZAMENHOF", "drenagem": 1.0, "iluminacao": 1.0, "compriment": 26.741253978898175 }, "geometry": { "type": "LineString", "coordinates": [ [ -52.093362192420237, -32.044437418058926 ], [ -52.093368233633761, -32.044678519576443 ] ] } },
{ "type": "Feature", "properties": { "tipo": "rua", "nome": "DOUTOR LAZARO LUDOVICO ZAMENHOF", "drenagem": 1.0, "iluminacao": 1.0, "compriment": 43.632524461291979 }, "geometry": { "type": "LineString", "coordinates": [ [ -52.093369745842857, -32.04485827620173 ], [ -52.093374375555548, -32.045251740702 ] ] } },
{ "type": "Feature", "properties": { "tipo": "rua", "nome": "DOUTOR LAZARO LUDOVICO ZAMENHOF", "drenagem": 1.0, "iluminacao": 1.0, "compriment": 43.693242194052885 }, "geometry": { "type": "LineString", "coordinates": [ [ -52.093391319472943, -32.045640054038309 ], [ -52.093403941747454, -32.046033939121479 ] ] } },
{ "type": "Feature", "properties": { "tipo": "rua", "nome": "DOUTOR LAZARO LUDOVICO ZAMENHOF", "drenagem": 1.0, "iluminacao": 1.0, "compriment": 24.317393661152312 }, "geometry": { "type": "LineString", "coordinates": [ [ -52.093403941747454, -32.046033939121479 ], [ -52.093408603947395, -32.046253200815109 ] ] } },
{ "type": "Feature", "properties": { "tipo": "rua", "nome": "ALMIRANTE CERQUEIRA E SOUZA", "drenagem": 0.0, "iluminacao": 1.0, "compriment": 13.344508311936529 }, "geometry": { "type": "LineString", "coordinates": [ [ -52.080311749209507, -32.030967480996729 ], [ -52.080452447341706, -32.030978293464337 ] ] } },
{ "type": "Feature", "properties": { "tipo": "rua", "nome": "ALMIRANTE CERQUEIRA E SOUZA", "drenagem": 1.0, "iluminacao": 1.0, "compriment": 350.0868127091926 }, "geometry": { "type": "LineString", "coordinates": [ [ -52.080452447341706, -32.030978293464337 ], [ -52.084139759519893, -32.03129615961317 ] ] } },
{ "type": "Feature", "properties": { "tipo": "rua", "nome": "VISCONDE DE MAUA", "drenagem": 1.0, "iluminacao": 1.0, "compriment": 59.39598207552875 }, "geometry": { "type": "LineString", "coordinates": [ [ -52.131208844491283, -32.043973578060147 ], [ -52.131538317809614, -32.044113569176041 ] ] } },
{ "type": "Feature", "properties": { "tipo": "rua", "nome": "ACACIA RIOGRANDENSE", "drenagem": 1.0, "iluminacao": 1.0, "compriment": 71.336171829210244 }, "geometry": { "type": "LineString", "coordinates": [ [ -52.097439284302695, -32.042227807784826 ], [ -52.097579575229013, -32.042859932517821 ] ] } },
{ "type": "Feature", "properties": { "tipo": "rua", "nome": "ACACIA RIOGRANDENSE", "drenagem": 1.0, "iluminacao": 1.0, "compriment": 71.366858463267945 }, "geometry": { "type": "LineString", "coordinates": [ [ -52.097885733477916, -32.044145884194272 ], [ -52.098043699365078, -32.044775259885995 ] ] } },
{ "type": "Feature", "properties": { "tipo": "rua", "nome": "ACACIA RIOGRANDENSE", "drenagem": 1.0, "iluminacao": 1.0, "compriment": 70.875140366146184 }, "geometry": { "type": "LineString", "coordinates": [ [ -52.098043699365078, -32.044775259885995 ], [ -52.098192597706124, -32.045401713606807 ] ] } },
{ "type": "Feature", "properties": { "tipo": "rua", "nome": "ACACIA RIOGRANDENSE", "drenagem": 1.0, "iluminacao": 1.0, "compriment": 74.731357290211463 }, "geometry": { "type": "LineString", "coordinates": [ [ -52.098192597706124, -32.045401713606807 ], [ -52.09834269003386, -32.046063415704545 ] ] } },
{ "type": "Feature", "properties": { "tipo": "rua", "nome": "ACACIA RIOGRANDENSE", "drenagem": 1.0, "iluminacao": 1.0, "compriment": 39.101459367403635 }, "geometry": { "type": "LineString", "coordinates": [ [ -52.09834269003386, -32.046063415704545 ], [ -52.098417598448926, -32.046410218176604 ] ] } },
{ "type": "Feature", "properties": { "tipo": "avenida", "nome": "SENADOR SALGADO FILHO", "drenagem": 0.0, "iluminacao": 1.0, "compriment": 33.899882158921635 }, "geometry": { "type": "LineString", "coordinates": [ [ -52.097241723621082, -32.041364197006409 ], [ -52.096989812360057, -32.041146434518033 ] ] } },
{ "type": "Feature", "properties": { "tipo": "avenida", "nome": "SENADOR SALGADO FILHO", "drenagem": 0.0, "iluminacao": 1.0, "compriment": 112.51730608980128 }, "geometry": { "type": "LineString", "coordinates": [ [ -52.096989812360057, -32.041146434518033 ], [ -52.095850368629613, -32.040850381231351 ] ] } },
{ "type": "Feature", "properties": { "tipo": "rua", "nome": "DO RIACHUELO", "drenagem": 1.0, "iluminacao": 1.0, "compriment": 107.66832437279643 }, "geometry": { "type": "LineString", "coordinates": [ [ -52.08971015568347, -32.030650037422781 ], [ -52.090822790501065, -32.030439285323887 ] ] } },
{ "type": "Feature", "properties": { "tipo": "rua", "nome": "DOM PEDRO I", "drenagem": 1.0, "iluminacao": 1.0, "compriment": 166.52472622517837 }, "geometry": { "type": "LineString", "coordinates": [ [ -52.118011856979834, -32.034826905167186 ], [ -52.117501573962215, -32.03568387144233 ] ] } },
{ "type": "Feature", "properties": { "tipo": "rua", "nome": "FRANCISCO PASTORE", "drenagem": 1.0, "iluminacao": 1.0, "compriment": 277.67802222068531 }, "geometry": { "type": "LineString", "coordinates": [ [ -52.109576669707693, -32.048551767348229 ], [ -52.107845877412473, -32.050576050830536 ] ] } },
{ "type": "Feature", "properties": { "tipo": "rua", "nome": "MESTRE JERONIMO", "drenagem": 1.0, "iluminacao": 1.0, "compriment": 144.78741205623575 }, "geometry": { "type": "LineString", "coordinates": [ [ -52.109042607096484, -32.048218805071002 ], [ -52.109015052615177, -32.048250767046028 ] ] } },
{ "type": "Feature", "properties": { "tipo": "travessa", "nome": "BOM FIM", "drenagem": 0.0, "iluminacao": 1.0, "compriment": 141.58610638706355 }, "geometry": { "type": "LineString", "coordinates": [ [ -52.133035937483726, -32.057134086915518 ], [ -52.133377958656673, -32.056794527825886 ] ] } },
{ "type": "Feature", "properties": { "tipo": "rua", "nome": "MORON", "drenagem": 0.0, "iluminacao": 1.0, "compriment": 91.609397267884873 }, "geometry": { "type": "LineString", "coordinates": [ [ -52.108220561227967, -32.030198731900377 ], [ -52.107764175568299, -32.030927682970976 ] ] } },
{ "type": "Feature", "properties": { "tipo": "avenida", "nome": "COMENDADOR VASCO VIEIRA DA FONSECA", "drenagem": 1.0, "iluminacao": 1.0, "compriment": 141.6519049285935 }, "geometry": { "type": "LineString", "coordinates": [ [ -52.103415942439483, -32.028730317793304 ], [ -52.10490415035526, -32.028887067115384 ] ] } },
{ "type": "Feature", "properties": { "tipo": "avenida", "nome": "COMENDADOR VASCO VIEIRA DA FONSECA", "drenagem": 1.0, "iluminacao": 1.0, "compriment": 103.3996969024392 }, "geometry": { "type": "LineString", "coordinates": [ [ -52.10490415035526, -32.028887067115384 ], [ -52.105992598313712, -32.028985791299206 ] ] } },
{ "type": "Feature", "properties": { "tipo": "avenida", "nome": "SENADOR SALGADO FILHO", "drenagem": 1.0, "iluminacao": 1.0, "compriment": 72.610883234503774 }, "geometry": { "type": "LineString", "coordinates": [ [ -52.095015558664059, -32.040388375255695 ], [ -52.095234457259593, -32.040455342183492 ] ] } },
{ "type": "Feature", "properties": { "tipo": "rua", "nome": "JOCKEY CLUBE", "drenagem": 1.0, "iluminacao": 1.0, "compriment": 80.779874487881685 }, "geometry": { "type": "LineString", "coordinates": [ [ -52.143228852438725, -32.047424805425301 ], [ -52.144029254223462, -32.047681628181287 ] ] } },
{ "type": "Feature", "properties": { "tipo": "rua", "nome": "DO RIACHUELO", "drenagem": 1.0, "iluminacao": 1.0, "compriment": 48.18469984686633 }, "geometry": { "type": "LineString", "coordinates": [ [ -52.095095430469534, -32.029679711732072 ], [ -52.095601224877804, -32.029623422447514 ] ] } },
{ "type": "Feature", "properties": { "tipo": "rua", "nome": "CONSELHEIRO PINTO LIMA", "drenagem": 0.0, "iluminacao": 1.0, "compriment": 102.8480534277259 }, "geometry": { "type": "LineString", "coordinates": [ [ -52.099127271514099, -32.029047768584746 ], [ -52.099093277778977, -32.029974816926163 ] ] } },
{ "type": "Feature", "properties": { "tipo": "largo", "nome": "SILVEIRA MARTINS", "drenagem": 1.0, "iluminacao": 1.0, "compriment": 70.123314547061312 }, "geometry": { "type": "LineString", "coordinates": [ [ -52.095899961205404, -32.030022742768743 ], [ -52.095866211767564, -32.029548103216705 ] ] } },
{ "type": "Feature", "properties": { "tipo": "rua", "nome": "WALTER RAMOS LAGES", "drenagem": 1.0, "iluminacao": 1.0, "compriment": 141.16746452530307 }, "geometry": { "type": "LineString", "coordinates": [ [ -52.105913067679815, -32.029452977195092 ], [ -52.105955597394647, -32.029500573292772 ] ] } },
{ "type": "Feature", "properties": { "tipo": "avenida", "nome": "MAJOR CARLOS PINTO", "drenagem": 0.0, "iluminacao": 1.0, "compriment": 183.7745028998782 }, "geometry": { "type": "LineString", "coordinates": [ [ -52.10952913257001, -32.029415742997664 ], [ -52.109200990314953, -32.029980617609496 ], [ -52.108713385825965, -32.030919923224012 ] ] } },
{ "type": "Feature", "properties": { "tipo": "rua", "nome": "SEM DENOMINACAO", "drenagem": 1.0, "iluminacao": 0.0, "compriment": 26.53596200891856 }, "geometry": { "type": "LineString", "coordinates": [ [ -52.108085987963086, -32.031844479558018 ], [ -52.108108036943989, -32.031853582858744 ] ] } },
{ "type": "Feature", "properties": { "tipo": "avenida", "nome": "MAJOR CARLOS PINTO", "drenagem": 1.0, "iluminacao": 1.0, "compriment": 89.91807954685278 }, "geometry": { "type": "LineString", "coordinates": [ [ -52.108108036943989, -32.031853582858744 ], [ -52.108027333804934, -32.031989544974202 ] ] } },
{ "type": "Feature", "properties": { "tipo": "rua", "nome": "MANOEL PEREIRA DE ALMEIDA", "drenagem": 0.0, "iluminacao": 1.0, "compriment": 29.341641649329905 }, "geometry": { "type": "LineString", "coordinates": [ [ -52.10842933136432, -32.031047278269277 ], [ -52.108571459174243, -32.031072832535195 ] ] } },
{ "type": "Feature", "properties": { "tipo": "rua", "nome": "GENERAL PORTINHO", "drenagem": 1.0, "iluminacao": 1.0, "compriment": 178.90699560492519 }, "geometry": { "type": "LineString", "coordinates": [ [ -52.10490415035526, -32.028887067115384 ], [ -52.104565610128702, -32.030474495115541 ] ] } },
{ "type": "Feature", "properties": { "tipo": "rua", "nome": "QUARENTA", "drenagem": 0.0, "iluminacao": 1.0, "compriment": 47.452060228294158 }, "geometry": { "type": "LineString", "coordinates": [ [ -52.092607699010301, -32.04625480700507 ], [ -52.093099425394094, -32.046166960145158 ] ] } },
{ "type": "Feature", "properties": { "tipo": "rua", "nome": "TRINTA E NOVE", "drenagem": 0.0, "iluminacao": 1.0, "compriment": 51.848037542318295 }, "geometry": { "type": "LineString", "coordinates": [ [ -52.093067278250231, -32.045151252122253 ], [ -52.092535356310236, -32.045266857692937 ] ] } },
{ "type": "Feature", "properties": { "tipo": "rua", "nome": "SEM DENOMINACAO", "drenagem": 1.0, "iluminacao": 1.0, "compriment": 122.88152384654008 }, "geometry": { "type": "LineString", "coordinates": [ [ -52.112122608004412, -32.032770020533874 ], [ -52.110950300664356, -32.03228964506264 ] ] } },
{ "type": "Feature", "properties": { "tipo": "rua", "nome": "CONSELHEIRO TEIXEIRA JUNIOR", "drenagem": 0.0, "iluminacao": 1.0, "compriment": 233.09094034647478 }, "geometry": { "type": "LineString", "coordinates": [ [ -52.115958059481038, -32.03340575138256 ], [ -52.115172418809202, -32.0348104109991 ] ] } },
{ "type": "Feature", "properties": { "tipo": "rua", "nome": "DAS MISSOES", "drenagem": 0.0, "iluminacao": 1.0, "compriment": 98.324309872305861 }, "geometry": { "type": "LineString", "coordinates": [ [ -52.131466395256567, -32.043092497412488 ], [ -52.131029297913607, -32.0437888754822 ] ] } },
{ "type": "Feature", "properties": { "tipo": "rua", "nome": "JOAO ALFREDO", "drenagem": 1.0, "iluminacao": 1.0, "compriment": 121.77519301703148 }, "geometry": { "type": "LineString", "coordinates": [ [ -52.096297487151148, -32.039415468905716 ], [ -52.095040181542871, -32.039658502592495 ] ] } },
{ "type": "Feature", "properties": { "tipo": "rua", "nome": "JOAO ALFREDO", "drenagem": 1.0, "iluminacao": 1.0, "compriment": 45.506842182777923 }, "geometry": { "type": "LineString", "coordinates": [ [ -52.096764371288906, -32.039314161777 ], [ -52.096297487151148, -32.039415468905716 ] ] } },
{ "type": "Feature", "properties": { "tipo": "rua", "nome": "JOAO ALFREDO", "drenagem": 1.0, "iluminacao": 1.0, "compriment": 126.82453053417962 }, "geometry": { "type": "LineString", "coordinates": [ [ -52.096789343241497, -32.039309244158055 ], [ -52.096764371288906, -32.039314161777 ] ] } },
{ "type": "Feature", "properties": { "tipo": "rua", "nome": "VALPORTO", "drenagem": 0.0, "iluminacao": 1.0, "compriment": 117.61412122484883 }, "geometry": { "type": "LineString", "coordinates": [ [ -52.096989812360057, -32.041146434518033 ], [ -52.096681983005354, -32.041136354248039 ], [ -52.095767825014683, -32.041312220264025 ] ] } },
{ "type": "Feature", "properties": { "tipo": "rua", "nome": "VALPORTO", "drenagem": 1.0, "iluminacao": 1.0, "compriment": 97.60562112981998 }, "geometry": { "type": "LineString", "coordinates": [ [ -52.095767825014683, -32.041312220264025 ], [ -52.095462188164106, -32.041378976216926 ] ] } },
{ "type": "Feature", "properties": { "tipo": "rua", "nome": "INTENDENTE CONRADO", "drenagem": 0.0, "iluminacao": 1.0, "compriment": 134.09246700373464 }, "geometry": { "type": "LineString", "coordinates": [ [ -52.122359157942981, -32.052999566355034 ], [ -52.122114205384058, -32.053433879268049 ] ] } },
{ "type": "Feature", "properties": { "tipo": "rua", "nome": "MARCÍLIO DIAS", "drenagem": 0.0, "iluminacao": 1.0, "compriment": 189.97963862203218 }, "geometry": { "type": "LineString", "coordinates": [ [ -52.116955433875667, -32.034208373023986 ], [ -52.116414649753899, -32.035155244599935 ] ] } },
{ "type": "Feature", "properties": { "tipo": "rua", "nome": "INTENDENTE CARVALHO", "drenagem": 1.0, "iluminacao": 1.0, "compriment": 130.30788445999551 }, "geometry": { "type": "LineString", "coordinates": [ [ -52.118938996967039, -32.051924384367339 ], [ -52.118748772473339, -32.052274472646324 ] ] } },
{ "type": "Feature", "properties": { "tipo": "rua", "nome": "CARAMURÚ", "drenagem": 1.0, "iluminacao": 1.0, "compriment": 284.13445719432838 }, "geometry": { "type": "LineString", "coordinates": [ [ -52.113467769927382, -32.030478149676213 ], [ -52.112122608004412, -32.032770020533874 ] ] } },
{ "type": "Feature", "properties": { "tipo": "rua", "nome": "CARLOS VIGNOLI", "drenagem": 0.0, "iluminacao": 0.0, "compriment": 31.93066690498889 }, "geometry": { "type": "LineString", "coordinates": [ [ -52.084906378764927, -32.048440158420526 ], [ -52.084919549385077, -32.048437716696455 ] ] } },
{ "type": "Feature", "properties": { "tipo": "rua", "nome": "CARAMURÚ", "drenagem": 1.0, "iluminacao": 1.0, "compriment": 149.4463200963655 }, "geometry": { "type": "LineString", "coordinates": [ [ -52.112122608004412, -32.032770020533874 ], [ -52.111417200407445, -32.033953895849969 ] ] } },
{ "type": "Feature", "properties": { "tipo": "avenida", "nome": "SENADOR SALGADO FILHO", "drenagem": 0.0, "iluminacao": 0.0, "compriment": 32.068252121031286 }, "geometry": { "type": "LineString", "coordinates": [ [ -52.087955395076236, -32.038278620260442 ], [ -52.087749267226947, -32.038321870215654 ], [ -52.087688070861212, -32.038361271649009 ] ] } },
{ "type": "Feature", "properties": { "tipo": "avenida", "nome": "SENADOR SALGADO FILHO", "drenagem": 1.0, "iluminacao": 1.0, "compriment": 44.426127986464806 }, "geometry": { "type": "LineString", "coordinates": [ [ -52.087955395076236, -32.038278620260442 ], [ -52.087518387441357, -32.038130469175712 ] ] } },
{ "type": "Feature", "properties": { "tipo": "avenida", "nome": "SENADOR SALGADO FILHO", "drenagem": 1.0, "iluminacao": 1.0, "compriment": 40.246711108010295 }, "geometry": { "type": "LineString", "coordinates": [ [ -52.087399900631937, -32.038309826208383 ], [ -52.087518387441357, -32.038130469175712 ] ] } },
{ "type": "Feature", "properties": { "tipo": "rua", "nome": "14 BIS", "drenagem": 0.0, "iluminacao": 1.0, "compriment": 94.830630845677831 }, "geometry": { "type": "LineString", "coordinates": [ [ -52.127182566555447, -32.055029061146875 ], [ -52.127125315021928, -32.055142074500345 ] ] } },
{ "type": "Feature", "properties": { "tipo": "rua", "nome": "ANTONIO JOAO", "drenagem": 0.0, "iluminacao": 1.0, "compriment": 42.164864201759883 }, "geometry": { "type": "LineString", "coordinates": [ [ -52.161412165118556, -32.054364397805692 ], [ -52.161387541692093, -32.054400972123837 ] ] } },
{ "type": "Feature", "properties": { "tipo": "rua", "nome": "MARECHAL DEODORO", "drenagem": 1.0, "iluminacao": 1.0, "compriment": 49.552705848220505 }, "geometry": { "type": "LineString", "coordinates": [ [ -52.110828228773165, -32.030138667375404 ], [ -52.11058397845634, -32.030534146020827 ] ] } },
{ "type": "Feature", "properties": { "tipo": "rua", "nome": "MARECHAL DEODORO", "drenagem": 0.0, "iluminacao": 1.0, "compriment": 89.342363435307604 }, "geometry": { "type": "LineString", "coordinates": [ [ -52.109915174006311, -32.031648686197158 ], [ -52.109497931772118, -32.032371754061884 ] ] } },
{ "type": "Feature", "properties": { "tipo": "rua", "nome": "MARECHAL DEODORO", "drenagem": 1.0, "iluminacao": 1.0, "compriment": 90.361485433019681 }, "geometry": { "type": "LineString", "coordinates": [ [ -52.109497931772118, -32.032371754061884 ], [ -52.109201864432592, -32.032901303598024 ] ] } },
{ "type": "Feature", "properties": { "tipo": "rua", "nome": "ALMIRANTE BARROSO", "drenagem": 1.0, "iluminacao": 1.0, "compriment": 204.84253919779468 }, "geometry": { "type": "LineString", "coordinates": [ [ -52.087666741480945, -32.035445969289626 ], [ -52.087580249009839, -32.036308246480367 ], [ -52.087482115165386, -32.037286564151884 ] ] } },
{ "type": "Feature", "properties": { "tipo": "rua", "nome": "VISCONDE DO RIO GRANDE", "drenagem": 1.0, "iluminacao": 1.0, "compriment": 105.9467792788889 }, "geometry": { "type": "LineString", "coordinates": [ [ -52.112510200873828, -32.029640014304547 ], [ -52.112036685092313, -32.030426757296972 ] ] } },
{ "type": "Feature", "properties": { "tipo": "rua", "nome": "VISCONDE DO RIO GRANDE", "drenagem": 1.0, "iluminacao": 1.0, "compriment": 181.40722866787138 }, "geometry": { "type": "LineString", "coordinates": [ [ -52.112036685092313, -32.030426757296972 ], [ -52.111175182849991, -32.031888871251347 ] ] } },
{ "type": "Feature", "properties": { "tipo": "rua", "nome": "VISCONDE DO RIO GRANDE", "drenagem": 1.0, "iluminacao": 1.0, "compriment": 49.256685413658225 }, "geometry": { "type": "LineString", "coordinates": [ [ -52.111175182849991, -32.031888871251347 ], [ -52.110950300664356, -32.03228964506264 ] ] } },
{ "type": "Feature", "properties": { "tipo": "rua", "nome": "TEOFILO AZEVEDO", "drenagem": 0.0, "iluminacao": 1.0, "compriment": 131.72362218926469 }, "geometry": { "type": "LineString", "coordinates": [ [ -52.127774568035427, -32.055336223171892 ], [ -52.127763060962778, -32.05535700919463 ] ] } },
{ "type": "Feature", "properties": { "tipo": "rua", "nome": "MANOEL GONZALEZ LOPES", "drenagem": 0.0, "iluminacao": 1.0, "compriment": 129.42180099507218 }, "geometry": { "type": "LineString", "coordinates": [ [ -52.175030120781365, -32.060419049211603 ], [ -52.175358322987343, -32.05991155242139 ] ] } },
{ "type": "Feature", "properties": { "tipo": "rua", "nome": "COMENDADOR HENRIQUE PANCADA", "drenagem": 0.0, "iluminacao": 1.0, "compriment": 119.81944524331065 }, "geometry": { "type": "LineString", "coordinates": [ [ -52.128870192568911, -32.041976426369665 ], [ -52.129143562320046, -32.042093365543259 ] ] } },
{ "type": "Feature", "properties": { "tipo": "rua", "nome": "COMENDADOR HENRIQUE PANCADA", "drenagem": 0.0, "iluminacao": 1.0, "compriment": 119.51886592977145 }, "geometry": { "type": "LineString", "coordinates": [ [ -52.129143562320046, -32.042093365543259 ], [ -52.130275759235992, -32.042574762557862 ] ] } },
{ "type": "Feature", "properties": { "tipo": "rua", "nome": "COMENDADOR HENRIQUE PANCADA", "drenagem": 0.0, "iluminacao": 1.0, "compriment": 126.26158010812387 }, "geometry": { "type": "LineString", "coordinates": [ [ -52.130275759235992, -32.042574762557862 ], [ -52.131466395256567, -32.043092497412488 ] ] } },
{ "type": "Feature", "properties": { "tipo": "rua", "nome": "CAPITAO TENENTE HEITOR PERDIGAO", "drenagem": 1.0, "iluminacao": 1.0, "compriment": 329.94442109837757 }, "geometry": { "type": "LineString", "coordinates": [ [ -52.107264869237987, -32.026437065418818 ], [ -52.106599098609841, -32.026775848120536 ], [ -52.106369119194454, -32.026977721838847 ], [ -52.105992598313712, -32.028985791299206 ] ] } },
{ "type": "Feature", "properties": { "tipo": "rua", "nome": "MORON", "drenagem": 0.0, "iluminacao": 1.0, "compriment": 196.91716580926325 }, "geometry": { "type": "LineString", "coordinates": [ [ -52.107764175568299, -32.030927682970976 ], [ -52.107726295135329, -32.030993360399549 ] ] } },
{ "type": "Feature", "properties": { "tipo": "rua", "nome": "BADEN POWEL", "drenagem": 1.0, "iluminacao": 1.0, "compriment": 131.74528538489588 }, "geometry": { "type": "LineString", "coordinates": [ [ -52.107539642862285, -32.029161855689679 ], [ -52.108220561227967, -32.030198731900377 ] ] } },
{ "type": "Feature", "properties": { "tipo": "rua", "nome": "BADEN POWEL", "drenagem": 1.0, "iluminacao": 1.0, "compriment": 92.534046499432179 }, "geometry": { "type": "LineString", "coordinates": [ [ -52.108220561227967, -32.030198731900377 ], [ -52.108713385825965, -32.030919923224012 ] ] } },
{ "type": "Feature", "properties": { "tipo": "rua", "nome": "BADEN POWEL", "drenagem": 0.0, "iluminacao": 1.0, "compriment": 22.493096974969561 }, "geometry": { "type": "LineString", "coordinates": [ [ -52.108713385825965, -32.030919923224012 ], [ -52.108841975645589, -32.031090649065739 ] ] } },
{ "type": "Feature", "properties": { "tipo": "avenida", "nome": "MAJOR CARLOS PINTO", "drenagem": 0.0, "iluminacao": 1.0, "compriment": 222.352902169206 }, "geometry": { "type": "LineString", "coordinates": [ [ -52.110551047154026, -32.027610004718262 ], [ -52.110389060908098, -32.027927577350354 ], [ -52.110097297940669, -32.02846409580679 ], [ -52.10952913257001, -32.029415742997664 ] ] } },
{ "type": "Feature", "properties": { "tipo": "rua", "nome": "LAGOA AZUL", "drenagem": 1.0, "iluminacao": 1.0, "compriment": 88.056203388683343 }, "geometry": { "type": "LineString", "coordinates": [ [ -52.111925323699658, -32.029490961229044 ], [ -52.111497638833534, -32.030196555068144 ] ] } },
{ "type": "Feature", "properties": { "tipo": "rua", "nome": "PRINCESA ISABEL", "drenagem": 1.0, "iluminacao": 1.0, "compriment": 56.9595399552449 }, "geometry": { "type": "LineString", "coordinates": [ [ -52.111497638833534, -32.030196555068144 ], [ -52.112036685092313, -32.030426757296972 ] ] } },
{ "type": "Feature", "properties": { "tipo": "rua", "nome": "LAGOA AZUL", "drenagem": 1.0, "iluminacao": 1.0, "compriment": 58.879747216309539 }, "geometry": { "type": "LineString", "coordinates": [ [ -52.11061888092722, -32.031649342567583 ], [ -52.111175182849991, -32.031888871251347 ] ] } },
{ "type": "Feature", "properties": { "tipo": "rua", "nome": "VISCONDE DO RIO GRANDE", "drenagem": 1.0, "iluminacao": 1.0, "compriment": 22.464763370338854 }, "geometry": { "type": "LineString", "coordinates": [ [ -52.110950300664356, -32.03228964506264 ], [ -52.110847736802384, -32.032472428015396 ] ] } },
{ "type": "Feature", "properties": { "tipo": "rua", "nome": "PADRE FEIJO", "drenagem": 0.0, "iluminacao": 1.0, "compriment": 82.472720727084521 }, "geometry": { "type": "LineString", "coordinates": [ [ -52.116072688343493, -32.032395061975002 ], [ -52.115816090221003, -32.03228969359688 ], [ -52.115511901355745, -32.032166805600461 ], [ -52.115400845966306, -32.032125180328144 ], [ -52.115288717310079, -32.03206872722749 ] ] } },
{ "type": "Feature", "properties": { "tipo": "rua", "nome": "SEM DENOMINACAO", "drenagem": 0.0, "iluminacao": 0.0, "compriment": 21.552079221580001 }, "geometry": { "type": "LineString", "coordinates": [ [ -52.121623468783206, -32.037997879750407 ], [ -52.121613104025485, -32.038011986214393 ] ] } },
{ "type": "Feature", "properties": { "tipo": "rua", "nome": "SEM DENOMINACAO", "drenagem": null, "iluminacao": null, "compriment": 28.389677619877894 }, "geometry": { "type": "LineString", "coordinates": [ [ -52.122115120746223, -32.03816505904782 ], [ -52.12201551125743, -32.038304880060302 ] ] } },
{ "type": "Feature", "properties": { "tipo": "rua", "nome": "MANOEL PEREIRA DE ALMEIDA", "drenagem": 1.0, "iluminacao": 1.0, "compriment": 170.13777556107189 }, "geometry": { "type": "LineString", "coordinates": [ [ -52.107701424055087, -32.0309193336034 ], [ -52.107764175568299, -32.030927682970976 ] ] } },
{ "type": "Feature", "properties": { "tipo": "rua", "nome": "SEM DENOMINACAO", "drenagem": null, "iluminacao": null, "compriment": 38.005409696221236 }, "geometry": { "type": "LineString", "coordinates": [ [ -52.124184420125395, -32.039319407824493 ], [ -52.124120607507521, -32.03943242458304 ] ] } },
{ "type": "Feature", "properties": { "tipo": "rua", "nome": "VISCONDE DE PARANAGUA", "drenagem": 1.0, "iluminacao": 1.0, "compriment": 155.28396009279032 }, "geometry": { "type": "LineString", "coordinates": [ [ -52.102048654434462, -32.029811071959003 ], [ -52.101962736626362, -32.030343445057476 ] ] } },
{ "type": "Feature", "properties": { "tipo": "rua", "nome": "GENERAL CANABARRO", "drenagem": 0.0, "iluminacao": 1.0, "compriment": 115.49517542117179 }, "geometry": { "type": "LineString", "coordinates": [ [ -52.103609639720261, -32.027701917214053 ], [ -52.103415942439483, -32.028730317793304 ] ] } },
{ "type": "Feature", "properties": { "tipo": "rua", "nome": "GENERAL CANABARRO", "drenagem": 1.0, "iluminacao": 1.0, "compriment": 139.06406850537851 }, "geometry": { "type": "MultiLineString", "coordinates": [ [ [ -52.103415942439483, -32.028730317793304 ], [ -52.103387289282352, -32.028893305870795 ] ], [ [ -52.103287206513144, -32.029462607817926 ], [ -52.103197903892543, -32.029970588923867 ] ] ] } },
{ "type": "Feature", "properties": { "tipo": "rua", "nome": "GENERAL CANABARRO", "drenagem": 1.0, "iluminacao": 1.0, "compriment": 154.99428753441566 }, "geometry": { "type": "LineString", "coordinates": [ [ -52.103197903892543, -32.029970588923867 ], [ -52.103152724705353, -32.030212732547966 ] ] } },
{ "type": "Feature", "properties": { "tipo": "rua", "nome": "JOSE DE ALENCAR", "drenagem": 0.0, "iluminacao": 1.0, "compriment": 55.123495007720273 }, "geometry": { "type": "LineString", "coordinates": [ [ -52.124859753494036, -32.039706927022785 ], [ -52.124804966910496, -32.03979898535021 ] ] } },
{ "type": "Feature", "properties": { "tipo": "rua", "nome": "VINTE E QUATRO DE MAIO", "drenagem": 1.0, "iluminacao": 1.0, "compriment": 177.87698903586409 }, "geometry": { "type": "LineString", "coordinates": [ [ -52.1008476173619, -32.028385255612314 ], [ -52.100282066991028, -32.02991532016167 ] ] } },
{ "type": "Feature", "properties": { "tipo": "rua", "nome": "VINTE E QUATRO DE MAIO", "drenagem": 1.0, "iluminacao": 1.0, "compriment": 141.03212732738135 }, "geometry": { "type": "LineString", "coordinates": [ [ -52.100282066991028, -32.02991532016167 ], [ -52.100205817107792, -32.030111762160963 ] ] } },
{ "type": "Feature", "properties": { "tipo": "rua", "nome": "SEM DENOMINACAO", "drenagem": null, "iluminacao": null, "compriment": 55.773143323019319 }, "geometry": { "type": "LineString", "coordinates": [ [ -52.122704834795279, -32.038359676084113 ], [ -52.122624882878178, -32.038494917249032 ], [ -52.122570347641258, -32.038602064916134 ] ] } },
{ "type": "Feature", "properties": { "tipo": "rua", "nome": "DOUTOR LAZARO LUDOVICO ZAMENHOF", "drenagem": 1.0, "iluminacao": 1.0, "compriment": 43.088863079476319 }, "geometry": { "type": "LineString", "coordinates": [ [ -52.093374375555548, -32.045251740702 ], [ -52.093391319472943, -32.045640054038309 ] ] } },
{ "type": "Feature", "properties": { "tipo": "rua", "nome": "LEAO XIII", "drenagem": 0.0, "iluminacao": 1.0, "compriment": 169.38929148309958 }, "geometry": { "type": "LineString", "coordinates": [ [ -52.084652236276078, -32.048457183590472 ], [ -52.084657921818234, -32.048478162825823 ] ] } },
{ "type": "Feature", "properties": { "tipo": "rua", "nome": "DOUTOR NAPOLEAO LAUREANO", "drenagem": 1.0, "iluminacao": 1.0, "compriment": 105.1727085780815 }, "geometry": { "type": "LineString", "coordinates": [ [ -52.094146719544689, -32.038991281244208 ], [ -52.094185450205558, -32.039153028988295 ] ] } },
{ "type": "Feature", "properties": { "tipo": "rua", "nome": "BENJAMIN CONSTANT", "drenagem": 1.0, "iluminacao": 1.0, "compriment": 108.37157812523517 }, "geometry": { "type": "LineString", "coordinates": [ [ -52.09264686309858, -32.030111521411854 ], [ -52.09279245980948, -32.030786604189473 ] ] } },
{ "type": "Feature", "properties": { "tipo": "rua", "nome": "BENJAMIN CONSTANT", "drenagem": 1.0, "iluminacao": 1.0, "compriment": 52.020132940643826 }, "geometry": { "type": "LineString", "coordinates": [ [ -52.0948146160368, -32.03872074040077 ], [ -52.094826911485058, -32.038768659878208 ] ] } },
{ "type": "Feature", "properties": { "tipo": "rua", "nome": "BENJAMIN CONSTANT", "drenagem": 1.0, "iluminacao": 1.0, "compriment": 106.98612184390917 }, "geometry": { "type": "LineString", "coordinates": [ [ -52.094826911485058, -32.038768659878208 ], [ -52.095053459677757, -32.039713981778277 ] ] } },
{ "type": "Feature", "properties": { "tipo": "rua", "nome": "BENJAMIN CONSTANT", "drenagem": 1.0, "iluminacao": 1.0, "compriment": 83.966363541000874 }, "geometry": { "type": "LineString", "coordinates": [ [ -52.095053459677757, -32.039713981778277 ], [ -52.095234457259593, -32.040455342183492 ] ] } },
{ "type": "Feature", "properties": { "tipo": "rua", "nome": "BENJAMIN CONSTANT", "drenagem": 1.0, "iluminacao": 1.0, "compriment": 21.020271317949916 }, "geometry": { "type": "LineString", "coordinates": [ [ -52.095234457259593, -32.040455342183492 ], [ -52.095219282390914, -32.040490525585419 ] ] } },
{ "type": "Feature", "properties": { "tipo": "rua", "nome": "DOUTOR NASCIMENTO", "drenagem": 1.0, "iluminacao": 1.0, "compriment": 75.948715898638142 }, "geometry": { "type": "LineString", "coordinates": [ [ -52.089648970233483, -32.037928393159866 ], [ -52.090426036695447, -32.037752355035551 ] ] } },
{ "type": "Feature", "properties": { "tipo": "rua", "nome": "DOUTOR NASCIMENTO", "drenagem": 1.0, "iluminacao": 1.0, "compriment": 115.47980260759155 }, "geometry": { "type": "LineString", "coordinates": [ [ -52.090426036695447, -32.037752355035551 ], [ -52.091613672765767, -32.037505091653266 ] ] } },
{ "type": "Feature", "properties": { "tipo": "rua", "nome": "DOUTOR NASCIMENTO", "drenagem": 1.0, "iluminacao": 1.0, "compriment": 98.426318777516755 }, "geometry": { "type": "LineString", "coordinates": [ [ -52.091613672765767, -32.037505091653266 ], [ -52.092527262194345, -32.037298363145531 ] ] } },
{ "type": "Feature", "properties": { "tipo": "rua", "nome": "MESTRE JERONIMO", "drenagem": 1.0, "iluminacao": 1.0, "compriment": 316.95705413635164 }, "geometry": { "type": "LineString", "coordinates": [ [ -52.109015052615177, -32.048250767046028 ], [ -52.107028717754154, -32.050554722217775 ] ] } },
{ "type": "Feature", "properties": { "tipo": "rua", "nome": "TEIXEIRA DE FREITAS", "drenagem": 0.0, "iluminacao": 1.0, "compriment": 51.500644240169237 }, "geometry": { "type": "LineString", "coordinates": [ [ -52.156354766480526, -32.051680921088796 ], [ -52.156299641793339, -32.051763346473784 ] ] } },
{ "type": "Feature", "properties": { "tipo": "rua", "nome": "ALBERTO TORRES", "drenagem": 1.0, "iluminacao": 1.0, "compriment": 110.06341976814949 }, "geometry": { "type": "LineString", "coordinates": [ [ -52.152736585705981, -32.050419791394248 ], [ -52.15301106635529, -32.050519985850187 ] ] } },
{ "type": "Feature", "properties": { "tipo": "rua", "nome": "JOAO ALFREDO", "drenagem": 1.0, "iluminacao": 1.0, "compriment": 67.928498219371974 }, "geometry": { "type": "LineString", "coordinates": [ [ -52.094827460558641, -32.039759020689104 ], [ -52.095053459677757, -32.039713981778277 ] ] } },
{ "type": "Feature", "properties": { "tipo": "rua", "nome": "JOAO ALFREDO", "drenagem": 1.0, "iluminacao": 1.0, "compriment": 121.70411978347633 }, "geometry": { "type": "LineString", "coordinates": [ [ -52.095053459677757, -32.039713981778277 ], [ -52.0963098802658, -32.039470520268267 ] ] } },
{ "type": "Feature", "properties": { "tipo": "rua", "nome": "JOAO ALFREDO", "drenagem": 1.0, "iluminacao": 1.0, "compriment": 45.409391832758359 }, "geometry": { "type": "LineString", "coordinates": [ [ -52.0963098802658, -32.039470520268267 ], [ -52.096778533876041, -32.039379187211502 ] ] } },
{ "type": "Feature", "properties": { "tipo": "rua", "nome": "JOAO ALFREDO", "drenagem": 1.0, "iluminacao": 1.0, "compriment": 126.88094054711743 }, "geometry": { "type": "LineString", "coordinates": [ [ -52.096778533876041, -32.039379187211502 ], [ -52.096824310957622, -32.039370143058555 ] ] } },
{ "type": "Feature", "properties": { "tipo": "rua", "nome": "MARECHAL HUMBERTO DE ALENCAR CASTELO BRANCO", "drenagem": 0.0, "iluminacao": 1.0, "compriment": 135.1057499617942 }, "geometry": { "type": "MultiLineString", "coordinates": [ [ [ -52.093374375555548, -32.045251740702 ], [ -52.094083859664188, -32.045255622364564 ] ], [ [ -52.094722031505356, -32.045259113870181 ], [ -52.094804843361352, -32.045259566942597 ] ] ] } },
{ "type": "Feature", "properties": { "tipo": "rua", "nome": "VICE ALMIRANTE ABREU", "drenagem": 1.0, "iluminacao": 1.0, "compriment": 27.180714842177064 }, "geometry": { "type": "LineString", "coordinates": [ [ -52.092090344747824, -32.039471259579749 ], [ -52.092116208027164, -32.039304045675912 ] ] } },
{ "type": "Feature", "properties": { "tipo": "rua", "nome": "IVACY DE MATTOS GOMES", "drenagem": 0.0, "iluminacao": 1.0, "compriment": 62.668919151513371 }, "geometry": { "type": "LineString", "coordinates": [ [ -52.109576669707693, -32.048551767348229 ], [ -52.109015052615177, -32.048250767046028 ] ] } },
{ "type": "Feature", "properties": { "tipo": "rua", "nome": "BARAO DE COTEGIPE", "drenagem": 1.0, "iluminacao": 1.0, "compriment": 95.070187106974615 }, "geometry": { "type": "LineString", "coordinates": [ [ -52.09187962403449, -32.038485864805232 ], [ -52.092857903346868, -32.038284176027638 ] ] } },
{ "type": "Feature", "properties": { "tipo": "rua", "nome": "BARAO DE COTEGIPE", "drenagem": 1.0, "iluminacao": 1.0, "compriment": 104.72965776924748 }, "geometry": { "type": "LineString", "coordinates": [ [ -52.092857903346868, -32.038284176027638 ], [ -52.093579199823196, -32.038126462007597 ] ] } },
{ "type": "Feature", "properties": { "tipo": "rua", "nome": "COMENDADOR HENRIQUE PANCADA", "drenagem": 1.0, "iluminacao": 1.0, "compriment": 176.09523027949118 }, "geometry": { "type": "LineString", "coordinates": [ [ -52.140431752333463, -32.047076731518892 ], [ -52.141331939189385, -32.0470267428623 ], [ -52.142006090562333, -32.047051239449772 ], [ -52.142284148958254, -32.047114034395769 ] ] } },
{ "type": "Feature", "properties": { "tipo": "rua", "nome": "GUARDA OSCAR JESUS NUNES", "drenagem": 1.0, "iluminacao": 1.0, "compriment": 101.05222390401175 }, "geometry": { "type": "LineString", "coordinates": [ [ -52.131538317809614, -32.044113569176041 ], [ -52.131480452214412, -32.044161625756772 ], [ -52.131460258440278, -32.044195202246307 ] ] } },
{ "type": "Feature", "properties": { "tipo": "rua", "nome": "GENERAL CAMISAO", "drenagem": 0.0, "iluminacao": 1.0, "compriment": 47.308398128616055 }, "geometry": { "type": "LineString", "coordinates": [ [ -52.155272690506479, -32.051106767083922 ], [ -52.15516549721584, -32.051319288366358 ] ] } },
{ "type": "Feature", "properties": { "tipo": "rua", "nome": "ANDRADAS", "drenagem": 1.0, "iluminacao": 1.0, "compriment": 61.120630139227458 }, "geometry": { "type": "LineString", "coordinates": [ [ -52.095095430469534, -32.029679711732072 ], [ -52.095131970663886, -32.030055380633257 ] ] } },
{ "type": "Feature", "properties": { "tipo": "rua", "nome": "ANDRADAS", "drenagem": 1.0, "iluminacao": 1.0, "compriment": 103.93799090597854 }, "geometry": { "type": "LineString", "coordinates": [ [ -52.096778533876041, -32.039379187211502 ], [ -52.096985034917658, -32.040299863800463 ] ] } },
{ "type": "Feature", "properties": { "tipo": "rua", "nome": "ANDRADAS", "drenagem": 1.0, "iluminacao": 1.0, "compriment": 120.4857674940139 }, "geometry": { "type": "LineString", "coordinates": [ [ -52.096985034917658, -32.040299863800463 ], [ -52.097241723621082, -32.041364197006409 ] ] } },
{ "type": "Feature", "properties": { "tipo": "rua", "nome": "GENERAL VITORINO", "drenagem": 1.0, "iluminacao": 1.0, "compriment": 12.339413628372144 }, "geometry": { "type": "LineString", "coordinates": [ [ -52.087482115165386, -32.037286564151884 ], [ -52.087611476639147, -32.03727104487001 ] ] } },
{ "type": "Feature", "properties": { "tipo": "rua", "nome": "GENERAL VITORINO", "drenagem": 1.0, "iluminacao": 1.0, "compriment": 114.14022048220689 }, "geometry": { "type": "LineString", "coordinates": [ [ -52.090167164460006, -32.036769387325435 ], [ -52.091349549670362, -32.036556945314295 ] ] } },
{ "type": "Feature", "properties": { "tipo": "rua", "nome": "GENERAL VITORINO", "drenagem": 1.0, "iluminacao": 1.0, "compriment": 100.78010664777719 }, "geometry": { "type": "LineString", "coordinates": [ [ -52.091349549670362, -32.036556945314295 ], [ -52.091821291868314, -32.036465271913194 ] ] } },
{ "type": "Feature", "properties": { "tipo": "rua", "nome": "GENERAL CAMARA", "drenagem": 1.0, "iluminacao": 1.0, "compriment": 192.72922878488063 }, "geometry": { "type": "LineString", "coordinates": [ [ -52.089085701738249, -32.03599529051192 ], [ -52.091079318468651, -32.035625221399243 ] ] } },
{ "type": "Feature", "properties": { "tipo": "rua", "nome": "RODRIGUES DUARTE", "drenagem": 0.0, "iluminacao": 1.0, "compriment": 84.334248596474026 }, "geometry": { "type": "LineString", "coordinates": [ [ -52.153254492200261, -32.050035902682588 ], [ -52.15301106635529, -32.050519985850187 ] ] } },
{ "type": "Feature", "properties": { "tipo": "rua", "nome": "ZALONY", "drenagem": 1.0, "iluminacao": 1.0, "compriment": 108.19549058157095 }, "geometry": { "type": "LineString", "coordinates": [ [ -52.096273591463188, -32.039310064613986 ], [ -52.0963098802658, -32.039470520268267 ] ] } },
{ "type": "Feature", "properties": { "tipo": "rua", "nome": "CONDE DE PORTO ALEGRE", "drenagem": 1.0, "iluminacao": 0.0, "compriment": 14.177125417049863 }, "geometry": { "type": "LineString", "coordinates": [ [ -52.087666741480945, -32.035445969289626 ], [ -52.087816110656107, -32.035433444270971 ] ] } },
{ "type": "Feature", "properties": { "tipo": "rua", "nome": "CONDE DE PORTO ALEGRE", "drenagem": 1.0, "iluminacao": 1.0, "compriment": 104.84390755199011 }, "geometry": { "type": "LineString", "coordinates": [ [ -52.087816110656107, -32.035433444270971 ], [ -52.088905140573871, -32.0352506723464 ] ] } },
{ "type": "Feature", "properties": { "tipo": "rua", "nome": "CONDE DE PORTO ALEGRE", "drenagem": 0.0, "iluminacao": 1.0, "compriment": 165.52864139250363 }, "geometry": { "type": "LineString", "coordinates": [ [ -52.089176140649094, -32.035205188829195 ], [ -52.09031893458863, -32.034992822664201 ] ] } },
{ "type": "Feature", "properties": { "tipo": "rua", "nome": "ALBERTO TORRES", "drenagem": 1.0, "iluminacao": 1.0, "compriment": 116.32261990677189 }, "geometry": { "type": "LineString", "coordinates": [ [ -52.15301106635529, -32.050519985850187 ], [ -52.15413157236469, -32.050955544078001 ] ] } },
{ "type": "Feature", "properties": { "tipo": "rua", "nome": "CONSELHEIRO PINTO LIMA", "drenagem": 0.0, "iluminacao": 1.0, "compriment": 105.98149218915501 }, "geometry": { "type": "LineString", "coordinates": [ [ -52.099093277778977, -32.029974816926163 ], [ -52.099079066501872, -32.030217633636106 ] ] } },
{ "type": "Feature", "properties": { "tipo": "rua", "nome": "MARECHAL FLORIANO PEIXOTO", "drenagem": 0.0, "iluminacao": 1.0, "compriment": 125.09766394014471 }, "geometry": { "type": "LineString", "coordinates": [ [ -52.088246604666431, -32.031663972539434 ], [ -52.088360977368495, -32.03167250456535 ] ] } },
{ "type": "Feature", "properties": { "tipo": "rua", "nome": "DOM MANOEL I", "drenagem": 1.0, "iluminacao": 1.0, "compriment": 63.604119484795632 }, "geometry": { "type": "LineString", "coordinates": [ [ -52.097439284302695, -32.042227807784826 ], [ -52.098094946023203, -32.04209696388736 ] ] } },
{ "type": "Feature", "properties": { "tipo": "rua", "nome": "DOM MANOEL I", "drenagem": 1.0, "iluminacao": 1.0, "compriment": 68.40662430534222 }, "geometry": { "type": "LineString", "coordinates": [ [ -52.098759113794152, -32.04196769047973 ], [ -52.098770360314234, -32.04196557253016 ] ] } },
{ "type": "Feature", "properties": { "tipo": "rua", "nome": "AMERICO VESPUCIO", "drenagem": 1.0, "iluminacao": 1.0, "compriment": 128.08133793914189 }, "geometry": { "type": "LineString", "coordinates": [ [ -52.097885733477916, -32.044145884194272 ], [ -52.099210575025424, -32.043899296876809 ] ] } },
{ "type": "Feature", "properties": { "tipo": "rua", "nome": "AMERICO VESPUCIO", "drenagem": 1.0, "iluminacao": 1.0, "compriment": 110.50606606887115 }, "geometry": { "type": "LineString", "coordinates": [ [ -52.099210575025424, -32.043899296876809 ], [ -52.100355292854793, -32.043693176523306 ] ] } },
{ "type": "Feature", "properties": { "tipo": "avenida", "nome": "ALMIRANTE TAMANDARE", "drenagem": 0.0, "iluminacao": 1.0, "compriment": 62.520957309891962 }, "geometry": { "type": "LineString", "coordinates": [ [ -52.096357482603104, -32.04642989224115 ], [ -52.096353577692085, -32.046993705095105 ] ] } },
{ "type": "Feature", "properties": { "tipo": "rua", "nome": "ANDRADE NEVES", "drenagem": 1.0, "iluminacao": 1.0, "compriment": 59.217113555563166 }, "geometry": { "type": "LineString", "coordinates": [ [ -52.092744081724788, -32.037800800092917 ], [ -52.092723374084123, -32.037712858152659 ] ] } },
{ "type": "Feature", "properties": { "tipo": "rua", "nome": "TRINDADE", "drenagem": 1.0, "iluminacao": 1.0, "compriment": 111.70776782032453 }, "geometry": { "type": "LineString", "coordinates": [ [ -52.090167164460006, -32.036769387325435 ], [ -52.090426036695447, -32.037752355035551 ] ] } },
{ "type": "Feature", "properties": { "tipo": "rua", "nome": "BARAO DE COTEGIPE", "drenagem": 1.0, "iluminacao": 1.0, "compriment": 114.93917518784821 }, "geometry": { "type": "LineString", "coordinates": [ [ -52.090701392245791, -32.038745042837569 ], [ -52.09187962403449, -32.038485864805232 ] ] } },
{ "type": "Feature", "properties": { "tipo": "rua", "nome": "CORONEL SAMPAIO", "drenagem": 0.0, "iluminacao": 1.0, "compriment": 122.79542586196195 }, "geometry": { "type": "LineString", "coordinates": [ [ -52.088980787488389, -32.036980241346356 ], [ -52.08885221483844, -32.03808220019328 ] ] } },
{ "type": "Feature", "properties": { "tipo": "travessa", "nome": "AFONSO", "drenagem": 1.0, "iluminacao": 1.0, "compriment": 107.34578849725463 }, "geometry": { "type": "LineString", "coordinates": [ [ -52.091784299723535, -32.030271892237295 ], [ -52.091982619332242, -32.031063911549126 ] ] } },
{ "type": "Feature", "properties": { "tipo": "rua", "nome": "DOUTOR ESPERIDIAO DE FREITAS", "drenagem": 1.0, "iluminacao": 0.0, "compriment": 89.155564111251039 }, "geometry": { "type": "LineString", "coordinates": [ [ -52.109497931772118, -32.032371754061884 ], [ -52.108652766408845, -32.032013836396317 ] ] } },
{ "type": "Feature", "properties": { "tipo": "avenida", "nome": "DOM PEDRO II", "drenagem": 1.0, "iluminacao": 1.0, "compriment": 133.61311156382641 }, "geometry": { "type": "LineString", "coordinates": [ [ -52.087146761992329, -32.034766214809551 ], [ -52.087747196458793, -32.034656353602081 ] ] } },
{ "type": "Feature", "properties": { "tipo": "travessa", "nome": "DONA ALVINA LIMA CAVALHEIRO", "drenagem": 1.0, "iluminacao": 1.0, "compriment": 120.96020236454906 }, "geometry": { "type": "LineString", "coordinates": [ [ -52.110833773388691, -32.030133845895229 ], [ -52.109699909330679, -32.029626953818514 ] ] } },
{ "type": "Feature", "properties": { "tipo": "avenida", "nome": "COMENDADOR VASCO VIEIRA DA FONSECA", "drenagem": 1.0, "iluminacao": 1.0, "compriment": 147.43728479324247 }, "geometry": { "type": "LineString", "coordinates": [ [ -52.105992598313712, -32.028985791299206 ], [ -52.107539642862285, -32.029161855689679 ] ] } },
{ "type": "Feature", "properties": { "tipo": "avenida", "nome": "COMENDADOR VASCO VIEIRA DA FONSECA", "drenagem": 0.0, "iluminacao": 1.0, "compriment": 190.03033539002743 }, "geometry": { "type": "LineString", "coordinates": [ [ -52.107539642862285, -32.029161855689679 ], [ -52.10952913257001, -32.029415742997664 ] ] } },
{ "type": "Feature", "properties": { "tipo": "rua", "nome": "ALLAN KARDEC", "drenagem": 1.0, "iluminacao": 1.0, "compriment": 90.902134883079029 }, "geometry": { "type": "LineString", "coordinates": [ [ -52.099928047091701, -32.044411064141038 ], [ -52.099501640923478, -32.045145989804539 ] ] } },
{ "type": "Feature", "properties": { "tipo": "largo", "nome": "SILVEIRA MARTINS", "drenagem": 1.0, "iluminacao": 1.0, "compriment": 63.582777658174152 }, "geometry": { "type": "LineString", "coordinates": [ [ -52.095633004602547, -32.03003408782179 ], [ -52.095601224877804, -32.029623422447514 ] ] } },
{ "type": "Feature", "properties": { "tipo": "rua", "nome": "ACACIA RIOGRANDENSE", "drenagem": 1.0, "iluminacao": 1.0, "compriment": 71.912638101825607 }, "geometry": { "type": "LineString", "coordinates": [ [ -52.097579575229013, -32.042859932517821 ], [ -52.097735053323959, -32.043494785904741 ] ] } },
{ "type": "Feature", "properties": { "tipo": "rua", "nome": "ACACIA RIOGRANDENSE", "drenagem": 1.0, "iluminacao": 1.0, "compriment": 73.587964609750074 }, "geometry": { "type": "LineString", "coordinates": [ [ -52.097735053323959, -32.043494785904741 ], [ -52.097885733477916, -32.044145884194272 ] ] } },
{ "type": "Feature", "properties": { "tipo": "avenida", "nome": "HONORIO BICALHO", "drenagem": 1.0, "iluminacao": 1.0, "compriment": 275.68488499403804 }, "geometry": { "type": "LineString", "coordinates": [ [ -52.080452447341706, -32.030978293464337 ], [ -52.080439428174941, -32.031016872286244 ] ] } },
{ "type": "Feature", "properties": { "tipo": "rua", "nome": "GUARDA OSCAR JESUS NUNES", "drenagem": 1.0, "iluminacao": 1.0, "compriment": 97.526926468650558 }, "geometry": { "type": "LineString", "coordinates": [ [ -52.132026398279997, -32.043338510131747 ], [ -52.131538317809614, -32.044113569176041 ] ] } },
{ "type": "Feature", "properties": { "tipo": "avenida", "nome": "SENADOR SALGADO FILHO", "drenagem": 0.0, "iluminacao": 1.0, "compriment": 42.427380581130755 }, "geometry": { "type": "LineString", "coordinates": [ [ -52.097064432035005, -32.041012642398691 ], [ -52.097241723621082, -32.041364197006409 ] ] } },
{ "type": "Feature", "properties": { "tipo": "rua", "nome": "DO RIACHUELO", "drenagem": 1.0, "iluminacao": 1.0, "compriment": 92.703378818827133 }, "geometry": { "type": "LineString", "coordinates": [ [ -52.090822790501065, -32.030439285323887 ], [ -52.091784299723535, -32.030271892237295 ] ] } },
{ "type": "Feature", "properties": { "tipo": "rua", "nome": "DO RIACHUELO", "drenagem": 1.0, "iluminacao": 1.0, "compriment": 83.397627397106532 }, "geometry": { "type": "LineString", "coordinates": [ [ -52.091784299723535, -32.030271892237295 ], [ -52.09264686309858, -32.030111521411854 ] ] } },
{ "type": "Feature", "properties": { "tipo": "rua", "nome": "AMERICO VESPUCIO", "drenagem": 1.0, "iluminacao": 1.0, "compriment": 142.08619368944474 }, "geometry": { "type": "LineString", "coordinates": [ [ -52.096873318973024, -32.044329387245604 ], [ -52.097885733477916, -32.044145884194272 ] ] } },
{ "type": "Feature", "properties": { "tipo": "rua", "nome": "ANDRADE NEVES", "drenagem": 1.0, "iluminacao": 1.0, "compriment": 85.362144608791866 }, "geometry": { "type": "LineString", "coordinates": [ [ -52.093087964775442, -32.039289906878359 ], [ -52.093051490023228, -32.039127679353058 ] ] } },
{ "type": "Feature", "properties": { "tipo": "rua", "nome": "ANDRADE NEVES", "drenagem": 1.0, "iluminacao": 1.0, "compriment": 95.304464168248771 }, "geometry": { "type": "LineString", "coordinates": [ [ -52.093051490023228, -32.039127679353058 ], [ -52.092857903346868, -32.038284176027638 ] ] } },
{ "type": "Feature", "properties": { "tipo": "rua", "nome": "ANDRADE NEVES", "drenagem": 1.0, "iluminacao": 1.0, "compriment": 54.667891882956923 }, "geometry": { "type": "LineString", "coordinates": [ [ -52.092857903346868, -32.038284176027638 ], [ -52.092744081724788, -32.037800800092917 ] ] } },
{ "type": "Feature", "properties": { "tipo": "largo", "nome": "GASPAR SILVEIRA MARTINS", "drenagem": 1.0, "iluminacao": 1.0, "compriment": 82.614064058677897 }, "geometry": { "type": "LineString", "coordinates": [ [ -52.095866211767564, -32.029548103216705 ], [ -52.096734895070121, -32.029461831826595 ] ] } },
{ "type": "Feature", "properties": { "tipo": "avenida", "nome": "MODESTO REY DORNELLES", "drenagem": 0.0, "iluminacao": 1.0, "compriment": 71.241476330737143 }, "geometry": { "type": "LineString", "coordinates": [ [ -52.099365908966526, -32.044514011190913 ], [ -52.099501640923478, -32.045145989804539 ] ] } },
{ "type": "Feature", "properties": { "tipo": "rua", "nome": "MARECHAL RONDON", "drenagem": 0.0, "iluminacao": 1.0, "compriment": 36.899650900200662 }, "geometry": { "type": "LineString", "coordinates": [ [ -52.081505369675654, -32.047542730834564 ], [ -52.08156920214963, -32.047529661855521 ] ] } },
{ "type": "Feature", "properties": { "tipo": "rua", "nome": "TEIXEIRA DE FREITAS", "drenagem": 1.0, "iluminacao": 1.0, "compriment": 114.78472028402129 }, "geometry": { "type": "LineString", "coordinates": [ [ -52.156299641793339, -32.051763346473784 ], [ -52.156283148081499, -32.051793554741216 ] ] } },
{ "type": "Feature", "properties": { "tipo": "rua", "nome": "ACACIA RIOGRANDENSE", "drenagem": 1.0, "iluminacao": 1.0, "compriment": 97.564667519696542 }, "geometry": { "type": "LineString", "coordinates": [ [ -52.097241723621082, -32.041364197006409 ], [ -52.097439284302695, -32.042227807784826 ] ] } },
{ "type": "Feature", "properties": { "tipo": "rua", "nome": "DOUTOR NASCIMENTO", "drenagem": 1.0, "iluminacao": 1.0, "compriment": 87.463519962781334 }, "geometry": { "type": "LineString", "coordinates": [ [ -52.087955395076236, -32.038278620260442 ], [ -52.08885221483844, -32.03808220019328 ] ] } },
{ "type": "Feature", "properties": { "tipo": "rua", "nome": "DOUTOR NASCIMENTO", "drenagem": 1.0, "iluminacao": 1.0, "compriment": 77.165248803542113 }, "geometry": { "type": "LineString", "coordinates": [ [ -52.08885221483844, -32.03808220019328 ], [ -52.089648970233483, -32.037928393159866 ] ] } },
{ "type": "Feature", "properties": { "tipo": "avenida", "nome": "SENADOR SALGADO FILHO", "drenagem": 1.0, "iluminacao": 1.0, "compriment": 35.175311436085188 }, "geometry": { "type": "LineString", "coordinates": [ [ -52.087518387441357, -32.038130469175712 ], [ -52.087503729591575, -32.038291724970186 ], [ -52.087579364693987, -32.038341864936918 ] ] } },
{ "type": "Feature", "properties": { "tipo": "rua", "nome": "NETO ANTONIO", "drenagem": 1.0, "iluminacao": 1.0, "compriment": 182.0784384117552 }, "geometry": { "type": "LineString", "coordinates": [ [ -52.097809340727018, -32.046708763750921 ], [ -52.097842094005749, -32.046929691387646 ], [ -52.097835026798492, -32.046999261574349 ], [ -52.097805223503052, -32.047038758619806 ], [ -52.097560171750068, -32.04713056959698 ], [ -52.097143130004028, -32.047259744414774 ], [ -52.096692688216073, -32.047347725669312 ], [ -52.096338211423898, -32.047372936316386 ] ] } },
{ "type": "Feature", "properties": { "tipo": "avenida", "nome": "ALMIRANTE TAMANDARE", "drenagem": 0.0, "iluminacao": 1.0, "compriment": 81.235527661704722 }, "geometry": { "type": "LineString", "coordinates": [ [ -52.096338211423898, -32.047372936316386 ], [ -52.096325936980797, -32.048105454855559 ] ] } },
{ "type": "Feature", "properties": { "tipo": "rua", "nome": "ERNANI FORNARI", "drenagem": 0.0, "iluminacao": 1.0, "compriment": 276.24065164665581 }, "geometry": { "type": "LineString", "coordinates": [ [ -52.09514830982878, -32.045973159068438 ], [ -52.095140206484295, -32.046657514578868 ], [ -52.09511790343813, -32.047230574387342 ], [ -52.095110553629922, -32.047874312845963 ], [ -52.095131562282461, -32.048463683828686 ] ] } },
{ "type": "Feature", "properties": { "tipo": "rua", "nome": "ALMIRANTE BARROSO", "drenagem": 1.0, "iluminacao": 1.0, "compriment": 8.8373444837409867 }, "geometry": { "type": "LineString", "coordinates": [ [ -52.087739185549388, -32.03617126581851 ], [ -52.087732128063053, -32.036250735287027 ] ] } },
{ "type": "Feature", "properties": { "tipo": "rua", "nome": "SEM DENOMINACAO", "drenagem": 1.0, "iluminacao": 1.0, "compriment": 80.213107644778546 }, "geometry": { "type": "LineString", "coordinates": [ [ -52.088698701173307, -32.034548998198652 ], [ -52.088905140573871, -32.0352506723464 ] ] } },
{ "type": "Feature", "properties": { "tipo": "avenida", "nome": "SILVA PAES", "drenagem": 1.0, "iluminacao": 1.0, "compriment": 53.939964639025938 }, "geometry": { "type": "LineString", "coordinates": [ [ -52.088698701173307, -32.034548998198652 ], [ -52.089255200637417, -32.034439894005814 ] ] } },
{ "type": "Feature", "properties": { "tipo": "rua", "nome": "CONDE DE PORTO ALEGRE", "drenagem": 0.0, "iluminacao": 1.0, "compriment": 26.089987830515884 }, "geometry": { "type": "LineString", "coordinates": [ [ -52.088905140573871, -32.0352506723464 ], [ -52.089176140649094, -32.035205188829195 ] ] } },
{ "type": "Feature", "properties": { "tipo": "rua", "nome": "ALMIRANTE BARROSO", "drenagem": 1.0, "iluminacao": 1.0, "compriment": 6.4356006145462423 }, "geometry": { "type": "LineString", "coordinates": [ [ -52.087906659837238, -32.034682120607556 ], [ -52.087899096323383, -32.034739799130065 ] ] } },
{ "type": "Feature", "properties": { "tipo": "rua", "nome": "SEM DENOMINACAO", "drenagem": 1.0, "iluminacao": 1.0, "compriment": 56.822614866561835 }, "geometry": { "type": "LineString", "coordinates": [ [ -52.110847736802384, -32.032472428015396 ], [ -52.110313290440985, -32.032237228934164 ] ] } },
{ "type": "Feature", "properties": { "tipo": "rua", "nome": "SEM DENOMINACAO", "drenagem": 1.0, "iluminacao": 1.0, "compriment": 46.866455605363626 }, "geometry": { "type": "LineString", "coordinates": [ [ -52.110313290440985, -32.032237228934164 ], [ -52.110092808383811, -32.032615853411691 ] ] } },
{ "type": "Feature", "properties": { "tipo": "rua", "nome": "SEM DENOMINACAO", "drenagem": 1.0, "iluminacao": 1.0, "compriment": 40.638953049871461 }, "geometry": { "type": "LineString", "coordinates": [ [ -52.110313290440985, -32.032237228934164 ], [ -52.110502783500777, -32.031908204464116 ] ] } },
{ "type": "Feature", "properties": { "tipo": "rua", "nome": "VISCONDE DO RIO GRANDE", "drenagem": 1.0, "iluminacao": 1.0, "compriment": 133.96457541034636 }, "geometry": { "type": "LineString", "coordinates": [ [ -52.110847736802384, -32.032472428015396 ], [ -52.110332687858651, -32.033390302434739 ] ] } },
{ "type": "Feature", "properties": { "tipo": "avenida", "nome": "MAJOR CARLOS PINTO", "drenagem": 1.0, "iluminacao": 1.0, "compriment": 70.530861391892444 }, "geometry": { "type": "LineString", "coordinates": [ [ -52.110645772164119, -32.028844070748136 ], [ -52.110464154617382, -32.02895272772988 ], [ -52.110319735397454, -32.029035833677696 ], [ -52.110165473725104, -32.029121267866174 ], [ -52.110073577139786, -32.029140010224609 ], [ -52.11000313971649, -32.029127525518433 ] ] } },
{ "type": "Feature", "properties": { "tipo": "avenida", "nome": "MAJOR CARLOS PINTO", "drenagem": 1.0, "iluminacao": 1.0, "compriment": 62.349464793470887 }, "geometry": { "type": "LineString", "coordinates": [ [ -52.11000313971649, -32.029127525518433 ], [ -52.109699909330679, -32.029626953818514 ] ] } },
{ "type": "Feature", "properties": { "tipo": "rua", "nome": "MANOEL PEREIRA DE ALMEIDA", "drenagem": 1.0, "iluminacao": 1.0, "compriment": 36.277383208898499 }, "geometry": { "type": "LineString", "coordinates": [ [ -52.10459265019886, -32.030478136432976 ], [ -52.104565610128702, -32.030474495115541 ] ] } },
{ "type": "Feature", "properties": { "tipo": "rua", "nome": "GENERAL PORTINHO", "drenagem": 1.0, "iluminacao": 1.0, "compriment": 193.79494758184188 }, "geometry": { "type": "LineString", "coordinates": [ [ -52.104565610128702, -32.030474495115541 ], [ -52.10437828693356, -32.031352830757953 ] ] } },
{ "type": "Feature", "properties": { "tipo": "rua", "nome": "ANDRADAS", "drenagem": 1.0, "iluminacao": 1.0, "compriment": 109.94638646453906 }, "geometry": { "type": "LineString", "coordinates": [ [ -52.096747106288817, -32.039235685336841 ], [ -52.096778533876041, -32.039379187211502 ] ] } },
{ "type": "Feature", "properties": { "tipo": "rua", "nome": "EWBANK", "drenagem": 0.0, "iluminacao": 1.0, "compriment": 133.30888793309435 }, "geometry": { "type": "LineString", "coordinates": [ [ -52.094159137355994, -32.029815373335303 ], [ -52.094177674622443, -32.030095936060981 ] ] } },
{ "type": "Feature", "properties": { "tipo": "rua", "nome": "GENERAL NETTO", "drenagem": 1.0, "iluminacao": 0.0, "compriment": 41.531265642267222 }, "geometry": { "type": "LineString", "coordinates": [ [ -52.097519492503586, -32.029296565118962 ], [ -52.097560872346072, -32.029669438288316 ] ] } },
{ "type": "Feature", "properties": { "tipo": "travessa", "nome": "JOAO TOUGUINHA", "drenagem": 1.0, "iluminacao": 1.0, "compriment": 96.315644319299793 }, "geometry": { "type": "LineString", "coordinates": [ [ -52.097879184027008, -32.041248040270268 ], [ -52.098094946023203, -32.04209696388736 ] ] } },
{ "type": "Feature", "properties": { "tipo": "avenida", "nome": "QUINZE DE NOVEMBRO", "drenagem": 0.0, "iluminacao": 1.0, "compriment": 117.63370268509408 }, "geometry": { "type": "LineString", "coordinates": [ [ -52.120023756026512, -32.036141730997194 ], [ -52.120063601974749, -32.036070931457552 ] ] } },
{ "type": "Feature", "properties": { "tipo": "rua", "nome": "CENTO E CINQUENTA E OITO", "drenagem": 0.0, "iluminacao": 1.0, "compriment": 64.038132815379925 }, "geometry": { "type": "LineString", "coordinates": [ [ -52.168052944547497, -32.056412253520968 ], [ -52.168680879305626, -32.056630279475975 ] ] } },
{ "type": "Feature", "properties": { "tipo": "rua", "nome": "DOUTOR OTHELO GONCALVES", "drenagem": 0.0, "iluminacao": 1.0, "compriment": 174.72812066139073 }, "geometry": { "type": "LineString", "coordinates": [ [ -52.172769388383749, -32.058834546762199 ], [ -52.173087963834895, -32.058349548390844 ] ] } },
{ "type": "Feature", "properties": { "tipo": "rua", "nome": "SAO DOMINGOS SAVIO", "drenagem": 1.0, "iluminacao": 1.0, "compriment": 119.34050663231928 }, "geometry": { "type": "LineString", "coordinates": [ [ -52.109461568146521, -32.030040133937632 ], [ -52.11058397845634, -32.030534146020827 ] ] } },
{ "type": "Feature", "properties": { "tipo": "avenida", "nome": "MAJOR CARLOS PINTO", "drenagem": 0.0, "iluminacao": 0.0, "compriment": 21.615561139922573 }, "geometry": { "type": "LineString", "coordinates": [ [ -52.108713385825965, -32.030919923224012 ], [ -52.108571459174243, -32.031072832535195 ] ] } },
{ "type": "Feature", "properties": { "tipo": "avenida", "nome": "MAJOR CARLOS PINTO", "drenagem": 1.0, "iluminacao": 1.0, "compriment": 91.669978374834656 }, "geometry": { "type": "LineString", "coordinates": [ [ -52.100647180414128, -32.044636433024394 ], [ -52.100172841196589, -32.045357678781123 ] ] } },
{ "type": "Feature", "properties": { "tipo": "avenida", "nome": "MAJOR CARLOS PINTO", "drenagem": 1.0, "iluminacao": 1.0, "compriment": 76.161404815040569 }, "geometry": { "type": "LineString", "coordinates": [ [ -52.110373538741335, -32.028517460579479 ], [ -52.11000313971649, -32.029127525518433 ] ] } },
{ "type": "Feature", "properties": { "tipo": "avenida", "nome": "MAJOR CARLOS PINTO", "drenagem": 1.0, "iluminacao": 1.0, "compriment": 51.049392692711528 }, "geometry": { "type": "LineString", "coordinates": [ [ -52.109699909330679, -32.029626953818514 ], [ -52.109461568146521, -32.030040133937632 ] ] } },
{ "type": "Feature", "properties": { "tipo": "avenida", "nome": "PORTUGAL", "drenagem": 1.0, "iluminacao": 1.0, "compriment": 119.51342028819039 }, "geometry": { "type": "LineString", "coordinates": [ [ -52.110329391034156, -32.033595048087143 ], [ -52.110364980333458, -32.033607496440808 ] ] } },
{ "type": "Feature", "properties": { "tipo": "rua", "nome": "PROFESSOR RUBIO BRASILIANO", "drenagem": 1.0, "iluminacao": 1.0, "compriment": 140.12224310157615 }, "geometry": { "type": "LineString", "coordinates": [ [ -52.093353252572214, -32.044056978201439 ], [ -52.093641765057413, -32.044061741110312 ] ] } },
{ "type": "Feature", "properties": { "tipo": "rua", "nome": "GENERAL CAMARA", "drenagem": 1.0, "iluminacao": 1.0, "compriment": 130.95341252606352 }, "geometry": { "type": "LineString", "coordinates": [ [ -52.087732128063053, -32.036250735287027 ], [ -52.089085701738249, -32.03599529051192 ] ] } },
{ "type": "Feature", "properties": { "tipo": "rua", "nome": "GENERAL CAMARA", "drenagem": 1.0, "iluminacao": 1.0, "compriment": 108.46995610330481 }, "geometry": { "type": "LineString", "coordinates": [ [ -52.091079318468651, -32.035625221399243 ], [ -52.091096477630643, -32.035621861210316 ] ] } },
{ "type": "Feature", "properties": { "tipo": "rua", "nome": "GENERAL CAMARA", "drenagem": 1.0, "iluminacao": 1.0, "compriment": 130.72932030056245 }, "geometry": { "type": "LineString", "coordinates": [ [ -52.087739185549388, -32.03617126581851 ], [ -52.089093797449664, -32.035929520784734 ] ] } },
{ "type": "Feature", "properties": { "tipo": "rua", "nome": "NICOLAU COELHO", "drenagem": 1.0, "iluminacao": 1.0, "compriment": 54.305924790844223 }, "geometry": { "type": "LineString", "coordinates": [ [ -52.099928047091701, -32.044411064141038 ], [ -52.099365908966526, -32.044514011190913 ] ] } },
{ "type": "Feature", "properties": { "tipo": "rua", "nome": "DOM MANOEL I", "drenagem": 1.0, "iluminacao": 1.0, "compriment": 88.053620553570482 }, "geometry": { "type": "LineString", "coordinates": [ [ -52.096331674588633, -32.04243301524577 ], [ -52.096434791655312, -32.042415343590179 ] ] } },
{ "type": "Feature", "properties": { "tipo": "rua", "nome": "MARTIN AFONSO DE SOUZA", "drenagem": 1.0, "iluminacao": 1.0, "compriment": 91.740645664966863 }, "geometry": { "type": "LineString", "coordinates": [ [ -52.096376064615136, -32.043750234543857 ], [ -52.096429534953494, -32.043740271663253 ] ] } },
{ "type": "Feature", "properties": { "tipo": "rua", "nome": "DOUTOR LAZARO LUDOVICO ZAMENHOF", "drenagem": 1.0, "iluminacao": 1.0, "compriment": 42.640117298422155 }, "geometry": { "type": "LineString", "coordinates": [ [ -52.093412423268518, -32.046432820997879 ], [ -52.093420598495484, -32.046817292447308 ] ] } },
{ "type": "Feature", "properties": { "tipo": "rua", "nome": "DOUTOR LAZARO LUDOVICO ZAMENHOF", "drenagem": 1.0, "iluminacao": 1.0, "compriment": 42.704588513817043 }, "geometry": { "type": "LineString", "coordinates": [ [ -52.093420598495484, -32.046817292447308 ], [ -52.093431141569106, -32.04720230362679 ] ] } },
{ "type": "Feature", "properties": { "tipo": "rua", "nome": "GENERAL CAMARA", "drenagem": 1.0, "iluminacao": 1.0, "compriment": 190.41267608750857 }, "geometry": { "type": "LineString", "coordinates": [ [ -52.089093797449664, -32.035929520784734 ], [ -52.091063457122488, -32.035563927283285 ] ] } },
{ "type": "Feature", "properties": { "tipo": "rua", "nome": "DOUTOR LAZARO LUDOVICO ZAMENHOF", "drenagem": 1.0, "iluminacao": 1.0, "compriment": 29.656313529175844 }, "geometry": { "type": "LineString", "coordinates": [ [ -52.093431141569106, -32.04720230362679 ], [ -52.093434471984722, -32.04746973330564 ] ] } },
{ "type": "Feature", "properties": { "tipo": "rua", "nome": "SEM DENOMINACAO", "drenagem": 0.0, "iluminacao": 1.0, "compriment": 56.712422564073563 }, "geometry": { "type": "LineString", "coordinates": [ [ -52.083460358982471, -32.049245383506573 ], [ -52.083413851498143, -32.049096672781062 ], [ -52.083307103868165, -32.048750880437744 ] ] } },
{ "type": "Feature", "properties": { "tipo": "rua", "nome": "SEM DENOMINACAO", "drenagem": 0.0, "iluminacao": 0.0, "compriment": 39.602870150761447 }, "geometry": { "type": "LineString", "coordinates": [ [ -52.084907408723076, -32.049253492941297 ], [ -52.08488020358628, -32.049267713839058 ], [ -52.084784597183919, -32.049308892174906 ], [ -52.08470247008237, -32.049376861838056 ], [ -52.084641468194924, -32.049450256257487 ] ] } },
{ "type": "Feature", "properties": { "tipo": "rua", "nome": "SEM DENOMINACAO", "drenagem": 0.0, "iluminacao": 1.0, "compriment": 170.47455489116436 }, "geometry": { "type": "LineString", "coordinates": [ [ -52.084905042103877, -32.049412514889625 ], [ -52.084820312869319, -32.049435272431587 ], [ -52.084641468194924, -32.049450256257487 ], [ -52.084327028243706, -32.049464157590847 ], [ -52.084124240647363, -32.049458044325867 ], [ -52.084094967007289, -32.04943138794507 ], [ -52.084010288622729, -32.049283003914127 ], [ -52.08397998426436, -32.049168909393167 ], [ -52.083947544477198, -32.048985324031001 ], [ -52.083933835463434, -32.048827364119212 ], [ -52.083887371960785, -32.048631359517003 ] ] } },
{ "type": "Feature", "properties": { "tipo": "rua", "nome": "GENERAL CAMARA", "drenagem": 1.0, "iluminacao": 1.0, "compriment": 108.66875229571018 }, "geometry": { "type": "LineString", "coordinates": [ [ -52.091063457122488, -32.035563927283285 ], [ -52.091073515632075, -32.035561959637889 ] ] } },
{ "type": "Feature", "properties": { "tipo": "rua", "nome": "ALMIRANTE BARROSO", "drenagem": 1.0, "iluminacao": 1.0, "compriment": 95.704150568448838 }, "geometry": { "type": "LineString", "coordinates": [ [ -52.087611476639147, -32.03727104487001 ], [ -52.087518387441357, -32.038130469175712 ] ] } },
{ "type": "Feature", "properties": { "tipo": "rua", "nome": "CARLOS VIGNOLI", "drenagem": 0.0, "iluminacao": 1.0, "compriment": 10.934412629183456 }, "geometry": { "type": "LineString", "coordinates": [ [ -52.083887371960785, -32.048631359517003 ], [ -52.083999905392005, -32.048608180065457 ] ] } },
{ "type": "Feature", "properties": { "tipo": "rua", "nome": "SEM DENOMINACAO", "drenagem": 0.0, "iluminacao": 1.0, "compriment": 42.880271283304523 }, "geometry": { "type": "LineString", "coordinates": [ [ -52.084010288622729, -32.049283003914127 ], [ -52.083953440964301, -32.049262188872191 ], [ -52.083850975644843, -32.049279881762722 ], [ -52.083709143213689, -32.04930800115757 ], [ -52.083612140751015, -32.04934246386469 ], [ -52.083591385394769, -32.049368426923863 ] ] } },
{ "type": "Feature", "properties": { "tipo": "rua", "nome": "DOUTOR LAZARO LUDOVICO ZAMENHOF", "drenagem": 1.0, "iluminacao": 1.0, "compriment": 21.332597328381748 }, "geometry": { "type": "LineString", "coordinates": [ [ -52.093339262245308, -32.0436029738527 ], [ -52.093339021538064, -32.043660761882734 ] ] } },
{ "type": "Feature", "properties": { "tipo": "rua", "nome": "DOUTOR LAZARO LUDOVICO ZAMENHOF", "drenagem": 1.0, "iluminacao": 1.0, "compriment": 19.933291212221246 }, "geometry": { "type": "LineString", "coordinates": [ [ -52.093368233633761, -32.044678519576443 ], [ -52.093369745842857, -32.04485827620173 ] ] } },
{ "type": "Feature", "properties": { "tipo": "rua", "nome": "DOUTOR LAZARO LUDOVICO ZAMENHOF", "drenagem": 1.0, "iluminacao": 1.0, "compriment": 19.920920822633924 }, "geometry": { "type": "LineString", "coordinates": [ [ -52.093408603947395, -32.046253200815109 ], [ -52.093412423268518, -32.046432820997879 ] ] } },
{ "type": "Feature", "properties": { "tipo": "rua", "nome": "RITA LOBATO", "drenagem": 1.0, "iluminacao": 1.0, "compriment": 28.623225803657284 }, "geometry": { "type": "LineString", "coordinates": [ [ -52.093408603947395, -32.046253200815109 ], [ -52.093105570165768, -32.046256935690238 ] ] } },
{ "type": "Feature", "properties": { "tipo": "avenida", "nome": "DOM PEDRO II", "drenagem": 1.0, "iluminacao": 1.0, "compriment": 16.099498496650668 }, "geometry": { "type": "LineString", "coordinates": [ [ -52.08773375763424, -32.034775060358029 ], [ -52.087899096323383, -32.034739799130065 ] ] } },
{ "type": "Feature", "properties": { "tipo": "avenida", "nome": "SILVA PAES", "drenagem": 1.0, "iluminacao": 1.0, "compriment": 76.256741845604097 }, "geometry": { "type": "LineString", "coordinates": [ [ -52.087906659837238, -32.034682120607556 ], [ -52.088698701173307, -32.034548998198652 ] ] } },
{ "type": "Feature", "properties": { "tipo": "avenida", "nome": "MAJOR CARLOS PINTO", "drenagem": 0.0, "iluminacao": 1.0, "compriment": 113.96968146187106 }, "geometry": { "type": "LineString", "coordinates": [ [ -52.100138765480935, -32.04540949134519 ], [ -52.099796022373887, -32.046024983675338 ], [ -52.0996545048637, -32.046349930716403 ] ] } },
{ "type": "Feature", "properties": { "tipo": "avenida", "nome": "MAJOR CARLOS PINTO", "drenagem": 0.0, "iluminacao": 1.0, "compriment": 18.496560238649419 }, "geometry": { "type": "LineString", "coordinates": [ [ -52.0996545048637, -32.046349930716403 ], [ -52.099653386335561, -32.046516732548547 ] ] } },
{ "type": "Feature", "properties": { "tipo": "rua", "nome": "SEM DENOMINACAO", "drenagem": 0.0, "iluminacao": 0.0, "compriment": 24.18410859734292 }, "geometry": { "type": "LineString", "coordinates": [ [ -52.0996545048637, -32.046349930716403 ], [ -52.099581771098997, -32.046368736321227 ], [ -52.099407151902255, -32.046406126480363 ] ] } },
{ "type": "Feature", "properties": { "tipo": "avenida", "nome": "SILVA PAES", "drenagem": 1.0, "iluminacao": 1.0, "compriment": 138.89660856907898 }, "geometry": { "type": "LineString", "coordinates": [ [ -52.089255200637417, -32.034439894005814 ], [ -52.089727557696619, -32.034347450629845 ] ] } },
{ "type": "Feature", "properties": { "tipo": "rua", "nome": "GASPAR LEMOS", "drenagem": 1.0, "iluminacao": 1.0, "compriment": 66.893192042706275 }, "geometry": { "type": "LineString", "coordinates": [ [ -52.099501640923478, -32.045145989804539 ], [ -52.100138765480935, -32.04540949134519 ] ] } },
{ "type": "Feature", "properties": { "tipo": "rua", "nome": "GASPAR LEMOS", "drenagem": 0.0, "iluminacao": 1.0, "compriment": 121.69281273059303 }, "geometry": { "type": "LineString", "coordinates": [ [ -52.101292886062339, -32.045896748782823 ], [ -52.100849750455097, -32.045714493172838 ], [ -52.100541157819841, -32.045555732479947 ], [ -52.100317362296074, -32.045443321731135 ], [ -52.100172841196589, -32.045357678781123 ] ] } },
{ "type": "Feature", "properties": { "tipo": "avenida", "nome": "MAJOR CARLOS PINTO", "drenagem": 0.0, "iluminacao": 1.0, "compriment": 6.5853599099442084 }, "geometry": { "type": "LineString", "coordinates": [ [ -52.100172841196589, -32.045357678781123 ], [ -52.100138765480935, -32.04540949134519 ] ] } },
{ "type": "Feature", "properties": { "tipo": "rua", "nome": "NICOLAU COELHO", "drenagem": 0.0, "iluminacao": 1.0, "compriment": 105.75263054950592 }, "geometry": { "type": "LineString", "coordinates": [ [ -52.101695122752346, -32.044972260042904 ], [ -52.101126999062075, -32.044794454823929 ], [ -52.100647180414128, -32.044636433024394 ] ] } },
{ "type": "Feature", "properties": { "tipo": "avenida", "nome": "MAJOR CARLOS PINTO", "drenagem": 1.0, "iluminacao": 1.0, "compriment": 148.78255853768368 }, "geometry": { "type": "LineString", "coordinates": [ [ -52.101880839468173, -32.042990183476356 ], [ -52.101779857189669, -32.043173119252884 ] ] } },
{ "type": "Feature", "properties": { "tipo": "avenida", "nome": "MAJOR CARLOS PINTO", "drenagem": 0.0, "iluminacao": 0.0, "compriment": 36.82039815134619 }, "geometry": { "type": "LineString", "coordinates": [ [ -52.101554735029815, -32.043608946145092 ], [ -52.101467736698098, -32.043818228990929 ], [ -52.101419765456718, -32.043879185863787 ], [ -52.10138045654783, -32.043894101850213 ] ] } },
{ "type": "Feature", "properties": { "tipo": "avenida", "nome": "MAJOR CARLOS PINTO", "drenagem": 0.0, "iluminacao": 1.0, "compriment": 99.777684193399196 }, "geometry": { "type": "LineString", "coordinates": [ [ -52.101112136522936, -32.043828458726999 ], [ -52.100647180414128, -32.044636433024394 ] ] } },
{ "type": "Feature", "properties": { "tipo": "avenida", "nome": "MAJOR CARLOS PINTO", "drenagem": 1.0, "iluminacao": 1.0, "compriment": 174.73117396077691 }, "geometry": { "type": "LineString", "coordinates": [ [ -52.101380467992655, -32.043362155231499 ], [ -52.101112136522936, -32.043828458726999 ] ] } },
{ "type": "Feature", "properties": { "tipo": "avenida", "nome": "MAJOR CARLOS PINTO", "drenagem": 0.0, "iluminacao": 0.0, "compriment": 23.433685943110699 }, "geometry": { "type": "LineString", "coordinates": [ [ -52.102043535851664, -32.042473218349556 ], [ -52.102098286289397, -32.042501107420911 ] ] } },
{ "type": "Feature", "properties": { "tipo": "travessa", "nome": "CINCO", "drenagem": 0.0, "iluminacao": 1.0, "compriment": 28.477793426664892 }, "geometry": { "type": "LineString", "coordinates": [ [ -52.102109579285262, -32.044491484081689 ], [ -52.101834536407182, -32.044386248194193 ] ] } },
{ "type": "Feature", "properties": { "tipo": "travessa", "nome": "TRÊS", "drenagem": 0.0, "iluminacao": 1.0, "compriment": 80.060755918941339 }, "geometry": { "type": "LineString", "coordinates": [ [ -52.101834536407182, -32.044386248194193 ], [ -52.101888121185645, -32.044244522287777 ], [ -52.101889437184774, -32.044134641844565 ], [ -52.101814660188921, -32.044045602795997 ], [ -52.101722021724605, -32.04400380566095 ], [ -52.101635184935574, -32.044006802525224 ], [ -52.101553612589548, -32.044009753594331 ], [ -52.101474484510085, -32.043996987796 ], [ -52.101421517668285, -32.043970541302869 ] ] } },
{ "type": "Feature", "properties": { "tipo": "travessa", "nome": "CINCO", "drenagem": 0.0, "iluminacao": 1.0, "compriment": 65.640235907236729 }, "geometry": { "type": "LineString", "coordinates": [ [ -52.101834536407182, -32.044386248194193 ], [ -52.101572655350978, -32.04428089732027 ], [ -52.1015113350986, -32.044216405637044 ], [ -52.10142522392627, -32.044060198101192 ], [ -52.101421517668285, -32.043970541302869 ] ] } },
{ "type": "Feature", "properties": { "tipo": "travessa", "nome": "CINCO", "drenagem": 0.0, "iluminacao": 1.0, "compriment": 9.3212509737710842 }, "geometry": { "type": "LineString", "coordinates": [ [ -52.101421517668285, -32.043970541302869 ], [ -52.10138045654783, -32.043894101850213 ] ] } },
{ "type": "Feature", "properties": { "tipo": "avenida", "nome": "MAJOR CARLOS PINTO", "drenagem": 0.0, "iluminacao": 1.0, "compriment": 26.674385663689264 }, "geometry": { "type": "LineString", "coordinates": [ [ -52.10138045654783, -32.043894101850213 ], [ -52.101222267775178, -32.04387417495947 ], [ -52.101112136522936, -32.043828458726999 ] ] } },
{ "type": "Feature", "properties": { "tipo": "travessa", "nome": "UM", "drenagem": 0.0, "iluminacao": 1.0, "compriment": 41.842958811602699 }, "geometry": { "type": "LineString", "coordinates": [ [ -52.101954463504185, -32.043766912313295 ], [ -52.101892512203037, -32.043759603032271 ], [ -52.101820869416656, -32.0437439024114 ], [ -52.101722708033002, -32.043693357799327 ], [ -52.101651021333588, -32.043669995164109 ], [ -52.101545940948689, -32.043630101195383 ] ] } },
{ "type": "Feature", "properties": { "tipo": "rua", "nome": "ALMIRANTE BARROSO", "drenagem": 1.0, "iluminacao": 1.0, "compriment": 334.0460495940788 }, "geometry": { "type": "LineString", "coordinates": [ [ -52.088095137001652, -32.031658489744238 ], [ -52.087747196458793, -32.034656353602081 ] ] } },
{ "type": "Feature", "properties": { "tipo": "travessa", "nome": "714", "drenagem": 0.0, "iluminacao": 1.0, "compriment": 65.11679430207127 }, "geometry": { "type": "LineString", "coordinates": [ [ -52.101795840637969, -32.043181360759881 ], [ -52.101779857189669, -32.043173119252884 ] ] } },
{ "type": "Feature", "properties": { "tipo": "rua", "nome": "ALMIRANTE BARROSO", "drenagem": 1.0, "iluminacao": 1.0, "compriment": 74.664187494492921 }, "geometry": { "type": "LineString", "coordinates": [ [ -52.08773375763424, -32.034775060358029 ], [ -52.087666741480945, -32.035445969289626 ] ] } },
{ "type": "Feature", "properties": { "tipo": "rua", "nome": "SEM DENOMINACAO", "drenagem": 1.0, "iluminacao": 0.0, "compriment": 54.832534745551492 }, "geometry": { "type": "LineString", "coordinates": [ [ -52.146016915575871, -32.047806424919251 ], [ -52.145838595987591, -32.048277011077211 ] ] } },
{ "type": "Feature", "properties": { "tipo": "rua", "nome": "PEDRO DE SÁ FREITAS", "drenagem": 0.0, "iluminacao": 0.0, "compriment": 66.42051569469389 }, "geometry": { "type": "LineString", "coordinates": [ [ -52.145071767877262, -32.04737997777594 ], [ -52.144987498824221, -32.047582984585034 ] ] } },
{ "type": "Feature", "properties": { "tipo": "rua", "nome": "JOCKEY CLUBE", "drenagem": 1.0, "iluminacao": 1.0, "compriment": 6.2956053148614659 }, "geometry": { "type": "LineString", "coordinates": [ [ -52.144029254223462, -32.047681628181287 ], [ -52.144093745289013, -32.047695991429158 ] ] } },
{ "type": "Feature", "properties": { "tipo": "rua", "nome": "JOCKEY CLUBE", "drenagem": 1.0, "iluminacao": 1.0, "compriment": 101.48762125268894 }, "geometry": { "type": "LineString", "coordinates": [ [ -52.145296777204535, -32.04809718974645 ], [ -52.145838595987591, -32.048277011077211 ] ] } },
{ "type": "Feature", "properties": { "tipo": "rua", "nome": "JOCKEY CLUBE", "drenagem": 1.0, "iluminacao": 1.0, "compriment": 188.61452540117827 }, "geometry": { "type": "LineString", "coordinates": [ [ -52.145838595987591, -32.048277011077211 ], [ -52.147711248531607, -32.04886810610676 ] ] } },
{ "type": "Feature", "properties": { "tipo": "rua", "nome": "JOCKEY CLUBE", "drenagem": 1.0, "iluminacao": 1.0, "compriment": 174.79632873665568 }, "geometry": { "type": "LineString", "coordinates": [ [ -52.147711248531607, -32.04886810610676 ], [ -52.148795926076936, -32.049217453781537 ] ] } },
{ "type": "Feature", "properties": { "tipo": "rua", "nome": "SEM DENOMINACAO", "drenagem": 1.0, "iluminacao": 1.0, "compriment": 357.65891171391655 }, "geometry": { "type": "LineString", "coordinates": [ [ -52.147711248531607, -32.04886810610676 ], [ -52.147515018582297, -32.04928512060166 ] ] } },
{ "type": "Feature", "properties": { "tipo": "rua", "nome": "ALMIRANTE BARROSO", "drenagem": 1.0, "iluminacao": 1.0, "compriment": 129.55826095664619 }, "geometry": { "type": "LineString", "coordinates": [ [ -52.087482115165386, -32.037286564151884 ], [ -52.087332086314525, -32.038297719692565 ] ] } },
{ "type": "Feature", "properties": { "tipo": "rua", "nome": "ALMIRANTE BARROSO", "drenagem": 1.0, "iluminacao": 1.0, "compriment": 109.15812221972271 }, "geometry": { "type": "LineString", "coordinates": [ [ -52.088373992855338, -32.030685566638653 ], [ -52.088246604666431, -32.031663972539434 ] ] } },
{ "type": "Feature", "properties": { "tipo": "rua", "nome": "ALMIRANTE BARROSO", "drenagem": 1.0, "iluminacao": 1.0, "compriment": 145.13950349568699 }, "geometry": { "type": "LineString", "coordinates": [ [ -52.088246604666431, -32.031663972539434 ], [ -52.088105100016733, -32.032967301272812 ] ] } },
{ "type": "Feature", "properties": { "tipo": "rua", "nome": "VICE ALMIRANTE ABREU", "drenagem": 1.0, "iluminacao": 1.0, "compriment": 90.478959245825564 }, "geometry": { "type": "LineString", "coordinates": [ [ -52.092116208027164, -32.039304045675912 ], [ -52.093051490023228, -32.039127679353058 ] ] } },
{ "type": "Feature", "properties": { "tipo": "rua", "nome": "VICE ALMIRANTE ABREU", "drenagem": 1.0, "iluminacao": 1.0, "compriment": 104.39807266153491 }, "geometry": { "type": "LineString", "coordinates": [ [ -52.093051490023228, -32.039127679353058 ], [ -52.093951198656789, -32.038958043944142 ] ] } },
{ "type": "Feature", "properties": { "tipo": "rua", "nome": "VICE ALMIRANTE ABREU", "drenagem": 1.0, "iluminacao": 1.0, "compriment": 122.93369252935334 }, "geometry": { "type": "LineString", "coordinates": [ [ -52.094826911485058, -32.038768659878208 ], [ -52.094887736504376, -32.038756351249511 ] ] } },
{ "type": "Feature", "properties": { "tipo": "rua", "nome": "RIBEIRO COUTINHO", "drenagem": 1.0, "iluminacao": 1.0, "compriment": 127.13511464629597 }, "geometry": { "type": "LineString", "coordinates": [ [ -52.121435754367333, -32.052346662683178 ], [ -52.120975226989295, -32.053124614072708 ] ] } },
{ "type": "Feature", "properties": { "tipo": "rua", "nome": "ALMIRANTE BARROSO", "drenagem": 1.0, "iluminacao": 1.0, "compriment": 185.6684721032872 }, "geometry": { "type": "LineString", "coordinates": [ [ -52.088105100016733, -32.032967301272812 ], [ -52.087912920816045, -32.034633666660106 ] ] } },
{ "type": "Feature", "properties": { "tipo": "rua", "nome": "ALMIRANTE BARROSO", "drenagem": 1.0, "iluminacao": 1.0, "compriment": 77.314907487217454 }, "geometry": { "type": "LineString", "coordinates": [ [ -52.087899096323383, -32.034739799130065 ], [ -52.087816110656107, -32.035433444270971 ] ] } },
{ "type": "Feature", "properties": { "tipo": "rua", "nome": "ALMIRANTE BARROSO", "drenagem": 1.0, "iluminacao": 1.0, "compriment": 82.137158766825706 }, "geometry": { "type": "LineString", "coordinates": [ [ -52.087816110656107, -32.035433444270971 ], [ -52.087739185549388, -32.03617126581851 ] ] } },
{ "type": "Feature", "properties": { "tipo": "rua", "nome": "ALMIRANTE BARROSO", "drenagem": 1.0, "iluminacao": 1.0, "compriment": 113.71203272233863 }, "geometry": { "type": "LineString", "coordinates": [ [ -52.087732128063053, -32.036250735287027 ], [ -52.087611476639147, -32.03727104487001 ] ] } },
{ "type": "Feature", "properties": { "tipo": "avenida", "nome": "MAJOR CARLOS PINTO", "drenagem": 1.0, "iluminacao": 1.0, "compriment": 97.013212950730804 }, "geometry": { "type": "LineString", "coordinates": [ [ -52.108571459174243, -32.031072832535195 ], [ -52.108108036943989, -32.031853582858744 ] ] } },
{ "type": "Feature", "properties": { "tipo": "avenida", "nome": "MAJOR CARLOS PINTO", "drenagem": 1.0, "iluminacao": 1.0, "compriment": 123.15356296914113 }, "geometry": { "type": "LineString", "coordinates": [ [ -52.109461568146521, -32.030040133937632 ], [ -52.108873831503303, -32.031031495232249 ] ] } },
{ "type": "Feature", "properties": { "tipo": "avenida", "nome": "MAJOR CARLOS PINTO", "drenagem": 1.0, "iluminacao": 1.0, "compriment": 17.293664216998362 }, "geometry": { "type": "LineString", "coordinates": [ [ -52.108873831503303, -32.031031495232249 ], [ -52.108797494043316, -32.031173247786313 ] ] } },
{ "type": "Feature", "properties": { "tipo": "avenida", "nome": "MAJOR CARLOS PINTO", "drenagem": 1.0, "iluminacao": 1.0, "compriment": 184.6199487183938 }, "geometry": { "type": "LineString", "coordinates": [ [ -52.108797494043316, -32.031173247786313 ], [ -52.108251145575409, -32.032080839523168 ] ] } },
{ "type": "Feature", "properties": { "tipo": "rua", "nome": "TRES DE JULHO", "drenagem": 1.0, "iluminacao": 1.0, "compriment": 134.47764061858314 }, "geometry": { "type": "LineString", "coordinates": [ [ -52.105864733231186, -32.029703691660892 ], [ -52.105913067679815, -32.029452977195092 ] ] } },
{ "type": "Feature", "properties": { "tipo": "avenida", "nome": "DOM PEDRO II", "drenagem": 1.0, "iluminacao": 1.0, "compriment": 15.854780478045354 }, "geometry": { "type": "LineString", "coordinates": [ [ -52.087747196458793, -32.034656353602081 ], [ -52.087912920816045, -32.034633666660106 ] ] } },
{ "type": "Feature", "properties": { "tipo": "rua", "nome": "DOUTOR FERNANDO DUPRAT DA SILVA", "drenagem": 1.0, "iluminacao": 1.0, "compriment": 108.14763482985573 }, "geometry": { "type": "LineString", "coordinates": [ [ -52.090822790501065, -32.030439285323887 ], [ -52.09107089015189, -32.031086062267853 ] ] } },
{ "type": "Feature", "properties": { "tipo": "rua", "nome": "SEM DENOMINACAO", "drenagem": null, "iluminacao": null, "compriment": 17.31166198269911 }, "geometry": { "type": "LineString", "coordinates": [ [ -52.123153586062635, -32.038792513769444 ], [ -52.12309497551405, -32.038883069304617 ] ] } },
{ "type": "Feature", "properties": { "tipo": "rua", "nome": "VISCONDE DE MAUA", "drenagem": 1.0, "iluminacao": 1.0, "compriment": 59.308045750834786 }, "geometry": { "type": "LineString", "coordinates": [ [ -52.131538317809614, -32.044113569176041 ], [ -52.131907061752571, -32.044278780507028 ] ] } },
{ "type": "Feature", "properties": { "tipo": "rua", "nome": "ALMIRANTE BARROSO", "drenagem": 1.0, "iluminacao": 1.0, "compriment": 5.4053824736990981 }, "geometry": { "type": "LineString", "coordinates": [ [ -52.087912920816045, -32.034633666660106 ], [ -52.087906659837238, -32.034682120607556 ] ] } },
{ "type": "Feature", "properties": { "tipo": "rua", "nome": "VISCONDE DE PARANAGUA", "drenagem": 1.0, "iluminacao": 1.0, "compriment": 136.6811490935273 }, "geometry": { "type": "LineString", "coordinates": [ [ -52.102272406274743, -32.028593286147675 ], [ -52.102048654434462, -32.029811071959003 ] ] } },
{ "type": "Feature", "properties": { "tipo": "rua", "nome": "PADRE FEIJO", "drenagem": 1.0, "iluminacao": 1.0, "compriment": 42.539831332366269 }, "geometry": { "type": "LineString", "coordinates": [ [ -52.115288690134228, -32.032066485248173 ], [ -52.115514557789716, -32.031734593506059 ] ] } },
{ "type": "Feature", "properties": { "tipo": "rua", "nome": "DOUTOR CARNEIRO JUNIOR", "drenagem": 0.0, "iluminacao": 1.0, "compriment": 39.315803822245336 }, "geometry": { "type": "LineString", "coordinates": [ [ -52.114583204848174, -32.033321988297253 ], [ -52.114213109299925, -32.033159759192898 ] ] } },
{ "type": "Feature", "properties": { "tipo": "rua", "nome": "PADRE FEIJO", "drenagem": 1.0, "iluminacao": 1.0, "compriment": 186.56027039158536 }, "geometry": { "type": "LineString", "coordinates": [ [ -52.114583204848174, -32.033321988297253 ], [ -52.113880696524106, -32.034561606842857 ] ] } },
{ "type": "Feature", "properties": { "tipo": "rua", "nome": "SEM DENOMINACAO", "drenagem": null, "iluminacao": null, "compriment": 13.905946684460211 }, "geometry": { "type": "LineString", "coordinates": [ [ -52.123765299541297, -32.039242112358039 ], [ -52.123819197226062, -32.039159244118792 ] ] } },
{ "type": "Feature", "properties": { "tipo": "rua", "nome": "GENERAL OSORIO", "drenagem": 1.0, "iluminacao": 1.0, "compriment": 141.04996305613395 }, "geometry": { "type": "LineString", "coordinates": [ [ -52.09839657726198, -32.030018237483411 ], [ -52.099093277778977, -32.029974816926163 ] ] } },
{ "type": "Feature", "properties": { "tipo": "rua", "nome": "DOUTORA RITA LOBATO", "drenagem": 1.0, "iluminacao": 1.0, "compriment": 52.289147255831537 }, "geometry": { "type": "LineString", "coordinates": [ [ -52.093041112267862, -32.044680228156629 ], [ -52.093067278250231, -32.045151252122253 ] ] } },
{ "type": "Feature", "properties": { "tipo": "rua", "nome": "RAFAEL ANSELMI", "drenagem": 0.0, "iluminacao": 1.0, "compriment": 100.64822441722789 }, "geometry": { "type": "LineString", "coordinates": [ [ -52.142644313011232, -32.047234490244996 ], [ -52.142571413164006, -32.047572531756302 ] ] } },
{ "type": "Feature", "properties": { "tipo": "rua", "nome": "MARECHAL DEODORO", "drenagem": 1.0, "iluminacao": 1.0, "compriment": 145.6913177083153 }, "geometry": { "type": "LineString", "coordinates": [ [ -52.111515314972777, -32.028987089688606 ], [ -52.110828228773165, -32.030138667375404 ] ] } },
{ "type": "Feature", "properties": { "tipo": "rua", "nome": "DOUTOR CARNEIRO JUNIOR", "drenagem": 0.0, "iluminacao": 1.0, "compriment": 198.30450631820452 }, "geometry": { "type": "LineString", "coordinates": [ [ -52.114213109299925, -32.033159759192898 ], [ -52.1145888128707, -32.032450156420396 ], [ -52.114913639220923, -32.031886744505549 ], [ -52.115141276956081, -32.031557377908221 ] ] } },
{ "type": "Feature", "properties": { "tipo": "rua", "nome": "SEM DENOMINACAO", "drenagem": null, "iluminacao": null, "compriment": 42.117053306150709 }, "geometry": { "type": "LineString", "coordinates": [ [ -52.120725811003531, -32.037335043735588 ], [ -52.120722189254501, -32.03734975323836 ] ] } },
{ "type": "Feature", "properties": { "tipo": "avenida", "nome": "ALMIRANTE TAMANDARE", "drenagem": 1.0, "iluminacao": 1.0, "compriment": 74.565356135964493 }, "geometry": { "type": "LineString", "coordinates": [ [ -52.096429534953494, -32.043740271663253 ], [ -52.096426574945738, -32.043870822962887 ] ] } },
{ "type": "Feature", "properties": { "tipo": "rua", "nome": "QUINTINO BOCAIUVA", "drenagem": 1.0, "iluminacao": 1.0, "compriment": 111.61414795253371 }, "geometry": { "type": "LineString", "coordinates": [ [ -52.15413157236469, -32.050955544078001 ], [ -52.154103180878067, -32.051009622683516 ] ] } },
{ "type": "Feature", "properties": { "tipo": "rua", "nome": "EDGAR FONTOURA", "drenagem": 1.0, "iluminacao": 1.0, "compriment": 40.789861152757851 }, "geometry": { "type": "LineString", "coordinates": [ [ -52.087389467411448, -32.037301884665645 ], [ -52.087482115165386, -32.037286564151884 ] ] } },
{ "type": "Feature", "properties": { "tipo": "rua", "nome": "TRES DE JULHO", "drenagem": 1.0, "iluminacao": 1.0, "compriment": 52.346901743822784 }, "geometry": { "type": "LineString", "coordinates": [ [ -52.105913067679815, -32.029452977195092 ], [ -52.105992598313712, -32.028985791299206 ] ] } },
{ "type": "Feature", "properties": { "tipo": "rua", "nome": "CARLOS VIGNOLI", "drenagem": 1.0, "iluminacao": 1.0, "compriment": 56.382187180557814 }, "geometry": { "type": "LineString", "coordinates": [ [ -52.083307103868165, -32.048750880437744 ], [ -52.083887371960785, -32.048631359517003 ] ] } },
{ "type": "Feature", "properties": { "tipo": "rua", "nome": "PERO VAZ DE CAMINHA", "drenagem": 0.0, "iluminacao": 1.0, "compriment": 71.447068538652218 }, "geometry": { "type": "LineString", "coordinates": [ [ -52.09834269003386, -32.046063415704545 ], [ -52.099085285233038, -32.045940506745133 ] ] } },
{ "type": "Feature", "properties": { "tipo": "rua", "nome": "NICOLAU COELHO", "drenagem": 1.0, "iluminacao": 1.0, "compriment": 159.07254988883309 }, "geometry": { "type": "LineString", "coordinates": [ [ -52.09711539032272, -32.044945934001419 ], [ -52.098043699365078, -32.044775259885995 ] ] } },
{ "type": "Feature", "properties": { "tipo": "rua", "nome": "VICE ALMIRANTE ABREU", "drenagem": 1.0, "iluminacao": 1.0, "compriment": 67.987670381425019 }, "geometry": { "type": "LineString", "coordinates": [ [ -52.09418474402117, -32.038912124637889 ], [ -52.094826911485058, -32.038768659878208 ] ] } },
{ "type": "Feature", "properties": { "tipo": "rua", "nome": "GENERAL FLORES DA CUNHA", "drenagem": 1.0, "iluminacao": 1.0, "compriment": 91.454410954986912 }, "geometry": { "type": "LineString", "coordinates": [ [ -52.081591456258487, -32.047586380353223 ], [ -52.081805566724491, -32.048329502338873 ] ] } },
{ "type": "Feature", "properties": { "tipo": "rua", "nome": "DOM MANOEL I", "drenagem": 1.0, "iluminacao": 1.0, "compriment": 64.347661226838696 }, "geometry": { "type": "LineString", "coordinates": [ [ -52.098094946023203, -32.04209696388736 ], [ -52.098759113794152, -32.04196769047973 ] ] } },
{ "type": "Feature", "properties": { "tipo": "rua", "nome": "AMAPA", "drenagem": 0.0, "iluminacao": 1.0, "compriment": 89.923862835913852 }, "geometry": { "type": "LineString", "coordinates": [ [ -52.132541921066952, -32.043646937713511 ], [ -52.1324510795734, -32.04379209293856 ] ] } },
{ "type": "Feature", "properties": { "tipo": "rua", "nome": "PERU", "drenagem": 1.0, "iluminacao": 1.0, "compriment": 82.991708620637922 }, "geometry": { "type": "LineString", "coordinates": [ [ -52.140350533239925, -32.047204957299634 ], [ -52.140431752333463, -32.047076731518892 ] ] } },
{ "type": "Feature", "properties": { "tipo": "rua", "nome": "VEREADOR PEDRO CORREA DE AZEVEDO", "drenagem": 1.0, "iluminacao": 1.0, "compriment": 91.929996049634155 }, "geometry": { "type": "LineString", "coordinates": [ [ -52.143176583077739, -32.065531536758733 ], [ -52.143168420878503, -32.065539194717161 ] ] } },
{ "type": "Feature", "properties": { "tipo": "rua", "nome": "CORONEL SAMPAIO", "drenagem": 1.0, "iluminacao": 1.0, "compriment": 7.333016739334882 }, "geometry": { "type": "LineString", "coordinates": [ [ -52.089093797449664, -32.035929520784734 ], [ -52.089085701738249, -32.03599529051192 ] ] } },
{ "type": "Feature", "properties": { "tipo": "rodovia", "nome": "BR-392", "drenagem": 0.0, "iluminacao": 0.0, "compriment": 1417.4946477906356 }, "geometry": { "type": "LineString", "coordinates": [ [ -52.085839814797424, -32.051922810386046 ], [ -52.085769280618514, -32.051792232817661 ], [ -52.085687596691173, -32.051657570780485 ] ] } },
{ "type": "Feature", "properties": { "tipo": "rua", "nome": "ERNANI FORNARI", "drenagem": 0.0, "iluminacao": 1.0, "compriment": 146.94068116952388 }, "geometry": { "type": "LineString", "coordinates": [ [ -52.095168902241021, -32.044952828570295 ], [ -52.095167636605034, -32.045313689710547 ], [ -52.09514830982878, -32.045973159068438 ] ] } },
{ "type": "Feature", "properties": { "tipo": "rua", "nome": "CARLOS VIGNOLI", "drenagem": 0.0, "iluminacao": 1.0, "compriment": 120.45511041360938 }, "geometry": { "type": "LineString", "coordinates": [ [ -52.079419525221596, -32.049538250221929 ], [ -52.08066214416835, -32.049293425748608 ] ] } },
{ "type": "Feature", "properties": { "tipo": "rua", "nome": "CARLOS VIGNOLI", "drenagem": 1.0, "iluminacao": 1.0, "compriment": 61.305210310990638 }, "geometry": { "type": "LineString", "coordinates": [ [ -52.08066214416835, -32.049293425748608 ], [ -52.081290835398335, -32.049155796891142 ] ] } },
{ "type": "Feature", "properties": { "tipo": "rua", "nome": "CARLOS VIGNOLI", "drenagem": 0.0, "iluminacao": 0.0, "compriment": 5.5398259103212384 }, "geometry": { "type": "LineString", "coordinates": [ [ -52.081290835398335, -32.049155796891142 ], [ -52.081347646789105, -32.049143359948062 ] ] } },
{ "type": "Feature", "properties": { "tipo": "rua", "nome": "CARLOS VIGNOLI", "drenagem": 0.0, "iluminacao": 0.0, "compriment": 44.78140187834579 }, "geometry": { "type": "LineString", "coordinates": [ [ -52.082847182025773, -32.048849112260768 ], [ -52.083307103868165, -32.048750880437744 ] ] } },
{ "type": "Feature", "properties": { "tipo": "rua", "nome": "DOUTOR AUGUSTO BORGES DE MEDEIROS", "drenagem": 0.0, "iluminacao": 1.0, "compriment": 89.590674605667218 }, "geometry": { "type": "LineString", "coordinates": [ [ -52.084906378764927, -32.048440158420526 ], [ -52.084919238428085, -32.048458611053455 ] ] } },
{ "type": "Feature", "properties": { "tipo": "rua", "nome": "EDUARDO CAMPOS LARANJO", "drenagem": 1.0, "iluminacao": 1.0, "compriment": 30.896307766200962 }, "geometry": { "type": "LineString", "coordinates": [ [ -52.093041112267862, -32.044680228156629 ], [ -52.093368233633761, -32.044678519576443 ] ] } },
{ "type": "Feature", "properties": { "tipo": "avenida", "nome": "MAJOR CARLOS PINTO", "drenagem": 0.0, "iluminacao": 1.0, "compriment": 53.670543946422207 }, "geometry": { "type": "LineString", "coordinates": [ [ -52.101779857189669, -32.043173119252884 ], [ -52.101551310646187, -32.043542830264002 ], [ -52.101554735029815, -32.043608946145092 ] ] } },
{ "type": "Feature", "properties": { "tipo": "rua", "nome": "GUARDA MARINHA GREENHALGH", "drenagem": 0.0, "iluminacao": 1.0, "compriment": 235.13880824346438 }, "geometry": { "type": "LineString", "coordinates": [ [ -52.084642239311158, -32.03133727983198 ], [ -52.084496720033144, -32.032476491356036 ], [ -52.084494428426957, -32.032524758469798 ] ] } },
{ "type": "Feature", "properties": { "tipo": "avenida", "nome": "HONORIO BICALHO", "drenagem": 1.0, "iluminacao": 1.0, "compriment": 1687.0358122770754 }, "geometry": { "type": "LineString", "coordinates": [ [ -52.080298869565453, -32.031006055533929 ], [ -52.080311749209507, -32.030967480996729 ] ] } },
{ "type": "Feature", "properties": { "tipo": "rua", "nome": "APARICIO TORELLY", "drenagem": 0.0, "iluminacao": 1.0, "compriment": 61.711264001876721 }, "geometry": { "type": "LineString", "coordinates": [ [ -52.168680879305626, -32.056630279475975 ], [ -52.168943815844216, -32.05612079715052 ] ] } },
{ "type": "Feature", "properties": { "tipo": "rua", "nome": "APARICIO TORELLY", "drenagem": 0.0, "iluminacao": 1.0, "compriment": 89.950818557037707 }, "geometry": { "type": "LineString", "coordinates": [ [ -52.168651028340541, -32.056695842525698 ], [ -52.168680879305626, -32.056630279475975 ] ] } },
{ "type": "Feature", "properties": { "tipo": "rua", "nome": "CENTO E QUARENTA E SETE", "drenagem": 0.0, "iluminacao": 1.0, "compriment": 97.06406990395503 }, "geometry": { "type": "LineString", "coordinates": [ [ -52.167519602673586, -32.05651294203377 ], [ -52.167721036983195, -32.056211056089118 ] ] } },
{ "type": "Feature", "properties": { "tipo": "rua", "nome": "LAGOA AZUL", "drenagem": 1.0, "iluminacao": 1.0, "compriment": 181.22441781972671 }, "geometry": { "type": "LineString", "coordinates": [ [ -52.111497638833534, -32.030196555068144 ], [ -52.11061888092722, -32.031649342567583 ] ] } },
{ "type": "Feature", "properties": { "tipo": "rua", "nome": "GENERAL NETTO", "drenagem": 1.0, "iluminacao": 0.0, "compriment": 44.342461925043182 }, "geometry": { "type": "LineString", "coordinates": [ [ -52.097560872346072, -32.029669438288316 ], [ -52.097596426044774, -32.029997163554661 ] ] } },
{ "type": "Feature", "properties": { "tipo": "largo", "nome": "DA DOCA", "drenagem": 1.0, "iluminacao": 1.0, "compriment": 35.565336770576543 }, "geometry": { "type": "LineString", "coordinates": [ [ -52.096748834495287, -32.029769029695579 ], [ -52.096734895070121, -32.029461831826595 ] ] } },
{ "type": "Feature", "properties": { "tipo": "largo", "nome": "DA DOCA", "drenagem": 1.0, "iluminacao": 1.0, "compriment": 34.801424232150488 }, "geometry": { "type": "LineString", "coordinates": [ [ -52.096792499661134, -32.029780782411606 ], [ -52.097117526800162, -32.029769127919273 ] ] } },
{ "type": "Feature", "properties": { "tipo": "largo", "nome": "DA DOCA", "drenagem": 1.0, "iluminacao": 1.0, "compriment": 36.601417833164611 }, "geometry": { "type": "LineString", "coordinates": [ [ -52.097117526800162, -32.029769127919273 ], [ -52.097123796517295, -32.029869952755917 ] ] } },
{ "type": "Feature", "properties": { "tipo": "largo", "nome": "DA DOCA", "drenagem": 1.0, "iluminacao": 1.0, "compriment": 50.845822688580853 }, "geometry": { "type": "LineString", "coordinates": [ [ -52.097117526800162, -32.029769127919273 ], [ -52.09711328953923, -32.02969267113923 ], [ -52.097560872347358, -32.029669438284465 ] ] } },
{ "type": "Feature", "properties": { "tipo": "rua", "nome": "BENTO MARTINS", "drenagem": 1.0, "iluminacao": 1.0, "compriment": 169.30988062667384 }, "geometry": { "type": "LineString", "coordinates": [ [ -52.085318548476437, -32.032025231756357 ], [ -52.085398912924383, -32.03141417534021 ] ] } },
{ "type": "Feature", "properties": { "tipo": "rua", "nome": "1 NOVA", "drenagem": 1.0, "iluminacao": 1.0, "compriment": 172.91826436675115 }, "geometry": { "type": "LineString", "coordinates": [ [ -52.087339078031604, -32.034953489834464 ], [ -52.087350990276128, -32.034851920800186 ] ] } },
{ "type": "Feature", "properties": { "tipo": "rua", "nome": "COMENDADOR FRANCISCO MARQUES", "drenagem": 0.0, "iluminacao": 1.0, "compriment": 6.95991473522606 }, "geometry": { "type": "LineString", "coordinates": [ [ -52.091063457132975, -32.035563927274183 ], [ -52.091079318468651, -32.035625221399243 ] ] } },
{ "type": "Feature", "properties": { "tipo": "rua", "nome": "ALBERTO TORRES", "drenagem": 1.0, "iluminacao": 1.0, "compriment": 1.665836453376863 }, "geometry": { "type": "LineString", "coordinates": [ [ -52.155165497212785, -32.051319288366429 ], [ -52.155181800107158, -32.051325023783221 ] ] } },
{ "type": "Feature", "properties": { "tipo": "rua", "nome": "VASCO DA GAMA", "drenagem": 1.0, "iluminacao": 1.0, "compriment": 70.335749377929858 }, "geometry": { "type": "LineString", "coordinates": [ [ -52.097809340727018, -32.046708763750921 ], [ -52.098219384885162, -32.046628501127572 ], [ -52.098417598448926, -32.046410218176604 ] ] } },
{ "type": "Feature", "properties": { "tipo": "rua", "nome": "VASCO DA GAMA", "drenagem": 0.0, "iluminacao": 1.0, "compriment": 41.887160320374733 }, "geometry": { "type": "LineString", "coordinates": [ [ -52.098854233804531, -32.046343985685212 ], [ -52.098417598448926, -32.046410218176604 ] ] } },
{ "type": "Feature", "properties": { "tipo": "rua", "nome": "SEM DENOMINACAO", "drenagem": 0.0, "iluminacao": 1.0, "compriment": 106.16533420030514 }, "geometry": { "type": "LineString", "coordinates": [ [ -52.079419525221596, -32.049538250221929 ], [ -52.079508237359299, -32.049918137832925 ], [ -52.079498497338037, -32.049985487683983 ], [ -52.079473923627866, -32.050022693748879 ], [ -52.079284968097852, -32.050073631819757 ], [ -52.078952716083712, -32.050140363932123 ] ] } },
{ "type": "Feature", "properties": { "tipo": "rua", "nome": "SEM DENOMINACAO", "drenagem": 0.0, "iluminacao": 1.0, "compriment": 67.124512949835278 }, "geometry": { "type": "LineString", "coordinates": [ [ -52.083151857188859, -32.04930239407549 ], [ -52.083005600552639, -32.049290190374847 ], [ -52.082960704517902, -32.049278241682288 ], [ -52.082925229095444, -32.049172038883 ], [ -52.082847182025773, -32.048849112260768 ] ] } },
{ "type": "Feature", "properties": { "tipo": "rua", "nome": "NICOLAU COELHO", "drenagem": 1.0, "iluminacao": 1.0, "compriment": 72.371949586193068 }, "geometry": { "type": "LineString", "coordinates": [ [ -52.099928047091701, -32.044411064141038 ], [ -52.100647180414128, -32.044636433024394 ] ] } },
{ "type": "Feature", "properties": { "tipo": "rua", "nome": "SEM DENOMINACAO", "drenagem": 0.0, "iluminacao": 1.0, "compriment": 117.32910735875986 }, "geometry": { "type": "LineString", "coordinates": [ [ -52.149955586612009, -32.048462475795006 ], [ -52.149873020672025, -32.048596636119676 ], [ -52.149744614513764, -32.048854533562675 ], [ -52.149647421097058, -32.049033177032811 ] ] } },
{ "type": "Feature", "properties": { "tipo": "rua", "nome": "VISCONDE DE PARANAGUA", "drenagem": 1.0, "iluminacao": 1.0, "compriment": 64.545282871424035 }, "geometry": { "type": "LineString", "coordinates": [ [ -52.102272440933291, -32.028592961177232 ], [ -52.102272406274743, -32.028593286147675 ] ] } },
{ "type": "Feature", "properties": { "tipo": "avenida", "nome": "COMENDADOR VASCO VIEIRA DA FONSECA", "drenagem": 1.0, "iluminacao": 1.0, "compriment": 124.82809954992129 }, "geometry": { "type": "LineString", "coordinates": [ [ -52.1008476173619, -32.028385255612314 ], [ -52.102149910193987, -32.028575401414443 ], [ -52.102150062492861, -32.028575423653628 ], [ -52.102272406274743, -32.028593286147675 ] ] } },
{ "type": "Feature", "properties": { "tipo": "avenida", "nome": "COMENDADOR VASCO VIEIRA DA FONSECA", "drenagem": 1.0, "iluminacao": 1.0, "compriment": 82.272981577218857 }, "geometry": { "type": "LineString", "coordinates": [ [ -52.102272406274743, -32.028593286147675 ], [ -52.102279838699943, -32.028594189243513 ], [ -52.102553409285207, -32.028627429820119 ], [ -52.103415942439483, -32.028730317793304 ] ] } }
]
}
