{
"type": "FeatureCollection",
"name": "infra_logradouros_ATINGIDOS_rio_grande___nivel_da_lagoa_16_05_2024",
"crs": { "type": "name", "properties": { "name": "urn:ogc:def:crs:OGC:1.3:CRS84" } },
"features": [
{ "type": "Feature", "properties": { "tipo": "rua", "nome": "ANTONIO PEREIRA RODRIGUES", "drenagem": 0.0, "iluminacao": 1.0, "compriment": 179.67929704352878 }, "geometry": { "type": "LineString", "coordinates": [ [ -52.14272202789568, -32.049717526249395 ], [ -52.142673301879512, -32.049878725944609 ] ] } },
{ "type": "Feature", "properties": { "tipo": "rua", "nome": "HELOS GUARDIOLA VELLOSO", "drenagem": 0.0, "iluminacao": 1.0, "compriment": 24.530067987070375 }, "geometry": { "type": "LineString", "coordinates": [ [ -52.140123385205534, -32.061781964503318 ], [ -52.140188561476883, -32.06180750339027 ] ] } },
{ "type": "Feature", "properties": { "tipo": "rua", "nome": "VEREADOR DOUTOR NILO CORREA FONSECA", "drenagem": 0.0, "iluminacao": 1.0, "compriment": 493.82684233107472 }, "geometry": { "type": "MultiLineString", "coordinates": [ [ [ -52.079805397248577, -32.045486034250089 ], [ -52.079799130428761, -32.045505062676476 ] ], [ [ -52.079647444946744, -32.045965636957213 ], [ -52.079646128779892, -32.045969633335723 ] ], [ [ -52.079607145022941, -32.046088002711485 ], [ -52.07959303929033, -32.046130833030936 ] ], [ [ -52.079566845099137, -32.046210368465758 ], [ -52.079553222173161, -32.046251732802347 ] ], [ [ -52.079405645403924, -32.046699831482847 ], [ -52.079393953704475, -32.04673533188798 ] ], [ [ -52.07936534548012, -32.046822197237113 ], [ -52.079354136587298, -32.04685623165939 ] ], [ [ -52.079284745632513, -32.047066928745657 ], [ -52.079274502352959, -32.047098031202204 ] ], [ [ -52.079244445708717, -32.047189294499908 ], [ -52.079234685235789, -32.047218930973614 ] ], [ [ -52.079204145784914, -32.047311660254181 ], [ -52.079194868118613, -32.047339830745024 ] ], [ [ -52.07916384586111, -32.047434026008453 ], [ -52.079155051001443, -32.047460730516434 ] ], [ [ -52.079123545937307, -32.047556391762726 ], [ -52.079101961511881, -32.047621930211641 ] ], [ [ -52.079083246013504, -32.047678757516998 ], [ -52.079062144394712, -32.047742829983051 ] ], [ [ -52.0790429460897, -32.04780112327127 ], [ -52.079022327277542, -32.047863729754461 ] ], [ [ -52.079002646165897, -32.047923489025543 ], [ -52.078982510160365, -32.047984629525871 ] ], [ [ -52.078941687322214, -32.048108583045163 ], [ -52.078902875926026, -32.048226429068684 ] ], [ [ -52.078860098156618, -32.048356318495905 ], [ -52.07882324169168, -32.048468228611505 ] ], [ [ -52.07880114654688, -32.048535317796905 ], [ -52.078770152202118, -32.048629428306718 ] ], [ [ -52.078760846623076, -32.04865768355117 ], [ -52.078730335084948, -32.048750328078128 ] ], [ [ -52.078720546699273, -32.048780049305442 ], [ -52.078703790340171, -32.048830927925728 ] ], [ [ -52.078656125242638, -32.048975657122739 ], [ -52.078624156105825, -32.049072727468548 ] ], [ [ -52.07859964692787, -32.049147146568238 ], [ -52.078584338988655, -32.049193627239958 ] ], [ [ -52.078559347004067, -32.04926951232251 ], [ -52.078531249499093, -32.049354826935172 ] ], [ [ -52.078519047080263, -32.049391878076783 ], [ -52.078491432381924, -32.049475726706575 ] ] ] } },
{ "type": "Feature", "properties": { "tipo": "rua", "nome": "VEREADOR DOUTOR NILO CORREA FONSECA", "drenagem": 0.0, "iluminacao": 1.0, "compriment": 77.926306797209946 }, "geometry": { "type": "LineString", "coordinates": [ [ -52.078306414149331, -32.050039925639815 ], [ -52.078177917534354, -32.050433439883733 ] ] } },
{ "type": "Feature", "properties": { "tipo": "rua", "nome": "CARLOS VIGNOLI", "drenagem": 1.0, "iluminacao": 1.0, "compriment": 62.195969106434987 }, "geometry": { "type": "LineString", "coordinates": [ [ -52.081347646789105, -32.049143359948062 ], [ -52.081990809576887, -32.049022793528856 ] ] } },
{ "type": "Feature", "properties": { "tipo": "rua", "nome": "PADRE CAIO", "drenagem": 0.0, "iluminacao": 1.0, "compriment": 128.83581747760195 }, "geometry": { "type": "LineString", "coordinates": [ [ -52.081805566724491, -32.048329502338873 ], [ -52.083131610154972, -32.048056786716252 ] ] } },
{ "type": "Feature", "properties": { "tipo": "travessa", "nome": "GIORDANO BRUNO", "drenagem": 1.0, "iluminacao": 1.0, "compriment": 96.65589331512902 }, "geometry": { "type": "LineString", "coordinates": [ [ -52.09174537495521, -32.037990784879895 ], [ -52.092744081724788, -32.037800800092917 ] ] } },
{ "type": "Feature", "properties": { "tipo": "rua", "nome": "GENERAL ABREU", "drenagem": 0.0, "iluminacao": 1.0, "compriment": 118.01990596884616 }, "geometry": { "type": "MultiLineString", "coordinates": [ [ [ -52.105567089519447, -32.040166444308106 ], [ -52.105640895799624, -32.040197588963316 ] ], [ [ -52.105662591859961, -32.040206744231902 ], [ -52.105721495647231, -32.04023160035716 ] ], [ [ -52.105758094200489, -32.040247044155706 ], [ -52.105842395418641, -32.040282617447929 ] ], [ [ -52.105853596541024, -32.040287344079509 ], [ -52.106043895037658, -32.040367645932548 ] ], [ [ -52.106044601222088, -32.040367943927116 ], [ -52.106124494885265, -32.040401657326392 ] ], [ [ -52.106140103562623, -32.040408243850919 ], [ -52.106164794809068, -32.040418663023317 ] ] ] } },
{ "type": "Feature", "properties": { "tipo": "rua", "nome": "DOM BOSCO", "drenagem": 1.0, "iluminacao": 1.0, "compriment": 59.730653211346976 }, "geometry": { "type": "MultiLineString", "coordinates": [ [ [ -52.128213258374828, -32.047742829983051 ], [ -52.128249153053069, -32.04775869778377 ] ], [ [ -52.128304421153068, -32.047783129906854 ], [ -52.128329752900669, -32.047794328199814 ] ], [ [ -52.128395583931308, -32.047823429830657 ], [ -52.128466278485639, -32.047854681457778 ] ] ] } },
{ "type": "Feature", "properties": { "tipo": "rua", "nome": "DOM BOSCO", "drenagem": 1.0, "iluminacao": 1.0, "compriment": 62.721862531064296 }, "geometry": { "type": "MultiLineString", "coordinates": [ [ [ -52.128577793859222, -32.047904029678264 ], [ -52.128652152291096, -32.04793701607008 ] ], [ [ -52.128668638567419, -32.047944329602068 ], [ -52.128732752138703, -32.047972771237127 ] ], [ [ -52.128759483275608, -32.047984629525871 ], [ -52.129133780061892, -32.048150672570834 ] ] ] } },
{ "type": "Feature", "properties": { "tipo": "rua", "nome": "ANTONIO RIBEIRO CARDOSO", "drenagem": 1.0, "iluminacao": 1.0, "compriment": 35.447959873170376 }, "geometry": { "type": "MultiLineString", "coordinates": [ [ [ -52.130218209358517, -32.047207986773252 ], [ -52.130095272022778, -32.047420430592631 ] ], [ [ -52.130071951197166, -32.047460730516434 ], [ -52.130052278995031, -32.047494725378392 ] ] ] } },
{ "type": "Feature", "properties": { "tipo": "rua", "nome": "AUGUSTE SAINT HILAIRE", "drenagem": 0.0, "iluminacao": 1.0, "compriment": 98.388511982153673 }, "geometry": { "type": "MultiLineString", "coordinates": [ [ [ -52.130521818617169, -32.045691550813018 ], [ -52.130193624559787, -32.04629203272615 ] ], [ [ -52.130188362903546, -32.046301659742042 ], [ -52.130082175604109, -32.046495945870277 ] ] ] } },
{ "type": "Feature", "properties": { "tipo": "rua", "nome": "AUGUSTE SAINT HILAIRE", "drenagem": 0.0, "iluminacao": 1.0, "compriment": 102.23747832343602 }, "geometry": { "type": "LineString", "coordinates": [ [ -52.130082175604109, -32.046495945870277 ], [ -52.129619561115362, -32.047259230897417 ] ] } },
{ "type": "Feature", "properties": { "tipo": "rua", "nome": "AUGUSTE SAINT HILAIRE", "drenagem": 0.0, "iluminacao": 1.0, "compriment": 101.99777553962012 }, "geometry": { "type": "MultiLineString", "coordinates": [ [ [ -52.12957905053856, -32.047327379897879 ], [ -52.129158195397522, -32.048105529297281 ] ], [ [ -52.129136399544279, -32.048145829221077 ], [ -52.129133780061892, -32.048150672570834 ] ] ] } },
{ "type": "Feature", "properties": { "tipo": "rua", "nome": "DOUTOR GUILHERME SCHULTZ FILHO", "drenagem": 1.0, "iluminacao": 1.0, "compriment": 101.78121404651792 }, "geometry": { "type": "LineString", "coordinates": [ [ -52.128249153053069, -32.044741949858135 ], [ -52.128176193889445, -32.044869550241103 ] ] } },
{ "type": "Feature", "properties": { "tipo": "rua", "nome": "DOS DRAGOES", "drenagem": 0.0, "iluminacao": 1.0, "compriment": 164.96468321929274 }, "geometry": { "type": "MultiLineString", "coordinates": [ [ [ -52.123664845402971, -32.053022120001238 ], [ -52.123074248441796, -32.054069918020112 ] ], [ [ -52.123050462882489, -32.054112116784346 ], [ -52.122937956835372, -32.054311717562925 ] ] ] } },
{ "type": "Feature", "properties": { "tipo": "rua", "nome": "ALVARES CABRAL", "drenagem": 0.0, "iluminacao": 1.0, "compriment": 99.6 }, "geometry": { "type": "LineString", "coordinates": [ [ -52.130275759235992, -32.042574762557862 ], [ -52.129861150005183, -32.043320153057202 ] ] } },
{ "type": "Feature", "properties": { "tipo": "rua", "nome": "ALVARES CABRAL", "drenagem": 0.0, "iluminacao": 1.0, "compriment": 99.78 }, "geometry": { "type": "MultiLineString", "coordinates": [ [ [ -52.129821889143649, -32.043390438212334 ], [ -52.12982085008138, -32.043392167738183 ] ], [ [ -52.129797677808355, -32.043430738136138 ], [ -52.129400758026108, -32.044091413674579 ] ] ] } },
{ "type": "Feature", "properties": { "tipo": "rua", "nome": "ALVARES CABRAL", "drenagem": 0.0, "iluminacao": 1.0, "compriment": 98.84 }, "geometry": { "type": "LineString", "coordinates": [ [ -52.129052327679815, -32.044639735850225 ], [ -52.128840035489482, -32.044969967361936 ] ] } },
{ "type": "Feature", "properties": { "tipo": "rua", "nome": "ALVARES CABRAL", "drenagem": 1.0, "iluminacao": 1.0, "compriment": 101.31 }, "geometry": { "type": "MultiLineString", "coordinates": [ [ [ -52.128840035489482, -32.044969967361936 ], [ -52.128531252519686, -32.045493548888373 ] ], [ [ -52.128511917349677, -32.045526334173893 ], [ -52.12848815041076, -32.045566634097696 ] ], [ [ -52.128464383471851, -32.0456069340215 ], [ -52.128450652672079, -32.045630216371258 ] ], [ [ -52.128416849594025, -32.045687533869099 ], [ -52.128412286905601, -32.045695270498399 ] ] ] } },
{ "type": "Feature", "properties": { "tipo": "rua", "nome": "COMENDADOR HENRIQUE PANCADA", "drenagem": 0.0, "iluminacao": 1.0, "compriment": 50.542837418998822 }, "geometry": { "type": "MultiLineString", "coordinates": [ [ [ -52.134432612742998, -32.045139561769162 ], [ -52.134608243382999, -32.045244234707269 ] ], [ [ -52.13465684093773, -32.045273198040995 ], [ -52.134675862593248, -32.045284534631072 ] ], [ [ -52.134763579775687, -32.045336812611772 ], [ -52.13483520643971, -32.045379500911324 ] ] ] } },
{ "type": "Feature", "properties": { "tipo": "rua", "nome": "COMENDADOR HENRIQUE PANCADA", "drenagem": 1.0, "iluminacao": 1.0, "compriment": 127.44351228213979 }, "geometry": { "type": "LineString", "coordinates": [ [ -52.139095390299097, -32.046917380717147 ], [ -52.140431752333463, -32.047076731518892 ] ] } },
{ "type": "Feature", "properties": { "tipo": "rua", "nome": "MANOEL VILMAR RODRIGUES  ROLDÃO", "drenagem": 0.0, "iluminacao": 1.0, "compriment": 161.11594714907935 }, "geometry": { "type": "LineString", "coordinates": [ [ -52.142072026917468, -32.063064240965844 ], [ -52.142061169717074, -32.063056801028161 ] ] } },
{ "type": "Feature", "properties": { "tipo": "rua", "nome": "SATURNINO DE BRITTO", "drenagem": 0.0, "iluminacao": 1.0, "compriment": 87.801692484558316 }, "geometry": { "type": "MultiLineString", "coordinates": [ [ [ -52.152305283080395, -32.04940088316944 ], [ -52.152267723034463, -32.049475726706575 ] ], [ [ -52.152240946629561, -32.049529082361616 ], [ -52.151939893247388, -32.050128972468983 ] ] ] } },
{ "type": "Feature", "properties": { "tipo": "rua", "nome": "ALBERTO DE OLIVEIRA", "drenagem": 0.0, "iluminacao": 1.0, "compriment": 71.567343322682731 }, "geometry": { "type": "LineString", "coordinates": [ [ -52.158290336636171, -32.052925720160403 ], [ -52.157948434920954, -32.053501704412383 ] ] } },
{ "type": "Feature", "properties": { "tipo": "rua", "nome": "ALBERTO DE OLIVEIRA", "drenagem": 0.0, "iluminacao": 1.0, "compriment": 51.933390407168005 }, "geometry": { "type": "LineString", "coordinates": [ [ -52.15712295642092, -32.055067887152703 ], [ -52.157103898495961, -32.055104212136847 ] ] } },
{ "type": "Feature", "properties": { "tipo": "rua", "nome": "CRISTOVAO PEREIRA", "drenagem": 1.0, "iluminacao": 1.0, "compriment": 112.60682840662135 }, "geometry": { "type": "MultiLineString", "coordinates": [ [ [ -52.15460530322018, -32.05333585939151 ], [ -52.154645603143983, -32.053349545564238 ] ], [ [ -52.154726202991583, -32.053376917909695 ], [ -52.154749469251378, -32.053384819315461 ] ], [ [ -52.15480680283919, -32.053404290255152 ], [ -52.154868135286861, -32.053425119239265 ] ], [ [ -52.1549277026106, -32.053445348773337 ], [ -52.155007146362699, -32.053472328499616 ] ], [ [ -52.15504860238201, -32.053486407291523 ], [ -52.155105467357821, -32.053505719086871 ] ], [ [ -52.155129202229617, -32.05351377963698 ], [ -52.155229107428319, -32.053547708232294 ] ] ] } },
{ "type": "Feature", "properties": { "tipo": "rua", "nome": "CRISTOVAO PEREIRA", "drenagem": 1.0, "iluminacao": 1.0, "compriment": 110.17380292750195 }, "geometry": { "type": "LineString", "coordinates": [ [ -52.156390175126013, -32.054020815732258 ], [ -52.157462692325325, -32.054411774783588 ] ] } },
{ "type": "Feature", "properties": { "tipo": "rua", "nome": "CRISTOVAO PEREIRA", "drenagem": 1.0, "iluminacao": 1.0, "compriment": 50.154179280147645 }, "geometry": { "type": "MultiLineString", "coordinates": [ [ [ -52.159802844922581, -32.055278915734199 ], [ -52.159803993390753, -32.055279304948492 ] ], [ [ -52.159921759311032, -32.055319215658002 ], [ -52.159924893162163, -32.055320277715872 ] ], [ [ -52.160119620260041, -32.05538627046333 ], [ -52.160159588087943, -32.055399815505609 ] ] ] } },
{ "type": "Feature", "properties": { "tipo": "rua", "nome": "CRISTOVAO PEREIRA", "drenagem": 1.0, "iluminacao": 1.0, "compriment": 78.384948264967491 }, "geometry": { "type": "LineString", "coordinates": [ [ -52.16073731556461, -32.055595603562899 ], [ -52.161515618221422, -32.055841252133199 ] ] } },
{ "type": "Feature", "properties": { "tipo": "rua", "nome": "TORQUATO PONTES", "drenagem": 0.0, "iluminacao": 1.0, "compriment": 90.544818851249858 }, "geometry": { "type": "LineString", "coordinates": [ [ -52.168357028624349, -32.059714106425005 ], [ -52.168790621669331, -32.058985820816602 ] ] } },
{ "type": "Feature", "properties": { "tipo": "rua", "nome": "ILHA DA TRINDADE", "drenagem": 0.0, "iluminacao": 1.0, "compriment": 65.695533139810649 }, "geometry": { "type": "MultiLineString", "coordinates": [ [ [ -52.130218209358517, -32.047207986773252 ], [ -52.130351258355383, -32.047259230897417 ] ], [ [ -52.13038504901462, -32.047272245446784 ], [ -52.130455892096776, -32.047299530821221 ] ], [ [ -52.130465648862227, -32.047303288661652 ], [ -52.13056052583817, -32.047339830745024 ] ], [ [ -52.130592755249161, -32.047352243976071 ], [ -52.130852016042951, -32.047452098861271 ] ] ] } },
{ "type": "Feature", "properties": { "tipo": "travessa", "nome": "PRESIDENTE KENNEDY", "drenagem": 1.0, "iluminacao": 1.0, "compriment": 112.74500730709813 }, "geometry": { "type": "LineString", "coordinates": [ [ -52.105486998408082, -32.032388559014137 ], [ -52.105479350620961, -32.032428858937941 ] ] } },
{ "type": "Feature", "properties": { "tipo": "rua", "nome": "VALPORTO", "drenagem": 1.0, "iluminacao": 1.0, "compriment": 61.17197054688851 }, "geometry": { "type": "LineString", "coordinates": [ [ -52.092283552748256, -32.042268638313203 ], [ -52.092917484593741, -32.0421556326041 ] ] } },
{ "type": "Feature", "properties": { "tipo": "rua", "nome": "VALPORTO", "drenagem": 1.0, "iluminacao": 1.0, "compriment": 152.55417003970419 }, "geometry": { "type": "LineString", "coordinates": [ [ -52.093297700723035, -32.042085845825333 ], [ -52.094877250767219, -32.041798462865842 ] ] } },
{ "type": "Feature", "properties": { "tipo": "rua", "nome": "VALPORTO", "drenagem": 1.0, "iluminacao": 1.0, "compriment": 35.711823058104471 }, "geometry": { "type": "LineString", "coordinates": [ [ -52.094877250767219, -32.041798462865842 ], [ -52.095247559215814, -32.041733412034034 ] ] } },
{ "type": "Feature", "properties": { "tipo": "rua", "nome": "VALPORTO", "drenagem": 1.0, "iluminacao": 1.0, "compriment": 44.877199431173757 }, "geometry": { "type": "LineString", "coordinates": [ [ -52.095247559215814, -32.041733412034034 ], [ -52.095711843529635, -32.04164739345704 ] ] } },
{ "type": "Feature", "properties": { "tipo": "rua", "nome": "VALPORTO", "drenagem": 1.0, "iluminacao": 1.0, "compriment": 73.543737516640647 }, "geometry": { "type": "LineString", "coordinates": [ [ -52.09647967615868, -32.041500414906551 ], [ -52.097241723621082, -32.041364197006409 ] ] } },
{ "type": "Feature", "properties": { "tipo": "rua", "nome": "VALPORTO", "drenagem": 1.0, "iluminacao": 1.0, "compriment": 61.570938750216641 }, "geometry": { "type": "LineString", "coordinates": [ [ -52.097241723621082, -32.041364197006409 ], [ -52.097879184027008, -32.041248040270268 ] ] } },
{ "type": "Feature", "properties": { "tipo": "rua", "nome": "VALPORTO", "drenagem": 1.0, "iluminacao": 1.0, "compriment": 60.729308297880031 }, "geometry": { "type": "LineString", "coordinates": [ [ -52.097879184027008, -32.041248040270268 ], [ -52.098506873896248, -32.041129344202581 ] ] } },
{ "type": "Feature", "properties": { "tipo": "rua", "nome": "VALPORTO", "drenagem": 1.0, "iluminacao": 1.0, "compriment": 65.260809655400948 }, "geometry": { "type": "LineString", "coordinates": [ [ -52.098593389986725, -32.041114438272871 ], [ -52.098830208676937, -32.041071582424159 ] ] } },
{ "type": "Feature", "properties": { "tipo": "rua", "nome": "VALPORTO", "drenagem": 1.0, "iluminacao": 1.0, "compriment": 70.820541807926688 }, "geometry": { "type": "LineString", "coordinates": [ [ -52.099595907229187, -32.040933421461617 ], [ -52.099603021261643, -32.040932142860356 ] ] } },
{ "type": "Feature", "properties": { "tipo": "rua", "nome": "MARECHAL ANDREA", "drenagem": 1.0, "iluminacao": 1.0, "compriment": 47.693882545295509 }, "geometry": { "type": "LineString", "coordinates": [ [ -52.084139759519893, -32.03129615961317 ], [ -52.084642424171854, -32.031336637070041 ] ] } },
{ "type": "Feature", "properties": { "tipo": "rua", "nome": "MARECHAL ANDREA", "drenagem": 1.0, "iluminacao": 1.0, "compriment": 71.974050523906584 }, "geometry": { "type": "LineString", "coordinates": [ [ -52.084642424171854, -32.031336637070041 ], [ -52.085398912924383, -32.03141417534021 ] ] } },
{ "type": "Feature", "properties": { "tipo": "rua", "nome": "MARECHAL ANDREA", "drenagem": 1.0, "iluminacao": 1.0, "compriment": 128.30102799530655 }, "geometry": { "type": "LineString", "coordinates": [ [ -52.085398912924383, -32.03141417534021 ], [ -52.086748575869557, -32.03154404222375 ] ] } },
{ "type": "Feature", "properties": { "tipo": "rua", "nome": "MARECHAL ANDREA", "drenagem": 0.0, "iluminacao": 1.0, "compriment": 127.82865962811861 }, "geometry": { "type": "LineString", "coordinates": [ [ -52.086748575869557, -32.03154404222375 ], [ -52.088095137001652, -32.031658489744238 ] ] } },
{ "type": "Feature", "properties": { "tipo": "rua", "nome": "MARECHAL ANDREA", "drenagem": 0.0, "iluminacao": 1.0, "compriment": 14.320646388248511 }, "geometry": { "type": "LineString", "coordinates": [ [ -52.088095137001652, -32.031658489744238 ], [ -52.088246604666431, -32.031663972539434 ] ] } },
{ "type": "Feature", "properties": { "tipo": "rua", "nome": "PROFESSOR ANTENOR MONTEIRO", "drenagem": 1.0, "iluminacao": 1.0, "compriment": 128.00781698620941 }, "geometry": { "type": "MultiLineString", "coordinates": [ [ [ -52.084506422601777, -32.038191748041761 ], [ -52.084517097294956, -32.038232047965565 ] ], [ [ -52.084523735726897, -32.038257109885109 ], [ -52.0845384466813, -32.038312647813171 ] ], [ [ -52.0845640356507, -32.038409253261214 ], [ -52.084570470760831, -32.038433547584575 ] ], [ [ -52.084602494840354, -32.038554447355985 ], [ -52.084715243685665, -32.03898010548032 ] ] ] } },
{ "type": "Feature", "properties": { "tipo": "rua", "nome": "PROFESSOR ANTENOR MONTEIRO", "drenagem": 1.0, "iluminacao": 1.0, "compriment": 199.30628303744979 }, "geometry": { "type": "LineString", "coordinates": [ [ -52.084715243685665, -32.03898010548032 ], [ -52.084780716389822, -32.039239546060635 ] ] } },
{ "type": "Feature", "properties": { "tipo": "rua", "nome": "PROFESSOR ANTENOR MONTEIRO", "drenagem": 1.0, "iluminacao": 1.0, "compriment": 191.51691739370233 }, "geometry": { "type": "MultiLineString", "coordinates": [ [ [ -52.085316833839947, -32.041294842174587 ], [ -52.085342821210013, -32.041402135487616 ] ], [ [ -52.085355877802847, -32.041456041869793 ], [ -52.085604680816047, -32.042483267768858 ] ] ] } },
{ "type": "Feature", "properties": { "tipo": "rua", "nome": "DEPUTADO FERNANDO FERRARI", "drenagem": 1.0, "iluminacao": 1.0, "compriment": 144.70316919111829 }, "geometry": { "type": "LineString", "coordinates": [ [ -52.085099924064764, -32.037466349413307 ], [ -52.085161365834807, -32.037716406701755 ] ] } },
{ "type": "Feature", "properties": { "tipo": "rua", "nome": "EDGAR FONTOURA", "drenagem": 1.0, "iluminacao": 1.0, "compriment": 47.146324465844295 }, "geometry": { "type": "LineString", "coordinates": [ [ -52.08485388509046, -32.037773248857441 ], [ -52.08490475339859, -32.037763845266909 ] ] } },
{ "type": "Feature", "properties": { "tipo": "rua", "nome": "EDGAR FONTOURA", "drenagem": 1.0, "iluminacao": 1.0, "compriment": 24.802428638012984 }, "geometry": { "type": "MultiLineString", "coordinates": [ [ [ -52.08490475339859, -32.037763845266909 ], [ -52.084988038050227, -32.037748448879924 ] ], [ [ -52.085047634736334, -32.037737431560117 ], [ -52.085161365834807, -32.037716406701755 ] ] ] } },
{ "type": "Feature", "properties": { "tipo": "rua", "nome": "ALIPIO CADAVAL", "drenagem": 1.0, "iluminacao": 1.0, "compriment": 169.40271781507545 }, "geometry": { "type": "MultiLineString", "coordinates": [ [ [ -52.080896742584635, -32.048085959298291 ], [ -52.080905087760918, -32.048105529297281 ] ], [ [ -52.080937042508438, -32.04818046532683 ], [ -52.08093945771347, -32.048186129144881 ] ], [ [ -52.080956642689749, -32.048226429068684 ], [ -52.081347646789105, -32.049143359948062 ] ] ] } },
{ "type": "Feature", "properties": { "tipo": "rua", "nome": "DOS TUPIS", "drenagem": 1.0, "iluminacao": 1.0, "compriment": 62.358410345799768 }, "geometry": { "type": "MultiLineString", "coordinates": [ [ [ -52.080292243727591, -32.046232526426309 ], [ -52.080332543651394, -32.046223122679663 ] ], [ [ -52.080372843575198, -32.046213718933011 ], [ -52.080794354152403, -32.046115361956019 ] ] ] } },
{ "type": "Feature", "properties": { "tipo": "rua", "nome": "DOS TUPIS", "drenagem": 1.0, "iluminacao": 1.0, "compriment": 37.293627119434127 }, "geometry": { "type": "LineString", "coordinates": [ [ -52.080794354152403, -32.046115361956019 ], [ -52.081173942137035, -32.046022709542413 ] ] } },
{ "type": "Feature", "properties": { "tipo": "rua", "nome": "DOS TUPIS", "drenagem": 1.0, "iluminacao": 1.0, "compriment": 64.284656287649767 }, "geometry": { "type": "LineString", "coordinates": [ [ -52.081173942137035, -32.046022709542413 ], [ -52.08182847488515, -32.045863659502139 ] ] } },
{ "type": "Feature", "properties": { "tipo": "rua", "nome": "DOS TUPIS", "drenagem": 0.0, "iluminacao": 1.0, "compriment": 64.739974400007625 }, "geometry": { "type": "LineString", "coordinates": [ [ -52.08182847488515, -32.045863659502139 ], [ -52.082489567896616, -32.045709346809346 ] ] } },
{ "type": "Feature", "properties": { "tipo": "rua", "nome": "DOS TUPIS", "drenagem": 1.0, "iluminacao": 1.0, "compriment": 65.426097357733298 }, "geometry": { "type": "MultiLineString", "coordinates": [ [ [ -52.082489567896616, -32.045709346809346 ], [ -52.082589339384356, -32.04568468630287 ] ], [ [ -52.082629639308159, -32.045674725375619 ], [ -52.082866860089773, -32.04561609154392 ] ], [ [ -52.082903909597931, -32.0456069340215 ], [ -52.082952038698579, -32.045595037957554 ] ], [ [ -52.083066955047066, -32.045566634097696 ], [ -52.083072938469989, -32.04556515517578 ] ], [ [ -52.083113238393793, -32.045555194248522 ], [ -52.083154853877588, -32.045544908154461 ] ] ] } },
{ "type": "Feature", "properties": { "tipo": "rua", "nome": "GENERAL FLORES DA CUNHA", "drenagem": 1.0, "iluminacao": 1.0, "compriment": 171.21349319892892 }, "geometry": { "type": "LineString", "coordinates": [ [ -52.081173942137035, -32.046022709542413 ], [ -52.081567467683435, -32.047501030440237 ] ] } },
{ "type": "Feature", "properties": { "tipo": "rua", "nome": "GENERAL FLORES DA CUNHA", "drenagem": 1.0, "iluminacao": 1.0, "compriment": 78.842964286339679 }, "geometry": { "type": "LineString", "coordinates": [ [ -52.081805566724491, -32.048329502338873 ], [ -52.081990809576887, -32.049022793528856 ] ] } },
{ "type": "Feature", "properties": { "tipo": "rua", "nome": "SAO FRANCISCO DE ASSIS", "drenagem": 1.0, "iluminacao": 1.0, "compriment": 92.073886385272701 }, "geometry": { "type": "LineString", "coordinates": [ [ -52.082940190649886, -32.047346923016001 ], [ -52.083131610154972, -32.048056786716252 ] ] } },
{ "type": "Feature", "properties": { "tipo": "rua", "nome": "SAO FRANCISCO DE ASSIS", "drenagem": 1.0, "iluminacao": 1.0, "compriment": 78.730782066713999 }, "geometry": { "type": "LineString", "coordinates": [ [ -52.083131610154972, -32.048056786716252 ], [ -52.083307103868165, -32.048750880437744 ] ] } },
{ "type": "Feature", "properties": { "tipo": "rua", "nome": "RUY BARBOSA", "drenagem": 1.0, "iluminacao": 1.0, "compriment": 183.94832071721342 }, "geometry": { "type": "LineString", "coordinates": [ [ -52.084451916440159, -32.045236544784444 ], [ -52.084464993651231, -32.045284534631072 ] ] } },
{ "type": "Feature", "properties": { "tipo": "rua", "nome": "CAPITAO LEMOS FARIA", "drenagem": 0.0, "iluminacao": 1.0, "compriment": 104.79830007834668 }, "geometry": { "type": "LineString", "coordinates": [ [ -52.092374890222388, -32.043306718029662 ], [ -52.092449336607949, -32.044249674475175 ] ] } },
{ "type": "Feature", "properties": { "tipo": "rua", "nome": "CAPITAO LEMOS FARIA", "drenagem": 0.0, "iluminacao": 1.0, "compriment": 113.08521181804872 }, "geometry": { "type": "LineString", "coordinates": [ [ -52.092449336607949, -32.044249674475175 ], [ -52.092535356310236, -32.045266857692937 ] ] } },
{ "type": "Feature", "properties": { "tipo": "rua", "nome": "CAPITAO LEMOS FARIA", "drenagem": 1.0, "iluminacao": 1.0, "compriment": 109.76419599658026 }, "geometry": { "type": "LineString", "coordinates": [ [ -52.092535356310236, -32.045266857692937 ], [ -52.092607699010301, -32.04625480700507 ] ] } },
{ "type": "Feature", "properties": { "tipo": "rua", "nome": "CAPITAO LEMOS FARIA", "drenagem": 1.0, "iluminacao": 1.0, "compriment": 281.55603783550202 }, "geometry": { "type": "LineString", "coordinates": [ [ -52.092607699010301, -32.04625480700507 ], [ -52.092833438419014, -32.048786628322866 ] ] } },
{ "type": "Feature", "properties": { "tipo": "rua", "nome": "DOUTORA RITA LOBATO", "drenagem": 1.0, "iluminacao": 1.0, "compriment": 115.07732483342566 }, "geometry": { "type": "LineString", "coordinates": [ [ -52.092917484593741, -32.0421556326041 ], [ -52.092979390069928, -32.043192076141317 ] ] } },
{ "type": "Feature", "properties": { "tipo": "rua", "nome": "DOUTORA RITA LOBATO", "drenagem": 1.0, "iluminacao": 1.0, "compriment": 78.769179893388198 }, "geometry": { "type": "LineString", "coordinates": [ [ -52.092994290429154, -32.043466483214068 ], [ -52.093017823780116, -32.044176552066126 ] ] } },
{ "type": "Feature", "properties": { "tipo": "rua", "nome": "DOUTORA RITA LOBATO", "drenagem": 1.0, "iluminacao": 1.0, "compriment": 9.9940383397408699 }, "geometry": { "type": "LineString", "coordinates": [ [ -52.093099425394094, -32.046166960145158 ], [ -52.093105570165768, -32.046256935690238 ] ] } },
{ "type": "Feature", "properties": { "tipo": "rua", "nome": "DOUTORA RITA LOBATO", "drenagem": 1.0, "iluminacao": 1.0, "compriment": 282.93306137637967 }, "geometry": { "type": "LineString", "coordinates": [ [ -52.093105570165768, -32.046256935690238 ], [ -52.093268758596594, -32.048804676539042 ] ] } },
{ "type": "Feature", "properties": { "tipo": "rua", "nome": "LINO NEVES", "drenagem": 1.0, "iluminacao": 1.0, "compriment": 72.880128544119358 }, "geometry": { "type": "LineString", "coordinates": [ [ -52.100176460367905, -32.041692057605587 ], [ -52.100314662127396, -32.042338673605485 ] ] } },
{ "type": "Feature", "properties": { "tipo": "rua", "nome": "LINO NEVES", "drenagem": 0.0, "iluminacao": 1.0, "compriment": 74.9243811958805 }, "geometry": { "type": "LineString", "coordinates": [ [ -52.100314662127396, -32.042338673605485 ], [ -52.10047558515852, -32.043000303769531 ] ] } },
{ "type": "Feature", "properties": { "tipo": "rua", "nome": "LINO NEVES", "drenagem": 0.0, "iluminacao": 1.0, "compriment": 38.463830561336081 }, "geometry": { "type": "LineString", "coordinates": [ [ -52.10047558515852, -32.043000303769531 ], [ -52.100556760589001, -32.043340215362136 ] ] } },
{ "type": "Feature", "properties": { "tipo": "rua", "nome": "FIRMEZA", "drenagem": 0.0, "iluminacao": 1.0, "compriment": 140.65239920801113 }, "geometry": { "type": "MultiLineString", "coordinates": [ [ [ -52.100182705560577, -32.041663975589366 ], [ -52.100281005933837, -32.04164917243002 ] ], [ [ -52.100361605781444, -32.041637034811941 ], [ -52.100493042829214, -32.041617241565007 ] ], [ [ -52.100684005171871, -32.041588484339641 ], [ -52.100760654455875, -32.041576941641203 ] ], [ [ -52.100925804714684, -32.041552071485413 ], [ -52.100966104638488, -32.041546002676377 ] ] ] } },
{ "type": "Feature", "properties": { "tipo": "rua", "nome": "AMERICO VESPUCIO", "drenagem": 1.0, "iluminacao": 1.0, "compriment": 33.481398989977322 }, "geometry": { "type": "LineString", "coordinates": [ [ -52.094822432317294, -32.044707773397086 ], [ -52.095169970529163, -32.044648235717979 ] ] } },
{ "type": "Feature", "properties": { "tipo": "rua", "nome": "AMERICO VESPUCIO", "drenagem": 1.0, "iluminacao": 1.0, "compriment": 120.39286246047742 }, "geometry": { "type": "LineString", "coordinates": [ [ -52.095169970529163, -32.044648235717979 ], [ -52.096414291447417, -32.044412587309594 ] ] } },
{ "type": "Feature", "properties": { "tipo": "rua", "nome": "MARTIN AFONSO DE SOUZA", "drenagem": 0.0, "iluminacao": 1.0, "compriment": 126.27311907580544 }, "geometry": { "type": "LineString", "coordinates": [ [ -52.096429534953494, -32.043740271663253 ], [ -52.097735053323959, -32.043494785904741 ] ] } },
{ "type": "Feature", "properties": { "tipo": "avenida", "nome": "ALMIRANTE TAMANDARE", "drenagem": 0.0, "iluminacao": 1.0, "compriment": 42.077088310752877 }, "geometry": { "type": "LineString", "coordinates": [ [ -52.096353577692085, -32.046993705095105 ], [ -52.096338211423898, -32.047372936316386 ] ] } },
{ "type": "Feature", "properties": { "tipo": "rua", "nome": "GENERAL BERTOLDO KLINGER", "drenagem": 1.0, "iluminacao": 1.0, "compriment": 42.709024858536175 }, "geometry": { "type": "LineString", "coordinates": [ [ -52.094804843361352, -32.045259566942597 ], [ -52.094791464264517, -32.045644554316603 ] ] } },
{ "type": "Feature", "properties": { "tipo": "rua", "nome": "GENERAL BERTOLDO KLINGER", "drenagem": 1.0, "iluminacao": 1.0, "compriment": 43.684877553636461 }, "geometry": { "type": "LineString", "coordinates": [ [ -52.094791464264517, -32.045644554316603 ], [ -52.094785697967211, -32.046038480039734 ] ] } },
{ "type": "Feature", "properties": { "tipo": "rua", "nome": "GENERAL BERTOLDO KLINGER", "drenagem": 1.0, "iluminacao": 1.0, "compriment": 47.692281461368573 }, "geometry": { "type": "LineString", "coordinates": [ [ -52.094785697967211, -32.046038480039734 ], [ -52.094775302466388, -32.04646848453261 ] ] } },
{ "type": "Feature", "properties": { "tipo": "rua", "nome": "GENERAL BERTOLDO KLINGER", "drenagem": 1.0, "iluminacao": 1.0, "compriment": 41.928016007051497 }, "geometry": { "type": "LineString", "coordinates": [ [ -52.094766570274288, -32.046847742949161 ], [ -52.09477021276733, -32.047225842865167 ] ] } },
{ "type": "Feature", "properties": { "tipo": "rua", "nome": "GENERAL BERTOLDO KLINGER", "drenagem": 1.0, "iluminacao": 1.0, "compriment": 23.359453045212685 }, "geometry": { "type": "LineString", "coordinates": [ [ -52.09477021276733, -32.047225842865167 ], [ -52.094784157597928, -32.047436166550327 ] ] } },
{ "type": "Feature", "properties": { "tipo": "rua", "nome": "DOUTOR LAZARO LUDOVICO ZAMENHOF", "drenagem": 1.0, "iluminacao": 1.0, "compriment": 44.778148991190527 }, "geometry": { "type": "LineString", "coordinates": [ [ -52.093322632906585, -32.042884446835075 ], [ -52.093340574342136, -32.043287973365977 ] ] } },
{ "type": "Feature", "properties": { "tipo": "rua", "nome": "HONORATO CARVALHO", "drenagem": 0.0, "iluminacao": 1.0, "compriment": 71.418247972594415 }, "geometry": { "type": "MultiLineString", "coordinates": [ [ [ -52.142000038573755, -32.049588413741674 ], [ -52.142112326841271, -32.049637953141854 ] ], [ [ -52.142152626765075, -32.049655732684606 ], [ -52.142201345233616, -32.049677226325592 ] ], [ [ -52.142475382178461, -32.049798126097002 ], [ -52.142515326079298, -32.049815748569344 ] ], [ [ -52.142574140746888, -32.04984169645703 ], [ -52.142658073475026, -32.049878725944609 ] ] ] } },
{ "type": "Feature", "properties": { "tipo": "travessa", "nome": "BRAILE", "drenagem": 1.0, "iluminacao": 1.0, "compriment": 54.465671974376043 }, "geometry": { "type": "LineString", "coordinates": [ [ -52.09287155522032, -32.041454898361607 ], [ -52.093304098631179, -32.04177973533087 ] ] } },
{ "type": "Feature", "properties": { "tipo": "rua", "nome": "APARICIO TORELLY", "drenagem": 0.0, "iluminacao": 1.0, "compriment": 248.17128120027942 }, "geometry": { "type": "LineString", "coordinates": [ [ -52.166847876852337, -32.059994006819139 ], [ -52.167938662166549, -32.058132748445381 ] ] } },
{ "type": "Feature", "properties": { "tipo": "rua", "nome": "DOUTOR LAZARO LUDOVICO ZAMENHOF", "drenagem": 1.0, "iluminacao": 1.0, "compriment": 20.005275767069328 }, "geometry": { "type": "LineString", "coordinates": [ [ -52.093340574342136, -32.043287973365977 ], [ -52.093339822864372, -32.043468382676735 ] ] } },
{ "type": "Feature", "properties": { "tipo": "rua", "nome": "DOUTOR LAZARO LUDOVICO ZAMENHOF", "drenagem": 1.0, "iluminacao": 1.0, "compriment": 43.956022420284683 }, "geometry": { "type": "LineString", "coordinates": [ [ -52.093339021538064, -32.043660761882734 ], [ -52.093353252572214, -32.044056978201439 ] ] } },
{ "type": "Feature", "properties": { "tipo": "avenida", "nome": "DOM PEDRO II", "drenagem": 1.0, "iluminacao": 1.0, "compriment": 49.020901711835037 }, "geometry": { "type": "LineString", "coordinates": [ [ -52.087350990276128, -32.034851920800186 ], [ -52.086843922950358, -32.03494607320755 ] ] } },
{ "type": "Feature", "properties": { "tipo": "avenida", "nome": "DOM PEDRO II", "drenagem": 1.0, "iluminacao": 1.0, "compriment": 50.256654054565843 }, "geometry": { "type": "LineString", "coordinates": [ [ -52.086843922950358, -32.03494607320755 ], [ -52.086326102849739, -32.035050217061006 ] ] } },
{ "type": "Feature", "properties": { "tipo": "avenida", "nome": "DOM PEDRO II", "drenagem": 1.0, "iluminacao": 1.0, "compriment": 99.745822496608554 }, "geometry": { "type": "LineString", "coordinates": [ [ -52.086326102849739, -32.035050217061006 ], [ -52.086248045911006, -32.035065527063956 ] ] } },
{ "type": "Feature", "properties": { "tipo": "rua", "nome": "QUINTINO BOCAIUVA", "drenagem": 1.0, "iluminacao": 1.0, "compriment": 72.261012050359412 }, "geometry": { "type": "MultiLineString", "coordinates": [ [ [ -52.154449549118361, -32.050362822349285 ], [ -52.154407593072349, -32.050441030142252 ] ], [ [ -52.154403803601163, -32.050448093872191 ], [ -52.154323203753556, -32.05059833529851 ] ], [ [ -52.154320097988006, -32.050604124573056 ], [ -52.15413157236469, -32.050955544078001 ] ] ] } },
{ "type": "Feature", "properties": { "tipo": "rua", "nome": "GENERAL BOEHM", "drenagem": 0.0, "iluminacao": 1.0, "compriment": 116.05464977015188 }, "geometry": { "type": "MultiLineString", "coordinates": [ [ [ -52.152519491093237, -32.051462458950731 ], [ -52.152596995029995, -32.051490722896723 ] ], [ [ -52.152630606953835, -32.051502980410852 ], [ -52.153649157290332, -32.051874422855001 ] ] ] } },
{ "type": "Feature", "properties": { "tipo": "rua", "nome": "GENERAL BOEHM", "drenagem": 0.0, "iluminacao": 1.0, "compriment": 109.28375933348443 }, "geometry": { "type": "LineString", "coordinates": [ [ -52.153649157290332, -32.051874422855001 ], [ -52.154697149902034, -32.052292329754387 ] ] } },
{ "type": "Feature", "properties": { "tipo": "rua", "nome": "PROFESSOR MANO", "drenagem": 0.0, "iluminacao": 1.0, "compriment": 219.39180497211353 }, "geometry": { "type": "MultiLineString", "coordinates": [ [ [ -52.166292281123027, -32.05755362394499 ], [ -52.166251981199224, -32.057613613279862 ] ], [ [ -52.166208486175819, -32.057678358750273 ], [ -52.166171381351617, -32.057733591949599 ] ], [ [ -52.166141877194072, -32.057777511009981 ], [ -52.166131081427814, -32.057793581284471 ] ] ] } },
{ "type": "Feature", "properties": { "tipo": "avenida", "nome": "URUGUAI", "drenagem": 1.0, "iluminacao": 1.0, "compriment": 52.818528984947086 }, "geometry": { "type": "LineString", "coordinates": [ [ -52.132008429993348, -32.049346412873128 ], [ -52.132027998459641, -32.049354826935172 ] ] } },
{ "type": "Feature", "properties": { "tipo": "rua", "nome": "VASCO DA GAMA", "drenagem": 1.0, "iluminacao": 1.0, "compriment": 141.07350863336447 }, "geometry": { "type": "LineString", "coordinates": [ [ -52.096353577692085, -32.046993705095105 ], [ -52.097809340727018, -32.046708763750921 ] ] } },
{ "type": "Feature", "properties": { "tipo": "rua", "nome": "ALMIRANTE AMPHILOQUIO REIS", "drenagem": 0.0, "iluminacao": 1.0, "compriment": 137.74765229936597 }, "geometry": { "type": "LineString", "coordinates": [ [ -52.085112005876624, -32.033595678050425 ], [ -52.086535720283898, -32.033326805541158 ] ] } },
{ "type": "Feature", "properties": { "tipo": "rua", "nome": "HONORATO CARVALHO", "drenagem": 0.0, "iluminacao": 1.0, "compriment": 183.21303481841815 }, "geometry": { "type": "LineString", "coordinates": [ [ -52.139834755867184, -32.048672229347424 ], [ -52.141297375754284, -32.049289566054526 ] ] } },
{ "type": "Feature", "properties": { "tipo": "rua", "nome": "MAJOR MIGUEL PEREIRA", "drenagem": 1.0, "iluminacao": 1.0, "compriment": 60.113948269652589 }, "geometry": { "type": "MultiLineString", "coordinates": [ [ [ -52.093556320416297, -32.04077094316515 ], [ -52.09355091865875, -32.040776332782301 ] ], [ [ -52.093515929714762, -32.040811243088946 ], [ -52.093194517761489, -32.041131932671746 ] ] ] } },
{ "type": "Feature", "properties": { "tipo": "rua", "nome": "MAJOR MIGUEL PEREIRA", "drenagem": 1.0, "iluminacao": 1.0, "compriment": 47.043163334338338 }, "geometry": { "type": "LineString", "coordinates": [ [ -52.093194517761489, -32.041131932671746 ], [ -52.09287155522032, -32.041454898361607 ] ] } },
{ "type": "Feature", "properties": { "tipo": "rua", "nome": "MAJOR MIGUEL PEREIRA", "drenagem": 1.0, "iluminacao": 1.0, "compriment": 76.363178741549575 }, "geometry": { "type": "LineString", "coordinates": [ [ -52.09287155522032, -32.041454898361607 ], [ -52.092308762457456, -32.041949317962498 ] ] } },
{ "type": "Feature", "properties": { "tipo": "rua", "nome": "COMENDADOR FRANCISCO MARQUES", "drenagem": 0.0, "iluminacao": 1.0, "compriment": 93.437468392811354 }, "geometry": { "type": "LineString", "coordinates": [ [ -52.09187962403449, -32.038485864805232 ], [ -52.092116208027164, -32.039304045675912 ] ] } },
{ "type": "Feature", "properties": { "tipo": "rua", "nome": "COMENDADOR FRANCISCO MARQUES", "drenagem": 1.0, "iluminacao": 1.0, "compriment": 27.180714842177064 }, "geometry": { "type": "LineString", "coordinates": [ [ -52.092116208027164, -32.039304045675912 ], [ -52.092078619725484, -32.039547065386564 ] ] } },
{ "type": "Feature", "properties": { "tipo": "rua", "nome": "ALCIDES LIMA FARIA", "drenagem": 1.0, "iluminacao": 1.0, "compriment": 109.71768244912391 }, "geometry": { "type": "LineString", "coordinates": [ [ -52.090562574250406, -32.041427729549007 ], [ -52.090232709711429, -32.042376449127474 ] ] } },
{ "type": "Feature", "properties": { "tipo": "rua", "nome": "SETE DE SETEMBRO", "drenagem": 1.0, "iluminacao": 1.0, "compriment": 45.003474154781181 }, "geometry": { "type": "LineString", "coordinates": [ [ -52.092064360438442, -32.032791558252171 ], [ -52.09207456817974, -32.032831858175967 ] ] } },
{ "type": "Feature", "properties": { "tipo": "rua", "nome": "SETE DE SETEMBRO", "drenagem": 1.0, "iluminacao": 1.0, "compriment": 89.688322296673419 }, "geometry": { "type": "MultiLineString", "coordinates": [ [ [ -52.092140421325652, -32.033090320007297 ], [ -52.092146955568296, -32.033113957642591 ] ], [ [ -52.092180721249449, -32.033236105058904 ], [ -52.09220265688473, -32.033315457261608 ] ], [ [ -52.092221021173252, -32.03338189011054 ], [ -52.092236077674592, -32.033436357033011 ] ], [ [ -52.092261321097055, -32.033527675162183 ], [ -52.092269498464454, -32.033557256804421 ] ], [ [ -52.092280638727743, -32.033597556728225 ], [ -52.092314059517598, -32.033718456499635 ] ], [ [ -52.092341920944662, -32.033819245265455 ], [ -52.09234748030746, -32.033839356271045 ] ] ] } },
{ "type": "Feature", "properties": { "tipo": "rua", "nome": "MARIO RIBEIRO", "drenagem": 0.0, "iluminacao": 1.0, "compriment": 106.87628653953107 }, "geometry": { "type": "MultiLineString", "coordinates": [ [ [ -52.099014258126864, -32.039279845984439 ], [ -52.099024927587095, -32.039320145908242 ] ], [ [ -52.099110283268971, -32.039642545298662 ], [ -52.099112308143553, -32.039650193510425 ] ], [ [ -52.099131622189439, -32.039723145146269 ], [ -52.099174300030384, -32.039884344841482 ] ] ] } },
{ "type": "Feature", "properties": { "tipo": "rua", "nome": "DOUTOR ALVARO COSTA", "drenagem": 0.0, "iluminacao": 1.0, "compriment": 57.446203601877428 }, "geometry": { "type": "LineString", "coordinates": [ [ -52.091198035800879, -32.040561175206108 ], [ -52.090623509061153, -32.040391169627071 ] ] } },
{ "type": "Feature", "properties": { "tipo": "rua", "nome": "DOUTOR ALVARO COSTA", "drenagem": 1.0, "iluminacao": 1.0, "compriment": 48.565682922325067 }, "geometry": { "type": "LineString", "coordinates": [ [ -52.090623509061153, -32.040391169627071 ], [ -52.090137799192576, -32.04024744290264 ] ] } },
{ "type": "Feature", "properties": { "tipo": "rua", "nome": "DOUTOR ALVARO COSTA", "drenagem": 1.0, "iluminacao": 1.0, "compriment": 149.07832237213992 }, "geometry": { "type": "MultiLineString", "coordinates": [ [ [ -52.090137799192576, -32.04024744290264 ], [ -52.089319426659443, -32.040002556324062 ] ], [ [ -52.089238826811837, -32.039978437942622 ], [ -52.08919373447506, -32.039964944689089 ] ], [ [ -52.08907762711663, -32.039930201179743 ], [ -52.089059058451085, -32.039924644765286 ] ], [ [ -52.088997027269023, -32.039906082798304 ], [ -52.088924382427109, -32.039884344841482 ] ] ] } },
{ "type": "Feature", "properties": { "tipo": "rua", "nome": "FRANCISCO CAMPELLO", "drenagem": 1.0, "iluminacao": 1.0, "compriment": 154.36135709398954 }, "geometry": { "type": "LineString", "coordinates": [ [ -52.097519492503586, -32.029296565118962 ], [ -52.099127271514099, -32.029047768584746 ] ] } },
{ "type": "Feature", "properties": { "tipo": "rua", "nome": "FRANCISCO CAMPELLO", "drenagem": 1.0, "iluminacao": 1.0, "compriment": 178.3439522177384 }, "geometry": { "type": "LineString", "coordinates": [ [ -52.099127271514099, -32.029047768584746 ], [ -52.1008476173619, -32.028385255612314 ] ] } },
{ "type": "Feature", "properties": { "tipo": "rua", "nome": "DOUTOR ANTONIO MARIA DA COSTA FREITAS", "drenagem": 0.0, "iluminacao": 1.0, "compriment": 73.803421536376391 }, "geometry": { "type": "LineString", "coordinates": [ [ -52.14377584224124, -32.049417563907078 ], [ -52.143975729848947, -32.049484818713559 ] ] } },
{ "type": "Feature", "properties": { "tipo": "rua", "nome": "IRMA OTILIA", "drenagem": 0.0, "iluminacao": 1.0, "compriment": 99.195982130702006 }, "geometry": { "type": "LineString", "coordinates": [ [ -52.142284148958254, -32.047114034395769 ], [ -52.141936758154863, -32.047958249879152 ] ] } },
{ "type": "Feature", "properties": { "tipo": "rua", "nome": "GENERAL BERTOLDO KLINGER", "drenagem": 1.0, "iluminacao": 1.0, "compriment": 42.063151233704929 }, "geometry": { "type": "LineString", "coordinates": [ [ -52.094775302466388, -32.04646848453261 ], [ -52.094766570274288, -32.046847742949161 ] ] } },
{ "type": "Feature", "properties": { "tipo": "rua", "nome": "GAMAL ABDEL NASSER", "drenagem": 0.0, "iluminacao": 1.0, "compriment": 97.851709772046647 }, "geometry": { "type": "MultiLineString", "coordinates": [ [ [ -52.144029254223462, -32.047681628181287 ], [ -52.14379100062834, -32.048145829221077 ] ], [ [ -52.143770316483092, -32.048186129144881 ], [ -52.143764623717189, -32.048197220636915 ] ], [ [ -52.143687579902121, -32.048347328840094 ], [ -52.143684023869582, -32.048354257230827 ] ], [ [ -52.143646211611632, -32.048427928687701 ], [ -52.143643723945779, -32.048432775527786 ] ] ] } },
{ "type": "Feature", "properties": { "tipo": "rua", "nome": "GAMAL ABDEL NASSER", "drenagem": 0.0, "iluminacao": 1.0, "compriment": 88.546214615771731 }, "geometry": { "type": "MultiLineString", "coordinates": [ [ [ -52.14300892609927, -32.049697228194262 ], [ -52.142977099075189, -32.049757826173199 ] ], [ [ -52.142958625241135, -32.049792999961483 ], [ -52.142955932913083, -32.049798126097002 ] ], [ [ -52.142934766750976, -32.049838426020806 ], [ -52.142913600588869, -32.049878725944609 ] ] ] } },
{ "type": "Feature", "properties": { "tipo": "avenida", "nome": "DOM PEDRO II", "drenagem": 1.0, "iluminacao": 1.0, "compriment": 142.55517072403055 }, "geometry": { "type": "MultiLineString", "coordinates": [ [ [ -52.085853990643017, -32.035007339200085 ], [ -52.085974532983805, -32.034984200001773 ] ], [ [ -52.086055132831405, -32.034968728128199 ], [ -52.086364207971243, -32.034909398344929 ] ] ] } },
{ "type": "Feature", "properties": { "tipo": "rua", "nome": "DOUTOR MARCIANO ESPINDOLA", "drenagem": 1.0, "iluminacao": 1.0, "compriment": 72.242421651957955 }, "geometry": { "type": "MultiLineString", "coordinates": [ [ [ -52.084362536031684, -32.039042620708933 ], [ -52.084402835955487, -32.039035477799153 ] ], [ [ -52.084604335574504, -32.038999763250274 ], [ -52.084715243685665, -32.03898010548032 ] ] ] } },
{ "type": "Feature", "properties": { "tipo": "rua", "nome": "CINCO", "drenagem": 1.0, "iluminacao": 1.0, "compriment": 126.63307304061206 }, "geometry": { "type": "MultiLineString", "coordinates": [ [ [ -52.086114060231345, -32.038707600164237 ], [ -52.086074685602874, -32.038554447355985 ] ], [ [ -52.085863564667534, -32.037733264645595 ], [ -52.085827256852511, -32.037592040612559 ] ] ] } },
{ "type": "Feature", "properties": { "tipo": "rua", "nome": "CINCO", "drenagem": 1.0, "iluminacao": 1.0, "compriment": 147.43495444003148 }, "geometry": { "type": "LineString", "coordinates": [ [ -52.085731183278625, -32.037609984170743 ], [ -52.085658928132382, -32.037103650099084 ] ] } },
{ "type": "Feature", "properties": { "tipo": "avenida", "nome": "URUGUAI", "drenagem": 1.0, "iluminacao": 1.0, "compriment": 66.3 }, "geometry": { "type": "MultiLineString", "coordinates": [ [ [ -52.130036246932953, -32.048508528535308 ], [ -52.1300626496242, -32.048519235032444 ] ], [ [ -52.130135628311578, -32.048548828459111 ], [ -52.130143249471807, -32.048551918899001 ] ] ] } },
{ "type": "Feature", "properties": { "tipo": "rua", "nome": "ANTONIO PEREIRA RODRIGUES", "drenagem": 0.0, "iluminacao": 1.0, "compriment": 98.193592975196879 }, "geometry": { "type": "LineString", "coordinates": [ [ -52.143228852438725, -32.047424805425301 ], [ -52.143074846031858, -32.048145829221077 ] ] } },
{ "type": "Feature", "properties": { "tipo": "rua", "nome": "IRMA OTILIA", "drenagem": 0.0, "iluminacao": 1.0, "compriment": 159.49916678728687 }, "geometry": { "type": "LineString", "coordinates": [ [ -52.141936758154863, -32.047958249879152 ], [ -52.141297375754284, -32.049289566054526 ] ] } },
{ "type": "Feature", "properties": { "tipo": "avenida", "nome": "URUGUAI", "drenagem": 1.0, "iluminacao": 1.0, "compriment": 68.296849642263865 }, "geometry": { "type": "MultiLineString", "coordinates": [ [ [ -52.130232823445461, -32.048589128382915 ], [ -52.13038504901462, -32.048655042402828 ] ], [ [ -52.130418965296492, -32.048669728230522 ], [ -52.130505948786031, -32.048707392280612 ] ], [ [ -52.130512036222008, -32.048710028154325 ], [ -52.130546248709834, -32.048724842239871 ] ], [ [ -52.130605107147524, -32.048750328078128 ], [ -52.130667148481244, -32.048777192117655 ] ], [ [ -52.130698178073025, -32.048790628001925 ], [ -52.130747748328851, -32.048812092036172 ] ], [ [ -52.130788048252647, -32.048829541995431 ], [ -52.130791248998541, -32.048830927925728 ] ] ] } },
{ "type": "Feature", "properties": { "tipo": "avenida", "nome": "URUGUAI", "drenagem": 1.0, "iluminacao": 1.0, "compriment": 54.477677359905222 }, "geometry": { "type": "LineString", "coordinates": [ [ -52.131956746042938, -32.049322786601458 ], [ -52.132008429993348, -32.049346412873128 ] ] } },
{ "type": "Feature", "properties": { "tipo": "rua", "nome": "ALMIRANTE TEIXEIRA", "drenagem": 0.0, "iluminacao": 1.0, "compriment": 91.449556386302447 }, "geometry": { "type": "MultiLineString", "coordinates": [ [ [ -52.17168047024753, -32.060679105523789 ], [ -52.171692470912618, -32.060684806506082 ] ], [ [ -52.171765302275347, -32.060719405447593 ], [ -52.171813370684028, -32.060742240610885 ] ], [ [ -52.171850134303156, -32.060759705371396 ], [ -52.171893970531627, -32.060780530014078 ] ], [ [ -52.172019798358782, -32.060840305219003 ], [ -52.172095470150644, -32.060876253522075 ] ], [ [ -52.172189462414408, -32.06092090506661 ], [ -52.172256669845858, -32.060952832328475 ] ], [ [ -52.172274294442218, -32.060961204990413 ], [ -52.17235688794306, -32.061000441489604 ] ] ] } },
{ "type": "Feature", "properties": { "tipo": "rua", "nome": "ALMIRANTE TEIXEIRA", "drenagem": 0.0, "iluminacao": 1.0, "compriment": 85.986328468783057 }, "geometry": { "type": "LineString", "coordinates": [ [ -52.172538769312474, -32.061086029657211 ], [ -52.172579069236278, -32.061104786238985 ] ] } },
{ "type": "Feature", "properties": { "tipo": "rua", "nome": "DIVO D OLIVEIRA", "drenagem": 0.0, "iluminacao": 1.0, "compriment": 101.12905831708864 }, "geometry": { "type": "LineString", "coordinates": [ [ -52.168357028624349, -32.059714106425005 ], [ -52.169328193376913, -32.060098473282537 ] ] } },
{ "type": "Feature", "properties": { "tipo": "rua", "nome": "JOAO PESSOA", "drenagem": 0.0, "iluminacao": 1.0, "compriment": 176.23582950488606 }, "geometry": { "type": "LineString", "coordinates": [ [ -52.086364207971243, -32.034909398344929 ], [ -52.086535720283898, -32.033326805541158 ] ] } },
{ "type": "Feature", "properties": { "tipo": "rua", "nome": "JOAO PESSOA", "drenagem": 1.0, "iluminacao": 1.0, "compriment": 198.70580734034232 }, "geometry": { "type": "LineString", "coordinates": [ [ -52.086535720283898, -32.033326805541158 ], [ -52.086748575869557, -32.03154404222375 ] ] } },
{ "type": "Feature", "properties": { "tipo": "rua", "nome": "GENERAL BOEHM", "drenagem": 1.0, "iluminacao": 0.0, "compriment": 117.5475811664635 }, "geometry": { "type": "MultiLineString", "coordinates": [ [ [ -52.151985808172988, -32.051268476825513 ], [ -52.152066408020595, -32.051297773115756 ] ], [ [ -52.152267907639605, -32.051371013841369 ], [ -52.152519491093237, -32.051462458950731 ] ] ] } },
{ "type": "Feature", "properties": { "tipo": "rua", "nome": "JOAO PESSOA", "drenagem": 0.0, "iluminacao": 1.0, "compriment": 68.901921380478228 }, "geometry": { "type": "LineString", "coordinates": [ [ -52.086748575869557, -32.03154404222375 ], [ -52.086830240330372, -32.030926580197516 ] ] } },
{ "type": "Feature", "properties": { "tipo": "rua", "nome": "BENTO MARTINS", "drenagem": 0.0, "iluminacao": 1.0, "compriment": 178.23037632560195 }, "geometry": { "type": "LineString", "coordinates": [ [ -52.08503396257165, -32.034161755661465 ], [ -52.085112005876624, -32.033595678050425 ] ] } },
{ "type": "Feature", "properties": { "tipo": "rua", "nome": "BENTO MARTINS", "drenagem": 1.0, "iluminacao": 1.0, "compriment": 74.104630259738954 }, "geometry": { "type": "MultiLineString", "coordinates": [ [ [ -52.085112005876624, -32.033595678050425 ], [ -52.085168534507744, -32.033165867961131 ] ], [ [ -52.085180662000568, -32.033073657718788 ], [ -52.085199352558888, -32.032931545829996 ] ] ] } },
{ "type": "Feature", "properties": { "tipo": "rua", "nome": "BENTO MARTINS", "drenagem": 0.0, "iluminacao": 1.0, "compriment": 128.67785759892274 }, "geometry": { "type": "LineString", "coordinates": [ [ -52.085398912924383, -32.03141417534021 ], [ -52.085552555384005, -32.030261142310259 ] ] } },
{ "type": "Feature", "properties": { "tipo": "rua", "nome": "ALMIRANTE GARNIER", "drenagem": 1.0, "iluminacao": 1.0, "compriment": 125.47382467256563 }, "geometry": { "type": "LineString", "coordinates": [ [ -52.084277858536772, -32.030170748447681 ], [ -52.084139759519893, -32.03129615961317 ] ] } },
{ "type": "Feature", "properties": { "tipo": "rua", "nome": "B", "drenagem": 0.0, "iluminacao": 1.0, "compriment": 30.889719381883683 }, "geometry": { "type": "LineString", "coordinates": [ [ -52.140807174212398, -32.06262127939992 ], [ -52.140788838712801, -32.062677397968571 ] ] } },
{ "type": "Feature", "properties": { "tipo": "rua", "nome": "GENERAL BOEHM", "drenagem": 0.0, "iluminacao": 1.0, "compriment": 111.63124653103149 }, "geometry": { "type": "LineString", "coordinates": [ [ -52.155787152902612, -32.052701970939772 ], [ -52.156878616556178, -32.053088464319494 ] ] } },
{ "type": "Feature", "properties": { "tipo": "rua", "nome": "BASTOS GUERRA", "drenagem": 1.0, "iluminacao": 1.0, "compriment": 191.54585066369339 }, "geometry": { "type": "MultiLineString", "coordinates": [ [ [ -52.084869087237465, -32.042629247483745 ], [ -52.084695600639648, -32.041979940879237 ] ], [ [ -52.084684935422111, -32.041940024273146 ], [ -52.084663297733947, -32.041859041107827 ] ], [ [ -52.084644635498307, -32.041789194139774 ], [ -52.084630994828245, -32.041738141336417 ] ], [ [ -52.084604335574504, -32.041638364006396 ], [ -52.084587924287305, -32.041576941641203 ] ], [ [ -52.0845640356507, -32.041487533873024 ], [ -52.084544853746365, -32.04141574194599 ] ], [ [ -52.084523735726897, -32.041336703739653 ], [ -52.084523318475895, -32.04133514209839 ] ] ] } },
{ "type": "Feature", "properties": { "tipo": "rua", "nome": "OITO DE JULHO", "drenagem": 1.0, "iluminacao": 1.0, "compriment": 71.33725062973771 }, "geometry": { "type": "LineString", "coordinates": [ [ -52.084869087237465, -32.042629247483745 ], [ -52.085604680816047, -32.042483267768858 ] ] } },
{ "type": "Feature", "properties": { "tipo": "rua", "nome": "CARLOS VIGNOLI", "drenagem": 1.0, "iluminacao": 0.0, "compriment": 83.139732427586068 }, "geometry": { "type": "LineString", "coordinates": [ [ -52.081990809576887, -32.049022793528856 ], [ -52.082847182025773, -32.048849112260768 ] ] } },
{ "type": "Feature", "properties": { "tipo": "rua", "nome": "SAO VICENTE DE PAULA", "drenagem": 1.0, "iluminacao": 1.0, "compriment": 169.37984821402117 }, "geometry": { "type": "LineString", "coordinates": [ [ -52.083869544027699, -32.048141132761899 ], [ -52.083999905392005, -32.048608180065457 ] ] } },
{ "type": "Feature", "properties": { "tipo": "rua", "nome": "DOUTOR AUGUSTO BORGES DE MEDEIROS", "drenagem": 1.0, "iluminacao": 1.0, "compriment": 177.88363517221987 }, "geometry": { "type": "LineString", "coordinates": [ [ -52.084930556406057, -32.048244668310019 ], [ -52.084906378764927, -32.048440158420526 ] ] } },
{ "type": "Feature", "properties": { "tipo": "rua", "nome": "EDUARDO CAMPOS LARANJO", "drenagem": 0.0, "iluminacao": 1.0, "compriment": 54.301138069805816 }, "geometry": { "type": "LineString", "coordinates": [ [ -52.093017823780116, -32.044176552066126 ], [ -52.092449336607949, -32.044249674475175 ] ] } },
{ "type": "Feature", "properties": { "tipo": "rua", "nome": "VASCO DA GAMA", "drenagem": 1.0, "iluminacao": 1.0, "compriment": 91.013756847596326 }, "geometry": { "type": "LineString", "coordinates": [ [ -52.095410633707488, -32.047163020579681 ], [ -52.096353577692085, -32.046993705095105 ] ] } },
{ "type": "Feature", "properties": { "tipo": "rua", "nome": "PERO VAZ DE CAMINHA", "drenagem": 0.0, "iluminacao": 1.0, "compriment": 91.152237722969957 }, "geometry": { "type": "LineString", "coordinates": [ [ -52.095411929848808, -32.046594626716825 ], [ -52.096357482603104, -32.04642989224115 ] ] } },
{ "type": "Feature", "properties": { "tipo": "rua", "nome": "PERO VAZ DE CAMINHA", "drenagem": 0.0, "iluminacao": 1.0, "compriment": 191.84765946676063 }, "geometry": { "type": "LineString", "coordinates": [ [ -52.096357482603104, -32.04642989224115 ], [ -52.09834269003386, -32.046063415704545 ] ] } },
{ "type": "Feature", "properties": { "tipo": "rua", "nome": "NICOLAU COELHO", "drenagem": 1.0, "iluminacao": 1.0, "compriment": 128.19524929571992 }, "geometry": { "type": "LineString", "coordinates": [ [ -52.098043699365078, -32.044775259885995 ], [ -52.099365908966526, -32.044514011190913 ] ] } },
{ "type": "Feature", "properties": { "tipo": "rua", "nome": "SENADOR ROBERT KENNEDY", "drenagem": 1.0, "iluminacao": 1.0, "compriment": 126.49509534578216 }, "geometry": { "type": "LineString", "coordinates": [ [ -52.093431141569106, -32.04720230362679 ], [ -52.09477021276733, -32.047225842865167 ] ] } },
{ "type": "Feature", "properties": { "tipo": "rua", "nome": "ENGENHEIRO THOMAS PAES DA CUNHA FILHO", "drenagem": 0.0, "iluminacao": 1.0, "compriment": 132.23943977920308 }, "geometry": { "type": "LineString", "coordinates": [ [ -52.093391319472943, -32.045640054038309 ], [ -52.094791464264517, -32.045644554316603 ] ] } },
{ "type": "Feature", "properties": { "tipo": "rua", "nome": "MARTIN LUTHER KING", "drenagem": 0.0, "iluminacao": 1.0, "compriment": 142.49710398599285 }, "geometry": { "type": "LineString", "coordinates": [ [ -52.093339021538064, -32.043660761882734 ], [ -52.094847471951297, -32.043685539363359 ] ] } },
{ "type": "Feature", "properties": { "tipo": "rua", "nome": "PADRE CONSTANTINO", "drenagem": 1.0, "iluminacao": 1.0, "compriment": 145.25610043073041 }, "geometry": { "type": "LineString", "coordinates": [ [ -52.093322632906585, -32.042884446835075 ], [ -52.094860047971927, -32.042918331661561 ] ] } },
{ "type": "Feature", "properties": { "tipo": "rua", "nome": "ABDALA NADER", "drenagem": 1.0, "iluminacao": 1.0, "compriment": 191.70256347911223 }, "geometry": { "type": "LineString", "coordinates": [ [ -52.083977520597742, -32.04222174042205 ], [ -52.08411908302724, -32.042772394372214 ] ] } },
{ "type": "Feature", "properties": { "tipo": "rua", "nome": "PROFESSOR ANSELMO DIAS LOPES", "drenagem": 1.0, "iluminacao": 1.0, "compriment": 110.062073367894 }, "geometry": { "type": "LineString", "coordinates": [ [ -52.091198035800879, -32.040561175206108 ], [ -52.090845806454517, -32.041507301808252 ] ] } },
{ "type": "Feature", "properties": { "tipo": "rua", "nome": "PROFESSOR ANTONIO GOMES DE FREITAS", "drenagem": 1.0, "iluminacao": 1.0, "compriment": 31.086420756028577 }, "geometry": { "type": "LineString", "coordinates": [ [ -52.092221354674116, -32.041904105365639 ], [ -52.091906693266424, -32.041821897953433 ] ] } },
{ "type": "Feature", "properties": { "tipo": "rua", "nome": "PROFESSOR ANTONIO GOMES DE FREITAS", "drenagem": 1.0, "iluminacao": 1.0, "compriment": 126.55137494827279 }, "geometry": { "type": "MultiLineString", "coordinates": [ [ [ -52.089806193604424, -32.041207422544339 ], [ -52.088783390312621, -32.040891842936553 ] ], [ [ -52.0887149278024, -32.040870719253931 ], [ -52.08859402803099, -32.040833416379812 ] ] ] } },
{ "type": "Feature", "properties": { "tipo": "rua", "nome": "COMENDADOR FRANCISCO MARQUES", "drenagem": 1.0, "iluminacao": 1.0, "compriment": 64.744111838187408 }, "geometry": { "type": "LineString", "coordinates": [ [ -52.089991812108821, -32.03168920092493 ], [ -52.090172197522051, -32.032252490467442 ] ] } },
{ "type": "Feature", "properties": { "tipo": "rua", "nome": "COMENDADOR FRANCISCO MARQUES", "drenagem": 0.0, "iluminacao": 1.0, "compriment": 79.834666422164759 }, "geometry": { "type": "MultiLineString", "coordinates": [ [ [ -52.090172197522051, -32.032252490467442 ], [ -52.090226997869799, -32.032469158861744 ] ], [ [ -52.090246324906914, -32.032545573670603 ], [ -52.090259204995348, -32.032596498677371 ] ] ] } },
{ "type": "Feature", "properties": { "tipo": "rua", "nome": "COMENDADOR FRANCISCO MARQUES", "drenagem": 0.0, "iluminacao": 1.0, "compriment": 137.18054828395401 }, "geometry": { "type": "MultiLineString", "coordinates": [ [ [ -52.090370193798293, -32.033027419555033 ], [ -52.090383188253739, -32.033073657718788 ] ], [ [ -52.090405839480411, -32.033154257566395 ], [ -52.090407524602121, -32.033160253734046 ] ], [ [ -52.090439816320433, -32.033275157337805 ], [ -52.090688324074762, -32.03415942234534 ] ] ] } },
{ "type": "Feature", "properties": { "tipo": "rua", "nome": "COMENDADOR FRANCISCO MARQUES", "drenagem": 0.0, "iluminacao": 1.0, "compriment": 76.862597325001033 }, "geometry": { "type": "LineString", "coordinates": [ [ -52.09088829212083, -32.034887018571752 ], [ -52.091063457128179, -32.035563927277614 ] ] } },
{ "type": "Feature", "properties": { "tipo": "rua", "nome": "DOUTOR ALVARO COSTA", "drenagem": 1.0, "iluminacao": 1.0, "compriment": 62.338949354993574 }, "geometry": { "type": "LineString", "coordinates": [ [ -52.09228046357331, -32.040882672402056 ], [ -52.091657441159946, -32.040697113399808 ] ] } },
{ "type": "Feature", "properties": { "tipo": "travessa", "nome": "JOAO TOUGUINHA", "drenagem": 1.0, "iluminacao": 1.0, "compriment": 119.30581286073799 }, "geometry": { "type": "LineString", "coordinates": [ [ -52.097645539966813, -32.040190688740267 ], [ -52.097879184027008, -32.041248040270268 ] ] } },
{ "type": "Feature", "properties": { "tipo": "rua", "nome": "ANTONIO CAMPOS ASSUNCAO", "drenagem": 0.0, "iluminacao": 1.0, "compriment": 107.77065993584165 }, "geometry": { "type": "LineString", "coordinates": [ [ -52.089648970233483, -32.037928393159866 ], [ -52.089894466114821, -32.038877522190575 ] ] } },
{ "type": "Feature", "properties": { "tipo": "rua", "nome": "DOUTOR PEDRO BERTONI", "drenagem": 1.0, "iluminacao": 1.0, "compriment": 109.42532261850992 }, "geometry": { "type": "LineString", "coordinates": [ [ -52.09228046357331, -32.040882672402056 ], [ -52.091912261368861, -32.041818322546099 ] ] } },
{ "type": "Feature", "properties": { "tipo": "rua", "nome": "SENADOR CORREA", "drenagem": 1.0, "iluminacao": 1.0, "compriment": 92.662587167550512 }, "geometry": { "type": "LineString", "coordinates": [ [ -52.096025185689989, -32.04047268077543 ], [ -52.096985034917658, -32.040299863800463 ] ] } },
{ "type": "Feature", "properties": { "tipo": "rua", "nome": "SENADOR CORREA", "drenagem": 1.0, "iluminacao": 1.0, "compriment": 63.549680479741312 }, "geometry": { "type": "LineString", "coordinates": [ [ -52.096985034917658, -32.040299863800463 ], [ -52.097645539966813, -32.040190688740267 ] ] } },
{ "type": "Feature", "properties": { "tipo": "rua", "nome": "SENADOR CORREA", "drenagem": 1.0, "iluminacao": 1.0, "compriment": 62.159682217987111 }, "geometry": { "type": "MultiLineString", "coordinates": [ [ [ -52.097645539966813, -32.040190688740267 ], [ -52.097987613619331, -32.040126144384303 ] ], [ [ -52.098064510124679, -32.040111635124738 ], [ -52.098201196076317, -32.040085844460499 ] ], [ [ -52.098266009743696, -32.040073615057892 ], [ -52.098288073000496, -32.0400694520401 ] ] ] } },
{ "type": "Feature", "properties": { "tipo": "rua", "nome": "DOUTOR ALVARO COSTA", "drenagem": 1.0, "iluminacao": 1.0, "compriment": 77.771428069047559 }, "geometry": { "type": "LineString", "coordinates": [ [ -52.093058112613775, -32.041113213370529 ], [ -52.09228046357331, -32.040882672402056 ] ] } },
{ "type": "Feature", "properties": { "tipo": "rua", "nome": "DOUTOR ALVARO COSTA", "drenagem": 1.0, "iluminacao": 1.0, "compriment": 45.93520869797937 }, "geometry": { "type": "LineString", "coordinates": [ [ -52.091657441159946, -32.040697113399808 ], [ -52.091198035800879, -32.040561175206108 ] ] } },
{ "type": "Feature", "properties": { "tipo": "rua", "nome": "CARLOS VIGNOLI", "drenagem": 1.0, "iluminacao": 1.0, "compriment": 63.795704023389177 }, "geometry": { "type": "LineString", "coordinates": [ [ -52.083999905392005, -32.048608180065457 ], [ -52.084657921818234, -32.048478162825823 ] ] } },
{ "type": "Feature", "properties": { "tipo": "rua", "nome": "MARECHAL RONDON", "drenagem": 0.0, "iluminacao": 1.0, "compriment": 64.925137217382883 }, "geometry": { "type": "LineString", "coordinates": [ [ -52.081622141213089, -32.047518340170079 ], [ -52.081702674726266, -32.047501030440237 ] ] } },
{ "type": "Feature", "properties": { "tipo": "rua", "nome": "MENDES NETTO", "drenagem": 1.0, "iluminacao": 1.0, "compriment": 101.65656796081606 }, "geometry": { "type": "MultiLineString", "coordinates": [ [ [ -52.128920726993911, -32.046029922766863 ], [ -52.128455627063005, -32.046815931735587 ] ], [ [ -52.128450652672079, -32.04682433835022 ], [ -52.128436306655395, -32.046848582812601 ] ] ] } },
{ "type": "Feature", "properties": { "tipo": "rua", "nome": "MENDES NETTO", "drenagem": 0.0, "iluminacao": 1.0, "compriment": 97.749334159940858 }, "geometry": { "type": "LineString", "coordinates": [ [ -52.128436306655395, -32.046848582812601 ], [ -52.128006278841667, -32.047601242915448 ] ] } },
{ "type": "Feature", "properties": { "tipo": "rua", "nome": "GASPAR LEMOS", "drenagem": 0.0, "iluminacao": 1.0, "compriment": 118.24490209568319 }, "geometry": { "type": "LineString", "coordinates": [ [ -52.09514830982878, -32.045973159068438 ], [ -52.096373015016134, -32.045751776687176 ] ] } },
{ "type": "Feature", "properties": { "tipo": "avenida", "nome": "SENADOR SALGADO FILHO", "drenagem": 1.0, "iluminacao": 1.0, "compriment": 69.71111796906186 }, "geometry": { "type": "LineString", "coordinates": [ [ -52.095850368629613, -32.040850381231351 ], [ -52.095157712066502, -32.040633278285064 ] ] } },
{ "type": "Feature", "properties": { "tipo": "avenida", "nome": "SENADOR SALGADO FILHO", "drenagem": 1.0, "iluminacao": 1.0, "compriment": 113.41550480286327 }, "geometry": { "type": "LineString", "coordinates": [ [ -52.095157712066502, -32.040633278285064 ], [ -52.09402301851506, -32.040298646997115 ] ] } },
{ "type": "Feature", "properties": { "tipo": "avenida", "nome": "SENADOR SALGADO FILHO", "drenagem": 1.0, "iluminacao": 1.0, "compriment": 6.0657305551924559 }, "geometry": { "type": "LineString", "coordinates": [ [ -52.09398531308431, -32.040287527114401 ], [ -52.093924334650637, -32.040270366601725 ] ] } },
{ "type": "Feature", "properties": { "tipo": "avenida", "nome": "SENADOR SALGADO FILHO", "drenagem": 1.0, "iluminacao": 1.0, "compriment": 110.50108836757501 }, "geometry": { "type": "LineString", "coordinates": [ [ -52.088751145673072, -32.038718472332356 ], [ -52.087647775607039, -32.038387215849333 ] ] } },
{ "type": "Feature", "properties": { "tipo": "avenida", "nome": "SENADOR SALGADO FILHO", "drenagem": 1.0, "iluminacao": 1.0, "compriment": 85.527324634322142 }, "geometry": { "type": "LineString", "coordinates": [ [ -52.087955395076236, -32.038278620260442 ], [ -52.088796098768924, -32.038565130498128 ] ] } },
{ "type": "Feature", "properties": { "tipo": "avenida", "nome": "SENADOR SALGADO FILHO", "drenagem": 1.0, "iluminacao": 1.0, "compriment": 109.37496048903105 }, "geometry": { "type": "LineString", "coordinates": [ [ -52.088796098768924, -32.038565130498128 ], [ -52.089894466114821, -32.038877522190575 ] ] } },
{ "type": "Feature", "properties": { "tipo": "avenida", "nome": "SENADOR SALGADO FILHO", "drenagem": 1.0, "iluminacao": 1.0, "compriment": 67.403791989503191 }, "geometry": { "type": "LineString", "coordinates": [ [ -52.089894466114821, -32.038877522190575 ], [ -52.090562826346577, -32.039090555941499 ] ] } },
{ "type": "Feature", "properties": { "tipo": "avenida", "nome": "SENADOR SALGADO FILHO", "drenagem": 1.0, "iluminacao": 1.0, "compriment": 151.85656941564321 }, "geometry": { "type": "LineString", "coordinates": [ [ -52.090562826346577, -32.039090555941499 ], [ -52.092078619725484, -32.039547065386564 ] ] } },
{ "type": "Feature", "properties": { "tipo": "avenida", "nome": "SENADOR SALGADO FILHO", "drenagem": 1.0, "iluminacao": 1.0, "compriment": 114.21983936984458 }, "geometry": { "type": "LineString", "coordinates": [ [ -52.092078619725484, -32.039547065386564 ], [ -52.093221482114821, -32.039883747445828 ] ] } },
{ "type": "Feature", "properties": { "tipo": "avenida", "nome": "SENADOR SALGADO FILHO", "drenagem": 1.0, "iluminacao": 1.0, "compriment": 83.419810807530212 }, "geometry": { "type": "LineString", "coordinates": [ [ -52.093221482114821, -32.039883747445828 ], [ -52.094063353614622, -32.040111174046601 ] ] } },
{ "type": "Feature", "properties": { "tipo": "avenida", "nome": "SENADOR SALGADO FILHO", "drenagem": 1.0, "iluminacao": 1.0, "compriment": 44.415755688265243 }, "geometry": { "type": "LineString", "coordinates": [ [ -52.094063353614622, -32.040111174046601 ], [ -52.094510945953601, -32.04023400074788 ] ] } },
{ "type": "Feature", "properties": { "tipo": "avenida", "nome": "SENADOR SALGADO FILHO", "drenagem": 1.0, "iluminacao": 1.0, "compriment": 68.788223075398832 }, "geometry": { "type": "LineString", "coordinates": [ [ -52.095234457259593, -32.040455342183492 ], [ -52.09591556941966, -32.040674986131805 ] ] } },
{ "type": "Feature", "properties": { "tipo": "avenida", "nome": "SENADOR SALGADO FILHO", "drenagem": 0.0, "iluminacao": 1.0, "compriment": 114.78952977069773 }, "geometry": { "type": "MultiLineString", "coordinates": [ [ [ -52.09591556941966, -32.040674986131805 ], [ -52.096613712867772, -32.040880173860337 ] ], [ [ -52.0966534164561, -32.040891842936553 ], [ -52.097064432035005, -32.041012642398691 ] ] ] } },
{ "type": "Feature", "properties": { "tipo": "rua", "nome": "REPUBLICA DO LIBANO", "drenagem": 1.0, "iluminacao": 1.0, "compriment": 126.15042804752962 }, "geometry": { "type": "LineString", "coordinates": [ [ -52.088105100016733, -32.032967301272812 ], [ -52.089437928981241, -32.033039225409425 ] ] } },
{ "type": "Feature", "properties": { "tipo": "rua", "nome": "DO RIACHUELO", "drenagem": 1.0, "iluminacao": 1.0, "compriment": 126.27765340325172 }, "geometry": { "type": "LineString", "coordinates": [ [ -52.088373992855338, -32.030685566638653 ], [ -52.08971015568347, -32.030650037422781 ] ] } },
{ "type": "Feature", "properties": { "tipo": "rua", "nome": "DOUTOR ALVARO COSTA", "drenagem": 1.0, "iluminacao": 1.0, "compriment": 140.18355632303604 }, "geometry": { "type": "LineString", "coordinates": [ [ -52.094587105940839, -32.041569200352491 ], [ -52.093194517761489, -32.041131932671746 ] ] } },
{ "type": "Feature", "properties": { "tipo": "rua", "nome": "DO RIACHUELO", "drenagem": 1.0, "iluminacao": 1.0, "compriment": 89.714890867485195 }, "geometry": { "type": "LineString", "coordinates": [ [ -52.094159137355994, -32.029815373335303 ], [ -52.095095430469534, -32.029679711732072 ] ] } },
{ "type": "Feature", "properties": { "tipo": "rua", "nome": "ILHA DA TRINDADE", "drenagem": 0.0, "iluminacao": 1.0, "compriment": 69.625719658032537 }, "geometry": { "type": "LineString", "coordinates": [ [ -52.130871279534638, -32.047417620213338 ], [ -52.130887138140096, -32.047423750436742 ] ] } },
{ "type": "Feature", "properties": { "tipo": "rua", "nome": "GASPAR LEMOS", "drenagem": 0.0, "iluminacao": 1.0, "compriment": 126.84501249418388 }, "geometry": { "type": "LineString", "coordinates": [ [ -52.098192597706124, -32.045401713606807 ], [ -52.099501640923478, -32.045145989804539 ] ] } },
{ "type": "Feature", "properties": { "tipo": "rua", "nome": "COMENDADOR FRANCISCO MARQUES", "drenagem": 0.0, "iluminacao": 1.0, "compriment": 55.27529246532233 }, "geometry": { "type": "LineString", "coordinates": [ [ -52.091613672765767, -32.037505091653266 ], [ -52.09174537495521, -32.037990784879895 ] ] } },
{ "type": "Feature", "properties": { "tipo": "rua", "nome": "CRISTOVAO COLOMBO", "drenagem": 0.0, "iluminacao": 1.0, "compriment": 327.98509412680801 }, "geometry": { "type": "LineString", "coordinates": [ [ -52.114089840056536, -32.031769201890953 ], [ -52.112572811040792, -32.03442978932862 ] ] } },
{ "type": "Feature", "properties": { "tipo": "rua", "nome": "CRISTOVAO COLOMBO", "drenagem": 1.0, "iluminacao": 1.0, "compriment": 23.29344680551927 }, "geometry": { "type": "LineString", "coordinates": [ [ -52.112572811040792, -32.03442978932862 ], [ -52.112468060098514, -32.034619959734272 ] ] } },
{ "type": "Feature", "properties": { "tipo": "rua", "nome": "FRANCISCO PASTORE", "drenagem": 0.0, "iluminacao": 1.0, "compriment": 145.51880595968217 }, "geometry": { "type": "LineString", "coordinates": [ [ -52.110178138734156, -32.047783129906854 ], [ -52.109576669707693, -32.048551767348229 ] ] } },
{ "type": "Feature", "properties": { "tipo": "rua", "nome": "REPUBLICA", "drenagem": 1.0, "iluminacao": 1.0, "compriment": 172.00631808189186 }, "geometry": { "type": "MultiLineString", "coordinates": [ [ [ -52.119170771989246, -32.035187929840276 ], [ -52.119141370273603, -32.035240734385631 ] ], [ [ -52.119136292667726, -32.035249853604149 ], [ -52.118395802101233, -32.03657975108964 ] ] ] } },
{ "type": "Feature", "properties": { "tipo": "rua", "nome": "REPUBLICA", "drenagem": 1.0, "iluminacao": 1.0, "compriment": 23.40872506006675 }, "geometry": { "type": "MultiLineString", "coordinates": [ [ [ -52.118375671721353, -32.036614685989811 ], [ -52.118349017188514, -32.036660350937247 ] ], [ [ -52.11832549420857, -32.03670065086105 ], [ -52.11829596077169, -32.036751247990289 ] ] ] } },
{ "type": "Feature", "properties": { "tipo": "rua", "nome": "REPUBLICA", "drenagem": 1.0, "iluminacao": 1.0, "compriment": 169.02078420831489 }, "geometry": { "type": "LineString", "coordinates": [ [ -52.118278495196847, -32.036781250708657 ], [ -52.118254771949942, -32.036823111096218 ] ] } },
{ "type": "Feature", "properties": { "tipo": "rua", "nome": "LUIZ LOREA", "drenagem": 1.0, "iluminacao": 1.0, "compriment": 113.0921715842365 }, "geometry": { "type": "MultiLineString", "coordinates": [ [ [ -52.101772103114548, -32.031536909046544 ], [ -52.101783933961144, -32.03154226061428 ] ], [ [ -52.101852702962155, -32.031573367599229 ], [ -52.101873026025373, -32.031582560538084 ] ], [ [ -52.101893002885959, -32.031591596875572 ], [ -52.101973602733558, -32.03162805542825 ] ], [ [ -52.102051210153803, -32.031663160385683 ], [ -52.102054202581165, -32.031664513980928 ] ], [ [ -52.102134802428772, -32.031700972533613 ], [ -52.102140302218025, -32.031703460309487 ] ], [ [ -52.102575862496984, -32.031900481741275 ], [ -52.102585762539142, -32.031904959928504 ] ] ] } },
{ "type": "Feature", "properties": { "tipo": "rua", "nome": "AQUIDABAN", "drenagem": 1.0, "iluminacao": 1.0, "compriment": 132.43120325107401 }, "geometry": { "type": "MultiLineString", "coordinates": [ [ [ -52.102819901133422, -32.032008987118523 ], [ -52.103061700676243, -32.032041432164121 ] ], [ [ -52.103846661654423, -32.032146759471324 ], [ -52.104198885665994, -32.032194021447019 ] ] ] } },
{ "type": "Feature", "properties": { "tipo": "rua", "nome": "VISCONDE DE RIO BRANCO", "drenagem": 1.0, "iluminacao": 1.0, "compriment": 120.96359367863457 }, "geometry": { "type": "MultiLineString", "coordinates": [ [ [ -52.109097720230331, -32.035612552918373 ], [ -52.109146989170483, -32.035633499302399 ] ], [ [ -52.10919251150942, -32.035652852842176 ], [ -52.10922758901809, -32.035667765827213 ] ], [ [ -52.109287302788516, -32.03569315276598 ], [ -52.109308188865697, -32.035702032352027 ] ], [ [ -52.109382094067605, -32.035733452689783 ], [ -52.1094290886371, -32.035753432139245 ] ], [ [ -52.109476885346702, -32.035773752613586 ], [ -52.109509688484707, -32.035787698664052 ] ], [ [ -52.10966646790488, -32.035854352461193 ], [ -52.10967088817992, -32.03585623171368 ] ], [ [ -52.10995084174214, -32.035975252232596 ], [ -52.10999328757034, -32.035993297812936 ] ], [ [ -52.110045633021237, -32.0360155521564 ], [ -52.110154487265554, -32.036061830862558 ] ] ] } },
{ "type": "Feature", "properties": { "tipo": "rua", "nome": "VISCONDE DE RIO BRANCO", "drenagem": 1.0, "iluminacao": 1.0, "compriment": 62.743919222935403 }, "geometry": { "type": "LineString", "coordinates": [ [ -52.131029495994341, -32.044911437391974 ], [ -52.131620950462647, -32.045169101028833 ] ] } },
{ "type": "Feature", "properties": { "tipo": "rua", "nome": "VISCONDE DE RIO BRANCO", "drenagem": 1.0, "iluminacao": 1.0, "compriment": 119.04933923369018 }, "geometry": { "type": "MultiLineString", "coordinates": [ [ [ -52.131620950462647, -32.045169101028833 ], [ -52.132429394359178, -32.045526334173893 ] ], [ [ -52.132480645052375, -32.04554898070063 ], [ -52.13252059593966, -32.045566634097696 ] ] ] } },
{ "type": "Feature", "properties": { "tipo": "rua", "nome": "GENERAL BOEHM", "drenagem": 0.0, "iluminacao": 1.0, "compriment": 112.51582222574562 }, "geometry": { "type": "MultiLineString", "coordinates": [ [ [ -52.154697149902034, -32.052292329754387 ], [ -52.155673932101472, -32.052659420687007 ] ], [ [ -52.155693401162857, -32.052666737482816 ], [ -52.155787152902612, -32.052701970939772 ] ] ] } },
{ "type": "Feature", "properties": { "tipo": "rua", "nome": "GENERAL BOEHM", "drenagem": 0.0, "iluminacao": 1.0, "compriment": 110.93796617498339 }, "geometry": { "type": "MultiLineString", "coordinates": [ [ [ -52.156878616556178, -32.053088464319494 ], [ -52.156942698800748, -32.053113217449159 ] ], [ [ -52.157019852672128, -32.053143019772641 ], [ -52.157063598572158, -32.053159917556776 ] ], [ [ -52.157184498343561, -32.053206617664394 ], [ -52.157224798267364, -32.05322218436693 ] ], [ [ -52.157305398114971, -32.053253317772011 ], [ -52.157332844557423, -32.053263919544051 ] ], [ [ -52.157348774720987, -32.053270072908482 ], [ -52.157948434920954, -32.053501704412383 ] ] ] } },
{ "type": "Feature", "properties": { "tipo": "rua", "nome": "CARLOS VIGNOLI", "drenagem": 1.0, "iluminacao": 1.0, "compriment": 23.840544406066808 }, "geometry": { "type": "LineString", "coordinates": [ [ -52.084657921818234, -32.048478162825823 ], [ -52.084906378764927, -32.048440158420526 ] ] } },
{ "type": "Feature", "properties": { "tipo": "rua", "nome": "GENERAL ABREU", "drenagem": 0.0, "iluminacao": 1.0, "compriment": 119.90155904031364 }, "geometry": { "type": "MultiLineString", "coordinates": [ [ [ -52.103940303442833, -32.039477527095976 ], [ -52.104382771876054, -32.039665192651086 ] ], [ [ -52.104424392223457, -32.039682845222465 ], [ -52.104512497933143, -32.039720213779574 ] ], [ [ -52.104519409362503, -32.039723145146269 ], [ -52.10459309778075, -32.039754398851343 ] ], [ [ -52.104614426501549, -32.039763445070072 ], [ -52.104633397704553, -32.039771491387221 ] ] ] } },
{ "type": "Feature", "properties": { "tipo": "rua", "nome": "MANOEL NUNES DUARTE", "drenagem": 0.0, "iluminacao": 1.0, "compriment": 84.615290012907437 }, "geometry": { "type": "MultiLineString", "coordinates": [ [ [ -52.182481859883026, -32.066965893637047 ], [ -52.182492850491798, -32.066946456313644 ] ], [ [ -52.182527434130776, -32.06688529378944 ], [ -52.182533150415601, -32.066875184315151 ] ], [ [ -52.182573450339405, -32.066803912316658 ], [ -52.182613750263208, -32.066732640318165 ] ], [ [ -52.182668140466468, -32.066636449106888 ], [ -52.182732518245651, -32.066522594475217 ] ] ] } },
{ "type": "Feature", "properties": { "tipo": "rua", "nome": "CARAMURÚ", "drenagem": 1.0, "iluminacao": 1.0, "compriment": 124.2763267357998 }, "geometry": { "type": "LineString", "coordinates": [ [ -52.111280130160928, -32.034190223397822 ], [ -52.110699172813234, -32.035169253756543 ] ] } },
{ "type": "Feature", "properties": { "tipo": "rua", "nome": "CARAMURÚ", "drenagem": 1.0, "iluminacao": 1.0, "compriment": 96.666591566950743 }, "geometry": { "type": "MultiLineString", "coordinates": [ [ [ -52.110169485550934, -32.036096152004006 ], [ -52.110154487265554, -32.036122860088469 ] ], [ [ -52.110124223618428, -32.036176751851613 ], [ -52.11011418734175, -32.036194623876199 ] ], [ [ -52.110033699753409, -32.036337951546827 ], [ -52.110033587494144, -32.036338151451673 ] ] ] } },
{ "type": "Feature", "properties": { "tipo": "rua", "nome": "CARAMURÚ", "drenagem": 1.0, "iluminacao": 1.0, "compriment": 96.09852693465713 }, "geometry": { "type": "LineString", "coordinates": [ [ -52.107413696332102, -32.04077094316515 ], [ -52.107389514037735, -32.040811243088946 ] ] } },
{ "type": "Feature", "properties": { "tipo": "rua", "nome": "MARECHAL DEODORO", "drenagem": 1.0, "iluminacao": 1.0, "compriment": 138.7995485935663 }, "geometry": { "type": "LineString", "coordinates": [ [ -52.11058397845634, -32.030534146020827 ], [ -52.109915174006311, -32.031648686197158 ] ] } },
{ "type": "Feature", "properties": { "tipo": "rua", "nome": "VISCONDE DO RIO GRANDE", "drenagem": 1.0, "iluminacao": 1.0, "compriment": 92.401033768800986 }, "geometry": { "type": "MultiLineString", "coordinates": [ [ [ -52.108040734434034, -32.037305149718094 ], [ -52.108018591304003, -32.037346572976695 ] ], [ [ -52.107997649148942, -32.037385749565701 ], [ -52.107978291380199, -32.037421962235705 ] ] ] } },
{ "type": "Feature", "properties": { "tipo": "rua", "nome": "MANOEL PEREIRA DE ALMEIDA", "drenagem": 1.0, "iluminacao": 1.0, "compriment": 48.595515277471506 }, "geometry": { "type": "LineString", "coordinates": [ [ -52.107764175568299, -32.030927682970976 ], [ -52.108267534184129, -32.031018187494077 ] ] } },
{ "type": "Feature", "properties": { "tipo": "rua", "nome": "JOAO SALOMAO", "drenagem": 0.0, "iluminacao": 1.0, "compriment": 118.00816803275455 }, "geometry": { "type": "LineString", "coordinates": [ [ -52.109915174006311, -32.031648686197158 ], [ -52.108797494043316, -32.031173247786313 ] ] } },
{ "type": "Feature", "properties": { "tipo": "rua", "nome": "GONCALVES DIAS", "drenagem": 0.0, "iluminacao": 1.0, "compriment": 100.83406998323171 }, "geometry": { "type": "LineString", "coordinates": [ [ -52.125727275413944, -32.040634914844837 ], [ -52.125386432680592, -32.04121424232698 ] ] } },
{ "type": "Feature", "properties": { "tipo": "rua", "nome": "TOBIAS BARRETO", "drenagem": 1.0, "iluminacao": 1.0, "compriment": 101.75167852357464 }, "geometry": { "type": "MultiLineString", "coordinates": [ [ [ -52.127680522637512, -32.044518836078815 ], [ -52.127604354272222, -32.04465149836247 ] ], [ [ -52.127587969449593, -32.044680035774029 ], [ -52.127564054348419, -32.044721688656075 ] ], [ [ -52.12754169285563, -32.044760635621635 ], [ -52.127523754424615, -32.044791878949681 ] ], [ [ -52.127495416261667, -32.044841235469242 ], [ -52.127483454500812, -32.044862069243287 ] ] ] } },
{ "type": "Feature", "properties": { "tipo": "rua", "nome": "GENERAL CANABARRO", "drenagem": 1.0, "iluminacao": 1.0, "compriment": 112.13146223247395 }, "geometry": { "type": "LineString", "coordinates": [ [ -52.102810268409797, -32.032025859699914 ], [ -52.102784852665266, -32.032146759471324 ] ] } },
{ "type": "Feature", "properties": { "tipo": "rua", "nome": "DOUTOR AUGUSTO DUPRAT", "drenagem": 0.0, "iluminacao": 1.0, "compriment": 59.998698594118345 }, "geometry": { "type": "MultiLineString", "coordinates": [ [ [ -52.127917867411277, -32.0456069340215 ], [ -52.127926753662642, -32.045610557572907 ] ], [ [ -52.128115527227671, -32.045687533869099 ], [ -52.128128253281659, -32.045692723178846 ] ], [ [ -52.128214357135874, -32.045727833792903 ], [ -52.128249153053069, -32.045742022542413 ] ] ] } },
{ "type": "Feature", "properties": { "tipo": "rua", "nome": "DOUTOR AUGUSTO DUPRAT", "drenagem": 0.0, "iluminacao": 1.0, "compriment": 59.785831166540106 }, "geometry": { "type": "LineString", "coordinates": [ [ -52.128920726993911, -32.046029922766863 ], [ -52.129489436967518, -32.046266696399954 ] ] } },
{ "type": "Feature", "properties": { "tipo": "rua", "nome": "CAPITAO MARTINIANO FRANCISCO DE OLIVEIRA", "drenagem": 1.0, "iluminacao": 1.0, "compriment": 100.05278678242128 }, "geometry": { "type": "LineString", "coordinates": [ [ -52.127089944427951, -32.044277036536002 ], [ -52.126988663018146, -32.044456151360954 ] ] } },
{ "type": "Feature", "properties": { "tipo": "rua", "nome": "CARLOS VIGNOLI", "drenagem": 0.0, "iluminacao": 1.0, "compriment": 99.369535506761693 }, "geometry": { "type": "MultiLineString", "coordinates": [ [ [ -52.07847874715646, -32.049739339583098 ], [ -52.078580798830181, -32.049717526249395 ] ], [ [ -52.07859964692787, -32.049713497507589 ], [ -52.079419525221596, -32.049538250221929 ] ] ] } },
{ "type": "Feature", "properties": { "tipo": "rua", "nome": "CASIMIRO DE ABREU", "drenagem": 0.0, "iluminacao": 1.0, "compriment": 100.48081674522837 }, "geometry": { "type": "LineString", "coordinates": [ [ -52.128009898761626, -32.041608419132388 ], [ -52.127638731145169, -32.042262040345854 ] ] } },
{ "type": "Feature", "properties": { "tipo": "rua", "nome": "DOUTOR ERICO POESTER PEIXOTO", "drenagem": 1.0, "iluminacao": 1.0, "compriment": 122.74490334708288 }, "geometry": { "type": "LineString", "coordinates": [ [ -52.120671964455298, -32.05213552167757 ], [ -52.120318138690919, -32.052836352906425 ] ] } },
{ "type": "Feature", "properties": { "tipo": "travessa", "nome": "GLOBO", "drenagem": 1.0, "iluminacao": 1.0, "compriment": 74.007227001764363 }, "geometry": { "type": "LineString", "coordinates": [ [ -52.124034707036245, -32.053425119239265 ], [ -52.12385646135855, -32.053754494015706 ] ] } },
{ "type": "Feature", "properties": { "tipo": "rua", "nome": "GENERAL PORTINHO", "drenagem": 1.0, "iluminacao": 1.0, "compriment": 111.51749890035538 }, "geometry": { "type": "LineString", "coordinates": [ [ -52.104198885665994, -32.032194021447019 ], [ -52.103999791319978, -32.033185300174488 ] ] } },
{ "type": "Feature", "properties": { "tipo": "rua", "nome": "GENERAL PORTINHO", "drenagem": 1.0, "iluminacao": 1.0, "compriment": 79.902813927962058 }, "geometry": { "type": "MultiLineString", "coordinates": [ [ [ -52.103999791319978, -32.033185300174488 ], [ -52.103982587073176, -32.033263133636751 ] ], [ [ -52.103979929363831, -32.033275157337805 ], [ -52.103948298999903, -32.033418255769583 ] ], [ [ -52.103935390047774, -32.033476656956815 ], [ -52.103917574321351, -32.033557256804421 ] ] ] } },
{ "type": "Feature", "properties": { "tipo": "rua", "nome": "MENDES NETTO", "drenagem": 1.0, "iluminacao": 1.0, "compriment": 101.10577859423516 }, "geometry": { "type": "LineString", "coordinates": [ [ -52.129380612618903, -32.045206560045479 ], [ -52.128920726993911, -32.046029922766863 ] ] } },
{ "type": "Feature", "properties": { "tipo": "rua", "nome": "AMAPA", "drenagem": 0.0, "iluminacao": 1.0, "compriment": 97.027664838641385 }, "geometry": { "type": "LineString", "coordinates": [ [ -52.131620950462647, -32.045169101028833 ], [ -52.131125931190589, -32.04592933341192 ] ] } },
{ "type": "Feature", "properties": { "tipo": "rua", "nome": "AMAPA", "drenagem": 0.0, "iluminacao": 1.0, "compriment": 64.195812846510435 }, "geometry": { "type": "MultiLineString", "coordinates": [ [ [ -52.131070147719271, -32.047061674816668 ], [ -52.131049835242536, -32.047098031202204 ] ], [ [ -52.131029847795467, -32.047133805831812 ], [ -52.130963851888993, -32.047251928926848 ] ], [ [ -52.130949247947861, -32.047278067862109 ], [ -52.130852016042951, -32.047452098861271 ] ] ] } },
{ "type": "Feature", "properties": { "tipo": "rua", "nome": "AMAPA", "drenagem": 0.0, "iluminacao": 1.0, "compriment": 120.92841295347436 }, "geometry": { "type": "MultiLineString", "coordinates": [ [ [ -52.130192176803888, -32.048589128382915 ], [ -52.130143249471807, -32.048670428471318 ] ], [ [ -52.129935700419196, -32.049015302299637 ], [ -52.129901449928987, -32.049072214617631 ] ] ] } },
{ "type": "Feature", "properties": { "tipo": "rua", "nome": "DAS MISSOES", "drenagem": 1.0, "iluminacao": 1.0, "compriment": 100.98496315302218 }, "geometry": { "type": "LineString", "coordinates": [ [ -52.130975576399507, -32.043874463932674 ], [ -52.130488766176704, -32.044685293538471 ] ] } },
{ "type": "Feature", "properties": { "tipo": "rua", "nome": "DAS MISSOES", "drenagem": 1.0, "iluminacao": 1.0, "compriment": 100.12111904095859 }, "geometry": { "type": "LineString", "coordinates": [ [ -52.129489436967518, -32.046266696399954 ], [ -52.129025202243696, -32.047078422836357 ] ] } },
{ "type": "Feature", "properties": { "tipo": "rua", "nome": "CACHOEIRA DO IGUACU", "drenagem": 1.0, "iluminacao": 1.0, "compriment": 123.05874652008544 }, "geometry": { "type": "LineString", "coordinates": [ [ -52.131485891435318, -32.049138516348393 ], [ -52.131453678320163, -32.049193627239958 ] ] } },
{ "type": "Feature", "properties": { "tipo": "rua", "nome": "COMENDADOR FRANCISCO MARQUES", "drenagem": 0.0, "iluminacao": 1.0, "compriment": 82.862794549385754 }, "geometry": { "type": "LineString", "coordinates": [ [ -52.090688324074762, -32.03415942234534 ], [ -52.09088829212083, -32.034887018571752 ] ] } },
{ "type": "Feature", "properties": { "tipo": "rua", "nome": "COMENDADOR FRANCISCO MARQUES", "drenagem": 0.0, "iluminacao": 1.0, "compriment": 106.42283692313369 }, "geometry": { "type": "LineString", "coordinates": [ [ -52.091079318468651, -32.035625221399243 ], [ -52.091349549670362, -32.036556945314295 ] ] } },
{ "type": "Feature", "properties": { "tipo": "rua", "nome": "GUSTAVO SAMPAIO", "drenagem": 0.0, "iluminacao": 1.0, "compriment": 100.94460279285235 }, "geometry": { "type": "LineString", "coordinates": [ [ -52.137786571000895, -32.046742263613034 ], [ -52.137318735781363, -32.047560757671981 ] ] } },
{ "type": "Feature", "properties": { "tipo": "rua", "nome": "GUSTAVO SAMPAIO", "drenagem": 0.0, "iluminacao": 1.0, "compriment": 100.30814292532276 }, "geometry": { "type": "LineString", "coordinates": [ [ -52.137318735781363, -32.047560757671981 ], [ -52.137155436213511, -32.04784419864977 ] ] } },
{ "type": "Feature", "properties": { "tipo": "rua", "nome": "DOUTOR ISNARD POESTER PEIXOTO", "drenagem": 1.0, "iluminacao": 1.0, "compriment": 136.70944435025183 }, "geometry": { "type": "LineString", "coordinates": [ [ -52.093369745842857, -32.04485827620173 ], [ -52.094817178961527, -32.044867198128806 ] ] } },
{ "type": "Feature", "properties": { "tipo": "rua", "nome": "MAJOR MIGUEL PEREIRA", "drenagem": 1.0, "iluminacao": 1.0, "compriment": 20.898435168407619 }, "geometry": { "type": "LineString", "coordinates": [ [ -52.094063353614622, -32.040111174046601 ], [ -52.09398531308431, -32.040287527114401 ] ] } },
{ "type": "Feature", "properties": { "tipo": "rua", "nome": "GENERAL VITORINO", "drenagem": 1.0, "iluminacao": 1.0, "compriment": 133.29754526734672 }, "geometry": { "type": "LineString", "coordinates": [ [ -52.087611476639147, -32.03727104487001 ], [ -52.088980787488389, -32.036980241346356 ] ] } },
{ "type": "Feature", "properties": { "tipo": "rua", "nome": "GENERAL VITORINO", "drenagem": 1.0, "iluminacao": 1.0, "compriment": 114.4728253108339 }, "geometry": { "type": "LineString", "coordinates": [ [ -52.088980787488389, -32.036980241346356 ], [ -52.090167164460006, -32.036769387325435 ] ] } },
{ "type": "Feature", "properties": { "tipo": "rua", "nome": "GENERAL OSORIO", "drenagem": 1.0, "iluminacao": 1.0, "compriment": 47.060159613454246 }, "geometry": { "type": "LineString", "coordinates": [ [ -52.095148860536113, -32.03022902502272 ], [ -52.095645501856112, -32.030195580355937 ] ] } },
{ "type": "Feature", "properties": { "tipo": "rua", "nome": "GENERAL OSORIO", "drenagem": 1.0, "iluminacao": 1.0, "compriment": 112.48953784670651 }, "geometry": { "type": "LineString", "coordinates": [ [ -52.099093277778977, -32.029974816926163 ], [ -52.100282066991028, -32.02991532016167 ] ] } },
{ "type": "Feature", "properties": { "tipo": "rua", "nome": "GENERAL OSORIO", "drenagem": 1.0, "iluminacao": 1.0, "compriment": 167.27617460562669 }, "geometry": { "type": "LineString", "coordinates": [ [ -52.100282066991028, -32.02991532016167 ], [ -52.102048654434462, -32.029811071959003 ] ] } },
{ "type": "Feature", "properties": { "tipo": "rua", "nome": "GENERAL OSORIO", "drenagem": 1.0, "iluminacao": 1.0, "compriment": 109.99254077109117 }, "geometry": { "type": "MultiLineString", "coordinates": [ [ [ -52.102048654434462, -32.029811071959003 ], [ -52.102094502504968, -32.029817435716673 ] ], [ [ -52.102203782291994, -32.029832603859518 ], [ -52.102336302047789, -32.029850997733085 ] ], [ [ -52.102416901895396, -32.029862185071892 ], [ -52.102981100828636, -32.029940496443523 ] ], [ [ -52.103021400752439, -32.029946090112922 ], [ -52.103197903892543, -32.029970588923867 ] ] ] } },
{ "type": "Feature", "properties": { "tipo": "rua", "nome": "GENERAL BACELAR", "drenagem": 0.0, "iluminacao": 1.0, "compriment": 118.39624107840761 }, "geometry": { "type": "MultiLineString", "coordinates": [ [ [ -52.090172197522051, -32.032252490467442 ], [ -52.090568724297334, -32.032212995603814 ] ], [ [ -52.090770223916351, -32.032192925836853 ], [ -52.090810523840155, -32.032188911883459 ] ], [ [ -52.090915579271524, -32.032178448151392 ], [ -52.0914171160207, -32.032128494083352 ] ] ] } },
{ "type": "Feature", "properties": { "tipo": "rua", "nome": "GENERAL BACELAR", "drenagem": 0.0, "iluminacao": 1.0, "compriment": 109.9698385684022 }, "geometry": { "type": "LineString", "coordinates": [ [ -52.0914171160207, -32.032128494083352 ], [ -52.091737422087618, -32.03209654348489 ] ] } },
{ "type": "Feature", "properties": { "tipo": "rua", "nome": "ALVARES CABRAL", "drenagem": 1.0, "iluminacao": 1.0, "compriment": 102.69 }, "geometry": { "type": "MultiLineString", "coordinates": [ [ [ -52.12827440737307, -32.04592933341192 ], [ -52.128249153053069, -32.045972236623008 ] ], [ [ -52.128226963503678, -32.046009933259526 ], [ -52.128208853129266, -32.046040700004234 ] ], [ [ -52.12817951963428, -32.046090533107133 ], [ -52.128168553205462, -32.046109163385452 ] ], [ [ -52.128132075764881, -32.04617113295474 ], [ -52.128125431300546, -32.046182420879177 ] ], [ [ -52.128016015450953, -32.046368301603394 ], [ -52.128002840844651, -32.046390683236126 ] ] ] } },
{ "type": "Feature", "properties": { "tipo": "rua", "nome": "ALVARES CABRAL", "drenagem": 1.0, "iluminacao": 1.0, "compriment": 96.84 }, "geometry": { "type": "MultiLineString", "coordinates": [ [ [ -52.12784788764759, -32.046654732040373 ], [ -52.127844827331351, -32.046660037975101 ] ], [ [ -52.127685180486367, -32.04693683150699 ], [ -52.127684954119829, -32.046937223978219 ] ], [ [ -52.127568961085494, -32.047138331126007 ], [ -52.127564054348419, -32.047146838360113 ] ] ] } },
{ "type": "Feature", "properties": { "tipo": "rua", "nome": "MARECHAL FLORIANO PEIXOTO", "drenagem": 1.0, "iluminacao": 1.0, "compriment": 80.314411128194138 }, "geometry": { "type": "LineString", "coordinates": [ [ -52.092021366662536, -32.031218654865107 ], [ -52.092854172574228, -32.031072745437989 ] ] } },
{ "type": "Feature", "properties": { "tipo": "rua", "nome": "MARECHAL FLORIANO PEIXOTO", "drenagem": 1.0, "iluminacao": 1.0, "compriment": 130.9130525968869 }, "geometry": { "type": "LineString", "coordinates": [ [ -52.092854172574228, -32.031072745437989 ], [ -52.09423844335209, -32.031015674711469 ] ] } },
{ "type": "Feature", "properties": { "tipo": "rua", "nome": "MARECHAL FLORIANO PEIXOTO", "drenagem": 1.0, "iluminacao": 1.0, "compriment": 25.817686339486151 }, "geometry": { "type": "LineString", "coordinates": [ [ -52.09423844335209, -32.031015674711469 ], [ -52.094511736256706, -32.031012720990688 ] ] } },
{ "type": "Feature", "properties": { "tipo": "rua", "nome": "MARECHAL FLORIANO PEIXOTO", "drenagem": 1.0, "iluminacao": 1.0, "compriment": 65.000059376074759 }, "geometry": { "type": "LineString", "coordinates": [ [ -52.094511736256706, -32.031012720990688 ], [ -52.09467931652523, -32.031004370872104 ] ] } },
{ "type": "Feature", "properties": { "tipo": "rua", "nome": "MARECHAL FLORIANO PEIXOTO", "drenagem": 1.0, "iluminacao": 1.0, "compriment": 87.735965598836614 }, "geometry": { "type": "MultiLineString", "coordinates": [ [ [ -52.096412213248762, -32.030977405188963 ], [ -52.096452513172558, -32.030977121713967 ] ], [ [ -52.096533113020165, -32.03097655476396 ], [ -52.096573412943968, -32.030976271288964 ] ] ] } },
{ "type": "Feature", "properties": { "tipo": "travessa", "nome": "ASSIS BRASIL", "drenagem": 1.0, "iluminacao": 1.0, "compriment": 173.1727832805924 }, "geometry": { "type": "MultiLineString", "coordinates": [ [ [ -52.08182847488515, -32.045863659502139 ], [ -52.081879098148683, -32.04605023318333 ] ], [ [ -52.082077566543681, -32.046781694896161 ], [ -52.082105740298722, -32.046885530185008 ] ], [ [ -52.082130594576, -32.046977131430793 ], [ -52.082229006221475, -32.047339830745024 ] ] ] } },
{ "type": "Feature", "properties": { "tipo": "rua", "nome": "ARNALDO RODRIGUES LOUZADA", "drenagem": 0.0, "iluminacao": 1.0, "compriment": 58.492381552778085 }, "geometry": { "type": "LineString", "coordinates": [ [ -52.092374890222388, -32.043306718029662 ], [ -52.092979390069928, -32.043192076141317 ] ] } },
{ "type": "Feature", "properties": { "tipo": "rua", "nome": "DARCY SARMANHO VARGAS", "drenagem": 1.0, "iluminacao": 1.0, "compriment": 127.16524902619227 }, "geometry": { "type": "LineString", "coordinates": [ [ -52.093420598495484, -32.046817292447308 ], [ -52.094766570274288, -32.046847742949161 ] ] } },
{ "type": "Feature", "properties": { "tipo": "rua", "nome": "DOUTOR ROBERTO PAGANINI ROCAMORA", "drenagem": 1.0, "iluminacao": 1.0, "compriment": 128.77850504885967 }, "geometry": { "type": "LineString", "coordinates": [ [ -52.093412423268518, -32.046432820997879 ], [ -52.094775302466388, -32.04646848453261 ] ] } },
{ "type": "Feature", "properties": { "tipo": "rua", "nome": "MARECHAL FLORIANO PEIXOTO", "drenagem": 1.0, "iluminacao": 1.0, "compriment": 129.47633143506312 }, "geometry": { "type": "MultiLineString", "coordinates": [ [ [ -52.097701810810449, -32.030946257242753 ], [ -52.098064510124679, -32.0309416765854 ] ], [ [ -52.098145109972286, -32.030940658661549 ], [ -52.098266009743696, -32.03093913177576 ] ], [ [ -52.098830208676937, -32.030932006308774 ], [ -52.099031708295946, -32.030929461499134 ] ] ] } },
{ "type": "Feature", "properties": { "tipo": "rua", "nome": "MARECHAL FLORIANO PEIXOTO", "drenagem": 1.0, "iluminacao": 1.0, "compriment": 76.371867614238852 }, "geometry": { "type": "LineString", "coordinates": [ [ -52.099152608067357, -32.030958113998764 ], [ -52.099813351188324, -32.031122869150238 ] ] } },
{ "type": "Feature", "properties": { "tipo": "travessa", "nome": "JOSE DO PATROCINIO", "drenagem": 1.0, "iluminacao": 1.0, "compriment": 159.14461361916679 }, "geometry": { "type": "MultiLineString", "coordinates": [ [ [ -52.08871317614193, -32.039310211911811 ], [ -52.088747341607665, -32.039320145908242 ] ], [ [ -52.088755227726203, -32.039322438886593 ], [ -52.08895672734522, -32.039381027184838 ] ], [ [ -52.089440348533685, -32.039521645527259 ], [ -52.090307749050758, -32.039773852059639 ] ] ] } },
{ "type": "Feature", "properties": { "tipo": "rua", "nome": "DOUTOR MARIO WERNECK", "drenagem": 1.0, "iluminacao": 1.0, "compriment": 40.486883785496971 }, "geometry": { "type": "LineString", "coordinates": [ [ -52.090701392245791, -32.038745042837569 ], [ -52.090562826346577, -32.039090555941499 ] ] } },
{ "type": "Feature", "properties": { "tipo": "rua", "nome": "ANDRADE NEVES", "drenagem": 1.0, "iluminacao": 1.0, "compriment": 104.58432981395211 }, "geometry": { "type": "LineString", "coordinates": [ [ -52.092620789794879, -32.037277199567356 ], [ -52.092389779178028, -32.036354798087885 ] ] } },
{ "type": "Feature", "properties": { "tipo": "rua", "nome": "ANDRADE NEVES", "drenagem": 1.0, "iluminacao": 1.0, "compriment": 106.74344545768454 }, "geometry": { "type": "LineString", "coordinates": [ [ -52.092389779178028, -32.036354798087885 ], [ -52.092198482420521, -32.035406061377515 ] ] } },
{ "type": "Feature", "properties": { "tipo": "rua", "nome": "ANDRADE NEVES", "drenagem": 1.0, "iluminacao": 1.0, "compriment": 6.9397407356774723 }, "geometry": { "type": "LineString", "coordinates": [ [ -52.092198482420521, -32.035406061377515 ], [ -52.092184730311395, -32.035344583847937 ] ] } },
{ "type": "Feature", "properties": { "tipo": "rua", "nome": "CORONEL SAMPAIO", "drenagem": 1.0, "iluminacao": 1.0, "compriment": 124.09625295915767 }, "geometry": { "type": "LineString", "coordinates": [ [ -52.08971015568347, -32.030650037422781 ], [ -52.089565892627036, -32.031762389372034 ] ] } },
{ "type": "Feature", "properties": { "tipo": "rua", "nome": "CORONEL SAMPAIO", "drenagem": 0.0, "iluminacao": 1.0, "compriment": 60.768168996551623 }, "geometry": { "type": "LineString", "coordinates": [ [ -52.089565892627036, -32.031762389372034 ], [ -52.089499346562256, -32.032307466593387 ] ] } },
{ "type": "Feature", "properties": { "tipo": "rua", "nome": "CORONEL SAMPAIO", "drenagem": 0.0, "iluminacao": 1.0, "compriment": 81.349949244073613 }, "geometry": { "type": "LineString", "coordinates": [ [ -52.089499346562256, -32.032307466593387 ], [ -52.089437928981241, -32.033039225409425 ] ] } },
{ "type": "Feature", "properties": { "tipo": "rua", "nome": "GASPAR LEMOS", "drenagem": 0.0, "iluminacao": 1.0, "compriment": 130.50217809265578 }, "geometry": { "type": "LineString", "coordinates": [ [ -52.093403941747454, -32.046033939121479 ], [ -52.094785697967211, -32.046038480039734 ] ] } },
{ "type": "Feature", "properties": { "tipo": "rua", "nome": "GASPAR LEMOS", "drenagem": 0.0, "iluminacao": 1.0, "compriment": 35.004812205735618 }, "geometry": { "type": "LineString", "coordinates": [ [ -52.094785697967211, -32.046038480039734 ], [ -52.09514830982878, -32.045973159068438 ] ] } },
{ "type": "Feature", "properties": { "tipo": "rua", "nome": "GASPAR LEMOS", "drenagem": 0.0, "iluminacao": 1.0, "compriment": 176.18245371540894 }, "geometry": { "type": "LineString", "coordinates": [ [ -52.096373015016134, -32.045751776687176 ], [ -52.098192597706124, -32.045401713606807 ] ] } },
{ "type": "Feature", "properties": { "tipo": "rua", "nome": "ALVARO DELFINO", "drenagem": 0.0, "iluminacao": 1.0, "compriment": 138.70470477849278 }, "geometry": { "type": "MultiLineString", "coordinates": [ [ [ -52.093362192420237, -32.044437418058926 ], [ -52.093953917896783, -32.044454193008626 ] ], [ [ -52.094039110726087, -32.044456608158022 ], [ -52.094829969888266, -32.044479028390363 ] ] ] } },
{ "type": "Feature", "properties": { "tipo": "rua", "nome": "COMENDADOR FRANCISCO MARQUES", "drenagem": 0.0, "iluminacao": 1.0, "compriment": 108.0569001380062 }, "geometry": { "type": "LineString", "coordinates": [ [ -52.091349549670362, -32.036556945314295 ], [ -52.091613672765767, -32.037505091653266 ] ] } },
{ "type": "Feature", "properties": { "tipo": "rua", "nome": "CORONEL SAMPAIO", "drenagem": 1.0, "iluminacao": 1.0, "compriment": 156.27261774959004 }, "geometry": { "type": "LineString", "coordinates": [ [ -52.089437928981241, -32.033039225409425 ], [ -52.089255200637417, -32.034439894005814 ] ] } },
{ "type": "Feature", "properties": { "tipo": "rua", "nome": "CORONEL SAMPAIO", "drenagem": 1.0, "iluminacao": 1.0, "compriment": 85.189516618860225 }, "geometry": { "type": "LineString", "coordinates": [ [ -52.089255200637417, -32.034439894005814 ], [ -52.089176140649094, -32.035205188829195 ] ] } },
{ "type": "Feature", "properties": { "tipo": "rua", "nome": "CORONEL SAMPAIO", "drenagem": 1.0, "iluminacao": 1.0, "compriment": 80.695023280066962 }, "geometry": { "type": "LineString", "coordinates": [ [ -52.089176140649094, -32.035205188829195 ], [ -52.089093797449664, -32.035929520784734 ] ] } },
{ "type": "Feature", "properties": { "tipo": "rua", "nome": "CORONEL SAMPAIO", "drenagem": 1.0, "iluminacao": 1.0, "compriment": 109.66733419110248 }, "geometry": { "type": "LineString", "coordinates": [ [ -52.089085701738249, -32.03599529051192 ], [ -52.088980787488389, -32.036980241346356 ] ] } },
{ "type": "Feature", "properties": { "tipo": "rua", "nome": "CORONEL SAMPAIO", "drenagem": 1.0, "iluminacao": 1.0, "compriment": 53.812596370173253 }, "geometry": { "type": "LineString", "coordinates": [ [ -52.08885221483844, -32.03808220019328 ], [ -52.088796098768924, -32.038565130498128 ] ] } },
{ "type": "Feature", "properties": { "tipo": "rua", "nome": "DOUTOR PAULO LEIRIA", "drenagem": 0.0, "iluminacao": 1.0, "compriment": 61.201971014508963 }, "geometry": { "type": "LineString", "coordinates": [ [ -52.095157712066502, -32.040633278285064 ], [ -52.094911278127611, -32.041143733297297 ] ] } },
{ "type": "Feature", "properties": { "tipo": "rua", "nome": "DOUTOR PAULO LEIRIA", "drenagem": 1.0, "iluminacao": 1.0, "compriment": 45.043868091986432 }, "geometry": { "type": "LineString", "coordinates": [ [ -52.094911278127611, -32.041143733297297 ], [ -52.094766808155136, -32.04153085827906 ] ] } },
{ "type": "Feature", "properties": { "tipo": "rua", "nome": "APELLES PORTO ALEGRE", "drenagem": 1.0, "iluminacao": 1.0, "compriment": 114.3341635611572 }, "geometry": { "type": "LineString", "coordinates": [ [ -52.0963098802658, -32.039470520268267 ], [ -52.096025185689989, -32.04047268077543 ] ] } },
{ "type": "Feature", "properties": { "tipo": "rua", "nome": "APELLES PORTO ALEGRE", "drenagem": 0.0, "iluminacao": 1.0, "compriment": 24.707065360647235 }, "geometry": { "type": "LineString", "coordinates": [ [ -52.096025185689989, -32.04047268077543 ], [ -52.09591556941966, -32.040674986131805 ] ] } },
{ "type": "Feature", "properties": { "tipo": "rua", "nome": "APELLES PORTO ALEGRE", "drenagem": 1.0, "iluminacao": 1.0, "compriment": 20.400814855490513 }, "geometry": { "type": "LineString", "coordinates": [ [ -52.09591556941966, -32.040674986131805 ], [ -52.095850368629613, -32.040850381231351 ] ] } },
{ "type": "Feature", "properties": { "tipo": "rua", "nome": "APELLES PORTO ALEGRE", "drenagem": 1.0, "iluminacao": 1.0, "compriment": 89.341949218084551 }, "geometry": { "type": "LineString", "coordinates": [ [ -52.095850368629613, -32.040850381231351 ], [ -52.095770115188841, -32.041312125639791 ], [ -52.095711843529635, -32.04164739345704 ] ] } },
{ "type": "Feature", "properties": { "tipo": "rua", "nome": "COMENDADOR HENRIQUE PANCADA", "drenagem": 0.0, "iluminacao": 1.0, "compriment": 118.67088916021581 }, "geometry": { "type": "LineString", "coordinates": [ [ -52.126880025154939, -32.04114032693694 ], [ -52.128009898761626, -32.041608419132388 ] ] } },
{ "type": "Feature", "properties": { "tipo": "rua", "nome": "COMENDADOR HENRIQUE PANCADA", "drenagem": 0.0, "iluminacao": 1.0, "compriment": 59.512244897756993 }, "geometry": { "type": "LineString", "coordinates": [ [ -52.131466395256567, -32.043092497412488 ], [ -52.132026398279997, -32.043338510131747 ] ] } },
{ "type": "Feature", "properties": { "tipo": "rua", "nome": "COMENDADOR HENRIQUE PANCADA", "drenagem": 1.0, "iluminacao": 1.0, "compriment": 59.501636651080965 }, "geometry": { "type": "LineString", "coordinates": [ [ -52.132026398279997, -32.043338510131747 ], [ -52.132541921066952, -32.043646937713511 ] ] } },
{ "type": "Feature", "properties": { "tipo": "rua", "nome": "COMENDADOR HENRIQUE PANCADA", "drenagem": 1.0, "iluminacao": 1.0, "compriment": 121.48827893840331 }, "geometry": { "type": "LineString", "coordinates": [ [ -52.132541921066952, -32.043646937713511 ], [ -52.133487958316266, -32.044389265472205 ] ] } },
{ "type": "Feature", "properties": { "tipo": "rua", "nome": "COMENDADOR HENRIQUE PANCADA", "drenagem": 1.0, "iluminacao": 1.0, "compriment": 121.99262965432555 }, "geometry": { "type": "MultiLineString", "coordinates": [ [ [ -52.133487958316266, -32.044389265472205 ], [ -52.134158486030884, -32.044921835316849 ] ], [ [ -52.134173241852096, -32.044933555198426 ], [ -52.134209225320916, -32.044962135240652 ] ], [ [ -52.134253841699703, -32.044997572012917 ], [ -52.134432612742998, -32.045139561769162 ] ] ] } },
{ "type": "Feature", "properties": { "tipo": "rua", "nome": "PADRE FEIJO", "drenagem": 1.0, "iluminacao": 1.0, "compriment": 154.3467667277659 }, "geometry": { "type": "LineString", "coordinates": [ [ -52.115288690134228, -32.032066485248173 ], [ -52.114583204848174, -32.033321988297253 ] ] } },
{ "type": "Feature", "properties": { "tipo": "rua", "nome": "JOAO MANOEL", "drenagem": 1.0, "iluminacao": 1.0, "compriment": 118.50413977953694 }, "geometry": { "type": "MultiLineString", "coordinates": [ [ [ -52.107751626248763, -32.037063350175281 ], [ -52.107776791761182, -32.037074177639305 ] ], [ [ -52.107938958800581, -32.03714395002288 ], [ -52.108018591304003, -32.037178211914778 ] ] ] } },
{ "type": "Feature", "properties": { "tipo": "rua", "nome": "GUSTAVO SAMPAIO", "drenagem": 0.0, "iluminacao": 1.0, "compriment": 102.53226653407584 }, "geometry": { "type": "MultiLineString", "coordinates": [ [ [ -52.136076508568117, -32.049677226325592 ], [ -52.136067338270834, -32.049692242502744 ] ], [ [ -52.136027286681866, -32.049757826173199 ], [ -52.136027038347031, -32.049758232816494 ] ] ] } },
{ "type": "Feature", "properties": { "tipo": "rua", "nome": "LUIZ LOREA", "drenagem": 1.0, "iluminacao": 1.0, "compriment": 58.968100945771134 }, "geometry": { "type": "MultiLineString", "coordinates": [ [ [ -52.092140421325652, -32.033072887510215 ], [ -52.092180721249449, -32.033066416174123 ] ], [ [ -52.092261321097055, -32.03305347350193 ], [ -52.092341920944662, -32.033040530829737 ] ], [ [ -52.092352779647115, -32.033038787146211 ], [ -52.092422520792269, -32.033027588157545 ] ], [ [ -52.092624020411286, -32.032995231477059 ], [ -52.092637556433843, -32.032993057871181 ] ] ] } },
{ "type": "Feature", "properties": { "tipo": "rua", "nome": "MAJOR MIGUEL PEREIRA", "drenagem": 1.0, "iluminacao": 1.0, "compriment": 60.971571208516153 }, "geometry": { "type": "LineString", "coordinates": [ [ -52.09402301851506, -32.040298646997115 ], [ -52.09399421782058, -32.040327843963212 ] ] } },
{ "type": "Feature", "properties": { "tipo": "rua", "nome": "COMENDADOR FRANCISCO MARQUES", "drenagem": 0.0, "iluminacao": 1.0, "compriment": 56.343586674694983 }, "geometry": { "type": "LineString", "coordinates": [ [ -52.09174537495521, -32.037990784879895 ], [ -52.09187962403449, -32.038485864805232 ] ] } },
{ "type": "Feature", "properties": { "tipo": "rua", "nome": "DOUTOR ALVARO COSTA", "drenagem": 1.0, "iluminacao": 1.0, "compriment": 124.00747523115555 }, "geometry": { "type": "LineString", "coordinates": [ [ -52.088352228488176, -32.039782988099994 ], [ -52.08733940251367, -32.039718573626658 ] ] } },
{ "type": "Feature", "properties": { "tipo": "rua", "nome": "JOAO CANUSO", "drenagem": 0.0, "iluminacao": 1.0, "compriment": 110.63743660944543 }, "geometry": { "type": "MultiLineString", "coordinates": [ [ [ -52.090623509061153, -32.040391169627071 ], [ -52.090449325217868, -32.040850792666781 ] ], [ [ -52.090447824525924, -32.040854752578213 ], [ -52.090263675305565, -32.041340671494829 ] ] ] } },
{ "type": "Feature", "properties": { "tipo": "rua", "nome": "PROFESSOR EWERTON MEDEIROS", "drenagem": 1.0, "iluminacao": 1.0, "compriment": 122.8035224435291 }, "geometry": { "type": "LineString", "coordinates": [ [ -52.094709316536068, -32.038310353000128 ], [ -52.095975025521923, -32.038057167819652 ] ] } },
{ "type": "Feature", "properties": { "tipo": "rua", "nome": "JOCKEY CLUBE", "drenagem": 1.0, "iluminacao": 1.0, "compriment": 36.544109858818658 }, "geometry": { "type": "LineString", "coordinates": [ [ -52.142284148958254, -32.047114034395769 ], [ -52.142644313011232, -32.047234490244996 ] ] } },
{ "type": "Feature", "properties": { "tipo": "rua", "nome": "JOCKEY CLUBE", "drenagem": 1.0, "iluminacao": 1.0, "compriment": 59.102688990445209 }, "geometry": { "type": "LineString", "coordinates": [ [ -52.142644313011232, -32.047234490244996 ], [ -52.143228852438725, -32.047424805425301 ] ] } },
{ "type": "Feature", "properties": { "tipo": "rua", "nome": "JOCKEY CLUBE", "drenagem": 1.0, "iluminacao": 1.0, "compriment": 70.801346812927662 }, "geometry": { "type": "LineString", "coordinates": [ [ -52.144093745289013, -32.047695991429158 ], [ -52.144792046937795, -32.047928262038923 ] ] } },
{ "type": "Feature", "properties": { "tipo": "rua", "nome": "PROFESSOR ANTONIO GOMES DE FREITAS", "drenagem": 1.0, "iluminacao": 1.0, "compriment": 28.169050669109648 }, "geometry": { "type": "LineString", "coordinates": [ [ -52.090845806454517, -32.041507301808252 ], [ -52.090562574250406, -32.041427729549007 ] ] } },
{ "type": "Feature", "properties": { "tipo": "rua", "nome": "CASIMIRO DE ABREU", "drenagem": 0.0, "iluminacao": 0.0, "compriment": 97.47042850112247 }, "geometry": { "type": "LineString", "coordinates": [ [ -52.126674526711433, -32.043833737374172 ], [ -52.12659702910905, -32.043954983009392 ] ] } },
{ "type": "Feature", "properties": { "tipo": "rua", "nome": "CORREDOR DO BOSQUE SILVEIRA", "drenagem": 1.0, "iluminacao": 1.0, "compriment": 14.43068888815667 }, "geometry": { "type": "LineString", "coordinates": [ [ -52.161852865329109, -32.055947692442174 ], [ -52.161996858223716, -32.055991257825461 ] ] } },
{ "type": "Feature", "properties": { "tipo": "rua", "nome": "HEITOR VAUGHAN CORREA", "drenagem": 1.0, "iluminacao": 1.0, "compriment": 95.245703163937776 }, "geometry": { "type": "MultiLineString", "coordinates": [ [ [ -52.099340061499454, -32.041294842174587 ], [ -52.09935891479337, -32.041375442022193 ] ], [ [ -52.099394407610177, -32.041527177609566 ], [ -52.099466297222072, -32.041834513388118 ] ] ] } },
{ "type": "Feature", "properties": { "tipo": "rua", "nome": "DOUTOR PAULINO DE MELLO DUTRA", "drenagem": 0.0, "iluminacao": 1.0, "compriment": 71.772521882201318 }, "geometry": { "type": "MultiLineString", "coordinates": [ [ [ -52.168782939771049, -32.060952651577644 ], [ -52.168803697450684, -32.06092090506661 ] ], [ [ -52.168988150172069, -32.060638805599986 ], [ -52.168992376017819, -32.060632342649356 ] ], [ [ -52.169032675941622, -32.060570708497664 ], [ -52.169093551727144, -32.060477605904772 ] ], [ [ -52.169113275789229, -32.060447440194281 ], [ -52.169119902115916, -32.060437305980969 ] ] ] } },
{ "type": "Feature", "properties": { "tipo": "rua", "nome": "DOUTOR PAULINO DE MELLO DUTRA", "drenagem": 0.0, "iluminacao": 1.0, "compriment": 55.753139675257145 }, "geometry": { "type": "LineString", "coordinates": [ [ -52.169779465326982, -32.059384525963296 ], [ -52.170057508516216, -32.058940982923403 ] ] } },
{ "type": "Feature", "properties": { "tipo": "rua", "nome": "RAFAEL ANSELMI", "drenagem": 0.0, "iluminacao": 1.0, "compriment": 111.36213539685873 }, "geometry": { "type": "MultiLineString", "coordinates": [ [ [ -52.142000038573755, -32.049588413741674 ], [ -52.141856656265141, -32.049878725944609 ] ], [ [ -52.141619973346124, -32.050357947825482 ], [ -52.14155810029402, -32.050483224801653 ] ], [ [ -52.141548127908031, -32.050503416311834 ], [ -52.141542837086675, -32.050514128860812 ] ] ] } },
{ "type": "Feature", "properties": { "tipo": "rua", "nome": "ANTONIO JOAO", "drenagem": 0.0, "iluminacao": 1.0, "compriment": 76.745316302252462 }, "geometry": { "type": "MultiLineString", "coordinates": [ [ [ -52.160529392019207, -32.05601490451911 ], [ -52.160514951960067, -32.056044614286456 ] ], [ [ -52.160495364688437, -32.05608491421026 ], [ -52.160489092095403, -32.056097819786189 ] ], [ [ -52.160456190145183, -32.056165514057859 ], [ -52.1604487921716, -32.056180735053275 ] ] ] } },
{ "type": "Feature", "properties": { "tipo": "rua", "nome": "GENERAL CAMISAO", "drenagem": 0.0, "iluminacao": 1.0, "compriment": 116.61962433468675 }, "geometry": { "type": "MultiLineString", "coordinates": [ [ [ -52.155181800107158, -32.051325023783221 ], [ -52.154816098613921, -32.052054921829964 ] ], [ [ -52.15480680283919, -32.052073475125326 ], [ -52.154697149902034, -32.052292329754387 ] ] ] } },
{ "type": "Feature", "properties": { "tipo": "rua", "nome": "EDUARDO ARAÚJO", "drenagem": 0.0, "iluminacao": 1.0, "compriment": 131.47049319274046 }, "geometry": { "type": "MultiLineString", "coordinates": [ [ [ -52.165526063348722, -32.059792507200122 ], [ -52.165607182418377, -32.059814946181127 ] ], [ [ -52.165671751440598, -32.059832807123925 ], [ -52.165808682037387, -32.059870684568445 ] ], [ [ -52.16584898196119, -32.059881832245907 ], [ -52.165889281884994, -32.059892979923376 ] ], [ [ -52.165935363009687, -32.059905726784081 ], [ -52.166695280361054, -32.060115933472659 ] ] ] } },
{ "type": "Feature", "properties": { "tipo": "rua", "nome": "EDUARDO ARAÚJO", "drenagem": 0.0, "iluminacao": 1.0, "compriment": 141.65351159528558 }, "geometry": { "type": "MultiLineString", "coordinates": [ [ [ -52.168774162852387, -32.060987759252278 ], [ -52.168831176322605, -32.061018611041682 ] ], [ [ -52.168948511407258, -32.061082104761816 ], [ -52.168952076094016, -32.061084033726409 ] ], [ [ -52.169469825400625, -32.06136420422844 ], [ -52.169475975103452, -32.061367532026864 ] ] ] } },
{ "type": "Feature", "properties": { "tipo": "rua", "nome": "RODRIGUES DUARTE", "drenagem": 0.0, "iluminacao": 1.0, "compriment": 114.35612054101539 }, "geometry": { "type": "LineString", "coordinates": [ [ -52.15301106635529, -32.050519985850187 ], [ -52.152519491093237, -32.051462458950731 ] ] } },
{ "type": "Feature", "properties": { "tipo": "rua", "nome": "BARÃO DO LADÁRIO", "drenagem": 0.0, "iluminacao": 1.0, "compriment": 110.58162271187298 }, "geometry": { "type": "MultiLineString", "coordinates": [ [ [ -52.154960685525026, -32.054579183010787 ], [ -52.154999958819722, -32.054593817029549 ] ], [ [ -52.155088902305813, -32.054626959159691 ], [ -52.155108111666166, -32.054634116953352 ] ] ] } },
{ "type": "Feature", "properties": { "tipo": "rua", "nome": "ALBERTO TORRES", "drenagem": 1.0, "iluminacao": 1.0, "compriment": 105.64729328367761 }, "geometry": { "type": "MultiLineString", "coordinates": [ [ [ -52.15413157236469, -32.050955544078001 ], [ -52.154736387189509, -32.051168323506303 ] ], [ [ -52.154766502915386, -32.051178918496163 ], [ -52.155165497212785, -32.051319288366429 ] ] ] } },
{ "type": "Feature", "properties": { "tipo": "rua", "nome": "ALBERTO TORRES", "drenagem": 1.0, "iluminacao": 1.0, "compriment": 116.22078673493513 }, "geometry": { "type": "LineString", "coordinates": [ [ -52.155181800107158, -32.051325023783221 ], [ -52.156299641793339, -32.051763346473784 ] ] } },
{ "type": "Feature", "properties": { "tipo": "rua", "nome": "PROFESSOR ANTONIO GOMES DE FREITAS", "drenagem": 1.0, "iluminacao": 1.0, "compriment": 58.827165329866425 }, "geometry": { "type": "LineString", "coordinates": [ [ -52.091906693266424, -32.041821897953433 ], [ -52.091321239535176, -32.041640869921579 ] ] } },
{ "type": "Feature", "properties": { "tipo": "rua", "nome": "CRISTOVAO PEREIRA", "drenagem": 1.0, "iluminacao": 1.0, "compriment": 110.99912160941072 }, "geometry": { "type": "MultiLineString", "coordinates": [ [ [ -52.15537100177243, -32.05359871727628 ], [ -52.155438371241566, -32.053626618858281 ] ], [ [ -52.155451601620037, -32.053632098320932 ], [ -52.155535676995477, -32.053666918782078 ] ], [ [ -52.155572501391447, -32.053682169887914 ], [ -52.155632982749403, -32.053707218705881 ] ], [ [ -52.155653101239054, -32.053715550932573 ], [ -52.15573370108666, -32.053748931977225 ] ], [ [ -52.155774001010464, -32.053765622499554 ], [ -52.155854600858071, -32.053799003544206 ] ], [ [ -52.155894900781874, -32.053815694066536 ], [ -52.156390175126013, -32.054020815732258 ] ] ] } },
{ "type": "Feature", "properties": { "tipo": "rua", "nome": "TORQUATO PONTES", "drenagem": 0.0, "iluminacao": 1.0, "compriment": 100.65185409314543 }, "geometry": { "type": "MultiLineString", "coordinates": [ [ [ -52.167944577998945, -32.060344906879003 ], [ -52.167984877922748, -32.060283272325272 ] ], [ [ -52.167989563457546, -32.060276106285762 ], [ -52.168042263891323, -32.060195506438156 ] ], [ [ -52.1680949643251, -32.060114906590549 ], [ -52.168357028624349, -32.059714106425005 ] ] ] } },
{ "type": "Feature", "properties": { "tipo": "rua", "nome": "LEOPOLDO FROES", "drenagem": 0.0, "iluminacao": 1.0, "compriment": 86.520996953242815 }, "geometry": { "type": "LineString", "coordinates": [ [ -52.170391469452476, -32.061082104761816 ], [ -52.170402873350923, -32.061063656310921 ] ] } },
{ "type": "Feature", "properties": { "tipo": "rua", "nome": "FORTE SANTANA", "drenagem": 0.0, "iluminacao": 1.0, "compriment": 120.02310016490563 }, "geometry": { "type": "LineString", "coordinates": [ [ -52.124660244910075, -32.053425119239265 ], [ -52.124144773697395, -32.054370288612262 ] ] } },
{ "type": "Feature", "properties": { "tipo": "rua", "nome": "ALBERTO TORRES", "drenagem": 0.0, "iluminacao": 1.0, "compriment": 6.0277786345544184 }, "geometry": { "type": "LineString", "coordinates": [ [ -52.159446813600837, -32.053384819315461 ], [ -52.159472681916647, -32.053398204759695 ] ] } },
{ "type": "Feature", "properties": { "tipo": "rua", "nome": "ALBERTO TORRES", "drenagem": 1.0, "iluminacao": 1.0, "compriment": 105.04999040870833 }, "geometry": { "type": "LineString", "coordinates": [ [ -52.157318906267015, -32.052142716822168 ], [ -52.156299641793339, -32.051763346473784 ] ] } },
{ "type": "Feature", "properties": { "tipo": "rua", "nome": "BENTO GONCALVES", "drenagem": 1.0, "iluminacao": 1.0, "compriment": 117.41018336799365 }, "geometry": { "type": "MultiLineString", "coordinates": [ [ [ -52.110004114855251, -32.038997746517815 ], [ -52.110033587494144, -32.039010120119237 ] ], [ [ -52.110100105105872, -32.039038046441618 ], [ -52.11011418734175, -32.039043958636128 ] ], [ [ -52.110292085607114, -32.039118646289225 ], [ -52.110315686960767, -32.039128554928361 ] ], [ [ -52.110388075857735, -32.039158946213028 ], [ -52.110396286808374, -32.039162393445253 ] ] ] } },
{ "type": "Feature", "properties": { "tipo": "rua", "nome": "BENTO GONCALVES", "drenagem": 0.0, "iluminacao": 1.0, "compriment": 59.358101794997104 }, "geometry": { "type": "MultiLineString", "coordinates": [ [ [ -52.127967786929247, -32.046654732040373 ], [ -52.128047653434052, -32.046687776932117 ] ], [ [ -52.128162589447157, -32.04673533188798 ], [ -52.128208853129266, -32.046754473559083 ] ], [ [ -52.128370052824472, -32.046821170186043 ], [ -52.128436306655395, -32.046848582812601 ] ] ] } },
{ "type": "Feature", "properties": { "tipo": "rua", "nome": "BENTO GONCALVES", "drenagem": 1.0, "iluminacao": 1.0, "compriment": 121.1303994772818 }, "geometry": { "type": "LineString", "coordinates": [ [ -52.109832087875134, -32.038835023275567 ], [ -52.109912687722741, -32.038868217177416 ] ] } },
{ "type": "Feature", "properties": { "tipo": "rua", "nome": "BENTO GONCALVES", "drenagem": 0.0, "iluminacao": 1.0, "compriment": 61.179595236663715 }, "geometry": { "type": "MultiLineString", "coordinates": [ [ [ -52.128436306655395, -32.046848582812601 ], [ -52.128450652672079, -32.04685418191859 ] ], [ [ -52.128455904513316, -32.04685623165939 ], [ -52.129025202243696, -32.047078422836357 ] ] ] } },
{ "type": "Feature", "properties": { "tipo": "rua", "nome": "BENTO GONCALVES", "drenagem": 0.0, "iluminacao": 1.0, "compriment": 59.084446872827918 }, "geometry": { "type": "MultiLineString", "coordinates": [ [ [ -52.129025202243696, -32.047078422836357 ], [ -52.129538750614756, -32.047295412021846 ] ], [ [ -52.129548498578487, -32.047299530821221 ], [ -52.12957905053856, -32.047312439916652 ] ] ] } },
{ "type": "Feature", "properties": { "tipo": "rua", "nome": "BENTO GONCALVES", "drenagem": 1.0, "iluminacao": 1.0, "compriment": 116.13552266000086 }, "geometry": { "type": "MultiLineString", "coordinates": [ [ [ -52.105422288036024, -32.036951197868504 ], [ -52.105479696104418, -32.036977660519902 ] ], [ [ -52.105490737931945, -32.036982750327674 ], [ -52.105519996028221, -32.036996237052172 ] ], [ [ -52.105600595875828, -32.037033390116704 ], [ -52.105640895799624, -32.037051966648967 ] ], [ [ -52.105665591218354, -32.037063350175281 ], [ -52.105681195723427, -32.037070543181237 ] ] ] } },
{ "type": "Feature", "properties": { "tipo": "rua", "nome": "TOBIAS BARRETO", "drenagem": 1.0, "iluminacao": 1.0, "compriment": 101.25714637199876 }, "geometry": { "type": "LineString", "coordinates": [ [ -52.129143562320046, -32.042093365543259 ], [ -52.128728083621056, -32.042785939355291 ] ] } },
{ "type": "Feature", "properties": { "tipo": "rua", "nome": "CRISTOVAO JACQUES", "drenagem": 1.0, "iluminacao": 1.0, "compriment": 143.92344558753734 }, "geometry": { "type": "LineString", "coordinates": [ [ -52.093340574342136, -32.043287973365977 ], [ -52.094864345021989, -32.043299074375454 ] ] } },
{ "type": "Feature", "properties": { "tipo": "rua", "nome": "CRISTOVAO JACQUES", "drenagem": 1.0, "iluminacao": 1.0, "compriment": 32.855025873098164 }, "geometry": { "type": "LineString", "coordinates": [ [ -52.09486514514677, -32.04336996926223 ], [ -52.095204855139052, -32.043306204250783 ] ] } },
{ "type": "Feature", "properties": { "tipo": "rua", "nome": "CRISTOVAO JACQUES", "drenagem": 1.0, "iluminacao": 1.0, "compriment": 117.99271281047844 }, "geometry": { "type": "LineString", "coordinates": [ [ -52.095204855139052, -32.043306204250783 ], [ -52.096427291731629, -32.043086819854061 ] ] } },
{ "type": "Feature", "properties": { "tipo": "rua", "nome": "CRISTOVAO JACQUES", "drenagem": 1.0, "iluminacao": 1.0, "compriment": 111.70225896344581 }, "geometry": { "type": "LineString", "coordinates": [ [ -52.096427291731629, -32.043086819854061 ], [ -52.097579575229013, -32.042859932517821 ] ] } },
{ "type": "Feature", "properties": { "tipo": "rua", "nome": "PEDRO DE SÁ FREITAS", "drenagem": 1.0, "iluminacao": 1.0, "compriment": 93.931854596211593 }, "geometry": { "type": "MultiLineString", "coordinates": [ [ [ -52.143975729848947, -32.049484818713559 ], [ -52.143814282546607, -32.0498135966061 ] ], [ [ -52.143684023869582, -32.050078860705874 ], [ -52.143683353652371, -32.050080225563619 ] ], [ [ -52.143646569880104, -32.050155133542567 ], [ -52.14364377487211, -32.050160825411226 ] ] ] } },
{ "type": "Feature", "properties": { "tipo": "rua", "nome": "CRISTOVAO JACQUES", "drenagem": 1.0, "iluminacao": 1.0, "compriment": 128.88701372919482 }, "geometry": { "type": "LineString", "coordinates": [ [ -52.097579575229013, -32.042859932517821 ], [ -52.098911920125609, -32.042608651103095 ] ] } },
{ "type": "Feature", "properties": { "tipo": "rua", "nome": "CRISTOVAO JACQUES", "drenagem": 1.0, "iluminacao": 1.0, "compriment": 135.82856076250596 }, "geometry": { "type": "LineString", "coordinates": [ [ -52.098911920125609, -32.042608651103095 ], [ -52.100314662127396, -32.042338673605485 ] ] } },
{ "type": "Feature", "properties": { "tipo": "rua", "nome": "INTENDENTE WERNECK", "drenagem": 0.0, "iluminacao": 1.0, "compriment": 108.78317770911674 }, "geometry": { "type": "MultiLineString", "coordinates": [ [ [ -52.120280661774125, -32.051637219447052 ], [ -52.120229618945984, -32.051732522439544 ] ], [ [ -52.120164866873743, -32.051853422210947 ], [ -52.119826468978253, -32.052485251074401 ] ] ] } },
{ "type": "Feature", "properties": { "tipo": "rua", "nome": "ACRE", "drenagem": 1.0, "iluminacao": 1.0, "compriment": 146.20910041700961 }, "geometry": { "type": "MultiLineString", "coordinates": [ [ [ -52.130956776652752, -32.048665963878079 ], [ -52.130949247947861, -32.048678672264238 ] ], [ [ -52.130908948024057, -32.048746698173254 ], [ -52.130906797595024, -32.048750328078128 ] ], [ [ -52.130868648100254, -32.04881472408227 ], [ -52.13085904861579, -32.048830927925728 ] ] ] } },
{ "type": "Feature", "properties": { "tipo": "rua", "nome": "ACRE", "drenagem": 1.0, "iluminacao": 1.0, "compriment": 120.56284070992379 }, "geometry": { "type": "LineString", "coordinates": [ [ -52.130835019659926, -32.048871227849531 ], [ -52.130828348176451, -32.048882318506465 ] ] } },
{ "type": "Feature", "properties": { "tipo": "rua", "nome": "ACRE", "drenagem": 1.0, "iluminacao": 1.0, "compriment": 54.759586360245187 }, "geometry": { "type": "LineString", "coordinates": [ [ -52.133208393262926, -32.044821894914897 ], [ -52.133487958316266, -32.044389265472205 ] ] } },
{ "type": "Feature", "properties": { "tipo": "rua", "nome": "VALPORTO", "drenagem": 1.0, "iluminacao": 1.0, "compriment": 74.330958868961289 }, "geometry": { "type": "LineString", "coordinates": [ [ -52.095711843529635, -32.04164739345704 ], [ -52.09647967615868, -32.041500414906551 ] ] } },
{ "type": "Feature", "properties": { "tipo": "rua", "nome": "DEPUTADO FERNANDO FERRARI", "drenagem": 1.0, "iluminacao": 1.0, "compriment": 127.81009425355664 }, "geometry": { "type": "LineString", "coordinates": [ [ -52.085161365834807, -32.037716406701755 ], [ -52.085438544516066, -32.038844576868122 ] ] } },
{ "type": "Feature", "properties": { "tipo": "rua", "nome": "DEPUTADO FERNANDO FERRARI", "drenagem": 1.0, "iluminacao": 1.0, "compriment": 197.87673924564166 }, "geometry": { "type": "LineString", "coordinates": [ [ -52.085438544516066, -32.038844576868122 ], [ -52.085877031154354, -32.040589534097151 ] ] } },
{ "type": "Feature", "properties": { "tipo": "rua", "nome": "SOLDADO BOMBEIRO ANTONIO SILVEIRA DE AZEVEDO", "drenagem": 1.0, "iluminacao": 1.0, "compriment": 105.03687308463546 }, "geometry": { "type": "LineString", "coordinates": [ [ -52.083378880416909, -32.042987438974308 ], [ -52.083395337860416, -32.043047181484845 ] ] } },
{ "type": "Feature", "properties": { "tipo": "rua", "nome": "DOS TUPIS", "drenagem": 1.0, "iluminacao": 1.0, "compriment": 65.351296024270098 }, "geometry": { "type": "MultiLineString", "coordinates": [ [ [ -52.083154853877588, -32.045544908154461 ], [ -52.083348605170329, -32.045498899782665 ] ], [ [ -52.083402784735277, -32.045486034250089 ], [ -52.083475937708023, -32.04546866327351 ] ], [ [ -52.083572496507919, -32.045445734326286 ], [ -52.083821374784947, -32.045386635446789 ] ] ] } },
{ "type": "Feature", "properties": { "tipo": "rua", "nome": "DOS TUPIS", "drenagem": 1.0, "iluminacao": 1.0, "compriment": 61.834465662872432 }, "geometry": { "type": "MultiLineString", "coordinates": [ [ [ -52.083821374784947, -32.045386635446789 ], [ -52.08412073648887, -32.045315377035784 ] ], [ [ -52.084171848367205, -32.045303210645812 ], [ -52.084271735193646, -32.045279434135857 ] ], [ [ -52.084281936184077, -32.045277005948286 ], [ -52.084451916440159, -32.045236544784444 ] ] ] } },
{ "type": "Feature", "properties": { "tipo": "rua", "nome": "DOS TUPIS", "drenagem": 1.0, "iluminacao": 1.0, "compriment": 88.957026097156358 }, "geometry": { "type": "MultiLineString", "coordinates": [ [ [ -52.084451916440159, -32.045236544784444 ], [ -52.085208834431548, -32.045047007644058 ] ], [ [ -52.085225896915155, -32.045042735088259 ], [ -52.085289434279154, -32.045026824923063 ] ] ] } },
{ "type": "Feature", "properties": { "tipo": "travessa", "nome": "DOS CHAVANTES", "drenagem": 1.0, "iluminacao": 1.0, "compriment": 169.59896364821023 }, "geometry": { "type": "MultiLineString", "coordinates": [ [ [ -52.080794354152403, -32.046115361956019 ], [ -52.080852644863917, -32.046332332649946 ] ], [ [ -52.081155796931668, -32.047460730516434 ], [ -52.08118827751035, -32.047581630287837 ] ] ] } },
{ "type": "Feature", "properties": { "tipo": "rua", "nome": "DOUTORA RITA LOBATO", "drenagem": 1.0, "iluminacao": 1.0, "compriment": 55.894720776858613 }, "geometry": { "type": "LineString", "coordinates": [ [ -52.093017823780116, -32.044176552066126 ], [ -52.093041112267862, -32.044680228156629 ] ] } },
{ "type": "Feature", "properties": { "tipo": "rua", "nome": "DOUTORA RITA LOBATO", "drenagem": 1.0, "iluminacao": 1.0, "compriment": 112.67034991354468 }, "geometry": { "type": "LineString", "coordinates": [ [ -52.093067278250231, -32.045151252122253 ], [ -52.093099425394094, -32.046166960145158 ] ] } },
{ "type": "Feature", "properties": { "tipo": "rua", "nome": "DOM MANOEL I", "drenagem": 1.0, "iluminacao": 1.0, "compriment": 97.126370303841014 }, "geometry": { "type": "LineString", "coordinates": [ [ -52.096434791655312, -32.042415343590179 ], [ -52.097439284302695, -32.042227807784826 ] ] } },
{ "type": "Feature", "properties": { "tipo": "rua", "nome": "DOM MANOEL I", "drenagem": 1.0, "iluminacao": 1.0, "compriment": 68.910102942510647 }, "geometry": { "type": "LineString", "coordinates": [ [ -52.099466297222072, -32.041834513388118 ], [ -52.100176460367905, -32.041692057605587 ] ] } },
{ "type": "Feature", "properties": { "tipo": "avenida", "nome": "DOM PEDRO II", "drenagem": 1.0, "iluminacao": 1.0, "compriment": 37.146181698805947 }, "geometry": { "type": "LineString", "coordinates": [ [ -52.08773375763424, -32.034775060358029 ], [ -52.087350990276128, -32.034851920800186 ] ] } },
{ "type": "Feature", "properties": { "tipo": "rua", "nome": "MARTIN AFONSO DE SOUZA", "drenagem": 1.0, "iluminacao": 1.0, "compriment": 128.47844851164831 }, "geometry": { "type": "LineString", "coordinates": [ [ -52.097735053323959, -32.043494785904741 ], [ -52.099067972228539, -32.043263487564488 ] ] } },
{ "type": "Feature", "properties": { "tipo": "rua", "nome": "1 VELHA", "drenagem": 1.0, "iluminacao": 1.0, "compriment": 86.26170412958021 }, "geometry": { "type": "MultiLineString", "coordinates": [ [ [ -52.086843922950358, -32.03494607320755 ], [ -52.086857396078443, -32.035531953070766 ] ], [ [ -52.086859249584833, -32.035612552918373 ], [ -52.086861808911429, -32.035723845404135 ] ] ] } },
{ "type": "Feature", "properties": { "tipo": "rua", "nome": "MARTIN AFONSO DE SOUZA", "drenagem": 0.0, "iluminacao": 1.0, "compriment": 136.11290597619984 }, "geometry": { "type": "MultiLineString", "coordinates": [ [ [ -52.099067972228539, -32.043263487564488 ], [ -52.100401905705247, -32.043014079742818 ] ], [ [ -52.100442205629051, -32.043006544797201 ], [ -52.10047558515852, -32.043000303769531 ] ] ] } },
{ "type": "Feature", "properties": { "tipo": "rua", "nome": "ALMIRANTE GARNIER", "drenagem": 1.0, "iluminacao": 1.0, "compriment": 284.32054247724858 }, "geometry": { "type": "LineString", "coordinates": [ [ -52.084139759519893, -32.03129615961317 ], [ -52.083826479628442, -32.033799056347242 ] ] } },
{ "type": "Feature", "properties": { "tipo": "avenida", "nome": "MAJOR CARLOS PINTO", "drenagem": 1.0, "iluminacao": 1.0, "compriment": 94.21829850314063 }, "geometry": { "type": "MultiLineString", "coordinates": [ [ [ -52.103940303442833, -32.039477527095976 ], [ -52.103913690920038, -32.039521645527259 ] ], [ [ -52.1039079990761, -32.039531081506993 ], [ -52.103889381745631, -32.039561945451055 ] ], [ [ -52.103865072571217, -32.039602245374859 ], [ -52.103792145047983, -32.039723145146269 ] ], [ [ -52.103743526699162, -32.039803744993876 ], [ -52.103719217524748, -32.039844044917679 ] ], [ [ -52.10370649945709, -32.039865129021528 ], [ -52.103694908350342, -32.039884344841482 ] ], [ [ -52.10358559968568, -32.040065557530255 ], [ -52.103573362478286, -32.040085844460499 ] ] ] } },
{ "type": "Feature", "properties": { "tipo": "avenida", "nome": "PORTUGAL", "drenagem": 1.0, "iluminacao": 1.0, "compriment": 122.32572907518869 }, "geometry": { "type": "LineString", "coordinates": [ [ -52.107905667233695, -32.032654746665997 ], [ -52.109086598892866, -32.033107468902152 ] ] } },
{ "type": "Feature", "properties": { "tipo": "avenida", "nome": "PORTUGAL", "drenagem": 1.0, "iluminacao": 1.0, "compriment": 121.30683442405643 }, "geometry": { "type": "MultiLineString", "coordinates": [ [ [ -52.111406528149736, -32.03397180694494 ], [ -52.111684992386614, -32.034081155813858 ] ], [ [ -52.111753109847896, -32.034107904553402 ], [ -52.112095498234154, -32.034242355509072 ] ], [ [ -52.112129183531898, -32.034255583237162 ], [ -52.112209783379505, -32.034287233628852 ] ], [ [ -52.112250083303309, -32.034303058824705 ], [ -52.112330683150915, -32.034334709216402 ] ], [ [ -52.112370983074719, -32.034350534412248 ], [ -52.112403377619813, -32.034363255280482 ] ], [ [ -52.112451582922318, -32.034382184803945 ], [ -52.112572811040792, -32.03442978932862 ] ] ] } },
{ "type": "Feature", "properties": { "tipo": "avenida", "nome": "PORTUGAL", "drenagem": 1.0, "iluminacao": 1.0, "compriment": 77.037170068856938 }, "geometry": { "type": "MultiLineString", "coordinates": [ [ [ -52.112572811040792, -32.03442978932862 ], [ -52.112653082541335, -32.034458461275847 ] ], [ [ -52.112693382465139, -32.034472855890129 ], [ -52.112725016196279, -32.034484155051892 ] ], [ [ -52.112733682388942, -32.034487250504412 ], [ -52.112837841995315, -32.034524454975696 ] ], [ [ -52.112854582160352, -32.034530434347268 ], [ -52.112975481931763, -32.034573618190123 ] ], [ [ -52.113015781855559, -32.034588012804406 ], [ -52.113176981550772, -32.034645591261551 ] ], [ [ -52.113217281474576, -32.034659985875834 ], [ -52.113324938844585, -32.034698439703284 ] ] ] } },
{ "type": "Feature", "properties": { "tipo": "rua", "nome": "ALMIRANTE BARROSO", "drenagem": 1.0, "iluminacao": 1.0, "compriment": 13.224151879176228 }, "geometry": { "type": "LineString", "coordinates": [ [ -52.087747196458793, -32.034656353602081 ], [ -52.08773375763424, -32.034775060358029 ] ] } },
{ "type": "Feature", "properties": { "tipo": "rua", "nome": "ALMIRANTE BARROSO", "drenagem": 1.0, "iluminacao": 1.0, "compriment": 143.74657849240901 }, "geometry": { "type": "LineString", "coordinates": [ [ -52.087467928463369, -32.038426876538189 ], [ -52.08733940251367, -32.039718573626658 ] ] } },
{ "type": "Feature", "properties": { "tipo": "rua", "nome": "ALMIRANTE BARROSO", "drenagem": 1.0, "iluminacao": 1.0, "compriment": 25.573800829205162 }, "geometry": { "type": "LineString", "coordinates": [ [ -52.087096669712487, -32.042138216641504 ], [ -52.087080165197655, -32.042368416038414 ] ] } },
{ "type": "Feature", "properties": { "tipo": "rua", "nome": "DUQUE DE CAXIAS", "drenagem": 1.0, "iluminacao": 1.0, "compriment": 64.400975019344315 }, "geometry": { "type": "LineString", "coordinates": [ [ -52.096230052765264, -32.030976576667939 ], [ -52.096251013553548, -32.031064379449013 ] ] } },
{ "type": "Feature", "properties": { "tipo": "rua", "nome": "DO RIACHUELO", "drenagem": 1.0, "iluminacao": 1.0, "compriment": 146.57898811025217 }, "geometry": { "type": "LineString", "coordinates": [ [ -52.09264686309858, -32.030111521411854 ], [ -52.094159137355994, -32.029815373335303 ] ] } },
{ "type": "Feature", "properties": { "tipo": "rua", "nome": "DUQUE DE CAXIAS", "drenagem": 1.0, "iluminacao": 1.0, "compriment": 108.96404340677425 }, "geometry": { "type": "MultiLineString", "coordinates": [ [ [ -52.097449738170525, -32.03637825147063 ], [ -52.097460011267636, -32.036418909943315 ] ], [ [ -52.097470103177052, -32.036458851318237 ], [ -52.097500311191439, -32.036578407447685 ] ], [ [ -52.0975108331901, -32.036620051013443 ], [ -52.097540611115242, -32.036737904952048 ] ], [ [ -52.097551563203147, -32.036781250708657 ], [ -52.097580911039046, -32.036897402456418 ] ], [ [ -52.097592293216195, -32.03694245040387 ], [ -52.097621210962849, -32.037056899960788 ] ], [ [ -52.097623076393326, -32.037064282890519 ], [ -52.097679982690465, -32.037289504467132 ] ] ] } },
{ "type": "Feature", "properties": { "tipo": "rua", "nome": "DUQUE DE CAXIAS", "drenagem": 1.0, "iluminacao": 1.0, "compriment": 94.251274971013373 }, "geometry": { "type": "MultiLineString", "coordinates": [ [ [ -52.097679982690465, -32.037289504467132 ], [ -52.097782410658056, -32.037759621829885 ] ], [ [ -52.097788756768558, -32.037788748803727 ], [ -52.097862063294343, -32.038125206427424 ] ] ] } },
{ "type": "Feature", "properties": { "tipo": "rua", "nome": "DUQUE DE CAXIAS", "drenagem": 1.0, "iluminacao": 1.0, "compriment": 110.46421681052715 }, "geometry": { "type": "MultiLineString", "coordinates": [ [ [ -52.097865823438788, -32.03814246433037 ], [ -52.097867855855903, -32.038151448117958 ] ], [ [ -52.097871859867332, -32.038169146841298 ], [ -52.097886090092629, -32.038232047965565 ] ], [ [ -52.097904324329356, -32.038312647813171 ], [ -52.097983910277073, -32.038664437435813 ] ], [ [ -52.098004612631357, -32.038755946975002 ], [ -52.098024210200876, -32.038842573091593 ] ], [ [ -52.098035271354142, -32.03889146613168 ], [ -52.098064510124679, -32.039020708747366 ] ] ] } },
{ "type": "Feature", "properties": { "tipo": "rua", "nome": "DUQUE DE CAXIAS", "drenagem": 1.0, "iluminacao": 1.0, "compriment": 106.97081986052241 }, "geometry": { "type": "MultiLineString", "coordinates": [ [ [ -52.098095388412013, -32.039158946213028 ], [ -52.098104810048483, -32.039202583759966 ] ], [ [ -52.098121491476356, -32.039279845984439 ], [ -52.098145109972286, -32.039389238150854 ] ], [ [ -52.098157649215089, -32.039447315301054 ], [ -52.098185409896089, -32.039575892541741 ] ], [ [ -52.098191099647941, -32.039602245374859 ], [ -52.098252006798084, -32.039884344841482 ] ], [ [ -52.098260707819527, -32.039924644765286 ], [ -52.098266009743696, -32.039949201323523 ] ], [ [ -52.098269408840977, -32.039964944689089 ], [ -52.098291965392399, -32.040069418320016 ] ] ] } },
{ "type": "Feature", "properties": { "tipo": "rua", "nome": "DUQUE DE CAXIAS", "drenagem": 1.0, "iluminacao": 1.0, "compriment": 99.925917844317411 }, "geometry": { "type": "LineString", "coordinates": [ [ -52.097503762684781, -32.036217051775417 ], [ -52.097513872546486, -32.03625735169922 ] ] } },
{ "type": "Feature", "properties": { "tipo": "rua", "nome": "DUQUE DE CAXIAS", "drenagem": 1.0, "iluminacao": 1.0, "compriment": 108.30388431924855 }, "geometry": { "type": "MultiLineString", "coordinates": [ [ [ -52.097540611115242, -32.036367135823582 ], [ -52.09754322840746, -32.03637825147063 ] ], [ [ -52.097580911039046, -32.03653828970792 ], [ -52.097609651597637, -32.036660350937247 ] ], [ [ -52.097621210962849, -32.036709443592251 ], [ -52.09763811867915, -32.036781250708657 ] ], [ [ -52.097661510886653, -32.036880597476589 ], [ -52.097695052842163, -32.037023050251477 ] ], [ [ -52.097701810810449, -32.037051751360892 ], [ -52.097753829281558, -32.037272673947022 ] ] ] } },
{ "type": "Feature", "properties": { "tipo": "rua", "nome": "DUQUE DE CAXIAS", "drenagem": 1.0, "iluminacao": 1.0, "compriment": 107.67937411046681 }, "geometry": { "type": "MultiLineString", "coordinates": [ [ [ -52.098163313621612, -32.039118646289225 ], [ -52.09817192738965, -32.039158946213028 ] ], [ [ -52.098185409896089, -32.03922202476123 ], [ -52.098214996229828, -32.039360445832045 ] ], [ [ -52.098225709819893, -32.039410569873176 ], [ -52.098249451301967, -32.039521645527259 ] ], [ [ -52.098266009743696, -32.039599114985116 ], [ -52.098275292606075, -32.039642545298662 ] ], [ [ -52.098292520142145, -32.039723145146269 ], [ -52.098301133910184, -32.039763445070072 ] ], [ [ -52.098306309667493, -32.039787660097026 ], [ -52.098309747678222, -32.039803744993876 ] ], [ [ -52.098344202750361, -32.039964944689089 ], [ -52.098363943297805, -32.040057301780017 ] ] ] } },
{ "type": "Feature", "properties": { "tipo": "avenida", "nome": "MODESTO REY DORNELLES", "drenagem": 1.0, "iluminacao": 1.0, "compriment": 95.841354602868549 }, "geometry": { "type": "LineString", "coordinates": [ [ -52.098553019269573, -32.041121393785424 ], [ -52.098759113794152, -32.04196769047973 ] ] } },
{ "type": "Feature", "properties": { "tipo": "avenida", "nome": "MODESTO REY DORNELLES", "drenagem": 0.0, "iluminacao": 1.0, "compriment": 72.525097004769364 }, "geometry": { "type": "LineString", "coordinates": [ [ -52.098759113794152, -32.04196769047973 ], [ -52.098911920125609, -32.042608651103095 ] ] } },
{ "type": "Feature", "properties": { "tipo": "avenida", "nome": "MODESTO REY DORNELLES", "drenagem": 0.0, "iluminacao": 1.0, "compriment": 74.09397349328647 }, "geometry": { "type": "LineString", "coordinates": [ [ -52.098911920125609, -32.042608651103095 ], [ -52.099067972228539, -32.043263487564488 ] ] } },
{ "type": "Feature", "properties": { "tipo": "avenida", "nome": "MODESTO REY DORNELLES", "drenagem": 0.0, "iluminacao": 1.0, "compriment": 71.778311069975061 }, "geometry": { "type": "LineString", "coordinates": [ [ -52.099067972228539, -32.043263487564488 ], [ -52.099210575025424, -32.043899296876809 ] ] } },
{ "type": "Feature", "properties": { "tipo": "avenida", "nome": "MODESTO REY DORNELLES", "drenagem": 0.0, "iluminacao": 1.0, "compriment": 69.725122563219543 }, "geometry": { "type": "LineString", "coordinates": [ [ -52.099210575025424, -32.043899296876809 ], [ -52.099365908966526, -32.044514011190913 ] ] } },
{ "type": "Feature", "properties": { "tipo": "rua", "nome": "ALLAN KARDEC", "drenagem": 1.0, "iluminacao": 1.0, "compriment": 234.30059089087632 }, "geometry": { "type": "LineString", "coordinates": [ [ -52.101442334772557, -32.041802275697904 ], [ -52.100556760589001, -32.043340215362136 ] ] } },
{ "type": "Feature", "properties": { "tipo": "rua", "nome": "ALLAN KARDEC", "drenagem": 1.0, "iluminacao": 1.0, "compriment": 43.51940752462135 }, "geometry": { "type": "LineString", "coordinates": [ [ -52.100556760589001, -32.043340215362136 ], [ -52.100355292854793, -32.043693176523306 ] ] } },
{ "type": "Feature", "properties": { "tipo": "rua", "nome": "ALLAN KARDEC", "drenagem": 1.0, "iluminacao": 1.0, "compriment": 89.248250363347907 }, "geometry": { "type": "LineString", "coordinates": [ [ -52.100355292854793, -32.043693176523306 ], [ -52.099928047091701, -32.044411064141038 ] ] } },
{ "type": "Feature", "properties": { "tipo": "rua", "nome": "ALLAN KARDEC", "drenagem": 1.0, "iluminacao": 1.0, "compriment": 96.47952428607465 }, "geometry": { "type": "LineString", "coordinates": [ [ -52.099501640923478, -32.045145989804539 ], [ -52.099085285233038, -32.045940506745133 ] ] } },
{ "type": "Feature", "properties": { "tipo": "rua", "nome": "ALLAN KARDEC", "drenagem": 0.0, "iluminacao": 1.0, "compriment": 50.180872380939157 }, "geometry": { "type": "LineString", "coordinates": [ [ -52.099085285233038, -32.045940506745133 ], [ -52.098945621742416, -32.046143216333547 ], [ -52.098853111406292, -32.046345945677416 ] ] } },
{ "type": "Feature", "properties": { "tipo": "rua", "nome": "ALLAN KARDEC", "drenagem": 0.0, "iluminacao": 1.0, "compriment": 114.94489443237467 }, "geometry": { "type": "LineString", "coordinates": [ [ -52.098853111406292, -32.046345945677416 ], [ -52.099076701899705, -32.047364891585715 ] ] } },
{ "type": "Feature", "properties": { "tipo": "avenida", "nome": "ALMIRANTE TAMANDARE", "drenagem": 1.0, "iluminacao": 1.0, "compriment": 101.542728202367 }, "geometry": { "type": "LineString", "coordinates": [ [ -52.09647967615868, -32.041500414906551 ], [ -52.096434791655312, -32.042415343590179 ] ] } },
{ "type": "Feature", "properties": { "tipo": "avenida", "nome": "ALMIRANTE TAMANDARE", "drenagem": 1.0, "iluminacao": 1.0, "compriment": 74.461732480224839 }, "geometry": { "type": "LineString", "coordinates": [ [ -52.096434791655312, -32.042415343590179 ], [ -52.096427291731629, -32.043086819854061 ] ] } },
{ "type": "Feature", "properties": { "tipo": "avenida", "nome": "ALMIRANTE TAMANDARE", "drenagem": 1.0, "iluminacao": 1.0, "compriment": 72.459992610821686 }, "geometry": { "type": "MultiLineString", "coordinates": [ [ [ -52.096427291731629, -32.043086819854061 ], [ -52.096429025741202, -32.043591937831351 ] ], [ [ -52.096429164086018, -32.043632237755155 ], [ -52.096429534953494, -32.043740271663253 ] ] ] } },
{ "type": "Feature", "properties": { "tipo": "avenida", "nome": "ALMIRANTE TAMANDARE", "drenagem": 1.0, "iluminacao": 1.0, "compriment": 73.797349615794033 }, "geometry": { "type": "LineString", "coordinates": [ [ -52.096414291447417, -32.044412587309594 ], [ -52.096397366780302, -32.045077946108769 ] ] } },
{ "type": "Feature", "properties": { "tipo": "avenida", "nome": "ALMIRANTE TAMANDARE", "drenagem": 1.0, "iluminacao": 1.0, "compriment": 74.754847510799664 }, "geometry": { "type": "LineString", "coordinates": [ [ -52.096397366780302, -32.045077946108769 ], [ -52.096373015016134, -32.045751776687176 ] ] } },
{ "type": "Feature", "properties": { "tipo": "avenida", "nome": "ALMIRANTE TAMANDARE", "drenagem": 1.0, "iluminacao": 1.0, "compriment": 75.208925585620761 }, "geometry": { "type": "LineString", "coordinates": [ [ -52.096373015016134, -32.045751776687176 ], [ -52.096357482603104, -32.04642989224115 ] ] } },
{ "type": "Feature", "properties": { "tipo": "rua", "nome": "GENERAL BERTOLDO KLINGER", "drenagem": 1.0, "iluminacao": 1.0, "compriment": 44.513808835327112 }, "geometry": { "type": "LineString", "coordinates": [ [ -52.094866094777572, -32.042516932748562 ], [ -52.094860047971927, -32.042918331661561 ] ] } },
{ "type": "Feature", "properties": { "tipo": "rua", "nome": "GENERAL BERTOLDO KLINGER", "drenagem": 1.0, "iluminacao": 1.0, "compriment": 42.221582743696331 }, "geometry": { "type": "LineString", "coordinates": [ [ -52.094860047971927, -32.042918331661561 ], [ -52.094864345021989, -32.043299074375454 ] ] } },
{ "type": "Feature", "properties": { "tipo": "rua", "nome": "GENERAL BERTOLDO KLINGER", "drenagem": 1.0, "iluminacao": 1.0, "compriment": 35.032591266579907 }, "geometry": { "type": "LineString", "coordinates": [ [ -52.09486514514677, -32.04336996926223 ], [ -52.094847471951297, -32.043685539363359 ] ] } },
{ "type": "Feature", "properties": { "tipo": "rua", "nome": "GENERAL BERTOLDO KLINGER", "drenagem": 0.0, "iluminacao": 1.0, "compriment": 43.915369823012355 }, "geometry": { "type": "LineString", "coordinates": [ [ -52.094847471951297, -32.043685539363359 ], [ -52.094836566707777, -32.044081465495488 ] ] } },
{ "type": "Feature", "properties": { "tipo": "rua", "nome": "GENERAL BERTOLDO KLINGER", "drenagem": 1.0, "iluminacao": 1.0, "compriment": 44.089191766694626 }, "geometry": { "type": "LineString", "coordinates": [ [ -52.094836566707777, -32.044081465495488 ], [ -52.094829969888266, -32.044479028390363 ] ] } },
{ "type": "Feature", "properties": { "tipo": "rua", "nome": "GENERAL BERTOLDO KLINGER", "drenagem": 1.0, "iluminacao": 1.0, "compriment": 25.374970865186416 }, "geometry": { "type": "LineString", "coordinates": [ [ -52.094829969888266, -32.044479028390363 ], [ -52.094822432317294, -32.044707773397086 ] ] } },
{ "type": "Feature", "properties": { "tipo": "rua", "nome": "GENERAL BERTOLDO KLINGER", "drenagem": 0.0, "iluminacao": 1.0, "compriment": 43.524431327588069 }, "geometry": { "type": "LineString", "coordinates": [ [ -52.094817178961527, -32.044867198128806 ], [ -52.094804843361352, -32.045259566942597 ] ] } },
{ "type": "Feature", "properties": { "tipo": "rua", "nome": "COMENDADOR HENRIQUE PANCADA", "drenagem": 0.0, "iluminacao": 1.0, "compriment": 122.4559640527642 }, "geometry": { "type": "LineString", "coordinates": [ [ -52.125727275413944, -32.040634914844837 ], [ -52.126880025154939, -32.04114032693694 ] ] } },
{ "type": "Feature", "properties": { "tipo": "rua", "nome": "TRINDADE", "drenagem": 1.0, "iluminacao": 1.0, "compriment": 113.1074951650008 }, "geometry": { "type": "LineString", "coordinates": [ [ -52.090426036695447, -32.037752355035551 ], [ -52.090701392245791, -32.038745042837569 ] ] } },
{ "type": "Feature", "properties": { "tipo": "rua", "nome": "DOUTOR LAZARO LUDOVICO ZAMENHOF", "drenagem": 1.0, "iluminacao": 1.0, "compriment": 42.194505581851431 }, "geometry": { "type": "LineString", "coordinates": [ [ -52.093353252572214, -32.044056978201439 ], [ -52.093362192420237, -32.044437418058926 ] ] } },
{ "type": "Feature", "properties": { "tipo": "rua", "nome": "DOUTOR LAZARO LUDOVICO ZAMENHOF", "drenagem": 1.0, "iluminacao": 1.0, "compriment": 26.741253978898175 }, "geometry": { "type": "LineString", "coordinates": [ [ -52.093362192420237, -32.044437418058926 ], [ -52.093368233633761, -32.044678519576443 ] ] } },
{ "type": "Feature", "properties": { "tipo": "rua", "nome": "DOUTOR LAZARO LUDOVICO ZAMENHOF", "drenagem": 1.0, "iluminacao": 1.0, "compriment": 43.632524461291979 }, "geometry": { "type": "LineString", "coordinates": [ [ -52.093369745842857, -32.04485827620173 ], [ -52.093374375555548, -32.045251740702 ] ] } },
{ "type": "Feature", "properties": { "tipo": "rua", "nome": "VISCONDE DE MAUA", "drenagem": 0.0, "iluminacao": 1.0, "compriment": 119.12086103244128 }, "geometry": { "type": "MultiLineString", "coordinates": [ [ [ -52.140014532909731, -32.047735422523907 ], [ -52.139694331413097, -32.047592688458018 ] ], [ [ -52.139669524142178, -32.047581630287837 ], [ -52.13961373156549, -32.047556760006465 ] ], [ [ -52.139558447329499, -32.047532116324703 ], [ -52.138897050630163, -32.047237289969878 ] ] ] } },
{ "type": "Feature", "properties": { "tipo": "rua", "nome": "VISCONDE DE MAUA", "drenagem": 1.0, "iluminacao": 1.0, "compriment": 118.10377462038269 }, "geometry": { "type": "MultiLineString", "coordinates": [ [ [ -52.107306235353924, -32.033732048440847 ], [ -52.107538910212952, -32.033831520281858 ] ], [ [ -52.107817091684986, -32.033950446852927 ], [ -52.108217099041283, -32.034121455737662 ] ], [ [ -52.108220090923012, -32.034122734810033 ], [ -52.108423724133466, -32.034209790929545 ] ] ] } },
{ "type": "Feature", "properties": { "tipo": "rua", "nome": "COMENDADOR HENRIQUE PANCADA", "drenagem": 0.0, "iluminacao": 1.0, "compriment": 119.50030413564846 }, "geometry": { "type": "MultiLineString", "coordinates": [ [ [ -52.136286225323111, -32.046130833030936 ], [ -52.136315769900762, -32.046144097205165 ] ], [ [ -52.136465753156131, -32.046211432878543 ], [ -52.136470337508861, -32.046213491044817 ] ], [ [ -52.136555517072637, -32.046251732802347 ], [ -52.136631537204075, -32.046285862390533 ] ] ] } },
{ "type": "Feature", "properties": { "tipo": "rua", "nome": "COMENDADOR HENRIQUE PANCADA", "drenagem": 1.0, "iluminacao": 1.0, "compriment": 109.95587724617721 }, "geometry": { "type": "MultiLineString", "coordinates": [ [ [ -52.136648025747967, -32.04629203272615 ], [ -52.136712137051681, -32.046315207642785 ] ], [ [ -52.136752436975485, -32.046329775235712 ], [ -52.137240223045509, -32.046506099859521 ], [ -52.137716984209071, -32.04664945383611 ] ] ] } },
{ "type": "Feature", "properties": { "tipo": "rua", "nome": "COMENDADOR HENRIQUE PANCADA", "drenagem": 1.0, "iluminacao": 1.0, "compriment": 133.5308120048376 }, "geometry": { "type": "LineString", "coordinates": [ [ -52.137716984209071, -32.04664945383611 ], [ -52.139095390299097, -32.046917380717147 ] ] } },
{ "type": "Feature", "properties": { "tipo": "rua", "nome": "VISCONDE DE MAUA", "drenagem": 1.0, "iluminacao": 1.0, "compriment": 119.19389633599779 }, "geometry": { "type": "LineString", "coordinates": [ [ -52.108423724133466, -32.034209790929545 ], [ -52.109547358850428, -32.034698964476974 ] ] } },
{ "type": "Feature", "properties": { "tipo": "rua", "nome": "VISCONDE DE MAUA", "drenagem": 1.0, "iluminacao": 1.0, "compriment": 120.62309580623408 }, "geometry": { "type": "LineString", "coordinates": [ [ -52.109547358850428, -32.034698964476974 ], [ -52.110678386274991, -32.035186902758049 ] ] } },
{ "type": "Feature", "properties": { "tipo": "rua", "nome": "VISCONDE DE MAUA", "drenagem": 1.0, "iluminacao": 1.0, "compriment": 118.74859660548874 }, "geometry": { "type": "LineString", "coordinates": [ [ -52.111847084065275, -32.035720723130524 ], [ -52.111887383989078, -32.035738054344286 ] ] } },
{ "type": "Feature", "properties": { "tipo": "rua", "nome": "DOUTOR LAZARO LUDOVICO ZAMENHOF", "drenagem": 1.0, "iluminacao": 1.0, "compriment": 43.693242194052885 }, "geometry": { "type": "LineString", "coordinates": [ [ -52.093391319472943, -32.045640054038309 ], [ -52.093403941747454, -32.046033939121479 ] ] } },
{ "type": "Feature", "properties": { "tipo": "rua", "nome": "DOUTOR LAZARO LUDOVICO ZAMENHOF", "drenagem": 1.0, "iluminacao": 1.0, "compriment": 24.317393661152312 }, "geometry": { "type": "LineString", "coordinates": [ [ -52.093403941747454, -32.046033939121479 ], [ -52.093408603947395, -32.046253200815109 ] ] } },
{ "type": "Feature", "properties": { "tipo": "rua", "nome": "ALMIRANTE CERQUEIRA E SOUZA", "drenagem": 0.0, "iluminacao": 1.0, "compriment": 13.344508311936529 }, "geometry": { "type": "LineString", "coordinates": [ [ -52.080311749209507, -32.030967480996729 ], [ -52.080452447341706, -32.030978293464337 ] ] } },
{ "type": "Feature", "properties": { "tipo": "rua", "nome": "ALMIRANTE CERQUEIRA E SOUZA", "drenagem": 1.0, "iluminacao": 1.0, "compriment": 350.0868127091926 }, "geometry": { "type": "LineString", "coordinates": [ [ -52.080452447341706, -32.030978293464337 ], [ -52.084139759519893, -32.03129615961317 ] ] } },
{ "type": "Feature", "properties": { "tipo": "avenida", "nome": "CIDADE DE PELOTAS", "drenagem": 1.0, "iluminacao": 1.0, "compriment": 61.925072417720166 }, "geometry": { "type": "LineString", "coordinates": [ [ -52.127278350452258, -32.044310127600731 ], [ -52.127302994539605, -32.044320843069443 ] ] } },
{ "type": "Feature", "properties": { "tipo": "rua", "nome": "DAS MISSOES", "drenagem": 1.0, "iluminacao": 1.0, "compriment": 101.3330703794436 }, "geometry": { "type": "LineString", "coordinates": [ [ -52.129960141627784, -32.045445498993622 ], [ -52.129489436967518, -32.046266696399954 ] ] } },
{ "type": "Feature", "properties": { "tipo": "rua", "nome": "VISCONDE DE MAUA", "drenagem": 1.0, "iluminacao": 1.0, "compriment": 59.39598207552875 }, "geometry": { "type": "LineString", "coordinates": [ [ -52.130975576399507, -32.043874463932674 ], [ -52.131538317809614, -32.044113569176041 ] ] } },
{ "type": "Feature", "properties": { "tipo": "rua", "nome": "VISCONDE DE MAUA", "drenagem": 1.0, "iluminacao": 1.0, "compriment": 116.92246473988298 }, "geometry": { "type": "LineString", "coordinates": [ [ -52.132094064940759, -32.044362565057824 ], [ -52.133208393262926, -32.044821894914897 ] ] } },
{ "type": "Feature", "properties": { "tipo": "rua", "nome": "VISCONDE DE MAUA", "drenagem": 1.0, "iluminacao": 1.0, "compriment": 120.47985060540366 }, "geometry": { "type": "MultiLineString", "coordinates": [ [ [ -52.133208393262926, -32.044821894914897 ], [ -52.133407543299839, -32.044909702214213 ] ], [ [ -52.133435061602505, -32.044921835316849 ], [ -52.133689642766463, -32.045034082770123 ] ], [ [ -52.133709266527696, -32.045042735088259 ], [ -52.133770242614069, -32.045069620071814 ] ], [ [ -52.133800668169407, -32.045083035012055 ], [ -52.133850842461669, -32.045105157373499 ] ], [ [ -52.133946057669498, -32.045147138737818 ], [ -52.134012042156883, -32.045176231976882 ] ], [ [ -52.134074873094598, -32.045203934783466 ], [ -52.134092642004489, -32.045211769278573 ] ], [ [ -52.134166274736323, -32.045244234707269 ], [ -52.1342135417759, -32.045265075231107 ] ], [ [ -52.134257676378056, -32.045284534631072 ], [ -52.134294141623506, -32.045300612532799 ] ] ] } },
{ "type": "Feature", "properties": { "tipo": "rua", "nome": "GOMES FREIRE", "drenagem": 1.0, "iluminacao": 1.0, "compriment": 133.30804945743299 }, "geometry": { "type": "MultiLineString", "coordinates": [ [ [ -52.10376661496931, -32.033154926313372 ], [ -52.103827399228493, -32.033162844151697 ] ], [ [ -52.103867699152296, -32.033168093673297 ], [ -52.103999791319978, -32.033185300174488 ] ] ] } },
{ "type": "Feature", "properties": { "tipo": "rua", "nome": "OITO DE JULHO", "drenagem": 1.0, "iluminacao": 1.0, "compriment": 73.522430745427741 }, "geometry": { "type": "LineString", "coordinates": [ [ -52.083484972373988, -32.042888769794779 ], [ -52.08411908302724, -32.042772394372214 ] ] } },
{ "type": "Feature", "properties": { "tipo": "rua", "nome": "OITO DE JULHO", "drenagem": 1.0, "iluminacao": 1.0, "compriment": 72.594039247252752 }, "geometry": { "type": "LineString", "coordinates": [ [ -52.08411908302724, -32.042772394372214 ], [ -52.084869087237465, -32.042629247483745 ] ] } },
{ "type": "Feature", "properties": { "tipo": "rua", "nome": "BASTOS GUERRA", "drenagem": 1.0, "iluminacao": 1.0, "compriment": 78.8250846943981 }, "geometry": { "type": "LineString", "coordinates": [ [ -52.084869087237465, -32.042629247483745 ], [ -52.084998978205206, -32.043188938593325 ] ] } },
{ "type": "Feature", "properties": { "tipo": "rua", "nome": "ACACIA RIOGRANDENSE", "drenagem": 1.0, "iluminacao": 1.0, "compriment": 71.336171829210244 }, "geometry": { "type": "LineString", "coordinates": [ [ -52.097439284302695, -32.042227807784826 ], [ -52.097579575229013, -32.042859932517821 ] ] } },
{ "type": "Feature", "properties": { "tipo": "rua", "nome": "ACACIA RIOGRANDENSE", "drenagem": 1.0, "iluminacao": 1.0, "compriment": 71.366858463267945 }, "geometry": { "type": "LineString", "coordinates": [ [ -52.097885733477916, -32.044145884194272 ], [ -52.098043699365078, -32.044775259885995 ] ] } },
{ "type": "Feature", "properties": { "tipo": "rua", "nome": "ACACIA RIOGRANDENSE", "drenagem": 1.0, "iluminacao": 1.0, "compriment": 70.875140366146184 }, "geometry": { "type": "LineString", "coordinates": [ [ -52.098043699365078, -32.044775259885995 ], [ -52.098192597706124, -32.045401713606807 ] ] } },
{ "type": "Feature", "properties": { "tipo": "rua", "nome": "ACACIA RIOGRANDENSE", "drenagem": 1.0, "iluminacao": 1.0, "compriment": 74.731357290211463 }, "geometry": { "type": "LineString", "coordinates": [ [ -52.098192597706124, -32.045401713606807 ], [ -52.09834269003386, -32.046063415704545 ] ] } },
{ "type": "Feature", "properties": { "tipo": "rua", "nome": "ACACIA RIOGRANDENSE", "drenagem": 1.0, "iluminacao": 1.0, "compriment": 39.101459367403635 }, "geometry": { "type": "LineString", "coordinates": [ [ -52.09834269003386, -32.046063415704545 ], [ -52.098417598448926, -32.046410218176604 ] ] } },
{ "type": "Feature", "properties": { "tipo": "avenida", "nome": "SENADOR SALGADO FILHO", "drenagem": 0.0, "iluminacao": 1.0, "compriment": 33.899882158921635 }, "geometry": { "type": "LineString", "coordinates": [ [ -52.097241723621082, -32.041364197006409 ], [ -52.096989812360057, -32.041146434518033 ] ] } },
{ "type": "Feature", "properties": { "tipo": "avenida", "nome": "SENADOR SALGADO FILHO", "drenagem": 0.0, "iluminacao": 1.0, "compriment": 112.51730608980128 }, "geometry": { "type": "LineString", "coordinates": [ [ -52.096989812360057, -32.041146434518033 ], [ -52.095850368629613, -32.040850381231351 ] ] } },
{ "type": "Feature", "properties": { "tipo": "avenida", "nome": "SENADOR SALGADO FILHO", "drenagem": 1.0, "iluminacao": 1.0, "compriment": 151.98711097630817 }, "geometry": { "type": "LineString", "coordinates": [ [ -52.092003445125044, -32.039729772643852 ], [ -52.090493992497592, -32.039254851051247 ] ] } },
{ "type": "Feature", "properties": { "tipo": "rua", "nome": "REPUBLICA DO LIBANO", "drenagem": 1.0, "iluminacao": 1.0, "compriment": 86.394837576105658 }, "geometry": { "type": "LineString", "coordinates": [ [ -52.089437928981241, -32.033039225409425 ], [ -52.090314584180867, -32.032959314353079 ] ] } },
{ "type": "Feature", "properties": { "tipo": "rua", "nome": "REPUBLICA DO LIBANO", "drenagem": 1.0, "iluminacao": 1.0, "compriment": 118.64755633745902 }, "geometry": { "type": "MultiLineString", "coordinates": [ [ [ -52.090368920014811, -32.032952757947378 ], [ -52.090447824525924, -32.032939696617063 ] ], [ [ -52.090528424373531, -32.032926354651977 ], [ -52.090689624068744, -32.032899670721797 ] ], [ [ -52.090729923992548, -32.032892999739254 ], [ -52.090891123687761, -32.032866315809073 ] ], [ [ -52.090931423611558, -32.03285964482653 ], [ -52.090971723535361, -32.032852973843987 ] ], [ [ -52.091012023459164, -32.032846302861444 ], [ -52.091052323382968, -32.0328396318789 ] ], [ [ -52.091092623306771, -32.032832960896357 ], [ -52.091173223154378, -32.032819618931264 ] ], [ [ -52.091253823001985, -32.032806276966177 ], [ -52.091374722773395, -32.03278626401854 ] ], [ [ -52.091535922468601, -32.032759580088367 ], [ -52.091580366959114, -32.03275222304169 ] ] ] } },
{ "type": "Feature", "properties": { "tipo": "rua", "nome": "REPUBLICA DO LIBANO", "drenagem": 1.0, "iluminacao": 1.0, "compriment": 43.778665313776457 }, "geometry": { "type": "LineString", "coordinates": [ [ -52.091580366959114, -32.03275222304169 ], [ -52.091752025684187, -32.032723806568185 ] ] } },
{ "type": "Feature", "properties": { "tipo": "rua", "nome": "MATHEO TONIETTI", "drenagem": 0.0, "iluminacao": 1.0, "compriment": 170.66560456743022 }, "geometry": { "type": "LineString", "coordinates": [ [ -52.092503120639876, -32.04026369105425 ], [ -52.091877043305203, -32.040083162977695 ] ] } },
{ "type": "Feature", "properties": { "tipo": "rua", "nome": "DO RIACHUELO", "drenagem": 1.0, "iluminacao": 1.0, "compriment": 107.66832437279643 }, "geometry": { "type": "LineString", "coordinates": [ [ -52.08971015568347, -32.030650037422781 ], [ -52.090822790501065, -32.030439285323887 ] ] } },
{ "type": "Feature", "properties": { "tipo": "rua", "nome": "CRISTOVAO COLOMBO", "drenagem": 1.0, "iluminacao": 1.0, "compriment": 135.41033462660738 }, "geometry": { "type": "MultiLineString", "coordinates": [ [ [ -52.112468060098514, -32.034619959734272 ], [ -52.111957878904626, -32.035451353223159 ] ], [ [ -52.111887383989078, -32.035566232043649 ], [ -52.111883689257319, -32.035572252994569 ] ], [ [ -52.111858959374878, -32.035612552918373 ], [ -52.111834229492445, -32.035652852842176 ] ] ] } },
{ "type": "Feature", "properties": { "tipo": "rua", "nome": "CRISTOVAO COLOMBO", "drenagem": 1.0, "iluminacao": 1.0, "compriment": 96.783529576183014 }, "geometry": { "type": "LineString", "coordinates": [ [ -52.111609461962622, -32.036039142319574 ], [ -52.111599816912936, -32.036055852080203 ] ] } },
{ "type": "Feature", "properties": { "tipo": "rua", "nome": "CRISTOVAO COLOMBO", "drenagem": 1.0, "iluminacao": 1.0, "compriment": 95.782841470727007 }, "geometry": { "type": "LineString", "coordinates": [ [ -52.110602929715022, -32.037788748803727 ], [ -52.110597786427384, -32.037797869064541 ] ] } },
{ "type": "Feature", "properties": { "tipo": "rua", "nome": "CRISTOVAO COLOMBO", "drenagem": 1.0, "iluminacao": 1.0, "compriment": 89.628928550557674 }, "geometry": { "type": "LineString", "coordinates": [ [ -52.110078143913697, -32.038715647051198 ], [ -52.110073887417947, -32.038723244059064 ] ] } },
{ "type": "Feature", "properties": { "tipo": "rua", "nome": "DOM PEDRO I", "drenagem": 1.0, "iluminacao": 1.0, "compriment": 166.52472622517837 }, "geometry": { "type": "LineString", "coordinates": [ [ -52.118011856979834, -32.034826905167186 ], [ -52.117232083618731, -32.03613645192781 ] ] } },
{ "type": "Feature", "properties": { "tipo": "rua", "nome": "MARECHAL FLORIANO PEIXOTO", "drenagem": 1.0, "iluminacao": 1.0, "compriment": 117.66506270186882 }, "geometry": { "type": "LineString", "coordinates": [ [ -52.089991812108821, -32.03168920092493 ], [ -52.091178402223747, -32.031366338072537 ] ] } },
{ "type": "Feature", "properties": { "tipo": "rua", "nome": "MARECHAL FLORIANO PEIXOTO", "drenagem": 1.0, "iluminacao": 1.0, "compriment": 81.293823788907332 }, "geometry": { "type": "LineString", "coordinates": [ [ -52.091178402223747, -32.031366338072537 ], [ -52.092021366662536, -32.031218654865107 ] ] } },
{ "type": "Feature", "properties": { "tipo": "rua", "nome": "JOAO PESSOA", "drenagem": 1.0, "iluminacao": 1.0, "compriment": 119.14882036888781 }, "geometry": { "type": "LineString", "coordinates": [ [ -52.086326102849739, -32.035050217061006 ], [ -52.086336025986348, -32.035169253756543 ] ] } },
{ "type": "Feature", "properties": { "tipo": "rua", "nome": "1 VELHA", "drenagem": 1.0, "iluminacao": 1.0, "compriment": 112.60070666226547 }, "geometry": { "type": "LineString", "coordinates": [ [ -52.086788410479649, -32.036408288207404 ], [ -52.086687503087234, -32.037420094177271 ] ] } },
{ "type": "Feature", "properties": { "tipo": "rua", "nome": "1 VELHA", "drenagem": 0.0, "iluminacao": 1.0, "compriment": 140.7328175884727 }, "geometry": { "type": "MultiLineString", "coordinates": [ [ [ -52.086055132831405, -32.042446425841078 ], [ -52.08584167875506, -32.042705339507684 ] ], [ [ -52.085802065697393, -32.042745639431487 ], [ -52.085494090074761, -32.043029316986413 ] ], [ [ -52.085410334050557, -32.04310646498908 ], [ -52.085408299799496, -32.043108338745718 ] ] ] } },
{ "type": "Feature", "properties": { "tipo": "rua", "nome": "OITO DE JULHO", "drenagem": 0.0, "iluminacao": 0.0, "compriment": 7.9512943886901581 }, "geometry": { "type": "LineString", "coordinates": [ [ -52.086055132831405, -32.042424089343683 ], [ -52.086008347474255, -32.042381152105875 ] ] } },
{ "type": "Feature", "properties": { "tipo": "rua", "nome": "FRANCISCO PASTORE", "drenagem": 1.0, "iluminacao": 1.0, "compriment": 277.67802222068531 }, "geometry": { "type": "LineString", "coordinates": [ [ -52.109576669707693, -32.048551767348229 ], [ -52.107845877412473, -32.050576050830536 ] ] } },
{ "type": "Feature", "properties": { "tipo": "rua", "nome": "MESTRE JERONIMO", "drenagem": 1.0, "iluminacao": 1.0, "compriment": 144.78741205623575 }, "geometry": { "type": "LineString", "coordinates": [ [ -52.10967088817992, -32.047490026906793 ], [ -52.109015052615177, -32.048250767046028 ] ] } },
{ "type": "Feature", "properties": { "tipo": "rua", "nome": "ENGENHEIRO ELMER LAWSORENCE CORTHEILL", "drenagem": 0.0, "iluminacao": 0.0, "compriment": 117.47208637558325 }, "geometry": { "type": "LineString", "coordinates": [ [ -52.143281024631555, -32.05128540028165 ], [ -52.143401924402966, -32.051339328838154 ] ] } },
{ "type": "Feature", "properties": { "tipo": "rua", "nome": "ABDALA NADER", "drenagem": 1.0, "iluminacao": 1.0, "compriment": 94.615204531286594 }, "geometry": { "type": "LineString", "coordinates": [ [ -52.08411908302724, -32.042772394372214 ], [ -52.084290541070004, -32.043430738136138 ] ] } },
{ "type": "Feature", "properties": { "tipo": "rua", "nome": "EDGAR FONTOURA", "drenagem": 1.0, "iluminacao": 1.0, "compriment": 83.461334682517631 }, "geometry": { "type": "LineString", "coordinates": [ [ -52.085827256852511, -32.037592040612559 ], [ -52.086687503087234, -32.037420094177271 ] ] } },
{ "type": "Feature", "properties": { "tipo": "rua", "nome": "EDGAR FONTOURA", "drenagem": 1.0, "iluminacao": 1.0, "compriment": 9.2901613861613708 }, "geometry": { "type": "LineString", "coordinates": [ [ -52.085731183278625, -32.037609984170743 ], [ -52.085827256852511, -32.037592040612559 ] ] } },
{ "type": "Feature", "properties": { "tipo": "rua", "nome": "GENERAL ABREU", "drenagem": 0.0, "iluminacao": 1.0, "compriment": 120.09651379871644 }, "geometry": { "type": "MultiLineString", "coordinates": [ [ [ -52.106235421718154, -32.040448543774723 ], [ -52.106325994504274, -32.040486943561255 ] ], [ [ -52.106336916964452, -32.04049157431357 ], [ -52.106487194199488, -32.040555286759584 ] ], [ [ -52.106520585520542, -32.040569443546133 ], [ -52.106580493527737, -32.04059484250741 ] ] ] } },
{ "type": "Feature", "properties": { "tipo": "rua", "nome": "EDGAR FONTOURA", "drenagem": 1.0, "iluminacao": 1.0, "compriment": 35.712075606516109 }, "geometry": { "type": "LineString", "coordinates": [ [ -52.086687503087234, -32.037420094177271 ], [ -52.087058184566025, -32.037356666602335 ] ] } },
{ "type": "Feature", "properties": { "tipo": "rua", "nome": "MARCIANO ESPINDOLA", "drenagem": 1.0, "iluminacao": 1.0, "compriment": 47.753769071674974 }, "geometry": { "type": "LineString", "coordinates": [ [ -52.086114060231345, -32.038707600164237 ], [ -52.086579031840849, -32.038604883627059 ] ] } },
{ "type": "Feature", "properties": { "tipo": "rua", "nome": "SEM DENOMINACAO", "drenagem": 0.0, "iluminacao": 1.0, "compriment": 158.57472205494491 }, "geometry": { "type": "MultiLineString", "coordinates": [ [ [ -52.086064281277984, -32.039038046441618 ], [ -52.086058372978947, -32.038997746517815 ] ], [ [ -52.086046556380879, -32.038917146670215 ], [ -52.086039453352683, -32.038868697616877 ], [ -52.085993457692901, -32.038732055464124 ] ] ] } },
{ "type": "Feature", "properties": { "tipo": "rua", "nome": "MARCIANO ESPINDOLA", "drenagem": 1.0, "iluminacao": 1.0, "compriment": 11.709653379794776 }, "geometry": { "type": "LineString", "coordinates": [ [ -52.085993457692901, -32.038732055464124 ], [ -52.086114060231345, -32.038707600164237 ] ] } },
{ "type": "Feature", "properties": { "tipo": "rua", "nome": "AQUIDABAN", "drenagem": 1.0, "iluminacao": 1.0, "compriment": 116.61037431423819 }, "geometry": { "type": "MultiLineString", "coordinates": [ [ [ -52.104198885665994, -32.032194021447019 ], [ -52.104996097018784, -32.032289646528092 ] ], [ [ -52.105148766622797, -32.032307959166531 ], [ -52.105220651464052, -32.032316581715307 ] ] ] } },
{ "type": "Feature", "properties": { "tipo": "rua", "nome": "AQUIDABAN", "drenagem": 1.0, "iluminacao": 1.0, "compriment": 92.607423316040098 }, "geometry": { "type": "LineString", "coordinates": [ [ -52.106742254294964, -32.032509458785547 ], [ -52.106859366703794, -32.032525869949275 ] ] } },
{ "type": "Feature", "properties": { "tipo": "rua", "nome": "AQUIDABAN", "drenagem": 1.0, "iluminacao": 1.0, "compriment": 45.830378350251635 }, "geometry": { "type": "MultiLineString", "coordinates": [ [ [ -52.106859366703794, -32.032525869949275 ], [ -52.106930493361318, -32.032534944626015 ] ], [ [ -52.106970793285122, -32.032540086281678 ], [ -52.107131992980335, -32.032560652904323 ] ], [ [ -52.107293192675549, -32.032581219526961 ], [ -52.107339199013701, -32.032587089234063 ] ] ] } },
{ "type": "Feature", "properties": { "tipo": "rua", "nome": "DEPUTADO FERNANDO FERRARI", "drenagem": 1.0, "iluminacao": 1.0, "compriment": 8.3597290682776819 }, "geometry": { "type": "LineString", "coordinates": [ [ -52.085877031154354, -32.040589534097151 ], [ -52.085895871497932, -32.040663195557713 ] ] } },
{ "type": "Feature", "properties": { "tipo": "rua", "nome": "CARLOS GOMES", "drenagem": 1.0, "iluminacao": 1.0, "compriment": 191.37161887498576 }, "geometry": { "type": "LineString", "coordinates": [ [ -52.105733384123624, -32.034202055585268 ], [ -52.105832789716835, -32.03421451067895 ] ] } },
{ "type": "Feature", "properties": { "tipo": "rua", "nome": "DEPUTADO FERNANDO FERRARI", "drenagem": 0.0, "iluminacao": 0.0, "compriment": 44.837026406371123 }, "geometry": { "type": "LineString", "coordinates": [ [ -52.085954886569461, -32.040852550107857 ], [ -52.085943916556019, -32.040848598754216 ] ] } },
{ "type": "Feature", "properties": { "tipo": "rua", "nome": "1 VELHA", "drenagem": 1.0, "iluminacao": 1.0, "compriment": 77.216457392155917 }, "geometry": { "type": "MultiLineString", "coordinates": [ [ [ -52.086384053903082, -32.04121424232698 ], [ -52.086380672383122, -32.041254542250783 ] ], [ [ -52.086360383263354, -32.041496341793597 ], [ -52.086353824767805, -32.041574503943693 ] ] ] } },
{ "type": "Feature", "properties": { "tipo": "rua", "nome": "1 VELHA", "drenagem": 0.0, "iluminacao": 0.0, "compriment": 85.582420659440714 }, "geometry": { "type": "MultiLineString", "coordinates": [ [ [ -52.085943459149838, -32.040846833627896 ], [ -52.085909881882891, -32.040867867930416 ], [ -52.085900812953604, -32.040891842936553 ] ], [ [ -52.085813333288591, -32.040996103752562 ], [ -52.085774144579517, -32.041012742707963 ] ], [ [ -52.085732733440985, -32.041045140292674 ], [ -52.085730423009046, -32.041053042631766 ] ] ] } },
{ "type": "Feature", "properties": { "tipo": "rua", "nome": "1 VELHA", "drenagem": 1.0, "iluminacao": 1.0, "compriment": 17.761717570224612 }, "geometry": { "type": "MultiLineString", "coordinates": [ [ [ -52.086498431993242, -32.042045513850013 ], [ -52.086417832145635, -32.042044170425811 ] ], [ [ -52.086377532221832, -32.04204349871371 ], [ -52.086329273194337, -32.042042694340658 ] ] ] } },
{ "type": "Feature", "properties": { "tipo": "rua", "nome": "1 VELHA", "drenagem": 1.0, "iluminacao": 1.0, "compriment": 40.474916452975464 }, "geometry": { "type": "LineString", "coordinates": [ [ -52.086538731917045, -32.042047381055355 ], [ -52.086944283355486, -32.042076753684306 ] ] } },
{ "type": "Feature", "properties": { "tipo": "rua", "nome": "OITO DE JULHO", "drenagem": 0.0, "iluminacao": 1.0, "compriment": 81.765549804299667 }, "geometry": { "type": "LineString", "coordinates": [ [ -52.086669632464314, -32.04256414136421 ], [ -52.086898051276044, -32.042575569069392 ] ] } },
{ "type": "Feature", "properties": { "tipo": "rua", "nome": "MARECHAL JOAO MASCARENHAS DE MORAES", "drenagem": 1.0, "iluminacao": 1.0, "compriment": 67.717513040533717 }, "geometry": { "type": "MultiLineString", "coordinates": [ [ [ -52.085895871497932, -32.040663195557713 ], [ -52.085571533745771, -32.040722690048966 ] ], [ [ -52.085528176445209, -32.040730643241346 ], [ -52.085410334050557, -32.040752259514107 ] ] ] } },
{ "type": "Feature", "properties": { "tipo": "rua", "nome": "CARLOS GOMES", "drenagem": 1.0, "iluminacao": 1.0, "compriment": 79.428389104667076 }, "geometry": { "type": "MultiLineString", "coordinates": [ [ [ -52.105832789716835, -32.03421451067895 ], [ -52.105963295190051, -32.034232726129886 ] ], [ [ -52.106032285339801, -32.034242355509072 ], [ -52.106662610043671, -32.034330333801726 ] ] ] } },
{ "type": "Feature", "properties": { "tipo": "rua", "nome": "MORON", "drenagem": 0.0, "iluminacao": 1.0, "compriment": 91.609397267884873 }, "geometry": { "type": "LineString", "coordinates": [ [ -52.108220561227967, -32.030198731900377 ], [ -52.107764175568299, -32.030927682970976 ] ] } },
{ "type": "Feature", "properties": { "tipo": "rua", "nome": "MORON", "drenagem": 0.0, "iluminacao": 1.0, "compriment": 117.63601478805066 }, "geometry": { "type": "LineString", "coordinates": [ [ -52.106859366703794, -32.032525869949275 ], [ -52.106312563874056, -32.033463218293448 ] ] } },
{ "type": "Feature", "properties": { "tipo": "avenida", "nome": "COMENDADOR VASCO VIEIRA DA FONSECA", "drenagem": 1.0, "iluminacao": 1.0, "compriment": 141.6519049285935 }, "geometry": { "type": "LineString", "coordinates": [ [ -52.103415942439483, -32.028730317793304 ], [ -52.10490415035526, -32.028887067115384 ] ] } },
{ "type": "Feature", "properties": { "tipo": "avenida", "nome": "COMENDADOR VASCO VIEIRA DA FONSECA", "drenagem": 1.0, "iluminacao": 1.0, "compriment": 103.3996969024392 }, "geometry": { "type": "LineString", "coordinates": [ [ -52.10490415035526, -32.028887067115384 ], [ -52.105992598313712, -32.028985791299206 ] ] } },
{ "type": "Feature", "properties": { "tipo": "rua", "nome": "VISCONDE DE RIO BRANCO", "drenagem": 1.0, "iluminacao": 1.0, "compriment": 121.12617673633157 }, "geometry": { "type": "MultiLineString", "coordinates": [ [ [ -52.108341998850712, -32.035290153527946 ], [ -52.108381290618226, -32.035306920946034 ] ], [ [ -52.108436435288603, -32.035330453451749 ], [ -52.108461890465833, -32.035341316225967 ] ], [ [ -52.108530871726494, -32.035370753375553 ], [ -52.108582790237243, -32.03539290914587 ] ], [ [ -52.108625308164385, -32.035411053299356 ], [ -52.108703690008646, -32.035444502065765 ] ], [ [ -52.108719744602276, -32.035451353223159 ], [ -52.10898578947527, -32.035564885545533 ] ] ] } },
{ "type": "Feature", "properties": { "tipo": "rua", "nome": "DEPUTADO FERNANDO FERRARI", "drenagem": 1.0, "iluminacao": 1.0, "compriment": 21.05376756088619 }, "geometry": { "type": "MultiLineString", "coordinates": [ [ [ -52.085895871497932, -32.040663195557713 ], [ -52.085934236274653, -32.040811243088946 ] ], [ [ -52.085934239733234, -32.040811256435418 ], [ -52.085943916556019, -32.040848598754216 ] ] ] } },
{ "type": "Feature", "properties": { "tipo": "rua", "nome": "BARTOLOMEU DE GUSMÃO", "drenagem": 1.0, "iluminacao": 1.0, "compriment": 58.81 }, "geometry": { "type": "LineString", "coordinates": [ [ -52.125911757472494, -32.053594379027771 ], [ -52.125871457548691, -32.053670302310543 ] ] } },
{ "type": "Feature", "properties": { "tipo": "rua", "nome": "MORON", "drenagem": 0.0, "iluminacao": 1.0, "compriment": 85.664807554702335 }, "geometry": { "type": "MultiLineString", "coordinates": [ [ [ -52.106269315960034, -32.033532042246492 ], [ -52.106227481400765, -32.033597556728225 ] ], [ [ -52.106205094732871, -32.033632615085956 ], [ -52.1062017477079, -32.033637856652028 ] ], [ [ -52.106164794809068, -32.033695726271247 ], [ -52.106124494885265, -32.033758837456539 ] ], [ [ -52.106098812936438, -32.033799056347242 ], [ -52.106084194961461, -32.033821948641823 ] ], [ [ -52.106047345550714, -32.033879656194848 ], [ -52.106043895037658, -32.033885059827114 ] ], [ [ -52.106021611857848, -32.033919956118652 ], [ -52.106003595113854, -32.033948171012405 ] ], [ [ -52.105922995266248, -32.034074393382987 ], [ -52.105918677086393, -32.034081155813858 ] ], [ [ -52.105892943393528, -32.034121455737662 ], [ -52.105871820377686, -32.034154535169108 ] ] ] } },
{ "type": "Feature", "properties": { "tipo": "avenida", "nome": "SENADOR SALGADO FILHO", "drenagem": 1.0, "iluminacao": 1.0, "compriment": 72.610883234503774 }, "geometry": { "type": "LineString", "coordinates": [ [ -52.094510945953601, -32.04023400074788 ], [ -52.095234457259593, -32.040455342183492 ] ] } },
{ "type": "Feature", "properties": { "tipo": "rua", "nome": "PROFESSOR ANTONIO GOMES DE FREITAS", "drenagem": 1.0, "iluminacao": 1.0, "compriment": 47.284409195069649 }, "geometry": { "type": "LineString", "coordinates": [ [ -52.091321239535176, -32.041640869921579 ], [ -52.090845806454517, -32.041507301808252 ] ] } },
{ "type": "Feature", "properties": { "tipo": "rua", "nome": "PROFESSOR ANTONIO GOMES DE FREITAS", "drenagem": 1.0, "iluminacao": 1.0, "compriment": 29.83612009661552 }, "geometry": { "type": "LineString", "coordinates": [ [ -52.090562574250406, -32.041427729549007 ], [ -52.090263675305565, -32.041340671494829 ] ] } },
{ "type": "Feature", "properties": { "tipo": "rua", "nome": "PROFESSOR ANTONIO GOMES DE FREITAS", "drenagem": 1.0, "iluminacao": 1.0, "compriment": 45.665974750105391 }, "geometry": { "type": "LineString", "coordinates": [ [ -52.090263675305565, -32.041340671494829 ], [ -52.089806193604424, -32.041207422544339 ] ] } },
{ "type": "Feature", "properties": { "tipo": "travessa", "nome": "NOSSA SENHORA DAS GRACAS", "drenagem": 0.0, "iluminacao": 1.0, "compriment": 173.2989343880738 }, "geometry": { "type": "LineString", "coordinates": [ [ -52.118897486399561, -32.037023050251477 ], [ -52.118825367511818, -32.03714395002288 ] ] } },
{ "type": "Feature", "properties": { "tipo": "rua", "nome": "DOUTOR ALVARO COSTA", "drenagem": 1.0, "iluminacao": 1.0, "compriment": 11.092626941578276 }, "geometry": { "type": "LineString", "coordinates": [ [ -52.08733940251367, -32.039718573626658 ], [ -52.087222047592661, -32.039714733888104 ] ] } },
{ "type": "Feature", "properties": { "tipo": "rua", "nome": "CORONEL PEDROSO", "drenagem": 0.0, "iluminacao": 1.0, "compriment": 97.667292555632159 }, "geometry": { "type": "MultiLineString", "coordinates": [ [ [ -52.136631537204075, -32.046290953300883 ], [ -52.136582656328699, -32.04637263257375 ] ], [ [ -52.136510637432664, -32.046492975162039 ], [ -52.136510303987009, -32.04649353234516 ] ] ] } },
{ "type": "Feature", "properties": { "tipo": "rua", "nome": "JOCKEY CLUBE", "drenagem": 1.0, "iluminacao": 1.0, "compriment": 80.779874487881685 }, "geometry": { "type": "LineString", "coordinates": [ [ -52.143228852438725, -32.047424805425301 ], [ -52.144029254223462, -32.047681628181287 ] ] } },
{ "type": "Feature", "properties": { "tipo": "rua", "nome": "JOCKEY CLUBE", "drenagem": 1.0, "iluminacao": 1.0, "compriment": 4.6506921443085556 }, "geometry": { "type": "LineString", "coordinates": [ [ -52.144792046937795, -32.047928262038923 ], [ -52.14483734450102, -32.04794471108989 ] ] } },
{ "type": "Feature", "properties": { "tipo": "rua", "nome": "PERU", "drenagem": 1.0, "iluminacao": 1.0, "compriment": 100.63433192879151 }, "geometry": { "type": "MultiLineString", "coordinates": [ [ [ -52.139965690620379, -32.047823429830657 ], [ -52.139976430879713, -32.047804077312371 ] ], [ [ -52.139988056269459, -32.047783129906854 ], [ -52.140014532909731, -32.047735422523907 ] ] ] } },
{ "type": "Feature", "properties": { "tipo": "rua", "nome": "DOUTOR AUGUSTO DUPRAT", "drenagem": 0.0, "iluminacao": 1.0, "compriment": 59.568221964796763 }, "geometry": { "type": "LineString", "coordinates": [ [ -52.128444417932101, -32.045823794604409 ], [ -52.128920726993911, -32.046029922766863 ] ] } },
{ "type": "Feature", "properties": { "tipo": "rua", "nome": "VISCONDE DE RIO BRANCO", "drenagem": 1.0, "iluminacao": 1.0, "compriment": 121.47742776369269 }, "geometry": { "type": "MultiLineString", "coordinates": [ [ [ -52.129455111034979, -32.044236736612199 ], [ -52.12949845069096, -32.044255543951401 ] ], [ [ -52.129534234755816, -32.044271072525191 ], [ -52.129619350462363, -32.044308008673589 ] ], [ [ -52.129640845424575, -32.044317336459805 ], [ -52.12969995030997, -32.044342985155048 ] ], [ [ -52.129733712619377, -32.044357636383609 ], [ -52.12982085008138, -32.044395449877243 ] ], [ [ -52.129826579814178, -32.044397936307412 ], [ -52.130488766176704, -32.044685293538471 ] ] ] } },
{ "type": "Feature", "properties": { "tipo": "rua", "nome": "VISCONDE DE RIO BRANCO", "drenagem": 1.0, "iluminacao": 1.0, "compriment": 56.894806833368165 }, "geometry": { "type": "LineString", "coordinates": [ [ -52.130488766176704, -32.044685293538471 ], [ -52.131029495994341, -32.044911437391974 ] ] } },
{ "type": "Feature", "properties": { "tipo": "rua", "nome": "VISCONDE DE RIO BRANCO", "drenagem": 1.0, "iluminacao": 1.0, "compriment": 121.77053734229044 }, "geometry": { "type": "MultiLineString", "coordinates": [ [ [ -52.136873336746895, -32.047370541589231 ], [ -52.136896084128345, -32.047380130668827 ] ], [ [ -52.136953936594495, -32.047404518174893 ], [ -52.137319868712638, -32.047558775587639 ] ] ] } },
{ "type": "Feature", "properties": { "tipo": "avenida", "nome": "CIDADE DE PELOTAS", "drenagem": 1.0, "iluminacao": 1.0, "compriment": 23.090792187075351 }, "geometry": { "type": "LineString", "coordinates": [ [ -52.106106350179523, -32.035290153527946 ], [ -52.106164794809068, -32.035311615255758 ] ] } },
{ "type": "Feature", "properties": { "tipo": "rua", "nome": "DOUTOR AUGUSTO DUPRAT", "drenagem": 0.0, "iluminacao": 1.0, "compriment": 61.482960877674415 }, "geometry": { "type": "LineString", "coordinates": [ [ -52.129489436967518, -32.046266696399954 ], [ -52.130082175604109, -32.046495945870277 ] ] } },
{ "type": "Feature", "properties": { "tipo": "rua", "nome": "CASIMIRO DE ABREU", "drenagem": 0.0, "iluminacao": 1.0, "compriment": 103.12815519151647 }, "geometry": { "type": "MultiLineString", "coordinates": [ [ [ -52.126500628014561, -32.044115836840788 ], [ -52.126475956405734, -32.044158092423871 ] ], [ [ -52.126453568483804, -32.044196436688395 ], [ -52.126435656481938, -32.044227114950523 ] ] ] } },
{ "type": "Feature", "properties": { "tipo": "rua", "nome": "REPUBLICA DO LIBANO", "drenagem": 1.0, "iluminacao": 1.0, "compriment": 60.834162054518856 }, "geometry": { "type": "LineString", "coordinates": [ [ -52.092462820716072, -32.032606139232222 ], [ -52.092503120639876, -32.032599467777246 ] ] } },
{ "type": "Feature", "properties": { "tipo": "rua", "nome": "DO RIACHUELO", "drenagem": 1.0, "iluminacao": 1.0, "compriment": 48.18469984686633 }, "geometry": { "type": "LineString", "coordinates": [ [ -52.095095430469534, -32.029679711732072 ], [ -52.095601224877804, -32.029623422447514 ] ] } },
{ "type": "Feature", "properties": { "tipo": "rua", "nome": "CONSELHEIRO PINTO LIMA", "drenagem": 0.0, "iluminacao": 1.0, "compriment": 102.8480534277259 }, "geometry": { "type": "LineString", "coordinates": [ [ -52.099127271514099, -32.029047768584746 ], [ -52.099093277778977, -32.029974816926163 ] ] } },
{ "type": "Feature", "properties": { "tipo": "avenida", "nome": "PORTUGAL", "drenagem": 1.0, "iluminacao": 1.0, "compriment": 32.275406327609929 }, "geometry": { "type": "LineString", "coordinates": [ [ -52.107678500605779, -32.032577230908764 ], [ -52.107337001287014, -32.032586808839369 ] ] } },
{ "type": "Feature", "properties": { "tipo": "rua", "nome": "MARECHAL FLORIANO PEIXOTO", "drenagem": 1.0, "iluminacao": 1.0, "compriment": 10.460962789585613 }, "geometry": { "type": "LineString", "coordinates": [ [ -52.096230052765264, -32.030976576667939 ], [ -52.096291313477352, -32.030977312996498 ] ] } },
{ "type": "Feature", "properties": { "tipo": "rua", "nome": "VICE ALMIRANTE ABREU", "drenagem": 1.0, "iluminacao": 1.0, "compriment": 7.3528793065759581 }, "geometry": { "type": "LineString", "coordinates": [ [ -52.097865823438788, -32.03814246433037 ], [ -52.097941937189049, -32.03812855316729 ] ] } },
{ "type": "Feature", "properties": { "tipo": "rua", "nome": "GENERAL OSORIO", "drenagem": 1.0, "iluminacao": 1.0, "compriment": 35.735015959186143 }, "geometry": { "type": "LineString", "coordinates": [ [ -52.096760880557149, -32.030123920936028 ], [ -52.097138023690029, -32.030098743297216 ] ] } },
{ "type": "Feature", "properties": { "tipo": "rua", "nome": "GENERAL OSORIO", "drenagem": 1.0, "iluminacao": 1.0, "compriment": 80.507377288647859 }, "geometry": { "type": "LineString", "coordinates": [ [ -52.096049513934531, -32.03017030437293 ], [ -52.096760880557149, -32.030123920936028 ] ] } },
{ "type": "Feature", "properties": { "tipo": "largo", "nome": "SILVEIRA MARTINS", "drenagem": 1.0, "iluminacao": 1.0, "compriment": 70.123314547061312 }, "geometry": { "type": "LineString", "coordinates": [ [ -52.095910578695573, -32.030172063204979 ], [ -52.095866211767564, -32.029548103216705 ] ] } },
{ "type": "Feature", "properties": { "tipo": "rua", "nome": "BARAO DE SAO JOSE DO NORTE", "drenagem": 1.0, "iluminacao": 1.0, "compriment": 107.03564863797143 }, "geometry": { "type": "LineString", "coordinates": [ [ -52.102943790157596, -32.031349750282615 ], [ -52.101825193950845, -32.031195701704235 ] ] } },
{ "type": "Feature", "properties": { "tipo": "rua", "nome": "MARECHAL FLORIANO PEIXOTO", "drenagem": 1.0, "iluminacao": 1.0, "compriment": 193.35926256456708 }, "geometry": { "type": "MultiLineString", "coordinates": [ [ [ -52.10170624235807, -32.031531438872733 ], [ -52.101328803952718, -32.03154310714438 ] ], [ [ -52.101138212536412, -32.03154226061428 ], [ -52.100885504790881, -32.031506258672579 ] ], [ [ -52.100878814957369, -32.031505305607233 ], [ -52.100684005171871, -32.031477552082997 ] ], [ [ -52.100643705248068, -32.031471810765076 ], [ -52.100633833969425, -32.031470404455995 ], [ -52.099813351188324, -32.031122869150238 ] ] ] } },
{ "type": "Feature", "properties": { "tipo": "avenida", "nome": "CIDADE DE PELOTAS", "drenagem": 1.0, "iluminacao": 1.0, "compriment": 57.740509128677083 }, "geometry": { "type": "LineString", "coordinates": [ [ -52.126633811212287, -32.044028547215859 ], [ -52.126649099074726, -32.044035236993182 ] ] } },
{ "type": "Feature", "properties": { "tipo": "avenida", "nome": "CIDADE DE PELOTAS", "drenagem": 1.0, "iluminacao": 1.0, "compriment": 57.401934099306771 }, "geometry": { "type": "LineString", "coordinates": [ [ -52.128840035489482, -32.044969967361936 ], [ -52.129380612618903, -32.045206560045479 ] ] } },
{ "type": "Feature", "properties": { "tipo": "rua", "nome": "VISCONDE DE PARANAGUA", "drenagem": 1.0, "iluminacao": 1.0, "compriment": 38.227829485213952 }, "geometry": { "type": "LineString", "coordinates": [ [ -52.10174588983034, -32.031582560538084 ], [ -52.101702014841848, -32.031798954331542 ] ] } },
{ "type": "Feature", "properties": { "tipo": "rua", "nome": "VISCONDE DE RIO BRANCO", "drenagem": 1.0, "iluminacao": 1.0, "compriment": 117.56475403891767 }, "geometry": { "type": "MultiLineString", "coordinates": [ [ [ -52.106831793178777, -32.034530131566953 ], [ -52.106910542217932, -32.034564754899499 ] ], [ [ -52.1069877706772, -32.034598709683657 ], [ -52.107093862542364, -32.034645354747106 ] ], [ [ -52.107131992980335, -32.034662119432085 ], [ -52.107277182866781, -32.034725954594705 ] ] ] } },
{ "type": "Feature", "properties": { "tipo": "rua", "nome": "VISCONDE DE RIO BRANCO", "drenagem": 1.0, "iluminacao": 1.0, "compriment": 119.84635845658632 }, "geometry": { "type": "MultiLineString", "coordinates": [ [ [ -52.108260390846816, -32.035154661885265 ], [ -52.108294437862355, -32.035169253756543 ] ], [ [ -52.108381290618226, -32.035206477114116 ], [ -52.1084825003947, -32.035249853604149 ] ], [ [ -52.108502190389636, -32.035258292342959 ], [ -52.108576531660866, -32.035290153527946 ] ], [ [ -52.108582790237243, -32.035292835828862 ], [ -52.108764594193211, -32.035370753375553 ] ], [ [ -52.108784289856253, -32.035379194543601 ], [ -52.109046687991736, -32.035491653146963 ] ] ] } },
{ "type": "Feature", "properties": { "tipo": "rua", "nome": "VISCONDE DE RIO BRANCO", "drenagem": 1.0, "iluminacao": 1.0, "compriment": 122.06109721170219 }, "geometry": { "type": "MultiLineString", "coordinates": [ [ [ -52.10910668924668, -32.0355175064241 ], [ -52.109419651948606, -32.035652852842176 ] ], [ [ -52.1094290886371, -32.035656933909912 ], [ -52.109565351415078, -32.035715863228972 ] ], [ [ -52.10967088817992, -32.035761504524274 ], [ -52.109699209543564, -32.035773752613586 ] ], [ [ -52.10979178795133, -32.035813789831458 ], [ -52.109792395408547, -32.03581405253739 ] ], [ [ -52.110033587494144, -32.03591836044582 ], [ -52.110071953003484, -32.035934952308793 ] ], [ [ -52.11011418734175, -32.035953217317271 ], [ -52.110194787189357, -32.035988074188722 ] ] ] } },
{ "type": "Feature", "properties": { "tipo": "rua", "nome": "MONTEIRO LOBATO", "drenagem": 1.0, "iluminacao": 1.0, "compriment": 115.31906220983392 }, "geometry": { "type": "MultiLineString", "coordinates": [ [ [ -52.086256632450421, -32.036443529398618 ], [ -52.086337232298028, -32.036438188007125 ] ], [ [ -52.086699931612252, -32.036414151745412 ], [ -52.086788410479649, -32.036408288207404 ] ] ] } },
{ "type": "Feature", "properties": { "tipo": "rua", "nome": "VISCONDE DE RIO BRANCO", "drenagem": 1.0, "iluminacao": 1.0, "compriment": 119.38113297073019 }, "geometry": { "type": "MultiLineString", "coordinates": [ [ [ -52.110235087113161, -32.036005471315278 ], [ -52.110352313204267, -32.036055852080203 ] ], [ [ -52.110355986884571, -32.036057430933703 ], [ -52.110446083168782, -32.036096152004006 ] ], [ [ -52.110517186579784, -32.036126710424931 ], [ -52.110539853133297, -32.03613645192781 ] ] ] } },
{ "type": "Feature", "properties": { "tipo": "rua", "nome": "WALTER RAMOS LAGES", "drenagem": 1.0, "iluminacao": 1.0, "compriment": 141.16746452530307 }, "geometry": { "type": "LineString", "coordinates": [ [ -52.105913067679815, -32.029452977195092 ], [ -52.106032727200621, -32.029586891242324 ], [ -52.105984618569714, -32.030690905007432 ] ] } },
{ "type": "Feature", "properties": { "tipo": "avenida", "nome": "MAJOR CARLOS PINTO", "drenagem": 0.0, "iluminacao": 1.0, "compriment": 183.7745028998782 }, "geometry": { "type": "LineString", "coordinates": [ [ -52.10952913257001, -32.029415742997664 ], [ -52.109200990314953, -32.029980617609496 ], [ -52.108713385825965, -32.030919923224012 ] ] } },
{ "type": "Feature", "properties": { "tipo": "rua", "nome": "SEM DENOMINACAO", "drenagem": 1.0, "iluminacao": 1.0, "compriment": 89.949086982019935 }, "geometry": { "type": "LineString", "coordinates": [ [ -52.108267534184129, -32.031018187494077 ], [ -52.108034566443671, -32.031449428966631 ], [ -52.107855241918472, -32.03174921208759 ] ] } },
{ "type": "Feature", "properties": { "tipo": "rua", "nome": "SEM DENOMINACAO", "drenagem": 1.0, "iluminacao": 0.0, "compriment": 26.53596200891856 }, "geometry": { "type": "LineString", "coordinates": [ [ -52.107855241918472, -32.03174921208759 ], [ -52.108099191151602, -32.031849930721322 ] ] } },
{ "type": "Feature", "properties": { "tipo": "avenida", "nome": "MAJOR CARLOS PINTO", "drenagem": 1.0, "iluminacao": 1.0, "compriment": 89.91807954685278 }, "geometry": { "type": "MultiLineString", "coordinates": [ [ [ -52.108101461873815, -32.0318646600047 ], [ -52.10807754101657, -32.031904959928504 ] ], [ [ -52.108058891227806, -32.031936379582838 ], [ -52.107838332444118, -32.032307959166531 ] ], [ [ -52.107766569872375, -32.032428858937941 ], [ -52.107736491837379, -32.032479531976378 ] ], [ [ -52.107718728157884, -32.032509458785547 ], [ -52.107678500605779, -32.032577230908764 ] ] ] } },
{ "type": "Feature", "properties": { "tipo": "rua", "nome": "MANOEL PEREIRA DE ALMEIDA", "drenagem": 0.0, "iluminacao": 1.0, "compriment": 29.341641649329905 }, "geometry": { "type": "MultiLineString", "coordinates": [ [ [ -52.108267534184129, -32.031018187494077 ], [ -52.108414572067922, -32.031044624580417 ] ], [ [ -52.108492642818014, -32.03105866152864 ], [ -52.108571459174243, -32.031072832535195 ] ] ] } },
{ "type": "Feature", "properties": { "tipo": "rua", "nome": "AQUIDABAN", "drenagem": 0.0, "iluminacao": 1.0, "compriment": 107.49413783108209 }, "geometry": { "type": "MultiLineString", "coordinates": [ [ [ -52.102658701438209, -32.031989084909434 ], [ -52.102630054514378, -32.031985559776111 ] ], [ [ -52.102277400061546, -32.031942164053376 ], [ -52.102037920138798, -32.031912694967581 ] ], [ [ -52.101893002885959, -32.031894862245281 ], [ -52.101772103114548, -32.031879984982524 ] ], [ [ -52.101731803190745, -32.031875025894934 ], [ -52.101691503266942, -32.031870066807343 ] ] ] } },
{ "type": "Feature", "properties": { "tipo": "rua", "nome": "GENERAL CANABARRO", "drenagem": 1.0, "iluminacao": 1.0, "compriment": 73.842734544673363 }, "geometry": { "type": "MultiLineString", "coordinates": [ [ [ -52.102940342052506, -32.031351024501859 ], [ -52.102911320189044, -32.031501960690477 ] ], [ [ -52.102903571358915, -32.03154226061428 ], [ -52.102819901133422, -32.03197741065047 ] ] ] } },
{ "type": "Feature", "properties": { "tipo": "rua", "nome": "GENERAL PORTINHO", "drenagem": 1.0, "iluminacao": 1.0, "compriment": 178.90699560492519 }, "geometry": { "type": "LineString", "coordinates": [ [ -52.10490415035526, -32.028887067115384 ], [ -52.104565610128702, -32.030474495115541 ] ] } },
{ "type": "Feature", "properties": { "tipo": "rua", "nome": "QUARENTA", "drenagem": 0.0, "iluminacao": 1.0, "compriment": 47.452060228294158 }, "geometry": { "type": "LineString", "coordinates": [ [ -52.092607699010301, -32.04625480700507 ], [ -52.093099425394094, -32.046166960145158 ] ] } },
{ "type": "Feature", "properties": { "tipo": "rua", "nome": "TRINTA E NOVE", "drenagem": 0.0, "iluminacao": 1.0, "compriment": 51.848037542318295 }, "geometry": { "type": "LineString", "coordinates": [ [ -52.093067278250231, -32.045151252122253 ], [ -52.092535356310236, -32.045266857692937 ] ] } },
{ "type": "Feature", "properties": { "tipo": "rua", "nome": "SEM DENOMINACAO", "drenagem": 1.0, "iluminacao": 1.0, "compriment": 122.88152384654008 }, "geometry": { "type": "LineString", "coordinates": [ [ -52.112122608004412, -32.032770020533874 ], [ -52.110950300664356, -32.03228964506264 ] ] } },
{ "type": "Feature", "properties": { "tipo": "rua", "nome": "ROSA CRUZ", "drenagem": 0.0, "iluminacao": 1.0, "compriment": 152.52741514460115 }, "geometry": { "type": "MultiLineString", "coordinates": [ [ [ -52.128470177198878, -32.049072727468548 ], [ -52.128341608626528, -32.049015839072659 ] ], [ [ -52.12828802041318, -32.048992127620942 ], [ -52.128168553205462, -32.048939266352562 ] ], [ [ -52.127741550056115, -32.048750328078128 ], [ -52.127725254043625, -32.048743117497864 ] ] ] } },
{ "type": "Feature", "properties": { "tipo": "rua", "nome": "AMAPA", "drenagem": 0.0, "iluminacao": 1.0, "compriment": 99.976394292710992 }, "geometry": { "type": "LineString", "coordinates": [ [ -52.132094064940759, -32.044362565057824 ], [ -52.131620950462647, -32.045169101028833 ] ] } },
{ "type": "Feature", "properties": { "tipo": "avenida", "nome": "CIDADE DE PELOTAS", "drenagem": 1.0, "iluminacao": 1.0, "compriment": 55.632688693050767 }, "geometry": { "type": "LineString", "coordinates": [ [ -52.129998154750474, -32.045461829316132 ], [ -52.130521818617169, -32.045691550813018 ] ] } },
{ "type": "Feature", "properties": { "tipo": "avenida", "nome": "CIDADE DE PELOTAS", "drenagem": 1.0, "iluminacao": 1.0, "compriment": 50.263890817127773 }, "geometry": { "type": "MultiLineString", "coordinates": [ [ [ -52.130521818617169, -32.045691550813018 ], [ -52.130828348176451, -32.045815838673626 ] ], [ [ -52.130868648100254, -32.04583217899436 ], [ -52.130909476424172, -32.045848733564313 ] ] ] } },
{ "type": "Feature", "properties": { "tipo": "rua", "nome": "TRES DE JULHO", "drenagem": 1.0, "iluminacao": 1.0, "compriment": 189.12096018767025 }, "geometry": { "type": "MultiLineString", "coordinates": [ [ [ -52.105426367459394, -32.032307959166531 ], [ -52.105432588627743, -32.032267659242727 ] ], [ [ -52.105554359611993, -32.031478842558563 ], [ -52.105569454331366, -32.031381060919067 ] ], [ [ -52.105581896668056, -32.03130046107146 ], [ -52.105682357756024, -32.030649687138869 ] ] ] } },
{ "type": "Feature", "properties": { "tipo": "rua", "nome": "WALTER RAMOS LAGES", "drenagem": 1.0, "iluminacao": 1.0, "compriment": 188.64541626025095 }, "geometry": { "type": "LineString", "coordinates": [ [ -52.105984618569714, -32.030690905007432 ], [ -52.105922995266248, -32.0318213399649 ] ] } },
{ "type": "Feature", "properties": { "tipo": "avenida", "nome": "CIDADE DE PELOTAS", "drenagem": 1.0, "iluminacao": 1.0, "compriment": 119.82318818687487 }, "geometry": { "type": "MultiLineString", "coordinates": [ [ [ -52.138888332937036, -32.049225480300848 ], [ -52.138908907559788, -32.049233927163762 ] ], [ [ -52.138968932784643, -32.049258570378448 ], [ -52.139007068940877, -32.049274227087565 ] ] ] } },
{ "type": "Feature", "properties": { "tipo": "rua", "nome": "CONSELHEIRO TEIXEIRA JUNIOR", "drenagem": 0.0, "iluminacao": 1.0, "compriment": 233.09094034647478 }, "geometry": { "type": "LineString", "coordinates": [ [ -52.115958059481038, -32.03340575138256 ], [ -52.114896670724484, -32.035303425443018 ] ] } },
{ "type": "Feature", "properties": { "tipo": "avenida", "nome": "MAJOR CARLOS PINTO", "drenagem": 1.0, "iluminacao": 1.0, "compriment": 7.0125910485422578 }, "geometry": { "type": "LineString", "coordinates": [ [ -52.105870767989913, -32.036180602156037 ], [ -52.105832899370156, -32.036234997466472 ] ] } },
{ "type": "Feature", "properties": { "tipo": "rua", "nome": "AMAPA", "drenagem": 0.0, "iluminacao": 1.0, "compriment": 138.9029518942904 }, "geometry": { "type": "MultiLineString", "coordinates": [ [ [ -52.130852016042951, -32.047452098861271 ], [ -52.130847009240355, -32.047460730516434 ] ], [ [ -52.130828348176451, -32.047492901920322 ], [ -52.130800257195844, -32.047541330364034 ] ], [ [ -52.130304449167014, -32.0483960962247 ], [ -52.130215856639438, -32.048548828459111 ] ] ] } },
{ "type": "Feature", "properties": { "tipo": "rua", "nome": "CONSELHEIRO TEIXEIRA JUNIOR", "drenagem": 0.0, "iluminacao": 1.0, "compriment": 21.649100551400306 }, "geometry": { "type": "LineString", "coordinates": [ [ -52.114896670724484, -32.035303425443018 ], [ -52.114859584440588, -32.035370753375553 ] ] } },
{ "type": "Feature", "properties": { "tipo": "rua", "nome": "DAS MISSOES", "drenagem": 0.0, "iluminacao": 1.0, "compriment": 98.324309872305861 }, "geometry": { "type": "LineString", "coordinates": [ [ -52.131466395256567, -32.043092497412488 ], [ -52.130975576399507, -32.043874463932674 ] ] } },
{ "type": "Feature", "properties": { "tipo": "rua", "nome": "DAS MISSOES", "drenagem": 1.0, "iluminacao": 0.0, "compriment": 97.784005484721092 }, "geometry": { "type": "LineString", "coordinates": [ [ -52.130488766176704, -32.044685293538471 ], [ -52.129998154750474, -32.045461829316132 ] ] } },
{ "type": "Feature", "properties": { "tipo": "rua", "nome": "DAS MISSOES", "drenagem": 1.0, "iluminacao": 1.0, "compriment": 100.72406760654999 }, "geometry": { "type": "MultiLineString", "coordinates": [ [ [ -52.129025202243696, -32.047078422836357 ], [ -52.128727088083977, -32.047581630287837 ] ], [ [ -52.12870321328267, -32.047621930211641 ], [ -52.128652152291096, -32.047708119581053 ] ], [ [ -52.12863158887874, -32.047742829983051 ], [ -52.128566658066568, -32.04785243117928 ] ] ] } },
{ "type": "Feature", "properties": { "tipo": "travessa", "nome": "MONSENHOR EURICO DE MELLO MAGALHAES", "drenagem": 0.0, "iluminacao": 1.0, "compriment": 60.262606170481725 }, "geometry": { "type": "LineString", "coordinates": [ [ -52.097269629363282, -32.030978061681033 ], [ -52.097270071096411, -32.031018361604836 ] ] } },
{ "type": "Feature", "properties": { "tipo": "rua", "nome": "ANTONIO RIBEIRO CARDOSO", "drenagem": 1.0, "iluminacao": 1.0, "compriment": 102.17515758317292 }, "geometry": { "type": "MultiLineString", "coordinates": [ [ [ -52.130052278995031, -32.047494725378392 ], [ -52.129834575156053, -32.047863729754461 ] ], [ [ -52.12982085008138, -32.047886993527122 ], [ -52.129810799155848, -32.047904029678264 ] ], [ [ -52.129787023155636, -32.047944329602068 ], [ -52.129763247155431, -32.047984629525871 ] ] ] } },
{ "type": "Feature", "properties": { "tipo": "rua", "nome": "CENTO E QUARENTA E SETE", "drenagem": 0.0, "iluminacao": 1.0, "compriment": 91.221715628727708 }, "geometry": { "type": "MultiLineString", "coordinates": [ [ [ -52.166722906200981, -32.05768089329289 ], [ -52.166805814004718, -32.057561044492935 ] ], [ [ -52.167098279599081, -32.057138265828776 ], [ -52.167146772741049, -32.05706816573435 ] ], [ [ -52.167178879446688, -32.057021753334453 ], [ -52.16718575624693, -32.057011812457723 ] ] ] } },
{ "type": "Feature", "properties": { "tipo": "rua", "nome": "APARICIO TORELLY", "drenagem": 0.0, "iluminacao": 1.0, "compriment": 90.869688909730883 }, "geometry": { "type": "LineString", "coordinates": [ [ -52.167938662166549, -32.058132748445381 ], [ -52.168002183359064, -32.058013621501622 ] ] } },
{ "type": "Feature", "properties": { "tipo": "rua", "nome": "JOAO ALFREDO", "drenagem": 1.0, "iluminacao": 1.0, "compriment": 121.77519301703148 }, "geometry": { "type": "LineString", "coordinates": [ [ -52.096297487151148, -32.039415468905716 ], [ -52.095040181542871, -32.039658502592495 ] ] } },
{ "type": "Feature", "properties": { "tipo": "rua", "nome": "JOAO ALFREDO", "drenagem": 1.0, "iluminacao": 1.0, "compriment": 45.506842182777923 }, "geometry": { "type": "LineString", "coordinates": [ [ -52.096764371288906, -32.039314161777 ], [ -52.096297487151148, -32.039415468905716 ] ] } },
{ "type": "Feature", "properties": { "tipo": "rua", "nome": "JOAO ALFREDO", "drenagem": 1.0, "iluminacao": 1.0, "compriment": 126.82453053417962 }, "geometry": { "type": "LineString", "coordinates": [ [ -52.098064510124679, -32.039058131042381 ], [ -52.096764371288906, -32.039314161777 ] ] } },
{ "type": "Feature", "properties": { "tipo": "rua", "nome": "JOAO ALFREDO", "drenagem": 1.0, "iluminacao": 1.0, "compriment": 128.1223344839398 }, "geometry": { "type": "MultiLineString", "coordinates": [ [ [ -52.098548109210313, -32.038964080243346 ], [ -52.098467509362706, -32.038979715166136 ] ], [ [ -52.098427209438903, -32.038987532627537 ], [ -52.098374555645144, -32.038997746517815 ] ], [ [ -52.098306309667493, -32.039010985011721 ], [ -52.098166804845206, -32.039038046441618 ] ] ] } },
{ "type": "Feature", "properties": { "tipo": "rua", "nome": "LINO NEVES", "drenagem": 1.0, "iluminacao": 1.0, "compriment": 90.724316725812415 }, "geometry": { "type": "MultiLineString", "coordinates": [ [ [ -52.100107799873754, -32.041329138915955 ], [ -52.100127173675851, -32.04141574194599 ] ], [ [ -52.100154219937906, -32.0415366417174 ], [ -52.100182705560577, -32.041663975589366 ] ] ] } },
{ "type": "Feature", "properties": { "tipo": "rua", "nome": "DOUTOR LAZARO LUDOVICO ZAMENHOF", "drenagem": 1.0, "iluminacao": 1.0, "compriment": 33.949219202005786 }, "geometry": { "type": "LineString", "coordinates": [ [ -52.093304098631179, -32.04177973533087 ], [ -52.093297700723035, -32.042085845825333 ] ] } },
{ "type": "Feature", "properties": { "tipo": "rua", "nome": "CAPITAO LEMOS FARIA", "drenagem": 1.0, "iluminacao": 0.0, "compriment": 35.488617016802351 }, "geometry": { "type": "LineString", "coordinates": [ [ -52.092308762457456, -32.041949317962498 ], [ -52.092283552748256, -32.042268638313203 ] ] } },
{ "type": "Feature", "properties": { "tipo": "rua", "nome": "VALPORTO", "drenagem": 0.0, "iluminacao": 1.0, "compriment": 117.61412122484883 }, "geometry": { "type": "LineString", "coordinates": [ [ -52.096989812360057, -32.041146434518033 ], [ -52.096681983005354, -32.041136354248039 ], [ -52.095767825014683, -32.041312220264025 ] ] } },
{ "type": "Feature", "properties": { "tipo": "rua", "nome": "VALPORTO", "drenagem": 1.0, "iluminacao": 1.0, "compriment": 87.801276742503646 }, "geometry": { "type": "LineString", "coordinates": [ [ -52.090232709711429, -32.042376449127474 ], [ -52.089325542695718, -32.042549385850108 ] ] } },
{ "type": "Feature", "properties": { "tipo": "rua", "nome": "VALPORTO", "drenagem": 1.0, "iluminacao": 1.0, "compriment": 85.601611848618276 }, "geometry": { "type": "LineString", "coordinates": [ [ -52.091117435749339, -32.042208943611996 ], [ -52.090232709711429, -32.042376449127474 ] ] } },
{ "type": "Feature", "properties": { "tipo": "rua", "nome": "VALPORTO", "drenagem": 1.0, "iluminacao": 1.0, "compriment": 12.369533996665798 }, "geometry": { "type": "LineString", "coordinates": [ [ -52.092308762457456, -32.041949317962498 ], [ -52.092181885927452, -32.041976968744549 ] ] } },
{ "type": "Feature", "properties": { "tipo": "rua", "nome": "VALPORTO", "drenagem": 1.0, "iluminacao": 1.0, "compriment": 17.497374931982883 }, "geometry": { "type": "LineString", "coordinates": [ [ -52.094766808155136, -32.04153085827906 ], [ -52.094587105940839, -32.041569200352491 ] ] } },
{ "type": "Feature", "properties": { "tipo": "rua", "nome": "VALPORTO", "drenagem": 1.0, "iluminacao": 1.0, "compriment": 97.60562112981998 }, "geometry": { "type": "LineString", "coordinates": [ [ -52.095767825014683, -32.041312220264025 ], [ -52.094766808155136, -32.04153085827906 ] ] } },
{ "type": "Feature", "properties": { "tipo": "rua", "nome": "GENERAL BERTOLDO KLINGER", "drenagem": 1.0, "iluminacao": 1.0, "compriment": 31.649589570037179 }, "geometry": { "type": "LineString", "coordinates": [ [ -52.094766808155136, -32.04153085827906 ], [ -52.094839876078829, -32.04174685099337 ], [ -52.094877250767219, -32.041798462865842 ] ] } },
{ "type": "Feature", "properties": { "tipo": "rua", "nome": "VALPORTO", "drenagem": 1.0, "iluminacao": 1.0, "compriment": 88.011128585762194 }, "geometry": { "type": "LineString", "coordinates": [ [ -52.088343003377105, -32.04298186448316 ], [ -52.089254815320686, -32.042818207417199 ] ] } },
{ "type": "Feature", "properties": { "tipo": "avenida", "nome": "ENGENHEIRO FRANCISCO MARTINS BASTOS", "drenagem": 1.0, "iluminacao": 1.0, "compriment": 75.59900023976958 }, "geometry": { "type": "LineString", "coordinates": [ [ -52.088343003377105, -32.04298186448316 ], [ -52.087562810089331, -32.043134167672903 ] ] } },
{ "type": "Feature", "properties": { "tipo": "rua", "nome": "CASTRO ALVES", "drenagem": 0.0, "iluminacao": 1.0, "compriment": 100.97554919731375 }, "geometry": { "type": "MultiLineString", "coordinates": [ [ [ -52.126880025154939, -32.04114032693694 ], [ -52.126605712943523, -32.041617241565007 ] ], [ [ -52.126596856177144, -32.041632639791068 ], [ -52.126582533194842, -32.04165754148881 ] ] ] } },
{ "type": "Feature", "properties": { "tipo": "rua", "nome": "CENTO E TRINTA E QUATRO", "drenagem": 0.0, "iluminacao": 1.0, "compriment": 115.60766428140562 }, "geometry": { "type": "MultiLineString", "coordinates": [ [ [ -52.167219179370491, -32.056974296121965 ], [ -52.167460978913311, -32.057063521331926 ] ], [ [ -52.167539273199914, -32.05709241230533 ], [ -52.167541578760918, -32.05709326306858 ] ], [ [ -52.167622178608518, -32.057123004805227 ], [ -52.16764848564285, -32.057132712229134 ] ], [ [ -52.16766564435688, -32.057139043878252 ], [ -52.167783378303731, -32.057182488278535 ] ], [ [ -52.168226677465562, -32.057346067830125 ], [ -52.168303760300454, -32.057374511771947 ] ] ] } },
{ "type": "Feature", "properties": { "tipo": "rua", "nome": "INTENDENTE CONRADO", "drenagem": 0.0, "iluminacao": 1.0, "compriment": 134.09246700373464 }, "geometry": { "type": "MultiLineString", "coordinates": [ [ [ -52.122486263949249, -32.052774201165597 ], [ -52.122482812667023, -32.052780320458417 ] ], [ [ -52.122445964025445, -32.052845654909042 ], [ -52.122005500221448, -32.053626618858281 ] ] ] } },
{ "type": "Feature", "properties": { "tipo": "rua", "nome": "MARCÍLIO DIAS", "drenagem": 0.0, "iluminacao": 1.0, "compriment": 189.97963862203218 }, "geometry": { "type": "MultiLineString", "coordinates": [ [ [ -52.116955433875667, -32.034208373023986 ], [ -52.116244254964187, -32.035453592825355 ] ], [ [ -52.116239775759794, -32.035461435569168 ], [ -52.116199501295824, -32.035531953070766 ] ], [ [ -52.116199475835991, -32.035531997648981 ], [ -52.116118875988384, -32.035673121808614 ] ] ] } },
{ "type": "Feature", "properties": { "tipo": "rua", "nome": "INTENDENTE CARVALHO", "drenagem": 1.0, "iluminacao": 1.0, "compriment": 130.30788445999551 }, "geometry": { "type": "MultiLineString", "coordinates": [ [ [ -52.119060770426003, -32.051700273056298 ], [ -52.119043247352629, -32.051732522439544 ] ], [ [ -52.1190204705022, -32.051774440849798 ], [ -52.118748772473339, -32.052274472646324 ] ] ] } },
{ "type": "Feature", "properties": { "tipo": "rua", "nome": "CARAMURÚ", "drenagem": 1.0, "iluminacao": 1.0, "compriment": 284.13445719432838 }, "geometry": { "type": "LineString", "coordinates": [ [ -52.113467769927382, -32.030478149676213 ], [ -52.112122608004412, -32.032770020533874 ] ] } },
{ "type": "Feature", "properties": { "tipo": "rua", "nome": "CARLOS VIGNOLI", "drenagem": 0.0, "iluminacao": 0.0, "compriment": 31.93066690498889 }, "geometry": { "type": "LineString", "coordinates": [ [ -52.084906378764927, -32.048440158420526 ], [ -52.085012502451406, -32.048420483966574 ], [ -52.085047634736334, -32.048403075306581 ] ] } },
{ "type": "Feature", "properties": { "tipo": "rua", "nome": "CARAMURÚ", "drenagem": 1.0, "iluminacao": 1.0, "compriment": 149.4463200963655 }, "geometry": { "type": "LineString", "coordinates": [ [ -52.112122608004412, -32.032770020533874 ], [ -52.111406528149736, -32.03397180694494 ] ] } },
{ "type": "Feature", "properties": { "tipo": "avenida", "nome": "SENADOR SALGADO FILHO", "drenagem": 0.0, "iluminacao": 0.0, "compriment": 32.068252121031286 }, "geometry": { "type": "LineString", "coordinates": [ [ -52.087955395076236, -32.038278620260442 ], [ -52.087749267226947, -32.038321870215654 ], [ -52.087647775607039, -32.038387215849333 ] ] } },
{ "type": "Feature", "properties": { "tipo": "avenida", "nome": "SENADOR SALGADO FILHO", "drenagem": 1.0, "iluminacao": 1.0, "compriment": 44.426127986464806 }, "geometry": { "type": "LineString", "coordinates": [ [ -52.087955395076236, -32.038278620260442 ], [ -52.087518387441357, -32.038130469175712 ] ] } },
{ "type": "Feature", "properties": { "tipo": "avenida", "nome": "SENADOR SALGADO FILHO", "drenagem": 1.0, "iluminacao": 1.0, "compriment": 17.569607699723225 }, "geometry": { "type": "LineString", "coordinates": [ [ -52.087647775607039, -32.038387215849333 ], [ -52.087467868571963, -32.038427478412686 ] ] } },
{ "type": "Feature", "properties": { "tipo": "avenida", "nome": "SENADOR SALGADO FILHO", "drenagem": 1.0, "iluminacao": 1.0, "compriment": 40.246711108010295 }, "geometry": { "type": "LineString", "coordinates": [ [ -52.087309426775313, -32.03844677919529 ], [ -52.087518387441357, -32.038130469175712 ] ] } },
{ "type": "Feature", "properties": { "tipo": "avenida", "nome": "SENADOR SALGADO FILHO", "drenagem": 1.0, "iluminacao": 1.0, "compriment": 15.050659391292998 }, "geometry": { "type": "LineString", "coordinates": [ [ -52.087467928463369, -32.038426876538189 ], [ -52.087310127097986, -32.038445719116325 ] ] } },
{ "type": "Feature", "properties": { "tipo": "rua", "nome": "VALPORTO", "drenagem": 1.0, "iluminacao": 1.0, "compriment": 156.93893582822881 }, "geometry": { "type": "MultiLineString", "coordinates": [ [ [ -52.087096669712487, -32.042138216641504 ], [ -52.087147379672231, -32.042217563990185 ], [ -52.087466190765518, -32.042686819049663 ], [ -52.087540131144664, -32.042706364832625 ], [ -52.087873834605638, -32.042765162982278 ], [ -52.088070129021553, -32.042750329732918 ] ], [ [ -52.088132197686122, -32.042745639431487 ], [ -52.088242051981211, -32.042737338145152 ], [ -52.08827162864057, -32.04273284327229 ] ] ] } },
{ "type": "Feature", "properties": { "tipo": "rua", "nome": "VALPORTO", "drenagem": 1.0, "iluminacao": 1.0, "compriment": 141.46208416364553 }, "geometry": { "type": "MultiLineString", "coordinates": [ [ [ -52.087512838148577, -32.042745639431487 ], [ -52.087505930088312, -32.042744259677939 ] ], [ [ -52.087143230774089, -32.042432927017124 ], [ -52.087080165197655, -32.042368416038414 ] ] ] } },
{ "type": "Feature", "properties": { "tipo": "rua", "nome": "ENGENHEIRO ALFREDO HUCH", "drenagem": 1.0, "iluminacao": 1.0, "compriment": 21.23991360947862 }, "geometry": { "type": "LineString", "coordinates": [ [ -52.088348204309469, -32.042927995133276 ], [ -52.088343003377105, -32.04298186448316 ] ] } },
{ "type": "Feature", "properties": { "tipo": "rua", "nome": "SEM DENOMINACAO", "drenagem": 0.0, "iluminacao": 1.0, "compriment": 118.76482933495701 }, "geometry": { "type": "LineString", "coordinates": [ [ -52.08598468522127, -32.043027738898111 ], [ -52.085984157633717, -32.04301848061214 ], [ -52.086041748717882, -32.042991080495192 ], [ -52.086320922557952, -32.043002141924909 ], [ -52.086684565794457, -32.043032658762279 ], [ -52.086820831383662, -32.043044139634873 ] ] } },
{ "type": "Feature", "properties": { "tipo": "rua", "nome": "SEM DENOMINACAO", "drenagem": 0.0, "iluminacao": 1.0, "compriment": 185.37799966154824 }, "geometry": { "type": "LineString", "coordinates": [ [ -52.085974532983805, -32.043317316438085 ], [ -52.086016103203157, -32.043309838364728 ] ] } },
{ "type": "Feature", "properties": { "tipo": "rua", "nome": "ALMIRANTE BARROSO", "drenagem": 0.0, "iluminacao": 0.0, "compriment": 17.728109807749686 }, "geometry": { "type": "LineString", "coordinates": [ [ -52.086820831383662, -32.043060524559955 ], [ -52.086816672059776, -32.043068038821914 ] ] } },
{ "type": "Feature", "properties": { "tipo": "rua", "nome": "14 BIS", "drenagem": 0.0, "iluminacao": 1.0, "compriment": 94.830630845677831 }, "geometry": { "type": "MultiLineString", "coordinates": [ [ [ -52.127341810532414, -32.054714716800959 ], [ -52.127322254805598, -32.054753319404782 ] ], [ [ -52.127321394958784, -32.054755016724762 ], [ -52.127117239222535, -32.055158015962789 ] ] ] } },
{ "type": "Feature", "properties": { "tipo": "rua", "nome": "ANTONIO JOAO", "drenagem": 0.0, "iluminacao": 1.0, "compriment": 42.164864201759883 }, "geometry": { "type": "LineString", "coordinates": [ [ -52.161448117910808, -32.054310995454728 ], [ -52.161226033566699, -32.054640867638341 ] ] } },
{ "type": "Feature", "properties": { "tipo": "rua", "nome": "CARAMURÚ", "drenagem": 1.0, "iluminacao": 1.0, "compriment": 27.002557288525114 }, "geometry": { "type": "LineString", "coordinates": [ [ -52.111406528149736, -32.03397180694494 ], [ -52.111280130160928, -32.034190223397822 ] ] } },
{ "type": "Feature", "properties": { "tipo": "travessa", "nome": "JOAO TOUGUINHA", "drenagem": 1.0, "iluminacao": 1.0, "compriment": 79.149840893481098 }, "geometry": { "type": "LineString", "coordinates": [ [ -52.097499656662386, -32.039487803103043 ], [ -52.097645539966813, -32.040190688740267 ] ] } },
{ "type": "Feature", "properties": { "tipo": "rua", "nome": "ANTONIO JOAO", "drenagem": 0.0, "iluminacao": 1.0, "compriment": 40.338838324333508 }, "geometry": { "type": "LineString", "coordinates": [ [ -52.16073731556461, -32.055595603562899 ], [ -52.160642157126745, -32.055786545415899 ] ] } },
{ "type": "Feature", "properties": { "tipo": "rua", "nome": "MARECHAL DEODORO", "drenagem": 1.0, "iluminacao": 1.0, "compriment": 49.552705848220505 }, "geometry": { "type": "LineString", "coordinates": [ [ -52.110828228773165, -32.030138667375404 ], [ -52.11058397845634, -32.030534146020827 ] ] } },
{ "type": "Feature", "properties": { "tipo": "avenida", "nome": "ENGENHEIRO FRANCISCO MARTINS BASTOS", "drenagem": 0.0, "iluminacao": 1.0, "compriment": 212.2035176971774 }, "geometry": { "type": "MultiLineString", "coordinates": [ [ [ -52.086694966516859, -32.043350138288531 ], [ -52.086644725661564, -32.043379950342306 ] ], [ [ -52.086565319820281, -32.043430738136138 ], [ -52.086538731917045, -32.043454453136235 ] ], [ [ -52.086520137848112, -32.043471038059941 ], [ -52.086480959479289, -32.043505983087847 ] ], [ [ -52.086439371522815, -32.043551637907548 ], [ -52.086417832145635, -32.043577054421782 ] ], [ [ -52.086059077634665, -32.044438236231215 ], [ -52.086055132831405, -32.044449398720687 ] ], [ [ -52.086016351877667, -32.044559136002619 ], [ -52.086014832907608, -32.044563434185861 ] ], [ [ -52.085987868039659, -32.044639735850225 ], [ -52.085974532983805, -32.044677469651049 ] ] ] } },
{ "type": "Feature", "properties": { "tipo": "rua", "nome": "ALMIRANTE BARROSO", "drenagem": 1.0, "iluminacao": 1.0, "compriment": 107.91266997122661 }, "geometry": { "type": "MultiLineString", "coordinates": [ [ [ -52.087080165197655, -32.042368416038414 ], [ -52.08703867239273, -32.042947139050504 ] ], [ [ -52.086982031078875, -32.043085379103793 ], [ -52.08691035555313, -32.043108338745718 ] ] ] } },
{ "type": "Feature", "properties": { "tipo": "rua", "nome": "MARECHAL DEODORO", "drenagem": 0.0, "iluminacao": 1.0, "compriment": 89.342363435307604 }, "geometry": { "type": "LineString", "coordinates": [ [ -52.109915174006311, -32.031648686197158 ], [ -52.109497931772118, -32.032371754061884 ] ] } },
{ "type": "Feature", "properties": { "tipo": "rua", "nome": "MARECHAL DEODORO", "drenagem": 1.0, "iluminacao": 1.0, "compriment": 90.361485433019681 }, "geometry": { "type": "MultiLineString", "coordinates": [ [ [ -52.109497931772118, -32.032371754061884 ], [ -52.10922758901809, -32.032855292300937 ] ], [ [ -52.109218159471183, -32.032872158099771 ], [ -52.10915056527795, -32.032993057871181 ] ], [ [ -52.109127403215631, -32.03303448580909 ], [ -52.109086598892866, -32.033107468902152 ] ] ] } },
{ "type": "Feature", "properties": { "tipo": "rua", "nome": "MARECHAL DEODORO", "drenagem": 1.0, "iluminacao": 1.0, "compriment": 24.086925593419618 }, "geometry": { "type": "LineString", "coordinates": [ [ -52.109086598892866, -32.033107468902152 ], [ -52.108973059222365, -32.033301968123304 ] ] } },
{ "type": "Feature", "properties": { "tipo": "rua", "nome": "MARECHAL DEODORO", "drenagem": 1.0, "iluminacao": 1.0, "compriment": 113.25269448820374 }, "geometry": { "type": "LineString", "coordinates": [ [ -52.108973059222365, -32.033301968123304 ], [ -52.108423724133466, -32.034209790929545 ] ] } },
{ "type": "Feature", "properties": { "tipo": "avenida", "nome": "ENGENHEIRO FRANCISCO MARTINS BASTOS", "drenagem": 0.0, "iluminacao": 1.0, "compriment": 321.12476352539602 }, "geometry": { "type": "MultiLineString", "coordinates": [ [ [ -52.085818015574077, -32.045687533869099 ], [ -52.085813333288591, -32.045728716362554 ] ], [ [ -52.085744704520806, -32.046332332649946 ], [ -52.085740122579978, -32.04637263257375 ] ], [ [ -52.085671393467535, -32.046977131430793 ], [ -52.085652133593378, -32.047146529397679 ] ], [ [ -52.085639319881729, -32.047259230897417 ], [ -52.0856347379409, -32.047299530821221 ] ] ] } },
{ "type": "Feature", "properties": { "tipo": "rua", "nome": "ALMIRANTE BARROSO", "drenagem": 1.0, "iluminacao": 1.0, "compriment": 204.84253919779468 }, "geometry": { "type": "LineString", "coordinates": [ [ -52.087666741480945, -32.035445969289626 ], [ -52.087580249009839, -32.036308246480367 ], [ -52.087482115165386, -32.037286564151884 ] ] } },
{ "type": "Feature", "properties": { "tipo": "rua", "nome": "VISCONDE DO RIO GRANDE", "drenagem": 1.0, "iluminacao": 1.0, "compriment": 105.9467792788889 }, "geometry": { "type": "LineString", "coordinates": [ [ -52.112548398056148, -32.029576549966727 ], [ -52.112036685092313, -32.030426757296972 ] ] } },
{ "type": "Feature", "properties": { "tipo": "rua", "nome": "VISCONDE DO RIO GRANDE", "drenagem": 1.0, "iluminacao": 1.0, "compriment": 181.40722866787138 }, "geometry": { "type": "LineString", "coordinates": [ [ -52.112036685092313, -32.030426757296972 ], [ -52.111175182849991, -32.031888871251347 ] ] } },
{ "type": "Feature", "properties": { "tipo": "rua", "nome": "VISCONDE DO RIO GRANDE", "drenagem": 1.0, "iluminacao": 1.0, "compriment": 49.256685413658225 }, "geometry": { "type": "LineString", "coordinates": [ [ -52.111175182849991, -32.031888871251347 ], [ -52.110950300664356, -32.03228964506264 ] ] } },
{ "type": "Feature", "properties": { "tipo": "rua", "nome": "REPUBLICA DE CUBA", "drenagem": 1.0, "iluminacao": 1.0, "compriment": 145.36333597545755 }, "geometry": { "type": "LineString", "coordinates": [ [ -52.132055904581911, -32.049274227087565 ], [ -52.132014484680276, -32.049346358801564 ] ] } },
{ "type": "Feature", "properties": { "tipo": "rua", "nome": "REPUBLICA DE CUBA", "drenagem": 1.0, "iluminacao": 1.0, "compriment": 124.34788241352821 }, "geometry": { "type": "MultiLineString", "coordinates": [ [ [ -52.132014484680276, -32.049346358801564 ], [ -52.132009365545493, -32.049354826935172 ] ], [ [ -52.131997045966735, -32.049375206128786 ], [ -52.131960641528771, -32.049435426782772 ] ] ] } },
{ "type": "Feature", "properties": { "tipo": "rua", "nome": "ANTONIO RIBEIRO CARDOSO", "drenagem": 1.0, "iluminacao": 1.0, "compriment": 65.627407239183796 }, "geometry": { "type": "MultiLineString", "coordinates": [ [ [ -52.130529353535742, -32.04667879648968 ], [ -52.130330248847514, -32.047017431354597 ] ], [ [ -52.130306553993272, -32.0470577312784 ], [ -52.130282859139037, -32.047098031202204 ] ], [ [ -52.13026414924321, -32.047129852768542 ], [ -52.130218209358517, -32.047207986773252 ] ] ] } },
{ "type": "Feature", "properties": { "tipo": "rua", "nome": "TEOFILO AZEVEDO", "drenagem": 0.0, "iluminacao": 1.0, "compriment": 131.72362218926469 }, "geometry": { "type": "MultiLineString", "coordinates": [ [ [ -52.128074012077121, -32.054795316648566 ], [ -52.127605504114271, -32.055641615048422 ] ], [ [ -52.127604354272222, -32.055643692087806 ], [ -52.127517627043069, -32.055800353491826 ] ] ] } },
{ "type": "Feature", "properties": { "tipo": "rua", "nome": "VISCONDE DO RIO GRANDE", "drenagem": 1.0, "iluminacao": 1.0, "compriment": 95.300694645663143 }, "geometry": { "type": "MultiLineString", "coordinates": [ [ [ -52.10898578947527, -32.035673861603229 ], [ -52.10897464014112, -32.03569315276598 ] ], [ [ -52.108945489551466, -32.035743590645197 ], [ -52.108928057431456, -32.035773752613586 ] ] ] } },
{ "type": "Feature", "properties": { "tipo": "rua", "nome": "VISCONDE DO RIO GRANDE", "drenagem": 1.0, "iluminacao": 1.0, "compriment": 94.560961852572035 }, "geometry": { "type": "MultiLineString", "coordinates": [ [ [ -52.108276092714128, -32.036902150480067 ], [ -52.108229538598039, -32.036982750327674 ] ], [ [ -52.108220090923012, -32.036999107230805 ], [ -52.108179790999209, -32.03706887910041 ] ] ] } },
{ "type": "Feature", "properties": { "tipo": "rua", "nome": "PEDRO DE SÁ FREITAS", "drenagem": 1.0, "iluminacao": 1.0, "compriment": 98.927888196440804 }, "geometry": { "type": "LineString", "coordinates": [ [ -52.144792046937795, -32.047928262038923 ], [ -52.144361770967805, -32.048741664885796 ] ] } },
{ "type": "Feature", "properties": { "tipo": "rua", "nome": "MANOEL GONZALEZ LOPES", "drenagem": 0.0, "iluminacao": 1.0, "compriment": 129.42180099507218 }, "geometry": { "type": "LineString", "coordinates": [ [ -52.174888002579173, -32.060638805599986 ], [ -52.175358322987343, -32.05991155242139 ] ] } },
{ "type": "Feature", "properties": { "tipo": "rua", "nome": "DOUTOR CARLOS BARBOSA", "drenagem": 0.0, "iluminacao": 1.0, "compriment": 52.12565196148045 }, "geometry": { "type": "LineString", "coordinates": [ [ -52.141936758154863, -32.047958249879152 ], [ -52.142451793540218, -32.048127216024511 ] ] } },
{ "type": "Feature", "properties": { "tipo": "rua", "nome": "DOUTOR CARLOS BARBOSA", "drenagem": 0.0, "iluminacao": 1.0, "compriment": 58.868940822433757 }, "geometry": { "type": "MultiLineString", "coordinates": [ [ [ -52.142451793540218, -32.048127216024511 ], [ -52.142757125622119, -32.048214435547706 ] ], [ [ -52.142797425545922, -32.048225947407566 ], [ -52.142799111711888, -32.048226429068684 ] ] ] } },
{ "type": "Feature", "properties": { "tipo": "rua", "nome": "DOUTOR CARLOS BARBOSA", "drenagem": 0.0, "iluminacao": 1.0, "compriment": 58.109348993085504 }, "geometry": { "type": "MultiLineString", "coordinates": [ [ [ -52.143401924402966, -32.048418050441676 ], [ -52.143431000344947, -32.048427928687701 ] ], [ [ -52.143522824174376, -32.048459124869701 ], [ -52.143549620416124, -32.048468228611505 ] ] ] } },
{ "type": "Feature", "properties": { "tipo": "rua", "nome": "DOUTOR CARLOS BARBOSA", "drenagem": 0.0, "iluminacao": 1.0, "compriment": 75.905489177821664 }, "geometry": { "type": "MultiLineString", "coordinates": [ [ [ -52.143724323793386, -32.048527216591019 ], [ -52.143788565032821, -32.048548828459111 ] ], [ [ -52.143888811178691, -32.048582553002731 ], [ -52.144361770967805, -32.048741664885796 ] ] ] } },
{ "type": "Feature", "properties": { "tipo": "rua", "nome": "PEDRO DE SÁ FREITAS", "drenagem": 1.0, "iluminacao": 1.0, "compriment": 89.998413631128585 }, "geometry": { "type": "LineString", "coordinates": [ [ -52.144361784918956, -32.048742785865763 ], [ -52.143975729848947, -32.049484818713559 ] ] } },
{ "type": "Feature", "properties": { "tipo": "rua", "nome": "COMENDADOR HENRIQUE PANCADA", "drenagem": 0.0, "iluminacao": 1.0, "compriment": 119.81944524331065 }, "geometry": { "type": "LineString", "coordinates": [ [ -52.128009898761626, -32.041608419132388 ], [ -52.129143562320046, -32.042093365543259 ] ] } },
{ "type": "Feature", "properties": { "tipo": "rua", "nome": "COMENDADOR HENRIQUE PANCADA", "drenagem": 0.0, "iluminacao": 1.0, "compriment": 119.51886592977145 }, "geometry": { "type": "LineString", "coordinates": [ [ -52.129143562320046, -32.042093365543259 ], [ -52.130275759235992, -32.042574762557862 ] ] } },
{ "type": "Feature", "properties": { "tipo": "rua", "nome": "COMENDADOR HENRIQUE PANCADA", "drenagem": 0.0, "iluminacao": 1.0, "compriment": 126.26158010812387 }, "geometry": { "type": "LineString", "coordinates": [ [ -52.130275759235992, -32.042574762557862 ], [ -52.131466395256567, -32.043092497412488 ] ] } },
{ "type": "Feature", "properties": { "tipo": "rua", "nome": "CAPITAO TENENTE HEITOR PERDIGAO", "drenagem": 1.0, "iluminacao": 1.0, "compriment": 329.94442109837757 }, "geometry": { "type": "LineString", "coordinates": [ [ -52.107264869237987, -32.026437065418818 ], [ -52.106599098609841, -32.026775848120536 ], [ -52.106369119194454, -32.026977721838847 ], [ -52.105992598313712, -32.028985791299206 ] ] } },
{ "type": "Feature", "properties": { "tipo": "rua", "nome": "VISCONDE DO RIO GRANDE", "drenagem": 1.0, "iluminacao": 1.0, "compriment": 94.575372225719178 }, "geometry": { "type": "LineString", "coordinates": [ [ -52.106292455346974, -32.040283963696254 ], [ -52.106285694580471, -32.040295514089593 ] ] } },
{ "type": "Feature", "properties": { "tipo": "rua", "nome": "MORON", "drenagem": 0.0, "iluminacao": 1.0, "compriment": 196.91716580926325 }, "geometry": { "type": "MultiLineString", "coordinates": [ [ [ -52.107764175568299, -32.030927682970976 ], [ -52.107051393132728, -32.032163511440459 ] ], [ [ -52.107037811499922, -32.032187059395127 ], [ -52.107011093208925, -32.032233383803565 ] ], [ [ -52.106970793285122, -32.032303256166671 ], [ -52.106873667518627, -32.032471653676716 ], [ -52.106859366703794, -32.032525869949275 ] ] ] } },
{ "type": "Feature", "properties": { "tipo": "rua", "nome": "GENERAL ABREU", "drenagem": 1.0, "iluminacao": 1.0, "compriment": 239.66377776375856 }, "geometry": { "type": "MultiLineString", "coordinates": [ [ [ -52.103982808215711, -32.039386203092079 ], [ -52.104209251219807, -32.039481345603456 ] ], [ [ -52.10427069839033, -32.039507163305991 ], [ -52.104305166659486, -32.039521645527259 ] ], [ [ -52.104363567012264, -32.039546183075906 ], [ -52.104496997538824, -32.039602245374859 ] ], [ [ -52.104552797856947, -32.039625690490432 ], [ -52.104592912978504, -32.039642545298662 ] ], [ [ -52.105479696104418, -32.04002232736795 ], [ -52.105532459280695, -32.040045544536696 ] ], [ [ -52.105619815345072, -32.040083983475185 ], [ -52.105715629934011, -32.040126144384303 ] ], [ [ -52.105761795571034, -32.040146458464321 ], [ -52.105866969837145, -32.040192737874627 ] ], [ [ -52.105922995266248, -32.040217390519395 ], [ -52.105990385913969, -32.040247044155706 ] ], [ [ -52.106043895037658, -32.040270589560699 ], [ -52.106081971240627, -32.040287344079509 ] ], [ [ -52.106124494885265, -32.040306055588232 ], [ -52.106173556567285, -32.040327644003312 ] ] ] } },
{ "type": "Feature", "properties": { "tipo": "rua", "nome": "GENERAL ABREU", "drenagem": 1.0, "iluminacao": 1.0, "compriment": 118.78562466805823 }, "geometry": { "type": "MultiLineString", "coordinates": [ [ [ -52.106325994504274, -32.040393616421369 ], [ -52.10636033851187, -32.040408243850919 ] ], [ [ -52.106406594351881, -32.040427944639752 ], [ -52.106454959435119, -32.040448543774723 ] ], [ [ -52.106527494123291, -32.040479436967331 ], [ -52.106549580358362, -32.040488843698526 ] ], [ [ -52.106608093970898, -32.040513765185715 ], [ -52.106644201281611, -32.040529143622329 ] ], [ [ -52.106809593589915, -32.040599585731684 ], [ -52.106833443128103, -32.040609743469936 ] ] ] } },
{ "type": "Feature", "properties": { "tipo": "rua", "nome": "VISCONDE DO RIO GRANDE", "drenagem": 1.0, "iluminacao": 1.0, "compriment": 95.243522374267215 }, "geometry": { "type": "MultiLineString", "coordinates": [ [ [ -52.106164794809068, -32.040488554367208 ], [ -52.106164633627003, -32.040488843698526 ] ], [ [ -52.106124494885265, -32.040560895110353 ], [ -52.106119732682174, -32.040569443546133 ] ], [ [ -52.105895227958023, -32.04097244278416 ], [ -52.105882695342444, -32.040994939569238 ] ] ] } },
{ "type": "Feature", "properties": { "tipo": "avenida", "nome": "MAJOR CARLOS PINTO", "drenagem": 1.0, "iluminacao": 1.0, "compriment": 10.893465601535278 }, "geometry": { "type": "LineString", "coordinates": [ [ -52.103982808215711, -32.039386203092079 ], [ -52.103940303442833, -32.039477527095976 ] ] } },
{ "type": "Feature", "properties": { "tipo": "rua", "nome": "TIRADENTES", "drenagem": 1.0, "iluminacao": 1.0, "compriment": 119.14759432988551 }, "geometry": { "type": "MultiLineString", "coordinates": [ [ [ -52.104459668321461, -32.038591182704749 ], [ -52.104561457106364, -32.038635047203591 ] ], [ [ -52.10483489732357, -32.038752882563379 ], [ -52.104842008375648, -32.038755946975002 ] ], [ [ -52.104915497171177, -32.038787615976545 ], [ -52.104935525465407, -32.038796246898805 ] ] ] } },
{ "type": "Feature", "properties": { "tipo": "rua", "nome": "BADEN POWEL", "drenagem": 1.0, "iluminacao": 1.0, "compriment": 131.74528538489588 }, "geometry": { "type": "LineString", "coordinates": [ [ -52.107539642862285, -32.029161855689679 ], [ -52.108220561227967, -32.030198731900377 ] ] } },
{ "type": "Feature", "properties": { "tipo": "rua", "nome": "BADEN POWEL", "drenagem": 1.0, "iluminacao": 1.0, "compriment": 92.534046499432179 }, "geometry": { "type": "LineString", "coordinates": [ [ -52.108220561227967, -32.030198731900377 ], [ -52.108713385825965, -32.030919923224012 ] ] } },
{ "type": "Feature", "properties": { "tipo": "rua", "nome": "BADEN POWEL", "drenagem": 0.0, "iluminacao": 1.0, "compriment": 22.493096974969561 }, "geometry": { "type": "LineString", "coordinates": [ [ -52.108713385825965, -32.030919923224012 ], [ -52.108841975645589, -32.031090649065739 ] ] } },
{ "type": "Feature", "properties": { "tipo": "rua", "nome": "VENANCIO AYRES", "drenagem": 0.0, "iluminacao": 1.0, "compriment": 13.874428010972379 }, "geometry": { "type": "LineString", "coordinates": [ [ -52.121347473799815, -32.038272347889368 ], [ -52.121398627953802, -32.038178125193333 ] ] } },
{ "type": "Feature", "properties": { "tipo": "avenida", "nome": "MAJOR CARLOS PINTO", "drenagem": 0.0, "iluminacao": 1.0, "compriment": 222.352902169206 }, "geometry": { "type": "MultiLineString", "coordinates": [ [ [ -52.110551047154026, -32.027610004718262 ], [ -52.110389060908098, -32.027927577350354 ], [ -52.110097297940669, -32.02846409580679 ], [ -52.109590288332313, -32.029313310303934 ] ], [ [ -52.109582852576345, -32.029325764805115 ], [ -52.10952913257001, -32.029415742997664 ] ] ] } },
{ "type": "Feature", "properties": { "tipo": "rua", "nome": "LAGOA AZUL", "drenagem": 1.0, "iluminacao": 1.0, "compriment": 88.056203388683343 }, "geometry": { "type": "LineString", "coordinates": [ [ -52.111925323699658, -32.029490961229044 ], [ -52.111497638833534, -32.030196555068144 ] ] } },
{ "type": "Feature", "properties": { "tipo": "rua", "nome": "PRINCESA ISABEL", "drenagem": 1.0, "iluminacao": 1.0, "compriment": 56.9595399552449 }, "geometry": { "type": "LineString", "coordinates": [ [ -52.111497638833534, -32.030196555068144 ], [ -52.112036685092313, -32.030426757296972 ] ] } },
{ "type": "Feature", "properties": { "tipo": "rua", "nome": "LAGOA AZUL", "drenagem": 1.0, "iluminacao": 1.0, "compriment": 58.879747216309539 }, "geometry": { "type": "LineString", "coordinates": [ [ -52.11061888092722, -32.031649342567583 ], [ -52.111175182849991, -32.031888871251347 ] ] } },
{ "type": "Feature", "properties": { "tipo": "rua", "nome": "VISCONDE DO RIO GRANDE", "drenagem": 1.0, "iluminacao": 1.0, "compriment": 22.464763370338854 }, "geometry": { "type": "LineString", "coordinates": [ [ -52.110950300664356, -32.03228964506264 ], [ -52.110847736802384, -32.032472428015396 ] ] } },
{ "type": "Feature", "properties": { "tipo": "rua", "nome": "PADRE FEIJO", "drenagem": 0.0, "iluminacao": 1.0, "compriment": 82.472720727084521 }, "geometry": { "type": "MultiLineString", "coordinates": [ [ [ -52.116072688343493, -32.032395061975002 ], [ -52.115816090221003, -32.03228969359688 ], [ -52.115675576826554, -32.032232928174189 ] ], [ [ -52.115661792048435, -32.032227359318924 ], [ -52.115511901355745, -32.032166805600461 ], [ -52.115400845966306, -32.032125180328144 ], [ -52.115288717310079, -32.03206872722749 ] ] ] } },
{ "type": "Feature", "properties": { "tipo": "rua", "nome": "SEM DENOMINACAO", "drenagem": 0.0, "iluminacao": 0.0, "compriment": 21.552079221580001 }, "geometry": { "type": "MultiLineString", "coordinates": [ [ [ -52.121623468783206, -32.037997879750407 ], [ -52.121519065777981, -32.03813997252994 ] ], [ [ -52.121510634062595, -32.038151448117958 ], [ -52.121502416165157, -32.038162632699148 ] ] ] } },
{ "type": "Feature", "properties": { "tipo": "rua", "nome": "SEM DENOMINACAO", "drenagem": null, "iluminacao": null, "compriment": 28.389677619877894 }, "geometry": { "type": "LineString", "coordinates": [ [ -52.122115120746223, -32.03816505904782 ], [ -52.121959192400702, -32.03838393437195 ] ] } },
{ "type": "Feature", "properties": { "tipo": "rua", "nome": "SEM DENOMINACAO", "drenagem": null, "iluminacao": null, "compriment": 17.115259553752971 }, "geometry": { "type": "LineString", "coordinates": [ [ -52.122017118135126, -32.038600917066134 ], [ -52.122175964760935, -32.038675186080837 ] ] } },
{ "type": "Feature", "properties": { "tipo": "rua", "nome": "MANOEL PEREIRA DE ALMEIDA", "drenagem": 1.0, "iluminacao": 1.0, "compriment": 170.13777556107189 }, "geometry": { "type": "LineString", "coordinates": [ [ -52.105984618569714, -32.030690905007432 ], [ -52.107764175568299, -32.030927682970976 ] ] } },
{ "type": "Feature", "properties": { "tipo": "rua", "nome": "GOMES FREIRE", "drenagem": 1.0, "iluminacao": 1.0, "compriment": 124.58525707161094 }, "geometry": { "type": "MultiLineString", "coordinates": [ [ [ -52.103999791319978, -32.033185300174488 ], [ -52.10427069839033, -32.033220577939204 ] ], [ [ -52.10433415624378, -32.033228841478504 ], [ -52.104656161413743, -32.033270773284151 ] ], [ [ -52.10471399755216, -32.033278304758618 ], [ -52.104754297475964, -32.033283552651291 ] ] ] } },
{ "type": "Feature", "properties": { "tipo": "rua", "nome": "GOMES FREIRE", "drenagem": 1.0, "iluminacao": 1.0, "compriment": 95.552661521010151 }, "geometry": { "type": "LineString", "coordinates": [ [ -52.105963295190051, -32.033434658854084 ], [ -52.106253728490032, -32.033469692366459 ] ] } },
{ "type": "Feature", "properties": { "tipo": "rua", "nome": "SEM DENOMINACAO", "drenagem": 0.0, "iluminacao": 0.0, "compriment": 6.0682006927995484 }, "geometry": { "type": "LineString", "coordinates": [ [ -52.123651248291146, -32.039417466849798 ], [ -52.123616280795289, -32.039463375117101 ] ] } },
{ "type": "Feature", "properties": { "tipo": "rua", "nome": "SEM DENOMINACAO", "drenagem": 0.0, "iluminacao": 0.0, "compriment": 27.90031244839119 }, "geometry": { "type": "LineString", "coordinates": [ [ -52.124038230681592, -32.039634894954098 ], [ -52.124014494747932, -32.039676512610811 ] ] } },
{ "type": "Feature", "properties": { "tipo": "rua", "nome": "SEM DENOMINACAO", "drenagem": null, "iluminacao": null, "compriment": 38.005409696221236 }, "geometry": { "type": "LineString", "coordinates": [ [ -52.124184420125395, -32.039319407824493 ], [ -52.124081356246457, -32.039501941403415 ], [ -52.124035252710293, -32.03960661334559 ], [ -52.124038230684882, -32.039634894954567 ] ] } },
{ "type": "Feature", "properties": { "tipo": "rua", "nome": "SEM DENOMINACAO", "drenagem": 0.0, "iluminacao": 0.0, "compriment": 38.689656535836136 }, "geometry": { "type": "MultiLineString", "coordinates": [ [ [ -52.124574034682503, -32.039752063932546 ], [ -52.124525056252295, -32.039836861857587 ], [ -52.124501260139397, -32.039881280442863 ] ], [ [ -52.124499017839589, -32.039885465991382 ], [ -52.124434849528456, -32.040005244612892 ] ] ] } },
{ "type": "Feature", "properties": { "tipo": "rua", "nome": "GOMES FREIRE", "drenagem": 1.0, "iluminacao": 1.0, "compriment": 75.625997370188756 }, "geometry": { "type": "LineString", "coordinates": [ [ -52.106306151306718, -32.033476043428131 ], [ -52.107093874941611, -32.033593132406921 ] ] } },
{ "type": "Feature", "properties": { "tipo": "rua", "nome": "VISCONDE DE PARANAGUA", "drenagem": 1.0, "iluminacao": 1.0, "compriment": 155.28396009279032 }, "geometry": { "type": "LineString", "coordinates": [ [ -52.102048654434462, -32.029811071959003 ], [ -52.101824758747256, -32.031198398327845 ] ] } },
{ "type": "Feature", "properties": { "tipo": "rua", "nome": "GENERAL CANABARRO", "drenagem": 0.0, "iluminacao": 1.0, "compriment": 115.49517542117179 }, "geometry": { "type": "LineString", "coordinates": [ [ -52.103609639720261, -32.027701917214053 ], [ -52.103415942439483, -32.028730317793304 ] ] } },
{ "type": "Feature", "properties": { "tipo": "rua", "nome": "GENERAL CANABARRO", "drenagem": 1.0, "iluminacao": 1.0, "compriment": 139.06406850537851 }, "geometry": { "type": "LineString", "coordinates": [ [ -52.103415942439483, -32.028730317793304 ], [ -52.103197903892543, -32.029970588923867 ] ] } },
{ "type": "Feature", "properties": { "tipo": "rua", "nome": "GENERAL CANABARRO", "drenagem": 1.0, "iluminacao": 1.0, "compriment": 154.99428753441566 }, "geometry": { "type": "LineString", "coordinates": [ [ -52.103197903892543, -32.029970588923867 ], [ -52.102940342052506, -32.031351024501859 ] ] } },
{ "type": "Feature", "properties": { "tipo": "rua", "nome": "GARIBALDI", "drenagem": 0.0, "iluminacao": 1.0, "compriment": 70.892012982368328 }, "geometry": { "type": "LineString", "coordinates": [ [ -52.103788379749211, -32.038798807787835 ], [ -52.103988530891598, -32.038886960150037 ] ] } },
{ "type": "Feature", "properties": { "tipo": "rua", "nome": "JOSE DE ALENCAR", "drenagem": 0.0, "iluminacao": 1.0, "compriment": 55.123495007720273 }, "geometry": { "type": "LineString", "coordinates": [ [ -52.124859753494036, -32.039706927022785 ], [ -52.12463424872508, -32.040085844460499 ] ] } },
{ "type": "Feature", "properties": { "tipo": "rua", "nome": "VINTE E QUATRO DE MAIO", "drenagem": 1.0, "iluminacao": 1.0, "compriment": 177.87698903586409 }, "geometry": { "type": "LineString", "coordinates": [ [ -52.1008476173619, -32.028385255612314 ], [ -52.100282066991028, -32.02991532016167 ] ] } },
{ "type": "Feature", "properties": { "tipo": "rua", "nome": "VINTE E QUATRO DE MAIO", "drenagem": 1.0, "iluminacao": 1.0, "compriment": 141.03212732738135 }, "geometry": { "type": "LineString", "coordinates": [ [ -52.100282066991028, -32.02991532016167 ], [ -52.099813351188324, -32.031122869150238 ] ] } },
{ "type": "Feature", "properties": { "tipo": "rua", "nome": "SEM DENOMINACAO", "drenagem": null, "iluminacao": null, "compriment": 55.773143323019319 }, "geometry": { "type": "LineString", "coordinates": [ [ -52.122704834795279, -32.038359676084113 ], [ -52.122624882878178, -32.038494917249032 ], [ -52.1225400496456, -32.038661592658848 ], [ -52.122442155677312, -32.038809605056038 ] ] } },
{ "type": "Feature", "properties": { "tipo": "rua", "nome": "GONCALO AMARANTE DA SILVA", "drenagem": 0.0, "iluminacao": 1.0, "compriment": 103.31638499012551 }, "geometry": { "type": "LineString", "coordinates": [ [ -52.168790621669331, -32.058985820816602 ], [ -52.169779465326982, -32.059384525963296 ] ] } },
{ "type": "Feature", "properties": { "tipo": "rua", "nome": "SEM DENOMINACAO", "drenagem": 0.0, "iluminacao": 0.0, "compriment": 41.415613103067713 }, "geometry": { "type": "LineString", "coordinates": [ [ -52.122442155673596, -32.038809605056422 ], [ -52.122424861151757, -32.038848436458188 ], [ -52.122407922379949, -32.038876846746412 ] ] } },
{ "type": "Feature", "properties": { "tipo": "rua", "nome": "SEM DENOMINACAO", "drenagem": 0.0, "iluminacao": 1.0, "compriment": 43.640337835830678 }, "geometry": { "type": "LineString", "coordinates": [ [ -52.122175964765695, -32.03867518608331 ], [ -52.122175872861426, -32.038675347127395 ] ] } },
{ "type": "Feature", "properties": { "tipo": "rua", "nome": "SEM DENOMINACAO", "drenagem": null, "iluminacao": null, "compriment": 37.732445645434368 }, "geometry": { "type": "MultiLineString", "coordinates": [ [ [ -52.122944906986781, -32.039110226380522 ], [ -52.123032361833339, -32.039158946213028 ] ], [ [ -52.123090762806292, -32.039188476956433 ], [ -52.123112788871985, -32.039199246136832 ] ], [ [ -52.123131062730096, -32.03920818075445 ], [ -52.123195213786069, -32.039239546060635 ] ] ] } },
{ "type": "Feature", "properties": { "tipo": "avenida", "nome": "PORTUGAL", "drenagem": 1.0, "iluminacao": 1.0, "compriment": 20.643648156304376 }, "geometry": { "type": "MultiLineString", "coordinates": [ [ [ -52.119153132543566, -32.036902150480067 ], [ -52.119135382426002, -32.03694245040387 ] ], [ [ -52.119117632308438, -32.036982750327674 ], [ -52.119079998284882, -32.037068194735362 ] ] ] } },
{ "type": "Feature", "properties": { "tipo": "rua", "nome": "PERU", "drenagem": 1.0, "iluminacao": 1.0, "compriment": 94.426925678654825 }, "geometry": { "type": "LineString", "coordinates": [ [ -52.139124193573494, -32.049274227087565 ], [ -52.139130132479856, -32.049264419821803 ] ] } },
{ "type": "Feature", "properties": { "tipo": "avenida", "nome": "PORTUGAL", "drenagem": 1.0, "iluminacao": 1.0, "compriment": 122.19372247388348 }, "geometry": { "type": "MultiLineString", "coordinates": [ [ [ -52.113724565618433, -32.03483710929541 ], [ -52.114052946883611, -32.034967754137526 ] ], [ [ -52.11406357987444, -32.034971984419684 ], [ -52.11437306445881, -32.035095111311961 ] ], [ [ -52.114448370370916, -32.035125071392031 ], [ -52.114559424588762, -32.035169253756543 ] ], [ [ -52.114616437630993, -32.035191936109925 ], [ -52.114708378655287, -32.035228514386084 ] ], [ [ -52.114788978502894, -32.035260580631885 ], [ -52.114896670724484, -32.035303425443018 ] ] ] } },
{ "type": "Feature", "properties": { "tipo": "avenida", "nome": "PORTUGAL", "drenagem": 1.0, "iluminacao": 1.0, "compriment": 121.82161413155056 }, "geometry": { "type": "MultiLineString", "coordinates": [ [ [ -52.114896670724484, -32.035303425443018 ], [ -52.114990478121904, -32.035338880803437 ] ], [ [ -52.11507107796951, -32.035369344250086 ], [ -52.115151677817117, -32.035399807696734 ] ], [ [ -52.115181431307185, -32.035411053299356 ], [ -52.11519197774092, -32.035415039420059 ] ], [ [ -52.115288056396409, -32.035451353223159 ], [ -52.115353177436134, -32.035475966313363 ] ], [ [ -52.115433777283741, -32.035506429760012 ], [ -52.115474077207537, -32.03552166148333 ] ], [ [ -52.115501306574863, -32.035531953070766 ], [ -52.11551437713134, -32.035536893206654 ] ], [ [ -52.115607931664087, -32.035572252994569 ], [ -52.115675576826554, -32.035597820099959 ] ], [ [ -52.115714556753311, -32.035612552918373 ], [ -52.115715876750357, -32.035613051823283 ] ], [ [ -52.115756176674161, -32.035628283546608 ], [ -52.115796476597964, -32.035643515269932 ] ], [ [ -52.115821181842534, -32.035652852842176 ], [ -52.115836776521768, -32.035658746993256 ] ] ] } },
{ "type": "Feature", "properties": { "tipo": "rua", "nome": "VINTE E QUATRO DE MAIO", "drenagem": 1.0, "iluminacao": 1.0, "compriment": 76.060369435183674 }, "geometry": { "type": "MultiLineString", "coordinates": [ [ [ -52.101973602733558, -32.040956401878816 ], [ -52.101991511017545, -32.04097244278416 ] ], [ [ -52.102013902657362, -32.040992499545325 ], [ -52.102466521735863, -32.041397921963259 ] ] ] } },
{ "type": "Feature", "properties": { "tipo": "rua", "nome": "CRISTOVAO PEREIRA", "drenagem": 1.0, "iluminacao": 1.0, "compriment": 114.9709362324995 }, "geometry": { "type": "MultiLineString", "coordinates": [ [ [ -52.157462692325325, -32.054411774783588 ], [ -52.157909896972015, -32.054576042420116 ] ], [ [ -52.157950196895818, -32.054590845426489 ], [ -52.158030796743425, -32.054620451439234 ] ], [ [ -52.158067999941466, -32.054634116953352 ], [ -52.158232296362442, -32.054694466471105 ] ], [ [ -52.158272596286245, -32.054709269477478 ], [ -52.158433795981452, -32.054768481502968 ] ], [ [ -52.158474095905255, -32.054783284509341 ], [ -52.158514395829059, -32.054798087515714 ] ] ] } },
{ "type": "Feature", "properties": { "tipo": "rua", "nome": "DOUTOR LAZARO LUDOVICO ZAMENHOF", "drenagem": 1.0, "iluminacao": 1.0, "compriment": 43.088863079476319 }, "geometry": { "type": "LineString", "coordinates": [ [ -52.093374375555548, -32.045251740702 ], [ -52.093391319472943, -32.045640054038309 ] ] } },
{ "type": "Feature", "properties": { "tipo": "rua", "nome": "LEAO XIII", "drenagem": 0.0, "iluminacao": 1.0, "compriment": 169.38929148309958 }, "geometry": { "type": "LineString", "coordinates": [ [ -52.084535091914049, -32.048024929449674 ], [ -52.084657921818234, -32.048478162825823 ] ] } },
{ "type": "Feature", "properties": { "tipo": "rua", "nome": "DOUTOR NAPOLEAO LAUREANO", "drenagem": 1.0, "iluminacao": 1.0, "compriment": 113.99194467375624 }, "geometry": { "type": "LineString", "coordinates": [ [ -52.093699795124635, -32.037040538682021 ], [ -52.093931874661102, -32.038049348409679 ] ] } },
{ "type": "Feature", "properties": { "tipo": "rua", "nome": "DOUTOR NAPOLEAO LAUREANO", "drenagem": 1.0, "iluminacao": 1.0, "compriment": 98.81121696293053 }, "geometry": { "type": "LineString", "coordinates": [ [ -52.093931874661102, -32.038049348409679 ], [ -52.094130658711705, -32.038924207679088 ] ] } },
{ "type": "Feature", "properties": { "tipo": "rua", "nome": "DOUTOR NAPOLEAO LAUREANO", "drenagem": 1.0, "iluminacao": 1.0, "compriment": 105.1727085780815 }, "geometry": { "type": "MultiLineString", "coordinates": [ [ [ -52.094130658711705, -32.038924207679088 ], [ -52.094316617211007, -32.039700811204106 ] ], [ [ -52.094341264811042, -32.039803744993876 ], [ -52.094353187695205, -32.0398535375761 ] ] ] } },
{ "type": "Feature", "properties": { "tipo": "rua", "nome": "SATURNINO DE BRITTO", "drenagem": 1.0, "iluminacao": 1.0, "compriment": 21.002162249944387 }, "geometry": { "type": "LineString", "coordinates": [ [ -52.151939893247388, -32.050128972468983 ], [ -52.151824608477774, -32.050202709384799 ] ] } },
{ "type": "Feature", "properties": { "tipo": "rua", "nome": "RODRIGUES DUARTE", "drenagem": 0.0, "iluminacao": 1.0, "compriment": 111.49589550854172 }, "geometry": { "type": "MultiLineString", "coordinates": [ [ [ -52.152519491093237, -32.051462458950731 ], [ -52.152340205054173, -32.05181312228715 ] ], [ [ -52.152147007868201, -32.052190994262972 ], [ -52.152134160881232, -32.052216121525177 ] ] ] } },
{ "type": "Feature", "properties": { "tipo": "rua", "nome": "DOUTOR NAPOLEAO LAUREANO", "drenagem": 1.0, "iluminacao": 1.0, "compriment": 44.700073691321805 }, "geometry": { "type": "LineString", "coordinates": [ [ -52.094357370854695, -32.039852703935637 ], [ -52.094510945953601, -32.04023400074788 ] ] } },
{ "type": "Feature", "properties": { "tipo": "rua", "nome": "BENJAMIN CONSTANT", "drenagem": 1.0, "iluminacao": 1.0, "compriment": 108.37157812523517 }, "geometry": { "type": "LineString", "coordinates": [ [ -52.09264686309858, -32.030111521411854 ], [ -52.092854172574228, -32.031072745437989 ] ] } },
{ "type": "Feature", "properties": { "tipo": "rua", "nome": "BENJAMIN CONSTANT", "drenagem": 1.0, "iluminacao": 1.0, "compriment": 100.51765124710326 }, "geometry": { "type": "LineString", "coordinates": [ [ -52.092854172574228, -32.031072745437989 ], [ -52.092946419801706, -32.031422780780865 ] ] } },
{ "type": "Feature", "properties": { "tipo": "rua", "nome": "BENJAMIN CONSTANT", "drenagem": 1.0, "iluminacao": 1.0, "compriment": 98.616419171710291 }, "geometry": { "type": "MultiLineString", "coordinates": [ [ [ -52.094276317287203, -32.036577647225236 ], [ -52.094287476165952, -32.036620051013443 ] ], [ [ -52.094316617211007, -32.036730787112482 ], [ -52.094329897089409, -32.036781250708657 ] ] ] } },
{ "type": "Feature", "properties": { "tipo": "rua", "nome": "BENJAMIN CONSTANT", "drenagem": 1.0, "iluminacao": 1.0, "compriment": 115.66129988828153 }, "geometry": { "type": "MultiLineString", "coordinates": [ [ [ -52.094361672743908, -32.036902150480067 ], [ -52.094430269694634, -32.037184249946684 ] ], [ [ -52.094437516982417, -32.037214053837332 ], [ -52.094609548350199, -32.037921519061086 ] ] ] } },
{ "type": "Feature", "properties": { "tipo": "rua", "nome": "BENJAMIN CONSTANT", "drenagem": 1.0, "iluminacao": 1.0, "compriment": 44.134591507279183 }, "geometry": { "type": "LineString", "coordinates": [ [ -52.094609548350199, -32.037921519061086 ], [ -52.094709316536068, -32.038310353000128 ] ] } },
{ "type": "Feature", "properties": { "tipo": "rua", "nome": "BENJAMIN CONSTANT", "drenagem": 1.0, "iluminacao": 1.0, "compriment": 52.020132940643826 }, "geometry": { "type": "LineString", "coordinates": [ [ -52.094709316536068, -32.038310353000128 ], [ -52.094826911485058, -32.038768659878208 ] ] } },
{ "type": "Feature", "properties": { "tipo": "rua", "nome": "BENJAMIN CONSTANT", "drenagem": 1.0, "iluminacao": 1.0, "compriment": 106.98612184390917 }, "geometry": { "type": "LineString", "coordinates": [ [ -52.094826911485058, -32.038768659878208 ], [ -52.095053459677757, -32.039713981778277 ] ] } },
{ "type": "Feature", "properties": { "tipo": "rua", "nome": "BENJAMIN CONSTANT", "drenagem": 1.0, "iluminacao": 1.0, "compriment": 83.966363541000874 }, "geometry": { "type": "LineString", "coordinates": [ [ -52.095053459677757, -32.039713981778277 ], [ -52.095234457259593, -32.040455342183492 ] ] } },
{ "type": "Feature", "properties": { "tipo": "rua", "nome": "DOUTOR OTHELO GONCALVES", "drenagem": 0.0, "iluminacao": 1.0, "compriment": 171.27722642318494 }, "geometry": { "type": "MultiLineString", "coordinates": [ [ [ -52.17092677236036, -32.061685883010561 ], [ -52.170967072284164, -32.061624328839549 ] ], [ [ -52.171031839082374, -32.061525403923653 ], [ -52.17106556027899, -32.061473898111558 ] ], [ [ -52.171110992964159, -32.061404504152243 ], [ -52.171137377591421, -32.06136420422844 ] ], [ [ -52.171168571903181, -32.061316557984497 ], [ -52.171190146845952, -32.061283604380833 ] ], [ [ -52.171242916100475, -32.061203004533226 ], [ -52.17124917175078, -32.061193449642481 ] ], [ [ -52.171289471674584, -32.061131895471476 ], [ -52.171298709333144, -32.061117785856339 ] ], [ [ -52.17137007152219, -32.061008787129452 ], [ -52.171374839236776, -32.061001504914216 ] ], [ [ -52.171401223864038, -32.060961204990413 ], [ -52.171410371445994, -32.060947232958441 ] ], [ [ -52.171475222241384, -32.060848179745115 ], [ -52.171490971293601, -32.060824124616417 ] ] ] } },
{ "type": "Feature", "properties": { "tipo": "rua", "nome": "DOUTOR OTHELO GONCALVES", "drenagem": 0.0, "iluminacao": 1.0, "compriment": 115.6359058796011 }, "geometry": { "type": "MultiLineString", "coordinates": [ [ [ -52.171652170988814, -32.060574877895021 ], [ -52.171687855605782, -32.060517905828576 ] ], [ [ -52.171732770836421, -32.06044619667987 ], [ -52.17173833955114, -32.060437305980969 ] ] ] } },
{ "type": "Feature", "properties": { "tipo": "rua", "nome": "BENJAMIN CONSTANT", "drenagem": 1.0, "iluminacao": 1.0, "compriment": 21.020271317949916 }, "geometry": { "type": "LineString", "coordinates": [ [ -52.095234457259593, -32.040455342183492 ], [ -52.095157712066502, -32.040633278285064 ] ] } },
{ "type": "Feature", "properties": { "tipo": "rua", "nome": "GUARDA MARINHA LIMA BARRETO", "drenagem": 0.0, "iluminacao": 1.0, "compriment": 159.92149344886289 }, "geometry": { "type": "MultiLineString", "coordinates": [ [ [ -52.160358402123585, -32.053915384905842 ], [ -52.160098109229374, -32.054438625520334 ] ], [ [ -52.160066038289365, -32.054503094504049 ], [ -52.160030427311789, -32.054574679669074 ] ] ] } },
{ "type": "Feature", "properties": { "tipo": "rua", "nome": "GUARDA MARINHA LIMA BARRETO", "drenagem": 0.0, "iluminacao": 0.0, "compriment": 86.782817898266046 }, "geometry": { "type": "MultiLineString", "coordinates": [ [ [ -52.159522379533897, -32.0554587794052 ], [ -52.159521893924136, -32.055459728894533 ] ], [ [ -52.159452293385286, -32.055595815470241 ], [ -52.159437336657575, -32.055625059638338 ] ] ] } },
{ "type": "Feature", "properties": { "tipo": "rua", "nome": "DOUTOR NASCIMENTO", "drenagem": 1.0, "iluminacao": 1.0, "compriment": 75.948715898638142 }, "geometry": { "type": "LineString", "coordinates": [ [ -52.089648970233483, -32.037928393159866 ], [ -52.090426036695447, -32.037752355035551 ] ] } },
{ "type": "Feature", "properties": { "tipo": "rua", "nome": "DOUTOR NASCIMENTO", "drenagem": 1.0, "iluminacao": 1.0, "compriment": 115.47980260759155 }, "geometry": { "type": "LineString", "coordinates": [ [ -52.090426036695447, -32.037752355035551 ], [ -52.091613672765767, -32.037505091653266 ] ] } },
{ "type": "Feature", "properties": { "tipo": "rua", "nome": "COELHO NETO", "drenagem": 0.0, "iluminacao": 1.0, "compriment": 58.741559428764745 }, "geometry": { "type": "LineString", "coordinates": [ [ -52.161852865329109, -32.055947692442174 ], [ -52.16163055587041, -32.056367013676876 ] ] } },
{ "type": "Feature", "properties": { "tipo": "rua", "nome": "ALBERTO DE OLIVEIRA", "drenagem": 0.0, "iluminacao": 1.0, "compriment": 47.345809159830011 }, "geometry": { "type": "MultiLineString", "coordinates": [ [ [ -52.158516678578955, -32.052544741445715 ], [ -52.158400661996758, -32.052740020534614 ] ], [ [ -52.158393496057649, -32.052752082241952 ], [ -52.158290336636171, -32.052925720160403 ] ] ] } },
{ "type": "Feature", "properties": { "tipo": "rua", "nome": "ALBERTO DE OLIVEIRA", "drenagem": 0.0, "iluminacao": 1.0, "compriment": 110.85238599100877 }, "geometry": { "type": "LineString", "coordinates": [ [ -52.157948434920954, -32.053501704412383 ], [ -52.157462692325325, -32.054411774783588 ] ] } },
{ "type": "Feature", "properties": { "tipo": "rua", "nome": "FELIPE CAMARAO", "drenagem": 0.0, "iluminacao": 1.0, "compriment": 109.84095490944667 }, "geometry": { "type": "LineString", "coordinates": [ [ -52.158635295600469, -32.054737128120848 ], [ -52.158594995676665, -32.054799933426352 ] ] } },
{ "type": "Feature", "properties": { "tipo": "rua", "nome": "ALBERTO DE OLIVEIRA", "drenagem": 0.0, "iluminacao": 1.0, "compriment": 59.650691002539837 }, "geometry": { "type": "LineString", "coordinates": [ [ -52.157462692325325, -32.054411774783588 ], [ -52.157223414709506, -32.054875916496172 ] ] } },
{ "type": "Feature", "properties": { "tipo": "rua", "nome": "DOUTOR NASCIMENTO", "drenagem": 1.0, "iluminacao": 1.0, "compriment": 98.426318777516755 }, "geometry": { "type": "LineString", "coordinates": [ [ -52.091613672765767, -32.037505091653266 ], [ -52.092620789794879, -32.037277199567356 ] ] } },
{ "type": "Feature", "properties": { "tipo": "rua", "nome": "DOUTOR NASCIMENTO", "drenagem": 1.0, "iluminacao": 1.0, "compriment": 105.24186281044892 }, "geometry": { "type": "LineString", "coordinates": [ [ -52.092620789794879, -32.037277199567356 ], [ -52.093699795124635, -32.037040538682021 ] ] } },
{ "type": "Feature", "properties": { "tipo": "rua", "nome": "DOUTOR NASCIMENTO", "drenagem": 1.0, "iluminacao": 1.0, "compriment": 64.382250950221419 }, "geometry": { "type": "LineString", "coordinates": [ [ -52.093699795124635, -32.037040538682021 ], [ -52.094316617211007, -32.036909608148775 ] ] } },
{ "type": "Feature", "properties": { "tipo": "rua", "nome": "DOUTOR NASCIMENTO", "drenagem": 1.0, "iluminacao": 1.0, "compriment": 124.1137071881262 }, "geometry": { "type": "MultiLineString", "coordinates": [ [ [ -52.094397217058614, -32.036893884896813 ], [ -52.094518116830024, -32.036872870461863 ] ], [ [ -52.094558416753827, -32.036865865650206 ], [ -52.094639016601427, -32.036851856026907 ] ] ] } },
{ "type": "Feature", "properties": { "tipo": "rua", "nome": "GENERAL CAMISAO", "drenagem": 0.0, "iluminacao": 1.0, "compriment": 110.76235351841861 }, "geometry": { "type": "LineString", "coordinates": [ [ -52.154697149902034, -32.052292329754387 ], [ -52.154237754280821, -32.053183319696444 ] ] } },
{ "type": "Feature", "properties": { "tipo": "rua", "nome": "GENERAL CAMISAO", "drenagem": 0.0, "iluminacao": 0.0, "compriment": 113.10405726287983 }, "geometry": { "type": "LineString", "coordinates": [ [ -52.154217577487636, -32.053223619620248 ], [ -52.154081404210736, -32.053507558179383 ] ] } },
{ "type": "Feature", "properties": { "tipo": "rua", "nome": "BARÃO DO LADÁRIO", "drenagem": 0.0, "iluminacao": 1.0, "compriment": 113.04414834807393 }, "geometry": { "type": "LineString", "coordinates": [ [ -52.159238225394638, -32.056205813981663 ], [ -52.159239794457513, -32.056206373372056 ] ] } },
{ "type": "Feature", "properties": { "tipo": "rua", "nome": "MARECHAL EURICO GASPAR DUTRA", "drenagem": 0.0, "iluminacao": 1.0, "compriment": 171.73099179345439 }, "geometry": { "type": "MultiLineString", "coordinates": [ [ [ -52.172377569617268, -32.061167288960988 ], [ -52.172380476383445, -32.061162704609423 ] ], [ [ -52.172417869541071, -32.061103730694619 ], [ -52.172431581737676, -32.061082104761816 ] ] ] } },
{ "type": "Feature", "properties": { "tipo": "rua", "nome": "DOUTOR NASCIMENTO", "drenagem": 1.0, "iluminacao": 1.0, "compriment": 47.588337311964374 }, "geometry": { "type": "LineString", "coordinates": [ [ -52.095727114544111, -32.036661296214923 ], [ -52.095732036840225, -32.036660350937247 ] ] } },
{ "type": "Feature", "properties": { "tipo": "rua", "nome": "SEM DENOMINACAO", "drenagem": 0.0, "iluminacao": 1.0, "compriment": 165.58211372929514 }, "geometry": { "type": "MultiLineString", "coordinates": [ [ [ -52.107520893586177, -32.045848733564313 ], [ -52.107494692294559, -32.045875949136374 ] ], [ [ -52.106963307140809, -32.046427904786185 ], [ -52.106944811726343, -32.046447116178214 ], [ -52.10690063628698, -32.04649353234516 ] ], [ [ -52.106890193437515, -32.046504504891246 ], [ -52.106432669275456, -32.046985236225076 ] ] ] } },
{ "type": "Feature", "properties": { "tipo": "rua", "nome": "DOUTOR NASCIMENTO", "drenagem": 1.0, "iluminacao": 1.0, "compriment": 127.56032024290482 }, "geometry": { "type": "LineString", "coordinates": [ [ -52.097822710581859, -32.036259024156458 ], [ -52.09783149867134, -32.03625735169922 ] ] } },
{ "type": "Feature", "properties": { "tipo": "rua", "nome": "MESTRE JERONIMO", "drenagem": 1.0, "iluminacao": 1.0, "compriment": 316.95705413635164 }, "geometry": { "type": "LineString", "coordinates": [ [ -52.109015052615177, -32.048250767046028 ], [ -52.107028717754154, -32.050554722217775 ] ] } },
{ "type": "Feature", "properties": { "tipo": "rua", "nome": "TEIXEIRA DE FREITAS", "drenagem": 0.0, "iluminacao": 1.0, "compriment": 51.500644240169237 }, "geometry": { "type": "LineString", "coordinates": [ [ -52.156569540199889, -32.051359779919402 ], [ -52.156299641793339, -32.051763346473784 ] ] } },
{ "type": "Feature", "properties": { "tipo": "rua", "nome": "BARÃO DO LADÁRIO", "drenagem": 0.0, "iluminacao": 1.0, "compriment": 114.94919663648768 }, "geometry": { "type": "MultiLineString", "coordinates": [ [ [ -52.157023298648355, -32.055347343333544 ], [ -52.157063598572158, -32.055363323317643 ] ], [ [ -52.157103898495961, -32.055379303301741 ], [ -52.157155628225325, -32.055399815505609 ] ] ] } },
{ "type": "Feature", "properties": { "tipo": "rua", "nome": "BARÃO DO LADÁRIO", "drenagem": 0.0, "iluminacao": 1.0, "compriment": 110.69888416755586 }, "geometry": { "type": "LineString", "coordinates": [ [ -52.160368192323993, -32.056610150713652 ], [ -52.160408492247797, -32.056625070995899 ] ] } },
{ "type": "Feature", "properties": { "tipo": "rua", "nome": "ALBERTO TORRES", "drenagem": 1.0, "iluminacao": 1.0, "compriment": 110.06341976814949 }, "geometry": { "type": "LineString", "coordinates": [ [ -52.151939893247388, -32.050128972468983 ], [ -52.15301106635529, -32.050519985850187 ] ] } },
{ "type": "Feature", "properties": { "tipo": "rua", "nome": "DOUTOR BELMIRO PEGAS", "drenagem": 1.0, "iluminacao": 1.0, "compriment": 147.13766184636003 }, "geometry": { "type": "LineString", "coordinates": [ [ -52.093308377708837, -32.042499963812908 ], [ -52.094866094777572, -32.042516932748562 ] ] } },
{ "type": "Feature", "properties": { "tipo": "rua", "nome": "MARECHAL EURICO GASPAR DUTRA", "drenagem": 0.0, "iluminacao": 1.0, "compriment": 115.11422954248127 }, "geometry": { "type": "MultiLineString", "coordinates": [ [ [ -52.17253387688298, -32.06092090506661 ], [ -52.172661775611637, -32.060719405447593 ] ], [ [ -52.172687355357361, -32.060679105523789 ], [ -52.172699969007688, -32.060659233193853 ] ], [ [ -52.172712935103092, -32.060638805599986 ], [ -52.172780568855295, -32.060532251176461 ] ], [ [ -52.172887588099549, -32.060363646396951 ], [ -52.172901468626705, -32.060341778150381 ] ], [ [ -52.17292506028766, -32.060304610379085 ], [ -52.172982068474312, -32.060214796132989 ] ] ] } },
{ "type": "Feature", "properties": { "tipo": "rua", "nome": "DOUTOR NASCIMENTO", "drenagem": 1.0, "iluminacao": 1.0, "compriment": 75.607253563419235 }, "geometry": { "type": "LineString", "coordinates": [ [ -52.105681195723427, -32.035982760158731 ], [ -52.105698027736466, -32.035987146977583 ] ] } },
{ "type": "Feature", "properties": { "tipo": "rua", "nome": "JOAO ALFREDO", "drenagem": 1.0, "iluminacao": 1.0, "compriment": 39.567455190115389 }, "geometry": { "type": "LineString", "coordinates": [ [ -52.094063353614622, -32.040111174046601 ], [ -52.094353187695205, -32.0398535375761 ] ] } },
{ "type": "Feature", "properties": { "tipo": "rua", "nome": "JOAO ALFREDO", "drenagem": 1.0, "iluminacao": 1.0, "compriment": 67.928498219371974 }, "geometry": { "type": "LineString", "coordinates": [ [ -52.094353187695205, -32.0398535375761 ], [ -52.095053459677757, -32.039713981778277 ] ] } },
{ "type": "Feature", "properties": { "tipo": "rua", "nome": "JOAO ALFREDO", "drenagem": 1.0, "iluminacao": 1.0, "compriment": 121.70411978347633 }, "geometry": { "type": "LineString", "coordinates": [ [ -52.095053459677757, -32.039713981778277 ], [ -52.0963098802658, -32.039470520268267 ] ] } },
{ "type": "Feature", "properties": { "tipo": "rua", "nome": "JOAO ALFREDO", "drenagem": 1.0, "iluminacao": 1.0, "compriment": 45.409391832758359 }, "geometry": { "type": "LineString", "coordinates": [ [ -52.0963098802658, -32.039470520268267 ], [ -52.096778533876041, -32.039379187211502 ] ] } },
{ "type": "Feature", "properties": { "tipo": "rua", "nome": "JOAO ALFREDO", "drenagem": 1.0, "iluminacao": 1.0, "compriment": 126.88094054711743 }, "geometry": { "type": "MultiLineString", "coordinates": [ [ [ -52.096778533876041, -32.039379187211502 ], [ -52.09768930764416, -32.039199246136832 ] ], [ [ -52.097701810810449, -32.039196775893117 ], [ -52.097893286160598, -32.039158946213028 ] ], [ [ -52.097943610353269, -32.039149003689836 ], [ -52.097994101248148, -32.039139028231382 ] ] ] } },
{ "type": "Feature", "properties": { "tipo": "rua", "nome": "JOAO ALFREDO", "drenagem": 1.0, "iluminacao": 1.0, "compriment": 70.98375134815474 }, "geometry": { "type": "MultiLineString", "coordinates": [ [ [ -52.098266009743696, -32.039082064120109 ], [ -52.098285889269427, -32.039078346365422 ] ], [ [ -52.098467509362706, -32.039044380819028 ], [ -52.098501380456753, -32.039038046441618 ] ] ] } },
{ "type": "Feature", "properties": { "tipo": "rua", "nome": "MARECHAL HUMBERTO DE ALENCAR CASTELO BRANCO", "drenagem": 0.0, "iluminacao": 1.0, "compriment": 135.1057499617942 }, "geometry": { "type": "LineString", "coordinates": [ [ -52.093374375555548, -32.045251740702 ], [ -52.094804843361352, -32.045259566942597 ] ] } },
{ "type": "Feature", "properties": { "tipo": "rua", "nome": "TEIXEIRA DE FREITAS", "drenagem": 0.0, "iluminacao": 1.0, "compriment": 106.69382081473267 }, "geometry": { "type": "LineString", "coordinates": [ [ -52.155787152902612, -32.052701970939772 ], [ -52.155352246042071, -32.053546019010675 ] ] } },
{ "type": "Feature", "properties": { "tipo": "rua", "nome": "JOAO ALFREDO", "drenagem": 1.0, "iluminacao": 1.0, "compriment": 57.270905745056346 }, "geometry": { "type": "LineString", "coordinates": [ [ -52.099112308143553, -32.038922003821035 ], [ -52.099137190131714, -32.038917146670215 ] ] } },
{ "type": "Feature", "properties": { "tipo": "rua", "nome": "VICE ALMIRANTE ABREU", "drenagem": 1.0, "iluminacao": 1.0, "compriment": 27.180714842177064 }, "geometry": { "type": "LineString", "coordinates": [ [ -52.092078619725484, -32.039547065386564 ], [ -52.092116208027164, -32.039304045675912 ] ] } },
{ "type": "Feature", "properties": { "tipo": "rua", "nome": "VICE ALMIRANTE ABREU", "drenagem": 1.0, "iluminacao": 1.0, "compriment": 126.25003758574306 }, "geometry": { "type": "LineString", "coordinates": [ [ -52.096565070327244, -32.038404488797489 ], [ -52.097865823438788, -32.03814246433037 ] ] } },
{ "type": "Feature", "properties": { "tipo": "rua", "nome": "VICE ALMIRANTE ABREU", "drenagem": 1.0, "iluminacao": 1.0, "compriment": 129.09230550157918 }, "geometry": { "type": "MultiLineString", "coordinates": [ [ [ -52.097941848685856, -32.038128150495233 ], [ -52.097943610353269, -32.038127806654039 ] ], [ [ -52.098028959830138, -32.038111148194155 ], [ -52.098145109972286, -32.038088478078826 ] ], [ [ -52.098235436145366, -32.038070848270351 ], [ -52.098266009743696, -32.038064880933703 ] ], [ [ -52.098441912460594, -32.038030548346548 ], [ -52.098467509362706, -32.038025552358491 ] ], [ [ -52.099061341406276, -32.037909648575138 ], [ -52.09907200821975, -32.03790756663286 ] ] ] } },
{ "type": "Feature", "properties": { "tipo": "rua", "nome": "IVACY DE MATTOS GOMES", "drenagem": 0.0, "iluminacao": 1.0, "compriment": 62.668919151513371 }, "geometry": { "type": "MultiLineString", "coordinates": [ [ [ -52.109576669707693, -32.048551767348229 ], [ -52.109113590094324, -32.048303578492465 ] ], [ [ -52.10910668924668, -32.048299879963253 ], [ -52.109015052615177, -32.048250767046028 ] ] ] } },
{ "type": "Feature", "properties": { "tipo": "rua", "nome": "BARAO DE COTEGIPE", "drenagem": 1.0, "iluminacao": 1.0, "compriment": 95.070187106974615 }, "geometry": { "type": "LineString", "coordinates": [ [ -52.09187962403449, -32.038485864805232 ], [ -52.092857903346868, -32.038284176027638 ] ] } },
{ "type": "Feature", "properties": { "tipo": "rua", "nome": "BARAO DE COTEGIPE", "drenagem": 1.0, "iluminacao": 1.0, "compriment": 104.72965776924748 }, "geometry": { "type": "LineString", "coordinates": [ [ -52.092857903346868, -32.038284176027638 ], [ -52.093931874661102, -32.038049348409679 ] ] } },
{ "type": "Feature", "properties": { "tipo": "rua", "nome": "BARAO DE COTEGIPE", "drenagem": 1.0, "iluminacao": 1.0, "compriment": 65.559793292168351 }, "geometry": { "type": "LineString", "coordinates": [ [ -52.093931874661102, -32.038049348409679 ], [ -52.094609548350199, -32.037921519061086 ] ] } },
{ "type": "Feature", "properties": { "tipo": "rua", "nome": "BARAO DE COTEGIPE", "drenagem": 1.0, "iluminacao": 1.0, "compriment": 122.74789058083043 }, "geometry": { "type": "LineString", "coordinates": [ [ -52.094609548350199, -32.037921519061086 ], [ -52.095868944490995, -32.037648484785414 ] ] } },
{ "type": "Feature", "properties": { "tipo": "rua", "nome": "1 VELHA", "drenagem": 1.0, "iluminacao": 1.0, "compriment": 253.51696754003626 }, "geometry": { "type": "MultiLineString", "coordinates": [ [ [ -52.086600466127962, -32.038635047203591 ], [ -52.086559888976886, -32.039118646289225 ] ], [ [ -52.086553126118368, -32.039199246136832 ], [ -52.086458132069438, -32.040331386614469 ] ] ] } },
{ "type": "Feature", "properties": { "tipo": "rua", "nome": "CORONEL PILLAR", "drenagem": 0.0, "iluminacao": 1.0, "compriment": 21.930587022390029 }, "geometry": { "type": "LineString", "coordinates": [ [ -52.134432612742998, -32.045139561769162 ], [ -52.134400262530036, -32.045203934783466 ] ] } },
{ "type": "Feature", "properties": { "tipo": "rua", "nome": "VISCONDE DE MAUA", "drenagem": 1.0, "iluminacao": 1.0, "compriment": 94.318964252339882 }, "geometry": { "type": "MultiLineString", "coordinates": [ [ [ -52.13501954025196, -32.045610994862315 ], [ -52.135010717557194, -32.0456069340215 ] ], [ [ -52.134979240328157, -32.045592445929174 ], [ -52.134938940404354, -32.045573896996039 ] ] ] } },
{ "type": "Feature", "properties": { "tipo": "rua", "nome": "BARAO DE COTEGIPE", "drenagem": 1.0, "iluminacao": 1.0, "compriment": 47.422756063622408 }, "geometry": { "type": "LineString", "coordinates": [ [ -52.095868944490995, -32.037648484785414 ], [ -52.096360396392761, -32.037560997838668 ] ] } },
{ "type": "Feature", "properties": { "tipo": "rua", "nome": "BARAO DE COTEGIPE", "drenagem": 1.0, "iluminacao": 1.0, "compriment": 128.22537755576903 }, "geometry": { "type": "MultiLineString", "coordinates": [ [ [ -52.096360396392761, -32.037560997838668 ], [ -52.096855512410592, -32.037459132036318 ] ], [ [ -52.096895812334395, -32.037450840678488 ], [ -52.097016712105805, -32.037425966604985 ] ], [ [ -52.097057012029602, -32.037417675247156 ], [ -52.097679982690465, -32.037289504467132 ] ] ] } },
{ "type": "Feature", "properties": { "tipo": "rua", "nome": "BARAO DE COTEGIPE", "drenagem": 1.0, "iluminacao": 1.0, "compriment": 7.2205310481789517 }, "geometry": { "type": "LineString", "coordinates": [ [ -52.097679982690465, -32.037289504467132 ], [ -52.097753829281558, -32.037272673947022 ] ] } },
{ "type": "Feature", "properties": { "tipo": "rua", "nome": "BARAO DE COTEGIPE", "drenagem": 1.0, "iluminacao": 1.0, "compriment": 127.55631129465489 }, "geometry": { "type": "MultiLineString", "coordinates": [ [ [ -52.097753829281558, -32.037272673947022 ], [ -52.098830208676937, -32.037071909962265 ] ], [ [ -52.098876101262434, -32.037063350175281 ], [ -52.099031708295946, -32.037034326683901 ] ] ] } },
{ "type": "Feature", "properties": { "tipo": "rua", "nome": "COMENDADOR HENRIQUE PANCADA", "drenagem": 0.0, "iluminacao": 1.0, "compriment": 74.184164246242389 }, "geometry": { "type": "LineString", "coordinates": [ [ -52.134938940404354, -32.045441324044674 ], [ -52.134946340519036, -32.045445734326286 ] ] } },
{ "type": "Feature", "properties": { "tipo": "rua", "nome": "VISCONDE DE MAUA", "drenagem": 1.0, "iluminacao": 1.0, "compriment": 28.015780660211487 }, "geometry": { "type": "MultiLineString", "coordinates": [ [ [ -52.134576241090123, -32.045409974902086 ], [ -52.134564197419756, -32.045405434402483 ] ], [ [ -52.134479716454798, -32.045373584827047 ], [ -52.134350406409752, -32.045324834554876 ] ] ] } },
{ "type": "Feature", "properties": { "tipo": "rua", "nome": "COMENDADOR HENRIQUE PANCADA", "drenagem": 1.0, "iluminacao": 1.0, "compriment": 176.09523027949118 }, "geometry": { "type": "LineString", "coordinates": [ [ -52.140431752333463, -32.047076731518892 ], [ -52.141331939189385, -32.0470267428623 ], [ -52.142006090562333, -32.047051239449772 ], [ -52.142284148958254, -32.047114034395769 ] ] } },
{ "type": "Feature", "properties": { "tipo": "rua", "nome": "GUARDA OSCAR JESUS NUNES", "drenagem": 1.0, "iluminacao": 1.0, "compriment": 101.05222390401175 }, "geometry": { "type": "LineString", "coordinates": [ [ -52.131538317809614, -32.044113569176041 ], [ -52.131480452214412, -32.044161625756772 ], [ -52.131029495994341, -32.044911437391974 ] ] } },
{ "type": "Feature", "properties": { "tipo": "rua", "nome": "CORONEL PILLAR", "drenagem": 0.0, "iluminacao": 1.0, "compriment": 99.281466913974569 }, "geometry": { "type": "LineString", "coordinates": [ [ -52.134286045294125, -32.045413349008776 ], [ -52.1343391679113, -32.045324834554876 ] ] } },
{ "type": "Feature", "properties": { "tipo": "avenida", "nome": "CIDADE DE PELOTAS", "drenagem": 1.0, "iluminacao": 1.0, "compriment": 51.067651177774813 }, "geometry": { "type": "LineString", "coordinates": [ [ -52.131469913606871, -32.046090533107133 ], [ -52.131473146957298, -32.046091987891351 ] ] } },
{ "type": "Feature", "properties": { "tipo": "rua", "nome": "BARAO DE COTEGIPE", "drenagem": 1.0, "iluminacao": 1.0, "compriment": 165.81942389948799 }, "geometry": { "type": "LineString", "coordinates": [ [ -52.099112308143553, -32.037018045488288 ], [ -52.099233207914963, -32.036991655523067 ] ] } },
{ "type": "Feature", "properties": { "tipo": "rua", "nome": "TEIXEIRA DE FREITAS", "drenagem": 1.0, "iluminacao": 1.0, "compriment": 115.29783244617903 }, "geometry": { "type": "MultiLineString", "coordinates": [ [ [ -52.155310558630227, -32.053626618858281 ], [ -52.155206005941977, -32.053828118477291 ] ], [ [ -52.155185095404327, -32.053868418401095 ], [ -52.155164184866678, -32.053908718324898 ] ] ] } },
{ "type": "Feature", "properties": { "tipo": "rua", "nome": "GENERAL CAMISAO", "drenagem": 0.0, "iluminacao": 1.0, "compriment": 47.308398128616055 }, "geometry": { "type": "LineString", "coordinates": [ [ -52.155221315336924, -32.051208623430099 ], [ -52.15516549721584, -32.051319288366358 ] ] } },
{ "type": "Feature", "properties": { "tipo": "rua", "nome": "BARAO DE COTEGIPE", "drenagem": 1.0, "iluminacao": 1.0, "compriment": 78.021153819448713 }, "geometry": { "type": "MultiLineString", "coordinates": [ [ [ -52.104552797856947, -32.036790525205085 ], [ -52.10459309778075, -32.036796107189843 ] ], [ [ -52.104776790292121, -32.03682155063246 ], [ -52.104875197247374, -32.036835181083156 ] ], [ [ -52.105067741258289, -32.036861850556264 ], [ -52.10517482710739, -32.036876683129655 ] ] ] } },
{ "type": "Feature", "properties": { "tipo": "rua", "nome": "ANDRADAS", "drenagem": 1.0, "iluminacao": 1.0, "compriment": 61.120630139227458 }, "geometry": { "type": "LineString", "coordinates": [ [ -52.095095430469534, -32.029679711732072 ], [ -52.095148860536113, -32.03022902502272 ] ] } },
{ "type": "Feature", "properties": { "tipo": "rua", "nome": "ANDRADAS", "drenagem": 1.0, "iluminacao": 1.0, "compriment": 83.239568519628889 }, "geometry": { "type": "LineString", "coordinates": [ [ -52.095148860536113, -32.03022902502272 ], [ -52.095195967735698, -32.030937761757237 ] ] } },
{ "type": "Feature", "properties": { "tipo": "rua", "nome": "ANDRADAS", "drenagem": 1.0, "iluminacao": 1.0, "compriment": 77.746270076998428 }, "geometry": { "type": "LineString", "coordinates": [ [ -52.095195973730746, -32.031018361604836 ], [ -52.095185052046624, -32.03117956130005 ] ] } },
{ "type": "Feature", "properties": { "tipo": "rua", "nome": "ANDRADAS", "drenagem": 1.0, "iluminacao": 1.0, "compriment": 95.509590918704006 }, "geometry": { "type": "LineString", "coordinates": [ [ -52.096360396392761, -32.037560997838668 ], [ -52.096565070327244, -32.038404488797489 ] ] } },
{ "type": "Feature", "properties": { "tipo": "rua", "nome": "ANDRADAS", "drenagem": 1.0, "iluminacao": 1.0, "compriment": 103.93799090597854 }, "geometry": { "type": "LineString", "coordinates": [ [ -52.096778533876041, -32.039379187211502 ], [ -52.096985034917658, -32.040299863800463 ] ] } },
{ "type": "Feature", "properties": { "tipo": "rua", "nome": "ANDRADAS", "drenagem": 1.0, "iluminacao": 1.0, "compriment": 120.4857674940139 }, "geometry": { "type": "LineString", "coordinates": [ [ -52.096985034917658, -32.040299863800463 ], [ -52.097241723621082, -32.041364197006409 ] ] } },
{ "type": "Feature", "properties": { "tipo": "rua", "nome": "GENERAL VITORINO", "drenagem": 1.0, "iluminacao": 1.0, "compriment": 12.339413628372144 }, "geometry": { "type": "LineString", "coordinates": [ [ -52.087482115165386, -32.037286564151884 ], [ -52.087611476639147, -32.03727104487001 ] ] } },
{ "type": "Feature", "properties": { "tipo": "avenida", "nome": "MAJOR CARLOS PINTO", "drenagem": 1.0, "iluminacao": 1.0, "compriment": 86.360679386564826 }, "geometry": { "type": "MultiLineString", "coordinates": [ [ [ -52.106102832405533, -32.035290153527946 ], [ -52.105962398397203, -32.035531953070766 ] ], [ [ -52.105938992729151, -32.035572252994569 ], [ -52.105876255767086, -32.035680273615256 ] ], [ [ -52.105868775724986, -32.03569315276598 ], [ -52.105698027736466, -32.035987146977583 ] ] ] } },
{ "type": "Feature", "properties": { "tipo": "rua", "nome": "VALPORTO", "drenagem": 1.0, "iluminacao": 1.0, "compriment": 292.48177848418891 }, "geometry": { "type": "LineString", "coordinates": [ [ -52.089254815320686, -32.042818207417199 ], [ -52.092283552748256, -32.042268638313203 ] ] } },
{ "type": "Feature", "properties": { "tipo": "rua", "nome": "GENERAL VITORINO", "drenagem": 1.0, "iluminacao": 1.0, "compriment": 114.14022048220689 }, "geometry": { "type": "LineString", "coordinates": [ [ -52.090167164460006, -32.036769387325435 ], [ -52.091349549670362, -32.036556945314295 ] ] } },
{ "type": "Feature", "properties": { "tipo": "rua", "nome": "GENERAL VITORINO", "drenagem": 1.0, "iluminacao": 1.0, "compriment": 100.78010664777719 }, "geometry": { "type": "MultiLineString", "coordinates": [ [ [ -52.091349549670362, -32.036556945314295 ], [ -52.092059821478045, -32.03641891858571 ] ], [ [ -52.092061711007808, -32.036418551394434 ], [ -52.092389779178028, -32.036354798087885 ] ] ] } },
{ "type": "Feature", "properties": { "tipo": "rua", "nome": "GENERAL VITORINO", "drenagem": 1.0, "iluminacao": 1.0, "compriment": 106.72229449180531 }, "geometry": { "type": "LineString", "coordinates": [ [ -52.092389779178028, -32.036354798087885 ], [ -52.093470318811143, -32.036153205406563 ] ] } },
{ "type": "Feature", "properties": { "tipo": "rua", "nome": "GENERAL VITORINO", "drenagem": 1.0, "iluminacao": 1.0, "compriment": 61.756479391242081 }, "geometry": { "type": "MultiLineString", "coordinates": [ [ [ -52.093510618734946, -32.036145760239052 ], [ -52.093873318049177, -32.036079647124524 ] ], [ [ -52.093953917896783, -32.036064955321294 ], [ -52.094003858658517, -32.036055852080203 ] ] ] } },
{ "type": "Feature", "properties": { "tipo": "avenida", "nome": "PORTUGAL", "drenagem": 1.0, "iluminacao": 1.0, "compriment": 64.445225322776494 }, "geometry": { "type": "MultiLineString", "coordinates": [ [ [ -52.118287788618602, -32.036781250708657 ], [ -52.118335371797549, -32.036798284519861 ] ], [ [ -52.118400364627753, -32.03682155063246 ], [ -52.118415971645156, -32.036827137627562 ] ], [ [ -52.118512940636911, -32.036861850556264 ], [ -52.118536871416559, -32.036870417289123 ] ], [ [ -52.118738092655221, -32.03694245040387 ], [ -52.118778670959379, -32.036956976612231 ] ], [ [ -52.118850668664372, -32.036982750327674 ], [ -52.118859270806986, -32.036985829719939 ] ] ] } },
{ "type": "Feature", "properties": { "tipo": "rua", "nome": "GENERAL VITORINO", "drenagem": 1.0, "iluminacao": 1.0, "compriment": 74.782868589468791 }, "geometry": { "type": "MultiLineString", "coordinates": [ [ [ -52.105935462395223, -32.035209553680346 ], [ -52.105963295190051, -32.035222731290276 ] ], [ [ -52.106011856465464, -32.035245722928344 ], [ -52.106043895037658, -32.035260891789747 ] ] ] } },
{ "type": "Feature", "properties": { "tipo": "rua", "nome": "GENERAL CAMARA", "drenagem": 1.0, "iluminacao": 1.0, "compriment": 192.72922878488063 }, "geometry": { "type": "MultiLineString", "coordinates": [ [ [ -52.089085701738249, -32.03599529051192 ], [ -52.090496260590591, -32.035733452689783 ] ], [ [ -52.090528424373531, -32.035727482222924 ], [ -52.090568724297334, -32.035720001468569 ] ], [ [ -52.090609024221138, -32.035712520714213 ], [ -52.091079318468651, -32.035625221399243 ] ] ] } },
{ "type": "Feature", "properties": { "tipo": "rua", "nome": "RODRIGUES DUARTE", "drenagem": 0.0, "iluminacao": 1.0, "compriment": 84.334248596474026 }, "geometry": { "type": "LineString", "coordinates": [ [ -52.153362624646654, -32.04982086759798 ], [ -52.15301106635529, -32.050519985850187 ] ] } },
{ "type": "Feature", "properties": { "tipo": "rua", "nome": "ZALONY", "drenagem": 1.0, "iluminacao": 1.0, "compriment": 51.70021757373685 }, "geometry": { "type": "LineString", "coordinates": [ [ -52.095975025521923, -32.038057167819652 ], [ -52.096093193898412, -32.038512413349636 ] ] } },
{ "type": "Feature", "properties": { "tipo": "rua", "nome": "ZALONY", "drenagem": 1.0, "iluminacao": 1.0, "compriment": 108.19549058157095 }, "geometry": { "type": "LineString", "coordinates": [ [ -52.096093193898412, -32.038512413349636 ], [ -52.0963098802658, -32.039470520268267 ] ] } },
{ "type": "Feature", "properties": { "tipo": "rua", "nome": "CONDE DE PORTO ALEGRE", "drenagem": 1.0, "iluminacao": 0.0, "compriment": 14.177125417049863 }, "geometry": { "type": "LineString", "coordinates": [ [ -52.087666741480945, -32.035445969289626 ], [ -52.087816110656107, -32.035433444270971 ] ] } },
{ "type": "Feature", "properties": { "tipo": "rua", "nome": "CONDE DE PORTO ALEGRE", "drenagem": 1.0, "iluminacao": 1.0, "compriment": 104.84390755199011 }, "geometry": { "type": "LineString", "coordinates": [ [ -52.087816110656107, -32.035433444270971 ], [ -52.088905140573871, -32.0352506723464 ] ] } },
{ "type": "Feature", "properties": { "tipo": "rua", "nome": "CONDE DE PORTO ALEGRE", "drenagem": 0.0, "iluminacao": 1.0, "compriment": 165.52864139250363 }, "geometry": { "type": "LineString", "coordinates": [ [ -52.089176140649094, -32.035205188829195 ], [ -52.09088829212083, -32.034887018571752 ] ] } },
{ "type": "Feature", "properties": { "tipo": "rua", "nome": "CONDE DE PORTO ALEGRE", "drenagem": 0.0, "iluminacao": 1.0, "compriment": 110.82371835078325 }, "geometry": { "type": "LineString", "coordinates": [ [ -52.09088829212083, -32.034887018571752 ], [ -52.091979221630439, -32.034688595935471 ] ] } },
{ "type": "Feature", "properties": { "tipo": "rua", "nome": "ALBERTO TORRES", "drenagem": 1.0, "iluminacao": 1.0, "compriment": 116.32261990677189 }, "geometry": { "type": "MultiLineString", "coordinates": [ [ [ -52.15301106635529, -32.050519985850187 ], [ -52.15374589228248, -32.050805624192073 ] ], [ [ -52.153812190278629, -32.050831395261099 ], [ -52.15413157236469, -32.050955544078001 ] ] ] } },
{ "type": "Feature", "properties": { "tipo": "rua", "nome": "FELIPE CAMARAO", "drenagem": 0.0, "iluminacao": 0.0, "compriment": 69.857946815160503 }, "geometry": { "type": "MultiLineString", "coordinates": [ [ [ -52.159411013240145, -32.053384819315461 ], [ -52.159360694228923, -32.053489700507043 ] ], [ [ -52.159353008970143, -32.053505719086871 ], [ -52.159333674213478, -32.053546019010675 ] ] ] } },
{ "type": "Feature", "properties": { "tipo": "rua", "nome": "CONSELHEIRO PINTO LIMA", "drenagem": 0.0, "iluminacao": 1.0, "compriment": 105.98149218915501 }, "geometry": { "type": "LineString", "coordinates": [ [ -52.099093277778977, -32.029974816926163 ], [ -52.099039278355093, -32.030897461833433 ] ] } },
{ "type": "Feature", "properties": { "tipo": "rua", "nome": "CONSELHEIRO PINTO LIMA", "drenagem": 0.0, "iluminacao": 1.0, "compriment": 66.150013360884785 }, "geometry": { "type": "MultiLineString", "coordinates": [ [ [ -52.099035793551657, -32.030978061681033 ], [ -52.099034455375545, -32.031018361604836 ] ], [ [ -52.099030440847194, -32.031139261376246 ], [ -52.099029102671075, -32.03117956130005 ] ] ] } },
{ "type": "Feature", "properties": { "tipo": "rua", "nome": "GENERAL BACELAR", "drenagem": 0.0, "iluminacao": 1.0, "compriment": 63.849205054156535 }, "geometry": { "type": "LineString", "coordinates": [ [ -52.089499346562256, -32.032307466593387 ], [ -52.090172197522051, -32.032252490467442 ] ] } },
{ "type": "Feature", "properties": { "tipo": "rua", "nome": "FELIPE CAMARAO", "drenagem": 0.0, "iluminacao": 1.0, "compriment": 22.36406945138047 }, "geometry": { "type": "LineString", "coordinates": [ [ -52.15857310222605, -32.054835616572369 ], [ -52.158477785168955, -32.055004089267761 ] ] } },
{ "type": "Feature", "properties": { "tipo": "rua", "nome": "MARECHAL FLORIANO PEIXOTO", "drenagem": 0.0, "iluminacao": 1.0, "compriment": 125.09766394014471 }, "geometry": { "type": "LineString", "coordinates": [ [ -52.088246604666431, -32.031663972539434 ], [ -52.089565892627036, -32.031762389372034 ] ] } },
{ "type": "Feature", "properties": { "tipo": "rua", "nome": "MARECHAL FLORIANO PEIXOTO", "drenagem": 1.0, "iluminacao": 1.0, "compriment": 41.04298624465045 }, "geometry": { "type": "MultiLineString", "coordinates": [ [ [ -52.089565892627036, -32.031762389372034 ], [ -52.089923925516487, -32.031700866308846 ] ], [ [ -52.089964225440291, -32.031693941317229 ], [ -52.089991812108821, -32.03168920092493 ] ] ] } },
{ "type": "Feature", "properties": { "tipo": "rua", "nome": "DOUTOR MARIO WERNECK", "drenagem": 1.0, "iluminacao": 1.0, "compriment": 19.343623169995464 }, "geometry": { "type": "LineString", "coordinates": [ [ -52.090562826346577, -32.039090555941499 ], [ -52.090493992497592, -32.039254851051247 ] ] } },
{ "type": "Feature", "properties": { "tipo": "rua", "nome": "DOUTOR MARIO WERNECK", "drenagem": 1.0, "iluminacao": 1.0, "compriment": 60.179194391287041 }, "geometry": { "type": "LineString", "coordinates": [ [ -52.090493992497592, -32.039254851051247 ], [ -52.090307749050758, -32.039773852059639 ] ] } },
{ "type": "Feature", "properties": { "tipo": "rua", "nome": "DOUTOR MARIO WERNECK", "drenagem": 1.0, "iluminacao": 1.0, "compriment": 54.913825336133954 }, "geometry": { "type": "LineString", "coordinates": [ [ -52.090307749050758, -32.039773852059639 ], [ -52.090137799192576, -32.04024744290264 ] ] } },
{ "type": "Feature", "properties": { "tipo": "rua", "nome": "DOUTOR MARIO WERNECK", "drenagem": 1.0, "iluminacao": 1.0, "compriment": 110.96184901581216 }, "geometry": { "type": "LineString", "coordinates": [ [ -52.090137799192576, -32.04024744290264 ], [ -52.089806193604424, -32.041207422544339 ] ] } },
{ "type": "Feature", "properties": { "tipo": "rua", "nome": "SAO FRANCISCO DE ASSIS", "drenagem": 1.0, "iluminacao": 1.0, "compriment": 175.19835617696981 }, "geometry": { "type": "MultiLineString", "coordinates": [ [ [ -52.082489567896616, -32.045709346809346 ], [ -52.08250576565186, -32.045768133716706 ] ], [ [ -52.082508739536749, -32.045778926909527 ], [ -52.082516869626048, -32.045808433640509 ] ], [ [ -52.082857465852584, -32.047044567815696 ], [ -52.082878756981899, -32.047121840229565 ] ] ] } },
{ "type": "Feature", "properties": { "tipo": "rua", "nome": "DOM MANOEL I", "drenagem": 1.0, "iluminacao": 1.0, "compriment": 63.604119484795632 }, "geometry": { "type": "LineString", "coordinates": [ [ -52.097439284302695, -32.042227807784826 ], [ -52.098094946023203, -32.04209696388736 ] ] } },
{ "type": "Feature", "properties": { "tipo": "rua", "nome": "DOUTOR MARIO WERNECK", "drenagem": 0.0, "iluminacao": 1.0, "compriment": 30.548305270714646 }, "geometry": { "type": "MultiLineString", "coordinates": [ [ [ -52.089325542695718, -32.042549385850108 ], [ -52.089295114017354, -32.042665039583881 ] ], [ [ -52.089284511044326, -32.042705339507684 ], [ -52.089254815320686, -32.042818207417199 ] ] ] } },
{ "type": "Feature", "properties": { "tipo": "rua", "nome": "REVOCATA DE MELLO", "drenagem": 1.0, "iluminacao": 1.0, "compriment": 40.964930915987658 }, "geometry": { "type": "LineString", "coordinates": [ [ -52.092003445125044, -32.039729772643852 ], [ -52.091877043305203, -32.040083162977695 ] ] } },
{ "type": "Feature", "properties": { "tipo": "rua", "nome": "ENGENHEIRO ALFREDO HUCH", "drenagem": 1.0, "iluminacao": 1.0, "compriment": 17.5258040840469 }, "geometry": { "type": "LineString", "coordinates": [ [ -52.088796098768924, -32.038565130498128 ], [ -52.088751145673072, -32.038718472332356 ] ] } },
{ "type": "Feature", "properties": { "tipo": "rua", "nome": "ENGENHEIRO ALFREDO HUCH", "drenagem": 1.0, "iluminacao": 1.0, "compriment": 54.854985455384131 }, "geometry": { "type": "LineString", "coordinates": [ [ -52.08871317614193, -32.039310211911811 ], [ -52.088711872685373, -32.039320145908242 ] ] } },
{ "type": "Feature", "properties": { "tipo": "rua", "nome": "DOM MANOEL I", "drenagem": 1.0, "iluminacao": 1.0, "compriment": 68.40662430534222 }, "geometry": { "type": "LineString", "coordinates": [ [ -52.098759113794152, -32.04196769047973 ], [ -52.099466297222072, -32.041834513388118 ] ] } },
{ "type": "Feature", "properties": { "tipo": "rua", "nome": "AMERICO VESPUCIO", "drenagem": 1.0, "iluminacao": 1.0, "compriment": 128.08133793914189 }, "geometry": { "type": "LineString", "coordinates": [ [ -52.097885733477916, -32.044145884194272 ], [ -52.099210575025424, -32.043899296876809 ] ] } },
{ "type": "Feature", "properties": { "tipo": "rua", "nome": "AMERICO VESPUCIO", "drenagem": 1.0, "iluminacao": 1.0, "compriment": 110.50606606887115 }, "geometry": { "type": "LineString", "coordinates": [ [ -52.099210575025424, -32.043899296876809 ], [ -52.100355292854793, -32.043693176523306 ] ] } },
{ "type": "Feature", "properties": { "tipo": "avenida", "nome": "ALMIRANTE TAMANDARE", "drenagem": 0.0, "iluminacao": 1.0, "compriment": 62.520957309891962 }, "geometry": { "type": "LineString", "coordinates": [ [ -52.096357482603104, -32.04642989224115 ], [ -52.096353577692085, -32.046993705095105 ] ] } },
{ "type": "Feature", "properties": { "tipo": "rua", "nome": "ENGENHEIRO ALFREDO HUCH", "drenagem": 1.0, "iluminacao": 1.0, "compriment": 211.29642648250407 }, "geometry": { "type": "MultiLineString", "coordinates": [ [ [ -52.088433856483697, -32.042020240803033 ], [ -52.088432828335783, -32.042031213854926 ] ], [ [ -52.088399872452122, -32.042382940117264 ], [ -52.08839252841198, -32.042461320409409 ] ] ] } },
{ "type": "Feature", "properties": { "tipo": "rua", "nome": "ANDRADE NEVES", "drenagem": 1.0, "iluminacao": 1.0, "compriment": 59.217113555563166 }, "geometry": { "type": "LineString", "coordinates": [ [ -52.092744081724788, -32.037800800092917 ], [ -52.092620789794879, -32.037277199567356 ] ] } },
{ "type": "Feature", "properties": { "tipo": "rua", "nome": "FELIPE CAMARAO", "drenagem": 0.0, "iluminacao": 1.0, "compriment": 92.515446952237696 }, "geometry": { "type": "LineString", "coordinates": [ [ -52.158477785168955, -32.055004089267761 ], [ -52.158419904127996, -32.055117716038986 ] ] } },
{ "type": "Feature", "properties": { "tipo": "rua", "nome": "TIRADENTES", "drenagem": 1.0, "iluminacao": 1.0, "compriment": 119.24976596528766 }, "geometry": { "type": "MultiLineString", "coordinates": [ [ [ -52.104417808361184, -32.038659581228721 ], [ -52.104503053344914, -32.038696757874746 ] ], [ [ -52.104546365685103, -32.038715647051198 ], [ -52.104552797856947, -32.038718452220081 ] ] ] } },
{ "type": "Feature", "properties": { "tipo": "rua", "nome": "ANDRADE NEVES", "drenagem": 1.0, "iluminacao": 1.0, "compriment": 82.342119293808395 }, "geometry": { "type": "MultiLineString", "coordinates": [ [ [ -52.091989070294794, -32.034484155051892 ], [ -52.091979221630439, -32.034443139154234 ] ], [ [ -52.091950363310858, -32.034322955356679 ], [ -52.091938921706635, -32.034275305477365 ] ], [ [ -52.091931009818886, -32.034242355509072 ], [ -52.091869446596021, -32.033985968372853 ] ] ] } },
{ "type": "Feature", "properties": { "tipo": "rua", "nome": "TRINDADE", "drenagem": 1.0, "iluminacao": 1.0, "compriment": 111.70776782032453 }, "geometry": { "type": "LineString", "coordinates": [ [ -52.090167164460006, -32.036769387325435 ], [ -52.090426036695447, -32.037752355035551 ] ] } },
{ "type": "Feature", "properties": { "tipo": "rua", "nome": "DOUTOR LAZARO LUDOVICO ZAMENHOF", "drenagem": 1.0, "iluminacao": 1.0, "compriment": 45.931600554606639 }, "geometry": { "type": "LineString", "coordinates": [ [ -52.093297700723035, -32.042085845825333 ], [ -52.093308377708837, -32.042499963812908 ] ] } },
{ "type": "Feature", "properties": { "tipo": "rua", "nome": "DOUTOR LAZARO LUDOVICO ZAMENHOF", "drenagem": 1.0, "iluminacao": 1.0, "compriment": 42.65563722122593 }, "geometry": { "type": "LineString", "coordinates": [ [ -52.093308377708837, -32.042499963812908 ], [ -52.093322632906585, -32.042884446835075 ] ] } },
{ "type": "Feature", "properties": { "tipo": "rua", "nome": "BARAO DE COTEGIPE", "drenagem": 1.0, "iluminacao": 1.0, "compriment": 114.93917518784821 }, "geometry": { "type": "LineString", "coordinates": [ [ -52.090701392245791, -32.038745042837569 ], [ -52.09187962403449, -32.038485864805232 ] ] } },
{ "type": "Feature", "properties": { "tipo": "rua", "nome": "CORONEL SAMPAIO", "drenagem": 0.0, "iluminacao": 1.0, "compriment": 122.79542586196195 }, "geometry": { "type": "LineString", "coordinates": [ [ -52.088980787488389, -32.036980241346356 ], [ -52.08885221483844, -32.03808220019328 ] ] } },
{ "type": "Feature", "properties": { "tipo": "travessa", "nome": "AFONSO", "drenagem": 1.0, "iluminacao": 1.0, "compriment": 107.34578849725463 }, "geometry": { "type": "LineString", "coordinates": [ [ -52.091784299723535, -32.030271892237295 ], [ -52.092021366662536, -32.031218654865107 ] ] } },
{ "type": "Feature", "properties": { "tipo": "rua", "nome": "DOUTOR ESPERIDIAO DE FREITAS", "drenagem": 1.0, "iluminacao": 0.0, "compriment": 89.155564111251039 }, "geometry": { "type": "MultiLineString", "coordinates": [ [ [ -52.109497931772118, -32.032371754061884 ], [ -52.109388788713296, -32.032325533250521 ] ], [ [ -52.109347290322717, -32.032307959166531 ], [ -52.109308188865697, -32.03229140015592 ] ], [ [ -52.109267888941893, -32.032274333608619 ], [ -52.108703690008646, -32.032035401946395 ] ] ] } },
{ "type": "Feature", "properties": { "tipo": "rua", "nome": "GENERAL ERNESTO DORNELLES", "drenagem": 1.0, "iluminacao": 1.0, "compriment": 131.79541963476652 }, "geometry": { "type": "LineString", "coordinates": [ [ -52.093889347654176, -32.040811243088946 ], [ -52.094911278127611, -32.041143733297297 ] ] } },
{ "type": "Feature", "properties": { "tipo": "rua", "nome": "CAPITAO ANDRINO", "drenagem": 1.0, "iluminacao": 1.0, "compriment": 71.129980770295333 }, "geometry": { "type": "MultiLineString", "coordinates": [ [ [ -52.103867699152296, -32.03855384355704 ], [ -52.103869140951275, -32.038554447355985 ] ], [ [ -52.103948298999903, -32.038587597293507 ], [ -52.103965372303925, -32.038594747279788 ] ], [ [ -52.103994750434595, -32.038607050301572 ], [ -52.104124747106326, -32.038661490521115 ] ] ] } },
{ "type": "Feature", "properties": { "tipo": "rua", "nome": "JOAO MANOEL", "drenagem": 1.0, "iluminacao": 1.0, "compriment": 120.70131971803379 }, "geometry": { "type": "MultiLineString", "coordinates": [ [ [ -52.105870767989913, -32.036180602156037 ], [ -52.105959047382228, -32.036217051775417 ] ], [ [ -52.106043895037658, -32.036252084467243 ], [ -52.106056652044337, -32.03625735169922 ] ] ] } },
{ "type": "Feature", "properties": { "tipo": "rua", "nome": "JOAO MANOEL", "drenagem": 1.0, "iluminacao": 1.0, "compriment": 118.48221490704489 }, "geometry": { "type": "MultiLineString", "coordinates": [ [ [ -52.107857391608789, -32.037001992616609 ], [ -52.10790822531424, -32.037023050251477 ] ], [ [ -52.107937991456396, -32.037035380742587 ], [ -52.108005510430495, -32.037063350175281 ] ], [ [ -52.108018591304003, -32.037068768868558 ], [ -52.108099191151602, -32.037102156994536 ] ] ] } },
{ "type": "Feature", "properties": { "tipo": "rua", "nome": "JOAO MANOEL", "drenagem": 1.0, "iluminacao": 1.0, "compriment": 120.00370689996227 }, "geometry": { "type": "MultiLineString", "coordinates": [ [ [ -52.108179790999209, -32.037135899682191 ], [ -52.10829338082786, -32.037184249946684 ] ], [ [ -52.108300690770619, -32.037187361472341 ], [ -52.108379460942366, -32.037220890518761 ] ] ] } },
{ "type": "Feature", "properties": { "tipo": "rua", "nome": "JOAO MANOEL", "drenagem": 1.0, "iluminacao": 1.0, "compriment": 120.67147787651615 }, "geometry": { "type": "LineString", "coordinates": [ [ -52.105832899370156, -32.036234997466472 ], [ -52.105907894330052, -32.036267449750632 ] ] } },
{ "type": "Feature", "properties": { "tipo": "avenida", "nome": "DOM PEDRO II", "drenagem": 1.0, "iluminacao": 1.0, "compriment": 133.61311156382641 }, "geometry": { "type": "LineString", "coordinates": [ [ -52.086364207971243, -32.034909398344929 ], [ -52.087747196458793, -32.034656353602081 ] ] } },
{ "type": "Feature", "properties": { "tipo": "travessa", "nome": "DONA ALVINA LIMA CAVALHEIRO", "drenagem": 1.0, "iluminacao": 1.0, "compriment": 120.96020236454906 }, "geometry": { "type": "LineString", "coordinates": [ [ -52.110833773388691, -32.030133845895229 ], [ -52.109699909330679, -32.029626953818514 ] ] } },
{ "type": "Feature", "properties": { "tipo": "rua", "nome": "DOUTOR MARCIANO ESPINDOLA", "drenagem": 1.0, "iluminacao": 1.0, "compriment": 69.951516490808558 }, "geometry": { "type": "LineString", "coordinates": [ [ -52.084715243685665, -32.03898010548032 ], [ -52.085438544516066, -32.038844576868122 ] ] } },
{ "type": "Feature", "properties": { "tipo": "rua", "nome": "1 VELHA", "drenagem": 1.0, "iluminacao": 1.0, "compriment": 76.212106540408627 }, "geometry": { "type": "MultiLineString", "coordinates": [ [ [ -52.086861808911429, -32.035723845404135 ], [ -52.086853908842514, -32.035797513807964 ] ], [ [ -52.086843491873871, -32.035894652384989 ], [ -52.086827982513505, -32.036039277683223 ] ], [ [ -52.086821883412263, -32.036096152004006 ], [ -52.086820831383662, -32.03610596220549 ] ], [ [ -52.086791631566008, -32.03637825147063 ], [ -52.086788410479649, -32.036408288207404 ] ] ] } },
{ "type": "Feature", "properties": { "tipo": "rua", "nome": "VISCONDE DE MAUA", "drenagem": 1.0, "iluminacao": 1.0, "compriment": 122.52712729317975 }, "geometry": { "type": "MultiLineString", "coordinates": [ [ [ -52.128754601173796, -32.042947139050504 ], [ -52.128934251757713, -32.043020974592324 ] ], [ [ -52.128976267311472, -32.043038242786551 ], [ -52.129095451452926, -32.043087226905989 ] ], [ [ -52.12914681904963, -32.043108338745718 ], [ -52.129216351224336, -32.043136916141243 ] ], [ [ -52.129289164094168, -32.043166841886979 ], [ -52.12937755091955, -32.043203168454916 ] ], [ [ -52.129440982456501, -32.043229238517128 ], [ -52.12949845069096, -32.04325285769017 ] ], [ [ -52.129539036925443, -32.043269538440924 ], [ -52.12957905053856, -32.043285983846999 ] ], [ [ -52.1296370913944, -32.043309838364728 ], [ -52.12969995030997, -32.043335673082254 ] ], [ [ -52.129735145863357, -32.043350138288531 ], [ -52.129740250233773, -32.043352236160672 ] ] ] } },
{ "type": "Feature", "properties": { "tipo": "rua", "nome": "VISCONDE DE MAUA", "drenagem": 1.0, "iluminacao": 1.0, "compriment": 121.4592460962495 }, "geometry": { "type": "MultiLineString", "coordinates": [ [ [ -52.129832930388503, -32.043390438212334 ], [ -52.129901449928987, -32.043419463141859 ] ], [ [ -52.129928066959231, -32.043430738136138 ], [ -52.129982049776594, -32.04345360529868 ] ], [ [ -52.130023203529959, -32.043471038059941 ], [ -52.130102949548004, -32.043504818533904 ] ], [ [ -52.130118340100694, -32.043511337983745 ], [ -52.130183549395603, -32.043538960690725 ] ], [ [ -52.130213476671422, -32.043551637907548 ], [ -52.130975576399507, -32.043874463932674 ] ] ] } },
{ "type": "Feature", "properties": { "tipo": "avenida", "nome": "COMENDADOR VASCO VIEIRA DA FONSECA", "drenagem": 1.0, "iluminacao": 1.0, "compriment": 147.43728479324247 }, "geometry": { "type": "LineString", "coordinates": [ [ -52.105992598313712, -32.028985791299206 ], [ -52.107539642862285, -32.029161855689679 ] ] } },
{ "type": "Feature", "properties": { "tipo": "avenida", "nome": "COMENDADOR VASCO VIEIRA DA FONSECA", "drenagem": 0.0, "iluminacao": 1.0, "compriment": 190.03033539002743 }, "geometry": { "type": "LineString", "coordinates": [ [ -52.107539642862285, -32.029161855689679 ], [ -52.10952913257001, -32.029415742997664 ] ] } },
{ "type": "Feature", "properties": { "tipo": "rua", "nome": "GENERAL NETTO", "drenagem": 1.0, "iluminacao": 1.0, "compriment": 97.658069951769761 }, "geometry": { "type": "MultiLineString", "coordinates": [ [ [ -52.097604070577532, -32.03006762898093 ], [ -52.097648965310434, -32.030695962214416 ] ], [ [ -52.097661510886653, -32.03087154634116 ], [ -52.09766624201221, -32.030937761757237 ] ] ] } },
{ "type": "Feature", "properties": { "tipo": "rua", "nome": "ALLAN KARDEC", "drenagem": 1.0, "iluminacao": 1.0, "compriment": 90.902134883079029 }, "geometry": { "type": "LineString", "coordinates": [ [ -52.099928047091701, -32.044411064141038 ], [ -52.099501640923478, -32.045145989804539 ] ] } },
{ "type": "Feature", "properties": { "tipo": "rua", "nome": "TOBIAS BARRETO", "drenagem": 0.0, "iluminacao": 1.0, "compriment": 99.615012687997606 }, "geometry": { "type": "LineString", "coordinates": [ [ -52.127805853891232, -32.044316993478269 ], [ -52.127712679044457, -32.044465317424269 ] ] } },
{ "type": "Feature", "properties": { "tipo": "rua", "nome": "1 NOVA", "drenagem": 0.0, "iluminacao": 1.0, "compriment": 390.42193694536661 }, "geometry": { "type": "MultiLineString", "coordinates": [ [ [ -52.08652024291829, -32.042020240803033 ], [ -52.086557431998699, -32.041697841412613 ] ], [ [ -52.086579031840849, -32.041510588168798 ], [ -52.08658997244406, -32.04141574194599 ] ], [ [ -52.086594621079115, -32.041375442022193 ], [ -52.086603918349219, -32.041294842174587 ] ], [ [ -52.086608566984268, -32.041254542250783 ], [ -52.086868890547166, -32.038997746517815 ] ] ] } },
{ "type": "Feature", "properties": { "tipo": "travessa", "nome": "TRINTA E QUATRO", "drenagem": 1.0, "iluminacao": 1.0, "compriment": 165.27752382823797 }, "geometry": { "type": "LineString", "coordinates": [ [ -52.0869511524308, -32.043500337262472 ], [ -52.087102075250797, -32.044985279855212 ] ] } },
{ "type": "Feature", "properties": { "tipo": "largo", "nome": "SILVEIRA MARTINS", "drenagem": 1.0, "iluminacao": 1.0, "compriment": 63.582777658174152 }, "geometry": { "type": "LineString", "coordinates": [ [ -52.09564550185361, -32.030195580355965 ], [ -52.095601224877804, -32.029623422447514 ] ] } },
{ "type": "Feature", "properties": { "tipo": "rua", "nome": "EDGAR FONTOURA", "drenagem": 1.0, "iluminacao": 1.0, "compriment": 55.100363180421652 }, "geometry": { "type": "LineString", "coordinates": [ [ -52.085161365834807, -32.037716406701755 ], [ -52.085731183278625, -32.037609984170743 ] ] } },
{ "type": "Feature", "properties": { "tipo": "rua", "nome": "MARCIANO ESPINDOLA", "drenagem": 1.0, "iluminacao": 1.0, "compriment": 53.878063430199298 }, "geometry": { "type": "LineString", "coordinates": [ [ -52.085438544516066, -32.038844576868122 ], [ -52.085993457692901, -32.038732055464124 ] ] } },
{ "type": "Feature", "properties": { "tipo": "rua", "nome": "VALPORTO", "drenagem": 1.0, "iluminacao": 1.0, "compriment": 36.735698289294625 }, "geometry": { "type": "LineString", "coordinates": [ [ -52.092917484593741, -32.0421556326041 ], [ -52.093297700723035, -32.042085845825333 ] ] } },
{ "type": "Feature", "properties": { "tipo": "rua", "nome": "LEAO XIII", "drenagem": 0.0, "iluminacao": 1.0, "compriment": 182.4095036713473 }, "geometry": { "type": "MultiLineString", "coordinates": [ [ [ -52.083821374784947, -32.045386635446789 ], [ -52.08387893694605, -32.045599664159965 ] ], [ [ -52.083902680085075, -32.045687533869099 ], [ -52.083919236869853, -32.045748807985433 ] ], [ [ -52.083946237606909, -32.045848733564313 ], [ -52.083957126987364, -32.045889033488116 ] ], [ [ -52.083989795128744, -32.046009933259526 ], [ -52.08399983671746, -32.046047095636368 ] ] ] } },
{ "type": "Feature", "properties": { "tipo": "rua", "nome": "OITO DE JULHO", "drenagem": 1.0, "iluminacao": 1.0, "compriment": 39.772125833815821 }, "geometry": { "type": "LineString", "coordinates": [ [ -52.085604680816047, -32.042483267768858 ], [ -52.086008347474255, -32.042381152105875 ] ] } },
{ "type": "Feature", "properties": { "tipo": "rua", "nome": "MONTEIRO LOBATO", "drenagem": 1.0, "iluminacao": 1.0, "compriment": 35.953192002673291 }, "geometry": { "type": "MultiLineString", "coordinates": [ [ [ -52.086788410479649, -32.036408288207404 ], [ -52.086861131307465, -32.036407392455729 ] ], [ [ -52.087062630926482, -32.036404910448475 ], [ -52.087169005837602, -32.036403600156667 ] ] ] } },
{ "type": "Feature", "properties": { "tipo": "avenida", "nome": "CIDADE DE PELOTAS", "drenagem": 1.0, "iluminacao": 1.0, "compriment": 59.111995708768006 }, "geometry": { "type": "MultiLineString", "coordinates": [ [ [ -52.127952180511393, -32.044599435926422 ], [ -52.127967053586445, -32.044605689222031 ] ], [ [ -52.128047653434052, -32.044639576946729 ], [ -52.128048031376146, -32.044639735850225 ] ], [ [ -52.128239733105666, -32.044720335697832 ], [ -52.128249153053069, -32.04472429625848 ] ] ] } },
{ "type": "Feature", "properties": { "tipo": "avenida", "nome": "CIDADE DE PELOTAS", "drenagem": 1.0, "iluminacao": 1.0, "compriment": 60.81016822631792 }, "geometry": { "type": "MultiLineString", "coordinates": [ [ [ -52.129380612618903, -32.045206560045479 ], [ -52.1297652233524, -32.045365134478679 ] ], [ [ -52.129780550157577, -32.045371453697648 ], [ -52.129960141627784, -32.045445498993622 ] ] ] } },
{ "type": "Feature", "properties": { "tipo": "rua", "nome": "ROSA CRUZ", "drenagem": 0.0, "iluminacao": 1.0, "compriment": 158.87250792530659 }, "geometry": { "type": "LineString", "coordinates": [ [ -52.127040155338982, -32.048423494283121 ], [ -52.126999855415178, -32.048404382231965 ] ] } },
{ "type": "Feature", "properties": { "tipo": "rua", "nome": "ACACIA RIOGRANDENSE", "drenagem": 1.0, "iluminacao": 1.0, "compriment": 71.912638101825607 }, "geometry": { "type": "LineString", "coordinates": [ [ -52.097579575229013, -32.042859932517821 ], [ -52.097735053323959, -32.043494785904741 ] ] } },
{ "type": "Feature", "properties": { "tipo": "rua", "nome": "ACACIA RIOGRANDENSE", "drenagem": 1.0, "iluminacao": 1.0, "compriment": 73.587964609750074 }, "geometry": { "type": "LineString", "coordinates": [ [ -52.097735053323959, -32.043494785904741 ], [ -52.097885733477916, -32.044145884194272 ] ] } },
{ "type": "Feature", "properties": { "tipo": "avenida", "nome": "SENADOR SALGADO FILHO", "drenagem": 1.0, "iluminacao": 1.0, "compriment": 175.03276022152187 }, "geometry": { "type": "LineString", "coordinates": [ [ -52.090493992497592, -32.039254851051247 ], [ -52.088751145673072, -32.038718472332356 ] ] } },
{ "type": "Feature", "properties": { "tipo": "rua", "nome": "BERNARDO TAVEIRA", "drenagem": 0.0, "iluminacao": 1.0, "compriment": 139.53395906626537 }, "geometry": { "type": "MultiLineString", "coordinates": [ [ [ -52.169182365362616, -32.060437305980969 ], [ -52.169355075332049, -32.060510427347346 ] ], [ [ -52.169516275027256, -32.060578675532511 ], [ -52.169563113094931, -32.060598505676182 ] ], [ [ -52.169637174798666, -32.060629861671387 ], [ -52.169658300028011, -32.060638805599986 ] ] ] } },
{ "type": "Feature", "properties": { "tipo": "rua", "nome": "1 NOVA", "drenagem": 1.0, "iluminacao": 1.0, "compriment": 106.20024490686856 }, "geometry": { "type": "MultiLineString", "coordinates": [ [ [ -52.087058184566025, -32.037356666602335 ], [ -52.08707354691979, -32.037224549870487 ] ], [ [ -52.087101663041537, -32.036982750327674 ], [ -52.087102930850286, -32.036971847132037 ] ], [ [ -52.087129779163284, -32.036740950784854 ], [ -52.087169005834696, -32.036403600160888 ] ] ] } },
{ "type": "Feature", "properties": { "tipo": "rua", "nome": "MARCIANO ESPINDOLA", "drenagem": 1.0, "iluminacao": 1.0, "compriment": 38.128146387986277 }, "geometry": { "type": "LineString", "coordinates": [ [ -52.087183530697892, -32.038477621371101 ], [ -52.087309426775313, -32.03844677919529 ] ] } },
{ "type": "Feature", "properties": { "tipo": "rua", "nome": "MARCIANO ESPINDOLA", "drenagem": 1.0, "iluminacao": 1.0, "compriment": 30.712485848416044 }, "geometry": { "type": "LineString", "coordinates": [ [ -52.08662960105729, -32.038594747279788 ], [ -52.086659631688448, -32.038589301604787 ] ] } },
{ "type": "Feature", "properties": { "tipo": "rua", "nome": "MARECHAL JOAO MASCARENHAS DE MORAES", "drenagem": 1.0, "iluminacao": 1.0, "compriment": 69.79884536653401 }, "geometry": { "type": "MultiLineString", "coordinates": [ [ [ -52.085877031154354, -32.040589534097151 ], [ -52.085582958044462, -32.04065004339374 ] ], [ [ -52.085410334050557, -32.040685562984258 ], [ -52.085387101794446, -32.040690343317543 ] ] ] } },
{ "type": "Feature", "properties": { "tipo": "rua", "nome": "1 VELHA", "drenagem": 1.0, "iluminacao": 1.0, "compriment": 95.962943236237095 }, "geometry": { "type": "LineString", "coordinates": [ [ -52.086353824767805, -32.041574503943693 ], [ -52.086314275577976, -32.041789715187569 ], [ -52.086210132756896, -32.042040708377655 ], [ -52.086008347474255, -32.042381152105875 ] ] } },
{ "type": "Feature", "properties": { "tipo": "avenida", "nome": "HONORIO BICALHO", "drenagem": 1.0, "iluminacao": 1.0, "compriment": 275.68488499403804 }, "geometry": { "type": "MultiLineString", "coordinates": [ [ [ -52.080452447341706, -32.030978293464337 ], [ -52.080251943803788, -32.03157243212312 ] ], [ [ -52.080221325803485, -32.031663160385683 ], [ -52.080211643879984, -32.031691850178909 ] ] ] } },
{ "type": "Feature", "properties": { "tipo": "rua", "nome": "GUARDA OSCAR JESUS NUNES", "drenagem": 1.0, "iluminacao": 1.0, "compriment": 97.526926468650558 }, "geometry": { "type": "LineString", "coordinates": [ [ -52.132026398279997, -32.043338510131747 ], [ -52.131538317809614, -32.044113569176041 ] ] } },
{ "type": "Feature", "properties": { "tipo": "rua", "nome": "GUARDA MARINHA LIMA BARRETO", "drenagem": 0.0, "iluminacao": 1.0, "compriment": 28.175175598611219 }, "geometry": { "type": "LineString", "coordinates": [ [ -52.159628199823523, -32.055278915734199 ], [ -52.159522379533897, -32.0554587794052 ] ] } },
{ "type": "Feature", "properties": { "tipo": "avenida", "nome": "SENADOR SALGADO FILHO", "drenagem": 0.0, "iluminacao": 1.0, "compriment": 42.427380581130755 }, "geometry": { "type": "LineString", "coordinates": [ [ -52.097064432035005, -32.041012642398691 ], [ -52.097241723621082, -32.041364197006409 ] ] } },
{ "type": "Feature", "properties": { "tipo": "rua", "nome": "DO RIACHUELO", "drenagem": 1.0, "iluminacao": 1.0, "compriment": 92.703378818827133 }, "geometry": { "type": "LineString", "coordinates": [ [ -52.090822790501065, -32.030439285323887 ], [ -52.091784299723535, -32.030271892237295 ] ] } },
{ "type": "Feature", "properties": { "tipo": "rua", "nome": "DO RIACHUELO", "drenagem": 1.0, "iluminacao": 1.0, "compriment": 83.397627397106532 }, "geometry": { "type": "LineString", "coordinates": [ [ -52.091784299723535, -32.030271892237295 ], [ -52.09264686309858, -32.030111521411854 ] ] } },
{ "type": "Feature", "properties": { "tipo": "rua", "nome": "AMERICO VESPUCIO", "drenagem": 1.0, "iluminacao": 1.0, "compriment": 142.08619368944474 }, "geometry": { "type": "LineString", "coordinates": [ [ -52.096414291447417, -32.044412587309594 ], [ -52.097885733477916, -32.044145884194272 ] ] } },
{ "type": "Feature", "properties": { "tipo": "rua", "nome": "ENGENHEIRO ALFREDO HUCH", "drenagem": 1.0, "iluminacao": 1.0, "compriment": 65.714452639653672 }, "geometry": { "type": "LineString", "coordinates": [ [ -52.088751145673072, -32.038718472332356 ], [ -52.08871317614193, -32.039310211911811 ] ] } },
{ "type": "Feature", "properties": { "tipo": "rua", "nome": "ANDRADE NEVES", "drenagem": 1.0, "iluminacao": 1.0, "compriment": 85.362144608791866 }, "geometry": { "type": "LineString", "coordinates": [ [ -52.093221482114821, -32.039883747445828 ], [ -52.093051490023228, -32.039127679353058 ] ] } },
{ "type": "Feature", "properties": { "tipo": "rua", "nome": "ANDRADE NEVES", "drenagem": 1.0, "iluminacao": 1.0, "compriment": 95.304464168248771 }, "geometry": { "type": "LineString", "coordinates": [ [ -52.093051490023228, -32.039127679353058 ], [ -52.092857903346868, -32.038284176027638 ] ] } },
{ "type": "Feature", "properties": { "tipo": "rua", "nome": "ANDRADE NEVES", "drenagem": 1.0, "iluminacao": 1.0, "compriment": 54.667891882956923 }, "geometry": { "type": "LineString", "coordinates": [ [ -52.092857903346868, -32.038284176027638 ], [ -52.092744081724788, -32.037800800092917 ] ] } },
{ "type": "Feature", "properties": { "tipo": "rua", "nome": "MANOEL PEREIRA DE ALMEIDA", "drenagem": 1.0, "iluminacao": 1.0, "compriment": 28.915568468454602 }, "geometry": { "type": "LineString", "coordinates": [ [ -52.105682357756024, -32.030649687138869 ], [ -52.105984618569714, -32.030690905007432 ] ] } },
{ "type": "Feature", "properties": { "tipo": "rua", "nome": "VISCONDE DO RIO GRANDE", "drenagem": 1.0, "iluminacao": 1.0, "compriment": 90.737804182614624 }, "geometry": { "type": "MultiLineString", "coordinates": [ [ [ -52.109501500030511, -32.034770556436406 ], [ -52.109338116516234, -32.035048353985133 ] ], [ [ -52.109314414567791, -32.035088653908936 ], [ -52.109290712619355, -32.035128953832739 ] ], [ [ -52.109267888941893, -32.035167760450896 ], [ -52.109267010670919, -32.035169253756543 ] ], [ [ -52.10922758901809, -32.035236281562689 ], [ -52.109216281611957, -32.035255507307212 ] ] ] } },
{ "type": "Feature", "properties": { "tipo": "largo", "nome": "DA DOCA", "drenagem": 1.0, "iluminacao": 1.0, "compriment": 37.893917937260902 }, "geometry": { "type": "LineString", "coordinates": [ [ -52.096760880557149, -32.030123920936028 ], [ -52.096749437850733, -32.029782326478177 ] ] } },
{ "type": "Feature", "properties": { "tipo": "largo", "nome": "GASPAR SILVEIRA MARTINS", "drenagem": 1.0, "iluminacao": 1.0, "compriment": 82.614064058677897 }, "geometry": { "type": "LineString", "coordinates": [ [ -52.095866211767564, -32.029548103216705 ], [ -52.096734895070121, -32.029461831826595 ] ] } },
{ "type": "Feature", "properties": { "tipo": "avenida", "nome": "CIDADE DE PELOTAS", "drenagem": 1.0, "iluminacao": 1.0, "compriment": 61.244074588396778 }, "geometry": { "type": "MultiLineString", "coordinates": [ [ [ -52.128329752900669, -32.044757840552307 ], [ -52.128336476592096, -32.044760635621635 ] ], [ [ -52.128410352748276, -32.044791346278167 ], [ -52.128433420252748, -32.044800935545439 ] ], [ [ -52.128450652672079, -32.044808099141093 ], [ -52.128490952595882, -32.04482485200402 ] ], [ [ -52.128530363913399, -32.044841235469242 ], [ -52.128571552443489, -32.044858357729872 ] ], [ [ -52.128611852367293, -32.044875110592798 ], [ -52.128652152291096, -32.044891863455732 ] ], [ [ -52.128692452214899, -32.044908616318658 ], [ -52.128732752138703, -32.044925369181584 ] ], [ [ -52.128773052062506, -32.04494212204451 ], [ -52.128840035489482, -32.044969967361936 ] ] ] } },
{ "type": "Feature", "properties": { "tipo": "rua", "nome": "A ( Getulio Vargas )", "drenagem": 1.0, "iluminacao": 1.0, "compriment": 145.38 }, "geometry": { "type": "LineString", "coordinates": [ [ -52.084888703592185, -32.037708148956128 ], [ -52.08490475339859, -32.037763845266909 ] ] } },
{ "type": "Feature", "properties": { "tipo": "avenida", "nome": "MODESTO REY DORNELLES", "drenagem": 0.0, "iluminacao": 1.0, "compriment": 71.241476330737143 }, "geometry": { "type": "LineString", "coordinates": [ [ -52.099365908966526, -32.044514011190913 ], [ -52.099501640923478, -32.045145989804539 ] ] } },
{ "type": "Feature", "properties": { "tipo": "rua", "nome": "MARECHAL RONDON", "drenagem": 0.0, "iluminacao": 1.0, "compriment": 36.899650900200662 }, "geometry": { "type": "MultiLineString", "coordinates": [ [ [ -52.081259441898858, -32.047593081772909 ], [ -52.081315374089158, -32.047581630287837 ] ], [ [ -52.081420641594072, -32.047560077953577 ], [ -52.081512209957403, -32.047541330364034 ] ] ] } },
{ "type": "Feature", "properties": { "tipo": "rua", "nome": "CARAMURÚ", "drenagem": 1.0, "iluminacao": 1.0, "compriment": 92.023191569353955 }, "geometry": { "type": "MultiLineString", "coordinates": [ [ [ -52.110653204796918, -32.035255696026823 ], [ -52.110586816426732, -32.035370753375553 ] ], [ [ -52.110563563272635, -32.035411053299356 ], [ -52.110424044348065, -32.035652852842176 ] ], [ [ -52.110400791193968, -32.03569315276598 ], [ -52.110354284885773, -32.035773752613586 ] ], [ [ -52.110331031731675, -32.03581405253739 ], [ -52.110315686960767, -32.035840646482278 ] ], [ [ -52.110284525423488, -32.035894652384989 ], [ -52.110275387036964, -32.035910490076475 ] ], [ [ -52.1102380191153, -32.035975252232596 ], [ -52.110235087113161, -32.035980333670679 ] ] ] } },
{ "type": "Feature", "properties": { "tipo": "rua", "nome": "1 VELHA", "drenagem": 1.0, "iluminacao": 1.0, "compriment": 64.275581795560967 }, "geometry": { "type": "MultiLineString", "coordinates": [ [ [ -52.086353824767805, -32.041574503943693 ], [ -52.085773033364788, -32.041515859317634 ] ], [ [ -52.085732733440985, -32.041511790087355 ], [ -52.085692433517181, -32.041507720857084 ] ] ] } },
{ "type": "Feature", "properties": { "tipo": "rua", "nome": "DUQUE DE CAXIAS", "drenagem": 1.0, "iluminacao": 1.0, "compriment": 6.6505033126359558 }, "geometry": { "type": "MultiLineString", "coordinates": [ [ [ -52.097862063294343, -32.038125206427424 ], [ -52.097867780826583, -32.038151448117958 ] ], [ [ -52.097871464915521, -32.038168356937682 ], [ -52.097874911290646, -32.038184174725082 ] ] ] } },
{ "type": "Feature", "properties": { "tipo": "rua", "nome": "TEIXEIRA DE FREITAS", "drenagem": 1.0, "iluminacao": 1.0, "compriment": 114.78472028402129 }, "geometry": { "type": "LineString", "coordinates": [ [ -52.156299641793339, -32.051763346473784 ], [ -52.155787152902612, -32.052701970939772 ] ] } },
{ "type": "Feature", "properties": { "tipo": "rua", "nome": "VINTE E QUATRO DE MAIO", "drenagem": 1.0, "iluminacao": 1.0, "compriment": 50.85423233467268 }, "geometry": { "type": "LineString", "coordinates": [ [ -52.099813351188324, -32.031122869150238 ], [ -52.099738295284517, -32.03131120521342 ] ] } },
{ "type": "Feature", "properties": { "tipo": "rua", "nome": "VALPORTO", "drenagem": 1.0, "iluminacao": 1.0, "compriment": 92.313631905749958 }, "geometry": { "type": "LineString", "coordinates": [ [ -52.089325542695718, -32.042549385850108 ], [ -52.08839252841198, -32.042713949040781 ] ] } },
{ "type": "Feature", "properties": { "tipo": "estrada", "nome": "ALBERTO TORRES", "drenagem": 0.0, "iluminacao": 1.0, "compriment": 45.090038396580049 }, "geometry": { "type": "LineString", "coordinates": [ [ -52.160886943027599, -32.054354600083116 ], [ -52.161226033566699, -32.054640867638341 ] ] } },
{ "type": "Feature", "properties": { "tipo": "travessa", "nome": "UM", "drenagem": 0.0, "iluminacao": 1.0, "compriment": 135.19582758199175 }, "geometry": { "type": "MultiLineString", "coordinates": [ [ [ -52.160886943027599, -32.054354600083116 ], [ -52.160760193867667, -32.054458662670967 ], [ -52.160754368274162, -32.054467048099156 ] ], [ [ -52.160287592476386, -32.0552346499815 ], [ -52.160285420540433, -32.055238615810396 ] ], [ [ -52.160247292552583, -32.055308235301595 ], [ -52.160197137504831, -32.055399815505609 ] ] ] } },
{ "type": "Feature", "properties": { "tipo": "rua", "nome": "GENERAL BERTOLDO KLINGER", "drenagem": 1.0, "iluminacao": 1.0, "compriment": 79.676330730070873 }, "geometry": { "type": "LineString", "coordinates": [ [ -52.094877250767219, -32.041798462865842 ], [ -52.094866094777572, -32.042516932748562 ] ] } },
{ "type": "Feature", "properties": { "tipo": "rua", "nome": "MORON", "drenagem": 0.0, "iluminacao": 1.0, "compriment": 91.892511131277516 }, "geometry": { "type": "MultiLineString", "coordinates": [ [ [ -52.105832789716835, -32.03421451067895 ], [ -52.105771616925814, -32.034322955356679 ] ], [ [ -52.10576641046967, -32.034332185153943 ], [ -52.105726151184783, -32.034403555204285 ] ], [ [ -52.105721495647231, -32.034411808355095 ], [ -52.10570341831427, -32.034443855128089 ] ] ] } },
{ "type": "Feature", "properties": { "tipo": "rua", "nome": "MORON", "drenagem": 0.0, "iluminacao": 1.0, "compriment": 32.751763166038266 }, "geometry": { "type": "LineString", "coordinates": [ [ -52.10202804447416, -32.040824322142448 ], [ -52.101973602733558, -32.040896510188347 ] ] } },
{ "type": "Feature", "properties": { "tipo": "rua", "nome": "CORREDOR DO BOSQUE SILVEIRA", "drenagem": 1.0, "iluminacao": 1.0, "compriment": 13.065762834646153 }, "geometry": { "type": "LineString", "coordinates": [ [ -52.161996858223716, -32.055991257825461 ], [ -52.162127231675392, -32.05603070243577 ] ] } },
{ "type": "Feature", "properties": { "tipo": "rua", "nome": "DOUTOR NAPOLEAO LAUREANO", "drenagem": 1.0, "iluminacao": 1.0, "compriment": 105.97021329346003 }, "geometry": { "type": "MultiLineString", "coordinates": [ [ [ -52.093430018887339, -32.035878511750326 ], [ -52.093433807367951, -32.035894652384989 ] ], [ [ -52.093470318811143, -32.036050207586534 ], [ -52.09347164366951, -32.036055852080203 ] ] ] } },
{ "type": "Feature", "properties": { "tipo": "rua", "nome": "DOUTOR NAPOLEAO LAUREANO", "drenagem": 0.0, "iluminacao": 1.0, "compriment": 100.77545740383792 }, "geometry": { "type": "MultiLineString", "coordinates": [ [ [ -52.093499928035016, -32.036176751851613 ], [ -52.09351857760965, -32.03625735169922 ] ], [ [ -52.093546551971606, -32.03637825147063 ], [ -52.093555876758927, -32.036418551394434 ] ], [ [ -52.093565201546248, -32.036458851318237 ], [ -52.093699795124635, -32.037040538682021 ] ] ] } },
{ "type": "Feature", "properties": { "tipo": "rua", "nome": "SEM DENOMINACAO", "drenagem": 0.0, "iluminacao": 1.0, "compriment": 88.743627375570028 }, "geometry": { "type": "MultiLineString", "coordinates": [ [ [ -52.162567567018492, -32.055345638581194 ], [ -52.162581509248483, -32.05540717120217 ], [ -52.16255981345396, -32.055461183014721 ], [ -52.162475851723315, -32.055561015200816 ] ], [ [ -52.162214300805601, -32.055883414591243 ], [ -52.162150396734631, -32.055980643793774 ], [ -52.162127231675392, -32.05603070243577 ] ] ] } },
{ "type": "Feature", "properties": { "tipo": "rua", "nome": "CORREDOR DO BOSQUE SILVEIRA", "drenagem": 1.0, "iluminacao": 1.0, "compriment": 76.709943227890122 }, "geometry": { "type": "MultiLineString", "coordinates": [ [ [ -52.162127231675392, -32.05603070243577 ], [ -52.162665287980758, -32.056193489459481 ] ], [ [ -52.16270602394804, -32.056205813981663 ], [ -52.162745887828365, -32.056217874657037 ] ] ] } },
{ "type": "Feature", "properties": { "tipo": "travessa", "nome": "CINCO", "drenagem": 0.0, "iluminacao": 1.0, "compriment": 79.818023836254326 }, "geometry": { "type": "LineString", "coordinates": [ [ -52.163046641388433, -32.05596401443885 ], [ -52.163041775190798, -32.055974359112938 ], [ -52.162921908576649, -32.056205813981663 ] ] } },
{ "type": "Feature", "properties": { "tipo": "rua", "nome": "ACACIA RIOGRANDENSE", "drenagem": 1.0, "iluminacao": 1.0, "compriment": 97.564667519696542 }, "geometry": { "type": "LineString", "coordinates": [ [ -52.097241723621082, -32.041364197006409 ], [ -52.097439284302695, -32.042227807784826 ] ] } },
{ "type": "Feature", "properties": { "tipo": "rua", "nome": "DOUTOR NASCIMENTO", "drenagem": 1.0, "iluminacao": 1.0, "compriment": 87.463519962781334 }, "geometry": { "type": "LineString", "coordinates": [ [ -52.087955395076236, -32.038278620260442 ], [ -52.08885221483844, -32.03808220019328 ] ] } },
{ "type": "Feature", "properties": { "tipo": "rua", "nome": "DOUTOR NASCIMENTO", "drenagem": 1.0, "iluminacao": 1.0, "compriment": 77.165248803542113 }, "geometry": { "type": "LineString", "coordinates": [ [ -52.08885221483844, -32.03808220019328 ], [ -52.089648970233483, -32.037928393159866 ] ] } },
{ "type": "Feature", "properties": { "tipo": "avenida", "nome": "SENADOR SALGADO FILHO", "drenagem": 1.0, "iluminacao": 1.0, "compriment": 35.175311436085188 }, "geometry": { "type": "LineString", "coordinates": [ [ -52.087518387441357, -32.038130469175712 ], [ -52.087503729591575, -32.038291724970186 ], [ -52.087647775607039, -32.038387215849333 ] ] } },
{ "type": "Feature", "properties": { "tipo": "rua", "nome": "NETO ANTONIO", "drenagem": 1.0, "iluminacao": 1.0, "compriment": 182.0784384117552 }, "geometry": { "type": "LineString", "coordinates": [ [ -52.097809340727018, -32.046708763750921 ], [ -52.097842094005749, -32.046929691387646 ], [ -52.097835026798492, -32.046999261574349 ], [ -52.097805223503052, -32.047038758619806 ], [ -52.097560171750068, -32.04713056959698 ], [ -52.097143130004028, -32.047259744414774 ], [ -52.096692688216073, -32.047347725669312 ], [ -52.096338211423898, -32.047372936316386 ] ] } },
{ "type": "Feature", "properties": { "tipo": "avenida", "nome": "ALMIRANTE TAMANDARE", "drenagem": 0.0, "iluminacao": 1.0, "compriment": 81.235527661704722 }, "geometry": { "type": "LineString", "coordinates": [ [ -52.096338211423898, -32.047372936316386 ], [ -52.096325936980797, -32.048105454855559 ] ] } },
{ "type": "Feature", "properties": { "tipo": "rua", "nome": "ERNANI FORNARI", "drenagem": 0.0, "iluminacao": 1.0, "compriment": 276.24065164665581 }, "geometry": { "type": "LineString", "coordinates": [ [ -52.09514830982878, -32.045973159068438 ], [ -52.095140206484295, -32.046657514578868 ], [ -52.09511790343813, -32.047230574387342 ], [ -52.095110553629922, -32.047874312845963 ], [ -52.095131562282461, -32.048463683828686 ] ] } },
{ "type": "Feature", "properties": { "tipo": "rua", "nome": "GENERAL BERTOLDO KLINGER", "drenagem": 1.0, "iluminacao": 1.0, "compriment": 7.8617248014930778 }, "geometry": { "type": "LineString", "coordinates": [ [ -52.094864345021989, -32.043299074375454 ], [ -52.09486514514677, -32.04336996926223 ] ] } },
{ "type": "Feature", "properties": { "tipo": "avenida", "nome": "SENADOR SALGADO FILHO", "drenagem": 1.0, "iluminacao": 1.0, "compriment": 3.7687677103949642 }, "geometry": { "type": "LineString", "coordinates": [ [ -52.09402301851506, -32.040298646997115 ], [ -52.09398531308431, -32.040287527114401 ] ] } },
{ "type": "Feature", "properties": { "tipo": "rua", "nome": "MAJOR MIGUEL PEREIRA", "drenagem": 1.0, "iluminacao": 1.0, "compriment": 46.470953966458595 }, "geometry": { "type": "LineString", "coordinates": [ [ -52.093924334650637, -32.040270366601725 ], [ -52.093773183721801, -32.040408243850919 ] ] } },
{ "type": "Feature", "properties": { "tipo": "rua", "nome": "MAJOR MIGUEL PEREIRA", "drenagem": 1.0, "iluminacao": 1.0, "compriment": 77.780166585206629 }, "geometry": { "type": "LineString", "coordinates": [ [ -52.093470318811143, -32.040696256574826 ], [ -52.093058112613775, -32.041113213370529 ] ] } },
{ "type": "Feature", "properties": { "tipo": "rua", "nome": "DOUTOR ALVARO COSTA", "drenagem": 1.0, "iluminacao": 1.0, "compriment": 13.0497394978104 }, "geometry": { "type": "LineString", "coordinates": [ [ -52.093194517761489, -32.041131932671746 ], [ -52.093058112613775, -32.041113213370529 ] ] } },
{ "type": "Feature", "properties": { "tipo": "rua", "nome": "ALMIRANTE BARROSO", "drenagem": 1.0, "iluminacao": 1.0, "compriment": 8.8373444837409867 }, "geometry": { "type": "LineString", "coordinates": [ [ -52.087739185549388, -32.03617126581851 ], [ -52.087732128063053, -32.036250735287027 ] ] } },
{ "type": "Feature", "properties": { "tipo": "rua", "nome": "SEM DENOMINACAO", "drenagem": 1.0, "iluminacao": 1.0, "compriment": 80.213107644778546 }, "geometry": { "type": "LineString", "coordinates": [ [ -52.088698701173307, -32.034548998198652 ], [ -52.088905140573871, -32.0352506723464 ] ] } },
{ "type": "Feature", "properties": { "tipo": "avenida", "nome": "SILVA PAES", "drenagem": 1.0, "iluminacao": 1.0, "compriment": 53.939964639025938 }, "geometry": { "type": "LineString", "coordinates": [ [ -52.088698701173307, -32.034548998198652 ], [ -52.089255200637417, -32.034439894005814 ] ] } },
{ "type": "Feature", "properties": { "tipo": "rua", "nome": "CONDE DE PORTO ALEGRE", "drenagem": 0.0, "iluminacao": 1.0, "compriment": 26.089987830515884 }, "geometry": { "type": "LineString", "coordinates": [ [ -52.088905140573871, -32.0352506723464 ], [ -52.089176140649094, -32.035205188829195 ] ] } },
{ "type": "Feature", "properties": { "tipo": "rua", "nome": "ALMIRANTE BARROSO", "drenagem": 1.0, "iluminacao": 1.0, "compriment": 6.4356006145462423 }, "geometry": { "type": "LineString", "coordinates": [ [ -52.087906659837238, -32.034682120607556 ], [ -52.087899096323383, -32.034739799130065 ] ] } },
{ "type": "Feature", "properties": { "tipo": "avenida", "nome": "SILVA PAES", "drenagem": 1.0, "iluminacao": 1.0, "compriment": 29.054103173995319 }, "geometry": { "type": "MultiLineString", "coordinates": [ [ [ -52.091559914116765, -32.03400437550156 ], [ -52.091656822240012, -32.03398713606466 ] ], [ [ -52.091737422087618, -32.033972797782788 ], [ -52.091818021935225, -32.033958459500909 ] ] ] } },
{ "type": "Feature", "properties": { "tipo": "rua", "nome": "SEM DENOMINACAO", "drenagem": 1.0, "iluminacao": 1.0, "compriment": 56.822614866561835 }, "geometry": { "type": "LineString", "coordinates": [ [ -52.110847736802384, -32.032472428015396 ], [ -52.110313290440985, -32.032237228934164 ] ] } },
{ "type": "Feature", "properties": { "tipo": "rua", "nome": "SEM DENOMINACAO", "drenagem": 1.0, "iluminacao": 1.0, "compriment": 46.866455605363626 }, "geometry": { "type": "LineString", "coordinates": [ [ -52.110313290440985, -32.032237228934164 ], [ -52.110092808383811, -32.032615853411691 ] ] } },
{ "type": "Feature", "properties": { "tipo": "rua", "nome": "SEM DENOMINACAO", "drenagem": 1.0, "iluminacao": 1.0, "compriment": 40.638953049871461 }, "geometry": { "type": "LineString", "coordinates": [ [ -52.110313290440985, -32.032237228934164 ], [ -52.110502783500777, -32.031908204464116 ] ] } },
{ "type": "Feature", "properties": { "tipo": "rua", "nome": "VISCONDE DO RIO GRANDE", "drenagem": 1.0, "iluminacao": 1.0, "compriment": 133.96457541034636 }, "geometry": { "type": "LineString", "coordinates": [ [ -52.110847736802384, -32.032472428015396 ], [ -52.110236107406315, -32.03356241952708 ] ] } },
{ "type": "Feature", "properties": { "tipo": "avenida", "nome": "MAJOR CARLOS PINTO", "drenagem": 1.0, "iluminacao": 1.0, "compriment": 70.530861391892444 }, "geometry": { "type": "LineString", "coordinates": [ [ -52.110645772164119, -32.028844070748136 ], [ -52.110464154617382, -32.02895272772988 ], [ -52.110319735397454, -32.029035833677696 ], [ -52.110165473725104, -32.029121267866174 ], [ -52.110073577139786, -32.029140010224609 ], [ -52.11000313971649, -32.029127525518433 ] ] } },
{ "type": "Feature", "properties": { "tipo": "avenida", "nome": "MAJOR CARLOS PINTO", "drenagem": 1.0, "iluminacao": 1.0, "compriment": 62.349464793470887 }, "geometry": { "type": "MultiLineString", "coordinates": [ [ [ -52.11000313971649, -32.029127525518433 ], [ -52.109912687722741, -32.02927650229514 ] ], [ [ -52.109907246043797, -32.029285464881312 ], [ -52.109699909330679, -32.029626953818514 ] ] ] } },
{ "type": "Feature", "properties": { "tipo": "rua", "nome": "MANOEL PEREIRA DE ALMEIDA", "drenagem": 1.0, "iluminacao": 1.0, "compriment": 36.277383208898499 }, "geometry": { "type": "LineString", "coordinates": [ [ -52.10494494246543, -32.030525577433131 ], [ -52.104565610128702, -32.030474495115541 ] ] } },
{ "type": "Feature", "properties": { "tipo": "rua", "nome": "GENERAL PORTINHO", "drenagem": 1.0, "iluminacao": 1.0, "compriment": 193.79494758184188 }, "geometry": { "type": "LineString", "coordinates": [ [ -52.104565610128702, -32.030474495115541 ], [ -52.104198885665994, -32.032194021447019 ] ] } },
{ "type": "Feature", "properties": { "tipo": "rua", "nome": "ANDRADAS", "drenagem": 1.0, "iluminacao": 1.0, "compriment": 109.94638646453906 }, "geometry": { "type": "MultiLineString", "coordinates": [ [ [ -52.096565070327244, -32.038404488797489 ], [ -52.096597911958675, -32.038554447355985 ] ], [ [ -52.096613712867772, -32.038626596072348 ], [ -52.096778533876041, -32.039379187211502 ] ] ] } },
{ "type": "Feature", "properties": { "tipo": "rua", "nome": "MARECHAL DEODORO", "drenagem": 1.0, "iluminacao": 1.0, "compriment": 9.4822319474655199 }, "geometry": { "type": "LineString", "coordinates": [ [ -52.108423724133466, -32.034209790929545 ], [ -52.108377332051234, -32.034285623862587 ] ] } },
{ "type": "Feature", "properties": { "tipo": "avenida", "nome": "MAJOR CARLOS PINTO", "drenagem": 1.0, "iluminacao": 1.0, "compriment": 11.263641452066741 }, "geometry": { "type": "LineString", "coordinates": [ [ -52.107307753593325, -32.033729008447878 ], [ -52.107263601891702, -32.033823366354618 ] ] } },
{ "type": "Feature", "properties": { "tipo": "rua", "nome": "VISCONDE DE MAUA", "drenagem": 1.0, "iluminacao": 1.0, "compriment": 119.30341528001628 }, "geometry": { "type": "MultiLineString", "coordinates": [ [ [ -52.108374686594821, -32.03428452587417 ], [ -52.10910668924668, -32.034600261957159 ] ], [ [ -52.109117801029328, -32.034605054823302 ], [ -52.109501500030511, -32.034770556436406 ] ] ] } },
{ "type": "Feature", "properties": { "tipo": "rua", "nome": "VISCONDE DE MAUA", "drenagem": 1.0, "iluminacao": 1.0, "compriment": 121.34887865809151 }, "geometry": { "type": "MultiLineString", "coordinates": [ [ [ -52.109503120929404, -32.034768025992435 ], [ -52.10967088817992, -32.034839164335594 ] ], [ [ -52.109689023762222, -32.034846854366116 ], [ -52.110653204796918, -32.035255696026823 ] ] ] } },
{ "type": "Feature", "properties": { "tipo": "rua", "nome": "VISCONDE DE MAUA", "drenagem": 1.0, "iluminacao": 1.0, "compriment": 120.3285322654132 }, "geometry": { "type": "MultiLineString", "coordinates": [ [ [ -52.110718686198794, -32.035203957256563 ], [ -52.111114796265909, -32.035370753375553 ] ], [ [ -52.111121685436828, -32.035373654304024 ], [ -52.111210501163711, -32.035411053299356 ] ], [ [ -52.111302189419526, -32.035449661874338 ], [ -52.111401910959323, -32.035491653146963 ] ], [ [ -52.111444084827248, -32.035509411941995 ], [ -52.111497615857132, -32.035531953070766 ] ], [ [ -52.111524684674855, -32.035543351351485 ], [ -52.111564984598658, -32.035560321056238 ] ], [ [ -52.111645584446265, -32.035594260465729 ], [ -52.111685758338716, -32.035611177100527 ], [ -52.111797965613952, -32.035697562029739 ] ] ] } },
{ "type": "Feature", "properties": { "tipo": "rua", "nome": "EWBANK", "drenagem": 0.0, "iluminacao": 1.0, "compriment": 133.30888793309435 }, "geometry": { "type": "LineString", "coordinates": [ [ -52.094159137355994, -32.029815373335303 ], [ -52.09423844335209, -32.031015674711469 ] ] } },
{ "type": "Feature", "properties": { "tipo": "rua", "nome": "DOUTOR MARIO WERNECK", "drenagem": 1.0, "iluminacao": 1.0, "compriment": 155.5778438619499 }, "geometry": { "type": "LineString", "coordinates": [ [ -52.089806193604424, -32.041207422544339 ], [ -52.089325542695718, -32.042549385850108 ] ] } },
{ "type": "Feature", "properties": { "tipo": "rua", "nome": "MANOEL NUNES DUARTE", "drenagem": 0.0, "iluminacao": 1.0, "compriment": 172.89039459212049 }, "geometry": { "type": "LineString", "coordinates": [ [ -52.182321557317287, -32.067247993103663 ], [ -52.182331650796584, -32.067230460507304 ] ] } },
{ "type": "Feature", "properties": { "tipo": "rua", "nome": "VISCONDE DO RIO GRANDE", "drenagem": 1.0, "iluminacao": 1.0, "compriment": 24.075957593233014 }, "geometry": { "type": "LineString", "coordinates": [ [ -52.110236107406315, -32.03356241952708 ], [ -52.110134919041421, -32.0337616971822 ] ] } },
{ "type": "Feature", "properties": { "tipo": "rua", "nome": "VISCONDE DE PARANAGUA", "drenagem": 1.0, "iluminacao": 1.0, "compriment": 37.317543784469677 }, "geometry": { "type": "LineString", "coordinates": [ [ -52.101824758747256, -32.031198398327845 ], [ -52.101762314256973, -32.031501960690477 ] ] } },
{ "type": "Feature", "properties": { "tipo": "rua", "nome": "JOAO MANOEL", "drenagem": 1.0, "iluminacao": 1.0, "compriment": 120.74825196436444 }, "geometry": { "type": "MultiLineString", "coordinates": [ [ [ -52.108127861276692, -32.037224549870487 ], [ -52.108179790999209, -32.037245920988411 ] ], [ [ -52.108340990694423, -32.037312260986575 ], [ -52.108381290618226, -32.037328845986117 ] ], [ [ -52.108421635874855, -32.037345449641897 ], [ -52.108461890465833, -32.037362015985202 ] ] ] } },
{ "type": "Feature", "properties": { "tipo": "rua", "nome": "GENERAL NETTO", "drenagem": 1.0, "iluminacao": 0.0, "compriment": 41.531265642267222 }, "geometry": { "type": "LineString", "coordinates": [ [ -52.097519492503586, -32.029296565118962 ], [ -52.097560872346072, -32.029669438288316 ] ] } },
{ "type": "Feature", "properties": { "tipo": "travessa", "nome": "JOAO TOUGUINHA", "drenagem": 1.0, "iluminacao": 1.0, "compriment": 96.315644319299793 }, "geometry": { "type": "LineString", "coordinates": [ [ -52.097879184027008, -32.041248040270268 ], [ -52.098094946023203, -32.04209696388736 ] ] } },
{ "type": "Feature", "properties": { "tipo": "avenida", "nome": "QUINZE DE NOVEMBRO", "drenagem": 0.0, "iluminacao": 1.0, "compriment": 117.63370268509408 }, "geometry": { "type": "LineString", "coordinates": [ [ -52.119822600077654, -32.036499151242033 ], [ -52.120063601974749, -32.036070931457552 ] ] } },
{ "type": "Feature", "properties": { "tipo": "rua", "nome": "CENTO E CINQUENTA E OITO", "drenagem": 0.0, "iluminacao": 1.0, "compriment": 64.038132815379925 }, "geometry": { "type": "LineString", "coordinates": [ [ -52.168052944547497, -32.056412253520968 ], [ -52.168680879305626, -32.056630279475975 ] ] } },
{ "type": "Feature", "properties": { "tipo": "rua", "nome": "VISCONDE DO RIO GRANDE", "drenagem": 1.0, "iluminacao": 1.0, "compriment": 117.8215041688037 }, "geometry": { "type": "LineString", "coordinates": [ [ -52.110134919041421, -32.0337616971822 ], [ -52.109547358850428, -32.034698964476974 ] ] } },
{ "type": "Feature", "properties": { "tipo": "rua", "nome": "DOUTOR OTHELO GONCALVES", "drenagem": 0.0, "iluminacao": 1.0, "compriment": 174.72812066139073 }, "geometry": { "type": "LineString", "coordinates": [ [ -52.172590156751404, -32.059107408495478 ], [ -52.173087963834895, -32.058349548390844 ] ] } },
{ "type": "Feature", "properties": { "tipo": "rua", "nome": "SAO DOMINGOS SAVIO", "drenagem": 1.0, "iluminacao": 1.0, "compriment": 119.34050663231928 }, "geometry": { "type": "LineString", "coordinates": [ [ -52.109461568146521, -32.030040133937632 ], [ -52.11058397845634, -32.030534146020827 ] ] } },
{ "type": "Feature", "properties": { "tipo": "avenida", "nome": "MAJOR CARLOS PINTO", "drenagem": 0.0, "iluminacao": 0.0, "compriment": 21.615561139922573 }, "geometry": { "type": "LineString", "coordinates": [ [ -52.108713385825965, -32.030919923224012 ], [ -52.108571459174243, -32.031072832535195 ] ] } },
{ "type": "Feature", "properties": { "tipo": "avenida", "nome": "MAJOR CARLOS PINTO", "drenagem": 1.0, "iluminacao": 1.0, "compriment": 105.06618477982175 }, "geometry": { "type": "MultiLineString", "coordinates": [ [ [ -52.107575292142165, -32.032785029254946 ], [ -52.107355329059942, -32.033154257566395 ] ], [ [ -52.107333492599352, -32.033190912078553 ], [ -52.107093874941611, -32.033593132406921 ] ] ] } },
{ "type": "Feature", "properties": { "tipo": "avenida", "nome": "MAJOR CARLOS PINTO", "drenagem": 1.0, "iluminacao": 1.0, "compriment": 84.105702472473695 }, "geometry": { "type": "MultiLineString", "coordinates": [ [ [ -52.107093874941611, -32.033593132406921 ], [ -52.106926248119642, -32.033879656194848 ] ], [ [ -52.106890193437515, -32.033941284304092 ], [ -52.106696723513878, -32.034271981591793 ] ] ] } },
{ "type": "Feature", "properties": { "tipo": "avenida", "nome": "PORTUGAL", "drenagem": 1.0, "iluminacao": 1.0, "compriment": 119.72861075686949 }, "geometry": { "type": "MultiLineString", "coordinates": [ [ [ -52.109086598892866, -32.033107468902152 ], [ -52.109204818244443, -32.033154257566395 ] ], [ [ -52.10922758901809, -32.033163269746453 ], [ -52.109306642712781, -32.033194557490198 ] ], [ [ -52.109348488789493, -32.03321111926293 ], [ -52.109408467181119, -32.033234857414001 ] ], [ [ -52.1094290886371, -32.033243018940581 ], [ -52.10967088817992, -32.033338717973535 ] ], [ [ -52.109735630207254, -32.033364341468662 ], [ -52.109815765054478, -32.033396057109215 ] ], [ [ -52.109872387798937, -32.033418467167671 ], [ -52.109917589522794, -32.033436357033011 ] ], [ [ -52.109952987646537, -32.033450366845315 ], [ -52.10999328757034, -32.033466316684141 ] ], [ [ -52.110073887417947, -32.033498216361799 ], [ -52.110236107406315, -32.03356241952708 ] ] ] } },
{ "type": "Feature", "properties": { "tipo": "avenida", "nome": "MAJOR CARLOS PINTO", "drenagem": 1.0, "iluminacao": 1.0, "compriment": 118.71077190991377 }, "geometry": { "type": "MultiLineString", "coordinates": [ [ [ -52.106662610043671, -32.034330333801726 ], [ -52.106608093970898, -32.03442380906214 ] ], [ [ -52.106567794047095, -32.034492908791457 ], [ -52.106364020470032, -32.034842306450031 ] ], [ [ -52.106361368062082, -32.034846854366116 ], [ -52.106243850679988, -32.035048353985133 ] ], [ [ -52.106173340250734, -32.035169253756543 ], [ -52.106124494885265, -32.035253005813964 ] ] ] } },
{ "type": "Feature", "properties": { "tipo": "rua", "nome": "DOUTOR PAULINO DE MELLO DUTRA", "drenagem": 0.0, "iluminacao": 1.0, "compriment": 39.781698265550254 }, "geometry": { "type": "LineString", "coordinates": [ [ -52.169153575713032, -32.060383710243954 ], [ -52.169328193376913, -32.060098473282537 ] ] } },
{ "type": "Feature", "properties": { "tipo": "avenida", "nome": "MAJOR CARLOS PINTO", "drenagem": 1.0, "iluminacao": 1.0, "compriment": 108.68091178124682 }, "geometry": { "type": "MultiLineString", "coordinates": [ [ [ -52.104552797856947, -32.03790956490294 ], [ -52.104529808576935, -32.037949948498941 ] ], [ [ -52.104483925281521, -32.038030548346548 ], [ -52.104456226395072, -32.038079204965619 ] ], [ [ -52.104438041986107, -32.038111148194155 ], [ -52.104338221831171, -32.038286494999646 ] ], [ [ -52.104323333747573, -32.038312647813171 ], [ -52.104190098542723, -32.038546692406307 ] ], [ [ -52.104162742213632, -32.038594747279788 ], [ -52.104124747106326, -32.038661490521115 ] ] ] } },
{ "type": "Feature", "properties": { "tipo": "avenida", "nome": "MAJOR CARLOS PINTO", "drenagem": 1.0, "iluminacao": 1.0, "compriment": 153.79696726136228 }, "geometry": { "type": "MultiLineString", "coordinates": [ [ [ -52.103988530891598, -32.038886960150037 ], [ -52.103947752716479, -32.038956354027164 ] ], [ [ -52.103911977993306, -32.039017233326852 ], [ -52.103787099304697, -32.039229744464173 ] ], [ [ -52.103778943138316, -32.039243624143822 ], [ -52.10373001772146, -32.03932688251318 ] ], [ [ -52.103710294786943, -32.039360445832045 ], [ -52.103544523656581, -32.039642545298662 ] ] ] } },
{ "type": "Feature", "properties": { "tipo": "rua", "nome": "DOUTOR PAULINO DE MELLO DUTRA", "drenagem": 0.0, "iluminacao": 1.0, "compriment": 41.493784499819618 }, "geometry": { "type": "LineString", "coordinates": [ [ -52.169328193376913, -32.060098473282537 ], [ -52.169536460822385, -32.059768979521806 ] ] } },
{ "type": "Feature", "properties": { "tipo": "avenida", "nome": "MAJOR CARLOS PINTO", "drenagem": 1.0, "iluminacao": 1.0, "compriment": 34.148475467140671 }, "geometry": { "type": "LineString", "coordinates": [ [ -52.102525685682423, -32.041391509977231 ], [ -52.102514023008617, -32.041409797281446 ] ] } },
{ "type": "Feature", "properties": { "tipo": "avenida", "nome": "MAJOR CARLOS PINTO", "drenagem": 1.0, "iluminacao": 1.0, "compriment": 91.669978374834656 }, "geometry": { "type": "LineString", "coordinates": [ [ -52.100647180414128, -32.044636433024394 ], [ -52.100172841196589, -32.045357678781123 ] ] } },
{ "type": "Feature", "properties": { "tipo": "avenida", "nome": "MAJOR CARLOS PINTO", "drenagem": 1.0, "iluminacao": 1.0, "compriment": 76.161404815040569 }, "geometry": { "type": "LineString", "coordinates": [ [ -52.110373538741335, -32.028517460579479 ], [ -52.11000313971649, -32.029127525518433 ] ] } },
{ "type": "Feature", "properties": { "tipo": "avenida", "nome": "MAJOR CARLOS PINTO", "drenagem": 1.0, "iluminacao": 1.0, "compriment": 51.049392692711528 }, "geometry": { "type": "LineString", "coordinates": [ [ -52.109699909330679, -32.029626953818514 ], [ -52.109461568146521, -32.030040133937632 ] ] } },
{ "type": "Feature", "properties": { "tipo": "avenida", "nome": "MAJOR CARLOS PINTO", "drenagem": 1.0, "iluminacao": 1.0, "compriment": 95.166202783476606 }, "geometry": { "type": "MultiLineString", "coordinates": [ [ [ -52.106789350103426, -32.034608592873482 ], [ -52.106596506504189, -32.034927454213722 ] ], [ [ -52.106567794047095, -32.03497492943503 ], [ -52.106328404369762, -32.035370753375553 ] ] ] } },
{ "type": "Feature", "properties": { "tipo": "avenida", "nome": "MAJOR CARLOS PINTO", "drenagem": 1.0, "iluminacao": 1.0, "compriment": 90.444478193918883 }, "geometry": { "type": "MultiLineString", "coordinates": [ [ [ -52.104417808361184, -32.038659581228721 ], [ -52.104046480064341, -32.039279845984439 ] ], [ [ -52.10402889884751, -32.039309213552862 ], [ -52.103982808215711, -32.039386203092079 ] ] ] } },
{ "type": "Feature", "properties": { "tipo": "avenida", "nome": "PORTUGAL", "drenagem": 1.0, "iluminacao": 1.0, "compriment": 119.51342028819039 }, "geometry": { "type": "MultiLineString", "coordinates": [ [ [ -52.110236107406315, -32.03356241952708 ], [ -52.110336563129408, -32.033597556728225 ] ], [ [ -52.110436586732177, -32.033632542783188 ], [ -52.110566994572679, -32.033678156575832 ] ], [ [ -52.110597786427384, -32.033688926888949 ], [ -52.111406528149736, -32.03397180694494 ] ] ] } },
{ "type": "Feature", "properties": { "tipo": "avenida", "nome": "PORTUGAL", "drenagem": 1.0, "iluminacao": 1.0, "compriment": 118.15132403606293 }, "geometry": { "type": "LineString", "coordinates": [ [ -52.110134919041421, -32.0337616971822 ], [ -52.111280130160928, -32.034190223397822 ] ] } },
{ "type": "Feature", "properties": { "tipo": "avenida", "nome": "PORTUGAL", "drenagem": 1.0, "iluminacao": 1.0, "compriment": 117.08909079638681 }, "geometry": { "type": "LineString", "coordinates": [ [ -52.112468060098514, -32.034619959734272 ], [ -52.113607148391985, -32.035036467843881 ] ] } },
{ "type": "Feature", "properties": { "tipo": "avenida", "nome": "PORTUGAL", "drenagem": 1.0, "iluminacao": 1.0, "compriment": 121.29968033931506 }, "geometry": { "type": "LineString", "coordinates": [ [ -52.11482998785263, -32.035491653146963 ], [ -52.114869578350493, -32.035506472574319 ] ] } },
{ "type": "Feature", "properties": { "tipo": "rua", "nome": "PROFESSOR RUBIO BRASILIANO", "drenagem": 1.0, "iluminacao": 1.0, "compriment": 140.12224310157615 }, "geometry": { "type": "LineString", "coordinates": [ [ -52.093353252572214, -32.044056978201439 ], [ -52.094836566707777, -32.044081465495488 ] ] } },
{ "type": "Feature", "properties": { "tipo": "rua", "nome": "LUIZ LOREA", "drenagem": 1.0, "iluminacao": 1.0, "compriment": 55.682071945564175 }, "geometry": { "type": "LineString", "coordinates": [ [ -52.092785220106492, -32.03296936108471 ], [ -52.092825520030296, -32.032962906511123 ] ] } },
{ "type": "Feature", "properties": { "tipo": "rua", "nome": "ENGENHEIRO ELMER LAWSORENCE CORTHEILL", "drenagem": 0.0, "iluminacao": 0.0, "compriment": 90.747205489090135 }, "geometry": { "type": "MultiLineString", "coordinates": [ [ [ -52.141709327603245, -32.050587787523995 ], [ -52.141655164369475, -32.050563824649259 ] ], [ [ -52.141588427831834, -32.0505342990988 ], [ -52.141564074539147, -32.050523524725456 ] ], [ [ -52.141548127908031, -32.050516469623737 ], [ -52.141542837086675, -32.050514128860812 ] ] ] } },
{ "type": "Feature", "properties": { "tipo": "avenida", "nome": "PORTUGAL", "drenagem": 1.0, "iluminacao": 1.0, "compriment": 120.25247092826966 }, "geometry": { "type": "MultiLineString", "coordinates": [ [ [ -52.117865269535031, -32.036620051013443 ], [ -52.117892072635712, -32.036630288698518 ] ], [ [ -52.117970778046683, -32.036660350937247 ], [ -52.118012972407122, -32.036676467452246 ] ], [ [ -52.118119887658636, -32.036717304692978 ], [ -52.118214472026139, -32.036753432041792 ] ] ] } },
{ "type": "Feature", "properties": { "tipo": "avenida", "nome": "PORTUGAL", "drenagem": 1.0, "iluminacao": 1.0, "compriment": 117.0955896860856 }, "geometry": { "type": "MultiLineString", "coordinates": [ [ [ -52.116159175912188, -32.035779631325276 ], [ -52.116198906428735, -32.035794187279116 ] ], [ [ -52.116906024505987, -32.036053252073316 ], [ -52.117005474312052, -32.036089687209639 ] ], [ [ -52.117086074159658, -32.036119216341483 ], [ -52.117133118740547, -32.03613645192781 ] ] ] } },
{ "type": "Feature", "properties": { "tipo": "rua", "nome": "VISCONDE DE RIO BRANCO", "drenagem": 1.0, "iluminacao": 1.0, "compriment": 117.96882571771727 }, "geometry": { "type": "MultiLineString", "coordinates": [ [ [ -52.137318735781363, -32.047560757671981 ], [ -52.137365950230638, -32.047581630287837 ] ], [ [ -52.137437535680135, -32.047613276862378 ], [ -52.137457109801687, -32.047621930211641 ] ] ] } },
{ "type": "Feature", "properties": { "tipo": "avenida", "nome": "PORTUGAL", "drenagem": 1.0, "iluminacao": 1.0, "compriment": 120.59096630508479 }, "geometry": { "type": "MultiLineString", "coordinates": [ [ [ -52.117287573778668, -32.036192564770353 ], [ -52.117316050769105, -32.036202813280198 ] ], [ [ -52.117368173626275, -32.036221571639373 ], [ -52.117408473550078, -32.03623607507388 ] ], [ [ -52.117467593779807, -32.03625735169922 ], [ -52.117489073397685, -32.036265081942901 ] ], [ [ -52.117569673245292, -32.036294088811914 ], [ -52.1176915522991, -32.036337951546827 ] ], [ [ -52.117730872940506, -32.036352102549948 ], [ -52.118054577937805, -32.036468599897468 ] ], [ [ -52.118093572254729, -32.036482633460516 ], [ -52.118251448597306, -32.036539451165837 ] ], [ [ -52.118271342185963, -32.036546610617592 ], [ -52.118375671721353, -32.036584157502077 ] ] ] } },
{ "type": "Feature", "properties": { "tipo": "avenida", "nome": "PORTUGAL", "drenagem": 1.0, "iluminacao": 1.0, "compriment": 79.872574631949888 }, "geometry": { "type": "MultiLineString", "coordinates": [ [ [ -52.118415971645156, -32.036599616184887 ], [ -52.118536871416559, -32.036647642387514 ] ], [ [ -52.118609416617915, -32.036676460229756 ], [ -52.11889957073079, -32.036791720995396 ] ], [ [ -52.118939870654593, -32.03680772972961 ], [ -52.1190204705022, -32.036839747198023 ] ], [ [ -52.119060770426003, -32.036855755932237 ], [ -52.119141370273603, -32.03688777340065 ] ] ] } },
{ "type": "Feature", "properties": { "tipo": "rua", "nome": "GENERAL CAMARA", "drenagem": 1.0, "iluminacao": 1.0, "compriment": 130.95341252606352 }, "geometry": { "type": "LineString", "coordinates": [ [ -52.087732128063053, -32.036250735287027 ], [ -52.089085701738249, -32.03599529051192 ] ] } },
{ "type": "Feature", "properties": { "tipo": "rua", "nome": "GENERAL CAMARA", "drenagem": 1.0, "iluminacao": 1.0, "compriment": 108.46995610330481 }, "geometry": { "type": "LineString", "coordinates": [ [ -52.091079318468651, -32.035625221399243 ], [ -52.092198482420521, -32.035406061377515 ] ] } },
{ "type": "Feature", "properties": { "tipo": "rua", "nome": "GENERAL CAMARA", "drenagem": 1.0, "iluminacao": 1.0, "compriment": 103.80538572319655 }, "geometry": { "type": "MultiLineString", "coordinates": [ [ [ -52.092198482420521, -32.035406061377515 ], [ -52.092616843775801, -32.035330453451749 ] ], [ [ -52.092704620258893, -32.035314590137098 ], [ -52.092839835354646, -32.035290153527946 ] ] ] } },
{ "type": "Feature", "properties": { "tipo": "rua", "nome": "GENERAL CAMARA", "drenagem": 1.0, "iluminacao": 1.0, "compriment": 130.72932030056245 }, "geometry": { "type": "LineString", "coordinates": [ [ -52.087739185549388, -32.03617126581851 ], [ -52.089093797449664, -32.035929520784734 ] ] } },
{ "type": "Feature", "properties": { "tipo": "rua", "nome": "NICOLAU COELHO", "drenagem": 1.0, "iluminacao": 1.0, "compriment": 54.305924790844223 }, "geometry": { "type": "LineString", "coordinates": [ [ -52.099928047091701, -32.044411064141038 ], [ -52.099365908966526, -32.044514011190913 ] ] } },
{ "type": "Feature", "properties": { "tipo": "rua", "nome": "NICOLAU COELHO", "drenagem": 0.0, "iluminacao": 1.0, "compriment": 92.674716560414737 }, "geometry": { "type": "LineString", "coordinates": [ [ -52.095440077554471, -32.045261462953839 ], [ -52.096397366780302, -32.045077946108769 ] ] } },
{ "type": "Feature", "properties": { "tipo": "rua", "nome": "GENERAL BERTOLDO KLINGER", "drenagem": 0.0, "iluminacao": 1.0, "compriment": 17.685186257369491 }, "geometry": { "type": "LineString", "coordinates": [ [ -52.094822432317294, -32.044707773397086 ], [ -52.094817178961527, -32.044867198128806 ] ] } },
{ "type": "Feature", "properties": { "tipo": "rua", "nome": "DOM MANOEL I", "drenagem": 1.0, "iluminacao": 1.0, "compriment": 88.053620553570482 }, "geometry": { "type": "LineString", "coordinates": [ [ -52.095520825408762, -32.042571974274608 ], [ -52.096434791655312, -32.042415343590179 ] ] } },
{ "type": "Feature", "properties": { "tipo": "rua", "nome": "ERNANI FORNARI", "drenagem": 0.0, "iluminacao": 1.0, "compriment": 174.45134178197222 }, "geometry": { "type": "LineString", "coordinates": [ [ -52.095247559215814, -32.041733412034034 ], [ -52.095227381227303, -32.042622261675049 ], [ -52.095218513170039, -32.042891516381239 ], [ -52.095204855139052, -32.043306204250783 ] ] } },
{ "type": "Feature", "properties": { "tipo": "rua", "nome": "ERNANI FORNARI", "drenagem": 0.0, "iluminacao": 1.0, "compriment": 148.85346565909555 }, "geometry": { "type": "LineString", "coordinates": [ [ -52.095204855139052, -32.043306204250783 ], [ -52.0951921072459, -32.043967934083888 ], [ -52.095169970529163, -32.044648235717979 ] ] } },
{ "type": "Feature", "properties": { "tipo": "rua", "nome": "MARTIN AFONSO DE SOUZA", "drenagem": 1.0, "iluminacao": 1.0, "compriment": 91.740645664966863 }, "geometry": { "type": "LineString", "coordinates": [ [ -52.095480640781155, -32.043917074721399 ], [ -52.096429534953494, -32.043740271663253 ] ] } },
{ "type": "Feature", "properties": { "tipo": "rua", "nome": "DOUTOR LAZARO LUDOVICO ZAMENHOF", "drenagem": 1.0, "iluminacao": 1.0, "compriment": 42.640117298422155 }, "geometry": { "type": "LineString", "coordinates": [ [ -52.093412423268518, -32.046432820997879 ], [ -52.093420598495484, -32.046817292447308 ] ] } },
{ "type": "Feature", "properties": { "tipo": "rua", "nome": "DOUTOR LAZARO LUDOVICO ZAMENHOF", "drenagem": 1.0, "iluminacao": 1.0, "compriment": 42.704588513817043 }, "geometry": { "type": "LineString", "coordinates": [ [ -52.093420598495484, -32.046817292447308 ], [ -52.093431141569106, -32.04720230362679 ] ] } },
{ "type": "Feature", "properties": { "tipo": "rua", "nome": "GENERAL CAMARA", "drenagem": 1.0, "iluminacao": 1.0, "compriment": 190.41267608750857 }, "geometry": { "type": "LineString", "coordinates": [ [ -52.089093797449664, -32.035929520784734 ], [ -52.091063457122488, -32.035563927283285 ] ] } },
{ "type": "Feature", "properties": { "tipo": "rua", "nome": "DOUTOR LAZARO LUDOVICO ZAMENHOF", "drenagem": 1.0, "iluminacao": 1.0, "compriment": 29.656313529175844 }, "geometry": { "type": "LineString", "coordinates": [ [ -52.093431141569106, -32.04720230362679 ], [ -52.093434471984722, -32.04746973330564 ] ] } },
{ "type": "Feature", "properties": { "tipo": "rua", "nome": "RADIALISTA GLENIO FREITAS", "drenagem": 1.0, "iluminacao": 1.0, "compriment": 192.94499417792454 }, "geometry": { "type": "MultiLineString", "coordinates": [ [ [ -52.086643672105673, -32.043654250092395 ], [ -52.086785581750348, -32.045244234707269 ] ], [ [ -52.08678917860771, -32.045284534631072 ], [ -52.086796978186698, -32.045371922705513 ], [ -52.086781436960109, -32.045383180159703 ] ] ] } },
{ "type": "Feature", "properties": { "tipo": "rua", "nome": "SEM DENOMINACAO", "drenagem": 0.0, "iluminacao": 1.0, "compriment": 70.946621444952171 }, "geometry": { "type": "LineString", "coordinates": [ [ -52.087562810089331, -32.043134167672903 ], [ -52.087231290346871, -32.043370127921044 ], [ -52.0869511524308, -32.043500337262472 ] ] } },
{ "type": "Feature", "properties": { "tipo": "rua", "nome": "SEM DENOMINACAO", "drenagem": 0.0, "iluminacao": 1.0, "compriment": 33.684784365465561 }, "geometry": { "type": "LineString", "coordinates": [ [ -52.0869511524308, -32.043500337262472 ], [ -52.086643672105673, -32.043654250092395 ] ] } },
{ "type": "Feature", "properties": { "tipo": "avenida", "nome": "ENGENHEIRO FRANCISCO MARTINS BASTOS", "drenagem": 0.0, "iluminacao": 1.0, "compriment": 84.754489449774482 }, "geometry": { "type": "LineString", "coordinates": [ [ -52.087562810089331, -32.043134167672903 ], [ -52.086943329363407, -32.043255094057322 ], [ -52.086751851867312, -32.043326897626017 ] ] } },
{ "type": "Feature", "properties": { "tipo": "rua", "nome": "SEM DENOMINACAO", "drenagem": 0.0, "iluminacao": 1.0, "compriment": 56.712422564073563 }, "geometry": { "type": "LineString", "coordinates": [ [ -52.08334425564793, -32.048871227849531 ], [ -52.083307103868165, -32.048750880437744 ] ] } },
{ "type": "Feature", "properties": { "tipo": "rua", "nome": "SEM DENOMINACAO", "drenagem": 0.0, "iluminacao": 0.0, "compriment": 39.602870150761447 }, "geometry": { "type": "LineString", "coordinates": [ [ -52.084958699324602, -32.049226681886985 ], [ -52.08488020358628, -32.049267713839058 ], [ -52.084784597183919, -32.049308892174906 ], [ -52.08470247008237, -32.049376861838056 ], [ -52.084641468194924, -32.049450256257487 ] ] } },
{ "type": "Feature", "properties": { "tipo": "rua", "nome": "SEM DENOMINACAO", "drenagem": 0.0, "iluminacao": 1.0, "compriment": 170.47455489116436 }, "geometry": { "type": "LineString", "coordinates": [ [ -52.084910852977266, -32.049410954139127 ], [ -52.084820312869319, -32.049435272431587 ], [ -52.084641468194924, -32.049450256257487 ], [ -52.084327028243706, -32.049464157590847 ], [ -52.084124240647363, -32.049458044325867 ], [ -52.084094967007289, -32.04943138794507 ], [ -52.084010288622729, -32.049283003914127 ], [ -52.08397998426436, -32.049168909393167 ], [ -52.083947544477198, -32.048985324031001 ], [ -52.083933835463434, -32.048827364119212 ], [ -52.083887371960785, -32.048631359517003 ] ] } },
{ "type": "Feature", "properties": { "tipo": "rua", "nome": "GENERAL CAMARA", "drenagem": 1.0, "iluminacao": 1.0, "compriment": 108.66875229571018 }, "geometry": { "type": "LineString", "coordinates": [ [ -52.091063457122488, -32.035563927283285 ], [ -52.092184730321982, -32.035344583847845 ] ] } },
{ "type": "Feature", "properties": { "tipo": "rua", "nome": "ALMIRANTE BARROSO", "drenagem": 1.0, "iluminacao": 1.0, "compriment": 95.704150568448838 }, "geometry": { "type": "LineString", "coordinates": [ [ -52.087611476639147, -32.03727104487001 ], [ -52.087518387441357, -32.038130469175712 ] ] } },
{ "type": "Feature", "properties": { "tipo": "rua", "nome": "CARLOS VIGNOLI", "drenagem": 0.0, "iluminacao": 1.0, "compriment": 10.934412629183456 }, "geometry": { "type": "LineString", "coordinates": [ [ -52.083887371960785, -32.048631359517003 ], [ -52.083999905392005, -32.048608180065457 ] ] } },
{ "type": "Feature", "properties": { "tipo": "rua", "nome": "SEM DENOMINACAO", "drenagem": 0.0, "iluminacao": 0.0, "compriment": 22.39873297670718 }, "geometry": { "type": "LineString", "coordinates": [ [ -52.085007334812531, -32.049411612809052 ], [ -52.084978321492315, -32.049411497782899 ], [ -52.084910852977266, -32.049410954139127 ] ] } },
{ "type": "Feature", "properties": { "tipo": "rua", "nome": "SEM DENOMINACAO", "drenagem": 0.0, "iluminacao": 1.0, "compriment": 42.880271283304523 }, "geometry": { "type": "LineString", "coordinates": [ [ -52.084010288622729, -32.049283003914127 ], [ -52.083953440964301, -32.049262188872191 ], [ -52.083850975644843, -32.049279881762722 ], [ -52.083709143213689, -32.04930800115757 ], [ -52.083612140751015, -32.04934246386469 ], [ -52.083591385394769, -32.049368426923863 ] ] } },
{ "type": "Feature", "properties": { "tipo": "rua", "nome": "DOUTOR LAZARO LUDOVICO ZAMENHOF", "drenagem": 1.0, "iluminacao": 1.0, "compriment": 32.635712178053879 }, "geometry": { "type": "LineString", "coordinates": [ [ -52.092994290429154, -32.043466483214068 ], [ -52.093339822864372, -32.043468382676735 ] ] } },
{ "type": "Feature", "properties": { "tipo": "rua", "nome": "DOUTOR LAZARO LUDOVICO ZAMENHOF", "drenagem": 1.0, "iluminacao": 1.0, "compriment": 21.332597328381748 }, "geometry": { "type": "LineString", "coordinates": [ [ -52.093339822864372, -32.043468382676735 ], [ -52.093339021538064, -32.043660761882734 ] ] } },
{ "type": "Feature", "properties": { "tipo": "rua", "nome": "DOUTOR LAZARO LUDOVICO ZAMENHOF", "drenagem": 1.0, "iluminacao": 1.0, "compriment": 19.933291212221246 }, "geometry": { "type": "LineString", "coordinates": [ [ -52.093368233633761, -32.044678519576443 ], [ -52.093369745842857, -32.04485827620173 ] ] } },
{ "type": "Feature", "properties": { "tipo": "rua", "nome": "DOUTOR LAZARO LUDOVICO ZAMENHOF", "drenagem": 1.0, "iluminacao": 1.0, "compriment": 19.920920822633924 }, "geometry": { "type": "LineString", "coordinates": [ [ -52.093408603947395, -32.046253200815109 ], [ -52.093412423268518, -32.046432820997879 ] ] } },
{ "type": "Feature", "properties": { "tipo": "rua", "nome": "GENERAL CAMARA", "drenagem": 1.0, "iluminacao": 1.0, "compriment": 103.92423882600957 }, "geometry": { "type": "MultiLineString", "coordinates": [ [ [ -52.092184730321982, -32.035344583847845 ], [ -52.092462820716072, -32.035295352212238 ] ], [ [ -52.092492186065101, -32.035290153527946 ], [ -52.092583720487482, -32.035273948763511 ] ] ] } },
{ "type": "Feature", "properties": { "tipo": "rua", "nome": "RITA LOBATO", "drenagem": 1.0, "iluminacao": 1.0, "compriment": 28.623225803657284 }, "geometry": { "type": "LineString", "coordinates": [ [ -52.093408603947395, -32.046253200815109 ], [ -52.093105570165768, -32.046256935690238 ] ] } },
{ "type": "Feature", "properties": { "tipo": "avenida", "nome": "DOM PEDRO II", "drenagem": 1.0, "iluminacao": 1.0, "compriment": 16.099498496650668 }, "geometry": { "type": "LineString", "coordinates": [ [ -52.08773375763424, -32.034775060358029 ], [ -52.087899096323383, -32.034739799130065 ] ] } },
{ "type": "Feature", "properties": { "tipo": "avenida", "nome": "SILVA PAES", "drenagem": 1.0, "iluminacao": 1.0, "compriment": 76.256741845604097 }, "geometry": { "type": "LineString", "coordinates": [ [ -52.087906659837238, -32.034682120607556 ], [ -52.088698701173307, -32.034548998198652 ] ] } },
{ "type": "Feature", "properties": { "tipo": "rua", "nome": "VALPORTO", "drenagem": 1.0, "iluminacao": 1.0, "compriment": 3.8902752652330821 }, "geometry": { "type": "LineString", "coordinates": [ [ -52.098553019269573, -32.041121393785424 ], [ -52.098593389986725, -32.041114438272871 ] ] } },
{ "type": "Feature", "properties": { "tipo": "avenida", "nome": "MAJOR CARLOS PINTO", "drenagem": 0.0, "iluminacao": 1.0, "compriment": 113.96968146187106 }, "geometry": { "type": "LineString", "coordinates": [ [ -52.100138765480935, -32.04540949134519 ], [ -52.099796022373887, -32.046024983675338 ], [ -52.0996545048637, -32.046349930716403 ] ] } },
{ "type": "Feature", "properties": { "tipo": "avenida", "nome": "MAJOR CARLOS PINTO", "drenagem": 0.0, "iluminacao": 1.0, "compriment": 18.496560238649419 }, "geometry": { "type": "LineString", "coordinates": [ [ -52.0996545048637, -32.046349930716403 ], [ -52.099653386335561, -32.046516732548547 ] ] } },
{ "type": "Feature", "properties": { "tipo": "rua", "nome": "SEM DENOMINACAO", "drenagem": 0.0, "iluminacao": 0.0, "compriment": 24.18410859734292 }, "geometry": { "type": "LineString", "coordinates": [ [ -52.0996545048637, -32.046349930716403 ], [ -52.099581771098997, -32.046368736321227 ], [ -52.09951530738158, -32.046382967797591 ] ] } },
{ "type": "Feature", "properties": { "tipo": "rua", "nome": "QUINTINO BOCAIUVA", "drenagem": 1.0, "iluminacao": 1.0, "compriment": 115.0900656868972 }, "geometry": { "type": "MultiLineString", "coordinates": [ [ [ -52.153649157290332, -32.051874422855001 ], [ -52.153394095048512, -32.052377321220391 ] ], [ [ -52.15337365555294, -32.052417621144194 ], [ -52.153356005582289, -32.052452421047647 ] ] ] } },
{ "type": "Feature", "properties": { "tipo": "avenida", "nome": "SILVA PAES", "drenagem": 1.0, "iluminacao": 1.0, "compriment": 138.89660856907898 }, "geometry": { "type": "LineString", "coordinates": [ [ -52.089255200637417, -32.034439894005814 ], [ -52.090688324074762, -32.03415942234534 ] ] } },
{ "type": "Feature", "properties": { "tipo": "avenida", "nome": "SILVA PAES", "drenagem": 1.0, "iluminacao": 1.0, "compriment": 84.104827357618362 }, "geometry": { "type": "LineString", "coordinates": [ [ -52.090688324074762, -32.03415942234534 ], [ -52.091559914116765, -32.03400437550156 ] ] } },
{ "type": "Feature", "properties": { "tipo": "rua", "nome": "GASPAR LEMOS", "drenagem": 1.0, "iluminacao": 1.0, "compriment": 66.893192042706275 }, "geometry": { "type": "LineString", "coordinates": [ [ -52.099501640923478, -32.045145989804539 ], [ -52.100138765480935, -32.04540949134519 ] ] } },
{ "type": "Feature", "properties": { "tipo": "rua", "nome": "GASPAR LEMOS", "drenagem": 0.0, "iluminacao": 1.0, "compriment": 121.69281273059303 }, "geometry": { "type": "MultiLineString", "coordinates": [ [ [ -52.101292886062339, -32.045896748782823 ], [ -52.100849750455097, -32.045714493172838 ], [ -52.100804904943274, -32.045691421641905 ] ], [ [ -52.100797348047209, -32.045687533869099 ], [ -52.100541157819841, -32.045555732479947 ], [ -52.100317362296074, -32.045443321731135 ], [ -52.100172841196589, -32.045357678781123 ] ] ] } },
{ "type": "Feature", "properties": { "tipo": "avenida", "nome": "MAJOR CARLOS PINTO", "drenagem": 0.0, "iluminacao": 1.0, "compriment": 6.5853599099442084 }, "geometry": { "type": "LineString", "coordinates": [ [ -52.100172841196589, -32.045357678781123 ], [ -52.100138765480935, -32.04540949134519 ] ] } },
{ "type": "Feature", "properties": { "tipo": "rua", "nome": "NICOLAU COELHO", "drenagem": 0.0, "iluminacao": 1.0, "compriment": 105.75263054950592 }, "geometry": { "type": "MultiLineString", "coordinates": [ [ [ -52.101695122752346, -32.044972260042904 ], [ -52.101409403800318, -32.04488283880999 ] ], [ [ -52.10140523911916, -32.044881535393046 ], [ -52.101126999062075, -32.044794454823929 ], [ -52.100647180414128, -32.044636433024394 ] ] ] } },
{ "type": "Feature", "properties": { "tipo": "rua", "nome": "PINTO DA ROCHA", "drenagem": 0.0, "iluminacao": 1.0, "compriment": 112.81417425086491 }, "geometry": { "type": "MultiLineString", "coordinates": [ [ [ -52.157318906267015, -32.052142716822168 ], [ -52.157303494443347, -32.052175821601374 ] ], [ [ -52.157224798267364, -32.052344861916538 ], [ -52.157115879442003, -32.0525788208394 ] ], [ [ -52.15711010272458, -32.052591229296638 ], [ -52.157063598572158, -32.052691120765111 ] ], [ [ -52.1570595949416, -32.052699720610811 ], [ -52.157023298648355, -32.052777685477253 ] ], [ [ -52.157022071941334, -32.052780320458417 ], [ -52.156878616556178, -32.053088464319494 ] ] ] } },
{ "type": "Feature", "properties": { "tipo": "avenida", "nome": "MAJOR CARLOS PINTO", "drenagem": 1.0, "iluminacao": 1.0, "compriment": 148.78255853768368 }, "geometry": { "type": "LineString", "coordinates": [ [ -52.102245488565011, -32.042342640193461 ], [ -52.102139285648747, -32.042521991894283 ], [ -52.101779857189669, -32.043173119252884 ] ] } },
{ "type": "Feature", "properties": { "tipo": "avenida", "nome": "MAJOR CARLOS PINTO", "drenagem": 0.0, "iluminacao": 0.0, "compriment": 36.82039815134619 }, "geometry": { "type": "LineString", "coordinates": [ [ -52.101554735029815, -32.043608946145092 ], [ -52.101467736698098, -32.043818228990929 ], [ -52.101419765456718, -32.043879185863787 ], [ -52.10138045654783, -32.043894101850213 ] ] } },
{ "type": "Feature", "properties": { "tipo": "avenida", "nome": "MAJOR CARLOS PINTO", "drenagem": 0.0, "iluminacao": 1.0, "compriment": 99.777684193399196 }, "geometry": { "type": "LineString", "coordinates": [ [ -52.101112136522936, -32.043828458726999 ], [ -52.100647180414128, -32.044636433024394 ] ] } },
{ "type": "Feature", "properties": { "tipo": "avenida", "nome": "MAJOR CARLOS PINTO", "drenagem": 1.0, "iluminacao": 1.0, "compriment": 174.73117396077691 }, "geometry": { "type": "MultiLineString", "coordinates": [ [ [ -52.10189757060401, -32.042463539964871 ], [ -52.101893002885959, -32.042471477695372 ] ], [ [ -52.101818020741447, -32.042601780846631 ], [ -52.101772103114548, -32.042681575996824 ] ], [ [ -52.101758428548827, -32.042705339507684 ], [ -52.101112136522936, -32.043828458726999 ] ] ] } },
{ "type": "Feature", "properties": { "tipo": "rua", "nome": "PINTO DA ROCHA", "drenagem": 0.0, "iluminacao": 1.0, "compriment": 113.20991467205674 }, "geometry": { "type": "MultiLineString", "coordinates": [ [ [ -52.156878616556178, -32.053088464319494 ], [ -52.156786698852571, -32.053263919544051 ] ], [ [ -52.156781499105534, -32.053273844974612 ], [ -52.156723361728346, -32.053384819315461 ] ], [ [ -52.156620299410321, -32.053581547708838 ], [ -52.156390175126013, -32.054020815732258 ] ] ] } },
{ "type": "Feature", "properties": { "tipo": "avenida", "nome": "MAJOR CARLOS PINTO", "drenagem": 0.0, "iluminacao": 0.0, "compriment": 23.433685943110699 }, "geometry": { "type": "LineString", "coordinates": [ [ -52.101945420922299, -32.042423240041067 ], [ -52.102139285648747, -32.042521991894283 ] ] } },
{ "type": "Feature", "properties": { "tipo": "travessa", "nome": "CINCO", "drenagem": 0.0, "iluminacao": 1.0, "compriment": 28.477793426664892 }, "geometry": { "type": "LineString", "coordinates": [ [ -52.102109579285262, -32.044491484081689 ], [ -52.101834536407182, -32.044386248194193 ] ] } },
{ "type": "Feature", "properties": { "tipo": "travessa", "nome": "TRÊS", "drenagem": 0.0, "iluminacao": 1.0, "compriment": 80.060755918941339 }, "geometry": { "type": "LineString", "coordinates": [ [ -52.101834536407182, -32.044386248194193 ], [ -52.101888121185645, -32.044244522287777 ], [ -52.101889437184774, -32.044134641844565 ], [ -52.101814660188921, -32.044045602795997 ], [ -52.101722021724605, -32.04400380566095 ], [ -52.101635184935574, -32.044006802525224 ], [ -52.101553612589548, -32.044009753594331 ], [ -52.101474484510085, -32.043996987796 ], [ -52.101421517668285, -32.043970541302869 ] ] } },
{ "type": "Feature", "properties": { "tipo": "travessa", "nome": "CINCO", "drenagem": 0.0, "iluminacao": 1.0, "compriment": 65.640235907236729 }, "geometry": { "type": "LineString", "coordinates": [ [ -52.101834536407182, -32.044386248194193 ], [ -52.101572655350978, -32.04428089732027 ], [ -52.1015113350986, -32.044216405637044 ], [ -52.10142522392627, -32.044060198101192 ], [ -52.101421517668285, -32.043970541302869 ] ] } },
{ "type": "Feature", "properties": { "tipo": "travessa", "nome": "CINCO", "drenagem": 0.0, "iluminacao": 1.0, "compriment": 9.3212509737710842 }, "geometry": { "type": "LineString", "coordinates": [ [ -52.101421517668285, -32.043970541302869 ], [ -52.10138045654783, -32.043894101850213 ] ] } },
{ "type": "Feature", "properties": { "tipo": "avenida", "nome": "MAJOR CARLOS PINTO", "drenagem": 0.0, "iluminacao": 1.0, "compriment": 26.674385663689264 }, "geometry": { "type": "LineString", "coordinates": [ [ -52.10138045654783, -32.043894101850213 ], [ -52.101222267775178, -32.04387417495947 ], [ -52.101112136522936, -32.043828458726999 ] ] } },
{ "type": "Feature", "properties": { "tipo": "travessa", "nome": "UM", "drenagem": 0.0, "iluminacao": 1.0, "compriment": 41.842958811602699 }, "geometry": { "type": "LineString", "coordinates": [ [ -52.101954463504185, -32.043766912313295 ], [ -52.101892512203037, -32.043759603032271 ], [ -52.101820869416656, -32.0437439024114 ], [ -52.101722708033002, -32.043693357799327 ], [ -52.101651021333588, -32.043669995164109 ], [ -52.101545940948689, -32.043630101195383 ] ] } },
{ "type": "Feature", "properties": { "tipo": "rua", "nome": "PINTO DA ROCHA", "drenagem": 0.0, "iluminacao": 1.0, "compriment": 110.83916371290523 }, "geometry": { "type": "LineString", "coordinates": [ [ -52.156390175126013, -32.054020815732258 ], [ -52.15621688200595, -32.054352017486728 ] ] } },
{ "type": "Feature", "properties": { "tipo": "rua", "nome": "ALMIRANTE BARROSO", "drenagem": 1.0, "iluminacao": 1.0, "compriment": 334.0460495940788 }, "geometry": { "type": "LineString", "coordinates": [ [ -52.088095137001652, -32.031658489744238 ], [ -52.087747196458793, -32.034656353602081 ] ] } },
{ "type": "Feature", "properties": { "tipo": "travessa", "nome": "714", "drenagem": 0.0, "iluminacao": 1.0, "compriment": 65.11679430207127 }, "geometry": { "type": "LineString", "coordinates": [ [ -52.102353039147367, -32.043499144825454 ], [ -52.102122383953699, -32.043363253483342 ], [ -52.101912961708699, -32.043241751615824 ], [ -52.101779857189669, -32.043173119252884 ] ] } },
{ "type": "Feature", "properties": { "tipo": "estrada", "nome": "ALBERTO TORRES", "drenagem": 0.0, "iluminacao": 1.0, "compriment": 117.21521236317761 }, "geometry": { "type": "LineString", "coordinates": [ [ -52.158295209425347, -32.052924008292585 ], [ -52.15849279394952, -32.053021149497077 ], [ -52.15869172485948, -32.053092828050985 ], [ -52.159093248153482, -32.053226897877956 ], [ -52.159335561998574, -32.053333614032631 ] ] } },
{ "type": "Feature", "properties": { "tipo": "estrada", "nome": "ALBERTO TORRES", "drenagem": 0.0, "iluminacao": 1.0, "compriment": 26.459721622003819 }, "geometry": { "type": "LineString", "coordinates": [ [ -52.16016474447882, -32.053742942054392 ], [ -52.160358402123585, -32.053915384905842 ] ] } },
{ "type": "Feature", "properties": { "tipo": "rua", "nome": "ALMIRANTE BARROSO", "drenagem": 1.0, "iluminacao": 1.0, "compriment": 74.664187494492921 }, "geometry": { "type": "LineString", "coordinates": [ [ -52.08773375763424, -32.034775060358029 ], [ -52.087666741480945, -32.035445969289626 ] ] } },
{ "type": "Feature", "properties": { "tipo": "rua", "nome": "VISCONDE DE MAUA", "drenagem": 1.0, "iluminacao": 0.0, "compriment": 12.25607307564421 }, "geometry": { "type": "LineString", "coordinates": [ [ -52.137786571000895, -32.046742263613034 ], [ -52.137748872007293, -32.04670077568683 ], [ -52.137716984209071, -32.04664945383611 ] ] } },
{ "type": "Feature", "properties": { "tipo": "rua", "nome": "SEM DENOMINACAO", "drenagem": 1.0, "iluminacao": 0.0, "compriment": 54.832534745551492 }, "geometry": { "type": "LineString", "coordinates": [ [ -52.146016915575871, -32.047806424919251 ], [ -52.145838595987591, -32.048277011077211 ] ] } },
{ "type": "Feature", "properties": { "tipo": "rua", "nome": "PEDRO DE SÁ FREITAS", "drenagem": 0.0, "iluminacao": 0.0, "compriment": 66.42051569469389 }, "geometry": { "type": "LineString", "coordinates": [ [ -52.145071767877262, -32.04737997777594 ], [ -52.14483734450102, -32.04794471108989 ] ] } },
{ "type": "Feature", "properties": { "tipo": "rua", "nome": "JOCKEY CLUBE", "drenagem": 1.0, "iluminacao": 1.0, "compriment": 6.2956053148614659 }, "geometry": { "type": "LineString", "coordinates": [ [ -52.144029254223462, -32.047681628181287 ], [ -52.144093745289013, -32.047695991429158 ] ] } },
{ "type": "Feature", "properties": { "tipo": "rua", "nome": "JOCKEY CLUBE", "drenagem": 1.0, "iluminacao": 1.0, "compriment": 101.48762125268894 }, "geometry": { "type": "LineString", "coordinates": [ [ -52.14483734450102, -32.04794471108989 ], [ -52.145838595987591, -32.048277011077211 ] ] } },
{ "type": "Feature", "properties": { "tipo": "rua", "nome": "JOCKEY CLUBE", "drenagem": 1.0, "iluminacao": 1.0, "compriment": 188.61452540117827 }, "geometry": { "type": "LineString", "coordinates": [ [ -52.145838595987591, -32.048277011077211 ], [ -52.147711248531607, -32.04886810610676 ] ] } },
{ "type": "Feature", "properties": { "tipo": "rua", "nome": "JOCKEY CLUBE", "drenagem": 1.0, "iluminacao": 1.0, "compriment": 174.79632873665568 }, "geometry": { "type": "LineString", "coordinates": [ [ -52.147711248531607, -32.04886810610676 ], [ -52.149442420762369, -32.049425673649353 ] ] } },
{ "type": "Feature", "properties": { "tipo": "rua", "nome": "SEM DENOMINACAO", "drenagem": 1.0, "iluminacao": 1.0, "compriment": 357.65891171391655 }, "geometry": { "type": "MultiLineString", "coordinates": [ [ [ -52.147711248531607, -32.04886810610676 ], [ -52.147387400163829, -32.049556326554182 ] ], [ [ -52.147351316935648, -32.049633008167909 ], [ -52.14734947317519, -32.049636926401789 ] ], [ [ -52.14731154618655, -32.049717526249395 ], [ -52.147311017011852, -32.04971865081535 ] ] ] } },
{ "type": "Feature", "properties": { "tipo": "rua", "nome": "JOCKEY CLUBE", "drenagem": 1.0, "iluminacao": 1.0, "compriment": 216.17663168012706 }, "geometry": { "type": "MultiLineString", "coordinates": [ [ [ -52.149647706602906, -32.049495871575175 ], [ -52.151018610001714, -32.049980102579426 ] ], [ [ -52.151058909925517, -32.049994337333381 ], [ -52.151139509773124, -32.050022806841284 ] ], [ [ -52.151179809696927, -32.050037041595239 ], [ -52.151187974697677, -32.050039925639815 ] ], [ [ -52.151300709468337, -32.050079745857097 ], [ -52.151398306005028, -32.050114218941786 ] ], [ [ -52.151530253292165, -32.050160825411226 ], [ -52.151542509011158, -32.050165154380807 ] ], [ [ -52.151644346156992, -32.050201125335029 ], [ -52.151663408782561, -32.050207858642665 ] ] ] } },
{ "type": "Feature", "properties": { "tipo": "rua", "nome": "JOCKEY CLUBE", "drenagem": 1.0, "iluminacao": 1.0, "compriment": 20.891966151882027 }, "geometry": { "type": "LineString", "coordinates": [ [ -52.149442420762369, -32.049425673649353 ], [ -52.149647706602906, -32.049495871575175 ] ] } },
{ "type": "Feature", "properties": { "tipo": "rua", "nome": "SEM DENOMINACAO", "drenagem": 1.0, "iluminacao": 1.0, "compriment": 304.89749583773562 }, "geometry": { "type": "MultiLineString", "coordinates": [ [ [ -52.14489302158367, -32.051243486500738 ], [ -52.14492180748671, -32.051256119829659 ] ], [ [ -52.145054221278883, -32.051314232545067 ], [ -52.145089062084203, -32.05132952320151 ] ], [ [ -52.145175121050293, -32.051367292078318 ], [ -52.14518088821378, -32.051369823125313 ] ], [ [ -52.145539686859486, -32.051527289830588 ], [ -52.145548192732093, -32.051531022820527 ] ], [ [ -52.145618420212124, -32.051561843700242 ], [ -52.14564001886167, -32.05157132274433 ] ] ] } },
{ "type": "Feature", "properties": { "tipo": "rua", "nome": "ALMIRANTE BARROSO", "drenagem": 1.0, "iluminacao": 1.0, "compriment": 129.55826095664619 }, "geometry": { "type": "LineString", "coordinates": [ [ -52.087482115165386, -32.037286564151884 ], [ -52.087310127097986, -32.038445719116325 ] ] } },
{ "type": "Feature", "properties": { "tipo": "rua", "nome": "ALMIRANTE BARROSO", "drenagem": 1.0, "iluminacao": 1.0, "compriment": 140.84234153429458 }, "geometry": { "type": "LineString", "coordinates": [ [ -52.087309426775313, -32.03844677919529 ], [ -52.087222047592661, -32.039714733888104 ] ] } },
{ "type": "Feature", "properties": { "tipo": "rua", "nome": "ALMIRANTE BARROSO", "drenagem": 1.0, "iluminacao": 1.0, "compriment": 263.22917755922964 }, "geometry": { "type": "LineString", "coordinates": [ [ -52.087222047592661, -32.039714733888104 ], [ -52.086944283355486, -32.042076753684306 ] ] } },
{ "type": "Feature", "properties": { "tipo": "rua", "nome": "ALMIRANTE BARROSO", "drenagem": 0.0, "iluminacao": 1.0, "compriment": 52.440871326234863 }, "geometry": { "type": "LineString", "coordinates": [ [ -52.086898051276044, -32.042575569069392 ], [ -52.086831999150725, -32.043027738898111 ] ] } },
{ "type": "Feature", "properties": { "tipo": "rua", "nome": "ALMIRANTE BARROSO", "drenagem": 1.0, "iluminacao": 1.0, "compriment": 109.15812221972271 }, "geometry": { "type": "LineString", "coordinates": [ [ -52.088373992855338, -32.030685566638653 ], [ -52.088246604666431, -32.031663972539434 ] ] } },
{ "type": "Feature", "properties": { "tipo": "rua", "nome": "RIO AMAZONAS", "drenagem": 0.0, "iluminacao": 1.0, "compriment": 364.99881952446594 }, "geometry": { "type": "MultiLineString", "coordinates": [ [ [ -52.138203234232385, -32.051034766851934 ], [ -52.140097330651123, -32.0518207414203 ] ], [ [ -52.140137630574927, -32.051837464283459 ], [ -52.14017608710332, -32.051853422210947 ] ], [ [ -52.140258530346337, -32.051887632872933 ], [ -52.140273204674834, -32.05189372213475 ] ], [ [ -52.14029883027014, -32.051904355736085 ], [ -52.140370322246348, -32.051934022058553 ] ], [ [ -52.140379430117747, -32.051937801462401 ], [ -52.140467439817861, -32.051974321982357 ] ], [ [ -52.140540629812961, -32.052004692915027 ], [ -52.140600820047027, -32.05202966946468 ] ], [ [ -52.140701829508167, -32.052071584367653 ], [ -52.140758792532402, -32.052095221753767 ] ], [ [ -52.140822729279577, -32.052121752957127 ], [ -52.140855910103916, -32.05213552167757 ] ], [ [ -52.140966593690926, -32.052181450957448 ], [ -52.141050145246943, -32.052216121525177 ] ] ] } },
{ "type": "Feature", "properties": { "tipo": "estrada", "nome": "ALBERTO TORRES", "drenagem": 0.0, "iluminacao": 0.0, "compriment": 30.83751225503082 }, "geometry": { "type": "LineString", "coordinates": [ [ -52.161226033566699, -32.054640867638341 ], [ -52.161459173692293, -32.05483558441771 ] ] } },
{ "type": "Feature", "properties": { "tipo": "rua", "nome": "ALMIRANTE BARROSO", "drenagem": 1.0, "iluminacao": 1.0, "compriment": 145.13950349568699 }, "geometry": { "type": "LineString", "coordinates": [ [ -52.088246604666431, -32.031663972539434 ], [ -52.088105100016733, -32.032967301272812 ] ] } },
{ "type": "Feature", "properties": { "tipo": "rua", "nome": "ALBERTO TORRES", "drenagem": 1.0, "iluminacao": 1.0, "compriment": 121.61234757195814 }, "geometry": { "type": "LineString", "coordinates": [ [ -52.158516678578955, -32.052544741445715 ], [ -52.157871024511557, -32.052315456917228 ], [ -52.157318906267015, -32.052142716822168 ] ] } },
{ "type": "Feature", "properties": { "tipo": "rua", "nome": "VICE ALMIRANTE ABREU", "drenagem": 1.0, "iluminacao": 1.0, "compriment": 90.478959245825564 }, "geometry": { "type": "LineString", "coordinates": [ [ -52.092116208027164, -32.039304045675912 ], [ -52.093051490023228, -32.039127679353058 ] ] } },
{ "type": "Feature", "properties": { "tipo": "rua", "nome": "VICE ALMIRANTE ABREU", "drenagem": 1.0, "iluminacao": 1.0, "compriment": 104.39807266153491 }, "geometry": { "type": "LineString", "coordinates": [ [ -52.093051490023228, -32.039127679353058 ], [ -52.094130658711705, -32.038924207679088 ] ] } },
{ "type": "Feature", "properties": { "tipo": "rua", "nome": "VICE ALMIRANTE ABREU", "drenagem": 1.0, "iluminacao": 1.0, "compriment": 122.93369252935334 }, "geometry": { "type": "LineString", "coordinates": [ [ -52.094826911485058, -32.038768659878208 ], [ -52.096093193898412, -32.038512413349636 ] ] } },
{ "type": "Feature", "properties": { "tipo": "rua", "nome": "VICE ALMIRANTE ABREU", "drenagem": 1.0, "iluminacao": 1.0, "compriment": 46.149181257195089 }, "geometry": { "type": "LineString", "coordinates": [ [ -52.096093193898412, -32.038512413349636 ], [ -52.096565070327244, -32.038404488797489 ] ] } },
{ "type": "Feature", "properties": { "tipo": "rua", "nome": "ANDRADAS", "drenagem": 1.0, "iluminacao": 1.0, "compriment": 110.5363707869123 }, "geometry": { "type": "MultiLineString", "coordinates": [ [ [ -52.096170413705941, -32.036716583891909 ], [ -52.09617589595527, -32.036740950784854 ] ], [ [ -52.096210713629745, -32.036895704517491 ], [ -52.096212163891543, -32.036902150480067 ] ], [ [ -52.096221230875614, -32.03694245040387 ], [ -52.096230297859684, -32.036982750327674 ] ], [ [ -52.096251013553548, -32.037074825143073 ], [ -52.096277218390114, -32.037191297490303 ] ], [ [ -52.096291313477352, -32.037253945768654 ], [ -52.096311900716302, -32.037345449641897 ] ], [ [ -52.096331613401155, -32.037433066394236 ], [ -52.096360396392761, -32.037560997838668 ] ] ] } },
{ "type": "Feature", "properties": { "tipo": "rua", "nome": "CORREDOR DO BOSQUE SILVEIRA", "drenagem": 1.0, "iluminacao": 1.0, "compriment": 42.463797847016586 }, "geometry": { "type": "MultiLineString", "coordinates": [ [ [ -52.166521342425341, -32.057601487871956 ], [ -52.166614680513447, -32.057638258120733 ] ], [ [ -52.166654980437251, -32.057654134150063 ], [ -52.166722906200981, -32.05768089329289 ] ] ] } },
{ "type": "Feature", "properties": { "tipo": "travessa", "nome": "CRISTOVAO PEREIRA", "drenagem": 0.0, "iluminacao": 1.0, "compriment": 75.848988783309238 }, "geometry": { "type": "LineString", "coordinates": [ [ -52.161745285805154, -32.056487913448287 ], [ -52.161738389733294, -32.056485245279084 ] ] } },
{ "type": "Feature", "properties": { "tipo": "rua", "nome": "ZALONY", "drenagem": 1.0, "iluminacao": 1.0, "compriment": 46.412306200549317 }, "geometry": { "type": "LineString", "coordinates": [ [ -52.095868944490995, -32.037648484785414 ], [ -52.095975025521923, -32.038057167819652 ] ] } },
{ "type": "Feature", "properties": { "tipo": "rua", "nome": "RIBEIRO COUTINHO", "drenagem": 1.0, "iluminacao": 1.0, "compriment": 127.13511464629597 }, "geometry": { "type": "LineString", "coordinates": [ [ -52.121536887929821, -32.052175821601374 ], [ -52.120964331284441, -32.053143019772641 ] ] } },
{ "type": "Feature", "properties": { "tipo": "rua", "nome": "MARECHAL FLORIANO PEIXOTO", "drenagem": 1.0, "iluminacao": 1.0, "compriment": 37.463658498882715 }, "geometry": { "type": "LineString", "coordinates": [ [ -52.097460011267636, -32.030958769584004 ], [ -52.097500311191439, -32.030956418010874 ] ] } },
{ "type": "Feature", "properties": { "tipo": "rua", "nome": "MARECHAL FLORIANO PEIXOTO", "drenagem": 1.0, "iluminacao": 1.0, "compriment": 97.425579722222594 }, "geometry": { "type": "MultiLineString", "coordinates": [ [ [ -52.095203215534674, -32.030978484065699 ], [ -52.095525614925094, -32.030977885193884 ] ], [ [ -52.095565914848898, -32.030977810334903 ], [ -52.095646514696504, -32.030977660616955 ] ], [ [ -52.095928614163121, -32.030977136604115 ], [ -52.096009214010728, -32.030976986886166 ] ], [ [ -52.096210713629745, -32.030976612591282 ], [ -52.096230052765264, -32.030976576667939 ] ] ] } },
{ "type": "Feature", "properties": { "tipo": "rua", "nome": "ALMIRANTE BARROSO", "drenagem": 1.0, "iluminacao": 1.0, "compriment": 185.6684721032872 }, "geometry": { "type": "LineString", "coordinates": [ [ -52.088105100016733, -32.032967301272812 ], [ -52.087912920816045, -32.034633666660106 ] ] } },
{ "type": "Feature", "properties": { "tipo": "rua", "nome": "ALMIRANTE BARROSO", "drenagem": 1.0, "iluminacao": 1.0, "compriment": 77.314907487217454 }, "geometry": { "type": "LineString", "coordinates": [ [ -52.087899096323383, -32.034739799130065 ], [ -52.087816110656107, -32.035433444270971 ] ] } },
{ "type": "Feature", "properties": { "tipo": "rua", "nome": "ALMIRANTE BARROSO", "drenagem": 1.0, "iluminacao": 1.0, "compriment": 82.137158766825706 }, "geometry": { "type": "LineString", "coordinates": [ [ -52.087816110656107, -32.035433444270971 ], [ -52.087739185549388, -32.03617126581851 ] ] } },
{ "type": "Feature", "properties": { "tipo": "rua", "nome": "ALMIRANTE BARROSO", "drenagem": 1.0, "iluminacao": 1.0, "compriment": 113.71203272233863 }, "geometry": { "type": "LineString", "coordinates": [ [ -52.087732128063053, -32.036250735287027 ], [ -52.087611476639147, -32.03727104487001 ] ] } },
{ "type": "Feature", "properties": { "tipo": "rua", "nome": "REVOCATA DE MELLO", "drenagem": 1.0, "iluminacao": 1.0, "compriment": 65.867781136443483 }, "geometry": { "type": "LineString", "coordinates": [ [ -52.091321239535176, -32.041640869921579 ], [ -52.091117435749339, -32.042208943611996 ] ] } },
{ "type": "Feature", "properties": { "tipo": "rua", "nome": "BENTO GONCALVES", "drenagem": 1.0, "iluminacao": 1.0, "compriment": 120.92959826424323 }, "geometry": { "type": "LineString", "coordinates": [ [ -52.109793928643029, -32.038910786798198 ], [ -52.109832087875134, -32.038926456623372 ] ] } },
{ "type": "Feature", "properties": { "tipo": "rua", "nome": "ALMIRANTE BARROSO", "drenagem": 1.0, "iluminacao": 1.0, "compriment": 269.28595270252231 }, "geometry": { "type": "LineString", "coordinates": [ [ -52.08733940251367, -32.039718573626658 ], [ -52.087096669712487, -32.042138216641504 ] ] } },
{ "type": "Feature", "properties": { "tipo": "rua", "nome": "JOAO PESSOA", "drenagem": 1.0, "iluminacao": 1.0, "compriment": 16.373366697287402 }, "geometry": { "type": "LineString", "coordinates": [ [ -52.086364550548254, -32.034906237428878 ], [ -52.086326102849739, -32.035050217061006 ] ] } },
{ "type": "Feature", "properties": { "tipo": "avenida", "nome": "MAJOR CARLOS PINTO", "drenagem": 1.0, "iluminacao": 1.0, "compriment": 20.453739796794057 }, "geometry": { "type": "MultiLineString", "coordinates": [ [ [ -52.107678500605779, -32.032577230908764 ], [ -52.107672403100928, -32.032590058633154 ] ], [ [ -52.107655891989772, -32.032624794150152 ], [ -52.107653247015776, -32.032630358556958 ] ] ] } },
{ "type": "Feature", "properties": { "tipo": "rua", "nome": "LUIZ LOREA", "drenagem": 1.0, "iluminacao": 1.0, "compriment": 168.31699654491797 }, "geometry": { "type": "MultiLineString", "coordinates": [ [ [ -52.100401905705247, -32.03174675436523 ], [ -52.100420608244676, -32.03174376023329 ] ], [ [ -52.100522805476658, -32.031727399246719 ], [ -52.100563105400461, -32.031720947540556 ] ], [ [ -52.100589857570149, -32.031716664725053 ], [ -52.10092406696274, -32.031663160385683 ] ], [ [ -52.101006404562291, -32.031649978772698 ], [ -52.101709252081626, -32.031537458319846 ] ] ] } },
{ "type": "Feature", "properties": { "tipo": "rua", "nome": "REVOCATA DE MELLO", "drenagem": 1.0, "iluminacao": 1.0, "compriment": 109.3624582020911 }, "geometry": { "type": "LineString", "coordinates": [ [ -52.091657441159946, -32.040697113399808 ], [ -52.091321239535176, -32.041640869921579 ] ] } },
{ "type": "Feature", "properties": { "tipo": "rua", "nome": "REVOCATA DE MELLO", "drenagem": 1.0, "iluminacao": 1.0, "compriment": 71.169037323140884 }, "geometry": { "type": "LineString", "coordinates": [ [ -52.091877043305203, -32.040083162977695 ], [ -52.091657441159946, -32.040697113399808 ] ] } },
{ "type": "Feature", "properties": { "tipo": "rua", "nome": "ACRE", "drenagem": 1.0, "iluminacao": 1.0, "compriment": 103.28557297032678 }, "geometry": { "type": "MultiLineString", "coordinates": [ [ [ -52.133208393262926, -32.044821894914897 ], [ -52.132995696103883, -32.045203934783466 ] ], [ [ -52.132973259494491, -32.045244234707269 ], [ -52.1329508228851, -32.045284534631072 ] ] ] } },
{ "type": "Feature", "properties": { "tipo": "rua", "nome": "VALPORTO", "drenagem": 1.0, "iluminacao": 1.0, "compriment": 4.4467422972093757 }, "geometry": { "type": "LineString", "coordinates": [ [ -52.098506873896248, -32.041129344202581 ], [ -52.098553019269573, -32.041121393785424 ] ] } },
{ "type": "Feature", "properties": { "tipo": "rua", "nome": "1 VELHA", "drenagem": 1.0, "iluminacao": 1.0, "compriment": 131.10054074783119 }, "geometry": { "type": "MultiLineString", "coordinates": [ [ [ -52.086687503087234, -32.037420094177271 ], [ -52.086693825523575, -32.037522356126203 ], [ -52.086681618077151, -32.037667849032324 ] ], [ [ -52.086615522379972, -32.038455602238813 ], [ -52.086603847545241, -32.038594747279788 ] ] ] } },
{ "type": "Feature", "properties": { "tipo": "rua", "nome": "VALPORTO", "drenagem": 1.0, "iluminacao": 1.0, "compriment": 95.871963427717333 }, "geometry": { "type": "LineString", "coordinates": [ [ -52.093304098631179, -32.04177973533087 ], [ -52.092308762457456, -32.041949317962498 ] ] } },
{ "type": "Feature", "properties": { "tipo": "rua", "nome": "REVOCATA DE MELLO", "drenagem": 1.0, "iluminacao": 1.0, "compriment": 21.468155368941829 }, "geometry": { "type": "LineString", "coordinates": [ [ -52.092078619725484, -32.039547065386564 ], [ -52.092003445125044, -32.039729772643852 ] ] } },
{ "type": "Feature", "properties": { "tipo": "rua", "nome": "PADRE FEIJO", "drenagem": 1.0, "iluminacao": 1.0, "compriment": 142.65874068141653 }, "geometry": { "type": "MultiLineString", "coordinates": [ [ [ -52.113607148391985, -32.035036467843881 ], [ -52.113552307894622, -32.035128953832739 ] ], [ [ -52.113539680865003, -32.03515024874028 ], [ -52.113523662534291, -32.035177262921898 ] ], [ [ -52.113459081017396, -32.035286176694378 ], [ -52.113456722913931, -32.035290153527946 ] ] ] } },
{ "type": "Feature", "properties": { "tipo": "avenida", "nome": "MAJOR CARLOS PINTO", "drenagem": 1.0, "iluminacao": 1.0, "compriment": 97.013212950730804 }, "geometry": { "type": "LineString", "coordinates": [ [ -52.108571459174243, -32.031072832535195 ], [ -52.108125382418564, -32.031824360080897 ] ] } },
{ "type": "Feature", "properties": { "tipo": "avenida", "nome": "MAJOR CARLOS PINTO", "drenagem": 1.0, "iluminacao": 1.0, "compriment": 123.15356296914113 }, "geometry": { "type": "MultiLineString", "coordinates": [ [ [ -52.109461568146521, -32.030040133937632 ], [ -52.109239999967947, -32.030413862747793 ] ], [ [ -52.10922758901809, -32.030434796843799 ], [ -52.108873831503303, -32.031031495232249 ] ] ] } },
{ "type": "Feature", "properties": { "tipo": "avenida", "nome": "MAJOR CARLOS PINTO", "drenagem": 1.0, "iluminacao": 1.0, "compriment": 17.293664216998362 }, "geometry": { "type": "LineString", "coordinates": [ [ -52.108873831503303, -32.031031495232249 ], [ -52.108797494043316, -32.031173247786313 ] ] } },
{ "type": "Feature", "properties": { "tipo": "avenida", "nome": "MAJOR CARLOS PINTO", "drenagem": 1.0, "iluminacao": 1.0, "compriment": 184.6199487183938 }, "geometry": { "type": "LineString", "coordinates": [ [ -52.108797494043316, -32.031173247786313 ], [ -52.107905667233695, -32.032654746665997 ] ] } },
{ "type": "Feature", "properties": { "tipo": "avenida", "nome": "MAJOR CARLOS PINTO", "drenagem": 1.0, "iluminacao": 1.0, "compriment": 25.175126699355847 }, "geometry": { "type": "LineString", "coordinates": [ [ -52.107905667233695, -32.032654746665997 ], [ -52.107892447950285, -32.032670658480761 ] ] } },
{ "type": "Feature", "properties": { "tipo": "avenida", "nome": "MAJOR CARLOS PINTO", "drenagem": 1.0, "iluminacao": 1.0, "compriment": 107.48825500015789 }, "geometry": { "type": "MultiLineString", "coordinates": [ [ [ -52.107715552931673, -32.032912458023574 ], [ -52.107695426455265, -32.032952757947378 ] ], [ [ -52.107655891989772, -32.033031919143554 ], [ -52.107615592065969, -32.033112613042775 ] ], [ [ -52.107614920549651, -32.033113957642591 ], [ -52.107373402832799, -32.033597556728225 ] ], [ [ -52.107353276356392, -32.033637856652028 ], [ -52.107306235353924, -32.033732048440847 ] ] ] } },
{ "type": "Feature", "properties": { "tipo": "avenida", "nome": "MAJOR CARLOS PINTO", "drenagem": 1.0, "iluminacao": 1.0, "compriment": 88.349966804751588 }, "geometry": { "type": "MultiLineString", "coordinates": [ [ [ -52.107263601891702, -32.033823366354618 ], [ -52.10725383261456, -32.033839356271045 ] ], [ [ -52.107252892751745, -32.033840894596523 ], [ -52.106933748726703, -32.034363255280482 ] ], [ [ -52.106931958468579, -32.03436618549501 ], [ -52.106831793178777, -32.034530131566953 ] ] ] } },
{ "type": "Feature", "properties": { "tipo": "avenida", "nome": "MAJOR CARLOS PINTO", "drenagem": 1.0, "iluminacao": 1.0, "compriment": 9.5796209577784488 }, "geometry": { "type": "LineString", "coordinates": [ [ -52.106831793178777, -32.034530131566953 ], [ -52.106789350103426, -32.034608592873482 ] ] } },
{ "type": "Feature", "properties": { "tipo": "avenida", "nome": "MAJOR CARLOS PINTO", "drenagem": 1.0, "iluminacao": 1.0, "compriment": 99.568134088390678 }, "geometry": { "type": "LineString", "coordinates": [ [ -52.106305602241797, -32.035411053299356 ], [ -52.105870767989913, -32.036180602156037 ] ] } },
{ "type": "Feature", "properties": { "tipo": "avenida", "nome": "MAJOR CARLOS PINTO", "drenagem": 1.0, "iluminacao": 1.0, "compriment": 88.382132154027119 }, "geometry": { "type": "MultiLineString", "coordinates": [ [ [ -52.105832899370156, -32.036234997466472 ], [ -52.105775894652623, -32.036334426776428 ] ], [ [ -52.10576742216621, -32.036349204737178 ], [ -52.105422288036024, -32.036951197868504 ] ] ] } },
{ "type": "Feature", "properties": { "tipo": "avenida", "nome": "MAJOR CARLOS PINTO", "drenagem": 1.0, "iluminacao": 1.0, "compriment": 12.179731157054542 }, "geometry": { "type": "LineString", "coordinates": [ [ -52.105422288036024, -32.036951197868504 ], [ -52.105363976110112, -32.037049163937461 ] ] } },
{ "type": "Feature", "properties": { "tipo": "avenida", "nome": "MAJOR CARLOS PINTO", "drenagem": 1.0, "iluminacao": 1.0, "compriment": 96.875658020899806 }, "geometry": { "type": "MultiLineString", "coordinates": [ [ [ -52.105363976110112, -32.037049163937461 ], [ -52.105114864569707, -32.037466349413307 ] ], [ [ -52.105042672391328, -32.037587249184718 ], [ -52.10503639694258, -32.037597758637901 ] ], [ [ -52.105018608331868, -32.037627549108521 ], [ -52.104996097018784, -32.037665248658065 ] ], [ [ -52.104955797094981, -32.037732738678244 ], [ -52.10494857299571, -32.037744836830292 ] ] ] } },
{ "type": "Feature", "properties": { "tipo": "avenida", "nome": "MAJOR CARLOS PINTO", "drenagem": 1.0, "iluminacao": 1.0, "compriment": 94.267239367332252 }, "geometry": { "type": "MultiLineString", "coordinates": [ [ [ -52.10483489732357, -32.037939232778172 ], [ -52.104828729903268, -32.037949948498941 ] ], [ [ -52.104754297475964, -32.038079272765579 ], [ -52.10473595161109, -32.038111148194155 ] ], [ [ -52.10471399755216, -32.038149292759279 ], [ -52.104689562464998, -32.038191748041761 ] ], [ [ -52.104633397704553, -32.038289332746686 ], [ -52.104622977433223, -32.03830743767751 ] ], [ [ -52.10459309778075, -32.038359352740386 ], [ -52.104573589599781, -32.038393247660771 ] ], [ [ -52.104519332825461, -32.038487517293007 ], [ -52.104459668321461, -32.038591182704749 ] ] ] } },
{ "type": "Feature", "properties": { "tipo": "avenida", "nome": "MAJOR CARLOS PINTO", "drenagem": 1.0, "iluminacao": 1.0, "compriment": 8.5532417972514896 }, "geometry": { "type": "LineString", "coordinates": [ [ -52.104459668321461, -32.038591182704749 ], [ -52.104417808361184, -32.038659581228721 ] ] } },
{ "type": "Feature", "properties": { "tipo": "avenida", "nome": "PORTUGAL", "drenagem": 1.0, "iluminacao": 1.0, "compriment": 126.22666446354152 }, "geometry": { "type": "MultiLineString", "coordinates": [ [ [ -52.107817091684986, -32.032864794249953 ], [ -52.108209937758474, -32.033013364200251 ] ], [ [ -52.108260390846816, -32.03303244498872 ], [ -52.108262804473242, -32.033033357794984 ] ], [ [ -52.108300690770619, -32.033047685964966 ], [ -52.108973059222365, -32.033301968123304 ] ] ] } },
{ "type": "Feature", "properties": { "tipo": "avenida", "nome": "PORTUGAL", "drenagem": 1.0, "iluminacao": 1.0, "compriment": 121.00972886462712 }, "geometry": { "type": "MultiLineString", "coordinates": [ [ [ -52.108973059222365, -32.033301968123304 ], [ -52.109062716034593, -32.033337443867651 ] ], [ [ -52.109711188103724, -32.033594033732605 ], [ -52.109720091667633, -32.033597556728225 ] ], [ [ -52.109751488027527, -32.033609979757877 ], [ -52.110134919041421, -32.0337616971822 ] ] ] } },
{ "type": "Feature", "properties": { "tipo": "avenida", "nome": "PORTUGAL", "drenagem": 1.0, "iluminacao": 1.0, "compriment": 122.88769023449714 }, "geometry": { "type": "MultiLineString", "coordinates": [ [ [ -52.113607148391985, -32.035036467843881 ], [ -52.113902380179226, -32.035146348037088 ] ], [ [ -52.11396392445117, -32.035169253756543 ], [ -52.11406357987444, -32.035206343791003 ] ], [ [ -52.114072204371169, -32.035209553680346 ], [ -52.114144179722047, -32.035236341667961 ] ], [ [ -52.114180484291168, -32.035249853604149 ], [ -52.114224779569646, -32.035266339544918 ] ], [ [ -52.114288764211146, -32.035290153527946 ], [ -52.114331297728093, -32.035305983771373 ] ], [ [ -52.114397044131145, -32.035330453451749 ], [ -52.114466579112467, -32.035356333175791 ] ] ] } },
{ "type": "Feature", "properties": { "tipo": "rua", "nome": "TRES DE JULHO", "drenagem": 1.0, "iluminacao": 1.0, "compriment": 134.47764061858314 }, "geometry": { "type": "LineString", "coordinates": [ [ -52.105682357756024, -32.030649687138869 ], [ -52.105913067679815, -32.029452977195092 ] ] } },
{ "type": "Feature", "properties": { "tipo": "avenida", "nome": "DOM PEDRO II", "drenagem": 1.0, "iluminacao": 1.0, "compriment": 15.854780478045354 }, "geometry": { "type": "LineString", "coordinates": [ [ -52.087747196458793, -32.034656353602081 ], [ -52.087912920816045, -32.034633666660106 ] ] } },
{ "type": "Feature", "properties": { "tipo": "rua", "nome": "DOUTOR FERNANDO DUPRAT DA SILVA", "drenagem": 1.0, "iluminacao": 1.0, "compriment": 108.14763482985573 }, "geometry": { "type": "LineString", "coordinates": [ [ -52.090822790501065, -32.030439285323887 ], [ -52.091178402223747, -32.031366338072537 ] ] } },
{ "type": "Feature", "properties": { "tipo": "rua", "nome": "DOUTOR FERNANDO DUPRAT DA SILVA", "drenagem": 1.0, "iluminacao": 1.0, "compriment": 87.469915801153149 }, "geometry": { "type": "LineString", "coordinates": [ [ -52.091178402223747, -32.031366338072537 ], [ -52.0914171160207, -32.032128494083352 ] ] } },
{ "type": "Feature", "properties": { "tipo": "rua", "nome": "DOUTOR FERNANDO DUPRAT DA SILVA", "drenagem": 1.0, "iluminacao": 1.0, "compriment": 70.861906395540828 }, "geometry": { "type": "LineString", "coordinates": [ [ -52.0914171160207, -32.032128494083352 ], [ -52.091580366959114, -32.03275222304169 ] ] } },
{ "type": "Feature", "properties": { "tipo": "rua", "nome": "SEM DENOMINACAO", "drenagem": null, "iluminacao": null, "compriment": 18.828284945652236 }, "geometry": { "type": "LineString", "coordinates": [ [ -52.123651248291054, -32.03941746684599 ], [ -52.123747850347293, -32.039268940671526 ] ] } },
{ "type": "Feature", "properties": { "tipo": "rua", "nome": "SEM DENOMINACAO", "drenagem": 0.0, "iluminacao": 0.0, "compriment": 27.477333108207198 }, "geometry": { "type": "LineString", "coordinates": [ [ -52.123616280795289, -32.039463375117101 ], [ -52.123549262911439, -32.039551339638756 ] ] } },
{ "type": "Feature", "properties": { "tipo": "rua", "nome": "SEM DENOMINACAO", "drenagem": null, "iluminacao": null, "compriment": 27.15561976770142 }, "geometry": { "type": "MultiLineString", "coordinates": [ [ [ -52.122442155677312, -32.038809605056038 ], [ -52.122558535443858, -32.038876846746412 ] ], [ [ -52.122627149649411, -32.038916490537609 ], [ -52.122680086830265, -32.038947076485925 ] ] ] } },
{ "type": "Feature", "properties": { "tipo": "rua", "nome": "DUQUE DE CAXIAS", "drenagem": 1.0, "iluminacao": 1.0, "compriment": 119.27249073518762 }, "geometry": { "type": "MultiLineString", "coordinates": [ [ [ -52.098291965392399, -32.040069418320016 ], [ -52.09847506087079, -32.04097244278416 ] ], [ [ -52.09848323200471, -32.041012742707963 ], [ -52.098506873896248, -32.041129344202581 ] ] ] } },
{ "type": "Feature", "properties": { "tipo": "rua", "nome": "DUQUE DE CAXIAS", "drenagem": 1.0, "iluminacao": 1.0, "compriment": 62.62552618158081 }, "geometry": { "type": "LineString", "coordinates": [ [ -52.096340819972667, -32.030978061681033 ], [ -52.096386503018131, -32.03117956130005 ] ] } },
{ "type": "Feature", "properties": { "tipo": "rua", "nome": "DUQUE DE CAXIAS", "drenagem": 1.0, "iluminacao": 1.0, "compriment": 76.051729549811043 }, "geometry": { "type": "LineString", "coordinates": [ [ -52.096654012791575, -32.032393835312995 ], [ -52.096661615957252, -32.032428858937941 ] ] } },
{ "type": "Feature", "properties": { "tipo": "rua", "nome": "DUQUE DE CAXIAS", "drenagem": 1.0, "iluminacao": 1.0, "compriment": 96.492625287892508 }, "geometry": { "type": "LineString", "coordinates": [ [ -52.097753829281558, -32.037272673947022 ], [ -52.097941815447577, -32.038127999220755 ] ] } },
{ "type": "Feature", "properties": { "tipo": "rua", "nome": "SEM DENOMINACAO", "drenagem": null, "iluminacao": null, "compriment": 17.31166198269911 }, "geometry": { "type": "LineString", "coordinates": [ [ -52.123153586062635, -32.038792513769444 ], [ -52.123065097346469, -32.038929232214208 ] ] } },
{ "type": "Feature", "properties": { "tipo": "rua", "nome": "CAPITAO LEMOS FARIA", "drenagem": 1.0, "iluminacao": 1.0, "compriment": 115.43293216673817 }, "geometry": { "type": "LineString", "coordinates": [ [ -52.092283552748256, -32.042268638313203 ], [ -52.092374890222388, -32.043306718029662 ] ] } },
{ "type": "Feature", "properties": { "tipo": "rua", "nome": "VISCONDE DE MAUA", "drenagem": 1.0, "iluminacao": 1.0, "compriment": 59.308045750834786 }, "geometry": { "type": "LineString", "coordinates": [ [ -52.131538317809614, -32.044113569176041 ], [ -52.132094064940759, -32.044362565057824 ] ] } },
{ "type": "Feature", "properties": { "tipo": "rua", "nome": "PADRE FEIJO", "drenagem": 1.0, "iluminacao": 1.0, "compriment": 24.732555591551336 }, "geometry": { "type": "LineString", "coordinates": [ [ -52.113724565618433, -32.03483710929541 ], [ -52.113607148391985, -32.035036467843881 ] ] } },
{ "type": "Feature", "properties": { "tipo": "rua", "nome": "1 VELHA", "drenagem": 1.0, "iluminacao": 1.0, "compriment": 50.081362076062227 }, "geometry": { "type": "LineString", "coordinates": [ [ -52.086269575883946, -32.042141140574444 ], [ -52.086329273194337, -32.042042694340658 ] ] } },
{ "type": "Feature", "properties": { "tipo": "rua", "nome": "1 VELHA", "drenagem": 1.0, "iluminacao": 1.0, "compriment": 11.254968898637317 }, "geometry": { "type": "LineString", "coordinates": [ [ -52.086329273194337, -32.042042694340658 ], [ -52.086210132756896, -32.042040708377655 ] ] } },
{ "type": "Feature", "properties": { "tipo": "rua", "nome": "ALMIRANTE BARROSO", "drenagem": 1.0, "iluminacao": 1.0, "compriment": 5.4053824736990981 }, "geometry": { "type": "LineString", "coordinates": [ [ -52.087912920816045, -32.034633666660106 ], [ -52.087906659837238, -32.034682120607556 ] ] } },
{ "type": "Feature", "properties": { "tipo": "rua", "nome": "ANDRADE NEVES", "drenagem": 1.0, "iluminacao": 1.0, "compriment": 143.89745264221688 }, "geometry": { "type": "MultiLineString", "coordinates": [ [ [ -52.091580366959114, -32.03275222304169 ], [ -52.091535922468601, -32.03278739756427 ] ], [ [ -52.09153066526423, -32.032791558252171 ], [ -52.091495622544805, -32.032819291969254 ] ], [ [ -52.091467615038368, -32.032872158099771 ], [ -52.091470900313638, -32.032912458023574 ] ], [ [ -52.091484041414702, -32.033073657718788 ], [ -52.091559914116765, -32.03400437550156 ] ] ] } },
{ "type": "Feature", "properties": { "tipo": "rua", "nome": "CORREDOR DO BOSQUE SILVEIRA", "drenagem": 1.0, "iluminacao": 0.0, "compriment": 113.77588466861191 }, "geometry": { "type": "LineString", "coordinates": [ [ -52.167938662166549, -32.058132748445381 ], [ -52.169033632086098, -32.058560806961388 ] ] } },
{ "type": "Feature", "properties": { "tipo": "rua", "nome": "CORREDOR DO BOSQUE SILVEIRA", "drenagem": 1.0, "iluminacao": 1.0, "compriment": 105.47837338840954 }, "geometry": { "type": "LineString", "coordinates": [ [ -52.169033632086098, -32.058560806961388 ], [ -52.170057508516216, -32.058940982923403 ] ] } },
{ "type": "Feature", "properties": { "tipo": "rua", "nome": "LEOPOLDO FROES", "drenagem": 0.0, "iluminacao": 1.0, "compriment": 60.770334744884217 }, "geometry": { "type": "LineString", "coordinates": [ [ -52.17122136164226, -32.059782847862799 ], [ -52.171180700882815, -32.059846892596006 ] ] } },
{ "type": "Feature", "properties": { "tipo": "rua", "nome": "LEOPOLDO FROES", "drenagem": 0.0, "iluminacao": 1.0, "compriment": 59.983354105943754 }, "geometry": { "type": "MultiLineString", "coordinates": [ [ [ -52.17104767213177, -32.060056486570183 ], [ -52.171036173543399, -32.060074606666745 ] ], [ [ -52.171007372207967, -32.060119993366619 ], [ -52.170974641793357, -32.060171571721654 ] ], [ [ -52.17092677236036, -32.0602470069595 ], [ -52.170882733223664, -32.060316406209566 ] ], [ [ -52.170846172512753, -32.060374020552374 ], [ -52.170831586450412, -32.060397006057173 ] ] ] } },
{ "type": "Feature", "properties": { "tipo": "rua", "nome": "LEOPOLDO FROES", "drenagem": 0.0, "iluminacao": 1.0, "compriment": 72.252417567465471 }, "geometry": { "type": "MultiLineString", "coordinates": [ [ [ -52.17080587258895, -32.060436922911684 ], [ -52.170805624736566, -32.060437305980969 ] ], [ [ -52.170765572665147, -32.060499208627952 ], [ -52.170753475256532, -32.060517905828576 ] ] ] } },
{ "type": "Feature", "properties": { "tipo": "rua", "nome": "SEM DENOMINACAO", "drenagem": 0.0, "iluminacao": 0.0, "compriment": 98.253647312092554 }, "geometry": { "type": "MultiLineString", "coordinates": [ [ [ -52.170234822775711, -32.059483280825845 ], [ -52.170258915924791, -32.059514449096788 ], [ -52.170281973579513, -32.059525481704149 ] ], [ [ -52.170322273503317, -32.05954476437801 ], [ -52.170402873350923, -32.059583329725726 ] ], [ [ -52.170410720074358, -32.059587084219395 ], [ -52.17048347319853, -32.059621895073448 ] ], [ [ -52.170503144758285, -32.059631307504915 ], [ -52.17060437296994, -32.059679743095025 ] ], [ [ -52.170715666458349, -32.059732994710338 ], [ -52.170755819859842, -32.059752207276325 ] ], [ [ -52.170796209732657, -32.059771532988911 ], [ -52.170952789027496, -32.059846452919039 ] ], [ [ -52.171033505737498, -32.059885074182979 ], [ -52.171092719995229, -32.059913406971532 ] ] ] } },
{ "type": "Feature", "properties": { "tipo": "rua", "nome": "SEM DENOMINACAO", "drenagem": 0.0, "iluminacao": 1.0, "compriment": 140.78446765036395 }, "geometry": { "type": "MultiLineString", "coordinates": [ [ [ -52.169536460822385, -32.059768979521806 ], [ -52.1700332109274, -32.060025301723968 ], [ -52.170040174036693, -32.060028646974658 ] ], [ [ -52.170116011024803, -32.060065080947751 ], [ -52.170161073808103, -32.060086730228335 ] ], [ [ -52.170201373731906, -32.060106091312896 ], [ -52.170303606583083, -32.060155206514352 ] ], [ [ -52.170322273503317, -32.060164174566573 ], [ -52.170611107320759, -32.06030293750792 ] ], [ [ -52.170627241922503, -32.060310688971427 ], [ -52.17080691016205, -32.060397006057173 ] ] ] } },
{ "type": "Feature", "properties": { "tipo": "rua", "nome": "DOUTOR PAULINO DE MELLO DUTRA", "drenagem": 0.0, "iluminacao": 1.0, "compriment": 48.414923850036239 }, "geometry": { "type": "LineString", "coordinates": [ [ -52.169536460822385, -32.059768979521806 ], [ -52.169779465326982, -32.059384525963296 ] ] } },
{ "type": "Feature", "properties": { "tipo": "avenida", "nome": "PRESIDENTE VARGAS", "drenagem": 1.0, "iluminacao": 1.0, "compriment": 112.23383959555346 }, "geometry": { "type": "LineString", "coordinates": [ [ -52.123486511509043, -32.052901220229828 ], [ -52.123493762044319, -32.052904253432125 ] ] } },
{ "type": "Feature", "properties": { "tipo": "rua", "nome": "VISCONDE DE MAUA", "drenagem": 1.0, "iluminacao": 1.0, "compriment": 118.3756835887293 }, "geometry": { "type": "LineString", "coordinates": [ [ -52.138897050630163, -32.047237289969878 ], [ -52.137786571000895, -32.046742263613034 ] ] } },
{ "type": "Feature", "properties": { "tipo": "rua", "nome": "VISCONDE DE PARANAGUA", "drenagem": 1.0, "iluminacao": 1.0, "compriment": 136.6811490935273 }, "geometry": { "type": "LineString", "coordinates": [ [ -52.102272406274743, -32.028593286147675 ], [ -52.102048654434462, -32.029811071959003 ] ] } },
{ "type": "Feature", "properties": { "tipo": "avenida", "nome": "PORTUGAL", "drenagem": 1.0, "iluminacao": 1.0, "compriment": 23.115631356330702 }, "geometry": { "type": "MultiLineString", "coordinates": [ [ [ -52.107905667233695, -32.032654746665997 ], [ -52.107857391608789, -32.03263827364065 ] ], [ [ -52.107716093361077, -32.032590058633154 ], [ -52.107678500605779, -32.032577230908764 ] ] ] } },
{ "type": "Feature", "properties": { "tipo": "rua", "nome": "PADRE FEIJO", "drenagem": 1.0, "iluminacao": 1.0, "compriment": 42.539831332366269 }, "geometry": { "type": "LineString", "coordinates": [ [ -52.115288690134228, -32.032066485248173 ], [ -52.115514557789716, -32.031734593506059 ] ] } },
{ "type": "Feature", "properties": { "tipo": "rua", "nome": "VENANCIO AYRES", "drenagem": 0.0, "iluminacao": 1.0, "compriment": 10.77608288745571 }, "geometry": { "type": "LineString", "coordinates": [ [ -52.121398627953802, -32.038178125193333 ], [ -52.121440440064177, -32.038153090934031 ], [ -52.121502416165157, -32.038162632699148 ] ] } },
{ "type": "Feature", "properties": { "tipo": "rua", "nome": "DOUTOR CARNEIRO JUNIOR", "drenagem": 0.0, "iluminacao": 1.0, "compriment": 39.315803822245336 }, "geometry": { "type": "LineString", "coordinates": [ [ -52.114583204848174, -32.033321988297253 ], [ -52.114213109299925, -32.033159759192898 ] ] } },
{ "type": "Feature", "properties": { "tipo": "rua", "nome": "PADRE FEIJO", "drenagem": 1.0, "iluminacao": 1.0, "compriment": 186.56027039158536 }, "geometry": { "type": "LineString", "coordinates": [ [ -52.114583204848174, -32.033321988297253 ], [ -52.113724565618433, -32.03483710929541 ] ] } },
{ "type": "Feature", "properties": { "tipo": "avenida", "nome": "PORTUGAL", "drenagem": 1.0, "iluminacao": 1.0, "compriment": 40.759473136055306 }, "geometry": { "type": "MultiLineString", "coordinates": [ [ [ -52.113324938844585, -32.034698439703284 ], [ -52.113404232993524, -32.034725954594705 ] ], [ [ -52.113418781093593, -32.034731002752721 ], [ -52.113724565618433, -32.03483710929541 ] ] ] } },
{ "type": "Feature", "properties": { "tipo": "rua", "nome": "SEM DENOMINACAO", "drenagem": 0.0, "iluminacao": 1.0, "compriment": 100.40673714939274 }, "geometry": { "type": "MultiLineString", "coordinates": [ [ [ -52.11970556920685, -32.037222588505365 ], [ -52.119708864367666, -32.037224549870487 ] ], [ [ -52.119745869130647, -32.037246576064476 ], [ -52.119762554025996, -32.037256507346612 ] ] ] } },
{ "type": "Feature", "properties": { "tipo": "rua", "nome": "SEM DENOMINACAO", "drenagem": null, "iluminacao": null, "compriment": 74.735807936432863 }, "geometry": { "type": "MultiLineString", "coordinates": [ [ [ -52.123747850347293, -32.039268940671526 ], [ -52.123695261663336, -32.0392449927526 ] ], [ [ -52.123683300942929, -32.039239546060635 ], [ -52.123614661815729, -32.039208289065222 ] ], [ [ -52.123605196562877, -32.039203978763254 ], [ -52.123565748406229, -32.039186014798652 ], [ -52.123468383019635, -32.039134746054138 ], [ -52.123342647675507, -32.039077562507849 ], [ -52.123172359930578, -32.038982655814436 ], [ -52.123065097346469, -32.038929232214208 ] ] ] } },
{ "type": "Feature", "properties": { "tipo": "rua", "nome": "SEM DENOMINACAO", "drenagem": null, "iluminacao": null, "compriment": 13.905946684460211 }, "geometry": { "type": "LineString", "coordinates": [ [ -52.123747850347293, -32.039268940671526 ], [ -52.123819197226062, -32.039159244118792 ] ] } },
{ "type": "Feature", "properties": { "tipo": "rua", "nome": "SEM DENOMINACAO", "drenagem": null, "iluminacao": null, "compriment": 23.058195341216837 }, "geometry": { "type": "MultiLineString", "coordinates": [ [ [ -52.123065097346469, -32.038929232214208 ], [ -52.123050462882489, -32.038951270193081 ] ], [ [ -52.123046361403063, -32.038957446594011 ], [ -52.122944906986781, -32.039110226380522 ] ] ] } },
{ "type": "Feature", "properties": { "tipo": "avenida", "nome": "PORTUGAL", "drenagem": 1.0, "iluminacao": 1.0, "compriment": 37.826406341338917 }, "geometry": { "type": "MultiLineString", "coordinates": [ [ [ -52.11917954384699, -32.036902150480067 ], [ -52.11934286989262, -32.03696138600472 ] ], [ [ -52.119383169816423, -32.036976002088274 ], [ -52.119401776273648, -32.036982750327674 ] ] ] } },
{ "type": "Feature", "properties": { "tipo": "avenida", "nome": "PORTUGAL", "drenagem": 1.0, "iluminacao": 1.0, "compriment": 35.831144366546361 }, "geometry": { "type": "MultiLineString", "coordinates": [ [ [ -52.119079998284882, -32.037068194735362 ], [ -52.119141370273603, -32.037091366878357 ] ], [ [ -52.119173902684778, -32.037103650099084 ], [ -52.11922197012121, -32.037121798859353 ] ], [ [ -52.119262270045013, -32.037137014849847 ], [ -52.119302569968816, -32.037152230840348 ] ] ] } },
{ "type": "Feature", "properties": { "tipo": "avenida", "nome": "PORTUGAL", "drenagem": 1.0, "iluminacao": 1.0, "compriment": 17.66132610181776 }, "geometry": { "type": "MultiLineString", "coordinates": [ [ [ -52.118960432938749, -32.037023050251477 ], [ -52.118980170578396, -32.037030502624461 ] ], [ [ -52.11905928171057, -32.037060372744413 ], [ -52.119079998284882, -32.037068194735362 ] ] ] } },
{ "type": "Feature", "properties": { "tipo": "rua", "nome": "CORREDOR DO BOSQUE SILVEIRA", "drenagem": 1.0, "iluminacao": 1.0, "compriment": 141.61756485593182 }, "geometry": { "type": "MultiLineString", "coordinates": [ [ [ -52.170057508516216, -32.058940982923403 ], [ -52.17048747443102, -32.059099406030505 ] ], [ [ -52.170563476037323, -32.059127409205175 ], [ -52.170644672893737, -32.059157326595923 ] ] ] } },
{ "type": "Feature", "properties": { "tipo": "rua", "nome": "CARAMURÚ", "drenagem": 1.0, "iluminacao": 1.0, "compriment": 8.9978628954728297 }, "geometry": { "type": "LineString", "coordinates": [ [ -52.110214946914752, -32.0360155521564 ], [ -52.110194787189357, -32.036051233115096 ] ] } },
{ "type": "Feature", "properties": { "tipo": "rua", "nome": "GENERAL OSORIO", "drenagem": 1.0, "iluminacao": 1.0, "compriment": 141.04996305613395 }, "geometry": { "type": "LineString", "coordinates": [ [ -52.097604070577532, -32.03006762898093 ], [ -52.099093277778977, -32.029974816926163 ] ] } },
{ "type": "Feature", "properties": { "tipo": "rua", "nome": "FELIPE CAMARAO", "drenagem": 0.0, "iluminacao": 1.0, "compriment": 24.86750239454561 }, "geometry": { "type": "MultiLineString", "coordinates": [ [ [ -52.159590949874804, -32.053197838813368 ], [ -52.15950437022984, -32.053344519391658 ] ], [ [ -52.159480582805934, -32.053384819315461 ], [ -52.159472681916647, -32.053398204759695 ] ] ] } },
{ "type": "Feature", "properties": { "tipo": "rua", "nome": "GENERAL BOEHM", "drenagem": 0.0, "iluminacao": 1.0, "compriment": 123.01873679269525 }, "geometry": { "type": "LineString", "coordinates": [ [ -52.157948434920954, -32.053501704412383 ], [ -52.159078594762299, -32.053930495457408 ] ] } },
{ "type": "Feature", "properties": { "tipo": "rua", "nome": "VALPORTO", "drenagem": 1.0, "iluminacao": 1.0, "compriment": 123.40883783120286 }, "geometry": { "type": "LineString", "coordinates": [ [ -52.094587105940839, -32.041569200352491 ], [ -52.093304098631179, -32.04177973533087 ] ] } },
{ "type": "Feature", "properties": { "tipo": "rua", "nome": "DOUTORA RITA LOBATO", "drenagem": 1.0, "iluminacao": 1.0, "compriment": 30.460860002967966 }, "geometry": { "type": "LineString", "coordinates": [ [ -52.092979390069928, -32.043192076141317 ], [ -52.092994290429154, -32.043466483214068 ] ] } },
{ "type": "Feature", "properties": { "tipo": "rua", "nome": "DOUTORA RITA LOBATO", "drenagem": 1.0, "iluminacao": 1.0, "compriment": 52.289147255831537 }, "geometry": { "type": "LineString", "coordinates": [ [ -52.093041112267862, -32.044680228156629 ], [ -52.093067278250231, -32.045151252122253 ] ] } },
{ "type": "Feature", "properties": { "tipo": "rua", "nome": "DOUTOR NEWTON AZEVEDO", "drenagem": 1.0, "iluminacao": 1.0, "compriment": 167.81965628600193 }, "geometry": { "type": "MultiLineString", "coordinates": [ [ [ -52.11438597926486, -32.050237158156882 ], [ -52.114382916000196, -32.050242956891161 ] ], [ [ -52.11425599102585, -32.050483224801653 ], [ -52.114224779569646, -32.050542307826113 ] ], [ [ -52.114213412998808, -32.050563824649259 ], [ -52.11418447964585, -32.050618595243414 ] ], [ [ -52.114170834971766, -32.050644424496859 ], [ -52.114144179722047, -32.050694882660721 ] ], [ [ -52.114128256944724, -32.050725024344466 ], [ -52.114075118424367, -32.050825615117226 ] ] ] } },
{ "type": "Feature", "properties": { "tipo": "rua", "nome": "SEM DENOMINACAO", "drenagem": 1.0, "iluminacao": 1.0, "compriment": 121.5852289813262 }, "geometry": { "type": "LineString", "coordinates": [ [ -52.104955797094981, -32.044605840350087 ], [ -52.104921937948326, -32.044639735850225 ] ] } },
{ "type": "Feature", "properties": { "tipo": "rua", "nome": "SENADOR CORREA", "drenagem": 1.0, "iluminacao": 1.0, "compriment": 75.472676649246864 }, "geometry": { "type": "LineString", "coordinates": [ [ -52.098363943297805, -32.040057301780017 ], [ -52.098835809638764, -32.039964944689089 ] ] } },
{ "type": "Feature", "properties": { "tipo": "avenida", "nome": "SILVA PAES", "drenagem": 1.0, "iluminacao": 1.0, "compriment": 47.570771814985122 }, "geometry": { "type": "LineString", "coordinates": [ [ -52.092019521554242, -32.033921875774254 ], [ -52.092030037307488, -32.033919956118652 ] ] } },
{ "type": "Feature", "properties": { "tipo": "rua", "nome": "HONORATO CARVALHO", "drenagem": 0.0, "iluminacao": 1.0, "compriment": 74.175239275558994 }, "geometry": { "type": "LineString", "coordinates": [ [ -52.141297375754284, -32.049289566054526 ], [ -52.142000038573755, -32.049588413741674 ] ] } },
{ "type": "Feature", "properties": { "tipo": "rua", "nome": "RAFAEL ANSELMI", "drenagem": 0.0, "iluminacao": 1.0, "compriment": 100.64822441722789 }, "geometry": { "type": "LineString", "coordinates": [ [ -52.142644313011232, -32.047234490244996 ], [ -52.142451793540218, -32.048127216024511 ] ] } },
{ "type": "Feature", "properties": { "tipo": "avenida", "nome": "BUARQUE DE MACEDO", "drenagem": 1.0, "iluminacao": 1.0, "compriment": 25.274710959997201 }, "geometry": { "type": "LineString", "coordinates": [ [ -52.103271953174762, -32.040385449686134 ], [ -52.1032310430518, -32.040367943927116 ] ] } },
{ "type": "Feature", "properties": { "tipo": "rua", "nome": "MARECHAL DEODORO", "drenagem": 1.0, "iluminacao": 1.0, "compriment": 145.6913177083153 }, "geometry": { "type": "MultiLineString", "coordinates": [ [ [ -52.111527057106265, -32.028967409510301 ], [ -52.111526948063819, -32.028967592268813 ] ], [ [ -52.111242585208231, -32.029444193195495 ], [ -52.11124111066438, -32.029446664576525 ] ], [ [ -52.111048751803608, -32.029769063966945 ], [ -52.111041085589221, -32.029781912778979 ] ], [ [ -52.111000662088415, -32.029849663814552 ], [ -52.110828228773165, -32.030138667375404 ] ] ] } },
{ "type": "Feature", "properties": { "tipo": "rua", "nome": "SEM DENOMINACAO", "drenagem": null, "iluminacao": null, "compriment": 95.305710602624515 }, "geometry": { "type": "MultiLineString", "coordinates": [ [ [ -52.123616280792504, -32.039463375114856 ], [ -52.123957910608397, -32.039602245374859 ] ], [ [ -52.123982322834074, -32.039612168783087 ], [ -52.124038230684882, -32.039634894954567 ], [ -52.124153811090039, -32.039682845222465 ] ], [ [ -52.124219160672773, -32.039709956478866 ], [ -52.124250950933572, -32.039723145146269 ] ], [ [ -52.12429976052038, -32.039743394536814 ], [ -52.124525056248991, -32.039836861855335 ] ] ] } },
{ "type": "Feature", "properties": { "tipo": "rua", "nome": "DOUTOR CARNEIRO JUNIOR", "drenagem": 0.0, "iluminacao": 1.0, "compriment": 198.30450631820452 }, "geometry": { "type": "LineString", "coordinates": [ [ -52.114213109299925, -32.033159759192898 ], [ -52.1145888128707, -32.032450156420396 ], [ -52.114913639220923, -32.031886744505549 ], [ -52.115141276956081, -32.031557377908221 ] ] } },
{ "type": "Feature", "properties": { "tipo": "rua", "nome": "SEM DENOMINACAO", "drenagem": 0.0, "iluminacao": 0.0, "compriment": 38.21892070927764 }, "geometry": { "type": "LineString", "coordinates": [ [ -52.122680086832325, -32.038947076487908 ], [ -52.122647124520761, -32.038996390023023 ] ] } },
{ "type": "Feature", "properties": { "tipo": "rua", "nome": "SEM DENOMINACAO", "drenagem": null, "iluminacao": null, "compriment": 42.117053306150709 }, "geometry": { "type": "LineString", "coordinates": [ [ -52.120725811003531, -32.037335043735588 ], [ -52.120706999483481, -32.037411445524924 ], [ -52.120671516754228, -32.037523870203756 ], [ -52.120599193229125, -32.037667849032324 ] ] } },
{ "type": "Feature", "properties": { "tipo": "avenida", "nome": "QUINZE DE NOVEMBRO", "drenagem": 0.0, "iluminacao": 1.0, "compriment": 68.605737281799051 }, "geometry": { "type": "LineString", "coordinates": [ [ -52.120340142934126, -32.037224099074528 ], [ -52.12021857852114, -32.037184813258044 ], [ -52.120033572787207, -32.037123665578662 ], [ -52.119906853773259, -32.037093393882934 ], [ -52.119862136763949, -32.037096031092837 ], [ -52.119805971388445, -32.037131281599784 ], [ -52.11970556920685, -32.03719927842414 ] ] } },
{ "type": "Feature", "properties": { "tipo": "rua", "nome": "VISCONDE DE RIO BRANCO", "drenagem": 1.0, "iluminacao": 1.0, "compriment": 117.21711856386851 }, "geometry": { "type": "MultiLineString", "coordinates": [ [ [ -52.106789350103426, -32.034608592873482 ], [ -52.106930493361318, -32.034671259080369 ] ], [ [ -52.106962916586667, -32.034685654670902 ], [ -52.107011093208925, -32.034707044613448 ] ], [ [ -52.107053684208026, -32.034725954594705 ], [ -52.107131992980335, -32.034760722913077 ] ], [ [ -52.107144451829384, -32.034766254518509 ], [ -52.107212592827942, -32.034796508446163 ] ], [ [ -52.107333492599352, -32.034850186745786 ], [ -52.107373792523155, -32.034868079512329 ] ], [ [ -52.107779825178895, -32.035048353985133 ], [ -52.107817091684986, -32.035064899944288 ] ] ] } },
{ "type": "Feature", "properties": { "tipo": "rua", "nome": "VISCONDE DE RIO BRANCO", "drenagem": 1.0, "iluminacao": 1.0, "compriment": 119.31417501754575 }, "geometry": { "type": "MultiLineString", "coordinates": [ [ [ -52.110194787189357, -32.036078902408931 ], [ -52.110235087113161, -32.036095838800072 ] ], [ [ -52.110235832377882, -32.036096152004006 ], [ -52.110315686960767, -32.036129711582355 ] ], [ [ -52.110331725525661, -32.03613645192781 ], [ -52.110396286808374, -32.036163584364637 ] ], [ [ -52.110436586732177, -32.036180520755778 ], [ -52.110476886655981, -32.036197457146919 ] ] ] } },
{ "type": "Feature", "properties": { "tipo": "avenida", "nome": "ALMIRANTE TAMANDARE", "drenagem": 1.0, "iluminacao": 1.0, "compriment": 74.565356135964493 }, "geometry": { "type": "MultiLineString", "coordinates": [ [ [ -52.096429534953494, -32.043740271663253 ], [ -52.096424674615122, -32.043954637145575 ] ], [ [ -52.096423760889351, -32.043994937069378 ], [ -52.096421933437803, -32.044075536916985 ] ], [ [ -52.096420105986262, -32.044156136764592 ], [ -52.096414291447417, -32.044412587309594 ] ] ] } },
{ "type": "Feature", "properties": { "tipo": "rua", "nome": "QUINTINO BOCAIUVA", "drenagem": 1.0, "iluminacao": 1.0, "compriment": 111.61414795253371 }, "geometry": { "type": "LineString", "coordinates": [ [ -52.15413157236469, -32.050955544078001 ], [ -52.153649157290332, -32.051874422855001 ] ] } },
{ "type": "Feature", "properties": { "tipo": "rua", "nome": "EDGAR FONTOURA", "drenagem": 1.0, "iluminacao": 1.0, "compriment": 40.789861152757851 }, "geometry": { "type": "LineString", "coordinates": [ [ -52.087058184566025, -32.037356666602335 ], [ -52.087482115165386, -32.037286564151884 ] ] } },
{ "type": "Feature", "properties": { "tipo": "rua", "nome": "1 NOVA", "drenagem": 1.0, "iluminacao": 1.0, "compriment": 132.05127390298901 }, "geometry": { "type": "MultiLineString", "coordinates": [ [ [ -52.087022288533291, -32.037667870267015 ], [ -52.087026939409199, -32.037627549108521 ] ], [ [ -52.087031587835767, -32.037587249184718 ], [ -52.087040884688911, -32.037506649337111 ] ], [ [ -52.087045533115479, -32.037466349413307 ], [ -52.087058184566025, -32.037356666602335 ] ] ] } },
{ "type": "Feature", "properties": { "tipo": "rua", "nome": "DUQUE DE CAXIAS", "drenagem": 1.0, "iluminacao": 1.0, "compriment": 109.87920693191398 }, "geometry": { "type": "MultiLineString", "coordinates": [ [ [ -52.097941937189049, -32.03812855316729 ], [ -52.097943610353269, -32.038136030641752 ] ], [ [ -52.097956077712489, -32.038191748041761 ], [ -52.0980462530664, -32.038594747279788 ] ], [ [ -52.098064510124679, -32.038676339203263 ], [ -52.098145445955701, -32.039038046441618 ] ] ] } },
{ "type": "Feature", "properties": { "tipo": "rua", "nome": "MARECHAL DEODORO", "drenagem": 1.0, "iluminacao": 1.0, "compriment": 91.050913414782855 }, "geometry": { "type": "MultiLineString", "coordinates": [ [ [ -52.108377332051234, -32.034285623862587 ], [ -52.108160965741448, -32.034645354747106 ] ], [ [ -52.108139491075406, -32.034681058552458 ], [ -52.108136726661144, -32.034685654670902 ] ] ] } },
{ "type": "Feature", "properties": { "tipo": "rua", "nome": "DUQUE DE CAXIAS", "drenagem": 1.0, "iluminacao": 1.0, "compriment": 104.42507379125352 }, "geometry": { "type": "MultiLineString", "coordinates": [ [ [ -52.098363943297805, -32.040057301780017 ], [ -52.09837868632922, -32.040126144384303 ] ], [ [ -52.098415769503426, -32.04029930431426 ], [ -52.098430469063082, -32.040367943927116 ] ], [ [ -52.098467509362706, -32.040540903654147 ], [ -52.098473621341306, -32.040569443546133 ] ], [ [ -52.098499512708237, -32.040690343317543 ], [ -52.098525404075168, -32.040811243088946 ] ] ] } },
{ "type": "Feature", "properties": { "tipo": "rua", "nome": "BENTO GONCALVES", "drenagem": 1.0, "iluminacao": 1.0, "compriment": 117.53566490268619 }, "geometry": { "type": "LineString", "coordinates": [ [ -52.105363976110112, -32.037049163937461 ], [ -52.105486569147466, -32.037103650099084 ] ] } },
{ "type": "Feature", "properties": { "tipo": "rua", "nome": "TRES DE JULHO", "drenagem": 1.0, "iluminacao": 1.0, "compriment": 52.346901743822784 }, "geometry": { "type": "LineString", "coordinates": [ [ -52.105913067679815, -32.029452977195092 ], [ -52.105992598313712, -32.028985791299206 ] ] } },
{ "type": "Feature", "properties": { "tipo": "rua", "nome": "DUQUE DE CAXIAS", "drenagem": 1.0, "iluminacao": 1.0, "compriment": 14.786986670964019 }, "geometry": { "type": "LineString", "coordinates": [ [ -52.098569234351167, -32.041012742707963 ], [ -52.098593389986725, -32.041114438272871 ] ] } },
{ "type": "Feature", "properties": { "tipo": "rua", "nome": "ZALONY", "drenagem": 1.0, "iluminacao": 1.0, "compriment": 82.085591734712636 }, "geometry": { "type": "LineString", "coordinates": [ [ -52.094511736256706, -32.031012720990688 ], [ -52.094515193136161, -32.031098961452443 ] ] } },
{ "type": "Feature", "properties": { "tipo": "avenida", "nome": "MAJOR CARLOS PINTO", "drenagem": 1.0, "iluminacao": 1.0, "compriment": 28.497593166041327 }, "geometry": { "type": "MultiLineString", "coordinates": [ [ [ -52.104126500912415, -32.038658409769184 ], [ -52.104069198771313, -32.038753332029067 ] ], [ [ -52.104067620195316, -32.038755946975002 ], [ -52.103988530891598, -32.038886960150037 ] ] ] } },
{ "type": "Feature", "properties": { "tipo": "rua", "nome": "SAO VICENTE DE PAULA", "drenagem": 1.0, "iluminacao": 1.0, "compriment": 179.55044320594956 }, "geometry": { "type": "MultiLineString", "coordinates": [ [ [ -52.083154853877588, -32.045544908154461 ], [ -52.083193750339788, -32.045687489918294 ] ], [ [ -52.083193838241399, -32.045687812136961 ], [ -52.083215750056816, -32.045768133716706 ] ], [ [ -52.083234138165203, -32.045835538533986 ], [ -52.083248731647608, -32.045889033488116 ] ] ] } },
{ "type": "Feature", "properties": { "tipo": "rua", "nome": "CARLOS VIGNOLI", "drenagem": 1.0, "iluminacao": 1.0, "compriment": 56.382187180557814 }, "geometry": { "type": "LineString", "coordinates": [ [ -52.083307103868165, -32.048750880437744 ], [ -52.083887371960785, -32.048631359517003 ] ] } },
{ "type": "Feature", "properties": { "tipo": "rua", "nome": "PERO VAZ DE CAMINHA", "drenagem": 0.0, "iluminacao": 1.0, "compriment": 71.447068538652218 }, "geometry": { "type": "LineString", "coordinates": [ [ -52.09834269003386, -32.046063415704545 ], [ -52.099085285233038, -32.045940506745133 ] ] } },
{ "type": "Feature", "properties": { "tipo": "rua", "nome": "NICOLAU COELHO", "drenagem": 1.0, "iluminacao": 1.0, "compriment": 159.07254988883309 }, "geometry": { "type": "LineString", "coordinates": [ [ -52.096397366780302, -32.045077946108769 ], [ -52.098043699365078, -32.044775259885995 ] ] } },
{ "type": "Feature", "properties": { "tipo": "avenida", "nome": "MAJOR CARLOS PINTO", "drenagem": 1.0, "iluminacao": 1.0, "compriment": 112.71272105764677 }, "geometry": { "type": "MultiLineString", "coordinates": [ [ [ -52.10517482710739, -32.036876683129655 ], [ -52.104915497171177, -32.037303936237876 ] ], [ [ -52.104914760624759, -32.037305149718094 ], [ -52.104767995489972, -32.037546949260914 ] ] ] } },
{ "type": "Feature", "properties": { "tipo": "avenida", "nome": "MAJOR CARLOS PINTO", "drenagem": 1.0, "iluminacao": 1.0, "compriment": 110.32588564087122 }, "geometry": { "type": "MultiLineString", "coordinates": [ [ [ -52.105698027736466, -32.035987146977583 ], [ -52.105560295952024, -32.036221316041498 ] ], [ [ -52.105539100772106, -32.03625735169922 ], [ -52.105237896561597, -32.036769453595724 ] ], [ [ -52.105230957825164, -32.036781250708657 ], [ -52.10517482710739, -32.036876683129655 ] ] ] } },
{ "type": "Feature", "properties": { "tipo": "rua", "nome": "SEM DENOMINACAO", "drenagem": null, "iluminacao": null, "compriment": 72.838315666384759 }, "geometry": { "type": "LineString", "coordinates": [ [ -52.122017118135126, -32.038600917066134 ], [ -52.121922065016008, -32.038562964520018 ] ] } },
{ "type": "Feature", "properties": { "tipo": "avenida", "nome": "PORTUGAL", "drenagem": 1.0, "iluminacao": 1.0, "compriment": 121.90845958710943 }, "geometry": { "type": "LineString", "coordinates": [ [ -52.111280130160928, -32.034190223397822 ], [ -52.112468060098514, -32.034619959734272 ] ] } },
{ "type": "Feature", "properties": { "tipo": "rua", "nome": "COMENDADOR HENRIQUE PANCADA", "drenagem": 1.0, "iluminacao": 0.0, "compriment": 119.61224818602412 }, "geometry": { "type": "MultiLineString", "coordinates": [ [ [ -52.124821695008102, -32.040247044155706 ], [ -52.124823659529817, -32.040247885583355 ] ], [ [ -52.124915785183966, -32.040287344079509 ], [ -52.124944559301227, -32.040299668370778 ] ], [ [ -52.125009875359829, -32.040327644003312 ], [ -52.125025159148834, -32.040334190229061 ] ], [ [ -52.1251039655357, -32.040367943927116 ], [ -52.125146058920244, -32.040385973016491 ] ], [ [ -52.125198055711564, -32.040408243850919 ], [ -52.125266958691647, -32.040437755803914 ] ], [ [ -52.125292145887428, -32.040448543774723 ], [ -52.125549058158271, -32.040558582307909 ] ], [ [ -52.12557441641502, -32.040569443546133 ], [ -52.125727275413944, -32.040634914844837 ] ] ] } },
{ "type": "Feature", "properties": { "tipo": "rua", "nome": "VISCONDE DO RIO GRANDE", "drenagem": 1.0, "iluminacao": 1.0, "compriment": 9.043551934064924 }, "geometry": { "type": "LineString", "coordinates": [ [ -52.109547358850428, -32.034698964476974 ], [ -52.109501500030511, -32.034770556436406 ] ] } },
{ "type": "Feature", "properties": { "tipo": "rua", "nome": "VISCONDE DE MAUA", "drenagem": 1.0, "iluminacao": 1.0, "compriment": 119.97027225869127 }, "geometry": { "type": "MultiLineString", "coordinates": [ [ [ -52.110653204796918, -32.035255696026823 ], [ -52.111282885132034, -32.0355237568169 ] ], [ [ -52.111302138301724, -32.035531953070766 ], [ -52.111363484979641, -32.035558068923578 ] ], [ [ -52.111396803655502, -32.035572252994569 ], [ -52.111508067854558, -32.035619619201583 ] ], [ [ -52.111605284522462, -32.035661005243604 ], [ -52.111641852736462, -32.035676572673282 ], [ -52.11179238937887, -32.03570035014728 ] ] ] } },
{ "type": "Feature", "properties": { "tipo": "rua", "nome": "SENADOR CORREA", "drenagem": 1.0, "iluminacao": 1.0, "compriment": 7.291659035028494 }, "geometry": { "type": "LineString", "coordinates": [ [ -52.098288073000496, -32.0400694520401 ], [ -52.098363943297805, -32.040057301780017 ] ] } },
{ "type": "Feature", "properties": { "tipo": "rua", "nome": "ZALONY", "drenagem": 1.0, "iluminacao": 1.0, "compriment": 109.78585360349599 }, "geometry": { "type": "MultiLineString", "coordinates": [ [ [ -52.095654151416682, -32.03670065086105 ], [ -52.095663283970715, -32.036740950784854 ] ], [ [ -52.095691175784737, -32.036864031138478 ], [ -52.095708946740878, -32.03694245040387 ] ], [ [ -52.095727114544111, -32.037022620866956 ], [ -52.09573634440298, -32.037063350175281 ] ], [ [ -52.095763742065074, -32.037184249946684 ], [ -52.095791139727169, -32.037305149718094 ] ], [ [ -52.095800272281203, -32.037345449641897 ], [ -52.09581853738927, -32.037426049489504 ] ], [ [ -52.095827669943304, -32.037466349413307 ], [ -52.095868944490995, -32.037648484785414 ] ] ] } },
{ "type": "Feature", "properties": { "tipo": "rua", "nome": "DOM BOSCO", "drenagem": 1.0, "iluminacao": 1.0, "compriment": 44.887907699102179 }, "geometry": { "type": "MultiLineString", "coordinates": [ [ [ -52.129133780061892, -32.048150672570834 ], [ -52.129176051300533, -32.048167022546167 ] ], [ [ -52.129225449515367, -32.048186129144881 ], [ -52.129296951071943, -32.048213785033937 ] ] ] } },
{ "type": "Feature", "properties": { "tipo": "rua", "nome": "VICE ALMIRANTE ABREU", "drenagem": 1.0, "iluminacao": 1.0, "compriment": 67.987670381425019 }, "geometry": { "type": "LineString", "coordinates": [ [ -52.094130658711705, -32.038924207679088 ], [ -52.094826911485058, -32.038768659878208 ] ] } },
{ "type": "Feature", "properties": { "tipo": "rua", "nome": "GENERAL FLORES DA CUNHA", "drenagem": 1.0, "iluminacao": 1.0, "compriment": 91.454410954986912 }, "geometry": { "type": "LineString", "coordinates": [ [ -52.081578476324687, -32.047541330364034 ], [ -52.081805566724491, -32.048329502338873 ] ] } },
{ "type": "Feature", "properties": { "tipo": "rua", "nome": "DOM PEDRO I", "drenagem": 1.0, "iluminacao": 1.0, "compriment": 20.773138762350602 }, "geometry": { "type": "LineString", "coordinates": [ [ -52.117162473601283, -32.03625735169922 ], [ -52.117139529370263, -32.036297651623023 ] ] } },
{ "type": "Feature", "properties": { "tipo": "rua", "nome": "DOM MANOEL I", "drenagem": 1.0, "iluminacao": 1.0, "compriment": 64.347661226838696 }, "geometry": { "type": "LineString", "coordinates": [ [ -52.098094946023203, -32.04209696388736 ], [ -52.098759113794152, -32.04196769047973 ] ] } },
{ "type": "Feature", "properties": { "tipo": "rua", "nome": "EDUARDO ARAÚJO", "drenagem": 0.0, "iluminacao": 1.0, "compriment": 102.01281314504611 }, "geometry": { "type": "MultiLineString", "coordinates": [ [ [ -52.167863978151338, -32.060520225861538 ], [ -52.167904278075142, -32.06054091378801 ] ], [ [ -52.167937962690537, -32.060558205752379 ], [ -52.167984877922748, -32.060582289640948 ] ], [ [ -52.168016466636345, -32.060598505676182 ], [ -52.168025177846552, -32.06060297756742 ] ], [ [ -52.16809497058216, -32.060638805599986 ], [ -52.168105777694159, -32.060644353420358 ] ] ] } },
{ "type": "Feature", "properties": { "tipo": "rua", "nome": "AMAPA", "drenagem": 0.0, "iluminacao": 1.0, "compriment": 89.923862835913852 }, "geometry": { "type": "LineString", "coordinates": [ [ -52.132541921066952, -32.043646937713511 ], [ -52.132094064940759, -32.044362565057824 ] ] } },
{ "type": "Feature", "properties": { "tipo": "avenida", "nome": "ARGENTINA", "drenagem": 1.0, "iluminacao": 1.0, "compriment": 40.116043262974159 }, "geometry": { "type": "LineString", "coordinates": [ [ -52.139095390299097, -32.046917380717147 ], [ -52.138897050630163, -32.047237289969878 ] ] } },
{ "type": "Feature", "properties": { "tipo": "rua", "nome": "ANTONIO RIBEIRO CARDOSO", "drenagem": 1.0, "iluminacao": 1.0, "compriment": 98.571834910485194 }, "geometry": { "type": "LineString", "coordinates": [ [ -52.130989547871664, -32.045907824522601 ], [ -52.130529353535742, -32.04667879648968 ] ] } },
{ "type": "Feature", "properties": { "tipo": "avenida", "nome": "ARGENTINA", "drenagem": 1.0, "iluminacao": 1.0, "compriment": 100.53104596228432 }, "geometry": { "type": "LineString", "coordinates": [ [ -52.138897050630163, -32.047237289969878 ], [ -52.138698264536011, -32.047581630287837 ] ] } },
{ "type": "Feature", "properties": { "tipo": "avenida", "nome": "URUGUAI", "drenagem": 1.0, "iluminacao": 1.0, "compriment": 68.236003942566015 }, "geometry": { "type": "MultiLineString", "coordinates": [ [ [ -52.130887906238691, -32.048871227849531 ], [ -52.130949247947861, -32.048895558065318 ] ], [ [ -52.130989511018008, -32.048911527773335 ], [ -52.131029847795467, -32.048927526716191 ] ], [ [ -52.131091115797325, -32.048951827697138 ], [ -52.131150747566878, -32.048975479692501 ] ], [ [ -52.131294325355952, -32.049032427544745 ], [ -52.131311947262091, -32.049039416994255 ] ] ] } },
{ "type": "Feature", "properties": { "tipo": "rua", "nome": "PERU", "drenagem": 1.0, "iluminacao": 1.0, "compriment": 82.991708620637922 }, "geometry": { "type": "MultiLineString", "coordinates": [ [ [ -52.140014532909731, -32.047735422523907 ], [ -52.140016730803517, -32.047731952568327 ] ], [ [ -52.140035367223611, -32.047702530059247 ], [ -52.140060893473191, -32.047662230135444 ] ], [ [ -52.140086419722763, -32.047621930211641 ], [ -52.140431752333463, -32.047076731518892 ] ] ] } },
{ "type": "Feature", "properties": { "tipo": "rua", "nome": "MAJOR MIGUEL PEREIRA", "drenagem": 1.0, "iluminacao": 1.0, "compriment": 126.95491614883676 }, "geometry": { "type": "LineString", "coordinates": [ [ -52.093058112613775, -32.041113213370529 ], [ -52.092221354674116, -32.041904105365639 ], [ -52.092181885927452, -32.041976968744549 ] ] } },
{ "type": "Feature", "properties": { "tipo": "rua", "nome": "VALPORTO", "drenagem": 1.0, "iluminacao": 1.0, "compriment": 103.77581754041735 }, "geometry": { "type": "LineString", "coordinates": [ [ -52.092181885927452, -32.041976968744549 ], [ -52.091117435749339, -32.042208943611996 ] ] } },
{ "type": "Feature", "properties": { "tipo": "rua", "nome": "CORONEL SAMPAIO", "drenagem": 1.0, "iluminacao": 1.0, "compriment": 7.333016739334882 }, "geometry": { "type": "LineString", "coordinates": [ [ -52.089093797449664, -32.035929520784734 ], [ -52.089085701738249, -32.03599529051192 ] ] } },
{ "type": "Feature", "properties": { "tipo": "rua", "nome": "VISCONDE DE MAUA", "drenagem": 1.0, "iluminacao": 1.0, "compriment": 117.02425600570137 }, "geometry": { "type": "MultiLineString", "coordinates": [ [ [ -52.107263601891702, -32.033823366354618 ], [ -52.108220090923012, -32.034220360395075 ] ], [ [ -52.108273084376656, -32.034242355509072 ], [ -52.108377332051234, -32.034285623862587 ] ] ] } },
{ "type": "Feature", "properties": { "tipo": "rua", "nome": "CARAMURÚ", "drenagem": 1.0, "iluminacao": 1.0, "compriment": 7.8931133796331716 }, "geometry": { "type": "LineString", "coordinates": [ [ -52.110678386274991, -32.035206490723453 ], [ -52.110653204796918, -32.035255696026823 ] ] } },
{ "type": "Feature", "properties": { "tipo": "avenida", "nome": "CIDADE DE PELOTAS", "drenagem": 1.0, "iluminacao": 1.0, "compriment": 4.0210306412980046 }, "geometry": { "type": "LineString", "coordinates": [ [ -52.129960141627784, -32.045445498993622 ], [ -52.129998154750474, -32.045461829316132 ] ] } },
{ "type": "Feature", "properties": { "tipo": "rua", "nome": "ERNANI FORNARI", "drenagem": 0.0, "iluminacao": 1.0, "compriment": 146.94068116952388 }, "geometry": { "type": "LineString", "coordinates": [ [ -52.095169970529163, -32.044648235717979 ], [ -52.095167636605034, -32.045313689710547 ], [ -52.09514830982878, -32.045973159068438 ] ] } },
{ "type": "Feature", "properties": { "tipo": "rua", "nome": "CARLOS GOMES", "drenagem": 1.0, "iluminacao": 1.0, "compriment": 78.999593102904441 }, "geometry": { "type": "MultiLineString", "coordinates": [ [ [ -52.106696723513878, -32.034271981591793 ], [ -52.106325994504274, -32.034219198672133 ] ], [ [ -52.10620558737908, -32.034202055585268 ], [ -52.106043895037658, -32.034179034473766 ] ], [ [ -52.105922534623843, -32.034161755661465 ], [ -52.105871820377686, -32.034154535169108 ] ] ] } },
{ "type": "Feature", "properties": { "tipo": "rua", "nome": "CARLOS VIGNOLI", "drenagem": 0.0, "iluminacao": 1.0, "compriment": 120.45511041360938 }, "geometry": { "type": "LineString", "coordinates": [ [ -52.079419525221596, -32.049538250221929 ], [ -52.08066214416835, -32.049293425748608 ] ] } },
{ "type": "Feature", "properties": { "tipo": "rua", "nome": "CARLOS VIGNOLI", "drenagem": 1.0, "iluminacao": 1.0, "compriment": 61.305210310990638 }, "geometry": { "type": "LineString", "coordinates": [ [ -52.08066214416835, -32.049293425748608 ], [ -52.081290835398335, -32.049155796891142 ] ] } },
{ "type": "Feature", "properties": { "tipo": "rua", "nome": "CARLOS VIGNOLI", "drenagem": 0.0, "iluminacao": 0.0, "compriment": 5.5398259103212384 }, "geometry": { "type": "LineString", "coordinates": [ [ -52.081290835398335, -32.049155796891142 ], [ -52.081347646789105, -32.049143359948062 ] ] } },
{ "type": "Feature", "properties": { "tipo": "rua", "nome": "CARLOS VIGNOLI", "drenagem": 0.0, "iluminacao": 0.0, "compriment": 44.78140187834579 }, "geometry": { "type": "LineString", "coordinates": [ [ -52.082847182025773, -32.048849112260768 ], [ -52.083307103868165, -32.048750880437744 ] ] } },
{ "type": "Feature", "properties": { "tipo": "rua", "nome": "DOUTOR AUGUSTO BORGES DE MEDEIROS", "drenagem": 0.0, "iluminacao": 1.0, "compriment": 89.590674605667218 }, "geometry": { "type": "MultiLineString", "coordinates": [ [ [ -52.084906378764927, -32.048440158420526 ], [ -52.084971584013189, -32.048533722963889 ], [ -52.084981355018641, -32.048581968317954 ] ], [ [ -52.084998963136215, -32.049032427544745 ], [ -52.084958699324602, -32.049226681886985 ] ] ] } },
{ "type": "Feature", "properties": { "tipo": "rua", "nome": "DOUTOR AUGUSTO BORGES DE MEDEIROS", "drenagem": 0.0, "iluminacao": 0.0, "compriment": 20.927200229002917 }, "geometry": { "type": "LineString", "coordinates": [ [ -52.084958699324602, -32.049226681886985 ], [ -52.084910852977266, -32.049410954139127 ] ] } },
{ "type": "Feature", "properties": { "tipo": "rua", "nome": "EDUARDO CAMPOS LARANJO", "drenagem": 1.0, "iluminacao": 1.0, "compriment": 30.896307766200962 }, "geometry": { "type": "LineString", "coordinates": [ [ -52.093041112267862, -32.044680228156629 ], [ -52.093368233633761, -32.044678519576443 ] ] } },
{ "type": "Feature", "properties": { "tipo": "avenida", "nome": "MAJOR CARLOS PINTO", "drenagem": 0.0, "iluminacao": 1.0, "compriment": 53.670543946422207 }, "geometry": { "type": "LineString", "coordinates": [ [ -52.101779857189669, -32.043173119252884 ], [ -52.101551310646187, -32.043542830264002 ], [ -52.101554735029815, -32.043608946145092 ] ] } },
{ "type": "Feature", "properties": { "tipo": "rua", "nome": "RAFAEL ANSELMI", "drenagem": 0.0, "iluminacao": 1.0, "compriment": 55.276993916619389 }, "geometry": { "type": "MultiLineString", "coordinates": [ [ [ -52.141542837086675, -32.050514128860812 ], [ -52.141540057977117, -32.050523524725456 ] ], [ [ -52.141507827984228, -32.050618659721422 ], [ -52.141496370965633, -32.050644424496859 ] ] ] } },
{ "type": "Feature", "properties": { "tipo": "rua", "nome": "TORQUATO PONTES", "drenagem": 0.0, "iluminacao": 1.0, "compriment": 52.418967213777265 }, "geometry": { "type": "LineString", "coordinates": [ [ -52.168790621669331, -32.058985820816602 ], [ -52.169033632086098, -32.058560806961388 ] ] } },
{ "type": "Feature", "properties": { "tipo": "rua", "nome": "JOÃO DA SILVA SILVEIRA", "drenagem": 0.0, "iluminacao": 1.0, "compriment": 101.31963078860343 }, "geometry": { "type": "MultiLineString", "coordinates": [ [ [ -52.165687782265984, -32.059075187637255 ], [ -52.165692448182995, -32.059067108571675 ] ], [ [ -52.1659698817326, -32.058802244886323 ], [ -52.166204678557826, -32.058869771556935 ] ] ] } },
{ "type": "Feature", "properties": { "tipo": "estrada", "nome": "ALBERTO TORRES", "drenagem": 0.0, "iluminacao": 1.0, "compriment": 75.715697567795502 }, "geometry": { "type": "LineString", "coordinates": [ [ -52.159472681916647, -32.053398204759695 ], [ -52.16016474447882, -32.053742942054392 ] ] } },
{ "type": "Feature", "properties": { "tipo": "estrada", "nome": "ALBERTO TORRES", "drenagem": 0.0, "iluminacao": 1.0, "compriment": 69.740025559647208 }, "geometry": { "type": "LineString", "coordinates": [ [ -52.160358402123585, -32.053915384905842 ], [ -52.160671213165777, -32.054172474844322 ], [ -52.160886943027599, -32.054354600083116 ] ] } },
{ "type": "Feature", "properties": { "tipo": "rua", "nome": "ANTONIO JOAO", "drenagem": 0.0, "iluminacao": 1.0, "compriment": 116.27332690383136 }, "geometry": { "type": "MultiLineString", "coordinates": [ [ [ -52.161226033566699, -32.054640867638341 ], [ -52.16122708174683, -32.05471539744228 ], [ -52.160851791409627, -32.055389867962717 ] ], [ [ -52.160846256376423, -32.055399815505609 ], [ -52.16073731556461, -32.055595603562899 ] ] ] } },
{ "type": "Feature", "properties": { "tipo": "rua", "nome": "CRISTOVAO PEREIRA", "drenagem": 1.0, "iluminacao": 1.0, "compriment": 111.23788382604269 }, "geometry": { "type": "MultiLineString", "coordinates": [ [ [ -52.158594995676665, -32.054827883574895 ], [ -52.158615318671743, -32.054835616572369 ] ], [ [ -52.158715895448076, -32.054873886519999 ], [ -52.158721230403359, -32.054875916496172 ] ], [ [ -52.158796495295682, -32.054904555150074 ], [ -52.15882714213496, -32.054916216419969 ] ], [ [ -52.159038294838496, -32.054996561040284 ], [ -52.159078594762299, -32.055011895355314 ] ], [ [ -52.159118894686102, -32.055027229670351 ], [ -52.159144877329808, -32.055037116191379 ] ], [ [ -52.159250789061424, -32.055077416115182 ], [ -52.159280094381316, -32.055088566930493 ] ] ] } },
{ "type": "Feature", "properties": { "tipo": "rua", "nome": "CRISTOVAO PEREIRA", "drenagem": 1.0, "iluminacao": 1.0, "compriment": 55.500331953870933 }, "geometry": { "type": "MultiLineString", "coordinates": [ [ [ -52.16020699262878, -32.055415880753436 ], [ -52.160287592476386, -32.055443195489566 ] ], [ [ -52.16032789240019, -32.055456852857624 ], [ -52.160529392019207, -32.055525139697941 ] ], [ [ -52.16056969194301, -32.055538797066006 ], [ -52.16073731556461, -32.055595603562899 ] ] ] } },
{ "type": "Feature", "properties": { "tipo": "rua", "nome": "SEM DENOMINACAO", "drenagem": 0.0, "iluminacao": 1.0, "compriment": 78.796384132839322 }, "geometry": { "type": "MultiLineString", "coordinates": [ [ [ -52.161884621792339, -32.055205943501164 ], [ -52.16179363321514, -32.05540184901384 ], [ -52.16167596361322, -32.055561015200816 ] ], [ [ -52.161617489961884, -32.055661553282093 ], [ -52.161606099312692, -32.055681914972226 ] ], [ [ -52.161583554902499, -32.055722214896029 ], [ -52.16154449747728, -32.055792033145735 ], [ -52.161515618221422, -32.055841252133199 ] ] ] } },
{ "type": "Feature", "properties": { "tipo": "rua", "nome": "CRISTOVAO PEREIRA", "drenagem": 1.0, "iluminacao": 1.0, "compriment": 33.96492976974465 }, "geometry": { "type": "LineString", "coordinates": [ [ -52.161515618221422, -32.055841252133199 ], [ -52.161852865329109, -32.055947692442174 ] ] } },
{ "type": "Feature", "properties": { "tipo": "travessa", "nome": "TRÊS", "drenagem": 0.0, "iluminacao": 1.0, "compriment": 70.44219774205547 }, "geometry": { "type": "MultiLineString", "coordinates": [ [ [ -52.162302588666535, -32.055431270608445 ], [ -52.162297712071513, -32.055440115429413 ] ], [ [ -52.162231053941767, -32.055561015200816 ], [ -52.162208834565185, -32.055601315124619 ] ], [ [ -52.162098948127941, -32.055802814743636 ], [ -52.161996858223716, -32.055991257825461 ] ] ] } },
{ "type": "Feature", "properties": { "tipo": "rua", "nome": "RAFAEL ANSELMI", "drenagem": 0.0, "iluminacao": 1.0, "compriment": 168.26984881098093 }, "geometry": { "type": "MultiLineString", "coordinates": [ [ [ -52.142451793540218, -32.048127216024511 ], [ -52.142394426307895, -32.048375505021497 ] ], [ [ -52.142094014495648, -32.049395126858968 ], [ -52.142000038573755, -32.049588413741674 ] ] ] } },
{ "type": "Feature", "properties": { "tipo": "rua", "nome": "SEM DENOMINACAO", "drenagem": null, "iluminacao": null, "compriment": 37.379688823037803 }, "geometry": { "type": "LineString", "coordinates": [ [ -52.123363567828278, -32.039315498685923 ], [ -52.123430531682608, -32.039342626878579 ], [ -52.123651248291054, -32.03941746684599 ] ] } },
{ "type": "Feature", "properties": { "tipo": "rua", "nome": "SEM DENOMINACAO", "drenagem": null, "iluminacao": null, "compriment": 30.886666942597095 }, "geometry": { "type": "MultiLineString", "coordinates": [ [ [ -52.122680086830265, -32.038947076485925 ], [ -52.122758446386527, -32.038997746517815 ] ], [ [ -52.122848963263472, -32.039056277898801 ], [ -52.122854541068634, -32.039059884702858 ], [ -52.122944906986781, -32.039110226380522 ] ] ] } },
{ "type": "Feature", "properties": { "tipo": "rua", "nome": "SEM DENOMINACAO", "drenagem": 0.0, "iluminacao": 0.0, "compriment": 29.228794114906911 }, "geometry": { "type": "MultiLineString", "coordinates": [ [ [ -52.122175964765695, -32.03867518608331 ], [ -52.122176283682514, -32.038675347127395 ] ], [ [ -52.122325064254035, -32.0387504771602 ], [ -52.122442155673596, -32.038809605056422 ] ] ] } },
{ "type": "Feature", "properties": { "tipo": "rua", "nome": "SEM DENOMINACAO", "drenagem": null, "iluminacao": null, "compriment": 31.68553261683909 }, "geometry": { "type": "LineString", "coordinates": [ [ -52.121959192400702, -32.03838393437195 ], [ -52.122075918885578, -32.038458015703995 ], [ -52.122086611195343, -32.038471374390248 ], [ -52.12208946203797, -32.038489286917205 ], [ -52.122017118135126, -32.038600917066134 ] ] } },
{ "type": "Feature", "properties": { "tipo": "rua", "nome": "SEM DENOMINACAO", "drenagem": null, "iluminacao": null, "compriment": 49.652977563186155 }, "geometry": { "type": "MultiLineString", "coordinates": [ [ [ -52.121502416163345, -32.038162632702964 ], [ -52.121714169160612, -32.038258295945141 ], [ -52.121820167549387, -32.038312647813171 ] ], [ [ -52.121841465168401, -32.038323568407264 ], [ -52.121959192400702, -32.03838393437195 ] ] ] } },
{ "type": "Feature", "properties": { "tipo": "rua", "nome": "SEM DENOMINACAO", "drenagem": 0.0, "iluminacao": 1.0, "compriment": 73.572946983692546 }, "geometry": { "type": "MultiLineString", "coordinates": [ [ [ -52.121236966311358, -32.038098343697705 ], [ -52.121262912126369, -32.038111148194155 ] ], [ [ -52.121277266235161, -32.038118232077821 ], [ -52.121398627953802, -32.038178125193333 ] ] ] } },
{ "type": "Feature", "properties": { "tipo": "avenida", "nome": "PORTUGAL", "drenagem": 1.0, "iluminacao": 1.0, "compriment": 30.380388721980083 }, "geometry": { "type": "MultiLineString", "coordinates": [ [ [ -52.107339199013701, -32.032587089234063 ], [ -52.107373792523155, -32.032600589537815 ] ], [ [ -52.107427538248942, -32.032630358556958 ], [ -52.107468842923161, -32.032659259661756 ] ] ] } },
{ "type": "Feature", "properties": { "tipo": "rua", "nome": "GUARDA MARINHA GREENHALGH", "drenagem": 0.0, "iluminacao": 1.0, "compriment": 235.13880824346438 }, "geometry": { "type": "LineString", "coordinates": [ [ -52.084642239311158, -32.03133727983198 ], [ -52.084496720033144, -32.032476491356036 ], [ -52.084488051258589, -32.032659078019783 ], [ -52.084489202818851, -32.032756776895205 ], [ -52.084509395519888, -32.032817441689645 ], [ -52.084564146530226, -32.032872280190283 ], [ -52.084620909450884, -32.032914196539437 ], [ -52.084714199111879, -32.032933677654704 ], [ -52.085199352558888, -32.032931545829996 ] ] } },
{ "type": "Feature", "properties": { "tipo": "avenida", "nome": "HONORIO BICALHO", "drenagem": 1.0, "iluminacao": 1.0, "compriment": 1687.0358122770754 }, "geometry": { "type": "MultiLineString", "coordinates": [ [ [ -52.08003910176668, -32.031784060157094 ], [ -52.080050444184771, -32.031750089612046 ] ], [ [ -52.080079468965742, -32.031663160385683 ], [ -52.080090744108574, -32.031629391330036 ] ], [ [ -52.080125666235588, -32.031524799550773 ], [ -52.080311749209507, -32.030967480996729 ] ] ] } },
{ "type": "Feature", "properties": { "tipo": "rua", "nome": "APARICIO TORELLY", "drenagem": 0.0, "iluminacao": 1.0, "compriment": 61.711264001876721 }, "geometry": { "type": "LineString", "coordinates": [ [ -52.168680879305626, -32.056630279475975 ], [ -52.168943815844216, -32.05612079715052 ] ] } },
{ "type": "Feature", "properties": { "tipo": "rua", "nome": "APARICIO TORELLY", "drenagem": 0.0, "iluminacao": 1.0, "compriment": 89.950818557037707 }, "geometry": { "type": "LineString", "coordinates": [ [ -52.16837872635319, -32.057293911924347 ], [ -52.168680879305626, -32.056630279475975 ] ] } },
{ "type": "Feature", "properties": { "tipo": "rua", "nome": "CENTO E QUARENTA E SETE", "drenagem": 0.0, "iluminacao": 1.0, "compriment": 97.06406990395503 }, "geometry": { "type": "MultiLineString", "coordinates": [ [ [ -52.167219179370491, -32.056963180986742 ], [ -52.167240510366483, -32.056931212610117 ] ], [ [ -52.167263852005682, -32.056896230918987 ], [ -52.167721036983195, -32.056211056089118 ] ] ] } },
{ "type": "Feature", "properties": { "tipo": "rua", "nome": "LAGOA AZUL", "drenagem": 1.0, "iluminacao": 1.0, "compriment": 181.22441781972671 }, "geometry": { "type": "LineString", "coordinates": [ [ -52.111497638833534, -32.030196555068144 ], [ -52.11061888092722, -32.031649342567583 ] ] } },
{ "type": "Feature", "properties": { "tipo": "rua", "nome": "GENERAL NETTO", "drenagem": 1.0, "iluminacao": 0.0, "compriment": 44.342461925043182 }, "geometry": { "type": "LineString", "coordinates": [ [ -52.097560872346072, -32.029669438288316 ], [ -52.097604070577532, -32.03006762898093 ] ] } },
{ "type": "Feature", "properties": { "tipo": "rua", "nome": "GENERAL OSORIO", "drenagem": 1.0, "iluminacao": 1.0, "compriment": 44.158839678160184 }, "geometry": { "type": "LineString", "coordinates": [ [ -52.097138023690029, -32.030098743297216 ], [ -52.097604070577532, -32.03006762898093 ] ] } },
{ "type": "Feature", "properties": { "tipo": "largo", "nome": "DA DOCA", "drenagem": 1.0, "iluminacao": 1.0, "compriment": 35.565336770576543 }, "geometry": { "type": "LineString", "coordinates": [ [ -52.096749437850733, -32.029782326478177 ], [ -52.096734895070121, -32.029461831826595 ] ] } },
{ "type": "Feature", "properties": { "tipo": "largo", "nome": "DA DOCA", "drenagem": 1.0, "iluminacao": 1.0, "compriment": 34.801424232150488 }, "geometry": { "type": "LineString", "coordinates": [ [ -52.096749437850733, -32.029782326478177 ], [ -52.097117526800162, -32.029769127919273 ] ] } },
{ "type": "Feature", "properties": { "tipo": "largo", "nome": "DA DOCA", "drenagem": 1.0, "iluminacao": 1.0, "compriment": 36.601417833164611 }, "geometry": { "type": "LineString", "coordinates": [ [ -52.097117526800162, -32.029769127919273 ], [ -52.097138023686341, -32.030098743300073 ] ] } },
{ "type": "Feature", "properties": { "tipo": "largo", "nome": "DA DOCA", "drenagem": 1.0, "iluminacao": 1.0, "compriment": 50.845822688580853 }, "geometry": { "type": "LineString", "coordinates": [ [ -52.097117526800162, -32.029769127919273 ], [ -52.09711328953923, -32.02969267113923 ], [ -52.097560872347358, -32.029669438284465 ] ] } },
{ "type": "Feature", "properties": { "tipo": "rua", "nome": "GENERAL OSORIO", "drenagem": 1.0, "iluminacao": 1.0, "compriment": 25.153171690345854 }, "geometry": { "type": "LineString", "coordinates": [ [ -52.095645501856112, -32.030195580355937 ], [ -52.095646514696504, -32.030195518384154 ] ] } },
{ "type": "Feature", "properties": { "tipo": "avenida", "nome": "SENADOR SALGADO FILHO", "drenagem": 1.0, "iluminacao": 1.0, "compriment": 191.07852574595012 }, "geometry": { "type": "LineString", "coordinates": [ [ -52.093924334655945, -32.040270366604226 ], [ -52.092003445125044, -32.039729772643852 ] ] } },
{ "type": "Feature", "properties": { "tipo": "rua", "nome": "BENTO MARTINS", "drenagem": 1.0, "iluminacao": 1.0, "compriment": 169.30988062667384 }, "geometry": { "type": "MultiLineString", "coordinates": [ [ [ -52.085199352558888, -32.032931545829996 ], [ -52.085208834431548, -32.03285944978164 ] ], [ [ -52.085212463203128, -32.032831858175967 ], [ -52.085398912924383, -32.03141417534021 ] ] ] } },
{ "type": "Feature", "properties": { "tipo": "rua", "nome": "1 NOVA", "drenagem": 1.0, "iluminacao": 1.0, "compriment": 172.91826436675115 }, "geometry": { "type": "LineString", "coordinates": [ [ -52.087169005834696, -32.036403600160888 ], [ -52.087350990276128, -32.034851920800186 ] ] } },
{ "type": "Feature", "properties": { "tipo": "rua", "nome": "ANDRADE NEVES", "drenagem": 1.0, "iluminacao": 1.0, "compriment": 75.209037939387557 }, "geometry": { "type": "LineString", "coordinates": [ [ -52.092184730314003, -32.035344583844129 ], [ -52.092091422058729, -32.034927454213722 ] ] } },
{ "type": "Feature", "properties": { "tipo": "rua", "nome": "COMENDADOR FRANCISCO MARQUES", "drenagem": 0.0, "iluminacao": 1.0, "compriment": 6.95991473522606 }, "geometry": { "type": "LineString", "coordinates": [ [ -52.091063457132975, -32.035563927274183 ], [ -52.091079318468651, -32.035625221399243 ] ] } },
{ "type": "Feature", "properties": { "tipo": "rua", "nome": "ALBERTO TORRES", "drenagem": 1.0, "iluminacao": 1.0, "compriment": 1.665836453376863 }, "geometry": { "type": "LineString", "coordinates": [ [ -52.155165497212785, -32.051319288366429 ], [ -52.155181800107158, -32.051325023783221 ] ] } },
{ "type": "Feature", "properties": { "tipo": "rua", "nome": "VASCO DA GAMA", "drenagem": 1.0, "iluminacao": 1.0, "compriment": 70.335749377929858 }, "geometry": { "type": "LineString", "coordinates": [ [ -52.097809340727018, -32.046708763750921 ], [ -52.098219384885162, -32.046628501127572 ], [ -52.098417598448926, -32.046410218176604 ] ] } },
{ "type": "Feature", "properties": { "tipo": "rua", "nome": "VASCO DA GAMA", "drenagem": 0.0, "iluminacao": 1.0, "compriment": 41.887160320374733 }, "geometry": { "type": "LineString", "coordinates": [ [ -52.098854233804531, -32.046343985685212 ], [ -52.098417598448926, -32.046410218176604 ] ] } },
{ "type": "Feature", "properties": { "tipo": "rua", "nome": "CARLOS GOMES", "drenagem": 1.0, "iluminacao": 1.0, "compriment": 132.55251517611828 }, "geometry": { "type": "MultiLineString", "coordinates": [ [ [ -52.103733276452871, -32.033879656194848 ], [ -52.10370649945709, -32.033876302285002 ] ], [ [ -52.103625899609483, -32.033866206879814 ], [ -52.10358559968568, -32.033861159177214 ] ] ] } },
{ "type": "Feature", "properties": { "tipo": "rua", "nome": "CARLOS GOMES", "drenagem": 1.0, "iluminacao": 1.0, "compriment": 193.7886972662676 }, "geometry": { "type": "LineString", "coordinates": [ [ -52.105871820377686, -32.034154535169108 ], [ -52.105761795571034, -32.034140373487027 ] ] } },
{ "type": "Feature", "properties": { "tipo": "avenida", "nome": "MAJOR CARLOS PINTO", "drenagem": 1.0, "iluminacao": 1.0, "compriment": 7.2284743463728036 }, "geometry": { "type": "LineString", "coordinates": [ [ -52.106696723513878, -32.034271981591793 ], [ -52.106662610043671, -32.034330333801726 ] ] } },
{ "type": "Feature", "properties": { "tipo": "rua", "nome": "MORON", "drenagem": 0.0, "iluminacao": 1.0, "compriment": 7.6040606494604397 }, "geometry": { "type": "MultiLineString", "coordinates": [ [ [ -52.105871820377686, -32.034154535169108 ], [ -52.105867121449926, -32.034161755661465 ] ], [ [ -52.10584089520087, -32.034202055585268 ], [ -52.105832789716835, -32.03421451067895 ] ] ] } },
{ "type": "Feature", "properties": { "tipo": "rua", "nome": "SEM DENOMINACAO", "drenagem": 0.0, "iluminacao": 1.0, "compriment": 106.16533420030514 }, "geometry": { "type": "MultiLineString", "coordinates": [ [ [ -52.079419525221596, -32.049538250221929 ], [ -52.079442568286446, -32.049636926401789 ] ], [ [ -52.079445945327727, -32.049651387739075 ], [ -52.079508237359299, -32.049918137832925 ], [ -52.079498497338037, -32.049985487683983 ], [ -52.079473923627866, -32.050022693748879 ], [ -52.079284968097852, -32.050073631819757 ], [ -52.078970481401271, -32.05013679580577 ] ] ] } },
{ "type": "Feature", "properties": { "tipo": "rua", "nome": "SEM DENOMINACAO", "drenagem": 0.0, "iluminacao": 1.0, "compriment": 67.124512949835278 }, "geometry": { "type": "MultiLineString", "coordinates": [ [ [ -52.083151857188859, -32.04930239407549 ], [ -52.083005600552639, -32.049290190374847 ], [ -52.082992338622383, -32.049286660826453 ] ], [ [ -52.082944671475985, -32.049230243552465 ], [ -52.082925229095444, -32.049172038883 ], [ -52.082847182025773, -32.048849112260768 ] ] ] } },
{ "type": "Feature", "properties": { "tipo": "rua", "nome": "NICOLAU COELHO", "drenagem": 1.0, "iluminacao": 1.0, "compriment": 72.371949586193068 }, "geometry": { "type": "LineString", "coordinates": [ [ -52.099928047091701, -32.044411064141038 ], [ -52.100647180414128, -32.044636433024394 ] ] } },
{ "type": "Feature", "properties": { "tipo": "travessa", "nome": "CRISTOVAO PEREIRA", "drenagem": 0.0, "iluminacao": 0.0, "compriment": 111.94455137887404 }, "geometry": { "type": "LineString", "coordinates": [ [ -52.159522379533897, -32.0554587794052 ], [ -52.15956219384794, -32.055476698495077 ] ] } },
{ "type": "Feature", "properties": { "tipo": "travessa", "nome": "CRISTOVAO PEREIRA", "drenagem": 0.0, "iluminacao": 0.0, "compriment": 110.78591917710449 }, "geometry": { "type": "MultiLineString", "coordinates": [ [ [ -52.158477785168955, -32.055004089267761 ], [ -52.158553660441939, -32.055037116191379 ] ], [ [ -52.158554695752862, -32.055037566840625 ], [ -52.158604155841502, -32.055059095785502 ] ], [ [ -52.159521893924136, -32.055458568029401 ], [ -52.159522379533897, -32.0554587794052 ] ] ] } },
{ "type": "Feature", "properties": { "tipo": "rua", "nome": "VINTE E QUATRO DE MAIO", "drenagem": 1.0, "iluminacao": 1.0, "compriment": 76.516678505452731 }, "geometry": { "type": "MultiLineString", "coordinates": [ [ [ -52.102261823876468, -32.041347385450955 ], [ -52.102248565142403, -32.04133514209839 ] ], [ [ -52.102215402276379, -32.041304518913776 ], [ -52.102204923013389, -32.041294842174587 ] ], [ [ -52.102175102352575, -32.041267305242144 ], [ -52.102161280884367, -32.041254542250783 ] ], [ [ -52.102134802428772, -32.041230091570512 ], [ -52.102117638755345, -32.04121424232698 ] ], [ [ -52.102094502504968, -32.041192877898887 ], [ -52.102073996626331, -32.041173942403177 ] ], [ [ -52.102054202581165, -32.041155664227254 ], [ -52.102030354497309, -32.041133642479373 ] ] ] } },
{ "type": "Feature", "properties": { "tipo": "rua", "nome": "SEM DENOMINACAO", "drenagem": 0.0, "iluminacao": 1.0, "compriment": 117.32910735875986 }, "geometry": { "type": "LineString", "coordinates": [ [ -52.149940164911406, -32.048487534316237 ], [ -52.149873020672025, -32.048596636119676 ], [ -52.149744614513764, -32.048854533562675 ], [ -52.149588918520742, -32.049140705954009 ], [ -52.149442420762369, -32.049425673649353 ] ] } },
{ "type": "Feature", "properties": { "tipo": "rua", "nome": "CORREDOR DO BOSQUE SILVEIRA", "drenagem": 1.0, "iluminacao": 1.0, "compriment": 125.26567650814448 }, "geometry": { "type": "LineString", "coordinates": [ [ -52.166722906200981, -32.05768089329289 ], [ -52.167938662166549, -32.058132748445381 ] ] } },
{ "type": "Feature", "properties": { "tipo": "rua", "nome": "ALMIRANTE BARROSO", "drenagem": 0.0, "iluminacao": 0.0, "compriment": 58.189083362074314 }, "geometry": { "type": "LineString", "coordinates": [ [ -52.086944283355486, -32.042076753684306 ], [ -52.08700003673615, -32.042132400233186 ], [ -52.086898051276044, -32.042575569069392 ] ] } },
{ "type": "Feature", "properties": { "tipo": "rua", "nome": "MARIO QUINTANA", "drenagem": 1.0, "iluminacao": 1.0, "compriment": 88.861278638411477 }, "geometry": { "type": "MultiLineString", "coordinates": [ [ [ -52.086781436960109, -32.045383180159703 ], [ -52.086770301258369, -32.045391246421872 ], [ -52.086659631688448, -32.045398558045356 ] ], [ [ -52.086555550360018, -32.045405434402483 ], [ -52.085996360878909, -32.045442378459882 ] ] ] } },
{ "type": "Feature", "properties": { "tipo": "rua", "nome": "VISCONDE DE PARANAGUA", "drenagem": 1.0, "iluminacao": 1.0, "compriment": 64.545282871424035 }, "geometry": { "type": "LineString", "coordinates": [ [ -52.102272440933291, -32.028592961177232 ], [ -52.102272406274743, -32.028593286147675 ] ] } },
{ "type": "Feature", "properties": { "tipo": "avenida", "nome": "COMENDADOR VASCO VIEIRA DA FONSECA", "drenagem": 1.0, "iluminacao": 1.0, "compriment": 124.82809954992129 }, "geometry": { "type": "LineString", "coordinates": [ [ -52.1008476173619, -32.028385255612314 ], [ -52.102149910193987, -32.028575401414443 ], [ -52.102150062492861, -32.028575423653628 ], [ -52.102272406274743, -32.028593286147675 ] ] } },
{ "type": "Feature", "properties": { "tipo": "avenida", "nome": "COMENDADOR VASCO VIEIRA DA FONSECA", "drenagem": 1.0, "iluminacao": 1.0, "compriment": 82.272981577218857 }, "geometry": { "type": "LineString", "coordinates": [ [ -52.102272406274743, -32.028593286147675 ], [ -52.102279838699943, -32.028594189243513 ], [ -52.102553409285207, -32.028627429820119 ], [ -52.103415942439483, -32.028730317793304 ] ] } }
]
}
