{
"type": "FeatureCollection",
"name": "infra_logradouros_ATINGIDOS_rio_grande___nivel_da_lagoa_chuva_acumulada_16_05_2024",
"crs": { "type": "name", "properties": { "name": "urn:ogc:def:crs:OGC:1.3:CRS84" } },
"features": [
{ "type": "Feature", "properties": { "tipo": "rua", "nome": "ANTONIO PEREIRA RODRIGUES", "drenagem": 0.0, "iluminacao": 1.0, "compriment": 179.67929704352878 }, "geometry": { "type": "MultiLineString", "coordinates": [ [ [ -52.143042764140198, -32.048296029513189 ], [ -52.142862209813735, -32.049124910373145 ] ], [ [ -52.142819085198354, -32.049322884960532 ], [ -52.142761736572247, -32.049586158510678 ], [ -52.142671510031995, -32.049884653892271 ] ] ] } },
{ "type": "Feature", "properties": { "tipo": "avenida", "nome": "URUGUAI", "drenagem": 1.0, "iluminacao": 1.0, "compriment": 54.665865122456374 }, "geometry": { "type": "LineString", "coordinates": [ [ -52.138412914405677, -32.052063838732586 ], [ -52.13892413131498, -32.052295076674191 ] ] } },
{ "type": "Feature", "properties": { "tipo": "rua", "nome": "VEREADOR DOUTOR NILO CORREA FONSECA", "drenagem": 0.0, "iluminacao": 1.0, "compriment": 493.82684233107472 }, "geometry": { "type": "LineString", "coordinates": [ [ -52.079811177592184, -32.045468482948785 ], [ -52.078476533075381, -32.049520966615503 ] ] } },
{ "type": "Feature", "properties": { "tipo": "rua", "nome": "VEREADOR DOUTOR NILO CORREA FONSECA", "drenagem": 0.0, "iluminacao": 1.0, "compriment": 77.926306797209946 }, "geometry": { "type": "LineString", "coordinates": [ [ -52.078304285593077, -32.050046444233338 ], [ -52.078177917534354, -32.050433439883733 ] ] } },
{ "type": "Feature", "properties": { "tipo": "rua", "nome": "CARLOS VIGNOLI", "drenagem": 1.0, "iluminacao": 1.0, "compriment": 62.195969106434987 }, "geometry": { "type": "LineString", "coordinates": [ [ -52.081347646789105, -32.049143359948062 ], [ -52.081990809576887, -32.049022793528856 ] ] } },
{ "type": "Feature", "properties": { "tipo": "rua", "nome": "PADRE CAIO", "drenagem": 0.0, "iluminacao": 1.0, "compriment": 128.83581747760195 }, "geometry": { "type": "MultiLineString", "coordinates": [ [ [ -52.081805566724491, -32.048329502338873 ], [ -52.081955642099679, -32.048298637663976 ] ], [ [ -52.082209285359866, -32.048246473098295 ], [ -52.082414495346015, -32.04820426937566 ] ], [ [ -52.083015661925565, -32.048080632762954 ], [ -52.083131610154972, -32.048056786716252 ] ] ] } },
{ "type": "Feature", "properties": { "tipo": "travessa", "nome": "GIORDANO BRUNO", "drenagem": 1.0, "iluminacao": 1.0, "compriment": 96.65589331512902 }, "geometry": { "type": "MultiLineString", "coordinates": [ [ [ -52.09174537495521, -32.037990784879895 ], [ -52.091978429422575, -32.037946450742304 ] ], [ [ -52.092047442651179, -32.037933322300667 ], [ -52.092230868007952, -32.037898429148449 ] ], [ [ -52.092363631498692, -32.037873173443494 ], [ -52.092744081724788, -32.037800800092917 ] ] ] } },
{ "type": "Feature", "properties": { "tipo": "travessa", "nome": "ARTHUR LAWSON", "drenagem": 1.0, "iluminacao": 1.0, "compriment": 111.83479922543815 }, "geometry": { "type": "MultiLineString", "coordinates": [ [ [ -52.111691173440427, -32.043949365901483 ], [ -52.111337989296288, -32.044539606629058 ] ], [ [ -52.111213232208137, -32.044748100457859 ], [ -52.111153494001243, -32.044847934845343 ] ] ] } },
{ "type": "Feature", "properties": { "tipo": "rua", "nome": "HENRIQUE DIAS", "drenagem": 0.0, "iluminacao": 1.0, "compriment": 39.870775251437642 }, "geometry": { "type": "LineString", "coordinates": [ [ -52.142465994251523, -32.052847240412255 ], [ -52.142349538286986, -32.05319285060007 ] ] } },
{ "type": "Feature", "properties": { "tipo": "rua", "nome": "HENRIQUE DIAS", "drenagem": 0.0, "iluminacao": 1.0, "compriment": 214.9508507288981 }, "geometry": { "type": "LineString", "coordinates": [ [ -52.142349510429035, -32.053190608649174 ], [ -52.142303627912668, -32.053316270161076 ] ] } },
{ "type": "Feature", "properties": { "tipo": "rua", "nome": "GENERAL ABREU", "drenagem": 0.0, "iluminacao": 1.0, "compriment": 118.01990596884616 }, "geometry": { "type": "LineString", "coordinates": [ [ -52.105076661814621, -32.039959494415307 ], [ -52.106196319465575, -32.040431965747082 ] ] } },
{ "type": "Feature", "properties": { "tipo": "rua", "nome": "DOM BOSCO", "drenagem": 1.0, "iluminacao": 1.0, "compriment": 119.00217421721587 }, "geometry": { "type": "MultiLineString", "coordinates": [ [ [ -52.109454077380718, -32.039755106728713 ], [ -52.109869344957751, -32.039933992615843 ] ], [ [ -52.109929169717233, -32.039959763482059 ], [ -52.110164607915806, -32.040061183803182 ] ], [ [ -52.110193339753927, -32.040073560691333 ], [ -52.110578395990515, -32.040239432361275 ] ] ] } },
{ "type": "Feature", "properties": { "tipo": "rua", "nome": "DOM BOSCO", "drenagem": 1.0, "iluminacao": 1.0, "compriment": 33.88898699494127 }, "geometry": { "type": "LineString", "coordinates": [ [ -52.126526556905432, -32.047027581014113 ], [ -52.126851586620468, -32.047157058010178 ] ] } },
{ "type": "Feature", "properties": { "tipo": "rua", "nome": "DOM BOSCO", "drenagem": 1.0, "iluminacao": 1.0, "compriment": 59.730653211346976 }, "geometry": { "type": "LineString", "coordinates": [ [ -52.127983431611575, -32.047641231488292 ], [ -52.128544768922154, -32.047889379375853 ] ] } },
{ "type": "Feature", "properties": { "tipo": "rua", "nome": "DOM BOSCO", "drenagem": 1.0, "iluminacao": 1.0, "compriment": 62.721862531064296 }, "geometry": { "type": "LineString", "coordinates": [ [ -52.128544768922154, -32.047889379375853 ], [ -52.129133780061892, -32.048150672570834 ] ] } },
{ "type": "Feature", "properties": { "tipo": "rua", "nome": "VINTE E QUATRO DE MAIO", "drenagem": 1.0, "iluminacao": 1.0, "compriment": 110.47042145409272 }, "geometry": { "type": "LineString", "coordinates": [ [ -52.099316895231091, -32.031963590771042 ], [ -52.099445808921416, -32.031968686139834 ], [ -52.099543496949799, -32.031993624696632 ], [ -52.099592937127149, -32.03205597837551 ], [ -52.099601824774673, -32.032079544064416 ] ] } },
{ "type": "Feature", "properties": { "tipo": "rua", "nome": "HONDURAS", "drenagem": 0.0, "iluminacao": 1.0, "compriment": 51.203326774059022 }, "geometry": { "type": "LineString", "coordinates": [ [ -52.130728501282547, -32.052420794422126 ], [ -52.130778772863223, -32.052442013679048 ] ] } },
{ "type": "Feature", "properties": { "tipo": "rua", "nome": "HONDURAS", "drenagem": 0.0, "iluminacao": 1.0, "compriment": 67.82869578499637 }, "geometry": { "type": "MultiLineString", "coordinates": [ [ [ -52.130778772863223, -32.052442013679048 ], [ -52.130888655582595, -32.052488220004278 ] ], [ [ -52.131276216726349, -32.052651191728643 ], [ -52.131422776967959, -32.052712821166175 ] ] ] } },
{ "type": "Feature", "properties": { "tipo": "rua", "nome": "FORTE SANTANA", "drenagem": 0.0, "iluminacao": 1.0, "compriment": 63.087623927547021 }, "geometry": { "type": "LineString", "coordinates": [ [ -52.125585992066227, -32.051476667962106 ], [ -52.125396989711327, -32.052022354170688 ] ] } },
{ "type": "Feature", "properties": { "tipo": "rua", "nome": "TOBIAS BARRETO", "drenagem": 1.0, "iluminacao": 1.0, "compriment": 100.20575515322932 }, "geometry": { "type": "LineString", "coordinates": [ [ -52.126749656928546, -32.046118979368927 ], [ -52.126283595260347, -32.046930795409118 ] ] } },
{ "type": "Feature", "properties": { "tipo": "rua", "nome": "DOUTOR AUGUSTO DUPRAT", "drenagem": 1.0, "iluminacao": 1.0, "compriment": 119.00548090708081 }, "geometry": { "type": "LineString", "coordinates": [ [ -52.112671915474465, -32.039105009214019 ], [ -52.113796390693857, -32.039589123749543 ] ] } },
{ "type": "Feature", "properties": { "tipo": "rua", "nome": "CACHOEIRA DO IGUACU", "drenagem": 1.0, "iluminacao": 1.0, "compriment": 116.04980055184549 }, "geometry": { "type": "LineString", "coordinates": [ [ -52.130919484550844, -32.050107537451808 ], [ -52.130346688617095, -32.051033433481443 ] ] } },
{ "type": "Feature", "properties": { "tipo": "rua", "nome": "GUSTAVO SAMPAIO", "drenagem": 0.0, "iluminacao": 1.0, "compriment": 101.30656822033026 }, "geometry": { "type": "LineString", "coordinates": [ [ -52.136850863369965, -32.048372849311363 ], [ -52.136373459281195, -32.049190975512339 ] ] } },
{ "type": "Feature", "properties": { "tipo": "rua", "nome": "GUSTAVO SAMPAIO", "drenagem": 0.0, "iluminacao": 0.0, "compriment": 95.630442596399533 }, "geometry": { "type": "LineString", "coordinates": [ [ -52.135872492429847, -32.050011298643938 ], [ -52.135399805167815, -32.050773975770127 ] ] } },
{ "type": "Feature", "properties": { "tipo": "rua", "nome": "CORONEL PEDROSO", "drenagem": 0.0, "iluminacao": 1.0, "compriment": 99.668893408915167 }, "geometry": { "type": "LineString", "coordinates": [ [ -52.13616432420659, -32.047071659816758 ], [ -52.135990952225008, -32.047356034653724 ] ] } },
{ "type": "Feature", "properties": { "tipo": "rua", "nome": "FORTE SANTANA", "drenagem": 0.0, "iluminacao": 1.0, "compriment": 64.720920766900164 }, "geometry": { "type": "LineString", "coordinates": [ [ -52.125396989711327, -32.052022354170688 ], [ -52.125251491520814, -32.052399451724767 ] ] } },
{ "type": "Feature", "properties": { "tipo": "avenida", "nome": "URUGUAI", "drenagem": 1.0, "iluminacao": 1.0, "compriment": 57.946711806848931 }, "geometry": { "type": "LineString", "coordinates": [ [ -52.136545176800858, -32.051293385568066 ], [ -52.137097415662787, -32.051521139077622 ] ] } },
{ "type": "Feature", "properties": { "tipo": "rua", "nome": "ANTONIO RIBEIRO CARDOSO", "drenagem": 1.0, "iluminacao": 1.0, "compriment": 35.447959873170376 }, "geometry": { "type": "LineString", "coordinates": [ [ -52.130218209358517, -32.047207986773252 ], [ -52.130052278995031, -32.047494725378392 ] ] } },
{ "type": "Feature", "properties": { "tipo": "rua", "nome": "ANTONIO RIBEIRO CARDOSO", "drenagem": 1.0, "iluminacao": 1.0, "compriment": 122.00569419819418 }, "geometry": { "type": "LineString", "coordinates": [ [ -52.129566533411705, -32.048318056040571 ], [ -52.128993348453903, -32.049304088105899 ] ] } },
{ "type": "Feature", "properties": { "tipo": "rua", "nome": "ANTONIO RIBEIRO CARDOSO", "drenagem": 1.0, "iluminacao": 1.0, "compriment": 78.304044266961611 }, "geometry": { "type": "LineString", "coordinates": [ [ -52.128454036177196, -32.050241987867821 ], [ -52.128397556703291, -32.050340947149607 ] ] } },
{ "type": "Feature", "properties": { "tipo": "rua", "nome": "AUGUSTE SAINT HILAIRE", "drenagem": 0.0, "iluminacao": 1.0, "compriment": 98.388511982153673 }, "geometry": { "type": "LineString", "coordinates": [ [ -52.130521818617169, -32.045691550813018 ], [ -52.130082175604109, -32.046495945870277 ] ] } },
{ "type": "Feature", "properties": { "tipo": "rua", "nome": "AUGUSTE SAINT HILAIRE", "drenagem": 0.0, "iluminacao": 1.0, "compriment": 102.23747832343602 }, "geometry": { "type": "LineString", "coordinates": [ [ -52.130082175604109, -32.046495945870277 ], [ -52.129585627678274, -32.047315218950274 ] ] } },
{ "type": "Feature", "properties": { "tipo": "rua", "nome": "AUGUSTE SAINT HILAIRE", "drenagem": 0.0, "iluminacao": 1.0, "compriment": 101.99777553962012 }, "geometry": { "type": "LineString", "coordinates": [ [ -52.129585627678274, -32.047315218950274 ], [ -52.129133780061892, -32.048150672570834 ] ] } },
{ "type": "Feature", "properties": { "tipo": "rua", "nome": "DOUTOR GUILHERME SCHULTZ FILHO", "drenagem": 1.0, "iluminacao": 1.0, "compriment": 101.78121404651792 }, "geometry": { "type": "MultiLineString", "coordinates": [ [ [ -52.128257290704362, -32.044727717685376 ], [ -52.128049928794731, -32.045090378902493 ] ], [ [ -52.128028461357523, -32.045127923921818 ], [ -52.127785447858507, -32.04555293723061 ] ] ] } },
{ "type": "Feature", "properties": { "tipo": "rua", "nome": "DOUTOR GUILHERME SCHULTZ FILHO", "drenagem": 1.0, "iluminacao": 1.0, "compriment": 101.18836187234787 }, "geometry": { "type": "MultiLineString", "coordinates": [ [ [ -52.127785447858507, -32.04555293723061 ], [ -52.127497564388541, -32.046059869079869 ] ], [ [ -52.127441224445995, -32.046159077663347 ], [ -52.127318933781631, -32.046374418379649 ] ] ] } },
{ "type": "Feature", "properties": { "tipo": "rua", "nome": "DOUTOR GUILHERME SCHULTZ FILHO", "drenagem": 1.0, "iluminacao": 1.0, "compriment": 97.36461204911781 }, "geometry": { "type": "LineString", "coordinates": [ [ -52.127318933781631, -32.046374418379649 ], [ -52.126851586620468, -32.047157058010178 ] ] } },
{ "type": "Feature", "properties": { "tipo": "avenida", "nome": "ARGENTINA", "drenagem": 1.0, "iluminacao": 1.0, "compriment": 117.84850399186219 }, "geometry": { "type": "LineString", "coordinates": [ [ -52.134820783049733, -32.05416743080287 ], [ -52.134253488494146, -32.055114039369428 ] ] } },
{ "type": "Feature", "properties": { "tipo": "rua", "nome": "DOS DRAGOES", "drenagem": 0.0, "iluminacao": 1.0, "compriment": 164.96468321929274 }, "geometry": { "type": "MultiLineString", "coordinates": [ [ [ -52.123685960913171, -32.052984658261316 ], [ -52.123598568882336, -32.053139703415276 ] ], [ [ -52.123501933443016, -32.053311147612469 ], [ -52.122934408073938, -32.05431801354046 ] ] ] } },
{ "type": "Feature", "properties": { "tipo": "rua", "nome": "ALVARES CABRAL", "drenagem": 0.0, "iluminacao": 1.0, "compriment": 99.6 }, "geometry": { "type": "LineString", "coordinates": [ [ -52.130275759235992, -32.042574762557862 ], [ -52.12982412900935, -32.043386709941423 ] ] } },
{ "type": "Feature", "properties": { "tipo": "rua", "nome": "ALVARES CABRAL", "drenagem": 0.0, "iluminacao": 1.0, "compriment": 99.78 }, "geometry": { "type": "LineString", "coordinates": [ [ -52.12982412900935, -32.043386709941423 ], [ -52.129342745765847, -32.044187975456076 ] ] } },
{ "type": "Feature", "properties": { "tipo": "rua", "nome": "ALVARES CABRAL", "drenagem": 0.0, "iluminacao": 1.0, "compriment": 98.84 }, "geometry": { "type": "LineString", "coordinates": [ [ -52.129342745765847, -32.044187975456076 ], [ -52.128840035489482, -32.044969967361936 ] ] } },
{ "type": "Feature", "properties": { "tipo": "rua", "nome": "ALVARES CABRAL", "drenagem": 1.0, "iluminacao": 1.0, "compriment": 101.31 }, "geometry": { "type": "LineString", "coordinates": [ [ -52.128840035489482, -32.044969967361936 ], [ -52.128358434468005, -32.045786584282631 ] ] } },
{ "type": "Feature", "properties": { "tipo": "rua", "nome": "SANTA CATARINA", "drenagem": 0.0, "iluminacao": 1.0, "compriment": 101.60270490416193 }, "geometry": { "type": "LineString", "coordinates": [ [ -52.116418692080352, -32.045735795741912 ], [ -52.116411338547337, -32.045748629753774 ] ] } },
{ "type": "Feature", "properties": { "tipo": "rua", "nome": "ALTAMIR DE LACERDA NASCIMENTO", "drenagem": 1.0, "iluminacao": 1.0, "compriment": 185.07332202242114 }, "geometry": { "type": "MultiLineString", "coordinates": [ [ [ -52.125585992066227, -32.051476667962106 ], [ -52.126066534155939, -32.0517366286278 ] ], [ [ -52.126163600602588, -32.051789139029346 ], [ -52.126475767110662, -32.051958012921936 ] ] ] } },
{ "type": "Feature", "properties": { "tipo": "rua", "nome": "CASTRO ALVES", "drenagem": 0.0, "iluminacao": 1.0, "compriment": 99.452205841022163 }, "geometry": { "type": "LineString", "coordinates": [ [ -52.124942232683139, -32.044347257258273 ], [ -52.124479363140466, -32.04515283465755 ] ] } },
{ "type": "Feature", "properties": { "tipo": "rua", "nome": "CASTRO ALVES", "drenagem": 0.0, "iluminacao": 1.0, "compriment": 21.969056009416548 }, "geometry": { "type": "LineString", "coordinates": [ [ -52.122569765883782, -32.048369896919361 ], [ -52.122463166706147, -32.04854598929083 ] ] } },
{ "type": "Feature", "properties": { "tipo": "rua", "nome": "PARAGUAI", "drenagem": 1.0, "iluminacao": 1.0, "compriment": 94.632189280410373 }, "geometry": { "type": "LineString", "coordinates": [ [ -52.141589958016709, -32.052440122322878 ], [ -52.141506174682924, -32.052632858617734 ] ] } },
{ "type": "Feature", "properties": { "tipo": "rua", "nome": "BOLIVIA", "drenagem": 1.0, "iluminacao": 1.0, "compriment": 72.880124722637916 }, "geometry": { "type": "MultiLineString", "coordinates": [ [ [ -52.13329917131761, -32.052307999103903 ], [ -52.133398291778128, -32.052351811090553 ] ], [ [ -52.133805547081423, -32.052531820987767 ], [ -52.133984131384224, -32.052610756588436 ] ] ] } },
{ "type": "Feature", "properties": { "tipo": "rua", "nome": "PEDRO DE SÁ FREITAS", "drenagem": 1.0, "iluminacao": 1.0, "compriment": 91.741912058192767 }, "geometry": { "type": "LineString", "coordinates": [ [ -52.143112967983157, -32.051210436926851 ], [ -52.142732300816391, -32.051971609756272 ] ] } },
{ "type": "Feature", "properties": { "tipo": "rua", "nome": "PEDRO DE SÁ FREITAS", "drenagem": 1.0, "iluminacao": 1.0, "compriment": 97.161003672579184 }, "geometry": { "type": "LineString", "coordinates": [ [ -52.142732300816391, -32.051971609756272 ], [ -52.142343783484826, -32.052782941169191 ] ] } },
{ "type": "Feature", "properties": { "tipo": "rua", "nome": "COMENDADOR HENRIQUE PANCADA", "drenagem": 0.0, "iluminacao": 1.0, "compriment": 50.542837418998822 }, "geometry": { "type": "LineString", "coordinates": [ [ -52.134432612742998, -32.045139561769162 ], [ -52.13487107769285, -32.045400879581123 ] ] } },
{ "type": "Feature", "properties": { "tipo": "rua", "nome": "COMENDADOR HENRIQUE PANCADA", "drenagem": 1.0, "iluminacao": 1.0, "compriment": 127.44351228213979 }, "geometry": { "type": "LineString", "coordinates": [ [ -52.139095390299097, -32.046917380717147 ], [ -52.140431752333463, -32.047076731518892 ] ] } },
{ "type": "Feature", "properties": { "tipo": "rua", "nome": "QUARENTA E OITO", "drenagem": 0.0, "iluminacao": 1.0, "compriment": 90.835253956602443 }, "geometry": { "type": "LineString", "coordinates": [ [ -52.130198331792556, -32.055579455323745 ], [ -52.129788131133125, -32.056320394211468 ] ] } },
{ "type": "Feature", "properties": { "tipo": "rua", "nome": "CENTO E SESSENTA E NOVE", "drenagem": 1.0, "iluminacao": 0.0, "compriment": 80.90544659535216 }, "geometry": { "type": "LineString", "coordinates": [ [ -52.131826211366509, -32.056105916807432 ], [ -52.131491810196877, -32.056777657704693 ] ] } },
{ "type": "Feature", "properties": { "tipo": "avenida", "nome": "SANTOS DUMONT", "drenagem": 1.0, "iluminacao": 1.0, "compriment": 83.621871763015761 }, "geometry": { "type": "LineString", "coordinates": [ [ -52.12811245072929, -32.054725882247446 ], [ -52.128912247729914, -32.055049505497095 ] ] } },
{ "type": "Feature", "properties": { "tipo": "avenida", "nome": "URUGUAI", "drenagem": 1.0, "iluminacao": 1.0, "compriment": 42.346195500161222 }, "geometry": { "type": "LineString", "coordinates": [ [ -52.135399805167815, -32.050773975770127 ], [ -52.135786915208008, -32.05096668492078 ] ] } },
{ "type": "Feature", "properties": { "tipo": "rua", "nome": "PINTO BANDEIRA", "drenagem": 1.0, "iluminacao": 1.0, "compriment": 62.327424968281946 }, "geometry": { "type": "LineString", "coordinates": [ [ -52.135343361974662, -32.053286250390975 ], [ -52.135458409189155, -32.05337554273499 ], [ -52.13593835885942, -32.053507460212039 ] ] } },
{ "type": "Feature", "properties": { "tipo": "rua", "nome": "PINTO BANDEIRA", "drenagem": 1.0, "iluminacao": 1.0, "compriment": 115.07459147830164 }, "geometry": { "type": "MultiLineString", "coordinates": [ [ [ -52.13653454483169, -32.053673448943925 ], [ -52.137180471621825, -32.053846372015876 ] ], [ [ -52.137384845349324, -32.053901085542741 ], [ -52.137696986749027, -32.053984649888648 ] ] ] } },
{ "type": "Feature", "properties": { "tipo": "rua", "nome": "ISRAEL NISENSON", "drenagem": 0.0, "iluminacao": 0.0, "compriment": 69.811539029237878 }, "geometry": { "type": "MultiLineString", "coordinates": [ [ [ -52.141322272853863, -32.051374107544341 ], [ -52.14165590236211, -32.051505065676245 ] ], [ [ -52.14171793839671, -32.051529416409622 ], [ -52.141993615161894, -32.051637626604716 ] ] ] } },
{ "type": "Feature", "properties": { "tipo": "rua", "nome": "ISRAEL NISENSON", "drenagem": 0.0, "iluminacao": 1.0, "compriment": 78.9824295634712 }, "geometry": { "type": "LineString", "coordinates": [ [ -52.141993615161894, -32.051637626604716 ], [ -52.142732300816391, -32.051971609756272 ] ] } },
{ "type": "Feature", "properties": { "tipo": "rua", "nome": "ISRAEL NISENSON", "drenagem": 0.0, "iluminacao": 1.0, "compriment": 98.851457846593377 }, "geometry": { "type": "LineString", "coordinates": [ [ -52.143822991463765, -32.052460495306846 ], [ -52.143928147639542, -32.05250679237362 ] ] } },
{ "type": "Feature", "properties": { "tipo": "avenida", "nome": "JOSE BONIFACIO", "drenagem": 1.0, "iluminacao": 1.0, "compriment": 228.04665109189722 }, "geometry": { "type": "LineString", "coordinates": [ [ -52.13570530861152, -32.056415936755407 ], [ -52.136727416917566, -32.056682479460491 ] ] } },
{ "type": "Feature", "properties": { "tipo": "rua", "nome": "MANOEL GONZALEZ LOPES", "drenagem": 0.0, "iluminacao": 1.0, "compriment": 112.26537966647115 }, "geometry": { "type": "LineString", "coordinates": [ [ -52.174467496345009, -32.061300500554154 ], [ -52.174697159771327, -32.060933904507472 ] ] } },
{ "type": "Feature", "properties": { "tipo": "rua", "nome": "SATURNINO DE BRITTO", "drenagem": 0.0, "iluminacao": 1.0, "compriment": 87.801692484558316 }, "geometry": { "type": "MultiLineString", "coordinates": [ [ [ -52.152305283080395, -32.04940088316944 ], [ -52.152117267300326, -32.049775530368798 ] ], [ [ -52.152017952107862, -32.049973429495672 ], [ -52.151939893247388, -32.050128972468983 ] ] ] } },
{ "type": "Feature", "properties": { "tipo": "rua", "nome": "SATURNINO DE BRITTO", "drenagem": 1.0, "iluminacao": 1.0, "compriment": 96.331331907368067 }, "geometry": { "type": "LineString", "coordinates": [ [ -52.151733658141261, -32.050301657827916 ], [ -52.1513747146656, -32.051046357636807 ] ] } },
{ "type": "Feature", "properties": { "tipo": "rua", "nome": "SATURNINO DE BRITTO", "drenagem": 1.0, "iluminacao": 1.0, "compriment": 113.44570444706771 }, "geometry": { "type": "LineString", "coordinates": [ [ -52.1513747146656, -32.051046357636807 ], [ -52.150903128302033, -32.051987290962977 ] ] } },
{ "type": "Feature", "properties": { "tipo": "rua", "nome": "ANTONIO JOAO", "drenagem": 0.0, "iluminacao": 1.0, "compriment": 112.57102436058619 }, "geometry": { "type": "LineString", "coordinates": [ [ -52.160259617674242, -32.056569953009365 ], [ -52.160055791641035, -32.056951440390499 ] ] } },
{ "type": "Feature", "properties": { "tipo": "rua", "nome": "FELIPE CAMARAO", "drenagem": 0.0, "iluminacao": 1.0, "compriment": 111.70807075824536 }, "geometry": { "type": "LineString", "coordinates": [ [ -52.1580878958992, -32.055769484259315 ], [ -52.158019544082677, -32.05589819670697 ] ] } },
{ "type": "Feature", "properties": { "tipo": "rua", "nome": "TEIXEIRA DE FREITAS", "drenagem": 1.0, "iluminacao": 1.0, "compriment": 114.04367168735786 }, "geometry": { "type": "LineString", "coordinates": [ [ -52.154170379913822, -32.055809014613551 ], [ -52.153995006173432, -32.056142028369059 ] ] } },
{ "type": "Feature", "properties": { "tipo": "rua", "nome": "ALBERTO DE OLIVEIRA", "drenagem": 0.0, "iluminacao": 1.0, "compriment": 71.567343322682731 }, "geometry": { "type": "LineString", "coordinates": [ [ -52.158290336636171, -32.052925720160403 ], [ -52.157948434920954, -32.053501704412383 ] ] } },
{ "type": "Feature", "properties": { "tipo": "rua", "nome": "ALBERTO DE OLIVEIRA", "drenagem": 0.0, "iluminacao": 1.0, "compriment": 51.933390407168005 }, "geometry": { "type": "LineString", "coordinates": [ [ -52.15720876671876, -32.054904330117253 ], [ -52.156984426453, -32.055331929481476 ] ] } },
{ "type": "Feature", "properties": { "tipo": "rua", "nome": "CRISTOVAO PEREIRA", "drenagem": 1.0, "iluminacao": 1.0, "compriment": 108.57067947307148 }, "geometry": { "type": "LineString", "coordinates": [ [ -52.153165907923885, -32.052827230745052 ], [ -52.154225592777792, -32.053206906723346 ] ] } },
{ "type": "Feature", "properties": { "tipo": "rua", "nome": "CRISTOVAO PEREIRA", "drenagem": 1.0, "iluminacao": 1.0, "compriment": 112.60682840662135 }, "geometry": { "type": "LineString", "coordinates": [ [ -52.154225592777792, -32.053206906723346 ], [ -52.155333166600634, -32.053583047549886 ] ] } },
{ "type": "Feature", "properties": { "tipo": "rua", "nome": "CRISTOVAO PEREIRA", "drenagem": 1.0, "iluminacao": 1.0, "compriment": 110.17380292750195 }, "geometry": { "type": "LineString", "coordinates": [ [ -52.156390175126013, -32.054020815732258 ], [ -52.157462692325325, -32.054411774783588 ] ] } },
{ "type": "Feature", "properties": { "tipo": "rua", "nome": "CRISTOVAO PEREIRA", "drenagem": 1.0, "iluminacao": 1.0, "compriment": 50.154179280147645 }, "geometry": { "type": "LineString", "coordinates": [ [ -52.159697804568339, -32.055243317701638 ], [ -52.160191259267705, -32.055410548825165 ] ] } },
{ "type": "Feature", "properties": { "tipo": "rua", "nome": "CRISTOVAO PEREIRA", "drenagem": 1.0, "iluminacao": 1.0, "compriment": 78.384948264967491 }, "geometry": { "type": "LineString", "coordinates": [ [ -52.16073731556461, -32.055595603562899 ], [ -52.161515618221422, -32.055841252133199 ] ] } },
{ "type": "Feature", "properties": { "tipo": "rua", "nome": "JURAI XAVIER DA SILVA", "drenagem": 0.0, "iluminacao": 1.0, "compriment": 101.39592101562386 }, "geometry": { "type": "LineString", "coordinates": [ [ -52.17378529401099, -32.060495067713724 ], [ -52.173875643667927, -32.060349863371655 ] ] } },
{ "type": "Feature", "properties": { "tipo": "rua", "nome": "TORQUATO PONTES", "drenagem": 0.0, "iluminacao": 1.0, "compriment": 85.37203942767205 }, "geometry": { "type": "LineString", "coordinates": [ [ -52.167598214106754, -32.060889767110517 ], [ -52.167838497796581, -32.060507145546346 ] ] } },
{ "type": "Feature", "properties": { "tipo": "rua", "nome": "TORQUATO PONTES", "drenagem": 0.0, "iluminacao": 1.0, "compriment": 90.544818851249858 }, "geometry": { "type": "LineString", "coordinates": [ [ -52.168357028624349, -32.059714106425005 ], [ -52.168790621669331, -32.058985820816602 ] ] } },
{ "type": "Feature", "properties": { "tipo": "rua", "nome": "JOAQUIM GONCALVES LEDO", "drenagem": 0.0, "iluminacao": 1.0, "compriment": 92.546267817287415 }, "geometry": { "type": "LineString", "coordinates": [ [ -52.198036651849968, -32.081196666630952 ], [ -52.198493944319544, -32.081435250271127 ] ] } },
{ "type": "Feature", "properties": { "tipo": "rua", "nome": "ILHA DA TRINDADE", "drenagem": 0.0, "iluminacao": 1.0, "compriment": 65.695533139810649 }, "geometry": { "type": "LineString", "coordinates": [ [ -52.130218209358517, -32.047207986773252 ], [ -52.130852016042951, -32.047452098861271 ] ] } },
{ "type": "Feature", "properties": { "tipo": "travessa", "nome": "PRESIDENTE KENNEDY", "drenagem": 1.0, "iluminacao": 1.0, "compriment": 112.74500730709813 }, "geometry": { "type": "LineString", "coordinates": [ [ -52.105494057934116, -32.032351358925155 ], [ -52.1053035798938, -32.033355080706549 ] ] } },
{ "type": "Feature", "properties": { "tipo": "rua", "nome": "VALPORTO", "drenagem": 1.0, "iluminacao": 1.0, "compriment": 61.17197054688851 }, "geometry": { "type": "LineString", "coordinates": [ [ -52.092283552748256, -32.042268638313203 ], [ -52.092917484593741, -32.0421556326041 ] ] } },
{ "type": "Feature", "properties": { "tipo": "rua", "nome": "VALPORTO", "drenagem": 1.0, "iluminacao": 1.0, "compriment": 152.55417003970419 }, "geometry": { "type": "LineString", "coordinates": [ [ -52.093297700723035, -32.042085845825333 ], [ -52.094877250767219, -32.041798462865842 ] ] } },
{ "type": "Feature", "properties": { "tipo": "rua", "nome": "VALPORTO", "drenagem": 1.0, "iluminacao": 1.0, "compriment": 35.711823058104471 }, "geometry": { "type": "LineString", "coordinates": [ [ -52.094877250767219, -32.041798462865842 ], [ -52.095247559215814, -32.041733412034034 ] ] } },
{ "type": "Feature", "properties": { "tipo": "rua", "nome": "VALPORTO", "drenagem": 1.0, "iluminacao": 1.0, "compriment": 44.877199431173757 }, "geometry": { "type": "LineString", "coordinates": [ [ -52.095247559215814, -32.041733412034034 ], [ -52.095711843529635, -32.04164739345704 ] ] } },
{ "type": "Feature", "properties": { "tipo": "rua", "nome": "VALPORTO", "drenagem": 1.0, "iluminacao": 1.0, "compriment": 73.543737516640647 }, "geometry": { "type": "LineString", "coordinates": [ [ -52.09647967615868, -32.041500414906551 ], [ -52.097241723621082, -32.041364197006409 ] ] } },
{ "type": "Feature", "properties": { "tipo": "rua", "nome": "VALPORTO", "drenagem": 1.0, "iluminacao": 1.0, "compriment": 61.570938750216641 }, "geometry": { "type": "LineString", "coordinates": [ [ -52.097241723621082, -32.041364197006409 ], [ -52.097879184027008, -32.041248040270268 ] ] } },
{ "type": "Feature", "properties": { "tipo": "rua", "nome": "VALPORTO", "drenagem": 1.0, "iluminacao": 1.0, "compriment": 60.729308297880031 }, "geometry": { "type": "LineString", "coordinates": [ [ -52.097879184027008, -32.041248040270268 ], [ -52.098506873896248, -32.041129344202581 ] ] } },
{ "type": "Feature", "properties": { "tipo": "rua", "nome": "VALPORTO", "drenagem": 1.0, "iluminacao": 1.0, "compriment": 65.260809655400948 }, "geometry": { "type": "LineString", "coordinates": [ [ -52.098593389986725, -32.041114438272871 ], [ -52.098869990008005, -32.041064383403238 ] ] } },
{ "type": "Feature", "properties": { "tipo": "rua", "nome": "VALPORTO", "drenagem": 1.0, "iluminacao": 1.0, "compriment": 119.0000756739871 }, "geometry": { "type": "LineString", "coordinates": [ [ -52.100113402244688, -32.040840238766386 ], [ -52.100643832702175, -32.040744071432293 ] ] } },
{ "type": "Feature", "properties": { "tipo": "rua", "nome": "MARECHAL ANDREA", "drenagem": 1.0, "iluminacao": 1.0, "compriment": 47.693882545295509 }, "geometry": { "type": "LineString", "coordinates": [ [ -52.084139759519893, -32.03129615961317 ], [ -52.084642424171854, -32.031336637070041 ] ] } },
{ "type": "Feature", "properties": { "tipo": "rua", "nome": "MARECHAL ANDREA", "drenagem": 1.0, "iluminacao": 1.0, "compriment": 71.974050523906584 }, "geometry": { "type": "LineString", "coordinates": [ [ -52.084642424171854, -32.031336637070041 ], [ -52.085398912924383, -32.03141417534021 ] ] } },
{ "type": "Feature", "properties": { "tipo": "rua", "nome": "MARECHAL ANDREA", "drenagem": 1.0, "iluminacao": 1.0, "compriment": 128.30102799530655 }, "geometry": { "type": "MultiLineString", "coordinates": [ [ [ -52.085398912924383, -32.03141417534021 ], [ -52.086314785831064, -32.031502302202206 ] ], [ [ -52.086336670894916, -32.031504408020588 ], [ -52.086748575869557, -32.03154404222375 ] ] ] } },
{ "type": "Feature", "properties": { "tipo": "rua", "nome": "MARECHAL ANDREA", "drenagem": 0.0, "iluminacao": 1.0, "compriment": 127.82865962811861 }, "geometry": { "type": "LineString", "coordinates": [ [ -52.086748575869557, -32.03154404222375 ], [ -52.088095137001652, -32.031658489744238 ] ] } },
{ "type": "Feature", "properties": { "tipo": "rua", "nome": "MARECHAL ANDREA", "drenagem": 0.0, "iluminacao": 1.0, "compriment": 14.320646388248511 }, "geometry": { "type": "LineString", "coordinates": [ [ -52.088095137001652, -32.031658489744238 ], [ -52.088246604666431, -32.031663972539434 ] ] } },
{ "type": "Feature", "properties": { "tipo": "rua", "nome": "SOLDADO BOMBEIRO ANTONIO SILVEIRA DE AZEVEDO", "drenagem": 1.0, "iluminacao": 1.0, "compriment": 198.56663816196695 }, "geometry": { "type": "LineString", "coordinates": [ [ -52.082906988572617, -32.041089027214049 ], [ -52.082926281483594, -32.041164274137756 ] ] } },
{ "type": "Feature", "properties": { "tipo": "rua", "nome": "PROFESSOR ANTENOR MONTEIRO", "drenagem": 1.0, "iluminacao": 1.0, "compriment": 128.00781698620941 }, "geometry": { "type": "LineString", "coordinates": [ [ -52.084416964428428, -32.037854018655977 ], [ -52.084715243685665, -32.03898010548032 ] ] } },
{ "type": "Feature", "properties": { "tipo": "rua", "nome": "PROFESSOR ANTENOR MONTEIRO", "drenagem": 1.0, "iluminacao": 1.0, "compriment": 199.30628303744979 }, "geometry": { "type": "LineString", "coordinates": [ [ -52.084715243685665, -32.03898010548032 ], [ -52.08515870119426, -32.040737339656864 ] ] } },
{ "type": "Feature", "properties": { "tipo": "rua", "nome": "PROFESSOR ANTENOR MONTEIRO", "drenagem": 1.0, "iluminacao": 1.0, "compriment": 191.51691739370233 }, "geometry": { "type": "LineString", "coordinates": [ [ -52.085194983481429, -32.040791762077305 ], [ -52.085604680816047, -32.042483267768858 ] ] } },
{ "type": "Feature", "properties": { "tipo": "rua", "nome": "DEPUTADO FERNANDO FERRARI", "drenagem": 1.0, "iluminacao": 1.0, "compriment": 144.70316919111829 }, "geometry": { "type": "MultiLineString", "coordinates": [ [ [ -52.084847524671837, -32.036439127903279 ], [ -52.084925881403223, -32.036758026134365 ] ], [ [ -52.084971753778355, -32.036944718700894 ], [ -52.085048198213379, -32.037255834219295 ] ], [ [ -52.08505003853768, -32.037263324018241 ], [ -52.085161365834807, -32.037716406701755 ] ] ] } },
{ "type": "Feature", "properties": { "tipo": "rua", "nome": "EDGAR FONTOURA", "drenagem": 1.0, "iluminacao": 1.0, "compriment": 73.030766250342538 }, "geometry": { "type": "LineString", "coordinates": [ [ -52.083383253733267, -32.038052771914778 ], [ -52.083677532580147, -32.03799833805428 ] ] } },
{ "type": "Feature", "properties": { "tipo": "rua", "nome": "EDGAR FONTOURA", "drenagem": 1.0, "iluminacao": 1.0, "compriment": 71.652441432318383 }, "geometry": { "type": "LineString", "coordinates": [ [ -52.083677532580147, -32.03799833805428 ], [ -52.084416964428428, -32.037854018655977 ] ] } },
{ "type": "Feature", "properties": { "tipo": "rua", "nome": "EDGAR FONTOURA", "drenagem": 1.0, "iluminacao": 1.0, "compriment": 47.146324465844295 }, "geometry": { "type": "LineString", "coordinates": [ [ -52.084416964428428, -32.037854018655977 ], [ -52.08490475339859, -32.037763845266909 ] ] } },
{ "type": "Feature", "properties": { "tipo": "rua", "nome": "EDGAR FONTOURA", "drenagem": 1.0, "iluminacao": 1.0, "compriment": 24.802428638012984 }, "geometry": { "type": "LineString", "coordinates": [ [ -52.08490475339859, -32.037763845266909 ], [ -52.085161365834807, -32.037716406701755 ] ] } },
{ "type": "Feature", "properties": { "tipo": "travessa", "nome": "VEREADOR JOSE ROMEU", "drenagem": 1.0, "iluminacao": 1.0, "compriment": 119.29559227755911 }, "geometry": { "type": "LineString", "coordinates": [ [ -52.084516113082096, -32.036381239334773 ], [ -52.084537733648752, -32.036490207097714 ] ] } },
{ "type": "Feature", "properties": { "tipo": "rua", "nome": "MONTEIRO LOBATO", "drenagem": 1.0, "iluminacao": 1.0, "compriment": 43.792070455798715 }, "geometry": { "type": "MultiLineString", "coordinates": [ [ [ -52.08408470680483, -32.036574168099982 ], [ -52.084206366745754, -32.036551620450297 ] ], [ [ -52.084392293630287, -32.036517161989863 ], [ -52.084537733648752, -32.036490207097714 ] ] ] } },
{ "type": "Feature", "properties": { "tipo": "rua", "nome": "ALIPIO CADAVAL", "drenagem": 0.0, "iluminacao": 1.0, "compriment": 51.523292450150137 }, "geometry": { "type": "LineString", "coordinates": [ [ -52.079681471748735, -32.045163548208961 ], [ -52.079811177592184, -32.045468482948785 ] ] } },
{ "type": "Feature", "properties": { "tipo": "rua", "nome": "ALIPIO CADAVAL", "drenagem": 1.0, "iluminacao": 1.0, "compriment": 169.10979060233632 }, "geometry": { "type": "LineString", "coordinates": [ [ -52.080157563336222, -32.046263953291664 ], [ -52.080394108393186, -32.04685493357573 ] ] } },
{ "type": "Feature", "properties": { "tipo": "rua", "nome": "ALIPIO CADAVAL", "drenagem": 1.0, "iluminacao": 1.0, "compriment": 169.40271781507545 }, "geometry": { "type": "LineString", "coordinates": [ [ -52.081081636677609, -32.048519548366912 ], [ -52.081347646789105, -32.049143359948062 ] ] } },
{ "type": "Feature", "properties": { "tipo": "rua", "nome": "DOS TUPIS", "drenagem": 1.0, "iluminacao": 1.0, "compriment": 62.358410345799768 }, "geometry": { "type": "LineString", "coordinates": [ [ -52.080157563336222, -32.046263953291664 ], [ -52.080265491440557, -32.046238768912794 ] ] } },
{ "type": "Feature", "properties": { "tipo": "rua", "nome": "DOS TUPIS", "drenagem": 1.0, "iluminacao": 1.0, "compriment": 37.293627119434127 }, "geometry": { "type": "LineString", "coordinates": [ [ -52.08089555246962, -32.046090660783371 ], [ -52.081173942137035, -32.046022709542413 ] ] } },
{ "type": "Feature", "properties": { "tipo": "rua", "nome": "DOS TUPIS", "drenagem": 1.0, "iluminacao": 1.0, "compriment": 64.284656287649767 }, "geometry": { "type": "MultiLineString", "coordinates": [ [ [ -52.081173942137035, -32.046022709542413 ], [ -52.081267662751443, -32.045999935636083 ] ], [ [ -52.081332621511024, -32.045984150798184 ], [ -52.08182847488515, -32.045863659502139 ] ] ] } },
{ "type": "Feature", "properties": { "tipo": "rua", "nome": "DOS TUPIS", "drenagem": 0.0, "iluminacao": 1.0, "compriment": 64.739974400007625 }, "geometry": { "type": "LineString", "coordinates": [ [ -52.08182847488515, -32.045863659502139 ], [ -52.081965145370184, -32.045831757802674 ] ] } },
{ "type": "Feature", "properties": { "tipo": "rua", "nome": "GENERAL FLORES DA CUNHA", "drenagem": 1.0, "iluminacao": 1.0, "compriment": 171.21349319892892 }, "geometry": { "type": "MultiLineString", "coordinates": [ [ [ -52.081173942137035, -32.046022709542413 ], [ -52.08120601450748, -32.046143192839878 ] ], [ [ -52.08153222901057, -32.047368652588304 ], [ -52.08157478502666, -32.047528518824421 ] ] ] } },
{ "type": "Feature", "properties": { "tipo": "rua", "nome": "GENERAL FLORES DA CUNHA", "drenagem": 1.0, "iluminacao": 1.0, "compriment": 78.842964286339679 }, "geometry": { "type": "LineString", "coordinates": [ [ -52.081805566724491, -32.048329502338873 ], [ -52.081990809576887, -32.049022793528856 ] ] } },
{ "type": "Feature", "properties": { "tipo": "rua", "nome": "SAO FRANCISCO DE ASSIS", "drenagem": 1.0, "iluminacao": 1.0, "compriment": 92.073886385272701 }, "geometry": { "type": "LineString", "coordinates": [ [ -52.083109010804499, -32.04797297885905 ], [ -52.083131610154972, -32.048056786716252 ] ] } },
{ "type": "Feature", "properties": { "tipo": "rua", "nome": "SAO FRANCISCO DE ASSIS", "drenagem": 1.0, "iluminacao": 1.0, "compriment": 78.730782066713999 }, "geometry": { "type": "MultiLineString", "coordinates": [ [ [ -52.083131610154972, -32.048056786716252 ], [ -52.083150538656582, -32.048131650675124 ] ], [ [ -52.083253977323587, -32.04854076008435 ], [ -52.083307103868165, -32.048750880437744 ] ] ] } },
{ "type": "Feature", "properties": { "tipo": "rua", "nome": "RUY BARBOSA", "drenagem": 1.0, "iluminacao": 1.0, "compriment": 183.94832071721342 }, "geometry": { "type": "LineString", "coordinates": [ [ -52.084451916440159, -32.045236544784444 ], [ -52.084453459835721, -32.045242208630945 ] ] } },
{ "type": "Feature", "properties": { "tipo": "rua", "nome": "CAPITAO LEMOS FARIA", "drenagem": 0.0, "iluminacao": 1.0, "compriment": 104.79830007834668 }, "geometry": { "type": "MultiLineString", "coordinates": [ [ [ -52.092374890222388, -32.043306718029662 ], [ -52.092405230083443, -32.043691010259906 ] ], [ [ -52.092407901842989, -32.043724851431158 ], [ -52.092449336607949, -32.044249674475175 ] ] ] } },
{ "type": "Feature", "properties": { "tipo": "rua", "nome": "CAPITAO LEMOS FARIA", "drenagem": 0.0, "iluminacao": 1.0, "compriment": 113.08521181804872 }, "geometry": { "type": "LineString", "coordinates": [ [ -52.092449336607949, -32.044249674475175 ], [ -52.092535356310236, -32.045266857692937 ] ] } },
{ "type": "Feature", "properties": { "tipo": "rua", "nome": "CAPITAO LEMOS FARIA", "drenagem": 1.0, "iluminacao": 1.0, "compriment": 109.76419599658026 }, "geometry": { "type": "LineString", "coordinates": [ [ -52.092535356310236, -32.045266857692937 ], [ -52.092607699010301, -32.04625480700507 ] ] } },
{ "type": "Feature", "properties": { "tipo": "rua", "nome": "CAPITAO LEMOS FARIA", "drenagem": 1.0, "iluminacao": 1.0, "compriment": 281.55603783550202 }, "geometry": { "type": "MultiLineString", "coordinates": [ [ [ -52.092607699010301, -32.04625480700507 ], [ -52.092732580494648, -32.047655437963009 ] ], [ [ -52.092738883653112, -32.047726132180969 ], [ -52.092833438419014, -32.048786628322866 ] ] ] } },
{ "type": "Feature", "properties": { "tipo": "rua", "nome": "DOUTORA RITA LOBATO", "drenagem": 1.0, "iluminacao": 1.0, "compriment": 115.07732483342566 }, "geometry": { "type": "MultiLineString", "coordinates": [ [ [ -52.092917484593741, -32.0421556326041 ], [ -52.092929577958898, -32.04235810403209 ] ], [ [ -52.092932132431272, -32.042400871918588 ], [ -52.092966244848625, -32.042971994163075 ] ], [ [ -52.092969514491514, -32.043026735689224 ], [ -52.092979390069928, -32.043192076141317 ] ] ] } },
{ "type": "Feature", "properties": { "tipo": "rua", "nome": "DOUTORA RITA LOBATO", "drenagem": 1.0, "iluminacao": 1.0, "compriment": 78.769179893388198 }, "geometry": { "type": "MultiLineString", "coordinates": [ [ [ -52.092994290429154, -32.043466483214068 ], [ -52.093007566931639, -32.043867073461172 ] ], [ [ -52.093012051407683, -32.044002382995359 ], [ -52.093017823780116, -32.044176552066126 ] ] ] } },
{ "type": "Feature", "properties": { "tipo": "rua", "nome": "DOUTORA RITA LOBATO", "drenagem": 1.0, "iluminacao": 1.0, "compriment": 9.9940383397408699 }, "geometry": { "type": "LineString", "coordinates": [ [ -52.093099425394094, -32.046166960145158 ], [ -52.093105570165768, -32.046256935690238 ] ] } },
{ "type": "Feature", "properties": { "tipo": "rua", "nome": "DOUTORA RITA LOBATO", "drenagem": 1.0, "iluminacao": 1.0, "compriment": 282.93306137637967 }, "geometry": { "type": "LineString", "coordinates": [ [ -52.093105570165768, -32.046256935690238 ], [ -52.093265831942638, -32.04875898484508 ] ] } },
{ "type": "Feature", "properties": { "tipo": "rua", "nome": "LINO NEVES", "drenagem": 1.0, "iluminacao": 1.0, "compriment": 72.880128544119358 }, "geometry": { "type": "LineString", "coordinates": [ [ -52.100176460367905, -32.041692057605587 ], [ -52.100314662127396, -32.042338673605485 ] ] } },
{ "type": "Feature", "properties": { "tipo": "rua", "nome": "LINO NEVES", "drenagem": 0.0, "iluminacao": 1.0, "compriment": 74.9243811958805 }, "geometry": { "type": "LineString", "coordinates": [ [ -52.100314662127396, -32.042338673605485 ], [ -52.10047558515852, -32.043000303769531 ] ] } },
{ "type": "Feature", "properties": { "tipo": "rua", "nome": "LINO NEVES", "drenagem": 0.0, "iluminacao": 1.0, "compriment": 38.463830561336081 }, "geometry": { "type": "LineString", "coordinates": [ [ -52.10047558515852, -32.043000303769531 ], [ -52.100556760589001, -32.043340215362136 ] ] } },
{ "type": "Feature", "properties": { "tipo": "rua", "nome": "FIRMEZA", "drenagem": 0.0, "iluminacao": 1.0, "compriment": 140.65239920801113 }, "geometry": { "type": "LineString", "coordinates": [ [ -52.100182705560577, -32.041663975589366 ], [ -52.100279063700143, -32.041649464913093 ] ] } },
{ "type": "Feature", "properties": { "tipo": "rua", "nome": "AMERICO VESPUCIO", "drenagem": 1.0, "iluminacao": 1.0, "compriment": 33.481398989977322 }, "geometry": { "type": "LineString", "coordinates": [ [ -52.094822432317294, -32.044707773397086 ], [ -52.095169970529163, -32.044648235717979 ] ] } },
{ "type": "Feature", "properties": { "tipo": "rua", "nome": "AMERICO VESPUCIO", "drenagem": 1.0, "iluminacao": 1.0, "compriment": 120.39286246047742 }, "geometry": { "type": "LineString", "coordinates": [ [ -52.095169970529163, -32.044648235717979 ], [ -52.096414291447417, -32.044412587309594 ] ] } },
{ "type": "Feature", "properties": { "tipo": "rua", "nome": "MARTIN AFONSO DE SOUZA", "drenagem": 0.0, "iluminacao": 1.0, "compriment": 126.27311907580544 }, "geometry": { "type": "LineString", "coordinates": [ [ -52.096429534953494, -32.043740271663253 ], [ -52.097735053323959, -32.043494785904741 ] ] } },
{ "type": "Feature", "properties": { "tipo": "avenida", "nome": "ALMIRANTE TAMANDARE", "drenagem": 0.0, "iluminacao": 1.0, "compriment": 42.077088310752877 }, "geometry": { "type": "LineString", "coordinates": [ [ -52.096353577692085, -32.046993705095105 ], [ -52.096338211423898, -32.047372936316386 ] ] } },
{ "type": "Feature", "properties": { "tipo": "rua", "nome": "GENERAL BERTOLDO KLINGER", "drenagem": 1.0, "iluminacao": 1.0, "compriment": 42.709024858536175 }, "geometry": { "type": "LineString", "coordinates": [ [ -52.094804843361352, -32.045259566942597 ], [ -52.094791464264517, -32.045644554316603 ] ] } },
{ "type": "Feature", "properties": { "tipo": "rua", "nome": "GENERAL BERTOLDO KLINGER", "drenagem": 1.0, "iluminacao": 1.0, "compriment": 43.684877553636461 }, "geometry": { "type": "LineString", "coordinates": [ [ -52.094791464264517, -32.045644554316603 ], [ -52.094785697967211, -32.046038480039734 ] ] } },
{ "type": "Feature", "properties": { "tipo": "rua", "nome": "GENERAL BERTOLDO KLINGER", "drenagem": 1.0, "iluminacao": 1.0, "compriment": 47.692281461368573 }, "geometry": { "type": "LineString", "coordinates": [ [ -52.094785697967211, -32.046038480039734 ], [ -52.094775302466388, -32.04646848453261 ] ] } },
{ "type": "Feature", "properties": { "tipo": "rua", "nome": "GENERAL BERTOLDO KLINGER", "drenagem": 1.0, "iluminacao": 1.0, "compriment": 41.928016007051497 }, "geometry": { "type": "LineString", "coordinates": [ [ -52.094766570274288, -32.046847742949161 ], [ -52.09477021276733, -32.047225842865167 ] ] } },
{ "type": "Feature", "properties": { "tipo": "rua", "nome": "GENERAL BERTOLDO KLINGER", "drenagem": 1.0, "iluminacao": 1.0, "compriment": 23.359453045212685 }, "geometry": { "type": "LineString", "coordinates": [ [ -52.09477021276733, -32.047225842865167 ], [ -52.094784157597928, -32.047436166550327 ] ] } },
{ "type": "Feature", "properties": { "tipo": "rua", "nome": "DOUTOR LAZARO LUDOVICO ZAMENHOF", "drenagem": 1.0, "iluminacao": 1.0, "compriment": 44.778148991190527 }, "geometry": { "type": "LineString", "coordinates": [ [ -52.093322632906585, -32.042884446835075 ], [ -52.093340574342136, -32.043287973365977 ] ] } },
{ "type": "Feature", "properties": { "tipo": "rua", "nome": "ILHA DA TRINDADE", "drenagem": 0.0, "iluminacao": 1.0, "compriment": 67.867765731107554 }, "geometry": { "type": "LineString", "coordinates": [ [ -52.131550457072912, -32.047663681034955 ], [ -52.131666996821018, -32.047714456308675 ] ] } },
{ "type": "Feature", "properties": { "tipo": "rua", "nome": "HONORATO CARVALHO", "drenagem": 0.0, "iluminacao": 1.0, "compriment": 71.418247972594415 }, "geometry": { "type": "LineString", "coordinates": [ [ -52.142000038573755, -32.049588413741674 ], [ -52.142671510031995, -32.049884653892271 ] ] } },
{ "type": "Feature", "properties": { "tipo": "avenida", "nome": "URUGUAI", "drenagem": 1.0, "iluminacao": 1.0, "compriment": 58.164899382658213 }, "geometry": { "type": "LineString", "coordinates": [ [ -52.137097415662787, -32.051521139077622 ], [ -52.137645705609501, -32.051760064600977 ] ] } },
{ "type": "Feature", "properties": { "tipo": "rua", "nome": "HONORIO AIKIM", "drenagem": 0.0, "iluminacao": 1.0, "compriment": 82.527702881652829 }, "geometry": { "type": "LineString", "coordinates": [ [ -52.182077148294105, -32.06624850603589 ], [ -52.182091645151282, -32.066223313989369 ] ] } },
{ "type": "Feature", "properties": { "tipo": "rua", "nome": "LILI FERREIRA", "drenagem": 0.0, "iluminacao": 1.0, "compriment": 160.47464254665138 }, "geometry": { "type": "LineString", "coordinates": [ [ -52.177837074449322, -32.064934023461994 ], [ -52.177640254576183, -32.065272676723524 ] ] } },
{ "type": "Feature", "properties": { "tipo": "travessa", "nome": "BRAILE", "drenagem": 1.0, "iluminacao": 1.0, "compriment": 54.465671974376043 }, "geometry": { "type": "LineString", "coordinates": [ [ -52.09287155522032, -32.041454898361607 ], [ -52.093304098631179, -32.04177973533087 ] ] } },
{ "type": "Feature", "properties": { "tipo": "rua", "nome": "APARICIO TORELLY", "drenagem": 0.0, "iluminacao": 1.0, "compriment": 248.17128120027942 }, "geometry": { "type": "LineString", "coordinates": [ [ -52.166765103042231, -32.060135247671198 ], [ -52.167938662166549, -32.058132748445381 ] ] } },
{ "type": "Feature", "properties": { "tipo": "rua", "nome": "DOUTOR LAZARO LUDOVICO ZAMENHOF", "drenagem": 1.0, "iluminacao": 1.0, "compriment": 20.005275767069328 }, "geometry": { "type": "LineString", "coordinates": [ [ -52.093340574342136, -32.043287973365977 ], [ -52.093339822864372, -32.043468382676735 ] ] } },
{ "type": "Feature", "properties": { "tipo": "rua", "nome": "DOUTOR LAZARO LUDOVICO ZAMENHOF", "drenagem": 1.0, "iluminacao": 1.0, "compriment": 43.956022420284683 }, "geometry": { "type": "LineString", "coordinates": [ [ -52.093339021538064, -32.043660761882734 ], [ -52.093353252572214, -32.044056978201439 ] ] } },
{ "type": "Feature", "properties": { "tipo": "avenida", "nome": "DOM PEDRO II", "drenagem": 1.0, "iluminacao": 1.0, "compriment": 49.020901711835037 }, "geometry": { "type": "LineString", "coordinates": [ [ -52.087350990276128, -32.034851920800186 ], [ -52.086843922950358, -32.03494607320755 ] ] } },
{ "type": "Feature", "properties": { "tipo": "avenida", "nome": "DOM PEDRO II", "drenagem": 1.0, "iluminacao": 1.0, "compriment": 50.256654054565843 }, "geometry": { "type": "LineString", "coordinates": [ [ -52.086843922950358, -32.03494607320755 ], [ -52.086326102849739, -32.035050217061006 ] ] } },
{ "type": "Feature", "properties": { "tipo": "avenida", "nome": "DOM PEDRO II", "drenagem": 1.0, "iluminacao": 1.0, "compriment": 99.745822496608554 }, "geometry": { "type": "LineString", "coordinates": [ [ -52.086326102849739, -32.035050217061006 ], [ -52.0852970389682, -32.03525205653002 ] ] } },
{ "type": "Feature", "properties": { "tipo": "avenida", "nome": "DOM PEDRO II", "drenagem": 1.0, "iluminacao": 1.0, "compriment": 37.652041557739686 }, "geometry": { "type": "LineString", "coordinates": [ [ -52.0852970389682, -32.03525205653002 ], [ -52.084907305481629, -32.035323338212081 ] ] } },
{ "type": "Feature", "properties": { "tipo": "rua", "nome": "QUINTINO BOCAIUVA", "drenagem": 1.0, "iluminacao": 1.0, "compriment": 72.261012050359412 }, "geometry": { "type": "LineString", "coordinates": [ [ -52.154425887075377, -32.050406929369252 ], [ -52.15413157236469, -32.050955544078001 ] ] } },
{ "type": "Feature", "properties": { "tipo": "rua", "nome": "QUINTINO BOCAIUVA", "drenagem": 1.0, "iluminacao": 1.0, "compriment": 114.47414676500487 }, "geometry": { "type": "LineString", "coordinates": [ [ -52.152689792019686, -32.053739624072691 ], [ -52.152571937319841, -32.05397803470057 ] ] } },
{ "type": "Feature", "properties": { "tipo": "rua", "nome": "GENERAL BOEHM", "drenagem": 0.0, "iluminacao": 1.0, "compriment": 116.05464977015188 }, "geometry": { "type": "LineString", "coordinates": [ [ -52.152519491093237, -32.051462458950731 ], [ -52.153649157290332, -32.051874422855001 ] ] } },
{ "type": "Feature", "properties": { "tipo": "rua", "nome": "GENERAL BOEHM", "drenagem": 0.0, "iluminacao": 1.0, "compriment": 109.28375933348443 }, "geometry": { "type": "MultiLineString", "coordinates": [ [ [ -52.153649157290332, -32.051874422855001 ], [ -52.15403227264968, -32.052027197359465 ] ], [ [ -52.154182370228234, -32.052087051611259 ], [ -52.154697149902034, -32.052292329754387 ] ] ] } },
{ "type": "Feature", "properties": { "tipo": "rua", "nome": "PROFESSOR MANO", "drenagem": 0.0, "iluminacao": 1.0, "compriment": 219.39180497211353 }, "geometry": { "type": "LineString", "coordinates": [ [ -52.166314790358456, -32.05752011732924 ], [ -52.165645729585087, -32.058516062407875 ] ] } },
{ "type": "Feature", "properties": { "tipo": "avenida", "nome": "URUGUAI", "drenagem": 1.0, "iluminacao": 1.0, "compriment": 52.818528984947086 }, "geometry": { "type": "LineString", "coordinates": [ [ -52.132008429993348, -32.049346412873128 ], [ -52.13227103748941, -32.049459329017523 ] ] } },
{ "type": "Feature", "properties": { "tipo": "rua", "nome": "VASCO DA GAMA", "drenagem": 1.0, "iluminacao": 1.0, "compriment": 141.07350863336447 }, "geometry": { "type": "MultiLineString", "coordinates": [ [ [ -52.096353577692085, -32.046993705095105 ], [ -52.096659505357209, -32.04693382485496 ] ], [ [ -52.096954760743706, -32.046876033535433 ], [ -52.097332730485654, -32.046802052259814 ] ], [ [ -52.097725552505118, -32.046725163898472 ], [ -52.097809340727018, -32.046708763750921 ] ] ] } },
{ "type": "Feature", "properties": { "tipo": "rua", "nome": "DOM BOSCO", "drenagem": 1.0, "iluminacao": 1.0, "compriment": 119.50536591921542 }, "geometry": { "type": "LineString", "coordinates": [ [ -52.107915770590886, -32.039100152896815 ], [ -52.108318446329719, -32.039265327063291 ] ] } },
{ "type": "Feature", "properties": { "tipo": "rua", "nome": "CORDILHEIRA DOS ANDES", "drenagem": 1.0, "iluminacao": 0.0, "compriment": 118.46521606633762 }, "geometry": { "type": "LineString", "coordinates": [ [ -52.136373459281195, -32.049190975512339 ], [ -52.137482404592603, -32.049690268275256 ] ] } },
{ "type": "Feature", "properties": { "tipo": "rua", "nome": "ALMIRANTE AMPHILOQUIO REIS", "drenagem": 0.0, "iluminacao": 1.0, "compriment": 137.74765229936597 }, "geometry": { "type": "LineString", "coordinates": [ [ -52.085112005876624, -32.033595678050425 ], [ -52.086535720283898, -32.033326805541158 ] ] } },
{ "type": "Feature", "properties": { "tipo": "rua", "nome": "GUATEMALA", "drenagem": 0.0, "iluminacao": 1.0, "compriment": 70.446128273406686 }, "geometry": { "type": "LineString", "coordinates": [ [ -52.135167461625926, -32.051935465712646 ], [ -52.135215720383243, -32.051956146926571 ] ] } },
{ "type": "Feature", "properties": { "tipo": "rua", "nome": "HONORATO CARVALHO", "drenagem": 0.0, "iluminacao": 1.0, "compriment": 183.21303481841815 }, "geometry": { "type": "LineString", "coordinates": [ [ -52.139822569469565, -32.048667085761835 ], [ -52.141297375754284, -32.049289566054526 ] ] } },
{ "type": "Feature", "properties": { "tipo": "rua", "nome": "RAUL BARLEM", "drenagem": 1.0, "iluminacao": 1.0, "compriment": 88.728327825516331 }, "geometry": { "type": "LineString", "coordinates": [ [ -52.110838379214684, -32.046564117273874 ], [ -52.110302110038141, -32.047221112090881 ] ] } },
{ "type": "Feature", "properties": { "tipo": "rua", "nome": "VETERANO SPORT CLUBE RIO GRANDE", "drenagem": 1.0, "iluminacao": 1.0, "compriment": 88.10320618342783 }, "geometry": { "type": "LineString", "coordinates": [ [ -52.112229101621359, -32.046349801389987 ], [ -52.111743039935646, -32.047027950739235 ] ] } },
{ "type": "Feature", "properties": { "tipo": "rua", "nome": "VETERANO SPORT CLUBE RIO GRANDE", "drenagem": 1.0, "iluminacao": 1.0, "compriment": 88.644869665843061 }, "geometry": { "type": "LineString", "coordinates": [ [ -52.111743039935646, -32.047027950739235 ], [ -52.11125122314931, -32.047708827047941 ] ] } },
{ "type": "Feature", "properties": { "tipo": "rua", "nome": "MAJOR MIGUEL PEREIRA", "drenagem": 1.0, "iluminacao": 1.0, "compriment": 60.113948269652589 }, "geometry": { "type": "LineString", "coordinates": [ [ -52.093502952310736, -32.040824191326372 ], [ -52.093194517761489, -32.041131932671746 ] ] } },
{ "type": "Feature", "properties": { "tipo": "rua", "nome": "MAJOR MIGUEL PEREIRA", "drenagem": 1.0, "iluminacao": 1.0, "compriment": 47.043163334338338 }, "geometry": { "type": "LineString", "coordinates": [ [ -52.093194517761489, -32.041131932671746 ], [ -52.09287155522032, -32.041454898361607 ] ] } },
{ "type": "Feature", "properties": { "tipo": "rua", "nome": "MAJOR MIGUEL PEREIRA", "drenagem": 1.0, "iluminacao": 1.0, "compriment": 76.363178741549575 }, "geometry": { "type": "LineString", "coordinates": [ [ -52.09287155522032, -32.041454898361607 ], [ -52.092308762457456, -32.041949317962498 ] ] } },
{ "type": "Feature", "properties": { "tipo": "rua", "nome": "COMENDADOR FRANCISCO MARQUES", "drenagem": 0.0, "iluminacao": 1.0, "compriment": 93.437468392811354 }, "geometry": { "type": "LineString", "coordinates": [ [ -52.09187962403449, -32.038485864805232 ], [ -52.092116208027164, -32.039304045675912 ] ] } },
{ "type": "Feature", "properties": { "tipo": "rua", "nome": "COMENDADOR FRANCISCO MARQUES", "drenagem": 1.0, "iluminacao": 1.0, "compriment": 27.180714842177064 }, "geometry": { "type": "LineString", "coordinates": [ [ -52.092116208027164, -32.039304045675912 ], [ -52.092078619725484, -32.039547065386564 ] ] } },
{ "type": "Feature", "properties": { "tipo": "rua", "nome": "ALCIDES LIMA FARIA", "drenagem": 1.0, "iluminacao": 1.0, "compriment": 109.71768244912391 }, "geometry": { "type": "LineString", "coordinates": [ [ -52.090562574250406, -32.041427729549007 ], [ -52.090232709711429, -32.042376449127474 ] ] } },
{ "type": "Feature", "properties": { "tipo": "rua", "nome": "SETE DE SETEMBRO", "drenagem": 1.0, "iluminacao": 1.0, "compriment": 45.003474154781181 }, "geometry": { "type": "LineString", "coordinates": [ [ -52.092035320632284, -32.032676909776981 ], [ -52.092135807211825, -32.033073628441677 ] ] } },
{ "type": "Feature", "properties": { "tipo": "rua", "nome": "SETE DE SETEMBRO", "drenagem": 1.0, "iluminacao": 1.0, "compriment": 89.688322296673419 }, "geometry": { "type": "MultiLineString", "coordinates": [ [ [ -52.092135807211825, -32.033073628441677 ], [ -52.092274036194851, -32.033573672052846 ] ], [ [ -52.092274157568738, -32.033574111123116 ], [ -52.092353440878384, -32.033860918647783 ] ] ] } },
{ "type": "Feature", "properties": { "tipo": "rua", "nome": "MARIO RIBEIRO", "drenagem": 0.0, "iluminacao": 1.0, "compriment": 106.87628653953107 }, "geometry": { "type": "MultiLineString", "coordinates": [ [ [ -52.098928141906185, -32.038954573941126 ], [ -52.099105033693668, -32.039622716977441 ] ], [ [ -52.099131269462973, -32.039721812853024 ], [ -52.099177065143664, -32.039894789030051 ] ] ] } },
{ "type": "Feature", "properties": { "tipo": "rua", "nome": "GUATEMALA", "drenagem": 0.0, "iluminacao": 1.0, "compriment": 64.663686761476313 }, "geometry": { "type": "LineString", "coordinates": [ [ -52.128993348453903, -32.049304088105899 ], [ -52.129616526289219, -32.049545657908219 ] ] } },
{ "type": "Feature", "properties": { "tipo": "rua", "nome": "GUATEMALA", "drenagem": 0.0, "iluminacao": 1.0, "compriment": 68.320474820099733 }, "geometry": { "type": "LineString", "coordinates": [ [ -52.129616526289219, -32.049545657908219 ], [ -52.130263127074485, -32.049821940608993 ] ] } },
{ "type": "Feature", "properties": { "tipo": "rua", "nome": "GUATEMALA", "drenagem": 0.0, "iluminacao": 1.0, "compriment": 69.608921145706105 }, "geometry": { "type": "LineString", "coordinates": [ [ -52.130263127074485, -32.049821940608993 ], [ -52.130919484550844, -32.050107537451808 ] ] } },
{ "type": "Feature", "properties": { "tipo": "rua", "nome": "DOUTOR ALVARO COSTA", "drenagem": 0.0, "iluminacao": 1.0, "compriment": 57.446203601877428 }, "geometry": { "type": "LineString", "coordinates": [ [ -52.091198035800879, -32.040561175206108 ], [ -52.090623509061153, -32.040391169627071 ] ] } },
{ "type": "Feature", "properties": { "tipo": "rua", "nome": "DOUTOR ALVARO COSTA", "drenagem": 1.0, "iluminacao": 1.0, "compriment": 48.565682922325067 }, "geometry": { "type": "LineString", "coordinates": [ [ -52.090623509061153, -32.040391169627071 ], [ -52.090137799192576, -32.04024744290264 ] ] } },
{ "type": "Feature", "properties": { "tipo": "rua", "nome": "DOUTOR ALVARO COSTA", "drenagem": 1.0, "iluminacao": 1.0, "compriment": 149.07832237213992 }, "geometry": { "type": "LineString", "coordinates": [ [ -52.090137799192576, -32.04024744290264 ], [ -52.089490027219298, -32.040053606164712 ] ] } },
{ "type": "Feature", "properties": { "tipo": "rua", "nome": "FRANCISCO CAMPELLO", "drenagem": 1.0, "iluminacao": 1.0, "compriment": 154.36135709398954 }, "geometry": { "type": "LineString", "coordinates": [ [ -52.097519492503586, -32.029296565118962 ], [ -52.099127271514099, -32.029047768584746 ] ] } },
{ "type": "Feature", "properties": { "tipo": "rua", "nome": "FRANCISCO CAMPELLO", "drenagem": 1.0, "iluminacao": 1.0, "compriment": 178.3439522177384 }, "geometry": { "type": "LineString", "coordinates": [ [ -52.099127271514099, -32.029047768584746 ], [ -52.1008476173619, -32.028385255612314 ] ] } },
{ "type": "Feature", "properties": { "tipo": "rua", "nome": "DOM BOSCO", "drenagem": 1.0, "iluminacao": 1.0, "compriment": 59.896765334649963 }, "geometry": { "type": "LineString", "coordinates": [ [ -52.126851586620468, -32.047157058010178 ], [ -52.127418794365731, -32.047398688145513 ] ] } },
{ "type": "Feature", "properties": { "tipo": "rua", "nome": "DOM BOSCO", "drenagem": 1.0, "iluminacao": 1.0, "compriment": 59.725145534392603 }, "geometry": { "type": "LineString", "coordinates": [ [ -52.127418794365731, -32.047398688145513 ], [ -52.127983431611575, -32.047641231488292 ] ] } },
{ "type": "Feature", "properties": { "tipo": "rua", "nome": "DOUTOR AUGUSTO DUPRAT", "drenagem": 0.0, "iluminacao": 1.0, "compriment": 59.277889992381006 }, "geometry": { "type": "LineString", "coordinates": [ [ -52.127222783948696, -32.045316078602617 ], [ -52.127785447858507, -32.04555293723061 ] ] } },
{ "type": "Feature", "properties": { "tipo": "rua", "nome": "HONORATO CARVALHO", "drenagem": 0.0, "iluminacao": 1.0, "compriment": 76.060381245800457 }, "geometry": { "type": "LineString", "coordinates": [ [ -52.142866085716477, -32.049969193254057 ], [ -52.14359197391947, -32.050266314990751 ] ] } },
{ "type": "Feature", "properties": { "tipo": "rua", "nome": "DOUTOR ANTONIO MARIA DA COSTA FREITAS", "drenagem": 0.0, "iluminacao": 1.0, "compriment": 73.803421536376391 }, "geometry": { "type": "LineString", "coordinates": [ [ -52.143248924859037, -32.04924027564504 ], [ -52.143975729848947, -32.049484818713559 ] ] } },
{ "type": "Feature", "properties": { "tipo": "rua", "nome": "IRMA OTILIA", "drenagem": 0.0, "iluminacao": 1.0, "compriment": 99.195982130702006 }, "geometry": { "type": "LineString", "coordinates": [ [ -52.142284148958254, -32.047114034395769 ], [ -52.141936758154863, -32.047958249879152 ] ] } },
{ "type": "Feature", "properties": { "tipo": "rua", "nome": "MINAS GERAIS", "drenagem": 0.0, "iluminacao": 1.0, "compriment": 93.795964962815276 }, "geometry": { "type": "LineString", "coordinates": [ [ -52.119376927337136, -32.048061481210098 ], [ -52.119322989563159, -32.048153228283411 ] ] } },
{ "type": "Feature", "properties": { "tipo": "avenida", "nome": "URUGUAI", "drenagem": 1.0, "iluminacao": 0.0, "compriment": 29.690808167784198 }, "geometry": { "type": "LineString", "coordinates": [ [ -52.135106916553703, -32.050676668156804 ], [ -52.135399805167815, -32.050773975770127 ] ] } },
{ "type": "Feature", "properties": { "tipo": "rua", "nome": "GENERAL BERTOLDO KLINGER", "drenagem": 1.0, "iluminacao": 1.0, "compriment": 42.063151233704929 }, "geometry": { "type": "LineString", "coordinates": [ [ -52.094775302466388, -32.04646848453261 ], [ -52.094766570274288, -32.046847742949161 ] ] } },
{ "type": "Feature", "properties": { "tipo": "rua", "nome": "GUATEMALA", "drenagem": 0.0, "iluminacao": 1.0, "compriment": 54.637514042839648 }, "geometry": { "type": "MultiLineString", "coordinates": [ [ [ -52.131424719723753, -32.050321955002687 ], [ -52.131499789723989, -32.050354641699009 ] ], [ [ -52.131778596368058, -32.050476038636248 ], [ -52.131939839017399, -32.050546246302382 ] ] ] } },
{ "type": "Feature", "properties": { "tipo": "rua", "nome": "GUATEMALA", "drenagem": 0.0, "iluminacao": 1.0, "compriment": 63.073461161370254 }, "geometry": { "type": "LineString", "coordinates": [ [ -52.131939839017399, -32.050546246302382 ], [ -52.131996917467774, -32.050570122590585 ] ] } },
{ "type": "Feature", "properties": { "tipo": "rua", "nome": "GENERAL GURJAO", "drenagem": 1.0, "iluminacao": 0.0, "compriment": 76.447695715369534 }, "geometry": { "type": "LineString", "coordinates": [ [ -52.102522395171896, -32.037672961784864 ], [ -52.102266649122662, -32.038127912226493 ] ] } },
{ "type": "Feature", "properties": { "tipo": "rua", "nome": "GAMAL ABDEL NASSER", "drenagem": 0.0, "iluminacao": 1.0, "compriment": 97.851709772046647 }, "geometry": { "type": "LineString", "coordinates": [ [ -52.144029254223462, -32.047681628181287 ], [ -52.143614256648512, -32.048490188092849 ] ] } },
{ "type": "Feature", "properties": { "tipo": "rua", "nome": "GAMAL ABDEL NASSER", "drenagem": 0.0, "iluminacao": 1.0, "compriment": 88.546214615771731 }, "geometry": { "type": "MultiLineString", "coordinates": [ [ [ -52.143248924859037, -32.04924027564504 ], [ -52.14314495602256, -32.049438230104954 ] ], [ [ -52.143101636852649, -32.049520708885836 ], [ -52.142866085716477, -32.049969193254057 ] ] ] } },
{ "type": "Feature", "properties": { "tipo": "avenida", "nome": "DOM PEDRO II", "drenagem": 1.0, "iluminacao": 1.0, "compriment": 120.84174441089134 }, "geometry": { "type": "LineString", "coordinates": [ [ -52.084726609789946, -32.035224647943494 ], [ -52.084891923788781, -32.035192016680064 ] ] } },
{ "type": "Feature", "properties": { "tipo": "avenida", "nome": "DOM PEDRO II", "drenagem": 1.0, "iluminacao": 1.0, "compriment": 142.55517072403055 }, "geometry": { "type": "LineString", "coordinates": [ [ -52.084891923788781, -32.035192016680064 ], [ -52.086364207971243, -32.034909398344929 ] ] } },
{ "type": "Feature", "properties": { "tipo": "rua", "nome": "DOUTOR MARCIANO ESPINDOLA", "drenagem": 1.0, "iluminacao": 1.0, "compriment": 72.64389507815703 }, "geometry": { "type": "LineString", "coordinates": [ [ -52.083218734824555, -32.039266301638477 ], [ -52.083966433293504, -32.039112827445166 ] ] } },
{ "type": "Feature", "properties": { "tipo": "rua", "nome": "DOUTOR MARCIANO ESPINDOLA", "drenagem": 1.0, "iluminacao": 1.0, "compriment": 72.242421651957955 }, "geometry": { "type": "LineString", "coordinates": [ [ -52.083966433293504, -32.039112827445166 ], [ -52.084715243685665, -32.03898010548032 ] ] } },
{ "type": "Feature", "properties": { "tipo": "rua", "nome": "CINCO", "drenagem": 1.0, "iluminacao": 1.0, "compriment": 126.63307304061206 }, "geometry": { "type": "LineString", "coordinates": [ [ -52.086114060231345, -32.038707600164237 ], [ -52.085827256852511, -32.037592040612559 ] ] } },
{ "type": "Feature", "properties": { "tipo": "rua", "nome": "CINCO", "drenagem": 1.0, "iluminacao": 1.0, "compriment": 147.43495444003148 }, "geometry": { "type": "MultiLineString", "coordinates": [ [ [ -52.085731183278625, -32.037609984170743 ], [ -52.085695153593619, -32.037357503094206 ] ], [ [ -52.085666114643118, -32.037154010183194 ], [ -52.08557120927081, -32.036488952729414 ], [ -52.085542819486932, -32.036290110068009 ] ] ] } },
{ "type": "Feature", "properties": { "tipo": "avenida", "nome": "URUGUAI", "drenagem": 1.0, "iluminacao": 1.0, "compriment": 66.3 }, "geometry": { "type": "LineString", "coordinates": [ [ -52.129566533411705, -32.048318056040571 ], [ -52.130200579196575, -32.048575166549334 ] ] } },
{ "type": "Feature", "properties": { "tipo": "rua", "nome": "ANTONIO PEREIRA RODRIGUES", "drenagem": 0.0, "iluminacao": 1.0, "compriment": 98.193592975196879 }, "geometry": { "type": "LineString", "coordinates": [ [ -52.143228852438725, -32.047424805425301 ], [ -52.143042764140198, -32.048296029513189 ] ] } },
{ "type": "Feature", "properties": { "tipo": "rua", "nome": "IRMA OTILIA", "drenagem": 0.0, "iluminacao": 1.0, "compriment": 159.49916678728687 }, "geometry": { "type": "LineString", "coordinates": [ [ -52.141936758154863, -32.047958249879152 ], [ -52.141297375754284, -32.049289566054526 ] ] } },
{ "type": "Feature", "properties": { "tipo": "avenida", "nome": "URUGUAI", "drenagem": 1.0, "iluminacao": 1.0, "compriment": 68.296849642263865 }, "geometry": { "type": "LineString", "coordinates": [ [ -52.130200579196575, -32.048575166549334 ], [ -52.13084520727574, -32.048854291983275 ] ] } },
{ "type": "Feature", "properties": { "tipo": "avenida", "nome": "URUGUAI", "drenagem": 1.0, "iluminacao": 1.0, "compriment": 54.477677359905222 }, "geometry": { "type": "LineString", "coordinates": [ [ -52.131500177456893, -32.049114075514836 ], [ -52.132008429993348, -32.049346412873128 ] ] } },
{ "type": "Feature", "properties": { "tipo": "rua", "nome": "ALMIRANTE TEIXEIRA", "drenagem": 0.0, "iluminacao": 1.0, "compriment": 91.449556386302447 }, "geometry": { "type": "LineString", "coordinates": [ [ -52.17160834789383, -32.060644843400937 ], [ -52.172454084354982, -32.061046615182434 ] ] } },
{ "type": "Feature", "properties": { "tipo": "rua", "nome": "ALMIRANTE TEIXEIRA", "drenagem": 0.0, "iluminacao": 1.0, "compriment": 85.986328468783057 }, "geometry": { "type": "LineString", "coordinates": [ [ -52.172454084354982, -32.061046615182434 ], [ -52.173253113463957, -32.061418503102033 ] ] } },
{ "type": "Feature", "properties": { "tipo": "rua", "nome": "ALMIRANTE TEIXEIRA", "drenagem": 0.0, "iluminacao": 1.0, "compriment": 95.01947385884263 }, "geometry": { "type": "LineString", "coordinates": [ [ -52.173253113463957, -32.061418503102033 ], [ -52.173597561232803, -32.061577654238924 ] ] } },
{ "type": "Feature", "properties": { "tipo": "rua", "nome": "DIVO D OLIVEIRA", "drenagem": 0.0, "iluminacao": 1.0, "compriment": 101.12905831708864 }, "geometry": { "type": "MultiLineString", "coordinates": [ [ [ -52.168357028624349, -32.059714106425005 ], [ -52.168834744477969, -32.059903176447328 ] ], [ [ -52.168900695964773, -32.059929278677323 ], [ -52.169020588042009, -32.059976729473753 ] ], [ [ -52.169195778654263, -32.060046066282901 ], [ -52.169328193376913, -32.060098473282537 ] ] ] } },
{ "type": "Feature", "properties": { "tipo": "avenida", "nome": "URUGUAI", "drenagem": 1.0, "iluminacao": 1.0, "compriment": 69.788732572411305 }, "geometry": { "type": "LineString", "coordinates": [ [ -52.134875120763617, -32.050577898380077 ], [ -52.135106916553703, -32.050676668156804 ] ] } },
{ "type": "Feature", "properties": { "tipo": "rua", "nome": "CINCO", "drenagem": 1.0, "iluminacao": 1.0, "compriment": 5.7281547104975683 }, "geometry": { "type": "LineString", "coordinates": [ [ -52.085542819486932, -32.036290110068009 ], [ -52.085540397014682, -32.036238493920074 ] ] } },
{ "type": "Feature", "properties": { "tipo": "rua", "nome": "JOAO PESSOA", "drenagem": 0.0, "iluminacao": 1.0, "compriment": 176.23582950488606 }, "geometry": { "type": "LineString", "coordinates": [ [ -52.086364207971243, -32.034909398344929 ], [ -52.086535720283898, -32.033326805541158 ] ] } },
{ "type": "Feature", "properties": { "tipo": "rua", "nome": "JOAO PESSOA", "drenagem": 1.0, "iluminacao": 1.0, "compriment": 198.70580734034232 }, "geometry": { "type": "LineString", "coordinates": [ [ -52.086535720283898, -32.033326805541158 ], [ -52.086748575869557, -32.03154404222375 ] ] } },
{ "type": "Feature", "properties": { "tipo": "rua", "nome": "GENERAL BOEHM", "drenagem": 1.0, "iluminacao": 0.0, "compriment": 117.5475811664635 }, "geometry": { "type": "MultiLineString", "coordinates": [ [ [ -52.1513747146656, -32.051046357636807 ], [ -52.152183184382693, -32.05134021878159 ] ], [ [ -52.152363823410589, -32.051405877136396 ], [ -52.152519491093237, -32.051462458950731 ] ] ] } },
{ "type": "Feature", "properties": { "tipo": "rua", "nome": "JOAO PESSOA", "drenagem": 0.0, "iluminacao": 1.0, "compriment": 68.901921380478228 }, "geometry": { "type": "LineString", "coordinates": [ [ -52.086748575869557, -32.03154404222375 ], [ -52.086830240330372, -32.030926580197516 ] ] } },
{ "type": "Feature", "properties": { "tipo": "rua", "nome": "BENTO MARTINS", "drenagem": 0.0, "iluminacao": 1.0, "compriment": 178.23037632560195 }, "geometry": { "type": "MultiLineString", "coordinates": [ [ [ -52.084891923788781, -32.035192016680064 ], [ -52.085021906947361, -32.034249199664465 ] ], [ [ -52.085027925367626, -32.034205545785795 ], [ -52.085112005876624, -32.033595678050425 ] ] ] } },
{ "type": "Feature", "properties": { "tipo": "rua", "nome": "BENTO MARTINS", "drenagem": 1.0, "iluminacao": 1.0, "compriment": 74.104630259738954 }, "geometry": { "type": "LineString", "coordinates": [ [ -52.085112005876624, -32.033595678050425 ], [ -52.085199352558888, -32.032931545829996 ] ] } },
{ "type": "Feature", "properties": { "tipo": "rua", "nome": "GENERAL NETTO", "drenagem": 1.0, "iluminacao": 1.0, "compriment": 99.4128844225948 }, "geometry": { "type": "LineString", "coordinates": [ [ -52.098650064417619, -32.035183425169279 ], [ -52.098846326401947, -32.036064220303835 ] ] } },
{ "type": "Feature", "properties": { "tipo": "rua", "nome": "GENERAL NETTO", "drenagem": 1.0, "iluminacao": 1.0, "compriment": 108.84515451932873 }, "geometry": { "type": "LineString", "coordinates": [ [ -52.098846326401947, -32.036064220303835 ], [ -52.099073019343152, -32.03702662143565 ] ] } },
{ "type": "Feature", "properties": { "tipo": "rua", "nome": "BENTO MARTINS", "drenagem": 0.0, "iluminacao": 1.0, "compriment": 128.67785759892274 }, "geometry": { "type": "LineString", "coordinates": [ [ -52.085398912924383, -32.03141417534021 ], [ -52.085552555384005, -32.030261142310259 ] ] } },
{ "type": "Feature", "properties": { "tipo": "rua", "nome": "ALMIRANTE GARNIER", "drenagem": 1.0, "iluminacao": 1.0, "compriment": 125.47382467256563 }, "geometry": { "type": "LineString", "coordinates": [ [ -52.084277858536772, -32.030170748447681 ], [ -52.084139759519893, -32.03129615961317 ] ] } },
{ "type": "Feature", "properties": { "tipo": "rua", "nome": "GENERAL NETTO", "drenagem": 1.0, "iluminacao": 1.0, "compriment": 110.60419968086401 }, "geometry": { "type": "LineString", "coordinates": [ [ -52.09927404267129, -32.037868133669356 ], [ -52.099484802497514, -32.038849290127729 ] ] } },
{ "type": "Feature", "properties": { "tipo": "rua", "nome": "ALMIRANTE GARNIER", "drenagem": 1.0, "iluminacao": 1.0, "compriment": 177.29 }, "geometry": { "type": "LineString", "coordinates": [ [ -52.083820634418068, -32.033845755667443 ], [ -52.083755778501647, -32.03443579497501 ] ] } },
{ "type": "Feature", "properties": { "tipo": "rua", "nome": "GENERAL BOEHM", "drenagem": 0.0, "iluminacao": 1.0, "compriment": 111.63124653103149 }, "geometry": { "type": "LineString", "coordinates": [ [ -52.155787152902612, -32.052701970939772 ], [ -52.156878616556178, -32.053088464319494 ] ] } },
{ "type": "Feature", "properties": { "tipo": "rua", "nome": "BASTOS GUERRA", "drenagem": 1.0, "iluminacao": 1.0, "compriment": 191.54585066369339 }, "geometry": { "type": "LineString", "coordinates": [ [ -52.084869087237465, -32.042629247483745 ], [ -52.084419057803764, -32.040944926693513 ] ] } },
{ "type": "Feature", "properties": { "tipo": "rua", "nome": "BASTOS GUERRA", "drenagem": 1.0, "iluminacao": 1.0, "compriment": 200.72003004446609 }, "geometry": { "type": "LineString", "coordinates": [ [ -52.084403906010117, -32.040884180245762 ], [ -52.083966433293504, -32.039112827445166 ] ] } },
{ "type": "Feature", "properties": { "tipo": "rua", "nome": "OITO DE JULHO", "drenagem": 1.0, "iluminacao": 1.0, "compriment": 71.33725062973771 }, "geometry": { "type": "LineString", "coordinates": [ [ -52.084869087237465, -32.042629247483745 ], [ -52.085604680816047, -32.042483267768858 ] ] } },
{ "type": "Feature", "properties": { "tipo": "rua", "nome": "ABDALA NADER", "drenagem": 1.0, "iluminacao": 1.0, "compriment": 128.20552170295372 }, "geometry": { "type": "LineString", "coordinates": [ [ -52.083201408836437, -32.0392004373928 ], [ -52.083218734824555, -32.039266301638477 ] ] } },
{ "type": "Feature", "properties": { "tipo": "rua", "nome": "CARLOS VIGNOLI", "drenagem": 1.0, "iluminacao": 0.0, "compriment": 83.139732427586068 }, "geometry": { "type": "MultiLineString", "coordinates": [ [ [ -52.081990809576887, -32.049022793528856 ], [ -52.082310665646851, -32.048957923380463 ] ], [ [ -52.082383930925474, -32.048943064417507 ], [ -52.082847182025773, -32.048849112260768 ] ] ] } },
{ "type": "Feature", "properties": { "tipo": "rua", "nome": "SAO VICENTE DE PAULA", "drenagem": 1.0, "iluminacao": 1.0, "compriment": 169.37984821402117 }, "geometry": { "type": "LineString", "coordinates": [ [ -52.083946221562179, -32.048415846331466 ], [ -52.083999905392005, -32.048608180065457 ] ] } },
{ "type": "Feature", "properties": { "tipo": "rua", "nome": "DOUTOR AUGUSTO BORGES DE MEDEIROS", "drenagem": 1.0, "iluminacao": 1.0, "compriment": 177.88363517221987 }, "geometry": { "type": "LineString", "coordinates": [ [ -52.08491610331113, -32.04836152988095 ], [ -52.084906378764927, -32.048440158420526 ] ] } },
{ "type": "Feature", "properties": { "tipo": "rua", "nome": "EDUARDO CAMPOS LARANJO", "drenagem": 0.0, "iluminacao": 1.0, "compriment": 54.301138069805816 }, "geometry": { "type": "LineString", "coordinates": [ [ -52.093017823780116, -32.044176552066126 ], [ -52.092449336607949, -32.044249674475175 ] ] } },
{ "type": "Feature", "properties": { "tipo": "rua", "nome": "VASCO DA GAMA", "drenagem": 1.0, "iluminacao": 1.0, "compriment": 91.013756847596326 }, "geometry": { "type": "LineString", "coordinates": [ [ -52.095410633707488, -32.047163020579681 ], [ -52.096353577692085, -32.046993705095105 ] ] } },
{ "type": "Feature", "properties": { "tipo": "rua", "nome": "CEARÁ", "drenagem": 0.0, "iluminacao": 1.0, "compriment": 66.038383650365716 }, "geometry": { "type": "LineString", "coordinates": [ [ -52.119322989563159, -32.048153228283411 ], [ -52.119126412746063, -32.048066469684137 ] ] } },
{ "type": "Feature", "properties": { "tipo": "rua", "nome": "PERO VAZ DE CAMINHA", "drenagem": 0.0, "iluminacao": 1.0, "compriment": 91.152237722969957 }, "geometry": { "type": "LineString", "coordinates": [ [ -52.095411929848808, -32.046594626716825 ], [ -52.096357482603104, -32.04642989224115 ] ] } },
{ "type": "Feature", "properties": { "tipo": "rua", "nome": "PERO VAZ DE CAMINHA", "drenagem": 0.0, "iluminacao": 1.0, "compriment": 191.84765946676063 }, "geometry": { "type": "MultiLineString", "coordinates": [ [ [ -52.096357482603104, -32.04642989224115 ], [ -52.096691374300143, -32.046368254615359 ] ], [ [ -52.097071102104763, -32.046298155476833 ], [ -52.097433586580713, -32.046231239519713 ] ], [ [ -52.097691529645701, -32.046183622288567 ], [ -52.09834269003386, -32.046063415704545 ] ] ] } },
{ "type": "Feature", "properties": { "tipo": "rua", "nome": "NICOLAU COELHO", "drenagem": 1.0, "iluminacao": 1.0, "compriment": 128.19524929571992 }, "geometry": { "type": "MultiLineString", "coordinates": [ [ [ -52.098043699365078, -32.044775259885995 ], [ -52.098947039401722, -32.044596773505674 ] ], [ [ -52.099072788906057, -32.044571927298328 ], [ -52.099365908966526, -32.044514011190913 ] ] ] } },
{ "type": "Feature", "properties": { "tipo": "rua", "nome": "SENADOR ROBERT KENNEDY", "drenagem": 1.0, "iluminacao": 1.0, "compriment": 126.49509534578216 }, "geometry": { "type": "LineString", "coordinates": [ [ -52.093431141569106, -32.04720230362679 ], [ -52.09477021276733, -32.047225842865167 ] ] } },
{ "type": "Feature", "properties": { "tipo": "rua", "nome": "ENGENHEIRO THOMAS PAES DA CUNHA FILHO", "drenagem": 0.0, "iluminacao": 1.0, "compriment": 132.23943977920308 }, "geometry": { "type": "MultiLineString", "coordinates": [ [ [ -52.093391319472943, -32.045640054038309 ], [ -52.093585244743721, -32.04564067734362 ] ], [ [ -52.093837706238276, -32.045641488793258 ], [ -52.094791464264517, -32.045644554316603 ] ] ] } },
{ "type": "Feature", "properties": { "tipo": "rua", "nome": "MARTIN LUTHER KING", "drenagem": 0.0, "iluminacao": 1.0, "compriment": 142.49710398599285 }, "geometry": { "type": "LineString", "coordinates": [ [ -52.093339021538064, -32.043660761882734 ], [ -52.094847471951297, -32.043685539363359 ] ] } },
{ "type": "Feature", "properties": { "tipo": "rua", "nome": "PADRE CONSTANTINO", "drenagem": 1.0, "iluminacao": 1.0, "compriment": 145.25610043073041 }, "geometry": { "type": "MultiLineString", "coordinates": [ [ [ -52.093322632906585, -32.042884446835075 ], [ -52.093516552936649, -32.042888720857569 ] ], [ [ -52.093989751641494, -32.042899150218105 ], [ -52.094252528630832, -32.042904941856868 ] ], [ [ -52.094485826586592, -32.042910083773926 ], [ -52.094860047971927, -32.042918331661561 ] ] ] } },
{ "type": "Feature", "properties": { "tipo": "rua", "nome": "ABDALA NADER", "drenagem": 1.0, "iluminacao": 1.0, "compriment": 198.99369606088237 }, "geometry": { "type": "MultiLineString", "coordinates": [ [ [ -52.083218734824555, -32.039266301638477 ], [ -52.083240677678354, -32.039353052478688 ] ], [ [ -52.083429341738217, -32.040098933842124 ], [ -52.083581883333856, -32.040702005425644 ] ], [ [ -52.083611131838644, -32.040817639079705 ], [ -52.083662469429207, -32.041020601700509 ] ] ] } },
{ "type": "Feature", "properties": { "tipo": "rua", "nome": "ABDALA NADER", "drenagem": 1.0, "iluminacao": 1.0, "compriment": 191.70256347911223 }, "geometry": { "type": "LineString", "coordinates": [ [ -52.083684928465068, -32.041083606425531 ], [ -52.08411908302724, -32.042772394372214 ] ] } },
{ "type": "Feature", "properties": { "tipo": "rua", "nome": "ABDALA NADER", "drenagem": 0.0, "iluminacao": 1.0, "compriment": 9.1370393875321874 }, "geometry": { "type": "LineString", "coordinates": [ [ -52.08432894382122, -32.043606182612521 ], [ -52.0843244456888, -32.043688492621826 ] ] } },
{ "type": "Feature", "properties": { "tipo": "rua", "nome": "PROFESSOR ANSELMO DIAS LOPES", "drenagem": 1.0, "iluminacao": 1.0, "compriment": 110.062073367894 }, "geometry": { "type": "MultiLineString", "coordinates": [ [ [ -52.091198035800879, -32.040561175206108 ], [ -52.091132581793062, -32.040736991839935 ] ], [ [ -52.090899146526894, -32.041364024531788 ], [ -52.090845806454517, -32.041507301808252 ] ] ] } },
{ "type": "Feature", "properties": { "tipo": "rua", "nome": "RAUL BARLEM", "drenagem": 1.0, "iluminacao": 1.0, "compriment": 55.458630943523403 }, "geometry": { "type": "LineString", "coordinates": [ [ -52.111719103883182, -32.045471099972708 ], [ -52.111386835637902, -32.045883462900093 ] ] } },
{ "type": "Feature", "properties": { "tipo": "rua", "nome": "PROFESSOR ANTONIO GOMES DE FREITAS", "drenagem": 1.0, "iluminacao": 1.0, "compriment": 31.086420756028577 }, "geometry": { "type": "LineString", "coordinates": [ [ -52.092221354674116, -32.041904105365639 ], [ -52.091906693266424, -32.041821897953433 ] ] } },
{ "type": "Feature", "properties": { "tipo": "rua", "nome": "PROFESSOR ANTONIO GOMES DE FREITAS", "drenagem": 1.0, "iluminacao": 1.0, "compriment": 126.55137494827279 }, "geometry": { "type": "LineString", "coordinates": [ [ -52.089806193604424, -32.041207422544339 ], [ -52.088546434913411, -32.04081873181876 ] ] } },
{ "type": "Feature", "properties": { "tipo": "rua", "nome": "COMENDADOR FRANCISCO MARQUES", "drenagem": 1.0, "iluminacao": 1.0, "compriment": 64.744111838187408 }, "geometry": { "type": "LineString", "coordinates": [ [ -52.089991812108821, -32.03168920092493 ], [ -52.090172197522051, -32.032252490467442 ] ] } },
{ "type": "Feature", "properties": { "tipo": "rua", "nome": "COMENDADOR FRANCISCO MARQUES", "drenagem": 0.0, "iluminacao": 1.0, "compriment": 79.834666422164759 }, "geometry": { "type": "LineString", "coordinates": [ [ -52.090172197522051, -32.032252490467442 ], [ -52.090350207417494, -32.03295630202706 ] ] } },
{ "type": "Feature", "properties": { "tipo": "rua", "nome": "COMENDADOR FRANCISCO MARQUES", "drenagem": 0.0, "iluminacao": 1.0, "compriment": 137.18054828395401 }, "geometry": { "type": "LineString", "coordinates": [ [ -52.090350207417494, -32.03295630202706 ], [ -52.090688324074762, -32.03415942234534 ] ] } },
{ "type": "Feature", "properties": { "tipo": "rua", "nome": "COMENDADOR FRANCISCO MARQUES", "drenagem": 0.0, "iluminacao": 1.0, "compriment": 76.862597325001033 }, "geometry": { "type": "LineString", "coordinates": [ [ -52.09088829212083, -32.034887018571752 ], [ -52.091063457128179, -32.035563927277614 ] ] } },
{ "type": "Feature", "properties": { "tipo": "rua", "nome": "DOUTOR ALVARO COSTA", "drenagem": 1.0, "iluminacao": 1.0, "compriment": 62.338949354993574 }, "geometry": { "type": "LineString", "coordinates": [ [ -52.09228046357331, -32.040882672402056 ], [ -52.091657441159946, -32.040697113399808 ] ] } },
{ "type": "Feature", "properties": { "tipo": "travessa", "nome": "JOAO TOUGUINHA", "drenagem": 1.0, "iluminacao": 1.0, "compriment": 119.30581286073799 }, "geometry": { "type": "LineString", "coordinates": [ [ -52.097645539966813, -32.040190688740267 ], [ -52.097879184027008, -32.041248040270268 ] ] } },
{ "type": "Feature", "properties": { "tipo": "rua", "nome": "ANTONIO CAMPOS ASSUNCAO", "drenagem": 0.0, "iluminacao": 1.0, "compriment": 107.77065993584165 }, "geometry": { "type": "MultiLineString", "coordinates": [ [ [ -52.089648970233483, -32.037928393159866 ], [ -52.089759521878349, -32.038355804711401 ] ], [ [ -52.089761034400809, -32.038361652381695 ], [ -52.089894466114821, -32.038877522190575 ] ] ] } },
{ "type": "Feature", "properties": { "tipo": "rua", "nome": "DOUTOR PEDRO BERTONI", "drenagem": 1.0, "iluminacao": 1.0, "compriment": 109.42532261850992 }, "geometry": { "type": "LineString", "coordinates": [ [ -52.09228046357331, -32.040882672402056 ], [ -52.091912261368861, -32.041818322546099 ] ] } },
{ "type": "Feature", "properties": { "tipo": "rua", "nome": "SENADOR CORREA", "drenagem": 1.0, "iluminacao": 1.0, "compriment": 92.662587167550512 }, "geometry": { "type": "LineString", "coordinates": [ [ -52.096025185689989, -32.04047268077543 ], [ -52.096985034917658, -32.040299863800463 ] ] } },
{ "type": "Feature", "properties": { "tipo": "rua", "nome": "SENADOR CORREA", "drenagem": 1.0, "iluminacao": 1.0, "compriment": 63.549680479741312 }, "geometry": { "type": "LineString", "coordinates": [ [ -52.096985034917658, -32.040299863800463 ], [ -52.097645539966813, -32.040190688740267 ] ] } },
{ "type": "Feature", "properties": { "tipo": "rua", "nome": "SENADOR CORREA", "drenagem": 1.0, "iluminacao": 1.0, "compriment": 62.159682217987111 }, "geometry": { "type": "LineString", "coordinates": [ [ -52.097645539966813, -32.040190688740267 ], [ -52.098288073000496, -32.0400694520401 ] ] } },
{ "type": "Feature", "properties": { "tipo": "rua", "nome": "SENADOR CORREA", "drenagem": 1.0, "iluminacao": 1.0, "compriment": 164.8895447219131 }, "geometry": { "type": "LineString", "coordinates": [ [ -52.099719927936384, -32.039793521655987 ], [ -52.100574019399232, -32.039634325858643 ] ] } },
{ "type": "Feature", "properties": { "tipo": "rua", "nome": "DOUTOR ALVARO COSTA", "drenagem": 1.0, "iluminacao": 1.0, "compriment": 77.771428069047559 }, "geometry": { "type": "LineString", "coordinates": [ [ -52.093058112613775, -32.041113213370529 ], [ -52.09228046357331, -32.040882672402056 ] ] } },
{ "type": "Feature", "properties": { "tipo": "rua", "nome": "DOUTOR ALVARO COSTA", "drenagem": 1.0, "iluminacao": 1.0, "compriment": 45.93520869797937 }, "geometry": { "type": "LineString", "coordinates": [ [ -52.091657441159946, -32.040697113399808 ], [ -52.091198035800879, -32.040561175206108 ] ] } },
{ "type": "Feature", "properties": { "tipo": "rua", "nome": "CARLOS VIGNOLI", "drenagem": 1.0, "iluminacao": 1.0, "compriment": 63.795704023389177 }, "geometry": { "type": "MultiLineString", "coordinates": [ [ [ -52.083999905392005, -32.048608180065457 ], [ -52.084113112009994, -32.048585811608696 ] ], [ [ -52.08450339047647, -32.048508696620559 ], [ -52.084657921818234, -32.048478162825823 ] ] ] } },
{ "type": "Feature", "properties": { "tipo": "rua", "nome": "MARECHAL RONDON", "drenagem": 0.0, "iluminacao": 1.0, "compriment": 64.925137217382883 }, "geometry": { "type": "LineString", "coordinates": [ [ -52.08157478502666, -32.047528518824421 ], [ -52.081641358272805, -32.047514209689503 ] ] } },
{ "type": "Feature", "properties": { "tipo": "rua", "nome": "AMERICA", "drenagem": 1.0, "iluminacao": 1.0, "compriment": 87.345036415404195 }, "geometry": { "type": "LineString", "coordinates": [ [ -52.112686994328897, -32.047521936662186 ], [ -52.112205843382931, -32.048194631369071 ] ] } },
{ "type": "Feature", "properties": { "tipo": "rua", "nome": "MENDES NETTO", "drenagem": 1.0, "iluminacao": 1.0, "compriment": 101.65656796081606 }, "geometry": { "type": "LineString", "coordinates": [ [ -52.128920726993911, -32.046029922766863 ], [ -52.128436306655395, -32.046848582812601 ] ] } },
{ "type": "Feature", "properties": { "tipo": "rua", "nome": "MENDES NETTO", "drenagem": 0.0, "iluminacao": 1.0, "compriment": 97.749334159940858 }, "geometry": { "type": "LineString", "coordinates": [ [ -52.128436306655395, -32.046848582812601 ], [ -52.127983431611575, -32.047641231488292 ] ] } },
{ "type": "Feature", "properties": { "tipo": "rua", "nome": "GASPAR LEMOS", "drenagem": 0.0, "iluminacao": 1.0, "compriment": 118.24490209568319 }, "geometry": { "type": "LineString", "coordinates": [ [ -52.09514830982878, -32.045973159068438 ], [ -52.096373015016134, -32.045751776687176 ] ] } },
{ "type": "Feature", "properties": { "tipo": "avenida", "nome": "SENADOR SALGADO FILHO", "drenagem": 1.0, "iluminacao": 1.0, "compriment": 69.71111796906186 }, "geometry": { "type": "LineString", "coordinates": [ [ -52.095850368629613, -32.040850381231351 ], [ -52.095157712066502, -32.040633278285064 ] ] } },
{ "type": "Feature", "properties": { "tipo": "avenida", "nome": "SENADOR SALGADO FILHO", "drenagem": 1.0, "iluminacao": 1.0, "compriment": 113.41550480286327 }, "geometry": { "type": "LineString", "coordinates": [ [ -52.095157712066502, -32.040633278285064 ], [ -52.09402301851506, -32.040298646997115 ] ] } },
{ "type": "Feature", "properties": { "tipo": "avenida", "nome": "SENADOR SALGADO FILHO", "drenagem": 1.0, "iluminacao": 1.0, "compriment": 6.0657305551924559 }, "geometry": { "type": "LineString", "coordinates": [ [ -52.09398531308431, -32.040287527114401 ], [ -52.093924334650637, -32.040270366601725 ] ] } },
{ "type": "Feature", "properties": { "tipo": "avenida", "nome": "SENADOR SALGADO FILHO", "drenagem": 1.0, "iluminacao": 1.0, "compriment": 110.50108836757501 }, "geometry": { "type": "LineString", "coordinates": [ [ -52.088751145673072, -32.038718472332356 ], [ -52.087647775607039, -32.038387215849333 ] ] } },
{ "type": "Feature", "properties": { "tipo": "avenida", "nome": "SENADOR SALGADO FILHO", "drenagem": 1.0, "iluminacao": 1.0, "compriment": 85.527324634322142 }, "geometry": { "type": "LineString", "coordinates": [ [ -52.087955395076236, -32.038278620260442 ], [ -52.088796098768924, -32.038565130498128 ] ] } },
{ "type": "Feature", "properties": { "tipo": "avenida", "nome": "SENADOR SALGADO FILHO", "drenagem": 1.0, "iluminacao": 1.0, "compriment": 109.37496048903105 }, "geometry": { "type": "LineString", "coordinates": [ [ -52.088796098768924, -32.038565130498128 ], [ -52.089894466114821, -32.038877522190575 ] ] } },
{ "type": "Feature", "properties": { "tipo": "avenida", "nome": "SENADOR SALGADO FILHO", "drenagem": 1.0, "iluminacao": 1.0, "compriment": 67.403791989503191 }, "geometry": { "type": "LineString", "coordinates": [ [ -52.089894466114821, -32.038877522190575 ], [ -52.090562826346577, -32.039090555941499 ] ] } },
{ "type": "Feature", "properties": { "tipo": "avenida", "nome": "SENADOR SALGADO FILHO", "drenagem": 1.0, "iluminacao": 1.0, "compriment": 151.85656941564321 }, "geometry": { "type": "LineString", "coordinates": [ [ -52.090562826346577, -32.039090555941499 ], [ -52.092078619725484, -32.039547065386564 ] ] } },
{ "type": "Feature", "properties": { "tipo": "avenida", "nome": "SENADOR SALGADO FILHO", "drenagem": 1.0, "iluminacao": 1.0, "compriment": 114.21983936984458 }, "geometry": { "type": "LineString", "coordinates": [ [ -52.092078619725484, -32.039547065386564 ], [ -52.093221482114821, -32.039883747445828 ] ] } },
{ "type": "Feature", "properties": { "tipo": "avenida", "nome": "SENADOR SALGADO FILHO", "drenagem": 1.0, "iluminacao": 1.0, "compriment": 83.419810807530212 }, "geometry": { "type": "LineString", "coordinates": [ [ -52.093221482114821, -32.039883747445828 ], [ -52.094063353614622, -32.040111174046601 ] ] } },
{ "type": "Feature", "properties": { "tipo": "avenida", "nome": "SENADOR SALGADO FILHO", "drenagem": 1.0, "iluminacao": 1.0, "compriment": 44.415755688265243 }, "geometry": { "type": "LineString", "coordinates": [ [ -52.094063353614622, -32.040111174046601 ], [ -52.094510945953601, -32.04023400074788 ] ] } },
{ "type": "Feature", "properties": { "tipo": "avenida", "nome": "SENADOR SALGADO FILHO", "drenagem": 1.0, "iluminacao": 1.0, "compriment": 68.788223075398832 }, "geometry": { "type": "LineString", "coordinates": [ [ -52.095234457259593, -32.040455342183492 ], [ -52.09591556941966, -32.040674986131805 ] ] } },
{ "type": "Feature", "properties": { "tipo": "avenida", "nome": "SENADOR SALGADO FILHO", "drenagem": 0.0, "iluminacao": 1.0, "compriment": 114.78952977069773 }, "geometry": { "type": "LineString", "coordinates": [ [ -52.09591556941966, -32.040674986131805 ], [ -52.097064432035005, -32.041012642398691 ] ] } },
{ "type": "Feature", "properties": { "tipo": "rua", "nome": "REPUBLICA DO LIBANO", "drenagem": 1.0, "iluminacao": 1.0, "compriment": 126.15042804752962 }, "geometry": { "type": "MultiLineString", "coordinates": [ [ [ -52.088105100016733, -32.032967301272812 ], [ -52.088685165949947, -32.032998603669846 ] ], [ [ -52.08871546584249, -32.033000238758568 ], [ -52.089437928981241, -32.033039225409425 ] ] ] } },
{ "type": "Feature", "properties": { "tipo": "rua", "nome": "DO RIACHUELO", "drenagem": 1.0, "iluminacao": 1.0, "compriment": 126.27765340325172 }, "geometry": { "type": "LineString", "coordinates": [ [ -52.088373992855338, -32.030685566638653 ], [ -52.08971015568347, -32.030650037422781 ] ] } },
{ "type": "Feature", "properties": { "tipo": "rua", "nome": "DOUTOR ALVARO COSTA", "drenagem": 1.0, "iluminacao": 1.0, "compriment": 140.18355632303604 }, "geometry": { "type": "LineString", "coordinates": [ [ -52.094587105940839, -32.041569200352491 ], [ -52.093194517761489, -32.041131932671746 ] ] } },
{ "type": "Feature", "properties": { "tipo": "rua", "nome": "DO RIACHUELO", "drenagem": 1.0, "iluminacao": 1.0, "compriment": 89.714890867485195 }, "geometry": { "type": "LineString", "coordinates": [ [ -52.094159137355994, -32.029815373335303 ], [ -52.095095430469534, -32.029679711732072 ] ] } },
{ "type": "Feature", "properties": { "tipo": "rua", "nome": "ILHA DA TRINDADE", "drenagem": 0.0, "iluminacao": 1.0, "compriment": 69.625719658032537 }, "geometry": { "type": "LineString", "coordinates": [ [ -52.130871279534638, -32.047417620213338 ], [ -52.131542588832431, -32.047677118186208 ] ] } },
{ "type": "Feature", "properties": { "tipo": "rua", "nome": "GASPAR LEMOS", "drenagem": 0.0, "iluminacao": 1.0, "compriment": 126.84501249418388 }, "geometry": { "type": "MultiLineString", "coordinates": [ [ [ -52.098192597706124, -32.045401713606807 ], [ -52.098951890038933, -32.04525338456785 ] ], [ [ -52.099142663446841, -32.045216116660576 ], [ -52.099501640923478, -32.045145989804539 ] ] ] } },
{ "type": "Feature", "properties": { "tipo": "rua", "nome": "COMENDADOR FRANCISCO MARQUES", "drenagem": 0.0, "iluminacao": 1.0, "compriment": 55.27529246532233 }, "geometry": { "type": "LineString", "coordinates": [ [ -52.091613672765767, -32.037505091653266 ], [ -52.09174537495521, -32.037990784879895 ] ] } },
{ "type": "Feature", "properties": { "tipo": "rua", "nome": "CRISTOVAO COLOMBO", "drenagem": 0.0, "iluminacao": 1.0, "compriment": 327.98509412680801 }, "geometry": { "type": "LineString", "coordinates": [ [ -52.114089840056536, -32.031769201890953 ], [ -52.112572811040792, -32.03442978932862 ] ] } },
{ "type": "Feature", "properties": { "tipo": "rua", "nome": "CRISTOVAO COLOMBO", "drenagem": 1.0, "iluminacao": 1.0, "compriment": 23.29344680551927 }, "geometry": { "type": "LineString", "coordinates": [ [ -52.112572811040792, -32.03442978932862 ], [ -52.112468060098514, -32.034619959734272 ] ] } },
{ "type": "Feature", "properties": { "tipo": "rua", "nome": "DOM PEDRO I", "drenagem": 1.0, "iluminacao": 1.0, "compriment": 99.445351242406531 }, "geometry": { "type": "LineString", "coordinates": [ [ -52.115415391918091, -32.039268026440389 ], [ -52.115347000712838, -32.039383271176078 ] ] } },
{ "type": "Feature", "properties": { "tipo": "rua", "nome": "DOM PEDRO I", "drenagem": 1.0, "iluminacao": 1.0, "compriment": 21.199986395610363 }, "geometry": { "type": "LineString", "coordinates": [ [ -52.112577045849342, -32.044118738173047 ], [ -52.11247268002893, -32.044287999984533 ] ] } },
{ "type": "Feature", "properties": { "tipo": "rua", "nome": "PADRE FEIJO", "drenagem": 1.0, "iluminacao": 1.0, "compriment": 100.29098238241592 }, "geometry": { "type": "MultiLineString", "coordinates": [ [ [ -52.110578395990515, -32.040239432361275 ], [ -52.11056289215837, -32.040266068721401 ] ], [ [ -52.110239761208156, -32.040821223877593 ], [ -52.11010674646603, -32.041049749866488 ] ] ] } },
{ "type": "Feature", "properties": { "tipo": "rua", "nome": "PADRE FEIJO", "drenagem": 1.0, "iluminacao": 1.0, "compriment": 98.788345323052141 }, "geometry": { "type": "MultiLineString", "coordinates": [ [ [ -52.11010674646603, -32.041049749866488 ], [ -52.10988662442734, -32.041410158461481 ] ], [ [ -52.109868590599476, -32.041439685475687 ], [ -52.109624042028678, -32.041840087940308 ] ] ] } },
{ "type": "Feature", "properties": { "tipo": "rua", "nome": "PADRE FEIJO", "drenagem": 1.0, "iluminacao": 1.0, "compriment": 19.322192332482675 }, "geometry": { "type": "LineString", "coordinates": [ [ -52.109171049015536, -32.042654084088078 ], [ -52.109079090992658, -32.042809738268915 ] ] } },
{ "type": "Feature", "properties": { "tipo": "rua", "nome": "FRANCISCO PASTORE", "drenagem": 0.0, "iluminacao": 1.0, "compriment": 145.51880595968217 }, "geometry": { "type": "MultiLineString", "coordinates": [ [ [ -52.110431177711838, -32.047459762910691 ], [ -52.110237300213008, -32.047707525468837 ] ], [ [ -52.109789628602186, -32.048279620034606 ], [ -52.109719203797525, -32.048369618254434 ] ], [ [ -52.109685480970093, -32.048412713786632 ], [ -52.109576669707693, -32.048551767348229 ] ] ] } },
{ "type": "Feature", "properties": { "tipo": "rua", "nome": "REPUBLICA", "drenagem": 1.0, "iluminacao": 1.0, "compriment": 172.00631808189186 }, "geometry": { "type": "LineString", "coordinates": [ [ -52.119170771989246, -32.035187929840276 ], [ -52.118390397712098, -32.036589457200492 ] ] } },
{ "type": "Feature", "properties": { "tipo": "rua", "nome": "REPUBLICA", "drenagem": 1.0, "iluminacao": 1.0, "compriment": 23.40872506006675 }, "geometry": { "type": "LineString", "coordinates": [ [ -52.118390397712098, -32.036589457200492 ], [ -52.118280062612882, -32.036778484955597 ] ] } },
{ "type": "Feature", "properties": { "tipo": "rua", "nome": "REPUBLICA", "drenagem": 1.0, "iluminacao": 1.0, "compriment": 169.02078420831489 }, "geometry": { "type": "LineString", "coordinates": [ [ -52.118280062612882, -32.036778484955597 ], [ -52.117715792850213, -32.037774156039333 ] ] } },
{ "type": "Feature", "properties": { "tipo": "rua", "nome": "LUIZ LOREA", "drenagem": 1.0, "iluminacao": 1.0, "compriment": 113.0921715842365 }, "geometry": { "type": "LineString", "coordinates": [ [ -52.101756570478258, -32.03152988301045 ], [ -52.102813982347357, -32.032008192926433 ] ] } },
{ "type": "Feature", "properties": { "tipo": "rua", "nome": "AQUIDABAN", "drenagem": 1.0, "iluminacao": 1.0, "compriment": 132.43120325107401 }, "geometry": { "type": "LineString", "coordinates": [ [ -52.102813982347357, -32.032008192926433 ], [ -52.104198885665994, -32.032194021447019 ] ] } },
{ "type": "Feature", "properties": { "tipo": "rua", "nome": "VISCONDE DE RIO BRANCO", "drenagem": 1.0, "iluminacao": 1.0, "compriment": 120.96359367863457 }, "geometry": { "type": "LineString", "coordinates": [ [ -52.109036311670806, -32.035586445450541 ], [ -52.110182153798355, -32.036073593117216 ] ] } },
{ "type": "Feature", "properties": { "tipo": "rua", "nome": "VISCONDE DE RIO BRANCO", "drenagem": 1.0, "iluminacao": 1.0, "compriment": 62.743919222935403 }, "geometry": { "type": "LineString", "coordinates": [ [ -52.131029495994341, -32.044911437391974 ], [ -52.131620950462647, -32.045169101028833 ] ] } },
{ "type": "Feature", "properties": { "tipo": "rua", "nome": "VISCONDE DE RIO BRANCO", "drenagem": 1.0, "iluminacao": 1.0, "compriment": 119.04933923369018 }, "geometry": { "type": "LineString", "coordinates": [ [ -52.131620950462647, -32.045169101028833 ], [ -52.132739832076375, -32.045663509607508 ] ] } },
{ "type": "Feature", "properties": { "tipo": "rua", "nome": "VISCONDE DE RIO BRANCO", "drenagem": 1.0, "iluminacao": 1.0, "compriment": 117.4520182109498 }, "geometry": { "type": "LineString", "coordinates": [ [ -52.132739832076375, -32.045663509607508 ], [ -52.133253090200121, -32.045871511944767 ] ] } },
{ "type": "Feature", "properties": { "tipo": "avenida", "nome": "CIDADE DE PELOTAS", "drenagem": 1.0, "iluminacao": 1.0, "compriment": 119.00051848252056 }, "geometry": { "type": "LineString", "coordinates": [ [ -52.107463440711435, -32.035878240307845 ], [ -52.108590677087157, -32.036357505781453 ] ] } },
{ "type": "Feature", "properties": { "tipo": "rua", "nome": "GENERAL BOEHM", "drenagem": 0.0, "iluminacao": 1.0, "compriment": 112.51582222574562 }, "geometry": { "type": "MultiLineString", "coordinates": [ [ [ -52.154697149902034, -32.052292329754387 ], [ -52.154954193838201, -32.052388931123971 ] ], [ [ -52.155000164408307, -32.052406207625801 ], [ -52.155787152902612, -32.052701970939772 ] ] ] } },
{ "type": "Feature", "properties": { "tipo": "rua", "nome": "GENERAL BOEHM", "drenagem": 0.0, "iluminacao": 1.0, "compriment": 110.93796617498339 }, "geometry": { "type": "MultiLineString", "coordinates": [ [ [ -52.156878616556178, -32.053088464319494 ], [ -52.157599739800268, -32.053367013507078 ] ], [ [ -52.157776313355818, -32.053435218797716 ], [ -52.157948434920954, -32.053501704412383 ] ] ] } },
{ "type": "Feature", "properties": { "tipo": "rua", "nome": "APARICIO TORELLY", "drenagem": 0.0, "iluminacao": 1.0, "compriment": 181.59204499734179 }, "geometry": { "type": "LineString", "coordinates": [ [ -52.166556872937612, -32.060606381922049 ], [ -52.166765103042231, -32.060135247671198 ] ] } },
{ "type": "Feature", "properties": { "tipo": "rua", "nome": "DOMINGOS DE ALMEIDA", "drenagem": 1.0, "iluminacao": 1.0, "compriment": 92.357390047740537 }, "geometry": { "type": "MultiLineString", "coordinates": [ [ [ -52.116278157391932, -32.044739526705719 ], [ -52.116272103588066, -32.044749651445848 ] ], [ [ -52.115879695042175, -32.045405938739059 ], [ -52.11586663270878, -32.045427784959074 ] ] ] } },
{ "type": "Feature", "properties": { "tipo": "rua", "nome": "CARLOS VIGNOLI", "drenagem": 1.0, "iluminacao": 1.0, "compriment": 23.840544406066808 }, "geometry": { "type": "MultiLineString", "coordinates": [ [ [ -52.084657921818234, -32.048478162825823 ], [ -52.084748568678293, -32.048464297324962 ] ], [ [ -52.084837411033078, -32.048450707844353 ], [ -52.084906378764927, -32.048440158420526 ] ] ] } },
{ "type": "Feature", "properties": { "tipo": "avenida", "nome": "CIDADE DE PELOTAS", "drenagem": 1.0, "iluminacao": 1.0, "compriment": 119.22126154379549 }, "geometry": { "type": "LineString", "coordinates": [ [ -52.115415391918091, -32.039268026440389 ], [ -52.115448757022889, -32.039282188505126 ] ] } },
{ "type": "Feature", "properties": { "tipo": "rua", "nome": "RAUL BARLEM", "drenagem": 1.0, "iluminacao": 1.0, "compriment": 91.541363016566791 }, "geometry": { "type": "LineString", "coordinates": [ [ -52.111386835637902, -32.045883462900093 ], [ -52.110838379214684, -32.046564117273874 ] ] } },
{ "type": "Feature", "properties": { "tipo": "travessa", "nome": "VITORIA", "drenagem": 0.0, "iluminacao": 1.0, "compriment": 123.96113142835489 }, "geometry": { "type": "MultiLineString", "coordinates": [ [ [ -52.123608436929331, -32.049037387380565 ], [ -52.123519068655739, -32.049177638430116 ] ], [ [ -52.123481164101818, -32.049237124344479 ], [ -52.122982364770174, -32.050019920374517 ] ] ] } },
{ "type": "Feature", "properties": { "tipo": "travessa", "nome": "FLUMINENSE", "drenagem": 0.0, "iluminacao": 1.0, "compriment": 129.1199705952356 }, "geometry": { "type": "MultiLineString", "coordinates": [ [ [ -52.124170607574115, -32.049289852434129 ], [ -52.124074655181026, -32.049452518401544 ] ], [ [ -52.124048939648084, -32.049496113375149 ], [ -52.123556847801964, -32.050330345785945 ] ] ] } },
{ "type": "Feature", "properties": { "tipo": "rua", "nome": "GENERAL ABREU", "drenagem": 0.0, "iluminacao": 1.0, "compriment": 119.90155904031364 }, "geometry": { "type": "LineString", "coordinates": [ [ -52.103940303442833, -32.039477527095976 ], [ -52.105076661814621, -32.039959494415307 ] ] } },
{ "type": "Feature", "properties": { "tipo": "rua", "nome": "GENERAL ABREU", "drenagem": 0.0, "iluminacao": 1.0, "compriment": 120.72381651804973 }, "geometry": { "type": "LineString", "coordinates": [ [ -52.112424659748378, -32.043033962762891 ], [ -52.112735166213064, -32.043168971176598 ] ] } },
{ "type": "Feature", "properties": { "tipo": "rua", "nome": "GENERAL ABREU", "drenagem": 0.0, "iluminacao": 1.0, "compriment": 83.467354435325731 }, "geometry": { "type": "LineString", "coordinates": [ [ -52.116019663215042, -32.044565081782032 ], [ -52.11628898022817, -32.044676716360428 ] ] } },
{ "type": "Feature", "properties": { "tipo": "rua", "nome": "GENERAL ABREU", "drenagem": 0.0, "iluminacao": 1.0, "compriment": 57.778869854853909 }, "geometry": { "type": "LineString", "coordinates": [ [ -52.121404494351097, -32.046883424798409 ], [ -52.121532754081734, -32.046936870492786 ] ] } },
{ "type": "Feature", "properties": { "tipo": "rua", "nome": "DOM BOSCO", "drenagem": 1.0, "iluminacao": 1.0, "compriment": 118.42031193790665 }, "geometry": { "type": "LineString", "coordinates": [ [ -52.104925609946108, -32.037839015543042 ], [ -52.106023959850909, -32.038299291548377 ] ] } },
{ "type": "Feature", "properties": { "tipo": "rua", "nome": "DOM BOSCO", "drenagem": 1.0, "iluminacao": 1.0, "compriment": 122.25769328944264 }, "geometry": { "type": "LineString", "coordinates": [ [ -52.106023959850909, -32.038299291548377 ], [ -52.106139590733925, -32.038349211819792 ] ] } },
{ "type": "Feature", "properties": { "tipo": "avenida", "nome": "CIDADE DE PELOTAS", "drenagem": 1.0, "iluminacao": 1.0, "compriment": 70.692244549021922 }, "geometry": { "type": "LineString", "coordinates": [ [ -52.131600791524669, -32.046149419124426 ], [ -52.13227509760825, -32.046426142300234 ] ] } },
{ "type": "Feature", "properties": { "tipo": "rua", "nome": "TIRADENTES", "drenagem": 1.0, "iluminacao": 1.0, "compriment": 120.93061302370565 }, "geometry": { "type": "LineString", "coordinates": [ [ -52.105551070466312, -32.039106435321621 ], [ -52.106694546391708, -32.039597013522695 ] ] } },
{ "type": "Feature", "properties": { "tipo": "rua", "nome": "TIRADENTES", "drenagem": 1.0, "iluminacao": 1.0, "compriment": 119.75513512572003 }, "geometry": { "type": "LineString", "coordinates": [ [ -52.106694546391708, -32.039597013522695 ], [ -52.107835676897167, -32.040067710281114 ] ] } },
{ "type": "Feature", "properties": { "tipo": "rua", "nome": "TIRADENTES", "drenagem": 1.0, "iluminacao": 1.0, "compriment": 120.40887112300376 }, "geometry": { "type": "LineString", "coordinates": [ [ -52.108962125304878, -32.040571675243399 ], [ -52.11010674646603, -32.041049749866488 ] ] } },
{ "type": "Feature", "properties": { "tipo": "rua", "nome": "RAUL BARLEM", "drenagem": 1.0, "iluminacao": 1.0, "compriment": 32.497946538593403 }, "geometry": { "type": "LineString", "coordinates": [ [ -52.111737150300598, -32.045178432272493 ], [ -52.111719103883182, -32.045471099972708 ] ] } },
{ "type": "Feature", "properties": { "tipo": "rua", "nome": "TIRADENTES", "drenagem": 1.0, "iluminacao": 1.0, "compriment": 119.73321689842089 }, "geometry": { "type": "MultiLineString", "coordinates": [ [ [ -52.11010674646603, -32.041049749866488 ], [ -52.110496288034085, -32.041216068302454 ] ], [ [ -52.110540253218382, -32.041234839651366 ], [ -52.110854477695028, -32.041369000746833 ] ], [ [ -52.11099111742174, -32.041427340363192 ], [ -52.111240020512014, -32.041533611878421 ] ] ] } },
{ "type": "Feature", "properties": { "tipo": "rua", "nome": "TIRADENTES", "drenagem": 0.0, "iluminacao": 1.0, "compriment": 59.251520293311657 }, "geometry": { "type": "LineString", "coordinates": [ [ -52.123288387099201, -32.046657469400095 ], [ -52.123537262532032, -32.046767735166213 ] ] } },
{ "type": "Feature", "properties": { "tipo": "rua", "nome": "DOS MINUANO", "drenagem": 0.0, "iluminacao": 1.0, "compriment": 91.823343404608678 }, "geometry": { "type": "MultiLineString", "coordinates": [ [ [ -52.153423405051214, -32.053387459576825 ], [ -52.153493355490603, -32.053540384481011 ] ], [ [ -52.153708228472368, -32.054010137500889 ], [ -52.153772737730421, -32.054151166952479 ] ] ] } },
{ "type": "Feature", "properties": { "tipo": "rua", "nome": "MANOEL NUNES DUARTE", "drenagem": 0.0, "iluminacao": 1.0, "compriment": 84.615290012907437 }, "geometry": { "type": "LineString", "coordinates": [ [ -52.182366038367498, -32.067170728537491 ], [ -52.182754791686804, -32.066483203019494 ] ] } },
{ "type": "Feature", "properties": { "tipo": "rua", "nome": "NICARAGUA", "drenagem": 0.0, "iluminacao": 1.0, "compriment": 120.52310963456574 }, "geometry": { "type": "LineString", "coordinates": [ [ -52.134103768197704, -32.053850136417338 ], [ -52.133552250574418, -32.054830299055439 ] ] } },
{ "type": "Feature", "properties": { "tipo": "rua", "nome": "MARCÍLIO DIAS", "drenagem": 0.0, "iluminacao": 1.0, "compriment": 100.9995390478101 }, "geometry": { "type": "LineString", "coordinates": [ [ -52.114493677905102, -32.038436986712853 ], [ -52.114292548170269, -32.038785895230376 ] ] } },
{ "type": "Feature", "properties": { "tipo": "rua", "nome": "MARCÍLIO DIAS", "drenagem": 1.0, "iluminacao": 1.0, "compriment": 100.64441663786701 }, "geometry": { "type": "MultiLineString", "coordinates": [ [ [ -52.114292548170269, -32.038785895230376 ], [ -52.114167486704552, -32.038988357030689 ] ], [ [ -52.114126608229718, -32.039054535126091 ], [ -52.113956073390952, -32.039330613694929 ] ], [ [ -52.113895595714091, -32.039428520906121 ], [ -52.113796390693857, -32.039589123749543 ] ] ] } },
{ "type": "Feature", "properties": { "tipo": "rua", "nome": "MARCÍLIO DIAS", "drenagem": 1.0, "iluminacao": 1.0, "compriment": 100.10853610750456 }, "geometry": { "type": "MultiLineString", "coordinates": [ [ [ -52.113796390693857, -32.039589123749543 ], [ -52.113656281799514, -32.039836883460886 ] ], [ [ -52.113625018351307, -32.039892167766276 ], [ -52.113530462552689, -32.040059374262917 ] ], [ [ -52.113451574820175, -32.040198874341975 ], [ -52.11333643671815, -32.040402477282782 ] ] ] } },
{ "type": "Feature", "properties": { "tipo": "rua", "nome": "MARCÍLIO DIAS", "drenagem": 1.0, "iluminacao": 1.0, "compriment": 101.30510614691562 }, "geometry": { "type": "LineString", "coordinates": [ [ -52.11333643671815, -32.040402477282782 ], [ -52.113223497256769, -32.040590008469984 ] ] } },
{ "type": "Feature", "properties": { "tipo": "rua", "nome": "CARAMURÚ", "drenagem": 1.0, "iluminacao": 1.0, "compriment": 124.2763267357998 }, "geometry": { "type": "LineString", "coordinates": [ [ -52.111280130160928, -32.034190223397822 ], [ -52.110686597746422, -32.035190445281572 ] ] } },
{ "type": "Feature", "properties": { "tipo": "rua", "nome": "CARAMURÚ", "drenagem": 1.0, "iluminacao": 1.0, "compriment": 96.666591566950743 }, "geometry": { "type": "LineString", "coordinates": [ [ -52.110182153798355, -32.036073593117216 ], [ -52.10974053335498, -32.036860005416976 ] ] } },
{ "type": "Feature", "properties": { "tipo": "rua", "nome": "CARAMURÚ", "drenagem": 1.0, "iluminacao": 1.0, "compriment": 93.275673257361348 }, "geometry": { "type": "LineString", "coordinates": [ [ -52.10974053335498, -32.036860005416976 ], [ -52.109285210464066, -32.037606428814385 ] ] } },
{ "type": "Feature", "properties": { "tipo": "rua", "nome": "CARAMURÚ", "drenagem": 0.0, "iluminacao": 1.0, "compriment": 9.4275649010919107 }, "geometry": { "type": "LineString", "coordinates": [ [ -52.109285210464066, -32.037606428814385 ], [ -52.109242830806288, -32.037683403570227 ] ] } },
{ "type": "Feature", "properties": { "tipo": "rua", "nome": "CARAMURÚ", "drenagem": 1.0, "iluminacao": 1.0, "compriment": 90.741410375234992 }, "geometry": { "type": "LineString", "coordinates": [ [ -52.109242830806288, -32.037683403570227 ], [ -52.108823098842613, -32.038419488321992 ] ] } },
{ "type": "Feature", "properties": { "tipo": "rua", "nome": "CARAMURÚ", "drenagem": 0.0, "iluminacao": 1.0, "compriment": 9.2528751879371356 }, "geometry": { "type": "LineString", "coordinates": [ [ -52.108823098842613, -32.038419488321992 ], [ -52.108780298522881, -32.038494546588417 ] ] } },
{ "type": "Feature", "properties": { "tipo": "rua", "nome": "CARAMURÚ", "drenagem": 1.0, "iluminacao": 1.0, "compriment": 95.95889902819755 }, "geometry": { "type": "LineString", "coordinates": [ [ -52.108780298522881, -32.038494546588417 ], [ -52.108318446329719, -32.039265327063291 ] ] } },
{ "type": "Feature", "properties": { "tipo": "rua", "nome": "CARAMURÚ", "drenagem": 1.0, "iluminacao": 1.0, "compriment": 99.978333161816209 }, "geometry": { "type": "LineString", "coordinates": [ [ -52.108318446329719, -32.039265327063291 ], [ -52.107835676897167, -32.040067710281114 ] ] } },
{ "type": "Feature", "properties": { "tipo": "rua", "nome": "CARAMURÚ", "drenagem": 1.0, "iluminacao": 1.0, "compriment": 96.09852693465713 }, "geometry": { "type": "LineString", "coordinates": [ [ -52.107835676897167, -32.040067710281114 ], [ -52.107372626318941, -32.040839386563249 ] ] } },
{ "type": "Feature", "properties": { "tipo": "rua", "nome": "MARECHAL DEODORO", "drenagem": 1.0, "iluminacao": 1.0, "compriment": 138.7995485935663 }, "geometry": { "type": "LineString", "coordinates": [ [ -52.11058397845634, -32.030534146020827 ], [ -52.109915174006311, -32.031648686197158 ] ] } },
{ "type": "Feature", "properties": { "tipo": "rua", "nome": "MARECHAL DEODORO", "drenagem": 1.0, "iluminacao": 1.0, "compriment": 94.081115295449166 }, "geometry": { "type": "LineString", "coordinates": [ [ -52.106467191307644, -32.03753948510785 ], [ -52.106023959850909, -32.038299291548377 ] ] } },
{ "type": "Feature", "properties": { "tipo": "rua", "nome": "MARECHAL DEODORO", "drenagem": 1.0, "iluminacao": 1.0, "compriment": 100.02843357554067 }, "geometry": { "type": "LineString", "coordinates": [ [ -52.106023959850909, -32.038299291548377 ], [ -52.105551070466312, -32.039106435321621 ] ] } },
{ "type": "Feature", "properties": { "tipo": "rua", "nome": "HONDURAS", "drenagem": 0.0, "iluminacao": 1.0, "compriment": 66.02566939059804 }, "geometry": { "type": "MultiLineString", "coordinates": [ [ [ -52.131422776967959, -32.052712821166175 ], [ -52.131620565254885, -32.052796887121914 ] ], [ [ -52.131856132610658, -32.052897010315313 ], [ -52.132048338723351, -32.052978703679535 ] ] ] } },
{ "type": "Feature", "properties": { "tipo": "rua", "nome": "HONDURAS", "drenagem": 0.0, "iluminacao": 1.0, "compriment": 72.233210439958 }, "geometry": { "type": "LineString", "coordinates": [ [ -52.133417641767117, -32.053562253172096 ], [ -52.134103768197704, -32.053850136417338 ] ] } },
{ "type": "Feature", "properties": { "tipo": "rua", "nome": "HONDURAS", "drenagem": 0.0, "iluminacao": 1.0, "compriment": 76.308591706548796 }, "geometry": { "type": "LineString", "coordinates": [ [ -52.134103768197704, -32.053850136417338 ], [ -52.134820783049733, -32.05416743080287 ] ] } },
{ "type": "Feature", "properties": { "tipo": "rua", "nome": "OITO", "drenagem": 0.0, "iluminacao": 1.0, "compriment": 128.66893280963851 }, "geometry": { "type": "LineString", "coordinates": [ [ -52.175373957529771, -32.064938553173469 ], [ -52.175367150484803, -32.064948008482489 ] ] } },
{ "type": "Feature", "properties": { "tipo": "rua", "nome": "HONDURAS", "drenagem": 0.0, "iluminacao": 1.0, "compriment": 60.581212756229263 }, "geometry": { "type": "LineString", "coordinates": [ [ -52.134820783049733, -32.05416743080287 ], [ -52.135391040130621, -32.054417652961163 ] ] } },
{ "type": "Feature", "properties": { "tipo": "rua", "nome": "GROELANDIA", "drenagem": 0.0, "iluminacao": 1.0, "compriment": 73.563316968231845 }, "geometry": { "type": "LineString", "coordinates": [ [ -52.131476383116883, -32.053939127436898 ], [ -52.132175159382186, -32.054232290018177 ] ] } },
{ "type": "Feature", "properties": { "tipo": "rua", "nome": "GROELANDIA", "drenagem": 0.0, "iluminacao": 0.0, "compriment": 73.009873655966473 }, "geometry": { "type": "LineString", "coordinates": [ [ -52.132175159382186, -32.054232290018177 ], [ -52.132863375614278, -32.054532244457157 ] ] } },
{ "type": "Feature", "properties": { "tipo": "rua", "nome": "GROELANDIA", "drenagem": 0.0, "iluminacao": 1.0, "compriment": 72.969408020274798 }, "geometry": { "type": "LineString", "coordinates": [ [ -52.132863375614278, -32.054532244457157 ], [ -52.133552250574418, -32.054830299055439 ] ] } },
{ "type": "Feature", "properties": { "tipo": "rua", "nome": "MARECHAL DEODORO", "drenagem": 1.0, "iluminacao": 1.0, "compriment": 93.350908626911689 }, "geometry": { "type": "LineString", "coordinates": [ [ -52.105551070466312, -32.039106435321621 ], [ -52.105117732519481, -32.03986305398405 ] ] } },
{ "type": "Feature", "properties": { "tipo": "rua", "nome": "VISCONDE DO RIO GRANDE", "drenagem": 1.0, "iluminacao": 1.0, "compriment": 92.401033768800986 }, "geometry": { "type": "LineString", "coordinates": [ [ -52.108091761389147, -32.037209693350626 ], [ -52.107686369178715, -32.037968062485561 ] ] } },
{ "type": "Feature", "properties": { "tipo": "rua", "nome": "OITO", "drenagem": 1.0, "iluminacao": 1.0, "compriment": 54.85035653113006 }, "geometry": { "type": "LineString", "coordinates": [ [ -52.175373957529771, -32.064938553173469 ], [ -52.175596935351031, -32.065074098467164 ] ] } },
{ "type": "Feature", "properties": { "tipo": "rua", "nome": "JORNALISTA MAURICIO SIROTSKY SOBRINHO", "drenagem": 1.0, "iluminacao": 1.0, "compriment": 112.45328046189013 }, "geometry": { "type": "LineString", "coordinates": [ [ -52.126523334595198, -32.047033448966303 ], [ -52.126087109009973, -32.04797705724701 ] ] } },
{ "type": "Feature", "properties": { "tipo": "rua", "nome": "JORNALISTA MAURICIO SIROTSKY SOBRINHO", "drenagem": 1.0, "iluminacao": 1.0, "compriment": 179.14879820317265 }, "geometry": { "type": "LineString", "coordinates": [ [ -52.126087109009973, -32.04797705724701 ], [ -52.125712801331865, -32.049316683044573 ] ] } },
{ "type": "Feature", "properties": { "tipo": "rua", "nome": "JORNALISTA MAURICIO SIROTSKY SOBRINHO", "drenagem": 0.0, "iluminacao": 1.0, "compriment": 190.50169106449303 }, "geometry": { "type": "LineString", "coordinates": [ [ -52.125581787455332, -32.04974853921145 ], [ -52.125100324005814, -32.051202198684763 ] ] } },
{ "type": "Feature", "properties": { "tipo": "rua", "nome": "JOSE DE ALENCAR", "drenagem": 0.0, "iluminacao": 1.0, "compriment": 98.782749474524365 }, "geometry": { "type": "LineString", "coordinates": [ [ -52.124595875630774, -32.040150323072808 ], [ -52.124286453076508, -32.040668827881973 ] ] } },
{ "type": "Feature", "properties": { "tipo": "rua", "nome": "VISCONDE DO RIO GRANDE", "drenagem": 1.0, "iluminacao": 1.0, "compriment": 99.72382478668311 }, "geometry": { "type": "LineString", "coordinates": [ [ -52.107128789972307, -32.038879837108738 ], [ -52.106694546391708, -32.039597013522695 ] ] } },
{ "type": "Feature", "properties": { "tipo": "rua", "nome": "MANOEL PEREIRA DE ALMEIDA", "drenagem": 1.0, "iluminacao": 1.0, "compriment": 48.595515277471506 }, "geometry": { "type": "LineString", "coordinates": [ [ -52.107764175568299, -32.030927682970976 ], [ -52.108267534184129, -32.031018187494077 ] ] } },
{ "type": "Feature", "properties": { "tipo": "rua", "nome": "JOAO SALOMAO", "drenagem": 0.0, "iluminacao": 1.0, "compriment": 118.00816803275455 }, "geometry": { "type": "LineString", "coordinates": [ [ -52.109915174006311, -32.031648686197158 ], [ -52.108797494043316, -32.031173247786313 ] ] } },
{ "type": "Feature", "properties": { "tipo": "rua", "nome": "ERNESTO ALVES", "drenagem": 0.0, "iluminacao": 1.0, "compriment": 99.745489545990949 }, "geometry": { "type": "LineString", "coordinates": [ [ -52.123457916808256, -32.039671236236657 ], [ -52.123302735987942, -32.03994415052928 ] ] } },
{ "type": "Feature", "properties": { "tipo": "rua", "nome": "ERNESTO ALVES", "drenagem": 0.0, "iluminacao": 0.0, "compriment": 107.10524680972915 }, "geometry": { "type": "LineString", "coordinates": [ [ -52.118497518905556, -32.048233654865307 ], [ -52.118201711762701, -32.048745983740993 ] ] } },
{ "type": "Feature", "properties": { "tipo": "rua", "nome": "JOSE VERISSIMO", "drenagem": 0.0, "iluminacao": 1.0, "compriment": 100.06261316017888 }, "geometry": { "type": "LineString", "coordinates": [ [ -52.124375860877862, -32.04411016526327 ], [ -52.124319269138709, -32.044212367208566 ] ] } },
{ "type": "Feature", "properties": { "tipo": "rua", "nome": "JOSE VERISSIMO", "drenagem": 0.0, "iluminacao": 1.0, "compriment": 102.89201333773221 }, "geometry": { "type": "LineString", "coordinates": [ [ -52.122566149899129, -32.047258439699903 ], [ -52.122510155604978, -32.047358028187936 ] ] } },
{ "type": "Feature", "properties": { "tipo": "rua", "nome": "GONCALVES DIAS", "drenagem": 0.0, "iluminacao": 1.0, "compriment": 100.83406998323171 }, "geometry": { "type": "LineString", "coordinates": [ [ -52.125727275413944, -32.040634914844837 ], [ -52.125314191549215, -32.041337029960843 ] ] } },
{ "type": "Feature", "properties": { "tipo": "rua", "nome": "TOBIAS BARRETO", "drenagem": 1.0, "iluminacao": 1.0, "compriment": 101.75167852357464 }, "geometry": { "type": "LineString", "coordinates": [ [ -52.12769607068396, -32.0444917560786 ], [ -52.127222783948696, -32.045316078602617 ] ] } },
{ "type": "Feature", "properties": { "tipo": "rua", "nome": "GOMES FREIRE", "drenagem": 1.0, "iluminacao": 1.0, "compriment": 153.86895104486644 }, "geometry": { "type": "LineString", "coordinates": [ [ -52.099931707374736, -32.033175552654058 ], [ -52.100102849512147, -32.033144615064145 ] ] } },
{ "type": "Feature", "properties": { "tipo": "rua", "nome": "GENERAL CANABARRO", "drenagem": 1.0, "iluminacao": 1.0, "compriment": 112.13146223247395 }, "geometry": { "type": "MultiLineString", "coordinates": [ [ [ -52.102813982347357, -32.032008192926433 ], [ -52.10265084233567, -32.032784231184685 ] ], [ [ -52.102619571268363, -32.0329329840526 ], [ -52.102604730946112, -32.033003577757427 ] ] ] } },
{ "type": "Feature", "properties": { "tipo": "rua", "nome": "GENERAL CANABARRO", "drenagem": 1.0, "iluminacao": 1.0, "compriment": 80.642278648371388 }, "geometry": { "type": "MultiLineString", "coordinates": [ [ [ -52.102604730946112, -32.033003577757427 ], [ -52.102549851948218, -32.033265823052623 ] ], [ [ -52.102512942942624, -32.03344219677372 ], [ -52.102454905328685, -32.033719535861259 ] ] ] } },
{ "type": "Feature", "properties": { "tipo": "rua", "nome": "GENERAL CANABARRO", "drenagem": 0.0, "iluminacao": 1.0, "compriment": 91.834670738464155 }, "geometry": { "type": "LineString", "coordinates": [ [ -52.102329018430005, -32.034589519683045 ], [ -52.102142056071706, -32.035402241779614 ] ] } },
{ "type": "Feature", "properties": { "tipo": "rua", "nome": "GENERAL CANABARRO", "drenagem": 1.0, "iluminacao": 1.0, "compriment": 4.7157724628112918 }, "geometry": { "type": "LineString", "coordinates": [ [ -52.102135456042681, -32.035430931732378 ], [ -52.102127146920822, -32.035472866167382 ] ] } },
{ "type": "Feature", "properties": { "tipo": "rua", "nome": "GENERAL CANABARRO", "drenagem": 1.0, "iluminacao": 1.0, "compriment": 54.994806348324587 }, "geometry": { "type": "MultiLineString", "coordinates": [ [ [ -52.101747572955965, -32.037392841388744 ], [ -52.101688404634281, -32.037652248273801 ] ], [ [ -52.101673556021467, -32.037717347845465 ], [ -52.101636527454495, -32.037879689195428 ] ] ] } },
{ "type": "Feature", "properties": { "tipo": "rua", "nome": "DOUTOR AUGUSTO DUPRAT", "drenagem": 0.0, "iluminacao": 1.0, "compriment": 59.740189368454587 }, "geometry": { "type": "LineString", "coordinates": [ [ -52.124942232683139, -32.044347257258273 ], [ -52.12551141321277, -32.044582248920797 ] ] } },
{ "type": "Feature", "properties": { "tipo": "rua", "nome": "DOUTOR AUGUSTO DUPRAT", "drenagem": 0.0, "iluminacao": 1.0, "compriment": 59.046682227449729 }, "geometry": { "type": "LineString", "coordinates": [ [ -52.126082118662815, -32.044832626605277 ], [ -52.126652436176791, -32.045050764053926 ] ] } },
{ "type": "Feature", "properties": { "tipo": "rua", "nome": "DOUTOR AUGUSTO DUPRAT", "drenagem": 0.0, "iluminacao": 1.0, "compriment": 61.377929276446466 }, "geometry": { "type": "LineString", "coordinates": [ [ -52.126652436176791, -32.045050764053926 ], [ -52.127222783948696, -32.045316078602617 ] ] } },
{ "type": "Feature", "properties": { "tipo": "rua", "nome": "DOUTOR AUGUSTO DUPRAT", "drenagem": 0.0, "iluminacao": 1.0, "compriment": 59.998698594118345 }, "geometry": { "type": "LineString", "coordinates": [ [ -52.127785447858507, -32.04555293723061 ], [ -52.128358434468005, -32.045786584282631 ] ] } },
{ "type": "Feature", "properties": { "tipo": "rua", "nome": "DOUTOR AUGUSTO DUPRAT", "drenagem": 0.0, "iluminacao": 1.0, "compriment": 59.785831166540106 }, "geometry": { "type": "LineString", "coordinates": [ [ -52.128920726993911, -32.046029922766863 ], [ -52.129489436967518, -32.046266696399954 ] ] } },
{ "type": "Feature", "properties": { "tipo": "rua", "nome": "CAPITAO MARTINIANO FRANCISCO DE OLIVEIRA", "drenagem": 1.0, "iluminacao": 1.0, "compriment": 100.05278678242128 }, "geometry": { "type": "LineString", "coordinates": [ [ -52.127112106480602, -32.044237843240921 ], [ -52.126652436176791, -32.045050764053926 ] ] } },
{ "type": "Feature", "properties": { "tipo": "rua", "nome": "CAPITAO MARTINIANO FRANCISCO DE OLIVEIRA", "drenagem": 1.0, "iluminacao": 1.0, "compriment": 103.39972639527467 }, "geometry": { "type": "MultiLineString", "coordinates": [ [ [ -52.126652436176791, -32.045050764053926 ], [ -52.126532388560314, -32.045260855255712 ] ], [ [ -52.126278380768568, -32.045705385549589 ], [ -52.126173341556857, -32.045889211058757 ] ] ] } },
{ "type": "Feature", "properties": { "tipo": "rua", "nome": "CAPITAO MARTINIANO FRANCISCO DE OLIVEIRA", "drenagem": 1.0, "iluminacao": 1.0, "compriment": 97.377750782229953 }, "geometry": { "type": "MultiLineString", "coordinates": [ [ [ -52.126173341556857, -32.045889211058757 ], [ -52.126080672908245, -32.046047711996721 ] ], [ [ -52.125810955224239, -32.046509038524526 ], [ -52.125713746298729, -32.046675305175675 ] ] ] } },
{ "type": "Feature", "properties": { "tipo": "rua", "nome": "MADAME ELISA EMIL", "drenagem": 1.0, "iluminacao": 1.0, "compriment": 104.63502196058909 }, "geometry": { "type": "LineString", "coordinates": [ [ -52.111743039935646, -32.047027950739235 ], [ -52.112686994328897, -32.047521936662186 ] ] } },
{ "type": "Feature", "properties": { "tipo": "rua", "nome": "CARLOS VIGNOLI", "drenagem": 0.0, "iluminacao": 1.0, "compriment": 99.369535506761693 }, "geometry": { "type": "MultiLineString", "coordinates": [ [ [ -52.078849177423123, -32.049660160881508 ], [ -52.079018047089541, -32.049624065340382 ] ], [ [ -52.079258305910066, -32.049572710515555 ], [ -52.079419525221596, -32.049538250221929 ] ] ] } },
{ "type": "Feature", "properties": { "tipo": "rua", "nome": "CASIMIRO DE ABREU", "drenagem": 0.0, "iluminacao": 1.0, "compriment": 100.48081674522837 }, "geometry": { "type": "LineString", "coordinates": [ [ -52.128009898761626, -32.041608419132388 ], [ -52.127546670317649, -32.042424158233104 ] ] } },
{ "type": "Feature", "properties": { "tipo": "rua", "nome": "DOUTOR ERICO POESTER PEIXOTO", "drenagem": 1.0, "iluminacao": 1.0, "compriment": 122.74490334708288 }, "geometry": { "type": "MultiLineString", "coordinates": [ [ [ -52.12083154200468, -32.051819442575116 ], [ -52.12078172002245, -32.051918126177462 ] ], [ [ -52.120618117032038, -32.052242178568086 ], [ -52.12056376655493, -32.052349831869499 ] ], [ [ -52.120331493172827, -32.05280990136189 ], [ -52.120318138690919, -32.052836352906425 ] ] ] } },
{ "type": "Feature", "properties": { "tipo": "travessa", "nome": "GLOBO", "drenagem": 1.0, "iluminacao": 1.0, "compriment": 74.007227001764363 }, "geometry": { "type": "MultiLineString", "coordinates": [ [ [ -52.124168150355132, -32.053178533381498 ], [ -52.12414123890953, -32.05322826222482 ] ], [ [ -52.123938125383113, -32.053603589543961 ], [ -52.123860883596329, -32.053746322296767 ] ] ] } },
{ "type": "Feature", "properties": { "tipo": "rua", "nome": "GENERAL PORTINHO", "drenagem": 1.0, "iluminacao": 1.0, "compriment": 111.51749890035538 }, "geometry": { "type": "LineString", "coordinates": [ [ -52.104198885665994, -32.032194021447019 ], [ -52.103999791319978, -32.033185300174488 ] ] } },
{ "type": "Feature", "properties": { "tipo": "rua", "nome": "GENERAL PORTINHO", "drenagem": 1.0, "iluminacao": 1.0, "compriment": 79.902813927962058 }, "geometry": { "type": "MultiLineString", "coordinates": [ [ [ -52.103999791319978, -32.033185300174488 ], [ -52.103969174818076, -32.033323811809034 ] ], [ [ -52.103958320840938, -32.033372916116221 ], [ -52.10393125598425, -32.033495359808555 ] ], [ [ -52.103914404552917, -32.033571597103908 ], [ -52.103843266247772, -32.033893432790954 ] ] ] } },
{ "type": "Feature", "properties": { "tipo": "rua", "nome": "GUATEMALA", "drenagem": 0.0, "iluminacao": 1.0, "compriment": 53.310910793472203 }, "geometry": { "type": "MultiLineString", "coordinates": [ [ [ -52.130919484550844, -32.050107537451808 ], [ -52.131111095243753, -32.050188855415598 ] ], [ [ -52.131365450726491, -32.050296801739577 ], [ -52.131424719723753, -32.050321955002687 ] ] ] } },
{ "type": "Feature", "properties": { "tipo": "rua", "nome": "MENDES NETTO", "drenagem": 1.0, "iluminacao": 1.0, "compriment": 101.10577859423516 }, "geometry": { "type": "LineString", "coordinates": [ [ -52.129380612618903, -32.045206560045479 ], [ -52.128920726993911, -32.046029922766863 ] ] } },
{ "type": "Feature", "properties": { "tipo": "rua", "nome": "AMAPA", "drenagem": 0.0, "iluminacao": 1.0, "compriment": 97.027664838641385 }, "geometry": { "type": "LineString", "coordinates": [ [ -52.131620950462647, -32.045169101028833 ], [ -52.131122692331942, -32.045934307531851 ] ] } },
{ "type": "Feature", "properties": { "tipo": "rua", "nome": "AMAPA", "drenagem": 0.0, "iluminacao": 1.0, "compriment": 64.195812846510435 }, "geometry": { "type": "LineString", "coordinates": [ [ -52.131144083105035, -32.046929341205903 ], [ -52.130852016042951, -32.047452098861271 ] ] } },
{ "type": "Feature", "properties": { "tipo": "rua", "nome": "AMAPA", "drenagem": 0.0, "iluminacao": 1.0, "compriment": 120.92841295347436 }, "geometry": { "type": "LineString", "coordinates": [ [ -52.130200579196575, -32.048575166549334 ], [ -52.129616526289219, -32.049545657908219 ] ] } },
{ "type": "Feature", "properties": { "tipo": "rua", "nome": "AMAPA", "drenagem": 0.0, "iluminacao": 1.0, "compriment": 101.65925778302784 }, "geometry": { "type": "LineString", "coordinates": [ [ -52.129060312641194, -32.050508225228732 ], [ -52.128880399993129, -32.050813130920162 ] ] } },
{ "type": "Feature", "properties": { "tipo": "rua", "nome": "DAS MISSOES", "drenagem": 1.0, "iluminacao": 1.0, "compriment": 100.98496315302218 }, "geometry": { "type": "LineString", "coordinates": [ [ -52.130975576399507, -32.043874463932674 ], [ -52.130488766176704, -32.044685293538471 ] ] } },
{ "type": "Feature", "properties": { "tipo": "rua", "nome": "DAS MISSOES", "drenagem": 1.0, "iluminacao": 1.0, "compriment": 100.12111904095859 }, "geometry": { "type": "LineString", "coordinates": [ [ -52.129489436967518, -32.046266696399954 ], [ -52.129025202243696, -32.047078422836357 ] ] } },
{ "type": "Feature", "properties": { "tipo": "rua", "nome": "CACHOEIRA DO IGUACU", "drenagem": 1.0, "iluminacao": 1.0, "compriment": 123.05874652008544 }, "geometry": { "type": "LineString", "coordinates": [ [ -52.131500177456893, -32.049114075514836 ], [ -52.130919484550844, -32.050107537451808 ] ] } },
{ "type": "Feature", "properties": { "tipo": "rua", "nome": "GENERAL PORTINHO", "drenagem": 1.0, "iluminacao": 1.0, "compriment": 90.036503152422682 }, "geometry": { "type": "MultiLineString", "coordinates": [ [ [ -52.103828363205828, -32.03396336465017 ], [ -52.103721207822325, -32.034512024210088 ] ], [ [ -52.103707961177811, -32.03457984999644 ], [ -52.10367193361845, -32.034764319168382 ] ] ] } },
{ "type": "Feature", "properties": { "tipo": "rua", "nome": "GENERAL PORTINHO", "drenagem": 1.0, "iluminacao": 1.0, "compriment": 95.431221217450215 }, "geometry": { "type": "MultiLineString", "coordinates": [ [ [ -52.10367193361845, -32.034764319168382 ], [ -52.103646091121526, -32.034882185116246 ] ], [ [ -52.103519956748642, -32.035457475788157 ], [ -52.103486448543009, -32.035610304534913 ] ] ] } },
{ "type": "Feature", "properties": { "tipo": "rua", "nome": "REPUBLICA DOMINICANA", "drenagem": 0.0, "iluminacao": 1.0, "compriment": 121.69604236056024 }, "geometry": { "type": "MultiLineString", "coordinates": [ [ [ -52.132348309259314, -32.049837579395543 ], [ -52.132259428598374, -32.04999178104012 ] ], [ [ -52.132230749270953, -32.050041537639665 ], [ -52.131939839017399, -32.050546246302382 ] ] ] } },
{ "type": "Feature", "properties": { "tipo": "rua", "nome": "REPUBLICA DOMINICANA", "drenagem": 0.0, "iluminacao": 1.0, "compriment": 116.70084312526917 }, "geometry": { "type": "MultiLineString", "coordinates": [ [ [ -52.131939839017399, -32.050546246302382 ], [ -52.131851852934375, -32.050687353743662 ] ], [ [ -52.131792662470588, -32.050782280288921 ], [ -52.131709800674017, -32.050915169669743 ] ], [ [ -52.131417755295892, -32.051383536650377 ], [ -52.131360267276001, -32.051475732905871 ] ] ] } },
{ "type": "Feature", "properties": { "tipo": "rua", "nome": "REPUBLICA DOMINICANA", "drenagem": 0.0, "iluminacao": 1.0, "compriment": 120.40194950979273 }, "geometry": { "type": "MultiLineString", "coordinates": [ [ [ -52.131360267276001, -32.051475732905871 ], [ -52.131293682042724, -32.051586378905689 ] ], [ [ -52.130885547201459, -32.052264584648192 ], [ -52.130778772863223, -32.052442013679048 ] ] ] } },
{ "type": "Feature", "properties": { "tipo": "rua", "nome": "REPUBLICA DE CUBA", "drenagem": 1.0, "iluminacao": 1.0, "compriment": 114.76988784583604 }, "geometry": { "type": "MultiLineString", "coordinates": [ [ [ -52.131411779969362, -32.050343359841314 ], [ -52.131138616168442, -32.050788170612677 ] ], [ [ -52.131108682821306, -32.050836913071173 ], [ -52.130848553579234, -32.051260498804098 ] ] ] } },
{ "type": "Feature", "properties": { "tipo": "rua", "nome": "REPUBLICA DOMINICANA", "drenagem": 0.0, "iluminacao": 1.0, "compriment": 70.871651317563902 }, "geometry": { "type": "MultiLineString", "coordinates": [ [ [ -52.130778772863223, -32.052442013679048 ], [ -52.130733103213089, -32.052523697617474 ] ], [ [ -52.130525136569922, -32.052895663122477 ], [ -52.13045614287018, -32.053019064048584 ] ] ] } },
{ "type": "Feature", "properties": { "tipo": "rua", "nome": "REPUBLICA DOMINICANA", "drenagem": 0.0, "iluminacao": 1.0, "compriment": 215.85818162522932 }, "geometry": { "type": "MultiLineString", "coordinates": [ [ [ -52.13045614287018, -32.053019064048584 ], [ -52.130244374513538, -32.053378668118967 ] ], [ [ -52.129815281020434, -32.054107312233413 ], [ -52.129431435257452, -32.054759121129493 ] ] ] } },
{ "type": "Feature", "properties": { "tipo": "rua", "nome": "COSTA RICA", "drenagem": 1.0, "iluminacao": 1.0, "compriment": 122.14526768815334 }, "geometry": { "type": "LineString", "coordinates": [ [ -52.135106916553703, -32.050676668156804 ], [ -52.135027812810534, -32.050817688284269 ] ] } },
{ "type": "Feature", "properties": { "tipo": "rua", "nome": "COSTA RICA", "drenagem": 0.0, "iluminacao": 1.0, "compriment": 117.12535766135611 }, "geometry": { "type": "LineString", "coordinates": [ [ -52.134042688895995, -32.052513360213027 ], [ -52.133984131384224, -32.052610756588436 ] ] } },
{ "type": "Feature", "properties": { "tipo": "rua", "nome": "GENERAL PORTINHO", "drenagem": 1.0, "iluminacao": 1.0, "compriment": 113.07139638299961 }, "geometry": { "type": "MultiLineString", "coordinates": [ [ [ -52.103486448543009, -32.035610304534913 ], [ -52.103446285656389, -32.035799318157856 ] ], [ [ -52.103426321631304, -32.035893272378466 ], [ -52.103404685772446, -32.035995094543466 ] ], [ [ -52.103392040045904, -32.036054607561326 ], [ -52.103361592004873, -32.036197901408748 ] ], [ [ -52.103300783567036, -32.036484076634387 ], [ -52.103273241148038, -32.036613696112411 ] ] ] } },
{ "type": "Feature", "properties": { "tipo": "rua", "nome": "COMENDADOR FRANCISCO MARQUES", "drenagem": 0.0, "iluminacao": 1.0, "compriment": 82.862794549385754 }, "geometry": { "type": "LineString", "coordinates": [ [ -52.090688324074762, -32.03415942234534 ], [ -52.09088829212083, -32.034887018571752 ] ] } },
{ "type": "Feature", "properties": { "tipo": "rua", "nome": "COMENDADOR FRANCISCO MARQUES", "drenagem": 0.0, "iluminacao": 1.0, "compriment": 106.42283692313369 }, "geometry": { "type": "LineString", "coordinates": [ [ -52.091079318468651, -32.035625221399243 ], [ -52.091349549670362, -32.036556945314295 ] ] } },
{ "type": "Feature", "properties": { "tipo": "rua", "nome": "DOM BOSCO", "drenagem": 1.0, "iluminacao": 1.0, "compriment": 120.22911713569304 }, "geometry": { "type": "MultiLineString", "coordinates": [ [ [ -52.108318446329719, -32.039265327063291 ], [ -52.108731518996478, -32.03944347875467 ] ], [ [ -52.10882292450129, -32.039482900499543 ], [ -52.109454077380718, -32.039755106728713 ] ] ] } },
{ "type": "Feature", "properties": { "tipo": "rua", "nome": "COSTA RICA", "drenagem": 1.0, "iluminacao": 1.0, "compriment": 119.62040041222492 }, "geometry": { "type": "LineString", "coordinates": [ [ -52.133417641767117, -32.053562253172096 ], [ -52.132863375614278, -32.054532244457157 ] ] } },
{ "type": "Feature", "properties": { "tipo": "rua", "nome": "COSTA RICA", "drenagem": 1.0, "iluminacao": 1.0, "compriment": 57.009811159086532 }, "geometry": { "type": "LineString", "coordinates": [ [ -52.132863375614278, -32.054532244457157 ], [ -52.132596157320911, -32.054993255087531 ] ] } },
{ "type": "Feature", "properties": { "tipo": "rua", "nome": "COSTA RICA", "drenagem": 1.0, "iluminacao": 1.0, "compriment": 66.804116769079613 }, "geometry": { "type": "LineString", "coordinates": [ [ -52.132596157320911, -32.054993255087531 ], [ -52.132250787783157, -32.055519022026871 ] ] } },
{ "type": "Feature", "properties": { "tipo": "rua", "nome": "REPUBLICA DO SALVADOR", "drenagem": 0.0, "iluminacao": 1.0, "compriment": 116.1383314370227 }, "geometry": { "type": "LineString", "coordinates": [ [ -52.13334227127568, -32.052238810846056 ], [ -52.13329917131761, -32.052307999103903 ] ] } },
{ "type": "Feature", "properties": { "tipo": "rua", "nome": "REPUBLICA DO SALVADOR", "drenagem": 0.0, "iluminacao": 1.0, "compriment": 120.06559690256201 }, "geometry": { "type": "MultiLineString", "coordinates": [ [ [ -52.13329917131761, -32.052307999103903 ], [ -52.133263422662026, -32.052369773472968 ] ], [ [ -52.133081769858947, -32.05268367303411 ], [ -52.132737131170295, -32.053279215361485 ] ] ] } },
{ "type": "Feature", "properties": { "tipo": "rua", "nome": "REPUBLICA DO SALVADOR", "drenagem": 0.0, "iluminacao": 1.0, "compriment": 118.26137877410955 }, "geometry": { "type": "LineString", "coordinates": [ [ -52.132737131170295, -32.053279215361485 ], [ -52.132175159382186, -32.054232290018177 ] ] } },
{ "type": "Feature", "properties": { "tipo": "rua", "nome": "REPUBLICA DO SALVADOR", "drenagem": 1.0, "iluminacao": 1.0, "compriment": 28.56192637550534 }, "geometry": { "type": "LineString", "coordinates": [ [ -52.132175159382186, -32.054232290018177 ], [ -52.132045803891948, -32.054465117260655 ] ] } },
{ "type": "Feature", "properties": { "tipo": "rua", "nome": "GUSTAVO SAMPAIO", "drenagem": 0.0, "iluminacao": 1.0, "compriment": 100.94460279285235 }, "geometry": { "type": "LineString", "coordinates": [ [ -52.137786571000895, -32.046742263613034 ], [ -52.137318735781363, -32.047560757671981 ] ] } },
{ "type": "Feature", "properties": { "tipo": "rua", "nome": "GUSTAVO SAMPAIO", "drenagem": 0.0, "iluminacao": 1.0, "compriment": 100.30814292532276 }, "geometry": { "type": "LineString", "coordinates": [ [ -52.137318735781363, -32.047560757671981 ], [ -52.136850863369965, -32.048372849311363 ] ] } },
{ "type": "Feature", "properties": { "tipo": "rua", "nome": "GARIBALDI", "drenagem": 0.0, "iluminacao": 0.0, "compriment": 72.222689044129268 }, "geometry": { "type": "LineString", "coordinates": [ [ -52.1015140891, -32.037819445846374 ], [ -52.101636527454495, -32.037879689195428 ] ] } },
{ "type": "Feature", "properties": { "tipo": "rua", "nome": "GARIBALDI", "drenagem": 0.0, "iluminacao": 1.0, "compriment": 65.574088902689709 }, "geometry": { "type": "MultiLineString", "coordinates": [ [ [ -52.101636527454495, -32.037879689195428 ], [ -52.101702279671088, -32.037905590882872 ] ], [ [ -52.102115717066702, -32.038068455752757 ], [ -52.102266649122662, -32.038127912226493 ] ] ] } },
{ "type": "Feature", "properties": { "tipo": "rua", "nome": "VINTE E QUATRO DE MAIO", "drenagem": 1.0, "iluminacao": 1.0, "compriment": 95.772751862458946 }, "geometry": { "type": "MultiLineString", "coordinates": [ [ [ -52.100332287195599, -32.034866248158046 ], [ -52.100384570388336, -32.035077611675121 ] ], [ [ -52.100489867741018, -32.035503293766013 ], [ -52.100541341270002, -32.035711384082489 ] ] ] } },
{ "type": "Feature", "properties": { "tipo": "rua", "nome": "VINTE E QUATRO DE MAIO", "drenagem": 1.0, "iluminacao": 1.0, "compriment": 99.11721404801213 }, "geometry": { "type": "MultiLineString", "coordinates": [ [ [ -52.100558451473255, -32.035780554199128 ], [ -52.100596581818365, -32.035935601319821 ] ], [ [ -52.100740241102258, -32.036519754394256 ], [ -52.100773604561113, -32.036655418213087 ] ] ] } },
{ "type": "Feature", "properties": { "tipo": "rua", "nome": "VINTE E QUATRO DE MAIO", "drenagem": 1.0, "iluminacao": 1.0, "compriment": 101.42121606810979 }, "geometry": { "type": "LineString", "coordinates": [ [ -52.100773604561113, -32.036655418213087 ], [ -52.100866140813615, -32.037069447489216 ] ] } },
{ "type": "Feature", "properties": { "tipo": "rua", "nome": "BENJAMIN CONSTANT", "drenagem": 1.0, "iluminacao": 1.0, "compriment": 106.5585866774986 }, "geometry": { "type": "LineString", "coordinates": [ [ -52.093883851453576, -32.035095077195813 ], [ -52.094132816987084, -32.036032345455261 ] ] } },
{ "type": "Feature", "properties": { "tipo": "rua", "nome": "DOUTOR ISNARD POESTER PEIXOTO", "drenagem": 1.0, "iluminacao": 1.0, "compriment": 136.70944435025183 }, "geometry": { "type": "LineString", "coordinates": [ [ -52.093369745842857, -32.04485827620173 ], [ -52.094817178961527, -32.044867198128806 ] ] } },
{ "type": "Feature", "properties": { "tipo": "rua", "nome": "MAJOR MIGUEL PEREIRA", "drenagem": 1.0, "iluminacao": 1.0, "compriment": 20.898435168407619 }, "geometry": { "type": "LineString", "coordinates": [ [ -52.094063353614622, -32.040111174046601 ], [ -52.09398531308431, -32.040287527114401 ] ] } },
{ "type": "Feature", "properties": { "tipo": "rua", "nome": "ANTONIO RIBEIRO CARDOSO", "drenagem": 1.0, "iluminacao": 1.0, "compriment": 44.141596952643866 }, "geometry": { "type": "LineString", "coordinates": [ [ -52.12864412621493, -32.049878322124627 ], [ -52.128454036177196, -32.050241987867821 ] ] } },
{ "type": "Feature", "properties": { "tipo": "rua", "nome": "ANDRADAS", "drenagem": 1.0, "iluminacao": 1.0, "compriment": 81.725440320692726 }, "geometry": { "type": "MultiLineString", "coordinates": [ [ [ -52.095370767167054, -32.033289934068755 ], [ -52.095407334730623, -32.033443388355124 ] ], [ [ -52.095512909809706, -32.033886429860694 ], [ -52.095542884218361, -32.034012216241855 ] ] ] } },
{ "type": "Feature", "properties": { "tipo": "rua", "nome": "GENERAL VITORINO", "drenagem": 1.0, "iluminacao": 1.0, "compriment": 133.29754526734672 }, "geometry": { "type": "LineString", "coordinates": [ [ -52.087611476639147, -32.03727104487001 ], [ -52.088980787488389, -32.036980241346356 ] ] } },
{ "type": "Feature", "properties": { "tipo": "rua", "nome": "GENERAL VITORINO", "drenagem": 1.0, "iluminacao": 1.0, "compriment": 114.4728253108339 }, "geometry": { "type": "LineString", "coordinates": [ [ -52.088980787488389, -32.036980241346356 ], [ -52.090167164460006, -32.036769387325435 ] ] } },
{ "type": "Feature", "properties": { "tipo": "rua", "nome": "GENERAL OSORIO", "drenagem": 1.0, "iluminacao": 1.0, "compriment": 47.060159613454246 }, "geometry": { "type": "LineString", "coordinates": [ [ -52.095148860536113, -32.03022902502272 ], [ -52.095645501856112, -32.030195580355937 ] ] } },
{ "type": "Feature", "properties": { "tipo": "rua", "nome": "GENERAL OSORIO", "drenagem": 1.0, "iluminacao": 1.0, "compriment": 112.48953784670651 }, "geometry": { "type": "MultiLineString", "coordinates": [ [ [ -52.099093277778977, -32.029974816926163 ], [ -52.099265425036641, -32.029966201265168 ] ], [ [ -52.099425232384959, -32.029958203194468 ], [ -52.100282066991028, -32.02991532016167 ] ] ] } },
{ "type": "Feature", "properties": { "tipo": "rua", "nome": "GENERAL OSORIO", "drenagem": 1.0, "iluminacao": 1.0, "compriment": 167.27617460562669 }, "geometry": { "type": "MultiLineString", "coordinates": [ [ [ -52.100282066991028, -32.02991532016167 ], [ -52.10048457149675, -32.029903370155552 ] ], [ [ -52.100780284585099, -32.02988591981191 ], [ -52.102048654434462, -32.029811071959003 ] ] ] } },
{ "type": "Feature", "properties": { "tipo": "rua", "nome": "GENERAL OSORIO", "drenagem": 1.0, "iluminacao": 1.0, "compriment": 109.99254077109117 }, "geometry": { "type": "MultiLineString", "coordinates": [ [ [ -52.102048654434462, -32.029811071959003 ], [ -52.102840417334185, -32.029920969434933 ] ], [ [ -52.10296410460375, -32.029938137350648 ], [ -52.103197903892543, -32.029970588923867 ] ] ] } },
{ "type": "Feature", "properties": { "tipo": "rua", "nome": "GENERAL BACELAR", "drenagem": 0.0, "iluminacao": 1.0, "compriment": 118.39624107840761 }, "geometry": { "type": "MultiLineString", "coordinates": [ [ [ -52.090172197522051, -32.032252490467442 ], [ -52.090313052828847, -32.032238460995842 ] ], [ [ -52.091272683059607, -32.032142879896512 ], [ -52.0914171160207, -32.032128494083352 ] ] ] } },
{ "type": "Feature", "properties": { "tipo": "rua", "nome": "GENERAL BACELAR", "drenagem": 0.0, "iluminacao": 1.0, "compriment": 109.9698385684022 }, "geometry": { "type": "MultiLineString", "coordinates": [ [ [ -52.0914171160207, -32.032128494083352 ], [ -52.091643987111496, -32.032105863643679 ] ], [ [ -52.091709156014893, -32.032099363031669 ], [ -52.092311900725676, -32.032039239118276 ] ], [ [ -52.092473359594429, -32.032023133561694 ], [ -52.09257340747213, -32.032013153764566 ] ] ] } },
{ "type": "Feature", "properties": { "tipo": "rua", "nome": "GENERAL BACELAR", "drenagem": 0.0, "iluminacao": 1.0, "compriment": 48.933695176534435 }, "geometry": { "type": "LineString", "coordinates": [ [ -52.09257340747213, -32.032013153764566 ], [ -52.092587903352126, -32.032011575744264 ] ] } },
{ "type": "Feature", "properties": { "tipo": "rua", "nome": "ALVARES CABRAL", "drenagem": 1.0, "iluminacao": 1.0, "compriment": 102.69 }, "geometry": { "type": "LineString", "coordinates": [ [ -52.128358434468005, -32.045786584282631 ], [ -52.127870987828466, -32.046614681260458 ] ] } },
{ "type": "Feature", "properties": { "tipo": "rua", "nome": "ALVARES CABRAL", "drenagem": 1.0, "iluminacao": 1.0, "compriment": 96.84 }, "geometry": { "type": "LineString", "coordinates": [ [ -52.127870987828466, -32.046614681260458 ], [ -52.127418794365731, -32.047398688145513 ] ] } },
{ "type": "Feature", "properties": { "tipo": "rua", "nome": "CANADÁ", "drenagem": 0.0, "iluminacao": 1.0, "compriment": 113.39449985881319 }, "geometry": { "type": "LineString", "coordinates": [ [ -52.13593835885942, -32.053507460212039 ], [ -52.135391040130621, -32.054417652961163 ] ] } },
{ "type": "Feature", "properties": { "tipo": "rua", "nome": "CANADÁ", "drenagem": 0.0, "iluminacao": 1.0, "compriment": 116.73975784778899 }, "geometry": { "type": "LineString", "coordinates": [ [ -52.135391040130621, -32.054417652961163 ], [ -52.134837092804858, -32.055358806723916 ] ] } },
{ "type": "Feature", "properties": { "tipo": "rua", "nome": "CANADÁ", "drenagem": 0.0, "iluminacao": 1.0, "compriment": 89.24611557047993 }, "geometry": { "type": "LineString", "coordinates": [ [ -52.134837092804858, -32.055358806723916 ], [ -52.134427989287879, -32.056063810594168 ] ] } },
{ "type": "Feature", "properties": { "tipo": "avenida", "nome": "ARGENTINA", "drenagem": 1.0, "iluminacao": 1.0, "compriment": 98.442891175988919 }, "geometry": { "type": "LineString", "coordinates": [ [ -52.138427376458345, -32.048050866766332 ], [ -52.137957984392138, -32.048843527897013 ] ] } },
{ "type": "Feature", "properties": { "tipo": "avenida", "nome": "ARGENTINA", "drenagem": 1.0, "iluminacao": 1.0, "compriment": 124.29729564490987 }, "geometry": { "type": "MultiLineString", "coordinates": [ [ [ -52.136545176800858, -32.051293385568066 ], [ -52.136175752141163, -32.05189403466327 ] ], [ [ -52.136024872343974, -32.052139350754892 ], [ -52.135934468900061, -32.052286338091456 ] ] ] } },
{ "type": "Feature", "properties": { "tipo": "avenida", "nome": "ARGENTINA", "drenagem": 1.0, "iluminacao": 1.0, "compriment": 124.13782228127508 }, "geometry": { "type": "MultiLineString", "coordinates": [ [ [ -52.135934468900061, -32.052286338091456 ], [ -52.135895344120449, -32.052352521292278 ] ], [ [ -52.135696769004809, -32.052688429555197 ], [ -52.135343361974662, -32.053286250390975 ] ] ] } },
{ "type": "Feature", "properties": { "tipo": "rua", "nome": "GENERAL BACELAR", "drenagem": 0.0, "iluminacao": 1.0, "compriment": 115.03290838491793 }, "geometry": { "type": "MultiLineString", "coordinates": [ [ [ -52.097800133504101, -32.031502330354598 ], [ -52.097886428953579, -32.031503986982571 ] ], [ [ -52.098837592734363, -32.031522246630516 ], [ -52.099017608907566, -32.031525702430677 ] ] ] } },
{ "type": "Feature", "properties": { "tipo": "rua", "nome": "GENERAL BACELAR", "drenagem": 1.0, "iluminacao": 1.0, "compriment": 58.921747379830144 }, "geometry": { "type": "MultiLineString", "coordinates": [ [ [ -52.099017608907566, -32.031525702430677 ], [ -52.099105627734659, -32.031530146041256 ] ], [ [ -52.099172170664389, -32.031533505446014 ], [ -52.099383293444298, -32.031544163931812 ] ], [ [ -52.099476997682693, -32.031548894569099 ], [ -52.099640285815262, -32.031557138133543 ] ] ] } },
{ "type": "Feature", "properties": { "tipo": "rua", "nome": "MARECHAL FLORIANO PEIXOTO", "drenagem": 1.0, "iluminacao": 1.0, "compriment": 80.314411128194138 }, "geometry": { "type": "MultiLineString", "coordinates": [ [ [ -52.092021366662536, -32.031218654865107 ], [ -52.092105519169074, -32.031203911160908 ] ], [ [ -52.092268090908249, -32.031175428234697 ], [ -52.092854172574228, -32.031072745437989 ] ] ] } },
{ "type": "Feature", "properties": { "tipo": "rua", "nome": "MARECHAL FLORIANO PEIXOTO", "drenagem": 1.0, "iluminacao": 1.0, "compriment": 130.9130525968869 }, "geometry": { "type": "MultiLineString", "coordinates": [ [ [ -52.092854172574228, -32.031072745437989 ], [ -52.093063933225729, -32.031064097424199 ] ], [ [ -52.093480682116272, -32.031046915697658 ], [ -52.09423844335209, -32.031015674711469 ] ] ] } },
{ "type": "Feature", "properties": { "tipo": "rua", "nome": "MARECHAL FLORIANO PEIXOTO", "drenagem": 1.0, "iluminacao": 1.0, "compriment": 25.817686339486151 }, "geometry": { "type": "LineString", "coordinates": [ [ -52.09423844335209, -32.031015674711469 ], [ -52.094511736256706, -32.031012720990688 ] ] } },
{ "type": "Feature", "properties": { "tipo": "rua", "nome": "MARECHAL FLORIANO PEIXOTO", "drenagem": 1.0, "iluminacao": 1.0, "compriment": 65.000059376074759 }, "geometry": { "type": "MultiLineString", "coordinates": [ [ [ -52.094511736256706, -32.031012720990688 ], [ -52.0949766360688, -32.030989556159909 ] ], [ [ -52.095109008189603, -32.030982960377983 ], [ -52.09519867496271, -32.030978492500019 ] ] ] } },
{ "type": "Feature", "properties": { "tipo": "rua", "nome": "MARECHAL FLORIANO PEIXOTO", "drenagem": 1.0, "iluminacao": 1.0, "compriment": 87.735965598836614 }, "geometry": { "type": "LineString", "coordinates": [ [ -52.096340785045676, -32.030977907624404 ], [ -52.097269556064433, -32.030971374526061 ] ] } },
{ "type": "Feature", "properties": { "tipo": "travessa", "nome": "ASSIS BRASIL", "drenagem": 1.0, "iluminacao": 1.0, "compriment": 173.1727832805924 }, "geometry": { "type": "LineString", "coordinates": [ [ -52.08182847488515, -32.045863659502139 ], [ -52.081850123231739, -32.045943445186289 ] ] } },
{ "type": "Feature", "properties": { "tipo": "rua", "nome": "ARNALDO RODRIGUES LOUZADA", "drenagem": 0.0, "iluminacao": 1.0, "compriment": 58.492381552778085 }, "geometry": { "type": "LineString", "coordinates": [ [ -52.092374890222388, -32.043306718029662 ], [ -52.092979390069928, -32.043192076141317 ] ] } },
{ "type": "Feature", "properties": { "tipo": "rua", "nome": "DARCY SARMANHO VARGAS", "drenagem": 1.0, "iluminacao": 1.0, "compriment": 127.16524902619227 }, "geometry": { "type": "MultiLineString", "coordinates": [ [ [ -52.093420598495484, -32.046817292447308 ], [ -52.09367530029089, -32.046823054676217 ] ], [ [ -52.093892014161057, -32.046827957487857 ], [ -52.094164632656124, -32.046834125054012 ] ], [ [ -52.094280695803491, -32.046836750800807 ], [ -52.094766570274288, -32.046847742949161 ] ] ] } },
{ "type": "Feature", "properties": { "tipo": "rua", "nome": "DOUTOR ROBERTO PAGANINI ROCAMORA", "drenagem": 1.0, "iluminacao": 1.0, "compriment": 128.77850504885967 }, "geometry": { "type": "MultiLineString", "coordinates": [ [ [ -52.093412423268518, -32.046432820997879 ], [ -52.093618618377313, -32.046438216667894 ] ], [ [ -52.093758751863625, -32.04644188365134 ], [ -52.094775302466388, -32.04646848453261 ] ] ] } },
{ "type": "Feature", "properties": { "tipo": "rua", "nome": "MARECHAL FLORIANO PEIXOTO", "drenagem": 1.0, "iluminacao": 1.0, "compriment": 129.47633143506312 }, "geometry": { "type": "LineString", "coordinates": [ [ -52.09766688053918, -32.03094669838945 ], [ -52.099037409732347, -32.030929389493686 ] ] } },
{ "type": "Feature", "properties": { "tipo": "rua", "nome": "MARECHAL FLORIANO PEIXOTO", "drenagem": 1.0, "iluminacao": 1.0, "compriment": 76.371867614238852 }, "geometry": { "type": "LineString", "coordinates": [ [ -52.099037409732347, -32.030929389493686 ], [ -52.099813351188324, -32.031122869150238 ] ] } },
{ "type": "Feature", "properties": { "tipo": "travessa", "nome": "JOSE DO PATROCINIO", "drenagem": 1.0, "iluminacao": 1.0, "compriment": 159.14461361916679 }, "geometry": { "type": "MultiLineString", "coordinates": [ [ [ -52.08871317614193, -32.039310211911811 ], [ -52.088890130631036, -32.039361663435308 ] ], [ [ -52.089769338446743, -32.039617303073605 ], [ -52.090307749050758, -32.039773852059639 ] ] ] } },
{ "type": "Feature", "properties": { "tipo": "rua", "nome": "DOUTOR MARIO WERNECK", "drenagem": 1.0, "iluminacao": 1.0, "compriment": 40.486883785496971 }, "geometry": { "type": "LineString", "coordinates": [ [ -52.090701392245791, -32.038745042837569 ], [ -52.090562826346577, -32.039090555941499 ] ] } },
{ "type": "Feature", "properties": { "tipo": "rua", "nome": "ANDRADE NEVES", "drenagem": 1.0, "iluminacao": 1.0, "compriment": 104.58432981395211 }, "geometry": { "type": "LineString", "coordinates": [ [ -52.092620789794879, -32.037277199567356 ], [ -52.092389779178028, -32.036354798087885 ] ] } },
{ "type": "Feature", "properties": { "tipo": "rua", "nome": "ANDRADE NEVES", "drenagem": 1.0, "iluminacao": 1.0, "compriment": 106.74344545768454 }, "geometry": { "type": "LineString", "coordinates": [ [ -52.092389779178028, -32.036354798087885 ], [ -52.092198482420521, -32.035406061377515 ] ] } },
{ "type": "Feature", "properties": { "tipo": "rua", "nome": "ANDRADE NEVES", "drenagem": 1.0, "iluminacao": 1.0, "compriment": 6.9397407356774723 }, "geometry": { "type": "LineString", "coordinates": [ [ -52.092198482420521, -32.035406061377515 ], [ -52.092184730311395, -32.035344583847937 ] ] } },
{ "type": "Feature", "properties": { "tipo": "rua", "nome": "CORONEL SAMPAIO", "drenagem": 1.0, "iluminacao": 1.0, "compriment": 124.09625295915767 }, "geometry": { "type": "MultiLineString", "coordinates": [ [ [ -52.08971015568347, -32.030650037422781 ], [ -52.08963338016973, -32.031242021222873 ] ], [ [ -52.089622979233063, -32.03132221848518 ], [ -52.089565892627036, -32.031762389372034 ] ] ] } },
{ "type": "Feature", "properties": { "tipo": "rua", "nome": "CORONEL SAMPAIO", "drenagem": 0.0, "iluminacao": 1.0, "compriment": 60.768168996551623 }, "geometry": { "type": "MultiLineString", "coordinates": [ [ [ -52.089565892627036, -32.031762389372034 ], [ -52.089546801677024, -32.031918762885958 ] ], [ [ -52.089531230562542, -32.032046305511358 ], [ -52.089499346562256, -32.032307466593387 ] ] ] } },
{ "type": "Feature", "properties": { "tipo": "rua", "nome": "CORONEL SAMPAIO", "drenagem": 0.0, "iluminacao": 1.0, "compriment": 81.349949244073613 }, "geometry": { "type": "LineString", "coordinates": [ [ -52.089499346562256, -32.032307466593387 ], [ -52.089437928981241, -32.033039225409425 ] ] } },
{ "type": "Feature", "properties": { "tipo": "rua", "nome": "GASPAR LEMOS", "drenagem": 0.0, "iluminacao": 1.0, "compriment": 130.50217809265578 }, "geometry": { "type": "LineString", "coordinates": [ [ -52.093403941747454, -32.046033939121479 ], [ -52.094785697967211, -32.046038480039734 ] ] } },
{ "type": "Feature", "properties": { "tipo": "rua", "nome": "GASPAR LEMOS", "drenagem": 0.0, "iluminacao": 1.0, "compriment": 35.004812205735618 }, "geometry": { "type": "LineString", "coordinates": [ [ -52.094785697967211, -32.046038480039734 ], [ -52.09514830982878, -32.045973159068438 ] ] } },
{ "type": "Feature", "properties": { "tipo": "rua", "nome": "GASPAR LEMOS", "drenagem": 0.0, "iluminacao": 1.0, "compriment": 176.18245371540894 }, "geometry": { "type": "MultiLineString", "coordinates": [ [ [ -52.096373015016134, -32.045751776687176 ], [ -52.096688663108282, -32.04569105026674 ] ], [ [ -52.096785284544204, -32.045672461610302 ], [ -52.097498847528101, -32.045535181750715 ] ], [ [ -52.097658141105477, -32.045504535822566 ], [ -52.097776537468569, -32.045481757964879 ] ], [ [ -52.098014688989601, -32.045435940835759 ], [ -52.098192597706124, -32.045401713606807 ] ] ] } },
{ "type": "Feature", "properties": { "tipo": "rua", "nome": "ALVARO DELFINO", "drenagem": 0.0, "iluminacao": 1.0, "compriment": 138.70470477849278 }, "geometry": { "type": "MultiLineString", "coordinates": [ [ [ -52.093362192420237, -32.044437418058926 ], [ -52.093813608868878, -32.044450215358552 ] ], [ [ -52.093911285842694, -32.044452984423579 ], [ -52.094829969888266, -32.044479028390363 ] ] ] } },
{ "type": "Feature", "properties": { "tipo": "rua", "nome": "COMENDADOR FRANCISCO MARQUES", "drenagem": 0.0, "iluminacao": 1.0, "compriment": 108.0569001380062 }, "geometry": { "type": "LineString", "coordinates": [ [ -52.091349549670362, -32.036556945314295 ], [ -52.091613672765767, -32.037505091653266 ] ] } },
{ "type": "Feature", "properties": { "tipo": "rua", "nome": "EQUADOR", "drenagem": 0.0, "iluminacao": 1.0, "compriment": 165.2141469497794 }, "geometry": { "type": "LineString", "coordinates": [ [ -52.139000217444654, -32.057034587195787 ], [ -52.138967060230065, -32.057131263973041 ] ] } },
{ "type": "Feature", "properties": { "tipo": "rua", "nome": "CORONEL SAMPAIO", "drenagem": 1.0, "iluminacao": 1.0, "compriment": 156.27261774959004 }, "geometry": { "type": "MultiLineString", "coordinates": [ [ [ -52.089437928981241, -32.033039225409425 ], [ -52.089399118798752, -32.033336717318427 ] ], [ [ -52.089377991587455, -32.0334986638494 ], [ -52.089255200637417, -32.034439894005814 ] ] ] } },
{ "type": "Feature", "properties": { "tipo": "rua", "nome": "CORONEL SAMPAIO", "drenagem": 1.0, "iluminacao": 1.0, "compriment": 85.189516618860225 }, "geometry": { "type": "LineString", "coordinates": [ [ -52.089255200637417, -32.034439894005814 ], [ -52.089176140649094, -32.035205188829195 ] ] } },
{ "type": "Feature", "properties": { "tipo": "rua", "nome": "CORONEL SAMPAIO", "drenagem": 1.0, "iluminacao": 1.0, "compriment": 80.695023280066962 }, "geometry": { "type": "LineString", "coordinates": [ [ -52.089176140649094, -32.035205188829195 ], [ -52.089093797449664, -32.035929520784734 ] ] } },
{ "type": "Feature", "properties": { "tipo": "rua", "nome": "PANAMA", "drenagem": 0.0, "iluminacao": 1.0, "compriment": 127.59883385821971 }, "geometry": { "type": "LineString", "coordinates": [ [ -52.138412914405677, -32.052063838732586 ], [ -52.138300128904696, -32.052366871700848 ] ] } },
{ "type": "Feature", "properties": { "tipo": "rua", "nome": "PANAMA", "drenagem": 1.0, "iluminacao": 1.0, "compriment": 163.44983196139458 }, "geometry": { "type": "LineString", "coordinates": [ [ -52.13724290999933, -32.055275362486569 ], [ -52.136727416917566, -32.056682479460491 ] ] } },
{ "type": "Feature", "properties": { "tipo": "rua", "nome": "BOLIVIA", "drenagem": 0.0, "iluminacao": 1.0, "compriment": 64.420573407393832 }, "geometry": { "type": "MultiLineString", "coordinates": [ [ [ -52.128454036177196, -32.050241987867821 ], [ -52.128596747414939, -32.050304657401547 ] ], [ [ -52.12874488184508, -32.050369708450177 ], [ -52.129060312641194, -32.050508225228732 ] ] ] } },
{ "type": "Feature", "properties": { "tipo": "rua", "nome": "BOLIVIA", "drenagem": 1.0, "iluminacao": 1.0, "compriment": 67.71626587450244 }, "geometry": { "type": "LineString", "coordinates": [ [ -52.129060312641194, -32.050508225228732 ], [ -52.129706380636151, -32.050773090050683 ] ] } },
{ "type": "Feature", "properties": { "tipo": "rua", "nome": "BOLIVIA", "drenagem": 1.0, "iluminacao": 1.0, "compriment": 67.008849952964297 }, "geometry": { "type": "LineString", "coordinates": [ [ -52.129706380636151, -32.050773090050683 ], [ -52.130346688617095, -32.051033433481443 ] ] } },
{ "type": "Feature", "properties": { "tipo": "rua", "nome": "BOLIVIA", "drenagem": 1.0, "iluminacao": 1.0, "compriment": 66.210188287273127 }, "geometry": { "type": "LineString", "coordinates": [ [ -52.131360267276001, -32.051475732905871 ], [ -52.131504474002149, -32.05154024394912 ] ] } },
{ "type": "Feature", "properties": { "tipo": "rua", "nome": "CORONEL SAMPAIO", "drenagem": 1.0, "iluminacao": 1.0, "compriment": 109.66733419110248 }, "geometry": { "type": "MultiLineString", "coordinates": [ [ [ -52.089085701738249, -32.03599529051192 ], [ -52.089026772793233, -32.036548524354252 ] ], [ [ -52.089016212309389, -32.036647667772705 ], [ -52.088980787488389, -32.036980241346356 ] ] ] } },
{ "type": "Feature", "properties": { "tipo": "rua", "nome": "CORONEL SAMPAIO", "drenagem": 1.0, "iluminacao": 1.0, "compriment": 53.812596370173253 }, "geometry": { "type": "LineString", "coordinates": [ [ -52.08885221483844, -32.03808220019328 ], [ -52.088796098768924, -32.038565130498128 ] ] } },
{ "type": "Feature", "properties": { "tipo": "rua", "nome": "DOUTOR PAULO LEIRIA", "drenagem": 0.0, "iluminacao": 1.0, "compriment": 61.201971014508963 }, "geometry": { "type": "LineString", "coordinates": [ [ -52.095157712066502, -32.040633278285064 ], [ -52.094911278127611, -32.041143733297297 ] ] } },
{ "type": "Feature", "properties": { "tipo": "rua", "nome": "DOUTOR PAULO LEIRIA", "drenagem": 1.0, "iluminacao": 1.0, "compriment": 45.043868091986432 }, "geometry": { "type": "LineString", "coordinates": [ [ -52.094911278127611, -32.041143733297297 ], [ -52.094766808155136, -32.04153085827906 ] ] } },
{ "type": "Feature", "properties": { "tipo": "rua", "nome": "APELLES PORTO ALEGRE", "drenagem": 1.0, "iluminacao": 1.0, "compriment": 114.3341635611572 }, "geometry": { "type": "LineString", "coordinates": [ [ -52.0963098802658, -32.039470520268267 ], [ -52.096025185689989, -32.04047268077543 ] ] } },
{ "type": "Feature", "properties": { "tipo": "rua", "nome": "APELLES PORTO ALEGRE", "drenagem": 0.0, "iluminacao": 1.0, "compriment": 24.707065360647235 }, "geometry": { "type": "LineString", "coordinates": [ [ -52.096025185689989, -32.04047268077543 ], [ -52.09591556941966, -32.040674986131805 ] ] } },
{ "type": "Feature", "properties": { "tipo": "rua", "nome": "APELLES PORTO ALEGRE", "drenagem": 1.0, "iluminacao": 1.0, "compriment": 20.400814855490513 }, "geometry": { "type": "LineString", "coordinates": [ [ -52.09591556941966, -32.040674986131805 ], [ -52.095850368629613, -32.040850381231351 ] ] } },
{ "type": "Feature", "properties": { "tipo": "rua", "nome": "APELLES PORTO ALEGRE", "drenagem": 1.0, "iluminacao": 1.0, "compriment": 89.341949218084551 }, "geometry": { "type": "LineString", "coordinates": [ [ -52.095850368629613, -32.040850381231351 ], [ -52.095770115188841, -32.041312125639791 ], [ -52.095711843529635, -32.04164739345704 ] ] } },
{ "type": "Feature", "properties": { "tipo": "rua", "nome": "COMENDADOR HENRIQUE PANCADA", "drenagem": 0.0, "iluminacao": 1.0, "compriment": 118.67088916021581 }, "geometry": { "type": "LineString", "coordinates": [ [ -52.126880025154939, -32.04114032693694 ], [ -52.128009898761626, -32.041608419132388 ] ] } },
{ "type": "Feature", "properties": { "tipo": "rua", "nome": "COMENDADOR HENRIQUE PANCADA", "drenagem": 0.0, "iluminacao": 1.0, "compriment": 59.512244897756993 }, "geometry": { "type": "LineString", "coordinates": [ [ -52.131466395256567, -32.043092497412488 ], [ -52.132026398279997, -32.043338510131747 ] ] } },
{ "type": "Feature", "properties": { "tipo": "rua", "nome": "COMENDADOR HENRIQUE PANCADA", "drenagem": 1.0, "iluminacao": 1.0, "compriment": 59.501636651080965 }, "geometry": { "type": "LineString", "coordinates": [ [ -52.132026398279997, -32.043338510131747 ], [ -52.132541921066952, -32.043646937713511 ] ] } },
{ "type": "Feature", "properties": { "tipo": "rua", "nome": "COMENDADOR HENRIQUE PANCADA", "drenagem": 1.0, "iluminacao": 1.0, "compriment": 121.48827893840331 }, "geometry": { "type": "LineString", "coordinates": [ [ -52.132541921066952, -32.043646937713511 ], [ -52.133487958316266, -32.044389265472205 ] ] } },
{ "type": "Feature", "properties": { "tipo": "rua", "nome": "COMENDADOR HENRIQUE PANCADA", "drenagem": 1.0, "iluminacao": 1.0, "compriment": 121.99262965432555 }, "geometry": { "type": "MultiLineString", "coordinates": [ [ [ -52.133487958316266, -32.044389265472205 ], [ -52.134126529714102, -32.044896453859387 ] ], [ [ -52.134141987017557, -32.044908730896587 ], [ -52.134432612742998, -32.045139561769162 ] ] ] } },
{ "type": "Feature", "properties": { "tipo": "rua", "nome": "GENERAL GURJAO", "drenagem": 1.0, "iluminacao": 1.0, "compriment": 77.596116485942716 }, "geometry": { "type": "MultiLineString", "coordinates": [ [ [ -52.102266649122662, -32.038127912226493 ], [ -52.102115779963761, -32.038387025934007 ] ], [ [ -52.102064260642123, -32.038475508978088 ], [ -52.101901632471538, -32.038754818470728 ] ] ] } },
{ "type": "Feature", "properties": { "tipo": "rua", "nome": "GENERAL GURJAO", "drenagem": 1.0, "iluminacao": 1.0, "compriment": 91.722821171980485 }, "geometry": { "type": "LineString", "coordinates": [ [ -52.101901632471538, -32.038754818470728 ], [ -52.101488992544141, -32.03937928584142 ] ] } },
{ "type": "Feature", "properties": { "tipo": "rua", "nome": "PADRE FEIJO", "drenagem": 1.0, "iluminacao": 1.0, "compriment": 154.3467667277659 }, "geometry": { "type": "LineString", "coordinates": [ [ -52.115288690134228, -32.032066485248173 ], [ -52.114583204848174, -32.033321988297253 ] ] } },
{ "type": "Feature", "properties": { "tipo": "rua", "nome": "JOAO MANOEL", "drenagem": 1.0, "iluminacao": 1.0, "compriment": 118.50413977953694 }, "geometry": { "type": "LineString", "coordinates": [ [ -52.106971900892191, -32.036727873269101 ], [ -52.108091761389147, -32.037209693350626 ] ] } },
{ "type": "Feature", "properties": { "tipo": "avenida", "nome": "PRESIDENTE VARGAS", "drenagem": 1.0, "iluminacao": 1.0, "compriment": 30.901850962633624 }, "geometry": { "type": "LineString", "coordinates": [ [ -52.109922386808606, -32.047198299662817 ], [ -52.110202001481959, -32.047343022208914 ] ] } },
{ "type": "Feature", "properties": { "tipo": "rua", "nome": "GUSTAVO SAMPAIO", "drenagem": 0.0, "iluminacao": 1.0, "compriment": 102.53226653407584 }, "geometry": { "type": "LineString", "coordinates": [ [ -52.136373459281195, -32.049190975512339 ], [ -52.135872492429847, -32.050011298643938 ] ] } },
{ "type": "Feature", "properties": { "tipo": "rua", "nome": "VIDAL DE NEGREIROS", "drenagem": 0.0, "iluminacao": 1.0, "compriment": 91.895046285618506 }, "geometry": { "type": "MultiLineString", "coordinates": [ [ [ -52.144214862383244, -32.051701947983702 ], [ -52.144147734256748, -32.051831888375112 ] ], [ [ -52.144042757655662, -32.052035092327706 ], [ -52.143822991463765, -32.052460495306846 ] ] ] } },
{ "type": "Feature", "properties": { "tipo": "rua", "nome": "VIDAL DE NEGREIROS", "drenagem": 0.0, "iluminacao": 1.0, "compriment": 97.266480807329089 }, "geometry": { "type": "MultiLineString", "coordinates": [ [ [ -52.143822991463765, -32.052460495306846 ], [ -52.143790600753441, -32.052526402979268 ] ], [ [ -52.143442301380801, -32.053235112381657 ], [ -52.14342533269344, -32.053269639771663 ] ] ] } },
{ "type": "Feature", "properties": { "tipo": "rua", "nome": "PADRE VIEIRA", "drenagem": 0.0, "iluminacao": 1.0, "compriment": 91.338118344989326 }, "geometry": { "type": "MultiLineString", "coordinates": [ [ [ -52.145126744504324, -32.052110222927723 ], [ -52.145075503466003, -32.052214321145428 ] ], [ [ -52.145006937413001, -32.052353615823037 ], [ -52.144899661031602, -32.052571552080231 ] ] ] } },
{ "type": "Feature", "properties": { "tipo": "avenida", "nome": "PRESIDENTE VARGAS", "drenagem": 1.0, "iluminacao": 1.0, "compriment": 107.17493888963156 }, "geometry": { "type": "LineString", "coordinates": [ [ -52.110432699644186, -32.047460415842636 ], [ -52.111405986586604, -32.04795511486499 ], [ -52.111407164934, -32.047955713784731 ] ] } },
{ "type": "Feature", "properties": { "tipo": "avenida", "nome": "PRESIDENTE VARGAS", "drenagem": 1.0, "iluminacao": 1.0, "compriment": 59.411042340358136 }, "geometry": { "type": "LineString", "coordinates": [ [ -52.114232144058406, -32.04922258834241 ], [ -52.114804209654608, -32.04944545154153 ] ] } },
{ "type": "Feature", "properties": { "tipo": "avenida", "nome": "PRESIDENTE VARGAS", "drenagem": 1.0, "iluminacao": 0.0, "compriment": 27.785180417672695 }, "geometry": { "type": "LineString", "coordinates": [ [ -52.116671221567536, -32.050163571521765 ], [ -52.11693928990595, -32.050266818583928 ] ] } },
{ "type": "Feature", "properties": { "tipo": "avenida", "nome": "PRESIDENTE VARGAS", "drenagem": 1.0, "iluminacao": 1.0, "compriment": 53.671893069625256 }, "geometry": { "type": "LineString", "coordinates": [ [ -52.124168150355132, -32.053178533381498 ], [ -52.124680147499944, -32.053388625798071 ] ] } },
{ "type": "Feature", "properties": { "tipo": "avenida", "nome": "PRESIDENTE VARGAS", "drenagem": 1.0, "iluminacao": 1.0, "compriment": 116.02475790590233 }, "geometry": { "type": "LineString", "coordinates": [ [ -52.124680147499944, -32.053388625798071 ], [ -52.125312736927434, -32.053652668655253 ], [ -52.125818203608617, -32.053770630389842 ] ] } },
{ "type": "Feature", "properties": { "tipo": "avenida", "nome": "PRESIDENTE VARGAS", "drenagem": 1.0, "iluminacao": 1.0, "compriment": 115.78192401741543 }, "geometry": { "type": "LineString", "coordinates": [ [ -52.125818203608617, -32.053770630389842 ], [ -52.12474980128799, -32.053258495507485 ] ] } },
{ "type": "Feature", "properties": { "tipo": "avenida", "nome": "PRESIDENTE VARGAS", "drenagem": 1.0, "iluminacao": 1.0, "compriment": 107.56087273081967 }, "geometry": { "type": "LineString", "coordinates": [ [ -52.12474980128799, -32.053258495507485 ], [ -52.123725441688023, -32.052834463950823 ] ] } },
{ "type": "Feature", "properties": { "tipo": "avenida", "nome": "PRESIDENTE VARGAS", "drenagem": 1.0, "iluminacao": 1.0, "compriment": 176.09400011423293 }, "geometry": { "type": "LineString", "coordinates": [ [ -52.123725441688023, -32.052834463950823 ], [ -52.122044848575804, -32.052146541494594 ] ] } },
{ "type": "Feature", "properties": { "tipo": "avenida", "nome": "PRESIDENTE VARGAS", "drenagem": 1.0, "iluminacao": 1.0, "compriment": 108.54789114152811 }, "geometry": { "type": "LineString", "coordinates": [ [ -52.119448569912883, -32.051083733709646 ], [ -52.118403801733741, -32.050675709451632 ] ] } },
{ "type": "Feature", "properties": { "tipo": "avenida", "nome": "PRESIDENTE VARGAS", "drenagem": 1.0, "iluminacao": 1.0, "compriment": 28.013184288522361 }, "geometry": { "type": "LineString", "coordinates": [ [ -52.118403801733741, -32.050675709451632 ], [ -52.11813189124944, -32.050574763025686 ] ] } },
{ "type": "Feature", "properties": { "tipo": "avenida", "nome": "PRESIDENTE VARGAS", "drenagem": 1.0, "iluminacao": 1.0, "compriment": 34.802334528649034 }, "geometry": { "type": "LineString", "coordinates": [ [ -52.117280425690325, -32.050258652231953 ], [ -52.116946799745051, -32.050125367631225 ] ] } },
{ "type": "Feature", "properties": { "tipo": "avenida", "nome": "PRESIDENTE VARGAS", "drenagem": 1.0, "iluminacao": 0.0, "compriment": 67.00285765502457 }, "geometry": { "type": "LineString", "coordinates": [ [ -52.1161286223413, -32.049798497779143 ], [ -52.115483156436717, -32.049547709418789 ] ] } },
{ "type": "Feature", "properties": { "tipo": "avenida", "nome": "PRESIDENTE VARGAS", "drenagem": 1.0, "iluminacao": 1.0, "compriment": 13.401699519766883 }, "geometry": { "type": "LineString", "coordinates": [ [ -52.110302110038141, -32.047221112090881 ], [ -52.110178811186664, -32.04716129165805 ] ] } },
{ "type": "Feature", "properties": { "tipo": "avenida", "nome": "RHEINGANTZ", "drenagem": 0.0, "iluminacao": 1.0, "compriment": 120.58188146317077 }, "geometry": { "type": "LineString", "coordinates": [ [ -52.105367657752147, -32.044193537491346 ], [ -52.104495165212086, -32.043399666900122 ] ] } },
{ "type": "Feature", "properties": { "tipo": "rua", "nome": "AMERICA", "drenagem": 1.0, "iluminacao": 1.0, "compriment": 51.423134184915384 }, "geometry": { "type": "LineString", "coordinates": [ [ -52.113459744185135, -32.046436251559619 ], [ -52.113197327752431, -32.04684257775272 ] ] } },
{ "type": "Feature", "properties": { "tipo": "avenida", "nome": "RHEINGANTZ", "drenagem": 1.0, "iluminacao": 1.0, "compriment": 75.325983614000151 }, "geometry": { "type": "LineString", "coordinates": [ [ -52.102743650655299, -32.041653665894565 ], [ -52.103230049378602, -32.04209634781072 ] ] } },
{ "type": "Feature", "properties": { "tipo": "rua", "nome": "LUIZ LOREA", "drenagem": 1.0, "iluminacao": 1.0, "compriment": 58.968100945771134 }, "geometry": { "type": "MultiLineString", "coordinates": [ [ [ -52.092135807211825, -32.033073628441677 ], [ -52.092427386711741, -32.033026806791291 ] ], [ [ -52.092609849009257, -32.032997507111773 ], [ -52.092749272864616, -32.032975118517882 ] ] ] } },
{ "type": "Feature", "properties": { "tipo": "rua", "nome": "LUIZ LOREA", "drenagem": 1.0, "iluminacao": 1.0, "compriment": 129.67745570858688 }, "geometry": { "type": "LineString", "coordinates": [ [ -52.093328603664318, -32.032882330916145 ], [ -52.093485469588082, -32.032857459732618 ] ] } },
{ "type": "Feature", "properties": { "tipo": "rua", "nome": "OITO", "drenagem": 1.0, "iluminacao": 1.0, "compriment": 51.222668790316355 }, "geometry": { "type": "MultiLineString", "coordinates": [ [ [ -52.174954275213665, -32.064645875562455 ], [ -52.175229845855398, -32.064838052725975 ] ], [ [ -52.175253955773819, -32.064854866475457 ], [ -52.175373957529771, -32.064938553173469 ] ] ] } },
{ "type": "Feature", "properties": { "tipo": "rua", "nome": "MAJOR MIGUEL PEREIRA", "drenagem": 1.0, "iluminacao": 1.0, "compriment": 60.971571208516153 }, "geometry": { "type": "LineString", "coordinates": [ [ -52.09402301851506, -32.040298646997115 ], [ -52.09398122008529, -32.040341020535642 ] ] } },
{ "type": "Feature", "properties": { "tipo": "rua", "nome": "SENADOR CORREA", "drenagem": 1.0, "iluminacao": 1.0, "compriment": 55.900772674157565 }, "geometry": { "type": "MultiLineString", "coordinates": [ [ [ -52.099142705499155, -32.039904876813033 ], [ -52.099396556139681, -32.039855905088928 ] ], [ [ -52.099482102077644, -32.039839401951248 ], [ -52.099719927936384, -32.039793521655987 ] ] ] } },
{ "type": "Feature", "properties": { "tipo": "rua", "nome": "LUIZ LOREA", "drenagem": 1.0, "iluminacao": 1.0, "compriment": 92.069716891507269 }, "geometry": { "type": "LineString", "coordinates": [ [ -52.096400501609139, -32.032384425794731 ], [ -52.096566571511822, -32.032357200438895 ] ] } },
{ "type": "Feature", "properties": { "tipo": "rua", "nome": "LUIZ LOREA", "drenagem": 1.0, "iluminacao": 1.0, "compriment": 126.10587448094732 }, "geometry": { "type": "MultiLineString", "coordinates": [ [ [ -52.096643304876096, -32.032344509804176 ], [ -52.096754816767351, -32.032327168803853 ] ], [ [ -52.097420706085188, -32.032223617633257 ], [ -52.09743273111804, -32.032221747643462 ] ] ] } },
{ "type": "Feature", "properties": { "tipo": "rua", "nome": "GENERAL NETTO", "drenagem": 1.0, "iluminacao": 1.0, "compriment": 73.222355214097263 }, "geometry": { "type": "LineString", "coordinates": [ [ -52.098042153045689, -32.032566250465493 ], [ -52.098087313700525, -32.03279115658394 ] ] } },
{ "type": "Feature", "properties": { "tipo": "rua", "nome": "GENERAL NETTO", "drenagem": 1.0, "iluminacao": 1.0, "compriment": 81.672867387806676 }, "geometry": { "type": "LineString", "coordinates": [ [ -52.098254015460853, -32.03347907421454 ], [ -52.098412791789684, -32.034203088144167 ] ] } },
{ "type": "Feature", "properties": { "tipo": "rua", "nome": "GENERAL NETTO", "drenagem": 1.0, "iluminacao": 1.0, "compriment": 6.9859871866415704 }, "geometry": { "type": "LineString", "coordinates": [ [ -52.098412791789684, -32.034203088144167 ], [ -52.098427725709286, -32.034264791148566 ] ] } },
{ "type": "Feature", "properties": { "tipo": "rua", "nome": "GENERAL NETTO", "drenagem": 1.0, "iluminacao": 1.0, "compriment": 104.0073767733136 }, "geometry": { "type": "LineString", "coordinates": [ [ -52.098427725709286, -32.034264791148566 ], [ -52.098650064417619, -32.035183425169279 ] ] } },
{ "type": "Feature", "properties": { "tipo": "rua", "nome": "GENERAL NETTO", "drenagem": 1.0, "iluminacao": 1.0, "compriment": 107.03281506005369 }, "geometry": { "type": "LineString", "coordinates": [ [ -52.099484802497514, -32.038849290127729 ], [ -52.099719927936384, -32.039793521655987 ] ] } },
{ "type": "Feature", "properties": { "tipo": "rua", "nome": "COMENDADOR FRANCISCO MARQUES", "drenagem": 0.0, "iluminacao": 1.0, "compriment": 56.343586674694983 }, "geometry": { "type": "LineString", "coordinates": [ [ -52.09174537495521, -32.037990784879895 ], [ -52.09187962403449, -32.038485864805232 ] ] } },
{ "type": "Feature", "properties": { "tipo": "rua", "nome": "DOUTOR ALVARO COSTA", "drenagem": 1.0, "iluminacao": 1.0, "compriment": 124.00747523115555 }, "geometry": { "type": "LineString", "coordinates": [ [ -52.088314287951277, -32.039780575129001 ], [ -52.08733940251367, -32.039718573626658 ] ] } },
{ "type": "Feature", "properties": { "tipo": "rua", "nome": "JOAO CANUSO", "drenagem": 0.0, "iluminacao": 1.0, "compriment": 110.63743660944543 }, "geometry": { "type": "MultiLineString", "coordinates": [ [ [ -52.090623509061153, -32.040391169627071 ], [ -52.090494943512574, -32.040730418590265 ] ], [ [ -52.090343665551345, -32.041129599335548 ], [ -52.090263675305565, -32.041340671494829 ] ] ] } },
{ "type": "Feature", "properties": { "tipo": "avenida", "nome": "SANTOS DUMONT", "drenagem": 1.0, "iluminacao": 1.0, "compriment": 173.74462230479668 }, "geometry": { "type": "LineString", "coordinates": [ [ -52.125818203608617, -32.053770630389842 ], [ -52.127474745466159, -32.054452305966997 ] ] } },
{ "type": "Feature", "properties": { "tipo": "avenida", "nome": "SANTOS DUMONT", "drenagem": 1.0, "iluminacao": 1.0, "compriment": 67.432217073236743 }, "geometry": { "type": "LineString", "coordinates": [ [ -52.127474745466159, -32.054452305966997 ], [ -52.12811245072929, -32.054725882247446 ] ] } },
{ "type": "Feature", "properties": { "tipo": "avenida", "nome": "SANTOS DUMONT", "drenagem": 1.0, "iluminacao": 1.0, "compriment": 134.92285935152537 }, "geometry": { "type": "LineString", "coordinates": [ [ -52.128912247729914, -32.055049505497095 ], [ -52.130198331792556, -32.055579455323745 ] ] } },
{ "type": "Feature", "properties": { "tipo": "avenida", "nome": "SANTOS DUMONT", "drenagem": 1.0, "iluminacao": 1.0, "compriment": 167.23652901975737 }, "geometry": { "type": "LineString", "coordinates": [ [ -52.131828857713082, -32.056107014282112 ], [ -52.13357129349076, -32.056299612091678 ] ] } },
{ "type": "Feature", "properties": { "tipo": "rua", "nome": "PROFESSOR EWERTON MEDEIROS", "drenagem": 1.0, "iluminacao": 1.0, "compriment": 122.8035224435291 }, "geometry": { "type": "MultiLineString", "coordinates": [ [ [ -52.094709316536068, -32.038310353000128 ], [ -52.094939952713752, -32.038264217859329 ] ], [ [ -52.09513834466442, -32.038224532669133 ], [ -52.095514507852016, -32.038149287138289 ] ], [ [ -52.095834579088816, -32.038085261920202 ], [ -52.095975025521923, -32.038057167819652 ] ] ] } },
{ "type": "Feature", "properties": { "tipo": "rua", "nome": "PINTO BANDEIRA", "drenagem": 1.0, "iluminacao": 1.0, "compriment": 53.097097878514383 }, "geometry": { "type": "LineString", "coordinates": [ [ -52.137696986749027, -32.053984649888648 ], [ -52.137743320324347, -32.053997850037817 ] ] } },
{ "type": "Feature", "properties": { "tipo": "rua", "nome": "ENGENHEIRO ELMER LAWSORENCE CORTHEILL", "drenagem": 0.0, "iluminacao": 1.0, "compriment": 76.435506105938401 }, "geometry": { "type": "LineString", "coordinates": [ [ -52.142395538453947, -32.050891380635271 ], [ -52.143112967983157, -32.051210436926851 ] ] } },
{ "type": "Feature", "properties": { "tipo": "rua", "nome": "JURAI XAVIER DA SILVA", "drenagem": 0.0, "iluminacao": 1.0, "compriment": 114.06482037086802 }, "geometry": { "type": "MultiLineString", "coordinates": [ [ [ -52.173253113463957, -32.061418503102033 ], [ -52.173388871956071, -32.06118293606265 ] ], [ [ -52.173714720251773, -32.060617526730894 ], [ -52.17378529401099, -32.060495067713724 ] ] ] } },
{ "type": "Feature", "properties": { "tipo": "rua", "nome": "JOCKEY CLUBE", "drenagem": 1.0, "iluminacao": 1.0, "compriment": 36.544109858818658 }, "geometry": { "type": "LineString", "coordinates": [ [ -52.142284148958254, -32.047114034395769 ], [ -52.142644313011232, -32.047234490244996 ] ] } },
{ "type": "Feature", "properties": { "tipo": "rua", "nome": "JOCKEY CLUBE", "drenagem": 1.0, "iluminacao": 1.0, "compriment": 59.102688990445209 }, "geometry": { "type": "LineString", "coordinates": [ [ -52.142644313011232, -32.047234490244996 ], [ -52.143228852438725, -32.047424805425301 ] ] } },
{ "type": "Feature", "properties": { "tipo": "rua", "nome": "JOCKEY CLUBE", "drenagem": 1.0, "iluminacao": 1.0, "compriment": 70.801346812927662 }, "geometry": { "type": "LineString", "coordinates": [ [ -52.144093745289013, -32.047695991429158 ], [ -52.144792046937795, -32.047928262038923 ] ] } },
{ "type": "Feature", "properties": { "tipo": "rua", "nome": "PROFESSOR ANTONIO GOMES DE FREITAS", "drenagem": 1.0, "iluminacao": 1.0, "compriment": 28.169050669109648 }, "geometry": { "type": "LineString", "coordinates": [ [ -52.090845806454517, -32.041507301808252 ], [ -52.090562574250406, -32.041427729549007 ] ] } },
{ "type": "Feature", "properties": { "tipo": "rua", "nome": "GENERAL ABREU", "drenagem": 0.0, "iluminacao": 1.0, "compriment": 121.22226143319402 }, "geometry": { "type": "MultiLineString", "coordinates": [ [ [ -52.110768806726071, -32.042317339012385 ], [ -52.111187900445287, -32.042498337610809 ] ], [ [ -52.111676387490768, -32.042709305865706 ], [ -52.111892815306938, -32.042802776919054 ] ] ] } },
{ "type": "Feature", "properties": { "tipo": "rua", "nome": "PERU", "drenagem": 1.0, "iluminacao": 1.0, "compriment": 125.99187248671244 }, "geometry": { "type": "LineString", "coordinates": [ [ -52.1372533141503, -32.052446467582314 ], [ -52.137645705609501, -32.051760064600977 ] ] } },
{ "type": "Feature", "properties": { "tipo": "rua", "nome": "CASIMIRO DE ABREU", "drenagem": 0.0, "iluminacao": 0.0, "compriment": 97.47042850112247 }, "geometry": { "type": "LineString", "coordinates": [ [ -52.126968012856757, -32.043374575890148 ], [ -52.126568324777715, -32.043999891171445 ] ] } },
{ "type": "Feature", "properties": { "tipo": "rua", "nome": "ERNESTO ALVES", "drenagem": 0.0, "iluminacao": 1.0, "compriment": 84.815070035409306 }, "geometry": { "type": "LineString", "coordinates": [ [ -52.117280425690325, -32.050258652231953 ], [ -52.117678459527689, -32.0495730066908 ] ] } },
{ "type": "Feature", "properties": { "tipo": "rua", "nome": "CALDAS JUNIOR", "drenagem": 1.0, "iluminacao": 1.0, "compriment": 212.48390250492179 }, "geometry": { "type": "LineString", "coordinates": [ [ -52.128770062491832, -32.0538643994484 ], [ -52.129321432388231, -32.054163495059633 ] ] } },
{ "type": "Feature", "properties": { "tipo": "travessa", "nome": "QUARENTA E SETE", "drenagem": 1.0, "iluminacao": 1.0, "compriment": 61.386453961377278 }, "geometry": { "type": "LineString", "coordinates": [ [ -52.128998582242268, -32.054643976949812 ], [ -52.129321432388231, -32.054163495059633 ] ] } },
{ "type": "Feature", "properties": { "tipo": "rua", "nome": "CORREDOR DO BOSQUE SILVEIRA", "drenagem": 1.0, "iluminacao": 1.0, "compriment": 14.43068888815667 }, "geometry": { "type": "LineString", "coordinates": [ [ -52.161852865329109, -32.055947692442174 ], [ -52.161996858223716, -32.055991257825461 ] ] } },
{ "type": "Feature", "properties": { "tipo": "rua", "nome": "DOUTOR PAULINO DE MELLO DUTRA", "drenagem": 0.0, "iluminacao": 1.0, "compriment": 87.348556212940466 }, "geometry": { "type": "LineString", "coordinates": [ [ -52.16852232680354, -32.061383701248211 ], [ -52.168763689928923, -32.06098209202262 ] ] } },
{ "type": "Feature", "properties": { "tipo": "rua", "nome": "DOUTOR PAULINO DE MELLO DUTRA", "drenagem": 0.0, "iluminacao": 1.0, "compriment": 71.772521882201318 }, "geometry": { "type": "LineString", "coordinates": [ [ -52.168763689928923, -32.06098209202262 ], [ -52.169133444709828, -32.060416594123261 ] ] } },
{ "type": "Feature", "properties": { "tipo": "rua", "nome": "DOUTOR PAULINO DE MELLO DUTRA", "drenagem": 0.0, "iluminacao": 1.0, "compriment": 55.753139675257145 }, "geometry": { "type": "LineString", "coordinates": [ [ -52.169779465326982, -32.059384525963296 ], [ -52.170057508516216, -32.058940982923403 ] ] } },
{ "type": "Feature", "properties": { "tipo": "rua", "nome": "JOÃO DA SILVA SILVEIRA", "drenagem": 0.0, "iluminacao": 1.0, "compriment": 47.226040676737426 }, "geometry": { "type": "LineString", "coordinates": [ [ -52.165440976211805, -32.059768970580961 ], [ -52.165452360993669, -32.059714878518676 ] ] } },
{ "type": "Feature", "properties": { "tipo": "rua", "nome": "CORREDOR DO BOSQUE SILVEIRA", "drenagem": 1.0, "iluminacao": 1.0, "compriment": 92.099164302923398 }, "geometry": { "type": "MultiLineString", "coordinates": [ [ [ -52.17218466093707, -32.059724734183433 ], [ -52.172511769633644, -32.05988216275518 ] ], [ [ -52.172768688286418, -32.060005810756543 ], [ -52.17303374807814, -32.060133376867981 ] ] ] } },
{ "type": "Feature", "properties": { "tipo": "rua", "nome": "RAFAEL ANSELMI", "drenagem": 0.0, "iluminacao": 1.0, "compriment": 111.36213539685873 }, "geometry": { "type": "LineString", "coordinates": [ [ -52.142000038573755, -32.049588413741674 ], [ -52.141542837086675, -32.050514128860812 ] ] } },
{ "type": "Feature", "properties": { "tipo": "rua", "nome": "SEM DENOMINACAO", "drenagem": 0.0, "iluminacao": 1.0, "compriment": 69.495273546257266 }, "geometry": { "type": "LineString", "coordinates": [ [ -52.182366038367498, -32.067170728537491 ], [ -52.182100673642616, -32.067058339530753 ] ] } },
{ "type": "Feature", "properties": { "tipo": "rua", "nome": "COELHO NETO", "drenagem": 0.0, "iluminacao": 1.0, "compriment": 64.538778332904315 }, "geometry": { "type": "LineString", "coordinates": [ [ -52.161596897479583, -32.056430500305297 ], [ -52.161334648643013, -32.056967962830981 ] ] } },
{ "type": "Feature", "properties": { "tipo": "rua", "nome": "ANTONIO JOAO", "drenagem": 0.0, "iluminacao": 1.0, "compriment": 76.745316302252462 }, "geometry": { "type": "LineString", "coordinates": [ [ -52.160570429560927, -32.055930471636586 ], [ -52.160259617674242, -32.056569953009365 ] ] } },
{ "type": "Feature", "properties": { "tipo": "rua", "nome": "ALBERTO DE OLIVEIRA", "drenagem": 0.0, "iluminacao": 1.0, "compriment": 112.83626883077929 }, "geometry": { "type": "LineString", "coordinates": [ [ -52.156489206666329, -32.056361060579341 ], [ -52.156323987032096, -32.056669408960609 ] ] } },
{ "type": "Feature", "properties": { "tipo": "rua", "nome": "GENERAL CAMISAO", "drenagem": 0.0, "iluminacao": 1.0, "compriment": 116.61962433468675 }, "geometry": { "type": "LineString", "coordinates": [ [ -52.155181800107158, -32.051325023783221 ], [ -52.154697149902034, -32.052292329754387 ] ] } },
{ "type": "Feature", "properties": { "tipo": "rua", "nome": "14 BIS", "drenagem": 0.0, "iluminacao": 1.0, "compriment": 38.869371535235118 }, "geometry": { "type": "LineString", "coordinates": [ [ -52.127688750559564, -32.054152885046584 ], [ -52.127474745466159, -32.054452305966997 ] ] } },
{ "type": "Feature", "properties": { "tipo": "rua", "nome": "GENERAL ABREU", "drenagem": 0.0, "iluminacao": 1.0, "compriment": 120.37953556060242 }, "geometry": { "type": "LineString", "coordinates": [ [ -52.109624042028678, -32.041840087940308 ], [ -52.110768806726071, -32.042317339012385 ] ] } },
{ "type": "Feature", "properties": { "tipo": "rua", "nome": "GENERAL ABREU", "drenagem": 0.0, "iluminacao": 1.0, "compriment": 62.481374072921746 }, "geometry": { "type": "LineString", "coordinates": [ [ -52.120132410379199, -32.04632445119028 ], [ -52.120325101747682, -32.046405221069939 ] ] } },
{ "type": "Feature", "properties": { "tipo": "rua", "nome": "GENERAL ABREU", "drenagem": 0.0, "iluminacao": 1.0, "compriment": 68.034976067485005 }, "geometry": { "type": "LineString", "coordinates": [ [ -52.125207729752802, -32.048486468623672 ], [ -52.125857146918094, -32.048752008423619 ] ] } },
{ "type": "Feature", "properties": { "tipo": "rua", "nome": "EDUARDO ARAÚJO", "drenagem": 0.0, "iluminacao": 1.0, "compriment": 131.47049319274046 }, "geometry": { "type": "LineString", "coordinates": [ [ -52.165440976211805, -32.059768970580961 ], [ -52.166765103042231, -32.060135247671198 ] ] } },
{ "type": "Feature", "properties": { "tipo": "rua", "nome": "DOM BOSCO", "drenagem": 1.0, "iluminacao": 1.0, "compriment": 61.097454711206865 }, "geometry": { "type": "LineString", "coordinates": [ [ -52.123826875840663, -32.045890115578416 ], [ -52.124003709789505, -32.045964509371849 ] ] } },
{ "type": "Feature", "properties": { "tipo": "rua", "nome": "DOM BOSCO", "drenagem": 1.0, "iluminacao": 1.0, "compriment": 25.332281479680823 }, "geometry": { "type": "LineString", "coordinates": [ [ -52.126283595260347, -32.046930795409118 ], [ -52.126526556905432, -32.047027581014113 ] ] } },
{ "type": "Feature", "properties": { "tipo": "rua", "nome": "EDUARDO ARAÚJO", "drenagem": 0.0, "iluminacao": 1.0, "compriment": 109.42990169680903 }, "geometry": { "type": "LineString", "coordinates": [ [ -52.166765103042231, -32.060135247671198 ], [ -52.167838497796581, -32.060507145546346 ] ] } },
{ "type": "Feature", "properties": { "tipo": "rua", "nome": "EDUARDO ARAÚJO", "drenagem": 0.0, "iluminacao": 1.0, "compriment": 141.65351159528558 }, "geometry": { "type": "LineString", "coordinates": [ [ -52.168763689928923, -32.06098209202262 ], [ -52.170029783704827, -32.061667215352166 ] ] } },
{ "type": "Feature", "properties": { "tipo": "rua", "nome": "EDUARDO ARAÚJO", "drenagem": 0.0, "iluminacao": 1.0, "compriment": 74.989709050701251 }, "geometry": { "type": "LineString", "coordinates": [ [ -52.170029783704827, -32.061667215352166 ], [ -52.170725092671454, -32.06199392890467 ] ] } },
{ "type": "Feature", "properties": { "tipo": "rua", "nome": "EDUARDO ARAÚJO", "drenagem": 0.0, "iluminacao": 1.0, "compriment": 93.769905729227489 }, "geometry": { "type": "MultiLineString", "coordinates": [ [ [ -52.170725092671454, -32.06199392890467 ], [ -52.171292928295365, -32.06226664967209 ] ], [ [ -52.171484659250609, -32.062358734442846 ], [ -52.171590030104596, -32.062409342081665 ] ] ] } },
{ "type": "Feature", "properties": { "tipo": "rua", "nome": "EDUARDO ARAÚJO", "drenagem": 0.0, "iluminacao": 1.0, "compriment": 82.808504623888595 }, "geometry": { "type": "MultiLineString", "coordinates": [ [ [ -52.171590030104596, -32.062409342081665 ], [ -52.171982505430385, -32.062589430835061 ] ], [ [ -52.172140566886078, -32.062661957918031 ], [ -52.172362031218107, -32.062763577645072 ] ] ] } },
{ "type": "Feature", "properties": { "tipo": "rua", "nome": "EDUARDO ARAÚJO", "drenagem": 0.0, "iluminacao": 1.0, "compriment": 95.536219066848318 }, "geometry": { "type": "MultiLineString", "coordinates": [ [ [ -52.172362031218107, -32.062763577645072 ], [ -52.172562603425966, -32.06285975836532 ] ], [ [ -52.172877172039534, -32.063010603969232 ], [ -52.173075474395887, -32.063105696223865 ] ] ] } },
{ "type": "Feature", "properties": { "tipo": "rua", "nome": "RODRIGUES DUARTE", "drenagem": 0.0, "iluminacao": 1.0, "compriment": 114.35612054101539 }, "geometry": { "type": "LineString", "coordinates": [ [ -52.15301106635529, -32.050519985850187 ], [ -52.152519491093237, -32.051462458950731 ] ] } },
{ "type": "Feature", "properties": { "tipo": "rua", "nome": "BARÃO DO LADÁRIO", "drenagem": 0.0, "iluminacao": 1.0, "compriment": 111.99068368608307 }, "geometry": { "type": "MultiLineString", "coordinates": [ [ [ -52.152689792019686, -32.053739624072691 ], [ -52.15291181387181, -32.053823997196382 ] ], [ [ -52.153647890321963, -32.054103722226948 ], [ -52.153772737730421, -32.054151166952479 ] ] ] } },
{ "type": "Feature", "properties": { "tipo": "rua", "nome": "BARÃO DO LADÁRIO", "drenagem": 0.0, "iluminacao": 1.0, "compriment": 9.8227258789853877 }, "geometry": { "type": "LineString", "coordinates": [ [ -52.153772737730421, -32.054151166952479 ], [ -52.153867228165012, -32.054188194116435 ] ] } },
{ "type": "Feature", "properties": { "tipo": "rua", "nome": "BARÃO DO LADÁRIO", "drenagem": 0.0, "iluminacao": 1.0, "compriment": 110.58162271187298 }, "geometry": { "type": "MultiLineString", "coordinates": [ [ [ -52.154839692090668, -32.054534098425911 ], [ -52.155526881756927, -32.054790159103916 ] ], [ [ -52.155824373467766, -32.054901010493154 ], [ -52.155912461071338, -32.054933833704276 ] ] ] } },
{ "type": "Feature", "properties": { "tipo": "rua", "nome": "BARÃO DO LADÁRIO", "drenagem": 0.0, "iluminacao": 1.0, "compriment": 110.43890588099316 }, "geometry": { "type": "MultiLineString", "coordinates": [ [ [ -52.155912461071338, -32.054933833704276 ], [ -52.156029671283456, -32.054977362060029 ] ], [ [ -52.15688091282675, -32.055293487626734 ], [ -52.156984426453, -32.055331929481476 ] ] ] } },
{ "type": "Feature", "properties": { "tipo": "rua", "nome": "BARÃO DO LADÁRIO", "drenagem": 0.0, "iluminacao": 1.0, "compriment": 110.44414289808419 }, "geometry": { "type": "MultiLineString", "coordinates": [ [ [ -52.1580878958992, -32.055769484259315 ], [ -52.15832366928948, -32.05585933204253 ] ], [ [ -52.158695320179802, -32.056000959596787 ], [ -52.159155413445362, -32.056176290493681 ] ] ] } },
{ "type": "Feature", "properties": { "tipo": "rua", "nome": "ALBERTO TORRES", "drenagem": 1.0, "iluminacao": 1.0, "compriment": 105.64729328367761 }, "geometry": { "type": "LineString", "coordinates": [ [ -52.15413157236469, -32.050955544078001 ], [ -52.155165497212785, -32.051319288366429 ] ] } },
{ "type": "Feature", "properties": { "tipo": "rua", "nome": "ALBERTO TORRES", "drenagem": 1.0, "iluminacao": 1.0, "compriment": 116.22078673493513 }, "geometry": { "type": "LineString", "coordinates": [ [ -52.155181800107158, -32.051325023783221 ], [ -52.156299641793339, -32.051763346473784 ] ] } },
{ "type": "Feature", "properties": { "tipo": "rua", "nome": "GROELANDIA", "drenagem": 0.0, "iluminacao": 1.0, "compriment": 73.316950226494697 }, "geometry": { "type": "MultiLineString", "coordinates": [ [ [ -52.133552250574418, -32.054830299055439 ], [ -52.133722167083668, -32.0548990519884 ] ], [ [ -52.133764409761433, -32.054916144547597 ], [ -52.134253488494146, -32.055114039369428 ] ] ] } },
{ "type": "Feature", "properties": { "tipo": "rua", "nome": "PROFESSOR ANTONIO GOMES DE FREITAS", "drenagem": 1.0, "iluminacao": 1.0, "compriment": 58.827165329866425 }, "geometry": { "type": "LineString", "coordinates": [ [ -52.091906693266424, -32.041821897953433 ], [ -52.091321239535176, -32.041640869921579 ] ] } },
{ "type": "Feature", "properties": { "tipo": "rua", "nome": "CRISTOVAO PEREIRA", "drenagem": 1.0, "iluminacao": 1.0, "compriment": 116.42487052260091 }, "geometry": { "type": "LineString", "coordinates": [ [ -52.152048156121239, -32.052384337166757 ], [ -52.153165907923885, -32.052827230745052 ] ] } },
{ "type": "Feature", "properties": { "tipo": "rua", "nome": "CRISTOVAO PEREIRA", "drenagem": 1.0, "iluminacao": 1.0, "compriment": 110.99912160941072 }, "geometry": { "type": "LineString", "coordinates": [ [ -52.155333166600634, -32.053583047549886 ], [ -52.156390175126013, -32.054020815732258 ] ] } },
{ "type": "Feature", "properties": { "tipo": "rua", "nome": "TORQUATO PONTES", "drenagem": 0.0, "iluminacao": 1.0, "compriment": 100.65185409314543 }, "geometry": { "type": "MultiLineString", "coordinates": [ [ [ -52.167838497796581, -32.060507145546346 ], [ -52.168232000712742, -32.059905323648465 ] ], [ [ -52.168294292931549, -32.059810054160479 ], [ -52.168357028624349, -32.059714106425005 ] ] ] } },
{ "type": "Feature", "properties": { "tipo": "rua", "nome": "LEOPOLDO FROES", "drenagem": 0.0, "iluminacao": 1.0, "compriment": 86.215179633786235 }, "geometry": { "type": "LineString", "coordinates": [ [ -52.169938626096183, -32.061805227541598 ], [ -52.170029783704827, -32.061667215352166 ] ] } },
{ "type": "Feature", "properties": { "tipo": "rua", "nome": "LEOPOLDO FROES", "drenagem": 0.0, "iluminacao": 1.0, "compriment": 86.520996953242815 }, "geometry": { "type": "LineString", "coordinates": [ [ -52.170029783704827, -32.061667215352166 ], [ -52.170456577382403, -32.060976777583278 ] ] } },
{ "type": "Feature", "properties": { "tipo": "rua", "nome": "MEXICO", "drenagem": 0.0, "iluminacao": 1.0, "compriment": 163.75095987450464 }, "geometry": { "type": "MultiLineString", "coordinates": [ [ [ -52.137772345534188, -32.055412653725369 ], [ -52.137718347653156, -32.055568267835596 ] ], [ [ -52.137377708806383, -32.056549939894488 ], [ -52.137287457517388, -32.056810031101115 ] ] ] } },
{ "type": "Feature", "properties": { "tipo": "rua", "nome": "FORTE SANTANA", "drenagem": 0.0, "iluminacao": 1.0, "compriment": 120.02310016490563 }, "geometry": { "type": "MultiLineString", "coordinates": [ [ [ -52.124680147499944, -32.053388625798071 ], [ -52.124616084504787, -32.053506091874695 ] ], [ [ -52.124551646193737, -32.05362424613152 ], [ -52.124144773697395, -32.054370288612262 ] ] ] } },
{ "type": "Feature", "properties": { "tipo": "rua", "nome": "CALDAS JUNIOR", "drenagem": 1.0, "iluminacao": 1.0, "compriment": 260.6218842569204 }, "geometry": { "type": "MultiLineString", "coordinates": [ [ [ -52.119069020727018, -32.0485659148422 ], [ -52.119759267546371, -32.048937040669223 ] ], [ [ -52.119902323297566, -32.049013957624851 ], [ -52.120674153321986, -32.04942894839062 ] ], [ [ -52.12098504639485, -32.049596106638297 ], [ -52.121402513277431, -32.049820566552789 ] ] ] } },
{ "type": "Feature", "properties": { "tipo": "rua", "nome": "CALDAS JUNIOR", "drenagem": 1.0, "iluminacao": 1.0, "compriment": 244.24471486241427 }, "geometry": { "type": "MultiLineString", "coordinates": [ [ [ -52.121402513277431, -32.049820566552789 ], [ -52.121596875435309, -32.049925932483511 ] ], [ [ -52.121603928152844, -32.049929755841696 ], [ -52.121860503147509, -32.050068848057016 ] ], [ [ -52.122317457308981, -32.050316568091858 ], [ -52.12358424310095, -32.051003307040709 ] ] ] } },
{ "type": "Feature", "properties": { "tipo": "travessa", "nome": "J. MINHEMANN", "drenagem": 0.0, "iluminacao": 1.0, "compriment": 104.46460511308963 }, "geometry": { "type": "LineString", "coordinates": [ [ -52.111087944944735, -32.043691580214364 ], [ -52.110584333429252, -32.044530336347307 ] ] } },
{ "type": "Feature", "properties": { "tipo": "rua", "nome": "JOSE VERISSIMO", "drenagem": 0.0, "iluminacao": 1.0, "compriment": 98.275252267425429 }, "geometry": { "type": "MultiLineString", "coordinates": [ [ [ -52.122510155604978, -32.047358028187936 ], [ -52.122474496184317, -32.047417574842193 ] ], [ [ -52.122148553955647, -32.047961856516984 ], [ -52.12203736650509, -32.048147525284278 ] ] ] } },
{ "type": "Feature", "properties": { "tipo": "avenida", "nome": "DOS BANDEIRANTES", "drenagem": 1.0, "iluminacao": 1.0, "compriment": 110.175706144974 }, "geometry": { "type": "LineString", "coordinates": [ [ -52.146569287883551, -32.054634137750561 ], [ -52.146731878816865, -32.054705212977737 ] ] } },
{ "type": "Feature", "properties": { "tipo": "avenida", "nome": "BUARQUE DE MACEDO", "drenagem": 0.0, "iluminacao": 1.0, "compriment": 43.845120001886563 }, "geometry": { "type": "LineString", "coordinates": [ [ -52.125580388251009, -32.049758640790827 ], [ -52.125125120468695, -32.04968122145894 ] ] } },
{ "type": "Feature", "properties": { "tipo": "avenida", "nome": "BUARQUE DE MACEDO", "drenagem": 0.0, "iluminacao": 1.0, "compriment": 160.04534675072358 }, "geometry": { "type": "LineString", "coordinates": [ [ -52.125125120468695, -32.04968122145894 ], [ -52.123608436929331, -32.049037387380565 ] ] } },
{ "type": "Feature", "properties": { "tipo": "avenida", "nome": "BUARQUE DE MACEDO", "drenagem": 1.0, "iluminacao": 1.0, "compriment": 57.151665080479439 }, "geometry": { "type": "LineString", "coordinates": [ [ -52.121931611950544, -32.048311469814145 ], [ -52.121388077259809, -32.048084902110013 ] ] } },
{ "type": "Feature", "properties": { "tipo": "avenida", "nome": "BUARQUE DE MACEDO", "drenagem": 1.0, "iluminacao": 1.0, "compriment": 49.178461835131024 }, "geometry": { "type": "LineString", "coordinates": [ [ -52.121388077259809, -32.048084902110013 ], [ -52.120941025827761, -32.047899762382663 ] ] } },
{ "type": "Feature", "properties": { "tipo": "avenida", "nome": "BUARQUE DE MACEDO", "drenagem": 1.0, "iluminacao": 1.0, "compriment": 70.346484218101921 }, "geometry": { "type": "LineString", "coordinates": [ [ -52.115624409735013, -32.045628385123869 ], [ -52.114952066783552, -32.045355398127633 ] ] } },
{ "type": "Feature", "properties": { "tipo": "avenida", "nome": "BUARQUE DE MACEDO", "drenagem": 1.0, "iluminacao": 1.0, "compriment": 25.651968661949795 }, "geometry": { "type": "LineString", "coordinates": [ [ -52.114952066783552, -32.045355398127633 ], [ -52.114711952408918, -32.045247281240322 ] ] } },
{ "type": "Feature", "properties": { "tipo": "avenida", "nome": "BUARQUE DE MACEDO", "drenagem": 1.0, "iluminacao": 1.0, "compriment": 116.72176717151675 }, "geometry": { "type": "MultiLineString", "coordinates": [ [ [ -52.114711952408918, -32.045247281240322 ], [ -52.1138969680215, -32.044890321053359 ] ], [ [ -52.11372357090908, -32.044814373751031 ], [ -52.113612910188145, -32.044765904759174 ] ] ] } },
{ "type": "Feature", "properties": { "tipo": "avenida", "nome": "BUARQUE DE MACEDO", "drenagem": 1.0, "iluminacao": 1.0, "compriment": 82.81414659751519 }, "geometry": { "type": "LineString", "coordinates": [ [ -52.11247268002893, -32.044287999984533 ], [ -52.111691173440427, -32.043949365901483 ] ] } },
{ "type": "Feature", "properties": { "tipo": "avenida", "nome": "BUARQUE DE MACEDO", "drenagem": 1.0, "iluminacao": 1.0, "compriment": 36.394983240037718 }, "geometry": { "type": "LineString", "coordinates": [ [ -52.111691173440427, -32.043949365901483 ], [ -52.111347720435916, -32.043800542172711 ] ] } },
{ "type": "Feature", "properties": { "tipo": "avenida", "nome": "BUARQUE DE MACEDO", "drenagem": 1.0, "iluminacao": 1.0, "compriment": 27.349047431271433 }, "geometry": { "type": "LineString", "coordinates": [ [ -52.111347720435916, -32.043800542172711 ], [ -52.111087944944735, -32.043691580214364 ] ] } },
{ "type": "Feature", "properties": { "tipo": "avenida", "nome": "BUARQUE DE MACEDO", "drenagem": 1.0, "iluminacao": 1.0, "compriment": 94.914729880580865 }, "geometry": { "type": "LineString", "coordinates": [ [ -52.111087944944735, -32.043691580214364 ], [ -52.110186400240345, -32.043313424078598 ] ] } },
{ "type": "Feature", "properties": { "tipo": "avenida", "nome": "BUARQUE DE MACEDO", "drenagem": 1.0, "iluminacao": 1.0, "compriment": 118.56371876216315 }, "geometry": { "type": "LineString", "coordinates": [ [ -52.110186400240345, -32.043313424078598 ], [ -52.109079090992658, -32.042809738268915 ] ] } },
{ "type": "Feature", "properties": { "tipo": "avenida", "nome": "BUARQUE DE MACEDO", "drenagem": 1.0, "iluminacao": 1.0, "compriment": 90.15057261120711 }, "geometry": { "type": "LineString", "coordinates": [ [ -52.109079090992658, -32.042809738268915 ], [ -52.108446552869999, -32.042551228860425 ], [ -52.108215018533521, -32.042464566788134 ] ] } },
{ "type": "Feature", "properties": { "tipo": "avenida", "nome": "BUARQUE DE MACEDO", "drenagem": 1.0, "iluminacao": 1.0, "compriment": 117.50109534870637 }, "geometry": { "type": "LineString", "coordinates": [ [ -52.107926808041135, -32.042329511196613 ], [ -52.106797375705895, -32.041885236604081 ] ] } },
{ "type": "Feature", "properties": { "tipo": "avenida", "nome": "BUARQUE DE MACEDO", "drenagem": 0.0, "iluminacao": 1.0, "compriment": 58.717696876843242 }, "geometry": { "type": "LineString", "coordinates": [ [ -52.12203736650509, -32.048147525284278 ], [ -52.121481005886501, -32.047911186811916 ] ] } },
{ "type": "Feature", "properties": { "tipo": "rua", "nome": "BUARQUE DE MACEDO", "drenagem": 1.0, "iluminacao": 1.0, "compriment": 56.785482258137421 }, "geometry": { "type": "LineString", "coordinates": [ [ -52.121481005886501, -32.047911186811916 ], [ -52.121021735396447, -32.047714024135921 ] ] } },
{ "type": "Feature", "properties": { "tipo": "rua", "nome": "OITO", "drenagem": 1.0, "iluminacao": 1.0, "compriment": 49.666968528400531 }, "geometry": { "type": "LineString", "coordinates": [ [ -52.174699086523312, -32.064482982128069 ], [ -52.174954275213665, -32.064645875562455 ] ] } },
{ "type": "Feature", "properties": { "tipo": "rua", "nome": "DOMINGOS DE ALMEIDA", "drenagem": 1.0, "iluminacao": 1.0, "compriment": 153.88952856237731 }, "geometry": { "type": "LineString", "coordinates": [ [ -52.115694822391639, -32.045729452858609 ], [ -52.115659142971417, -32.045792102057376 ] ] } },
{ "type": "Feature", "properties": { "tipo": "rua", "nome": "ALTAMIR DE LACERDA NASCIMENTO", "drenagem": 1.0, "iluminacao": 1.0, "compriment": 52.561126258845 }, "geometry": { "type": "LineString", "coordinates": [ [ -52.121412530221399, -32.049146510616524 ], [ -52.121442946427827, -32.049163704624739 ] ] } },
{ "type": "Feature", "properties": { "tipo": "rua", "nome": "ALTAMIR DE LACERDA NASCIMENTO", "drenagem": 1.0, "iluminacao": 1.0, "compriment": 135.1309939083236 }, "geometry": { "type": "LineString", "coordinates": [ [ -52.123908082246388, -32.050528402974685 ], [ -52.125100324005814, -32.051202198684763 ] ] } },
{ "type": "Feature", "properties": { "tipo": "avenida", "nome": "BUARQUE DE MACEDO", "drenagem": 1.0, "iluminacao": 1.0, "compriment": 116.42922218408899 }, "geometry": { "type": "LineString", "coordinates": [ [ -52.114821279696848, -32.045064351942223 ], [ -52.113718469051797, -32.044595146875629 ] ] } },
{ "type": "Feature", "properties": { "tipo": "avenida", "nome": "BUARQUE DE MACEDO", "drenagem": 1.0, "iluminacao": 1.0, "compriment": 91.46063940264203 }, "geometry": { "type": "LineString", "coordinates": [ [ -52.109171049015536, -32.042654084088078 ], [ -52.108305924100769, -32.042283525543738 ] ] } },
{ "type": "Feature", "properties": { "tipo": "travessa", "nome": "MONSENHOR EURICO DE MELLO MAGALHAES", "drenagem": 1.0, "iluminacao": 1.0, "compriment": 42.836793672738573 }, "geometry": { "type": "LineString", "coordinates": [ [ -52.097315347050532, -32.032072812127282 ], [ -52.097323000264055, -32.032228711850301 ] ] } },
{ "type": "Feature", "properties": { "tipo": "rua", "nome": "ALBERTO TORRES", "drenagem": 1.0, "iluminacao": 1.0, "compriment": 105.04999040870833 }, "geometry": { "type": "LineString", "coordinates": [ [ -52.157132774763731, -32.052073438656322 ], [ -52.156299641793339, -32.051763346473784 ] ] } },
{ "type": "Feature", "properties": { "tipo": "rua", "nome": "BENTO GONCALVES", "drenagem": 1.0, "iluminacao": 1.0, "compriment": 117.41018336799365 }, "geometry": { "type": "LineString", "coordinates": [ [ -52.109933584533394, -32.038968135525259 ], [ -52.111048562629769, -32.039436240692559 ] ] } },
{ "type": "Feature", "properties": { "tipo": "rua", "nome": "CASTRO ALVES", "drenagem": 0.0, "iluminacao": 1.0, "compriment": 98.047871672420897 }, "geometry": { "type": "LineString", "coordinates": [ [ -52.125560906003578, -32.04333714301692 ], [ -52.125442582518872, -32.043527210353986 ] ] } },
{ "type": "Feature", "properties": { "tipo": "rua", "nome": "CASTRO ALVES", "drenagem": 0.0, "iluminacao": 1.0, "compriment": 102.47947981182571 }, "geometry": { "type": "LineString", "coordinates": [ [ -52.125442582518872, -32.043527210353986 ], [ -52.124942232683139, -32.044347257258273 ] ] } },
{ "type": "Feature", "properties": { "tipo": "rua", "nome": "BENTO GONCALVES", "drenagem": 1.0, "iluminacao": 1.0, "compriment": 120.11248832464921 }, "geometry": { "type": "LineString", "coordinates": [ [ -52.111048562629769, -32.039436240692559 ], [ -52.112187465970059, -32.039918120038905 ] ] } },
{ "type": "Feature", "properties": { "tipo": "rua", "nome": "BENTO GONCALVES", "drenagem": 1.0, "iluminacao": 1.0, "compriment": 121.08595815807172 }, "geometry": { "type": "LineString", "coordinates": [ [ -52.112187465970059, -32.039918120038905 ], [ -52.11333643671815, -32.040402477282782 ] ] } },
{ "type": "Feature", "properties": { "tipo": "rua", "nome": "BENTO GONCALVES", "drenagem": 0.0, "iluminacao": 1.0, "compriment": 60.09864117825763 }, "geometry": { "type": "LineString", "coordinates": [ [ -52.126173341556857, -32.045889211058757 ], [ -52.126749656928546, -32.046118979368927 ] ] } },
{ "type": "Feature", "properties": { "tipo": "rua", "nome": "BENTO GONCALVES", "drenagem": 0.0, "iluminacao": 1.0, "compriment": 60.770566979732401 }, "geometry": { "type": "LineString", "coordinates": [ [ -52.126749656928546, -32.046118979368927 ], [ -52.127318933781631, -32.046374418379649 ] ] } },
{ "type": "Feature", "properties": { "tipo": "rua", "nome": "BENTO GONCALVES", "drenagem": 0.0, "iluminacao": 1.0, "compriment": 58.551507295002189 }, "geometry": { "type": "LineString", "coordinates": [ [ -52.127318933781631, -32.046374418379649 ], [ -52.127870987828466, -32.046614681260458 ] ] } },
{ "type": "Feature", "properties": { "tipo": "rua", "nome": "BENTO GONCALVES", "drenagem": 0.0, "iluminacao": 1.0, "compriment": 59.358101794997104 }, "geometry": { "type": "LineString", "coordinates": [ [ -52.127870987828466, -32.046614681260458 ], [ -52.128436306655395, -32.046848582812601 ] ] } },
{ "type": "Feature", "properties": { "tipo": "rua", "nome": "BENTO GONCALVES", "drenagem": 1.0, "iluminacao": 1.0, "compriment": 125.63650818953727 }, "geometry": { "type": "LineString", "coordinates": [ [ -52.106503640387785, -32.037449654812335 ], [ -52.107686369178715, -32.037968062485561 ] ] } },
{ "type": "Feature", "properties": { "tipo": "rua", "nome": "BENTO GONCALVES", "drenagem": 1.0, "iluminacao": 1.0, "compriment": 118.46421103044682 }, "geometry": { "type": "LineString", "coordinates": [ [ -52.107686369178715, -32.037968062485561 ], [ -52.108823100149266, -32.038419486019215 ] ] } },
{ "type": "Feature", "properties": { "tipo": "rua", "nome": "BENTO GONCALVES", "drenagem": 1.0, "iluminacao": 1.0, "compriment": 121.1303994772818 }, "geometry": { "type": "LineString", "coordinates": [ [ -52.108823100149266, -32.038419486019215 ], [ -52.109977667279487, -32.03889497808445 ] ] } },
{ "type": "Feature", "properties": { "tipo": "rua", "nome": "GROELANDIA", "drenagem": 0.0, "iluminacao": 1.0, "compriment": 61.434292001515729 }, "geometry": { "type": "LineString", "coordinates": [ [ -52.134253488494146, -32.055114039369428 ], [ -52.134837092804858, -32.055358806723916 ] ] } },
{ "type": "Feature", "properties": { "tipo": "rua", "nome": "BENTO GONCALVES", "drenagem": 0.0, "iluminacao": 1.0, "compriment": 61.179595236663715 }, "geometry": { "type": "LineString", "coordinates": [ [ -52.128436306655395, -32.046848582812601 ], [ -52.129025202243696, -32.047078422836357 ] ] } },
{ "type": "Feature", "properties": { "tipo": "rua", "nome": "BENTO GONCALVES", "drenagem": 0.0, "iluminacao": 1.0, "compriment": 59.084446872827918 }, "geometry": { "type": "LineString", "coordinates": [ [ -52.129025202243696, -32.047078422836357 ], [ -52.129585627678274, -32.047315218950274 ] ] } },
{ "type": "Feature", "properties": { "tipo": "rua", "nome": "BENTO GONCALVES", "drenagem": 1.0, "iluminacao": 1.0, "compriment": 116.13552266000086 }, "geometry": { "type": "MultiLineString", "coordinates": [ [ [ -52.105422288036024, -32.036951197868504 ], [ -52.106130984824006, -32.037277876618923 ] ], [ [ -52.106312719440425, -32.037361648463822 ], [ -52.106503640387785, -32.037449654812335 ] ] ] } },
{ "type": "Feature", "properties": { "tipo": "rua", "nome": "INTENDENTE CONRADO", "drenagem": 0.0, "iluminacao": 1.0, "compriment": 60.897832148409961 }, "geometry": { "type": "LineString", "coordinates": [ [ -52.123908082246388, -32.050528402974685 ], [ -52.12358424310095, -32.051003307040709 ] ] } },
{ "type": "Feature", "properties": { "tipo": "rua", "nome": "TOBIAS BARRETO", "drenagem": 1.0, "iluminacao": 1.0, "compriment": 101.25714637199876 }, "geometry": { "type": "LineString", "coordinates": [ [ -52.129143562320046, -32.042093365543259 ], [ -52.128655751317083, -32.042906512226089 ] ] } },
{ "type": "Feature", "properties": { "tipo": "rua", "nome": "TOBIAS BARRETO", "drenagem": 0.0, "iluminacao": 1.0, "compriment": 98.184877652100127 }, "geometry": { "type": "LineString", "coordinates": [ [ -52.128655751317083, -32.042906512226089 ], [ -52.128193648787331, -32.043699667330472 ] ] } },
{ "type": "Feature", "properties": { "tipo": "rua", "nome": "CALDAS JUNIOR", "drenagem": 1.0, "iluminacao": 1.0, "compriment": 227.66488128138931 }, "geometry": { "type": "LineString", "coordinates": [ [ -52.125396989711327, -32.052022354170688 ], [ -52.125587462991923, -32.052126833280347 ] ] } },
{ "type": "Feature", "properties": { "tipo": "rua", "nome": "BENJAMIN CONSTANT", "drenagem": 1.0, "iluminacao": 1.0, "compriment": 83.012014124665725 }, "geometry": { "type": "MultiLineString", "coordinates": [ [ [ -52.093701495290809, -32.034362755360348 ], [ -52.093728898043473, -32.034472801732363 ] ], [ [ -52.093785475406278, -32.034700010056717 ], [ -52.093883851453576, -32.035095077195813 ] ] ] } },
{ "type": "Feature", "properties": { "tipo": "rua", "nome": "CRISTOVAO JACQUES", "drenagem": 1.0, "iluminacao": 1.0, "compriment": 143.92344558753734 }, "geometry": { "type": "MultiLineString", "coordinates": [ [ [ -52.093340574342136, -32.043287973365977 ], [ -52.093537131933132, -32.043289405331898 ] ], [ [ -52.09363460889179, -32.043290115473297 ], [ -52.093793327964185, -32.043291271777157 ] ], [ [ -52.09452369131251, -32.043296592637155 ], [ -52.094864345021989, -32.043299074375454 ] ] ] } },
{ "type": "Feature", "properties": { "tipo": "rua", "nome": "CRISTOVAO JACQUES", "drenagem": 1.0, "iluminacao": 1.0, "compriment": 32.855025873098164 }, "geometry": { "type": "LineString", "coordinates": [ [ -52.09486514514677, -32.04336996926223 ], [ -52.095204855139052, -32.043306204250783 ] ] } },
{ "type": "Feature", "properties": { "tipo": "rua", "nome": "CRISTOVAO JACQUES", "drenagem": 1.0, "iluminacao": 1.0, "compriment": 117.99271281047844 }, "geometry": { "type": "MultiLineString", "coordinates": [ [ [ -52.095204855139052, -32.043306204250783 ], [ -52.095693692232743, -32.043218475176289 ] ], [ [ -52.095765810201705, -32.043205532535985 ], [ -52.096104944034991, -32.043144669934293 ] ], [ [ -52.096175464354786, -32.043132014015853 ], [ -52.096427291731629, -32.043086819854061 ] ] ] } },
{ "type": "Feature", "properties": { "tipo": "rua", "nome": "CRISTOVAO JACQUES", "drenagem": 1.0, "iluminacao": 1.0, "compriment": 111.70225896344581 }, "geometry": { "type": "LineString", "coordinates": [ [ -52.096427291731629, -32.043086819854061 ], [ -52.097579575229013, -32.042859932517821 ] ] } },
{ "type": "Feature", "properties": { "tipo": "rua", "nome": "GENERAL VITORINO", "drenagem": 1.0, "iluminacao": 1.0, "compriment": 128.3208608269677 }, "geometry": { "type": "MultiLineString", "coordinates": [ [ [ -52.102329018430005, -32.034589519683045 ], [ -52.102550935582194, -32.034618405352312 ] ], [ [ -52.102785905511595, -32.034648990025929 ], [ -52.10323418429833, -32.034707339876974 ] ], [ [ -52.103492261713221, -32.034740932318016 ], [ -52.10367193361845, -32.034764319168382 ] ] ] } },
{ "type": "Feature", "properties": { "tipo": "rua", "nome": "BOLIVIA", "drenagem": 1.0, "iluminacao": 1.0, "compriment": 53.898714429285747 }, "geometry": { "type": "MultiLineString", "coordinates": [ [ [ -52.130848553579234, -32.051260498804098 ], [ -52.131006400229481, -32.051326891363452 ] ], [ [ -52.131230465951099, -32.051421136611594 ], [ -52.131360267276001, -32.051475732905871 ] ] ] } },
{ "type": "Feature", "properties": { "tipo": "rua", "nome": "CORDILHEIRA DOS ANDES", "drenagem": 0.0, "iluminacao": 1.0, "compriment": 119.21518242148389 }, "geometry": { "type": "LineString", "coordinates": [ [ -52.137482404592603, -32.049690268275256 ], [ -52.138605646416799, -32.050180830170156 ] ] } },
{ "type": "Feature", "properties": { "tipo": "rua", "nome": "PEDRO DE SÁ FREITAS", "drenagem": 1.0, "iluminacao": 1.0, "compriment": 93.931854596211593 }, "geometry": { "type": "LineString", "coordinates": [ [ -52.143975729848947, -32.049484818713559 ], [ -52.14359197391947, -32.050266314990751 ] ] } },
{ "type": "Feature", "properties": { "tipo": "rua", "nome": "CRISTOVAO JACQUES", "drenagem": 1.0, "iluminacao": 1.0, "compriment": 128.88701372919482 }, "geometry": { "type": "MultiLineString", "coordinates": [ [ [ -52.097579575229013, -32.042859932517821 ], [ -52.098107027438338, -32.042760454569056 ] ], [ [ -52.098270793127675, -32.042729568216579 ], [ -52.098911920125609, -32.042608651103095 ] ] ] } },
{ "type": "Feature", "properties": { "tipo": "rua", "nome": "CRISTOVAO JACQUES", "drenagem": 1.0, "iluminacao": 1.0, "compriment": 135.82856076250596 }, "geometry": { "type": "MultiLineString", "coordinates": [ [ [ -52.098911920125609, -32.042608651103095 ], [ -52.099272425596581, -32.04253926673676 ] ], [ [ -52.099977319281628, -32.04240359999767 ], [ -52.100100129775122, -32.042379963384754 ] ], [ [ -52.10014923626769, -32.04237051214713 ], [ -52.100314662127396, -32.042338673605485 ] ] ] } },
{ "type": "Feature", "properties": { "tipo": "rua", "nome": "INTENDENTE WERNECK", "drenagem": 0.0, "iluminacao": 1.0, "compriment": 108.78317770911674 }, "geometry": { "type": "MultiLineString", "coordinates": [ [ [ -52.120297383395979, -32.051605998202859 ], [ -52.120254291865578, -32.051686455182768 ] ], [ [ -52.12013928224799, -32.051901191730877 ], [ -52.119831610498444, -32.052475651248571 ] ] ] } },
{ "type": "Feature", "properties": { "tipo": "rua", "nome": "INTENDENTE WERNECK", "drenagem": 0.0, "iluminacao": 1.0, "compriment": 64.330053878874295 }, "geometry": { "type": "LineString", "coordinates": [ [ -52.12103375375272, -32.050308337128115 ], [ -52.121402513277431, -32.049820566552789 ] ] } },
{ "type": "Feature", "properties": { "tipo": "rua", "nome": "INTENDENTE WERNECK", "drenagem": 0.0, "iluminacao": 1.0, "compriment": 62.799049420585661 }, "geometry": { "type": "LineString", "coordinates": [ [ -52.121402513277431, -32.049820566552789 ], [ -52.121769018351543, -32.049348028200981 ] ] } },
{ "type": "Feature", "properties": { "tipo": "rua", "nome": "INTENDENTE MESQUITA", "drenagem": 0.0, "iluminacao": 1.0, "compriment": 177.38696687866366 }, "geometry": { "type": "LineString", "coordinates": [ [ -52.118329932423954, -32.050802414362266 ], [ -52.118116848333827, -32.051246002376928 ] ] } },
{ "type": "Feature", "properties": { "tipo": "rua", "nome": "INTENDENTE MESQUITA", "drenagem": 0.0, "iluminacao": 1.0, "compriment": 66.406186714383225 }, "geometry": { "type": "LineString", "coordinates": [ [ -52.119063635845841, -32.049540168291799 ], [ -52.118749409631519, -32.050075902182712 ] ] } },
{ "type": "Feature", "properties": { "tipo": "rua", "nome": "INTENDENTE MESQUITA", "drenagem": 0.0, "iluminacao": 1.0, "compriment": 74.088433794514003 }, "geometry": { "type": "LineString", "coordinates": [ [ -52.118749409631519, -32.050075902182712 ], [ -52.118403801733741, -32.050675709451632 ] ] } },
{ "type": "Feature", "properties": { "tipo": "rua", "nome": "DOUTOR LUIZ MARTINS FALCAO", "drenagem": 1.0, "iluminacao": 1.0, "compriment": 98.500847775424432 }, "geometry": { "type": "MultiLineString", "coordinates": [ [ [ -52.125031339332018, -32.04540563261569 ], [ -52.124945689449049, -32.045553626243517 ] ], [ [ -52.124661352501946, -32.04604492938217 ], [ -52.124570224922721, -32.046202387869883 ] ] ] } },
{ "type": "Feature", "properties": { "tipo": "rua", "nome": "DOUTOR LUIZ MARTINS FALCAO", "drenagem": 1.0, "iluminacao": 1.0, "compriment": 101.16090693187967 }, "geometry": { "type": "MultiLineString", "coordinates": [ [ [ -52.125976752853326, -32.043760563062143 ], [ -52.125664477039614, -32.044311972393658 ] ], [ [ -52.125601332205846, -32.044423472064935 ], [ -52.12551141321277, -32.044582248920797 ] ] ] } },
{ "type": "Feature", "properties": { "tipo": "rua", "nome": "ACRE", "drenagem": 1.0, "iluminacao": 1.0, "compriment": 155.0120032208896 }, "geometry": { "type": "MultiLineString", "coordinates": [ [ [ -52.13227509760825, -32.046426142300234 ], [ -52.132232354183344, -32.046499139369494 ] ], [ [ -52.131710434556538, -32.047390471854655 ], [ -52.131542588832431, -32.047677118186208 ] ] ] } },
{ "type": "Feature", "properties": { "tipo": "rua", "nome": "ACRE", "drenagem": 1.0, "iluminacao": 1.0, "compriment": 146.20910041700961 }, "geometry": { "type": "LineString", "coordinates": [ [ -52.131542588832431, -32.047677118186208 ], [ -52.13084520727574, -32.048854291983275 ] ] } },
{ "type": "Feature", "properties": { "tipo": "rua", "nome": "ACRE", "drenagem": 1.0, "iluminacao": 1.0, "compriment": 120.56284070992379 }, "geometry": { "type": "LineString", "coordinates": [ [ -52.13084520727574, -32.048854291983275 ], [ -52.130263127074485, -32.049821940608993 ] ] } },
{ "type": "Feature", "properties": { "tipo": "rua", "nome": "ACRE", "drenagem": 1.0, "iluminacao": 1.0, "compriment": 128.31847880592733 }, "geometry": { "type": "LineString", "coordinates": [ [ -52.129706380636151, -32.050773090050683 ], [ -52.129099961163355, -32.051808633769795 ] ] } },
{ "type": "Feature", "properties": { "tipo": "rua", "nome": "ACRE", "drenagem": 1.0, "iluminacao": 1.0, "compriment": 148.10148342630387 }, "geometry": { "type": "MultiLineString", "coordinates": [ [ [ -52.129101689140818, -32.051805683062007 ], [ -52.129090668489852, -32.051823765047708 ] ], [ [ -52.128999955059797, -32.051972601895024 ], [ -52.128784989008921, -32.052325304568406 ] ] ] } },
{ "type": "Feature", "properties": { "tipo": "rua", "nome": "ACRE", "drenagem": 1.0, "iluminacao": 1.0, "compriment": 54.759586360245187 }, "geometry": { "type": "LineString", "coordinates": [ [ -52.133208393262926, -32.044821894914897 ], [ -52.133487958316266, -32.044389265472205 ] ] } },
{ "type": "Feature", "properties": { "tipo": "rua", "nome": "ESTADOS UNIDOS DA AMÉRICA", "drenagem": 0.0, "iluminacao": 1.0, "compriment": 56.195781780325987 }, "geometry": { "type": "LineString", "coordinates": [ [ -52.130313798580971, -32.052890159130889 ], [ -52.13045614287018, -32.053019064048584 ] ] } },
{ "type": "Feature", "properties": { "tipo": "rua", "nome": "ESTADOS UNIDOS DA AMÉRICA", "drenagem": 0.0, "iluminacao": 1.0, "compriment": 72.405653947670942 }, "geometry": { "type": "LineString", "coordinates": [ [ -52.13045614287018, -32.053019064048584 ], [ -52.130982866135611, -32.053493542625546 ] ] } },
{ "type": "Feature", "properties": { "tipo": "rua", "nome": "ESTADOS UNIDOS DA AMÉRICA", "drenagem": 0.0, "iluminacao": 1.0, "compriment": 67.922957605886864 }, "geometry": { "type": "LineString", "coordinates": [ [ -52.130982866135611, -32.053493542625546 ], [ -52.131476383116883, -32.053939127436898 ] ] } },
{ "type": "Feature", "properties": { "tipo": "rua", "nome": "ESTADOS UNIDOS DA AMÉRICA", "drenagem": 0.0, "iluminacao": 1.0, "compriment": 79.332332851394199 }, "geometry": { "type": "LineString", "coordinates": [ [ -52.131476383116883, -32.053939127436898 ], [ -52.132045803891948, -32.054465117260655 ] ] } },
{ "type": "Feature", "properties": { "tipo": "rua", "nome": "ESTADOS UNIDOS DA AMÉRICA", "drenagem": 0.0, "iluminacao": 1.0, "compriment": 78.300776050126842 }, "geometry": { "type": "LineString", "coordinates": [ [ -52.132045803891948, -32.054465117260655 ], [ -52.132596157320911, -32.054993255087531 ] ] } },
{ "type": "Feature", "properties": { "tipo": "avenida", "nome": "PRIMEIRO DE MAIO", "drenagem": 1.0, "iluminacao": 1.0, "compriment": 156.20796063588543 }, "geometry": { "type": "LineString", "coordinates": [ [ -52.113459744185135, -32.046436251559619 ], [ -52.114616187685726, -32.047079479998345 ] ] } },
{ "type": "Feature", "properties": { "tipo": "avenida", "nome": "PRIMEIRO DE MAIO", "drenagem": 1.0, "iluminacao": 1.0, "compriment": 168.34304861042853 }, "geometry": { "type": "LineString", "coordinates": [ [ -52.116244749352227, -32.047989310904825 ], [ -52.116334672483227, -32.048039584453896 ] ] } },
{ "type": "Feature", "properties": { "tipo": "avenida", "nome": "PRIMEIRO DE MAIO", "drenagem": 1.0, "iluminacao": 1.0, "compriment": 127.70662030885453 }, "geometry": { "type": "MultiLineString", "coordinates": [ [ [ -52.117390512410275, -32.048609484824617 ], [ -52.117523312056896, -32.048681695710485 ] ], [ [ -52.117736266342249, -32.048797491331833 ], [ -52.118075831973137, -32.0489821329001 ] ] ] } },
{ "type": "Feature", "properties": { "tipo": "avenida", "nome": "PRIMEIRO DE MAIO", "drenagem": 1.0, "iluminacao": 1.0, "compriment": 111.72578904658256 }, "geometry": { "type": "LineString", "coordinates": [ [ -52.119063635845841, -32.049540168291799 ], [ -52.120061093874824, -32.050081905573435 ] ] } },
{ "type": "Feature", "properties": { "tipo": "avenida", "nome": "PRIMEIRO DE MAIO", "drenagem": 0.0, "iluminacao": 1.0, "compriment": 111.99205161887505 }, "geometry": { "type": "MultiLineString", "coordinates": [ [ [ -52.125366170682014, -32.052897207610222 ], [ -52.125512433855313, -32.052977718770144 ] ], [ [ -52.125718197348604, -32.053090982123734 ], [ -52.126074774768021, -32.05328726161769 ] ] ] } },
{ "type": "Feature", "properties": { "tipo": "avenida", "nome": "PRIMEIRO DE MAIO", "drenagem": 0.0, "iluminacao": 1.0, "compriment": 180.12653095803259 }, "geometry": { "type": "LineString", "coordinates": [ [ -52.126074774768021, -32.05328726161769 ], [ -52.127688750559564, -32.054152885046584 ] ] } },
{ "type": "Feature", "properties": { "tipo": "avenida", "nome": "PRIMEIRO DE MAIO", "drenagem": 0.0, "iluminacao": 1.0, "compriment": 149.55166115923825 }, "geometry": { "type": "LineString", "coordinates": [ [ -52.127688750559564, -32.054152885046584 ], [ -52.129070351919133, -32.054812015738648 ] ] } },
{ "type": "Feature", "properties": { "tipo": "avenida", "nome": "PRIMEIRO DE MAIO", "drenagem": 0.0, "iluminacao": 1.0, "compriment": 130.63497138076107 }, "geometry": { "type": "LineString", "coordinates": [ [ -52.129070351919133, -32.054812015738648 ], [ -52.130366232721791, -32.055224190156189 ] ] } },
{ "type": "Feature", "properties": { "tipo": "avenida", "nome": "PRIMEIRO DE MAIO", "drenagem": 0.0, "iluminacao": 1.0, "compriment": 160.40749082725623 }, "geometry": { "type": "LineString", "coordinates": [ [ -52.130366232721791, -32.055224190156189 ], [ -52.131992024000283, -32.055643119632172 ] ] } },
{ "type": "Feature", "properties": { "tipo": "avenida", "nome": "PRIMEIRO DE MAIO", "drenagem": 0.0, "iluminacao": 1.0, "compriment": 86.155903600954701 }, "geometry": { "type": "LineString", "coordinates": [ [ -52.131992024000283, -32.055643119632172 ], [ -52.132861890243326, -32.055877378193181 ] ] } },
{ "type": "Feature", "properties": { "tipo": "avenida", "nome": "PRIMEIRO DE MAIO", "drenagem": 0.0, "iluminacao": 1.0, "compriment": 79.800982572143724 }, "geometry": { "type": "LineString", "coordinates": [ [ -52.132861890243326, -32.055877378193181 ], [ -52.133638427441099, -32.056071871887923 ] ] } },
{ "type": "Feature", "properties": { "tipo": "avenida", "nome": "PRIMEIRO DE MAIO", "drenagem": 1.0, "iluminacao": 1.0, "compriment": 204.1005671494666 }, "geometry": { "type": "MultiLineString", "coordinates": [ [ [ -52.119213733377975, -32.049315846210213 ], [ -52.119503098690551, -32.049473642490227 ] ], [ [ -52.119542494614564, -32.049495125819384 ], [ -52.12103375375272, -32.050308337128115 ] ] ] } },
{ "type": "Feature", "properties": { "tipo": "avenida", "nome": "PRIMEIRO DE MAIO", "drenagem": 1.0, "iluminacao": 1.0, "compriment": 244.1905856868253 }, "geometry": { "type": "MultiLineString", "coordinates": [ [ [ -52.12103375375272, -32.050308337128115 ], [ -52.121491608507192, -32.050563195295652 ] ], [ [ -52.121580888885099, -32.050612891915129 ], [ -52.123198130465063, -32.051513105839966 ] ] ] } },
{ "type": "Feature", "properties": { "tipo": "avenida", "nome": "PRIMEIRO DE MAIO", "drenagem": 1.0, "iluminacao": 1.0, "compriment": 69.451970867685887 }, "geometry": { "type": "LineString", "coordinates": [ [ -52.13009128194421, -32.054937111249522 ], [ -52.130793252914472, -32.055123891937939 ] ] } },
{ "type": "Feature", "properties": { "tipo": "avenida", "nome": "PRIMEIRO DE MAIO", "drenagem": 1.0, "iluminacao": 1.0, "compriment": 71.752867221235377 }, "geometry": { "type": "LineString", "coordinates": [ [ -52.130793252914472, -32.055123891937939 ], [ -52.131518871671922, -32.055315792925612 ] ] } },
{ "type": "Feature", "properties": { "tipo": "avenida", "nome": "PRIMEIRO DE MAIO", "drenagem": 1.0, "iluminacao": 1.0, "compriment": 72.7004049836288 }, "geometry": { "type": "LineString", "coordinates": [ [ -52.131518871671922, -32.055315792925612 ], [ -52.132250787783157, -32.055519022026871 ] ] } },
{ "type": "Feature", "properties": { "tipo": "avenida", "nome": "PRIMEIRO DE MAIO", "drenagem": 1.0, "iluminacao": 1.0, "compriment": 75.236602431526265 }, "geometry": { "type": "LineString", "coordinates": [ [ -52.132250787783157, -32.055519022026871 ], [ -52.133012134560751, -32.055718878745701 ] ] } },
{ "type": "Feature", "properties": { "tipo": "rua", "nome": "VALPORTO", "drenagem": 1.0, "iluminacao": 1.0, "compriment": 74.330958868961289 }, "geometry": { "type": "LineString", "coordinates": [ [ -52.095711843529635, -32.04164739345704 ], [ -52.09647967615868, -32.041500414906551 ] ] } },
{ "type": "Feature", "properties": { "tipo": "avenida", "nome": "PRIMEIRO DE MAIO", "drenagem": 1.0, "iluminacao": 1.0, "compriment": 28.909759891171785 }, "geometry": { "type": "LineString", "coordinates": [ [ -52.133474712176429, -32.055840421370675 ], [ -52.133719993380438, -32.055899866615981 ] ] } },
{ "type": "Feature", "properties": { "tipo": "avenida", "nome": "OLAVO BILAC", "drenagem": 0.0, "iluminacao": 1.0, "compriment": 93.881276753700149 }, "geometry": { "type": "LineString", "coordinates": [ [ -52.146575266589743, -32.054621478699204 ], [ -52.146569287883551, -32.054634137750561 ] ] } },
{ "type": "Feature", "properties": { "tipo": "avenida", "nome": "OLAVO BILAC", "drenagem": 1.0, "iluminacao": 1.0, "compriment": 41.815477359983376 }, "geometry": { "type": "LineString", "coordinates": [ [ -52.146569287883551, -32.054634137750561 ], [ -52.146484097887026, -32.054831582736945 ] ] } },
{ "type": "Feature", "properties": { "tipo": "rua", "nome": "DEPUTADO FERNANDO FERRARI", "drenagem": 1.0, "iluminacao": 1.0, "compriment": 127.81009425355664 }, "geometry": { "type": "MultiLineString", "coordinates": [ [ [ -52.085161365834807, -32.037716406701755 ], [ -52.085297341753389, -32.038269854658111 ] ], [ [ -52.085311798495319, -32.038328696358604 ], [ -52.085350268657542, -32.038485277265629 ] ], [ [ -52.08537164798318, -32.038572295203835 ], [ -52.085438544516066, -32.038844576868122 ] ] ] } },
{ "type": "Feature", "properties": { "tipo": "rua", "nome": "DEPUTADO FERNANDO FERRARI", "drenagem": 1.0, "iluminacao": 1.0, "compriment": 197.87673924564166 }, "geometry": { "type": "LineString", "coordinates": [ [ -52.085438544516066, -32.038844576868122 ], [ -52.085877031154354, -32.040589534097151 ] ] } },
{ "type": "Feature", "properties": { "tipo": "rua", "nome": "SENADOR ALBERTO PASQUALINI", "drenagem": 0.0, "iluminacao": 1.0, "compriment": 104.58555103304768 }, "geometry": { "type": "LineString", "coordinates": [ [ -52.082620376990604, -32.043048902583777 ], [ -52.082889737405345, -32.043963740167214 ] ] } },
{ "type": "Feature", "properties": { "tipo": "rua", "nome": "SOLDADO BOMBEIRO ANTONIO SILVEIRA DE AZEVEDO", "drenagem": 1.0, "iluminacao": 1.0, "compriment": 105.03687308463546 }, "geometry": { "type": "LineString", "coordinates": [ [ -52.083358113255755, -32.04291205166745 ], [ -52.083612152390664, -32.043834244454281 ] ] } },
{ "type": "Feature", "properties": { "tipo": "rua", "nome": "DOS TUPIS", "drenagem": 1.0, "iluminacao": 1.0, "compriment": 61.834465662872432 }, "geometry": { "type": "MultiLineString", "coordinates": [ [ [ -52.08383587880224, -32.045383182990406 ], [ -52.083927493943257, -32.045361375426893 ] ], [ [ -52.084445195755251, -32.045238144539262 ], [ -52.084451916440159, -32.045236544784444 ] ] ] } },
{ "type": "Feature", "properties": { "tipo": "rua", "nome": "DOS TUPIS", "drenagem": 1.0, "iluminacao": 1.0, "compriment": 88.957026097156358 }, "geometry": { "type": "LineString", "coordinates": [ [ -52.084451916440159, -32.045236544784444 ], [ -52.084924603916001, -32.045118180795889 ] ] } },
{ "type": "Feature", "properties": { "tipo": "rua", "nome": "DOUTORA RITA LOBATO", "drenagem": 1.0, "iluminacao": 1.0, "compriment": 55.894720776858613 }, "geometry": { "type": "LineString", "coordinates": [ [ -52.093017823780116, -32.044176552066126 ], [ -52.093041112267862, -32.044680228156629 ] ] } },
{ "type": "Feature", "properties": { "tipo": "rua", "nome": "DOUTORA RITA LOBATO", "drenagem": 1.0, "iluminacao": 1.0, "compriment": 112.67034991354468 }, "geometry": { "type": "MultiLineString", "coordinates": [ [ [ -52.093067278250231, -32.045151252122253 ], [ -52.093093942757797, -32.04599373300875 ] ], [ [ -52.093095573975518, -32.046045272297484 ], [ -52.093099425394094, -32.046166960145158 ] ] ] } },
{ "type": "Feature", "properties": { "tipo": "rua", "nome": "DOM MANOEL I", "drenagem": 1.0, "iluminacao": 1.0, "compriment": 97.126370303841014 }, "geometry": { "type": "LineString", "coordinates": [ [ -52.096434791655312, -32.042415343590179 ], [ -52.097439284302695, -32.042227807784826 ] ] } },
{ "type": "Feature", "properties": { "tipo": "rua", "nome": "DOM MANOEL I", "drenagem": 1.0, "iluminacao": 1.0, "compriment": 68.910102942510647 }, "geometry": { "type": "LineString", "coordinates": [ [ -52.100061509222307, -32.041715116328774 ], [ -52.100176460367905, -32.041692057605587 ] ] } },
{ "type": "Feature", "properties": { "tipo": "rua", "nome": "CANADÁ", "drenagem": 0.0, "iluminacao": 1.0, "compriment": 119.302935428021 }, "geometry": { "type": "LineString", "coordinates": [ [ -52.136515186387889, -32.052550276718776 ], [ -52.13593835885942, -32.053507460212039 ] ] } },
{ "type": "Feature", "properties": { "tipo": "avenida", "nome": "DOM PEDRO II", "drenagem": 1.0, "iluminacao": 1.0, "compriment": 37.146181698805947 }, "geometry": { "type": "LineString", "coordinates": [ [ -52.08773375763424, -32.034775060358029 ], [ -52.087350990276128, -32.034851920800186 ] ] } },
{ "type": "Feature", "properties": { "tipo": "rua", "nome": "MARTIN AFONSO DE SOUZA", "drenagem": 1.0, "iluminacao": 1.0, "compriment": 128.47844851164831 }, "geometry": { "type": "MultiLineString", "coordinates": [ [ [ -52.097735053323959, -32.043494785904741 ], [ -52.098627112330476, -32.043339988964803 ] ], [ [ -52.098876303131718, -32.04329674746036 ], [ -52.099067972228539, -32.043263487564488 ] ] ] } },
{ "type": "Feature", "properties": { "tipo": "rua", "nome": "1 VELHA", "drenagem": 1.0, "iluminacao": 1.0, "compriment": 86.26170412958021 }, "geometry": { "type": "MultiLineString", "coordinates": [ [ [ -52.086843922950358, -32.03494607320755 ], [ -52.08684836162746, -32.035139089374049 ] ], [ [ -52.086854594343713, -32.035410119451249 ], [ -52.086861808911429, -32.035723845404135 ] ] ] } },
{ "type": "Feature", "properties": { "tipo": "rua", "nome": "MARTIN AFONSO DE SOUZA", "drenagem": 0.0, "iluminacao": 1.0, "compriment": 136.11290597619984 }, "geometry": { "type": "LineString", "coordinates": [ [ -52.099067972228539, -32.043263487564488 ], [ -52.10047558515852, -32.043000303769531 ] ] } },
{ "type": "Feature", "properties": { "tipo": "rua", "nome": "ALMIRANTE GARNIER", "drenagem": 1.0, "iluminacao": 1.0, "compriment": 284.32054247724858 }, "geometry": { "type": "LineString", "coordinates": [ [ -52.084139759519893, -32.03129615961317 ], [ -52.083820634418068, -32.033845755667443 ] ] } },
{ "type": "Feature", "properties": { "tipo": "avenida", "nome": "MAJOR CARLOS PINTO", "drenagem": 1.0, "iluminacao": 1.0, "compriment": 94.21829850314063 }, "geometry": { "type": "LineString", "coordinates": [ [ -52.103940303442833, -32.039477527095976 ], [ -52.10391665831839, -32.039516726152975 ] ] } },
{ "type": "Feature", "properties": { "tipo": "avenida", "nome": "PORTUGAL", "drenagem": 1.0, "iluminacao": 1.0, "compriment": 122.32572907518869 }, "geometry": { "type": "LineString", "coordinates": [ [ -52.107905667233695, -32.032654746665997 ], [ -52.109086598892866, -32.033107468902152 ] ] } },
{ "type": "Feature", "properties": { "tipo": "avenida", "nome": "PORTUGAL", "drenagem": 1.0, "iluminacao": 1.0, "compriment": 121.30683442405643 }, "geometry": { "type": "LineString", "coordinates": [ [ -52.111406528149736, -32.03397180694494 ], [ -52.112572811040792, -32.03442978932862 ] ] } },
{ "type": "Feature", "properties": { "tipo": "avenida", "nome": "PORTUGAL", "drenagem": 1.0, "iluminacao": 1.0, "compriment": 77.037170068856938 }, "geometry": { "type": "LineString", "coordinates": [ [ -52.112572811040792, -32.03442978932862 ], [ -52.113324938844585, -32.034698439703284 ] ] } },
{ "type": "Feature", "properties": { "tipo": "rua", "nome": "GENERAL CAMARA", "drenagem": 1.0, "iluminacao": 1.0, "compriment": 126.06728759831925 }, "geometry": { "type": "LineString", "coordinates": [ [ -52.097105280732343, -32.034431147372537 ], [ -52.098412791789684, -32.034203088144167 ] ] } },
{ "type": "Feature", "properties": { "tipo": "rua", "nome": "ALMIRANTE BARROSO", "drenagem": 1.0, "iluminacao": 1.0, "compriment": 13.224151879176228 }, "geometry": { "type": "LineString", "coordinates": [ [ -52.087747196458793, -32.034656353602081 ], [ -52.08773375763424, -32.034775060358029 ] ] } },
{ "type": "Feature", "properties": { "tipo": "rua", "nome": "ALMIRANTE BARROSO", "drenagem": 1.0, "iluminacao": 1.0, "compriment": 143.74657849240901 }, "geometry": { "type": "LineString", "coordinates": [ [ -52.087467928463369, -32.038426876538189 ], [ -52.08733940251367, -32.039718573626658 ] ] } },
{ "type": "Feature", "properties": { "tipo": "rua", "nome": "ALMIRANTE BARROSO", "drenagem": 1.0, "iluminacao": 1.0, "compriment": 25.573800829205162 }, "geometry": { "type": "LineString", "coordinates": [ [ -52.087096669712487, -32.042138216641504 ], [ -52.087080165197655, -32.042368416038414 ] ] } },
{ "type": "Feature", "properties": { "tipo": "rua", "nome": "DOIS DE NOVEMBRO", "drenagem": 1.0, "iluminacao": 1.0, "compriment": 10.236431515056582 }, "geometry": { "type": "LineString", "coordinates": [ [ -52.106528662326383, -32.044141102376805 ], [ -52.106594151811549, -32.044067547242747 ] ] } },
{ "type": "Feature", "properties": { "tipo": "rua", "nome": "DOIS DE NOVEMBRO", "drenagem": 1.0, "iluminacao": 1.0, "compriment": 152.46808499947929 }, "geometry": { "type": "LineString", "coordinates": [ [ -52.10736701490945, -32.043405596934448 ], [ -52.10667340090199, -32.044217973068612 ] ] } },
{ "type": "Feature", "properties": { "tipo": "rua", "nome": "DUQUE DE CAXIAS", "drenagem": 1.0, "iluminacao": 1.0, "compriment": 64.400975019344315 }, "geometry": { "type": "LineString", "coordinates": [ [ -52.096230052765264, -32.030976576667939 ], [ -52.09631607230677, -32.031336904479517 ] ] } },
{ "type": "Feature", "properties": { "tipo": "rua", "nome": "DUQUE DE CAXIAS", "drenagem": 1.0, "iluminacao": 1.0, "compriment": 91.958997403282325 }, "geometry": { "type": "LineString", "coordinates": [ [ -52.096516182134671, -32.03215341220362 ], [ -52.096566571511822, -32.032357200438895 ] ] } },
{ "type": "Feature", "properties": { "tipo": "rua", "nome": "DUQUE DE CAXIAS", "drenagem": 1.0, "iluminacao": 1.0, "compriment": 6.8683347989702437 }, "geometry": { "type": "LineString", "coordinates": [ [ -52.097029865334854, -32.034444557885742 ], [ -52.097044340569227, -32.034505257859998 ] ] } },
{ "type": "Feature", "properties": { "tipo": "rua", "nome": "DUQUE DE CAXIAS", "drenagem": 1.0, "iluminacao": 1.0, "compriment": 106.03402771643876 }, "geometry": { "type": "LineString", "coordinates": [ [ -52.097044340569227, -32.034505257859998 ], [ -52.097240597999807, -32.035446761916575 ] ] } },
{ "type": "Feature", "properties": { "tipo": "rua", "nome": "DO RIACHUELO", "drenagem": 1.0, "iluminacao": 1.0, "compriment": 146.57898811025217 }, "geometry": { "type": "LineString", "coordinates": [ [ -52.09264686309858, -32.030111521411854 ], [ -52.094159137355994, -32.029815373335303 ] ] } },
{ "type": "Feature", "properties": { "tipo": "rua", "nome": "DUQUE DE CAXIAS", "drenagem": 1.0, "iluminacao": 1.0, "compriment": 99.560492329724724 }, "geometry": { "type": "MultiLineString", "coordinates": [ [ [ -52.097240597999807, -32.035446761916575 ], [ -52.097258611160527, -32.035527558015723 ] ], [ [ -52.097286554059309, -32.03565289288926 ], [ -52.097437255509234, -32.036328848068941 ] ] ] } },
{ "type": "Feature", "properties": { "tipo": "rua", "nome": "DUQUE DE CAXIAS", "drenagem": 1.0, "iluminacao": 1.0, "compriment": 108.96404340677425 }, "geometry": { "type": "LineString", "coordinates": [ [ -52.097437255509234, -32.036328848068941 ], [ -52.097679982690465, -32.037289504467132 ] ] } },
{ "type": "Feature", "properties": { "tipo": "rua", "nome": "DUQUE DE CAXIAS", "drenagem": 1.0, "iluminacao": 1.0, "compriment": 94.251274971013373 }, "geometry": { "type": "LineString", "coordinates": [ [ -52.097679982690465, -32.037289504467132 ], [ -52.097862063294343, -32.038125206427424 ] ] } },
{ "type": "Feature", "properties": { "tipo": "rua", "nome": "DUQUE DE CAXIAS", "drenagem": 1.0, "iluminacao": 1.0, "compriment": 110.46421681052715 }, "geometry": { "type": "LineString", "coordinates": [ [ -52.097865823438788, -32.03814246433037 ], [ -52.098087120122351, -32.039120650543339 ] ] } },
{ "type": "Feature", "properties": { "tipo": "rua", "nome": "DUQUE DE CAXIAS", "drenagem": 1.0, "iluminacao": 1.0, "compriment": 106.97081986052241 }, "geometry": { "type": "LineString", "coordinates": [ [ -52.098087120122351, -32.039120650543339 ], [ -52.098291965392399, -32.040069418320016 ] ] } },
{ "type": "Feature", "properties": { "tipo": "rua", "nome": "DUQUE DE CAXIAS", "drenagem": 1.0, "iluminacao": 1.0, "compriment": 91.585229253091157 }, "geometry": { "type": "LineString", "coordinates": [ [ -52.096612853178385, -32.032204639622016 ], [ -52.096643304876096, -32.032344509804176 ] ] } },
{ "type": "Feature", "properties": { "tipo": "rua", "nome": "DUQUE DE CAXIAS", "drenagem": 1.0, "iluminacao": 1.0, "compriment": 105.82322308523301 }, "geometry": { "type": "LineString", "coordinates": [ [ -52.097117226499556, -32.034493294034661 ], [ -52.097307270219297, -32.035433793643762 ] ] } },
{ "type": "Feature", "properties": { "tipo": "rua", "nome": "DUQUE DE CAXIAS", "drenagem": 1.0, "iluminacao": 1.0, "compriment": 99.925917844317411 }, "geometry": { "type": "MultiLineString", "coordinates": [ [ [ -52.097307270219297, -32.035433793643762 ], [ -52.097324687610083, -32.035503222835025 ] ], [ [ -52.097373003471525, -32.035695819488886 ], [ -52.097449816935971, -32.036002013268366 ] ], [ [ -52.097455131057437, -32.036023196415719 ], [ -52.097528345706444, -32.036315044599561 ] ] ] } },
{ "type": "Feature", "properties": { "tipo": "rua", "nome": "DUQUE DE CAXIAS", "drenagem": 1.0, "iluminacao": 1.0, "compriment": 108.30388431924855 }, "geometry": { "type": "LineString", "coordinates": [ [ -52.097528345706444, -32.036315044599561 ], [ -52.097753829281558, -32.037272673947022 ] ] } },
{ "type": "Feature", "properties": { "tipo": "rua", "nome": "DUQUE DE CAXIAS", "drenagem": 1.0, "iluminacao": 1.0, "compriment": 107.67937411046681 }, "geometry": { "type": "LineString", "coordinates": [ [ -52.098159742290925, -32.039101937648596 ], [ -52.098363943297805, -32.040057301780017 ] ] } },
{ "type": "Feature", "properties": { "tipo": "avenida", "nome": "MODESTO REY DORNELLES", "drenagem": 1.0, "iluminacao": 1.0, "compriment": 95.841354602868549 }, "geometry": { "type": "LineString", "coordinates": [ [ -52.098553019269573, -32.041121393785424 ], [ -52.098759113794152, -32.04196769047973 ] ] } },
{ "type": "Feature", "properties": { "tipo": "rua", "nome": "VISCONDE DE RIO BRANCO", "drenagem": 1.0, "iluminacao": 1.0, "compriment": 117.36680479439019 }, "geometry": { "type": "LineString", "coordinates": [ [ -52.115437663948299, -32.038264321830511 ], [ -52.115868208250362, -32.038453462790741 ] ] } },
{ "type": "Feature", "properties": { "tipo": "avenida", "nome": "MODESTO REY DORNELLES", "drenagem": 0.0, "iluminacao": 1.0, "compriment": 72.525097004769364 }, "geometry": { "type": "LineString", "coordinates": [ [ -52.098759113794152, -32.04196769047973 ], [ -52.098911920125609, -32.042608651103095 ] ] } },
{ "type": "Feature", "properties": { "tipo": "avenida", "nome": "MODESTO REY DORNELLES", "drenagem": 0.0, "iluminacao": 1.0, "compriment": 74.09397349328647 }, "geometry": { "type": "LineString", "coordinates": [ [ -52.098911920125609, -32.042608651103095 ], [ -52.099067972228539, -32.043263487564488 ] ] } },
{ "type": "Feature", "properties": { "tipo": "avenida", "nome": "MODESTO REY DORNELLES", "drenagem": 0.0, "iluminacao": 1.0, "compriment": 71.778311069975061 }, "geometry": { "type": "LineString", "coordinates": [ [ -52.099067972228539, -32.043263487564488 ], [ -52.099210575025424, -32.043899296876809 ] ] } },
{ "type": "Feature", "properties": { "tipo": "avenida", "nome": "MODESTO REY DORNELLES", "drenagem": 0.0, "iluminacao": 1.0, "compriment": 69.725122563219543 }, "geometry": { "type": "LineString", "coordinates": [ [ -52.099210575025424, -32.043899296876809 ], [ -52.099365908966526, -32.044514011190913 ] ] } },
{ "type": "Feature", "properties": { "tipo": "rua", "nome": "ALLAN KARDEC", "drenagem": 1.0, "iluminacao": 1.0, "compriment": 53.530865513105645 }, "geometry": { "type": "LineString", "coordinates": [ [ -52.101885468376295, -32.041023149167636 ], [ -52.101694934955077, -32.041361743629103 ] ] } },
{ "type": "Feature", "properties": { "tipo": "rua", "nome": "ALLAN KARDEC", "drenagem": 1.0, "iluminacao": 1.0, "compriment": 234.30059089087632 }, "geometry": { "type": "LineString", "coordinates": [ [ -52.101359445497316, -32.041946226037126 ], [ -52.100556760589001, -32.043340215362136 ] ] } },
{ "type": "Feature", "properties": { "tipo": "rua", "nome": "ALLAN KARDEC", "drenagem": 1.0, "iluminacao": 1.0, "compriment": 43.51940752462135 }, "geometry": { "type": "LineString", "coordinates": [ [ -52.100556760589001, -32.043340215362136 ], [ -52.100355292854793, -32.043693176523306 ] ] } },
{ "type": "Feature", "properties": { "tipo": "rua", "nome": "ALLAN KARDEC", "drenagem": 1.0, "iluminacao": 1.0, "compriment": 89.248250363347907 }, "geometry": { "type": "LineString", "coordinates": [ [ -52.100355292854793, -32.043693176523306 ], [ -52.099928047091701, -32.044411064141038 ] ] } },
{ "type": "Feature", "properties": { "tipo": "rua", "nome": "ALLAN KARDEC", "drenagem": 1.0, "iluminacao": 1.0, "compriment": 96.47952428607465 }, "geometry": { "type": "MultiLineString", "coordinates": [ [ [ -52.099501640923478, -32.045145989804539 ], [ -52.099323111090357, -32.045486672014661 ] ], [ [ -52.09914755475657, -32.045821680000437 ], [ -52.099085285233038, -32.045940506745133 ] ] ] } },
{ "type": "Feature", "properties": { "tipo": "rua", "nome": "ALLAN KARDEC", "drenagem": 0.0, "iluminacao": 1.0, "compriment": 50.180872380939157 }, "geometry": { "type": "MultiLineString", "coordinates": [ [ [ -52.099085285233038, -32.045940506745133 ], [ -52.098945621742416, -32.046143216333547 ], [ -52.098913236946053, -32.046214185144095 ] ], [ [ -52.098886472855384, -32.046272836606917 ], [ -52.098853111406292, -32.046345945677416 ] ] ] } },
{ "type": "Feature", "properties": { "tipo": "rua", "nome": "ALLAN KARDEC", "drenagem": 0.0, "iluminacao": 1.0, "compriment": 114.94489443237467 }, "geometry": { "type": "MultiLineString", "coordinates": [ [ [ -52.098853111406292, -32.046345945677416 ], [ -52.098873762546411, -32.04644005698961 ] ], [ [ -52.098932965794106, -32.046709857847731 ], [ -52.099075166677245, -32.047357895274644 ] ] ] } },
{ "type": "Feature", "properties": { "tipo": "avenida", "nome": "ALMIRANTE TAMANDARE", "drenagem": 1.0, "iluminacao": 1.0, "compriment": 101.542728202367 }, "geometry": { "type": "LineString", "coordinates": [ [ -52.09647967615868, -32.041500414906551 ], [ -52.096434791655312, -32.042415343590179 ] ] } },
{ "type": "Feature", "properties": { "tipo": "avenida", "nome": "ALMIRANTE TAMANDARE", "drenagem": 1.0, "iluminacao": 1.0, "compriment": 74.461732480224839 }, "geometry": { "type": "LineString", "coordinates": [ [ -52.096434791655312, -32.042415343590179 ], [ -52.096427291731629, -32.043086819854061 ] ] } },
{ "type": "Feature", "properties": { "tipo": "avenida", "nome": "ALMIRANTE TAMANDARE", "drenagem": 1.0, "iluminacao": 1.0, "compriment": 72.459992610821686 }, "geometry": { "type": "LineString", "coordinates": [ [ -52.096427291731629, -32.043086819854061 ], [ -52.096429534953494, -32.043740271663253 ] ] } },
{ "type": "Feature", "properties": { "tipo": "avenida", "nome": "ALMIRANTE TAMANDARE", "drenagem": 1.0, "iluminacao": 1.0, "compriment": 73.797349615794033 }, "geometry": { "type": "LineString", "coordinates": [ [ -52.096414291447417, -32.044412587309594 ], [ -52.096397366780302, -32.045077946108769 ] ] } },
{ "type": "Feature", "properties": { "tipo": "avenida", "nome": "ALMIRANTE TAMANDARE", "drenagem": 1.0, "iluminacao": 1.0, "compriment": 74.754847510799664 }, "geometry": { "type": "LineString", "coordinates": [ [ -52.096397366780302, -32.045077946108769 ], [ -52.096373015016134, -32.045751776687176 ] ] } },
{ "type": "Feature", "properties": { "tipo": "avenida", "nome": "ALMIRANTE TAMANDARE", "drenagem": 1.0, "iluminacao": 1.0, "compriment": 75.208925585620761 }, "geometry": { "type": "LineString", "coordinates": [ [ -52.096373015016134, -32.045751776687176 ], [ -52.096357482603104, -32.04642989224115 ] ] } },
{ "type": "Feature", "properties": { "tipo": "rua", "nome": "GENERAL BERTOLDO KLINGER", "drenagem": 1.0, "iluminacao": 1.0, "compriment": 44.513808835327112 }, "geometry": { "type": "LineString", "coordinates": [ [ -52.094866094777572, -32.042516932748562 ], [ -52.094860047971927, -32.042918331661561 ] ] } },
{ "type": "Feature", "properties": { "tipo": "rua", "nome": "GENERAL BERTOLDO KLINGER", "drenagem": 1.0, "iluminacao": 1.0, "compriment": 42.221582743696331 }, "geometry": { "type": "LineString", "coordinates": [ [ -52.094860047971927, -32.042918331661561 ], [ -52.094864345021989, -32.043299074375454 ] ] } },
{ "type": "Feature", "properties": { "tipo": "rua", "nome": "GENERAL BERTOLDO KLINGER", "drenagem": 1.0, "iluminacao": 1.0, "compriment": 35.032591266579907 }, "geometry": { "type": "LineString", "coordinates": [ [ -52.09486514514677, -32.04336996926223 ], [ -52.094847471951297, -32.043685539363359 ] ] } },
{ "type": "Feature", "properties": { "tipo": "rua", "nome": "GENERAL BERTOLDO KLINGER", "drenagem": 0.0, "iluminacao": 1.0, "compriment": 43.915369823012355 }, "geometry": { "type": "LineString", "coordinates": [ [ -52.094847471951297, -32.043685539363359 ], [ -52.094836566707777, -32.044081465495488 ] ] } },
{ "type": "Feature", "properties": { "tipo": "avenida", "nome": "CIDADE DE PELOTAS", "drenagem": 1.0, "iluminacao": 1.0, "compriment": 121.08230949867045 }, "geometry": { "type": "LineString", "coordinates": [ [ -52.106332564631813, -32.03537358843748 ], [ -52.107463440711435, -32.035878240307845 ] ] } },
{ "type": "Feature", "properties": { "tipo": "rua", "nome": "MORON", "drenagem": 0.0, "iluminacao": 1.0, "compriment": 110.99791606573233 }, "geometry": { "type": "MultiLineString", "coordinates": [ [ [ -52.103824924946018, -32.037688699101942 ], [ -52.103645940377781, -32.038010535056678 ] ], [ [ -52.103535731930172, -32.038208703207722 ], [ -52.103321829576565, -32.038593325574169 ] ] ] } },
{ "type": "Feature", "properties": { "tipo": "avenida", "nome": "CIDADE DE PELOTAS", "drenagem": 1.0, "iluminacao": 1.0, "compriment": 118.02006656892902 }, "geometry": { "type": "MultiLineString", "coordinates": [ [ [ -52.10974053335498, -32.036860005416976 ], [ -52.110447229685001, -32.037152888278563 ] ], [ [ -52.110512123819234, -32.03717978297 ], [ -52.110864089283993, -32.037325651355218 ] ] ] } },
{ "type": "Feature", "properties": { "tipo": "avenida", "nome": "CIDADE DE PELOTAS", "drenagem": 1.0, "iluminacao": 1.0, "compriment": 120.76615133880983 }, "geometry": { "type": "LineString", "coordinates": [ [ -52.111983189330232, -32.037799060659857 ], [ -52.113134885430654, -32.038272049185977 ] ] } },
{ "type": "Feature", "properties": { "tipo": "rua", "nome": "GENERAL BERTOLDO KLINGER", "drenagem": 1.0, "iluminacao": 1.0, "compriment": 44.089191766694626 }, "geometry": { "type": "LineString", "coordinates": [ [ -52.094836566707777, -32.044081465495488 ], [ -52.094829969888266, -32.044479028390363 ] ] } },
{ "type": "Feature", "properties": { "tipo": "rua", "nome": "GENERAL BERTOLDO KLINGER", "drenagem": 1.0, "iluminacao": 1.0, "compriment": 25.374970865186416 }, "geometry": { "type": "LineString", "coordinates": [ [ -52.094829969888266, -32.044479028390363 ], [ -52.094822432317294, -32.044707773397086 ] ] } },
{ "type": "Feature", "properties": { "tipo": "rua", "nome": "GENERAL BERTOLDO KLINGER", "drenagem": 0.0, "iluminacao": 1.0, "compriment": 43.524431327588069 }, "geometry": { "type": "LineString", "coordinates": [ [ -52.094817178961527, -32.044867198128806 ], [ -52.094804843361352, -32.045259566942597 ] ] } },
{ "type": "Feature", "properties": { "tipo": "avenida", "nome": "CIDADE DE PELOTAS", "drenagem": 1.0, "iluminacao": 1.0, "compriment": 118.76914211078726 }, "geometry": { "type": "MultiLineString", "coordinates": [ [ [ -52.114292548170269, -32.038785895230376 ], [ -52.115028025107712, -32.039101697305668 ] ], [ [ -52.115205537292347, -32.039177918208651 ], [ -52.115415391918091, -32.039268026440389 ] ] ] } },
{ "type": "Feature", "properties": { "tipo": "rua", "nome": "COMENDADOR HENRIQUE PANCADA", "drenagem": 0.0, "iluminacao": 1.0, "compriment": 47.542372618059687 }, "geometry": { "type": "LineString", "coordinates": [ [ -52.123457916808256, -32.039671236236657 ], [ -52.123909154720771, -32.039861211689946 ] ] } },
{ "type": "Feature", "properties": { "tipo": "rua", "nome": "COMENDADOR HENRIQUE PANCADA", "drenagem": 0.0, "iluminacao": 1.0, "compriment": 122.4559640527642 }, "geometry": { "type": "LineString", "coordinates": [ [ -52.125727275413944, -32.040634914844837 ], [ -52.126880025154939, -32.04114032693694 ] ] } },
{ "type": "Feature", "properties": { "tipo": "rua", "nome": "TRINDADE", "drenagem": 1.0, "iluminacao": 1.0, "compriment": 113.1074951650008 }, "geometry": { "type": "LineString", "coordinates": [ [ -52.090426036695447, -32.037752355035551 ], [ -52.090701392245791, -32.038745042837569 ] ] } },
{ "type": "Feature", "properties": { "tipo": "rua", "nome": "DOUTOR LAZARO LUDOVICO ZAMENHOF", "drenagem": 1.0, "iluminacao": 1.0, "compriment": 42.194505581851431 }, "geometry": { "type": "LineString", "coordinates": [ [ -52.093353252572214, -32.044056978201439 ], [ -52.093362192420237, -32.044437418058926 ] ] } },
{ "type": "Feature", "properties": { "tipo": "rua", "nome": "DOUTOR LAZARO LUDOVICO ZAMENHOF", "drenagem": 1.0, "iluminacao": 1.0, "compriment": 26.741253978898175 }, "geometry": { "type": "LineString", "coordinates": [ [ -52.093362192420237, -32.044437418058926 ], [ -52.093368233633761, -32.044678519576443 ] ] } },
{ "type": "Feature", "properties": { "tipo": "rua", "nome": "DOUTOR LAZARO LUDOVICO ZAMENHOF", "drenagem": 1.0, "iluminacao": 1.0, "compriment": 43.632524461291979 }, "geometry": { "type": "LineString", "coordinates": [ [ -52.093369745842857, -32.04485827620173 ], [ -52.093374375555548, -32.045251740702 ] ] } },
{ "type": "Feature", "properties": { "tipo": "rua", "nome": "VISCONDE DE MAUA", "drenagem": 0.0, "iluminacao": 1.0, "compriment": 119.12086103244128 }, "geometry": { "type": "MultiLineString", "coordinates": [ [ [ -52.140014532909731, -32.047735422523907 ], [ -52.139895126139315, -32.047682195371586 ] ], [ [ -52.13951284615041, -32.047511788994044 ], [ -52.138897050630163, -32.047237289969878 ] ] ] } },
{ "type": "Feature", "properties": { "tipo": "rua", "nome": "VISCONDE DE MAUA", "drenagem": 1.0, "iluminacao": 1.0, "compriment": 118.10377462038269 }, "geometry": { "type": "MultiLineString", "coordinates": [ [ [ -52.107306235353924, -32.033732048440847 ], [ -52.10752926998115, -32.033827398944425 ] ], [ [ -52.107832213626317, -32.033956911699839 ], [ -52.108423724133466, -32.034209790929545 ] ] ] } },
{ "type": "Feature", "properties": { "tipo": "rua", "nome": "COMENDADOR HENRIQUE PANCADA", "drenagem": 0.0, "iluminacao": 1.0, "compriment": 119.50030413564846 }, "geometry": { "type": "MultiLineString", "coordinates": [ [ [ -52.135514638434984, -32.045784425543289 ], [ -52.136123695005466, -32.046057864296152 ] ], [ [ -52.136436779524189, -32.046198425033019 ], [ -52.136633938643826, -32.04628694052797 ] ] ] } },
{ "type": "Feature", "properties": { "tipo": "rua", "nome": "COMENDADOR HENRIQUE PANCADA", "drenagem": 1.0, "iluminacao": 1.0, "compriment": 109.95587724617721 }, "geometry": { "type": "LineString", "coordinates": [ [ -52.136633938643826, -32.04628694052797 ], [ -52.137240223045509, -32.046506099859521 ], [ -52.137716984209071, -32.04664945383611 ] ] } },
{ "type": "Feature", "properties": { "tipo": "rua", "nome": "COMENDADOR HENRIQUE PANCADA", "drenagem": 1.0, "iluminacao": 1.0, "compriment": 133.5308120048376 }, "geometry": { "type": "LineString", "coordinates": [ [ -52.137716984209071, -32.04664945383611 ], [ -52.139095390299097, -32.046917380717147 ] ] } },
{ "type": "Feature", "properties": { "tipo": "rua", "nome": "VISCONDE DE MAUA", "drenagem": 1.0, "iluminacao": 1.0, "compriment": 119.19389633599779 }, "geometry": { "type": "LineString", "coordinates": [ [ -52.108423724133466, -32.034209790929545 ], [ -52.109547358850428, -32.034698964476974 ] ] } },
{ "type": "Feature", "properties": { "tipo": "rua", "nome": "VISCONDE DE MAUA", "drenagem": 1.0, "iluminacao": 1.0, "compriment": 120.62309580623408 }, "geometry": { "type": "LineString", "coordinates": [ [ -52.109547358850428, -32.034698964476974 ], [ -52.110686597746422, -32.035190445281572 ] ] } },
{ "type": "Feature", "properties": { "tipo": "rua", "nome": "VISCONDE DE MAUA", "drenagem": 1.0, "iluminacao": 1.0, "compriment": 118.74859660548874 }, "geometry": { "type": "LineString", "coordinates": [ [ -52.111803961340023, -32.035702177954789 ], [ -52.11292622504287, -32.036184813907653 ] ] } },
{ "type": "Feature", "properties": { "tipo": "rua", "nome": "HONORATO CARVALHO", "drenagem": 0.0, "iluminacao": 1.0, "compriment": 20.629102177598806 }, "geometry": { "type": "LineString", "coordinates": [ [ -52.142671510031995, -32.049884653892271 ], [ -52.142866085716477, -32.049969193254057 ] ] } },
{ "type": "Feature", "properties": { "tipo": "rua", "nome": "DOUTOR LAZARO LUDOVICO ZAMENHOF", "drenagem": 1.0, "iluminacao": 1.0, "compriment": 43.693242194052885 }, "geometry": { "type": "LineString", "coordinates": [ [ -52.093391319472943, -32.045640054038309 ], [ -52.093403941747454, -32.046033939121479 ] ] } },
{ "type": "Feature", "properties": { "tipo": "rua", "nome": "DOUTOR LAZARO LUDOVICO ZAMENHOF", "drenagem": 1.0, "iluminacao": 1.0, "compriment": 24.317393661152312 }, "geometry": { "type": "LineString", "coordinates": [ [ -52.093403941747454, -32.046033939121479 ], [ -52.093408603947395, -32.046253200815109 ] ] } },
{ "type": "Feature", "properties": { "tipo": "rua", "nome": "ALMIRANTE CERQUEIRA E SOUZA", "drenagem": 0.0, "iluminacao": 1.0, "compriment": 13.344508311936529 }, "geometry": { "type": "LineString", "coordinates": [ [ -52.080311749209507, -32.030967480996729 ], [ -52.080452447341706, -32.030978293464337 ] ] } },
{ "type": "Feature", "properties": { "tipo": "rua", "nome": "ALMIRANTE CERQUEIRA E SOUZA", "drenagem": 1.0, "iluminacao": 1.0, "compriment": 350.0868127091926 }, "geometry": { "type": "LineString", "coordinates": [ [ -52.080452447341706, -32.030978293464337 ], [ -52.084139759519893, -32.03129615961317 ] ] } },
{ "type": "Feature", "properties": { "tipo": "avenida", "nome": "CIDADE DE PELOTAS", "drenagem": 1.0, "iluminacao": 1.0, "compriment": 61.925072417720166 }, "geometry": { "type": "LineString", "coordinates": [ [ -52.127112106480602, -32.044237843240921 ], [ -52.12769607068396, -32.0444917560786 ] ] } },
{ "type": "Feature", "properties": { "tipo": "rua", "nome": "VISCONDE DE MAUA", "drenagem": 1.0, "iluminacao": 1.0, "compriment": 121.53354396433701 }, "geometry": { "type": "LineString", "coordinates": [ [ -52.11292622504287, -32.036184813907653 ], [ -52.113297468489357, -32.036344482975132 ] ] } },
{ "type": "Feature", "properties": { "tipo": "rua", "nome": "VISCONDE DE MAUA", "drenagem": 1.0, "iluminacao": 1.0, "compriment": 117.19052660962082 }, "geometry": { "type": "MultiLineString", "coordinates": [ [ [ -52.115232947999424, -32.037180885326883 ], [ -52.115349779777695, -32.037229001283549 ] ], [ [ -52.115528330421874, -32.037302535515288 ], [ -52.116349947618851, -32.037640910040018 ] ] ] } },
{ "type": "Feature", "properties": { "tipo": "rua", "nome": "VISCONDE DE MAUA", "drenagem": 1.0, "iluminacao": 1.0, "compriment": 122.65851600332319 }, "geometry": { "type": "LineString", "coordinates": [ [ -52.116349947618851, -32.037640910040018 ], [ -52.116758544591164, -32.037821861121429 ] ] } },
{ "type": "Feature", "properties": { "tipo": "rua", "nome": "LIDERANÇA", "drenagem": 0.0, "iluminacao": 1.0, "compriment": 91.807331501479226 }, "geometry": { "type": "MultiLineString", "coordinates": [ [ [ -52.125505308190753, -32.047692199723507 ], [ -52.125467168610363, -32.04780008810063 ] ], [ [ -52.125276516323673, -32.048339400950852 ], [ -52.125225054010848, -32.048484976370332 ] ] ] } },
{ "type": "Feature", "properties": { "tipo": "rua", "nome": "SAFIRA", "drenagem": 0.0, "iluminacao": 1.0, "compriment": 92.048278850223085 }, "geometry": { "type": "MultiLineString", "coordinates": [ [ [ -52.124947532834696, -32.047437481611169 ], [ -52.124887585093447, -32.04757195135786 ] ], [ [ -52.124701389284795, -32.047989610183762 ], [ -52.124601565434162, -32.048213526675511 ] ] ] } },
{ "type": "Feature", "properties": { "tipo": "rua", "nome": "CEARÁ", "drenagem": 0.0, "iluminacao": 0.0, "compriment": 57.189909468012949 }, "geometry": { "type": "LineString", "coordinates": [ [ -52.119368135752374, -32.048172205192856 ], [ -52.119322989563159, -32.048153228283411 ] ] } },
{ "type": "Feature", "properties": { "tipo": "rua", "nome": "DAS MISSOES", "drenagem": 1.0, "iluminacao": 1.0, "compriment": 101.3330703794436 }, "geometry": { "type": "LineString", "coordinates": [ [ -52.129960141627784, -32.045445498993622 ], [ -52.129489436967518, -32.046266696399954 ] ] } },
{ "type": "Feature", "properties": { "tipo": "avenida", "nome": "CIDADE DE PELOTAS", "drenagem": 1.0, "iluminacao": 1.0, "compriment": 116.86260789548305 }, "geometry": { "type": "LineString", "coordinates": [ [ -52.136850863369965, -32.048372849311363 ], [ -52.137957984392138, -32.048843527897013 ] ] } },
{ "type": "Feature", "properties": { "tipo": "rua", "nome": "ACRE", "drenagem": 1.0, "iluminacao": 1.0, "compriment": 117.85048378070226 }, "geometry": { "type": "LineString", "coordinates": [ [ -52.130263127074485, -32.049821940608993 ], [ -52.129706380636151, -32.050773090050683 ] ] } },
{ "type": "Feature", "properties": { "tipo": "rua", "nome": "DOUTOR MARCIANO ESPINDOLA", "drenagem": 1.0, "iluminacao": 1.0, "compriment": 71.901343342626504 }, "geometry": { "type": "LineString", "coordinates": [ [ -52.083176795221725, -32.039274706661963 ], [ -52.083218734824555, -32.039266301638477 ] ] } },
{ "type": "Feature", "properties": { "tipo": "avenida", "nome": "PRIMEIRO DE MAIO", "drenagem": 1.0, "iluminacao": 1.0, "compriment": 196.163713879494 }, "geometry": { "type": "LineString", "coordinates": [ [ -52.111719103883182, -32.045471099972708 ], [ -52.113459744185135, -32.046436251559619 ] ] } },
{ "type": "Feature", "properties": { "tipo": "rua", "nome": "BASTOS GUERRA", "drenagem": 1.0, "iluminacao": 1.0, "compriment": 126.55970228076939 }, "geometry": { "type": "MultiLineString", "coordinates": [ [ [ -52.083966433293504, -32.039112827445166 ], [ -52.083835057841995, -32.038606021680557 ] ], [ [ -52.083768108427449, -32.038347751594024 ], [ -52.083677532580147, -32.03799833805428 ] ] ] } },
{ "type": "Feature", "properties": { "tipo": "rua", "nome": "CONSELHEIRO TEIXEIRA JUNIOR", "drenagem": 0.0, "iluminacao": 1.0, "compriment": 149.49705933227492 }, "geometry": { "type": "LineString", "coordinates": [ [ -52.114799313717249, -32.035480171272638 ], [ -52.114442642122313, -32.036070242390139 ] ] } },
{ "type": "Feature", "properties": { "tipo": "rua", "nome": "MARCÍLIO DIAS", "drenagem": 1.0, "iluminacao": 1.0, "compriment": 97.914544678013542 }, "geometry": { "type": "LineString", "coordinates": [ [ -52.115232947999424, -32.037180885326883 ], [ -52.11516799200654, -32.037289919662506 ] ] } },
{ "type": "Feature", "properties": { "tipo": "rua", "nome": "VISCONDE DE MAUA", "drenagem": 0.0, "iluminacao": 1.0, "compriment": 119.17876747710223 }, "geometry": { "type": "LineString", "coordinates": [ [ -52.126979468631923, -32.042191647507067 ], [ -52.127546670317649, -32.042424158233104 ] ] } },
{ "type": "Feature", "properties": { "tipo": "rua", "nome": "VISCONDE DE MAUA", "drenagem": 1.0, "iluminacao": 1.0, "compriment": 59.39598207552875 }, "geometry": { "type": "LineString", "coordinates": [ [ -52.130975576399507, -32.043874463932674 ], [ -52.131538317809614, -32.044113569176041 ] ] } },
{ "type": "Feature", "properties": { "tipo": "rua", "nome": "VISCONDE DE MAUA", "drenagem": 1.0, "iluminacao": 1.0, "compriment": 116.92246473988298 }, "geometry": { "type": "LineString", "coordinates": [ [ -52.132094064940759, -32.044362565057824 ], [ -52.133208393262926, -32.044821894914897 ] ] } },
{ "type": "Feature", "properties": { "tipo": "rua", "nome": "BASTOS GUERRA", "drenagem": 1.0, "iluminacao": 1.0, "compriment": 146.10447043275329 }, "geometry": { "type": "MultiLineString", "coordinates": [ [ [ -52.083677532580147, -32.03799833805428 ], [ -52.083436979205935, -32.037100640896064 ] ], [ [ -52.083349575461448, -32.036774467574666 ], [ -52.083339978337285, -32.036738653023683 ] ] ] } },
{ "type": "Feature", "properties": { "tipo": "rua", "nome": "MARECHAL JOAO MASCARENHAS DE MORAES", "drenagem": 1.0, "iluminacao": 1.0, "compriment": 73.127197805069898 }, "geometry": { "type": "LineString", "coordinates": [ [ -52.08515870119426, -32.040737339656864 ], [ -52.084403906010117, -32.040884180245762 ] ] } },
{ "type": "Feature", "properties": { "tipo": "rua", "nome": "MARECHAL JOAO MASCARENHAS DE MORAES", "drenagem": 1.0, "iluminacao": 1.0, "compriment": 71.644763917197821 }, "geometry": { "type": "LineString", "coordinates": [ [ -52.084403906010117, -32.040884180245762 ], [ -52.083662469429207, -32.041020601700509 ] ] } },
{ "type": "Feature", "properties": { "tipo": "rua", "nome": "MARECHAL JOAO MASCARENHAS DE MORAES", "drenagem": 1.0, "iluminacao": 1.0, "compriment": 71.33542722768 }, "geometry": { "type": "LineString", "coordinates": [ [ -52.083662469429207, -32.041020601700509 ], [ -52.082926281483594, -32.041164274137756 ] ] } },
{ "type": "Feature", "properties": { "tipo": "rua", "nome": "VISCONDE DE MAUA", "drenagem": 1.0, "iluminacao": 1.0, "compriment": 120.47985060540366 }, "geometry": { "type": "MultiLineString", "coordinates": [ [ [ -52.133208393262926, -32.044821894914897 ], [ -52.133877412810236, -32.045116872513432 ] ], [ [ -52.134019200013206, -32.045179387949347 ], [ -52.13434124156084, -32.045321379379537 ] ] ] } },
{ "type": "Feature", "properties": { "tipo": "rua", "nome": "GOMES FREIRE", "drenagem": 1.0, "iluminacao": 1.0, "compriment": 133.30804945743299 }, "geometry": { "type": "MultiLineString", "coordinates": [ [ [ -52.102604730946112, -32.033003577757427 ], [ -52.102659842145393, -32.03301075661544 ] ], [ [ -52.102744986065673, -32.033021847575569 ], [ -52.102919574361685, -32.03304458967888 ] ], [ [ -52.103033314081692, -32.033059405565865 ], [ -52.103999791319978, -32.033185300174488 ] ] ] } },
{ "type": "Feature", "properties": { "tipo": "rua", "nome": "MARECHAL JOAO MASCARENHAS DE MORAES", "drenagem": 1.0, "iluminacao": 1.0, "compriment": 71.116463446320637 }, "geometry": { "type": "LineString", "coordinates": [ [ -52.082926281483594, -32.041164274137756 ], [ -52.082834593376205, -32.041181165433699 ] ] } },
{ "type": "Feature", "properties": { "tipo": "rua", "nome": "OITO DE JULHO", "drenagem": 0.0, "iluminacao": 1.0, "compriment": 73.332395165935964 }, "geometry": { "type": "LineString", "coordinates": [ [ -52.081706607540411, -32.043219872578369 ], [ -52.081888420081334, -32.043184116780061 ] ] } },
{ "type": "Feature", "properties": { "tipo": "rua", "nome": "OITO DE JULHO", "drenagem": 1.0, "iluminacao": 1.0, "compriment": 70.73975412708721 }, "geometry": { "type": "LineString", "coordinates": [ [ -52.081888420081334, -32.043184116780061 ], [ -52.082620376990604, -32.043048902583777 ] ] } },
{ "type": "Feature", "properties": { "tipo": "rua", "nome": "OITO DE JULHO", "drenagem": 1.0, "iluminacao": 1.0, "compriment": 71.311801135605961 }, "geometry": { "type": "LineString", "coordinates": [ [ -52.082620376990604, -32.043048902583777 ], [ -52.083358113255755, -32.04291205166745 ] ] } },
{ "type": "Feature", "properties": { "tipo": "rua", "nome": "OITO DE JULHO", "drenagem": 1.0, "iluminacao": 1.0, "compriment": 73.522430745427741 }, "geometry": { "type": "LineString", "coordinates": [ [ -52.083358113255755, -32.04291205166745 ], [ -52.08411908302724, -32.042772394372214 ] ] } },
{ "type": "Feature", "properties": { "tipo": "rua", "nome": "OITO DE JULHO", "drenagem": 1.0, "iluminacao": 1.0, "compriment": 72.594039247252752 }, "geometry": { "type": "LineString", "coordinates": [ [ -52.08411908302724, -32.042772394372214 ], [ -52.084869087237465, -32.042629247483745 ] ] } },
{ "type": "Feature", "properties": { "tipo": "avenida", "nome": "PRIMEIRO DE MAIO", "drenagem": 1.0, "iluminacao": 1.0, "compriment": 58.202235129697662 }, "geometry": { "type": "LineString", "coordinates": [ [ -52.118149782790503, -32.048716474763189 ], [ -52.118201711762701, -32.048745983740993 ] ] } },
{ "type": "Feature", "properties": { "tipo": "rua", "nome": "BASTOS GUERRA", "drenagem": 1.0, "iluminacao": 1.0, "compriment": 78.8250846943981 }, "geometry": { "type": "LineString", "coordinates": [ [ -52.084869087237465, -32.042629247483745 ], [ -52.08503092835457, -32.043326609555812 ] ] } },
{ "type": "Feature", "properties": { "tipo": "travessa", "nome": "SAUL PORTO", "drenagem": 0.0, "iluminacao": 1.0, "compriment": 95.475707528600495 }, "geometry": { "type": "LineString", "coordinates": [ [ -52.081888420081334, -32.043184116780061 ], [ -52.082107708806831, -32.044024627350936 ] ] } },
{ "type": "Feature", "properties": { "tipo": "avenida", "nome": "PRIMEIRO DE MAIO", "drenagem": 1.0, "iluminacao": 1.0, "compriment": 64.617639634049226 }, "geometry": { "type": "MultiLineString", "coordinates": [ [ [ -52.118201711762701, -32.048745983740993 ], [ -52.118508837117027, -32.04892050720877 ] ], [ [ -52.118515815686173, -32.048924472768988 ], [ -52.118770860130745, -32.049069401347097 ] ] ] } },
{ "type": "Feature", "properties": { "tipo": "avenida", "nome": "PRIMEIRO DE MAIO", "drenagem": 1.0, "iluminacao": 1.0, "compriment": 49.962263948539885 }, "geometry": { "type": "LineString", "coordinates": [ [ -52.118770860130745, -32.049069401347097 ], [ -52.119213733377975, -32.049315846210213 ] ] } },
{ "type": "Feature", "properties": { "tipo": "rua", "nome": "ACACIA RIOGRANDENSE", "drenagem": 1.0, "iluminacao": 1.0, "compriment": 71.336171829210244 }, "geometry": { "type": "LineString", "coordinates": [ [ -52.097439284302695, -32.042227807784826 ], [ -52.097579575229013, -32.042859932517821 ] ] } },
{ "type": "Feature", "properties": { "tipo": "rua", "nome": "ACACIA RIOGRANDENSE", "drenagem": 1.0, "iluminacao": 1.0, "compriment": 71.366858463267945 }, "geometry": { "type": "LineString", "coordinates": [ [ -52.097885733477916, -32.044145884194272 ], [ -52.098043699365078, -32.044775259885995 ] ] } },
{ "type": "Feature", "properties": { "tipo": "rua", "nome": "ACACIA RIOGRANDENSE", "drenagem": 1.0, "iluminacao": 1.0, "compriment": 70.875140366146184 }, "geometry": { "type": "LineString", "coordinates": [ [ -52.098043699365078, -32.044775259885995 ], [ -52.098192597706124, -32.045401713606807 ] ] } },
{ "type": "Feature", "properties": { "tipo": "rua", "nome": "ACACIA RIOGRANDENSE", "drenagem": 1.0, "iluminacao": 1.0, "compriment": 74.731357290211463 }, "geometry": { "type": "MultiLineString", "coordinates": [ [ [ -52.098192597706124, -32.045401713606807 ], [ -52.098231934346423, -32.045575134445805 ] ], [ [ -52.098247673613969, -32.045644523111491 ], [ -52.09834269003386, -32.046063415704545 ] ] ] } },
{ "type": "Feature", "properties": { "tipo": "rua", "nome": "ACACIA RIOGRANDENSE", "drenagem": 1.0, "iluminacao": 1.0, "compriment": 39.101459367403635 }, "geometry": { "type": "LineString", "coordinates": [ [ -52.09834269003386, -32.046063415704545 ], [ -52.098417598448926, -32.046410218176604 ] ] } },
{ "type": "Feature", "properties": { "tipo": "avenida", "nome": "SENADOR SALGADO FILHO", "drenagem": 0.0, "iluminacao": 1.0, "compriment": 33.899882158921635 }, "geometry": { "type": "LineString", "coordinates": [ [ -52.097241723621082, -32.041364197006409 ], [ -52.096989812360057, -32.041146434518033 ] ] } },
{ "type": "Feature", "properties": { "tipo": "avenida", "nome": "SENADOR SALGADO FILHO", "drenagem": 0.0, "iluminacao": 1.0, "compriment": 112.51730608980128 }, "geometry": { "type": "LineString", "coordinates": [ [ -52.096989812360057, -32.041146434518033 ], [ -52.095850368629613, -32.040850381231351 ] ] } },
{ "type": "Feature", "properties": { "tipo": "avenida", "nome": "SENADOR SALGADO FILHO", "drenagem": 1.0, "iluminacao": 1.0, "compriment": 151.98711097630817 }, "geometry": { "type": "LineString", "coordinates": [ [ -52.092003445125044, -32.039729772643852 ], [ -52.090493992497592, -32.039254851051247 ] ] } },
{ "type": "Feature", "properties": { "tipo": "rua", "nome": "REPUBLICA DO LIBANO", "drenagem": 1.0, "iluminacao": 1.0, "compriment": 86.394837576105658 }, "geometry": { "type": "MultiLineString", "coordinates": [ [ [ -52.089437928981241, -32.033039225409425 ], [ -52.089575298542428, -32.033026703557333 ] ], [ [ -52.08963408908081, -32.033021344535875 ], [ -52.089873219158271, -32.032999546755974 ] ], [ [ -52.089966093651711, -32.032991080829028 ], [ -52.090347362143341, -32.032956326494677 ] ] ] } },
{ "type": "Feature", "properties": { "tipo": "rua", "nome": "REPUBLICA DO LIBANO", "drenagem": 1.0, "iluminacao": 1.0, "compriment": 118.64755633745902 }, "geometry": { "type": "MultiLineString", "coordinates": [ [ [ -52.090347362143341, -32.032956326494677 ], [ -52.09060688108621, -32.03291336744725 ] ], [ [ -52.090829197508178, -32.032876566658807 ], [ -52.090952759289998, -32.032856113059594 ] ], [ [ -52.091013045040256, -32.032846133755676 ], [ -52.091580366959114, -32.03275222304169 ] ] ] } },
{ "type": "Feature", "properties": { "tipo": "rua", "nome": "REPUBLICA DO LIBANO", "drenagem": 1.0, "iluminacao": 1.0, "compriment": 43.778665313776457 }, "geometry": { "type": "LineString", "coordinates": [ [ -52.091580366959114, -32.03275222304169 ], [ -52.092035320632284, -32.032676909776981 ] ] } },
{ "type": "Feature", "properties": { "tipo": "rua", "nome": "REPUBLICA DO LIBANO", "drenagem": 1.0, "iluminacao": 1.0, "compriment": 53.393501524744991 }, "geometry": { "type": "LineString", "coordinates": [ [ -52.092667516047648, -32.032572252922783 ], [ -52.092722722242272, -32.032562675970269 ] ] } },
{ "type": "Feature", "properties": { "tipo": "rua", "nome": "MATHEO TONIETTI", "drenagem": 0.0, "iluminacao": 1.0, "compriment": 170.66560456743022 }, "geometry": { "type": "LineString", "coordinates": [ [ -52.092297204154612, -32.040204315470824 ], [ -52.091877043305203, -32.040083162977695 ] ] } },
{ "type": "Feature", "properties": { "tipo": "rua", "nome": "DO RIACHUELO", "drenagem": 1.0, "iluminacao": 1.0, "compriment": 107.66832437279643 }, "geometry": { "type": "LineString", "coordinates": [ [ -52.08971015568347, -32.030650037422781 ], [ -52.090822790501065, -32.030439285323887 ] ] } },
{ "type": "Feature", "properties": { "tipo": "rua", "nome": "CRISTOVAO COLOMBO", "drenagem": 1.0, "iluminacao": 1.0, "compriment": 135.41033462660738 }, "geometry": { "type": "MultiLineString", "coordinates": [ [ [ -52.112468060098514, -32.034619959734272 ], [ -52.111981197999093, -32.035413352325563 ] ], [ [ -52.111859855860985, -32.035611092000721 ], [ -52.111803961340023, -32.035702177954789 ] ] ] } },
{ "type": "Feature", "properties": { "tipo": "rua", "nome": "CRISTOVAO COLOMBO", "drenagem": 1.0, "iluminacao": 1.0, "compriment": 96.783529576183014 }, "geometry": { "type": "LineString", "coordinates": [ [ -52.111803961340023, -32.035702177954789 ], [ -52.111351859256956, -32.036485431316684 ] ] } },
{ "type": "Feature", "properties": { "tipo": "rua", "nome": "CRISTOVAO COLOMBO", "drenagem": 1.0, "iluminacao": 1.0, "compriment": 3.6610805410242211 }, "geometry": { "type": "LineString", "coordinates": [ [ -52.111351859256956, -32.036485431316684 ], [ -52.111334823256641, -32.036515087409263 ] ] } },
{ "type": "Feature", "properties": { "tipo": "rua", "nome": "CRISTOVAO COLOMBO", "drenagem": 1.0, "iluminacao": 1.0, "compriment": 96.009266609184067 }, "geometry": { "type": "LineString", "coordinates": [ [ -52.111314960204091, -32.036549664795878 ], [ -52.110864089283993, -32.037325651355218 ] ] } },
{ "type": "Feature", "properties": { "tipo": "rua", "nome": "CRISTOVAO COLOMBO", "drenagem": 1.0, "iluminacao": 1.0, "compriment": 95.782841470727007 }, "geometry": { "type": "LineString", "coordinates": [ [ -52.110864089283993, -32.037325651355218 ], [ -52.110424999446103, -32.038104261093302 ] ] } },
{ "type": "Feature", "properties": { "tipo": "rua", "nome": "CRISTOVAO COLOMBO", "drenagem": 1.0, "iluminacao": 1.0, "compriment": 89.628928550557674 }, "geometry": { "type": "LineString", "coordinates": [ [ -52.110386379178351, -32.038165507718482 ], [ -52.109977667279487, -32.03889497808445 ] ] } },
{ "type": "Feature", "properties": { "tipo": "rua", "nome": "CRISTOVAO COLOMBO", "drenagem": 1.0, "iluminacao": 1.0, "compriment": 101.77365747573037 }, "geometry": { "type": "LineString", "coordinates": [ [ -52.109454077380718, -32.039755106728713 ], [ -52.108962125304878, -32.040571675243399 ] ] } },
{ "type": "Feature", "properties": { "tipo": "rua", "nome": "DOUTOR NAPOLEAO LAUREANO", "drenagem": 1.0, "iluminacao": 1.0, "compriment": 62.631109326747577 }, "geometry": { "type": "MultiLineString", "coordinates": [ [ [ -52.09257340747213, -32.032013153764566 ], [ -52.092585419721352, -32.032084518551358 ] ], [ [ -52.092648691593681, -32.032460416819561 ], [ -52.092667516047648, -32.032572252922783 ] ] ] } },
{ "type": "Feature", "properties": { "tipo": "rua", "nome": "CRISTOVAO COLOMBO", "drenagem": 1.0, "iluminacao": 1.0, "compriment": 93.203319176354782 }, "geometry": { "type": "LineString", "coordinates": [ [ -52.108962125304878, -32.040571675243399 ], [ -52.108516610080336, -32.041321656657175 ] ] } },
{ "type": "Feature", "properties": { "tipo": "rua", "nome": "CRISTOVAO COLOMBO", "drenagem": 1.0, "iluminacao": 1.0, "compriment": 93.359002396178255 }, "geometry": { "type": "LineString", "coordinates": [ [ -52.108471217693697, -32.041411985498755 ], [ -52.108018382939541, -32.042160361172257 ] ] } },
{ "type": "Feature", "properties": { "tipo": "rua", "nome": "GENERAL VITORINO", "drenagem": 1.0, "iluminacao": 1.0, "compriment": 81.495824118059161 }, "geometry": { "type": "MultiLineString", "coordinates": [ [ [ -52.100332287195599, -32.034866248158046 ], [ -52.10044525885764, -32.03484252585298 ] ], [ [ -52.101053546407023, -32.034714794857834 ], [ -52.101169988393956, -32.034690343838115 ] ] ] } },
{ "type": "Feature", "properties": { "tipo": "rua", "nome": "CONDE DE PORTO ALEGRE", "drenagem": 0.0, "iluminacao": 1.0, "compriment": 124.97076260733535 }, "geometry": { "type": "MultiLineString", "coordinates": [ [ [ -52.096969959029096, -32.033750574609272 ], [ -52.097087951362219, -32.033725626356045 ] ], [ [ -52.097243817532295, -32.0336926700734 ], [ -52.097624609096556, -32.033612155652499 ] ], [ [ -52.097864101683669, -32.033561517432609 ], [ -52.098254015460853, -32.03347907421454 ] ] ] } },
{ "type": "Feature", "properties": { "tipo": "rua", "nome": "DEZENOVE DE FEVEREIRO", "drenagem": 1.0, "iluminacao": 1.0, "compriment": 182.74221397195174 }, "geometry": { "type": "LineString", "coordinates": [ [ -52.100820332387414, -32.032283457621084 ], [ -52.10164539380488, -32.032134132117818 ] ] } },
{ "type": "Feature", "properties": { "tipo": "rua", "nome": "ARTHUR ROCHA", "drenagem": 0.0, "iluminacao": 1.0, "compriment": 53.099731943571157 }, "geometry": { "type": "LineString", "coordinates": [ [ -52.137772345534188, -32.055412653725369 ], [ -52.137913708581912, -32.055449917435851 ] ] } },
{ "type": "Feature", "properties": { "tipo": "rua", "nome": "PINTO BANDEIRA", "drenagem": 1.0, "iluminacao": 1.0, "compriment": 59.234943084061605 }, "geometry": { "type": "LineString", "coordinates": [ [ -52.13593835885942, -32.053507460212039 ], [ -52.13653454483169, -32.053673448943925 ] ] } },
{ "type": "Feature", "properties": { "tipo": "rua", "nome": "DOM PEDRO I", "drenagem": 1.0, "iluminacao": 1.0, "compriment": 166.52472622517837 }, "geometry": { "type": "LineString", "coordinates": [ [ -52.118011856979834, -32.034826905167186 ], [ -52.117214360398975, -32.036166216198019 ] ] } },
{ "type": "Feature", "properties": { "tipo": "rua", "nome": "DOM PEDRO I", "drenagem": 1.0, "iluminacao": 1.0, "compriment": 162.00394807713531 }, "geometry": { "type": "LineString", "coordinates": [ [ -52.117118393633739, -32.036334775053788 ], [ -52.116349947618851, -32.037640910040018 ] ] } },
{ "type": "Feature", "properties": { "tipo": "rua", "nome": "DOM PEDRO I", "drenagem": 1.0, "iluminacao": 1.0, "compriment": 99.939292397945039 }, "geometry": { "type": "LineString", "coordinates": [ [ -52.115868208250362, -32.038453462790741 ], [ -52.115415391918091, -32.039268026440389 ] ] } },
{ "type": "Feature", "properties": { "tipo": "rua", "nome": "MARECHAL FLORIANO PEIXOTO", "drenagem": 1.0, "iluminacao": 1.0, "compriment": 117.66506270186882 }, "geometry": { "type": "LineString", "coordinates": [ [ -52.089991812108821, -32.03168920092493 ], [ -52.091178402223747, -32.031366338072537 ] ] } },
{ "type": "Feature", "properties": { "tipo": "rua", "nome": "MARECHAL FLORIANO PEIXOTO", "drenagem": 1.0, "iluminacao": 1.0, "compriment": 81.293823788907332 }, "geometry": { "type": "LineString", "coordinates": [ [ -52.091178402223747, -32.031366338072537 ], [ -52.092021366662536, -32.031218654865107 ] ] } },
{ "type": "Feature", "properties": { "tipo": "rua", "nome": "MONTEIRO LOBATO", "drenagem": 0.0, "iluminacao": 1.0, "compriment": 29.804678242343584 }, "geometry": { "type": "LineString", "coordinates": [ [ -52.084537733648752, -32.036490207097714 ], [ -52.084847524671837, -32.036439127903279 ] ] } },
{ "type": "Feature", "properties": { "tipo": "rua", "nome": "MONTEIRO LOBATO", "drenagem": 1.0, "iluminacao": 1.0, "compriment": 67.721553126517179 }, "geometry": { "type": "MultiLineString", "coordinates": [ [ [ -52.085542819486932, -32.036290110068009 ], [ -52.085370798794621, -32.036326978099574 ] ], [ [ -52.084883797701046, -32.036431353750253 ], [ -52.084847524671837, -32.036439127903279 ] ] ] } },
{ "type": "Feature", "properties": { "tipo": "rua", "nome": "CINCO", "drenagem": 1.0, "iluminacao": 1.0, "compriment": 111.77272906969412 }, "geometry": { "type": "MultiLineString", "coordinates": [ [ [ -52.085540397014682, -32.036238493920074 ], [ -52.08547864921843, -32.035988202894757 ] ], [ [ -52.085451900832979, -32.035879779902714 ], [ -52.085410759173563, -32.035713014629401 ] ], [ [ -52.085371279298592, -32.03555298530064 ], [ -52.0852970389682, -32.03525205653002 ] ] ] } },
{ "type": "Feature", "properties": { "tipo": "rua", "nome": "JOAO PESSOA", "drenagem": 1.0, "iluminacao": 1.0, "compriment": 119.14882036888781 }, "geometry": { "type": "MultiLineString", "coordinates": [ [ [ -52.086326102849739, -32.035050217061006 ], [ -52.086341378601894, -32.035233463057686 ] ], [ [ -52.086348043936631, -32.03546820776797 ], [ -52.086348539339021, -32.035504500665326 ], [ -52.086330476663996, -32.035604519763794 ], [ -52.086182468622155, -32.036107377511556 ] ] ] } },
{ "type": "Feature", "properties": { "tipo": "rua", "nome": "1 VELHA", "drenagem": 1.0, "iluminacao": 1.0, "compriment": 112.60070666226547 }, "geometry": { "type": "MultiLineString", "coordinates": [ [ [ -52.086788410479649, -32.036408288207404 ], [ -52.086775928868818, -32.036533442252633 ] ], [ [ -52.086756754040067, -32.036725709694423 ], [ -52.086687503087234, -32.037420094177271 ] ] ] } },
{ "type": "Feature", "properties": { "tipo": "rua", "nome": "1 VELHA", "drenagem": 0.0, "iluminacao": 1.0, "compriment": 140.7328175884727 }, "geometry": { "type": "MultiLineString", "coordinates": [ [ [ -52.086065615902463, -32.042433710176837 ], [ -52.085828617408225, -32.042721182546416 ], [ -52.085352047708874, -32.0431601527672 ], [ -52.085325881127204, -32.043173727357143 ] ], [ [ -52.085152669233167, -32.043263585500036 ], [ -52.085031187398791, -32.043326607338656 ] ] ] } },
{ "type": "Feature", "properties": { "tipo": "rua", "nome": "OITO DE JULHO", "drenagem": 0.0, "iluminacao": 0.0, "compriment": 7.9512943886901581 }, "geometry": { "type": "LineString", "coordinates": [ [ -52.086065615902463, -32.042433710176837 ], [ -52.086008347474255, -32.042381152105875 ] ] } },
{ "type": "Feature", "properties": { "tipo": "rua", "nome": "FRANCISCO PASTORE", "drenagem": 1.0, "iluminacao": 1.0, "compriment": 277.67802222068531 }, "geometry": { "type": "MultiLineString", "coordinates": [ [ [ -52.109576669707693, -32.048551767348229 ], [ -52.108256276762525, -32.050096059887807 ] ], [ [ -52.108207922896881, -32.050152613139048 ], [ -52.107845877412473, -32.050576050830536 ] ] ] } },
{ "type": "Feature", "properties": { "tipo": "rua", "nome": "MESTRE JERONIMO", "drenagem": 1.0, "iluminacao": 1.0, "compriment": 144.78741205623575 }, "geometry": { "type": "MultiLineString", "coordinates": [ [ [ -52.109922386808606, -32.047198299662817 ], [ -52.109566182144491, -32.047611481259459 ] ], [ [ -52.109262241487762, -32.047964038927802 ], [ -52.109015052615177, -32.048250767046028 ] ] ] } },
{ "type": "Feature", "properties": { "tipo": "rua", "nome": "ENGENHEIRO ELMER LAWSORENCE CORTHEILL", "drenagem": 0.0, "iluminacao": 0.0, "compriment": 117.47208637558325 }, "geometry": { "type": "MultiLineString", "coordinates": [ [ [ -52.143112967983157, -32.051210436926851 ], [ -52.143997131129559, -32.051604826772632 ] ], [ [ -52.144131649930458, -32.051664830233932 ], [ -52.144214862383244, -32.051701947983702 ] ] ] } },
{ "type": "Feature", "properties": { "tipo": "avenida", "nome": "JOSE BONIFACIO", "drenagem": 1.0, "iluminacao": 1.0, "compriment": 54.732620012941673 }, "geometry": { "type": "LineString", "coordinates": [ [ -52.136727416917566, -32.056682479460491 ], [ -52.136729934848233, -32.056683145241045 ] ] } },
{ "type": "Feature", "properties": { "tipo": "rua", "nome": "REPUBLICA", "drenagem": 1.0, "iluminacao": 1.0, "compriment": 99.450245301380221 }, "geometry": { "type": "LineString", "coordinates": [ [ -52.113860416062941, -32.044340956280408 ], [ -52.113718469051797, -32.044595146875629 ] ] } },
{ "type": "Feature", "properties": { "tipo": "rua", "nome": "REPUBLICA", "drenagem": 1.0, "iluminacao": 1.0, "compriment": 21.399240138709807 }, "geometry": { "type": "LineString", "coordinates": [ [ -52.113718469051797, -32.044595146875629 ], [ -52.113612910188145, -32.044765904759174 ] ] } },
{ "type": "Feature", "properties": { "tipo": "rua", "nome": "1 VELHA", "drenagem": 0.0, "iluminacao": 0.0, "compriment": 74.382971599352473 }, "geometry": { "type": "MultiLineString", "coordinates": [ [ [ -52.085031187398791, -32.043326607338656 ], [ -52.085002953746752, -32.043365953478862 ], [ -52.084874699480125, -32.043434548283514 ] ], [ [ -52.084649122932589, -32.043506513989321 ], [ -52.08432894382122, -32.043606182612521 ] ] ] } },
{ "type": "Feature", "properties": { "tipo": "rua", "nome": "ABDALA NADER", "drenagem": 1.0, "iluminacao": 1.0, "compriment": 94.615204531286594 }, "geometry": { "type": "LineString", "coordinates": [ [ -52.08411908302724, -32.042772394372214 ], [ -52.084327336503542, -32.043572020771926 ], [ -52.08432894382122, -32.043606182612521 ] ] } },
{ "type": "Feature", "properties": { "tipo": "rua", "nome": "EDGAR FONTOURA", "drenagem": 1.0, "iluminacao": 1.0, "compriment": 83.461334682517631 }, "geometry": { "type": "LineString", "coordinates": [ [ -52.085827256852511, -32.037592040612559 ], [ -52.086687503087234, -32.037420094177271 ] ] } },
{ "type": "Feature", "properties": { "tipo": "rua", "nome": "EDGAR FONTOURA", "drenagem": 1.0, "iluminacao": 1.0, "compriment": 9.2901613861613708 }, "geometry": { "type": "LineString", "coordinates": [ [ -52.085731183278625, -32.037609984170743 ], [ -52.085827256852511, -32.037592040612559 ] ] } },
{ "type": "Feature", "properties": { "tipo": "travessa", "nome": "FRONTEIRA DO SUL", "drenagem": 0.0, "iluminacao": 1.0, "compriment": 94.56598526160144 }, "geometry": { "type": "MultiLineString", "coordinates": [ [ [ -52.124453395583828, -32.047229297653338 ], [ -52.124297060530786, -32.047452552366686 ] ], [ [ -52.124259867850469, -32.047505665478695 ], [ -52.123940505789641, -32.047961731370222 ] ] ] } },
{ "type": "Feature", "properties": { "tipo": "rua", "nome": "MACEDONIA", "drenagem": 0.0, "iluminacao": 1.0, "compriment": 97.136612122008273 }, "geometry": { "type": "MultiLineString", "coordinates": [ [ [ -52.123943585295613, -32.046976160469832 ], [ -52.123867912996914, -32.047100095786838 ] ], [ [ -52.123751961553403, -32.047289999875339 ], [ -52.123679373174923, -32.047408884379344 ] ], [ [ -52.123616515028573, -32.047511832808667 ], [ -52.123469054319699, -32.047753342449774 ] ] ] } },
{ "type": "Feature", "properties": { "tipo": "travessa", "nome": "PERNAMBUCO", "drenagem": 0.0, "iluminacao": 1.0, "compriment": 116.42086439406445 }, "geometry": { "type": "MultiLineString", "coordinates": [ [ [ -52.123062268498124, -32.048805531457795 ], [ -52.122950374822977, -32.048963938527159 ] ], [ [ -52.122652914332846, -32.049385051198939 ], [ -52.122426790881292, -32.04970517253939 ] ] ] } },
{ "type": "Feature", "properties": { "tipo": "rua", "nome": "GENERAL ABREU", "drenagem": 0.0, "iluminacao": 1.0, "compriment": 120.09651379871644 }, "geometry": { "type": "LineString", "coordinates": [ [ -52.106196319465575, -32.040431965747082 ], [ -52.107334624056413, -32.04091456825018 ] ] } },
{ "type": "Feature", "properties": { "tipo": "rua", "nome": "EDGAR FONTOURA", "drenagem": 1.0, "iluminacao": 1.0, "compriment": 35.712075606516109 }, "geometry": { "type": "LineString", "coordinates": [ [ -52.086687503087234, -32.037420094177271 ], [ -52.087058184566025, -32.037356666602335 ] ] } },
{ "type": "Feature", "properties": { "tipo": "rua", "nome": "MARCIANO ESPINDOLA", "drenagem": 1.0, "iluminacao": 1.0, "compriment": 47.753769071674974 }, "geometry": { "type": "LineString", "coordinates": [ [ -52.086114060231345, -32.038707600164237 ], [ -52.086603449653175, -32.038599489506048 ] ] } },
{ "type": "Feature", "properties": { "tipo": "rua", "nome": "SEM DENOMINACAO", "drenagem": 0.0, "iluminacao": 1.0, "compriment": 158.57472205494491 }, "geometry": { "type": "MultiLineString", "coordinates": [ [ [ -52.086113895677478, -32.039957079523774 ], [ -52.086116148512929, -32.039922845325755 ], [ -52.086111173040038, -32.039870670065177 ] ], [ [ -52.086091458872531, -32.039687483304427 ], [ -52.086057600419217, -32.039470686282371 ] ], [ [ -52.086042056701814, -32.0392627083055 ], [ -52.086067628995892, -32.039060880894617 ], [ -52.086039453352683, -32.038868697616877 ], [ -52.085993457692901, -32.038732055464124 ] ] ] } },
{ "type": "Feature", "properties": { "tipo": "rua", "nome": "MARCIANO ESPINDOLA", "drenagem": 1.0, "iluminacao": 1.0, "compriment": 11.709653379794776 }, "geometry": { "type": "LineString", "coordinates": [ [ -52.085993457692901, -32.038732055464124 ], [ -52.086114060231345, -32.038707600164237 ] ] } },
{ "type": "Feature", "properties": { "tipo": "rua", "nome": "GENERAL ABREU", "drenagem": 0.0, "iluminacao": 1.0, "compriment": 120.69320783853422 }, "geometry": { "type": "LineString", "coordinates": [ [ -52.107334624056413, -32.04091456825018 ], [ -52.108471217693697, -32.041411985498755 ] ] } },
{ "type": "Feature", "properties": { "tipo": "rua", "nome": "GENERAL ABREU", "drenagem": 0.0, "iluminacao": 1.0, "compriment": 118.72294594400933 }, "geometry": { "type": "LineString", "coordinates": [ [ -52.108492691984686, -32.041373506915448 ], [ -52.109624042028678, -32.041840087940308 ] ] } },
{ "type": "Feature", "properties": { "tipo": "rua", "nome": "AQUIDABAN", "drenagem": 1.0, "iluminacao": 1.0, "compriment": 116.61037431423819 }, "geometry": { "type": "LineString", "coordinates": [ [ -52.104198885665994, -32.032194021447019 ], [ -52.105421320629794, -32.032340651875842 ] ] } },
{ "type": "Feature", "properties": { "tipo": "avenida", "nome": "PRESIDENTE VARGAS", "drenagem": 1.0, "iluminacao": 1.0, "compriment": 104.45968728310881 }, "geometry": { "type": "LineString", "coordinates": [ [ -52.118329932423954, -32.050802414362266 ], [ -52.119328253876738, -32.05120799774987 ] ] } },
{ "type": "Feature", "properties": { "tipo": "avenida", "nome": "PRESIDENTE VARGAS", "drenagem": 1.0, "iluminacao": 1.0, "compriment": 101.60990122040751 }, "geometry": { "type": "LineString", "coordinates": [ [ -52.119328253876738, -32.05120799774987 ], [ -52.120297383395979, -32.051605998202859 ] ] } },
{ "type": "Feature", "properties": { "tipo": "avenida", "nome": "PRESIDENTE VARGAS", "drenagem": 1.0, "iluminacao": 1.0, "compriment": 50.357006583131714 }, "geometry": { "type": "LineString", "coordinates": [ [ -52.123685960913171, -32.052984658261316 ], [ -52.124168150355132, -32.053178533381498 ] ] } },
{ "type": "Feature", "properties": { "tipo": "rua", "nome": "GENERAL ABREU", "drenagem": 0.0, "iluminacao": 1.0, "compriment": 59.78184172659212 }, "geometry": { "type": "MultiLineString", "coordinates": [ [ [ -52.120325101747682, -32.046405221069939 ], [ -52.120366809667296, -32.04642392457189 ] ], [ [ -52.120778461786877, -32.046608525872877 ], [ -52.120885190535844, -32.046656387319409 ] ] ] } },
{ "type": "Feature", "properties": { "tipo": "rua", "nome": "GENERAL ABREU", "drenagem": 0.0, "iluminacao": 1.0, "compriment": 55.129812726871563 }, "geometry": { "type": "MultiLineString", "coordinates": [ [ [ -52.120885190535844, -32.046656387319409 ], [ -52.120975424805607, -32.046695837368731 ] ], [ [ -52.121284588753653, -32.046831002567409 ], [ -52.121404494351097, -32.046883424798409 ] ] ] } },
{ "type": "Feature", "properties": { "tipo": "rua", "nome": "GENERAL ABREU", "drenagem": 0.0, "iluminacao": 1.0, "compriment": 59.165111486111385 }, "geometry": { "type": "LineString", "coordinates": [ [ -52.122294216522221, -32.04726265890406 ], [ -52.122510155604978, -32.047358028187936 ] ] } },
{ "type": "Feature", "properties": { "tipo": "rua", "nome": "GENERAL ABREU", "drenagem": 0.0, "iluminacao": 1.0, "compriment": 54.809297126498009 }, "geometry": { "type": "MultiLineString", "coordinates": [ [ [ -52.122510155604978, -32.047358028187936 ], [ -52.122595244110876, -32.04739338203354 ] ], [ [ -52.122863638407345, -32.047504898511811 ], [ -52.123031735238577, -32.047574741898472 ] ] ] } },
{ "type": "Feature", "properties": { "tipo": "rua", "nome": "GENERAL ABREU", "drenagem": 0.0, "iluminacao": 1.0, "compriment": 46.891204652496413 }, "geometry": { "type": "LineString", "coordinates": [ [ -52.123031735238577, -32.047574741898472 ], [ -52.123475098057696, -32.04776507209175 ] ] } },
{ "type": "Feature", "properties": { "tipo": "rua", "nome": "GENERAL ABREU", "drenagem": 0.0, "iluminacao": 1.0, "compriment": 48.945306485222574 }, "geometry": { "type": "LineString", "coordinates": [ [ -52.123475098057696, -32.04776507209175 ], [ -52.123942387038156, -32.047955939863542 ] ] } },
{ "type": "Feature", "properties": { "tipo": "rua", "nome": "AQUIDABAN", "drenagem": 1.0, "iluminacao": 1.0, "compriment": 37.834931351155859 }, "geometry": { "type": "LineString", "coordinates": [ [ -52.105494057934116, -32.032351358925155 ], [ -52.105891979146406, -32.032390308263281 ] ] } },
{ "type": "Feature", "properties": { "tipo": "rua", "nome": "AQUIDABAN", "drenagem": 1.0, "iluminacao": 1.0, "compriment": 92.607423316040098 }, "geometry": { "type": "LineString", "coordinates": [ [ -52.105891979146406, -32.032390308263281 ], [ -52.106859366703794, -32.032525869949275 ] ] } },
{ "type": "Feature", "properties": { "tipo": "rua", "nome": "AQUIDABAN", "drenagem": 1.0, "iluminacao": 1.0, "compriment": 45.830378350251635 }, "geometry": { "type": "LineString", "coordinates": [ [ -52.106859366703794, -32.032525869949275 ], [ -52.107339199013701, -32.032587089234063 ] ] } },
{ "type": "Feature", "properties": { "tipo": "avenida", "nome": "PORTUGAL", "drenagem": 1.0, "iluminacao": 1.0, "compriment": 17.795584138955686 }, "geometry": { "type": "LineString", "coordinates": [ [ -52.107597231696325, -32.03274820169073 ], [ -52.107604207310359, -32.032752350017788 ] ] } },
{ "type": "Feature", "properties": { "tipo": "rua", "nome": "DEPUTADO FERNANDO FERRARI", "drenagem": 1.0, "iluminacao": 1.0, "compriment": 8.3597290682776819 }, "geometry": { "type": "LineString", "coordinates": [ [ -52.085877031154354, -32.040589534097151 ], [ -52.085895871497932, -32.040663195557713 ] ] } },
{ "type": "Feature", "properties": { "tipo": "rua", "nome": "GENERAL ABREU", "drenagem": 0.0, "iluminacao": 1.0, "compriment": 68.814320095457944 }, "geometry": { "type": "LineString", "coordinates": [ [ -52.123942387038156, -32.047955939863542 ], [ -52.124599417238095, -32.04822420596156 ] ] } },
{ "type": "Feature", "properties": { "tipo": "rua", "nome": "GENERAL ABREU", "drenagem": 0.0, "iluminacao": 1.0, "compriment": 64.392406850284473 }, "geometry": { "type": "LineString", "coordinates": [ [ -52.124599417238095, -32.04822420596156 ], [ -52.125207729752802, -32.048486468623672 ] ] } },
{ "type": "Feature", "properties": { "tipo": "rua", "nome": "CARLOS GOMES", "drenagem": 1.0, "iluminacao": 1.0, "compriment": 118.91446939261414 }, "geometry": { "type": "MultiLineString", "coordinates": [ [ [ -52.100116345852349, -32.033934493634163 ], [ -52.100318149307846, -32.033896122194236 ] ], [ [ -52.100589059814055, -32.033844610557878 ], [ -52.100895796685343, -32.033786286802211 ] ] ] } },
{ "type": "Feature", "properties": { "tipo": "rua", "nome": "CARLOS GOMES", "drenagem": 1.0, "iluminacao": 1.0, "compriment": 103.36779405205868 }, "geometry": { "type": "LineString", "coordinates": [ [ -52.102095965708813, -32.033754717240527 ], [ -52.102432728765066, -32.033791896174492 ] ] } },
{ "type": "Feature", "properties": { "tipo": "rua", "nome": "CARLOS GOMES", "drenagem": 1.0, "iluminacao": 1.0, "compriment": 133.1934810150712 }, "geometry": { "type": "LineString", "coordinates": [ [ -52.102432728765066, -32.033791896174492 ], [ -52.103828363205828, -32.03396336465017 ] ] } },
{ "type": "Feature", "properties": { "tipo": "rua", "nome": "CARLOS GOMES", "drenagem": 1.0, "iluminacao": 1.0, "compriment": 191.37161887498576 }, "geometry": { "type": "LineString", "coordinates": [ [ -52.103828363205828, -32.03396336465017 ], [ -52.105832789716835, -32.03421451067895 ] ] } },
{ "type": "Feature", "properties": { "tipo": "avenida", "nome": "PRESIDENTE VARGAS", "drenagem": 1.0, "iluminacao": 1.0, "compriment": 77.345030932340791 }, "geometry": { "type": "LineString", "coordinates": [ [ -52.110178811186664, -32.04716129165805 ], [ -52.109471243424743, -32.046810103175559 ] ] } },
{ "type": "Feature", "properties": { "tipo": "rua", "nome": "DEPUTADO FERNANDO FERRARI", "drenagem": 0.0, "iluminacao": 0.0, "compriment": 44.837026406371123 }, "geometry": { "type": "LineString", "coordinates": [ [ -52.086412105969359, -32.040879926354741 ], [ -52.086262367794603, -32.040874999062105 ], [ -52.086085108011616, -32.040870338979886 ], [ -52.08601572561237, -32.040874464080453 ], [ -52.085943916556019, -32.040848598754216 ] ] } },
{ "type": "Feature", "properties": { "tipo": "rua", "nome": "1 VELHA", "drenagem": 1.0, "iluminacao": 1.0, "compriment": 77.216457392155917 }, "geometry": { "type": "MultiLineString", "coordinates": [ [ [ -52.086412105969359, -32.040879926354741 ], [ -52.086405945379482, -32.040953346386409 ] ], [ [ -52.086375373885616, -32.041317688128409 ], [ -52.086353824767805, -32.041574503943693 ] ] ] } },
{ "type": "Feature", "properties": { "tipo": "rua", "nome": "1 VELHA", "drenagem": 0.0, "iluminacao": 0.0, "compriment": 85.582420659440714 }, "geometry": { "type": "MultiLineString", "coordinates": [ [ [ -52.085943459149838, -32.040846833627896 ], [ -52.085909881882891, -32.040867867930416 ], [ -52.085895812984333, -32.040905061067399 ], [ -52.085887081288838, -32.040955448707109 ], [ -52.085848008557015, -32.040981381138359 ], [ -52.085737678867112, -32.041028225518616 ], [ -52.08572899886201, -32.041057913622602 ] ], [ [ -52.085671957077551, -32.041286039805364 ], [ -52.085639263808865, -32.041382140959804 ], [ -52.085637009485232, -32.041454540149417 ], [ -52.08567803542951, -32.041506267029661 ] ] ] } },
{ "type": "Feature", "properties": { "tipo": "rua", "nome": "1 VELHA", "drenagem": 1.0, "iluminacao": 1.0, "compriment": 17.761717570224612 }, "geometry": { "type": "LineString", "coordinates": [ [ -52.086365404669131, -32.04204329657378 ], [ -52.086329273194337, -32.042042694340658 ] ] } },
{ "type": "Feature", "properties": { "tipo": "rua", "nome": "1 VELHA", "drenagem": 1.0, "iluminacao": 1.0, "compriment": 40.474916452975464 }, "geometry": { "type": "LineString", "coordinates": [ [ -52.086517343742145, -32.04204583198694 ], [ -52.086944283355486, -32.042076753684306 ] ] } },
{ "type": "Feature", "properties": { "tipo": "rua", "nome": "OITO DE JULHO", "drenagem": 0.0, "iluminacao": 1.0, "compriment": 81.765549804299667 }, "geometry": { "type": "MultiLineString", "coordinates": [ [ [ -52.086065615902463, -32.042433710176837 ], [ -52.086247449547805, -32.042519635029123 ], [ -52.086322828908145, -32.042545224045924 ] ], [ [ -52.086781519257393, -32.042569739017381 ], [ -52.086898051276044, -32.042575569069392 ] ] ] } },
{ "type": "Feature", "properties": { "tipo": "rua", "nome": "DOM BOSCO", "drenagem": 1.0, "iluminacao": 1.0, "compriment": 118.91293812487693 }, "geometry": { "type": "MultiLineString", "coordinates": [ [ [ -52.110578395990515, -32.040239432361275 ], [ -52.110607299285704, -32.0402519669247 ] ], [ [ -52.11076508589143, -32.040320394631813 ], [ -52.111078520835079, -32.040456322738152 ] ] ] } },
{ "type": "Feature", "properties": { "tipo": "rua", "nome": "DOM BOSCO", "drenagem": 1.0, "iluminacao": 1.0, "compriment": 121.12839804563232 }, "geometry": { "type": "LineString", "coordinates": [ [ -52.111721280746366, -32.040734926299926 ], [ -52.112249923054115, -32.040960556901858 ] ] } },
{ "type": "Feature", "properties": { "tipo": "rua", "nome": "MARECHAL JOAO MASCARENHAS DE MORAES", "drenagem": 1.0, "iluminacao": 1.0, "compriment": 67.717513040533717 }, "geometry": { "type": "LineString", "coordinates": [ [ -52.085895871497932, -32.040663195557713 ], [ -52.085194983481429, -32.040791762077305 ] ] } },
{ "type": "Feature", "properties": { "tipo": "rua", "nome": "MARECHAL JOAO MASCARENHAS DE MORAES", "drenagem": 1.0, "iluminacao": 1.0, "compriment": 75.229375700078677 }, "geometry": { "type": "LineString", "coordinates": [ [ -52.085194983481429, -32.040791762077305 ], [ -52.084419057803764, -32.040944926693513 ] ] } },
{ "type": "Feature", "properties": { "tipo": "rua", "nome": "MARECHAL JOAO MASCARENHAS DE MORAES", "drenagem": 1.0, "iluminacao": 1.0, "compriment": 71.024048789615563 }, "geometry": { "type": "LineString", "coordinates": [ [ -52.084419057803764, -32.040944926693513 ], [ -52.083684928465068, -32.041083606425531 ] ] } },
{ "type": "Feature", "properties": { "tipo": "rua", "nome": "DOM BOSCO", "drenagem": 1.0, "iluminacao": 1.0, "compriment": 61.870255764838959 }, "geometry": { "type": "LineString", "coordinates": [ [ -52.124570224922721, -32.046202387869883 ], [ -52.125164327687109, -32.046437474695679 ] ] } },
{ "type": "Feature", "properties": { "tipo": "rua", "nome": "CARLOS GOMES", "drenagem": 1.0, "iluminacao": 1.0, "compriment": 79.428389104667076 }, "geometry": { "type": "LineString", "coordinates": [ [ -52.105832789716835, -32.03421451067895 ], [ -52.106662610043671, -32.034330333801726 ] ] } },
{ "type": "Feature", "properties": { "tipo": "rua", "nome": "MORON", "drenagem": 0.0, "iluminacao": 1.0, "compriment": 91.609397267884873 }, "geometry": { "type": "LineString", "coordinates": [ [ -52.108220561227967, -32.030198731900377 ], [ -52.107764175568299, -32.030927682970976 ] ] } },
{ "type": "Feature", "properties": { "tipo": "rua", "nome": "MORON", "drenagem": 0.0, "iluminacao": 1.0, "compriment": 117.63601478805066 }, "geometry": { "type": "LineString", "coordinates": [ [ -52.106859366703794, -32.032525869949275 ], [ -52.10630516761865, -32.033475897210565 ] ] } },
{ "type": "Feature", "properties": { "tipo": "avenida", "nome": "COMENDADOR VASCO VIEIRA DA FONSECA", "drenagem": 1.0, "iluminacao": 1.0, "compriment": 141.6519049285935 }, "geometry": { "type": "LineString", "coordinates": [ [ -52.103415942439483, -32.028730317793304 ], [ -52.10490415035526, -32.028887067115384 ] ] } },
{ "type": "Feature", "properties": { "tipo": "avenida", "nome": "COMENDADOR VASCO VIEIRA DA FONSECA", "drenagem": 1.0, "iluminacao": 1.0, "compriment": 103.3996969024392 }, "geometry": { "type": "LineString", "coordinates": [ [ -52.10490415035526, -32.028887067115384 ], [ -52.105992598313712, -32.028985791299206 ] ] } },
{ "type": "Feature", "properties": { "tipo": "rua", "nome": "MARECHAL JOAO MASCARENHAS DE MORAES", "drenagem": 1.0, "iluminacao": 1.0, "compriment": 71.982785724777074 }, "geometry": { "type": "LineString", "coordinates": [ [ -52.083684928465068, -32.041083606425531 ], [ -52.082943221595087, -32.041232838180939 ] ] } },
{ "type": "Feature", "properties": { "tipo": "avenida", "nome": "BRASIL", "drenagem": 1.0, "iluminacao": 1.0, "compriment": 118.73179247771382 }, "geometry": { "type": "LineString", "coordinates": [ [ -52.131912816668176, -32.051870481596254 ], [ -52.131422776967959, -32.052712821166175 ] ] } },
{ "type": "Feature", "properties": { "tipo": "avenida", "nome": "BRASIL", "drenagem": 1.0, "iluminacao": 1.0, "compriment": 180.86785851172837 }, "geometry": { "type": "LineString", "coordinates": [ [ -52.130982866135611, -32.053493542625546 ], [ -52.13009128194421, -32.054937111249522 ] ] } },
{ "type": "Feature", "properties": { "tipo": "rua", "nome": "VISCONDE DE RIO BRANCO", "drenagem": 1.0, "iluminacao": 1.0, "compriment": 121.12617673633157 }, "geometry": { "type": "LineString", "coordinates": [ [ -52.107889794711298, -32.035097179367028 ], [ -52.109036311670806, -32.035586445450541 ] ] } },
{ "type": "Feature", "properties": { "tipo": "rua", "nome": "GENERAL NETTO", "drenagem": 1.0, "iluminacao": 1.0, "compriment": 77.889684345734722 }, "geometry": { "type": "LineString", "coordinates": [ [ -52.098087313700525, -32.03279115658394 ], [ -52.098254015460853, -32.03347907421454 ] ] } },
{ "type": "Feature", "properties": { "tipo": "rua", "nome": "DEPUTADO FERNANDO FERRARI", "drenagem": 1.0, "iluminacao": 1.0, "compriment": 21.05376756088619 }, "geometry": { "type": "LineString", "coordinates": [ [ -52.085895871497932, -32.040663195557713 ], [ -52.085943916556019, -32.040848598754216 ] ] } },
{ "type": "Feature", "properties": { "tipo": "rua", "nome": "SOLDADO BOMBEIRO ANTONIO SILVEIRA DE AZEVEDO", "drenagem": 1.0, "iluminacao": 1.0, "compriment": 190.28258081130232 }, "geometry": { "type": "MultiLineString", "coordinates": [ [ [ -52.082943221595087, -32.041232838180939 ], [ -52.082956332222828, -32.041285901534593 ] ], [ [ -52.083154616283046, -32.042088427349512 ], [ -52.083183050358635, -32.042203510123464 ] ], [ [ -52.083203327175084, -32.042285577580763 ], [ -52.083358113255755, -32.04291205166745 ] ] ] } },
{ "type": "Feature", "properties": { "tipo": "rua", "nome": "BARTOLOMEU DE GUSMÃO", "drenagem": 1.0, "iluminacao": 1.0, "compriment": 58.81 }, "geometry": { "type": "LineString", "coordinates": [ [ -52.126074774768021, -32.05328726161769 ], [ -52.125818203608617, -32.053770630389842 ] ] } },
{ "type": "Feature", "properties": { "tipo": "rua", "nome": "MARQUES DE MARICA", "drenagem": 0.0, "iluminacao": 1.0, "compriment": 98.521798983954341 }, "geometry": { "type": "LineString", "coordinates": [ [ -52.121404494351097, -32.046883424798409 ], [ -52.121355125205675, -32.046968916282303 ] ] } },
{ "type": "Feature", "properties": { "tipo": "rua", "nome": "MORON", "drenagem": 0.0, "iluminacao": 1.0, "compriment": 85.664807554702335 }, "geometry": { "type": "LineString", "coordinates": [ [ -52.10630516761865, -32.033475897210565 ], [ -52.105871820377686, -32.034154535169108 ] ] } },
{ "type": "Feature", "properties": { "tipo": "rua", "nome": "VISCONDE DE RIO BRANCO", "drenagem": 1.0, "iluminacao": 1.0, "compriment": 119.5887027932765 }, "geometry": { "type": "LineString", "coordinates": [ [ -52.111334823256641, -32.036515087409263 ], [ -52.112475430461402, -32.03698318897284 ] ] } },
{ "type": "Feature", "properties": { "tipo": "rua", "nome": "VISCONDE DE RIO BRANCO", "drenagem": 1.0, "iluminacao": 1.0, "compriment": 121.3000553770669 }, "geometry": { "type": "LineString", "coordinates": [ [ -52.112475430461402, -32.03698318897284 ], [ -52.112667637780845, -32.037067805165826 ] ] } },
{ "type": "Feature", "properties": { "tipo": "rua", "nome": "VISCONDE DE RIO BRANCO", "drenagem": 1.0, "iluminacao": 1.0, "compriment": 121.01152258220786 }, "geometry": { "type": "LineString", "coordinates": [ [ -52.115868208250362, -32.038453462790741 ], [ -52.11639917977201, -32.038682595795287 ] ] } },
{ "type": "Feature", "properties": { "tipo": "rua", "nome": "VEREADOR EUGENIO PEDRO DELINGER", "drenagem": 1.0, "iluminacao": 1.0, "compriment": 94.878911757161546 }, "geometry": { "type": "LineString", "coordinates": [ [ -52.111386835637902, -32.045883462900093 ], [ -52.112229101621359, -32.046349801389987 ] ] } },
{ "type": "Feature", "properties": { "tipo": "rua", "nome": "HONDURAS", "drenagem": 0.0, "iluminacao": 1.0, "compriment": 73.087257738265293 }, "geometry": { "type": "MultiLineString", "coordinates": [ [ [ -52.132048338723351, -32.052978703679535 ], [ -52.13211620557837, -32.053008313154557 ] ], [ [ -52.132422631888033, -32.05314200318864 ], [ -52.132737131170295, -32.053279215361485 ] ] ] } },
{ "type": "Feature", "properties": { "tipo": "rua", "nome": "HONDURAS", "drenagem": 0.0, "iluminacao": 1.0, "compriment": 71.520617682980358 }, "geometry": { "type": "LineString", "coordinates": [ [ -52.132737131170295, -32.053279215361485 ], [ -52.133417641767117, -32.053562253172096 ] ] } },
{ "type": "Feature", "properties": { "tipo": "avenida", "nome": "SENADOR SALGADO FILHO", "drenagem": 1.0, "iluminacao": 1.0, "compriment": 72.610883234503774 }, "geometry": { "type": "LineString", "coordinates": [ [ -52.094510945953601, -32.04023400074788 ], [ -52.095234457259593, -32.040455342183492 ] ] } },
{ "type": "Feature", "properties": { "tipo": "rua", "nome": "MORON", "drenagem": 0.0, "iluminacao": 1.0, "compriment": 102.1722973984641 }, "geometry": { "type": "LineString", "coordinates": [ [ -52.105411444715443, -32.034961454248588 ], [ -52.104932605837284, -32.035787660011501 ] ] } },
{ "type": "Feature", "properties": { "tipo": "rua", "nome": "PERU", "drenagem": 1.0, "iluminacao": 1.0, "compriment": 48.609085644868181 }, "geometry": { "type": "LineString", "coordinates": [ [ -52.136838537747181, -32.053176646156693 ], [ -52.136869859891355, -32.053121206788902 ] ] } },
{ "type": "Feature", "properties": { "tipo": "rua", "nome": "PROFESSOR ANTONIO GOMES DE FREITAS", "drenagem": 1.0, "iluminacao": 1.0, "compriment": 47.284409195069649 }, "geometry": { "type": "LineString", "coordinates": [ [ -52.091321239535176, -32.041640869921579 ], [ -52.090845806454517, -32.041507301808252 ] ] } },
{ "type": "Feature", "properties": { "tipo": "rua", "nome": "PROFESSOR ANTONIO GOMES DE FREITAS", "drenagem": 1.0, "iluminacao": 1.0, "compriment": 29.83612009661552 }, "geometry": { "type": "LineString", "coordinates": [ [ -52.090562574250406, -32.041427729549007 ], [ -52.090263675305565, -32.041340671494829 ] ] } },
{ "type": "Feature", "properties": { "tipo": "rua", "nome": "PROFESSOR ANTONIO GOMES DE FREITAS", "drenagem": 1.0, "iluminacao": 1.0, "compriment": 45.665974750105391 }, "geometry": { "type": "LineString", "coordinates": [ [ -52.090263675305565, -32.041340671494829 ], [ -52.089806193604424, -32.041207422544339 ] ] } },
{ "type": "Feature", "properties": { "tipo": "travessa", "nome": "NOSSA SENHORA DAS GRACAS", "drenagem": 0.0, "iluminacao": 1.0, "compriment": 173.2989343880738 }, "geometry": { "type": "LineString", "coordinates": [ [ -52.118909057582371, -32.03700365237389 ], [ -52.118657339884798, -32.037425630763252 ] ] } },
{ "type": "Feature", "properties": { "tipo": "rua", "nome": "DOUTOR ALVARO COSTA", "drenagem": 1.0, "iluminacao": 1.0, "compriment": 11.092626941578276 }, "geometry": { "type": "LineString", "coordinates": [ [ -52.08733940251367, -32.039718573626658 ], [ -52.087222047592661, -32.039714733888104 ] ] } },
{ "type": "Feature", "properties": { "tipo": "rua", "nome": "GONCALVES DIAS", "drenagem": 1.0, "iluminacao": 1.0, "compriment": 99.202481669475205 }, "geometry": { "type": "LineString", "coordinates": [ [ -52.12151626050391, -32.047851653319398 ], [ -52.121481005886501, -32.047911186811916 ] ] } },
{ "type": "Feature", "properties": { "tipo": "rua", "nome": "GONCALVES DIAS", "drenagem": 1.0, "iluminacao": 1.0, "compriment": 21.168047854327376 }, "geometry": { "type": "LineString", "coordinates": [ [ -52.121481005886501, -32.047911186811916 ], [ -52.121388077259809, -32.048084902110013 ] ] } },
{ "type": "Feature", "properties": { "tipo": "rua", "nome": "CORONEL PEDROSO", "drenagem": 0.0, "iluminacao": 1.0, "compriment": 97.667292555632159 }, "geometry": { "type": "LineString", "coordinates": [ [ -52.136633938643826, -32.04628694052797 ], [ -52.13616432420659, -32.047071659816758 ] ] } },
{ "type": "Feature", "properties": { "tipo": "rua", "nome": "DOUTOR AUGUSTO DUPRAT", "drenagem": 1.0, "iluminacao": 1.0, "compriment": 120.41809916548631 }, "geometry": { "type": "LineString", "coordinates": [ [ -52.113796390693857, -32.039589123749543 ], [ -52.114224833502178, -32.039768613166885 ] ] } },
{ "type": "Feature", "properties": { "tipo": "avenida", "nome": "JOSE BONIFACIO", "drenagem": 1.0, "iluminacao": 1.0, "compriment": 52.568211046746008 }, "geometry": { "type": "LineString", "coordinates": [ [ -52.13774967071911, -32.056955195234977 ], [ -52.137759503326002, -32.056957845805876 ] ] } },
{ "type": "Feature", "properties": { "tipo": "rua", "nome": "VISCONDE DE RIO BRANCO", "drenagem": 1.0, "iluminacao": 1.0, "compriment": 119.01795445081136 }, "geometry": { "type": "MultiLineString", "coordinates": [ [ [ -52.127443696028735, -32.043387074290564 ], [ -52.127905395487865, -32.04357951846228 ] ], [ [ -52.12803350314713, -32.043632915909235 ], [ -52.128193648787331, -32.043699667330472 ] ] ] } },
{ "type": "Feature", "properties": { "tipo": "rua", "nome": "DOUTOR AUGUSTO DUPRAT", "drenagem": 0.0, "iluminacao": 1.0, "compriment": 55.982495148434893 }, "geometry": { "type": "LineString", "coordinates": [ [ -52.124113643321948, -32.043997310232903 ], [ -52.124375860877862, -32.04411016526327 ] ] } },
{ "type": "Feature", "properties": { "tipo": "rua", "nome": "DOUTOR AUGUSTO DUPRAT", "drenagem": 0.0, "iluminacao": 1.0, "compriment": 59.604075510488755 }, "geometry": { "type": "MultiLineString", "coordinates": [ [ [ -52.124375860877862, -32.04411016526327 ], [ -52.124483772123277, -32.044155338579138 ] ], [ [ -52.124554144464305, -32.044184797529198 ], [ -52.124942232683139, -32.044347257258273 ] ] ] } },
{ "type": "Feature", "properties": { "tipo": "rua", "nome": "DOUTOR AUGUSTO DUPRAT", "drenagem": 0.0, "iluminacao": 1.0, "compriment": 60.631727320265597 }, "geometry": { "type": "LineString", "coordinates": [ [ -52.12551141321277, -32.044582248920797 ], [ -52.126082118662815, -32.044832626605277 ] ] } },
{ "type": "Feature", "properties": { "tipo": "rua", "nome": "JOCKEY CLUBE", "drenagem": 1.0, "iluminacao": 1.0, "compriment": 80.779874487881685 }, "geometry": { "type": "LineString", "coordinates": [ [ -52.143228852438725, -32.047424805425301 ], [ -52.144029254223462, -32.047681628181287 ] ] } },
{ "type": "Feature", "properties": { "tipo": "rua", "nome": "JOCKEY CLUBE", "drenagem": 1.0, "iluminacao": 1.0, "compriment": 4.6506921443085556 }, "geometry": { "type": "LineString", "coordinates": [ [ -52.144792046937795, -32.047928262038923 ], [ -52.14483734450102, -32.04794471108989 ] ] } },
{ "type": "Feature", "properties": { "tipo": "rua", "nome": "PERU", "drenagem": 1.0, "iluminacao": 1.0, "compriment": 100.63433192879151 }, "geometry": { "type": "LineString", "coordinates": [ [ -52.139979782177534, -32.047798038719606 ], [ -52.140014532909731, -32.047735422523907 ] ] } },
{ "type": "Feature", "properties": { "tipo": "rua", "nome": "DOUTOR AUGUSTO DUPRAT", "drenagem": 0.0, "iluminacao": 1.0, "compriment": 59.568221964796763 }, "geometry": { "type": "LineString", "coordinates": [ [ -52.128358434468005, -32.045786584282631 ], [ -52.128920726993911, -32.046029922766863 ] ] } },
{ "type": "Feature", "properties": { "tipo": "rua", "nome": "VISCONDE DE RIO BRANCO", "drenagem": 1.0, "iluminacao": 1.0, "compriment": 121.28760842943181 }, "geometry": { "type": "LineString", "coordinates": [ [ -52.128193648787331, -32.043699667330472 ], [ -52.129342745765847, -32.044187975456076 ] ] } },
{ "type": "Feature", "properties": { "tipo": "rua", "nome": "VISCONDE DE RIO BRANCO", "drenagem": 1.0, "iluminacao": 1.0, "compriment": 121.47742776369269 }, "geometry": { "type": "LineString", "coordinates": [ [ -52.129342745765847, -32.044187975456076 ], [ -52.130488766176704, -32.044685293538471 ] ] } },
{ "type": "Feature", "properties": { "tipo": "rua", "nome": "VISCONDE DE RIO BRANCO", "drenagem": 1.0, "iluminacao": 1.0, "compriment": 56.894806833368165 }, "geometry": { "type": "LineString", "coordinates": [ [ -52.130488766176704, -32.044685293538471 ], [ -52.131029495994341, -32.044911437391974 ] ] } },
{ "type": "Feature", "properties": { "tipo": "rua", "nome": "CRISTOVAO COLOMBO", "drenagem": 1.0, "iluminacao": 1.0, "compriment": 6.1774380751392037 }, "geometry": { "type": "LineString", "coordinates": [ [ -52.108516610080336, -32.041321656657175 ], [ -52.108492691984686, -32.041373506915448 ] ] } },
{ "type": "Feature", "properties": { "tipo": "rua", "nome": "VISCONDE DE RIO BRANCO", "drenagem": 1.0, "iluminacao": 1.0, "compriment": 117.56043113309291 }, "geometry": { "type": "LineString", "coordinates": [ [ -52.135844323803809, -32.046944001840409 ], [ -52.13616432420659, -32.047071659816758 ] ] } },
{ "type": "Feature", "properties": { "tipo": "rua", "nome": "VISCONDE DE RIO BRANCO", "drenagem": 1.0, "iluminacao": 1.0, "compriment": 121.77053734229044 }, "geometry": { "type": "LineString", "coordinates": [ [ -52.13616432420659, -32.047071659816758 ], [ -52.137319868712638, -32.047558775587639 ] ] } },
{ "type": "Feature", "properties": { "tipo": "rua", "nome": "VISCONDE DE RIO BRANCO", "drenagem": 0.0, "iluminacao": 1.0, "compriment": 120.67365402697763 }, "geometry": { "type": "LineString", "coordinates": [ [ -52.138427376458345, -32.048050866766332 ], [ -52.139517118587676, -32.048537146264394 ] ] } },
{ "type": "Feature", "properties": { "tipo": "avenida", "nome": "CIDADE DE PELOTAS", "drenagem": 1.0, "iluminacao": 1.0, "compriment": 23.090792187075351 }, "geometry": { "type": "LineString", "coordinates": [ [ -52.10610345077226, -32.035289088822942 ], [ -52.10612769586524, -32.035297991977785 ] ] } },
{ "type": "Feature", "properties": { "tipo": "rua", "nome": "DOUTOR AUGUSTO DUPRAT", "drenagem": 0.0, "iluminacao": 1.0, "compriment": 61.482960877674415 }, "geometry": { "type": "LineString", "coordinates": [ [ -52.129489436967518, -32.046266696399954 ], [ -52.130082175604109, -32.046495945870277 ] ] } },
{ "type": "Feature", "properties": { "tipo": "rua", "nome": "CASIMIRO DE ABREU", "drenagem": 0.0, "iluminacao": 1.0, "compriment": 103.12815519151647 }, "geometry": { "type": "LineString", "coordinates": [ [ -52.126568324777715, -32.043999891171445 ], [ -52.126082118662815, -32.044832626605277 ] ] } },
{ "type": "Feature", "properties": { "tipo": "avenida", "nome": "CIDADE DE PELOTAS", "drenagem": 1.0, "iluminacao": 1.0, "compriment": 118.02164239246889 }, "geometry": { "type": "LineString", "coordinates": [ [ -52.110864089283993, -32.037325651355218 ], [ -52.111983189330232, -32.037799060659857 ] ] } },
{ "type": "Feature", "properties": { "tipo": "rua", "nome": "CASIMIRO DE ABREU", "drenagem": 1.0, "iluminacao": 1.0, "compriment": 100.41133160786767 }, "geometry": { "type": "LineString", "coordinates": [ [ -52.126082118662815, -32.044832626605277 ], [ -52.125612260545878, -32.045644918171575 ] ] } },
{ "type": "Feature", "properties": { "tipo": "rua", "nome": "DOUTOR GUAIBA RACHE", "drenagem": 1.0, "iluminacao": 1.0, "compriment": 84.754537650842295 }, "geometry": { "type": "LineString", "coordinates": [ [ -52.115141094410014, -32.048375312039035 ], [ -52.115925262719763, -32.048746978518921 ] ] } },
{ "type": "Feature", "properties": { "tipo": "rua", "nome": "DOUTOR GUAIBA RACHE", "drenagem": 0.0, "iluminacao": 1.0, "compriment": 66.54476425203795 }, "geometry": { "type": "MultiLineString", "coordinates": [ [ [ -52.115925262719763, -32.048746978518921 ], [ -52.116238298560596, -32.04889896679817 ] ], [ [ -52.11633792853047, -32.048947340133445 ], [ -52.116537386567359, -32.049044182986101 ] ] ] } },
{ "type": "Feature", "properties": { "tipo": "rua", "nome": "DOUTOR GUAIBA RACHE", "drenagem": 0.0, "iluminacao": 1.0, "compriment": 122.99919999109079 }, "geometry": { "type": "MultiLineString", "coordinates": [ [ [ -52.116537386567359, -32.049044182986101 ], [ -52.117114273903518, -32.049322789219268 ] ], [ [ -52.117446549342333, -32.049483260775112 ], [ -52.117604635111675, -32.049559607884767 ], [ -52.117678459527689, -32.0495730066908 ] ] ] } },
{ "type": "Feature", "properties": { "tipo": "rua", "nome": "DOUTOR GUAIBA RACHE", "drenagem": 0.0, "iluminacao": 1.0, "compriment": 115.49704331054113 }, "geometry": { "type": "MultiLineString", "coordinates": [ [ [ -52.117678459527689, -32.0495730066908 ], [ -52.117974819245042, -32.049712170938797 ] ], [ [ -52.118025103203834, -32.049735783221109 ], [ -52.118749409631519, -32.050075902182712 ] ] ] } },
{ "type": "Feature", "properties": { "tipo": "rua", "nome": "REPUBLICA DO LIBANO", "drenagem": 1.0, "iluminacao": 1.0, "compriment": 60.834162054518856 }, "geometry": { "type": "LineString", "coordinates": [ [ -52.092035320632284, -32.032676909776981 ], [ -52.092667516047648, -32.032572252922783 ] ] } },
{ "type": "Feature", "properties": { "tipo": "rua", "nome": "DO RIACHUELO", "drenagem": 1.0, "iluminacao": 1.0, "compriment": 48.18469984686633 }, "geometry": { "type": "LineString", "coordinates": [ [ -52.095095430469534, -32.029679711732072 ], [ -52.095601224877804, -32.029623422447514 ] ] } },
{ "type": "Feature", "properties": { "tipo": "rua", "nome": "CONSELHEIRO PINTO LIMA", "drenagem": 0.0, "iluminacao": 1.0, "compriment": 102.8480534277259 }, "geometry": { "type": "LineString", "coordinates": [ [ -52.099127271514099, -32.029047768584746 ], [ -52.099093277778977, -32.029974816926163 ] ] } },
{ "type": "Feature", "properties": { "tipo": "avenida", "nome": "PORTUGAL", "drenagem": 1.0, "iluminacao": 1.0, "compriment": 32.275406327609929 }, "geometry": { "type": "LineString", "coordinates": [ [ -52.107635423196214, -32.032578439088155 ], [ -52.107337001287014, -32.032586808839369 ] ] } },
{ "type": "Feature", "properties": { "tipo": "rua", "nome": "MARECHAL FLORIANO PEIXOTO", "drenagem": 1.0, "iluminacao": 1.0, "compriment": 10.460962789585613 }, "geometry": { "type": "LineString", "coordinates": [ [ -52.096230052765264, -32.030976576667939 ], [ -52.096340785045676, -32.030977907624404 ] ] } },
{ "type": "Feature", "properties": { "tipo": "rua", "nome": "VICE ALMIRANTE ABREU", "drenagem": 1.0, "iluminacao": 1.0, "compriment": 7.3528793065759581 }, "geometry": { "type": "LineString", "coordinates": [ [ -52.097865823438788, -32.03814246433037 ], [ -52.097941937189049, -32.03812855316729 ] ] } },
{ "type": "Feature", "properties": { "tipo": "rua", "nome": "GENERAL OSORIO", "drenagem": 1.0, "iluminacao": 1.0, "compriment": 35.735015959186143 }, "geometry": { "type": "LineString", "coordinates": [ [ -52.096760880557149, -32.030123920936028 ], [ -52.097138023690029, -32.030098743297216 ] ] } },
{ "type": "Feature", "properties": { "tipo": "rua", "nome": "GENERAL OSORIO", "drenagem": 1.0, "iluminacao": 1.0, "compriment": 80.507377288647859 }, "geometry": { "type": "MultiLineString", "coordinates": [ [ [ -52.095911095383819, -32.030179329716418 ], [ -52.096560891567037, -32.030136960874096 ] ], [ [ -52.096600518129023, -32.030134377092288 ], [ -52.096760880557149, -32.030123920936028 ] ] ] } },
{ "type": "Feature", "properties": { "tipo": "largo", "nome": "SILVEIRA MARTINS", "drenagem": 1.0, "iluminacao": 1.0, "compriment": 70.123314547061312 }, "geometry": { "type": "LineString", "coordinates": [ [ -52.095911095383819, -32.030179329716418 ], [ -52.095866211767564, -32.029548103216705 ] ] } },
{ "type": "Feature", "properties": { "tipo": "rua", "nome": "BARAO DE SAO JOSE DO NORTE", "drenagem": 1.0, "iluminacao": 1.0, "compriment": 107.03564863797143 }, "geometry": { "type": "LineString", "coordinates": [ [ -52.102943790157596, -32.031349750282615 ], [ -52.101825193950845, -32.031195701704235 ] ] } },
{ "type": "Feature", "properties": { "tipo": "rua", "nome": "GENERAL BACELAR", "drenagem": 0.0, "iluminacao": 1.0, "compriment": 44.5404002792433 }, "geometry": { "type": "LineString", "coordinates": [ [ -52.099640285815262, -32.031557138133543 ], [ -52.099876635066103, -32.031706115415119 ], [ -52.100000057816999, -32.031805955843481 ] ] } },
{ "type": "Feature", "properties": { "tipo": "rua", "nome": "MARECHAL FLORIANO PEIXOTO", "drenagem": 1.0, "iluminacao": 1.0, "compriment": 193.35926256456708 }, "geometry": { "type": "LineString", "coordinates": [ [ -52.101756570478258, -32.03152988301045 ], [ -52.101177078489499, -32.031547797641942 ], [ -52.100633833969425, -32.031470404455995 ], [ -52.099813351188324, -32.031122869150238 ] ] } },
{ "type": "Feature", "properties": { "tipo": "avenida", "nome": "CIDADE DE PELOTAS", "drenagem": 1.0, "iluminacao": 1.0, "compriment": 116.72775819388451 }, "geometry": { "type": "LineString", "coordinates": [ [ -52.125321085486668, -32.043477450035745 ], [ -52.125442582518872, -32.043527210353986 ] ] } },
{ "type": "Feature", "properties": { "tipo": "avenida", "nome": "CIDADE DE PELOTAS", "drenagem": 1.0, "iluminacao": 1.0, "compriment": 56.700244892209163 }, "geometry": { "type": "LineString", "coordinates": [ [ -52.125442582518872, -32.043527210353986 ], [ -52.125976752853326, -32.043760563062143 ] ] } },
{ "type": "Feature", "properties": { "tipo": "avenida", "nome": "CIDADE DE PELOTAS", "drenagem": 1.0, "iluminacao": 1.0, "compriment": 61.855219990709053 }, "geometry": { "type": "LineString", "coordinates": [ [ -52.125976752853326, -32.043760563062143 ], [ -52.126568324777715, -32.043999891171445 ] ] } },
{ "type": "Feature", "properties": { "tipo": "avenida", "nome": "CIDADE DE PELOTAS", "drenagem": 1.0, "iluminacao": 1.0, "compriment": 57.740509128677083 }, "geometry": { "type": "LineString", "coordinates": [ [ -52.126568324777715, -32.043999891171445 ], [ -52.127112106480602, -32.044237843240921 ] ] } },
{ "type": "Feature", "properties": { "tipo": "avenida", "nome": "CIDADE DE PELOTAS", "drenagem": 1.0, "iluminacao": 1.0, "compriment": 57.401934099306771 }, "geometry": { "type": "LineString", "coordinates": [ [ -52.128840035489482, -32.044969967361936 ], [ -52.129380612618903, -32.045206560045479 ] ] } },
{ "type": "Feature", "properties": { "tipo": "rua", "nome": "VISCONDE DE PARANAGUA", "drenagem": 1.0, "iluminacao": 1.0, "compriment": 38.227829485213952 }, "geometry": { "type": "LineString", "coordinates": [ [ -52.101756570478258, -32.03152988301045 ], [ -52.101687691513561, -32.031869597753882 ] ] } },
{ "type": "Feature", "properties": { "tipo": "rua", "nome": "VISCONDE DE RIO BRANCO", "drenagem": 1.0, "iluminacao": 1.0, "compriment": 117.56475403891767 }, "geometry": { "type": "LineString", "coordinates": [ [ -52.106831793178777, -32.034530131566953 ], [ -52.10793779258195, -32.03501640270806 ] ] } },
{ "type": "Feature", "properties": { "tipo": "rua", "nome": "VISCONDE DE RIO BRANCO", "drenagem": 1.0, "iluminacao": 1.0, "compriment": 119.84635845658632 }, "geometry": { "type": "LineString", "coordinates": [ [ -52.10793779258195, -32.03501640270806 ], [ -52.109071213158408, -32.035502164143871 ] ] } },
{ "type": "Feature", "properties": { "tipo": "rua", "nome": "VISCONDE DE RIO BRANCO", "drenagem": 1.0, "iluminacao": 1.0, "compriment": 122.06109721170219 }, "geometry": { "type": "LineString", "coordinates": [ [ -52.109071213158408, -32.035502164143871 ], [ -52.11022346475351, -32.03600047632343 ] ] } },
{ "type": "Feature", "properties": { "tipo": "rua", "nome": "MONTEIRO LOBATO", "drenagem": 1.0, "iluminacao": 1.0, "compriment": 115.31906220983392 }, "geometry": { "type": "MultiLineString", "coordinates": [ [ [ -52.08557120927081, -32.036488952729414 ], [ -52.086282386554615, -32.03644182266148 ] ], [ [ -52.086348157627747, -32.036437463980157 ], [ -52.086560583516174, -32.036423386412181 ] ], [ [ -52.086633609276767, -32.036418546959162 ], [ -52.086788410479649, -32.036408288207404 ] ] ] } },
{ "type": "Feature", "properties": { "tipo": "rua", "nome": "VISCONDE DE RIO BRANCO", "drenagem": 1.0, "iluminacao": 1.0, "compriment": 119.38113297073019 }, "geometry": { "type": "LineString", "coordinates": [ [ -52.11022346475351, -32.03600047632343 ], [ -52.111351859256956, -32.036485431316684 ] ] } },
{ "type": "Feature", "properties": { "tipo": "rua", "nome": "GENERAL BACELAR", "drenagem": 1.0, "iluminacao": 1.0, "compriment": 49.575419341842291 }, "geometry": { "type": "LineString", "coordinates": [ [ -52.097387995231088, -32.031512133384823 ], [ -52.097512487506087, -32.031509172422055 ], [ -52.097800133504101, -32.031502330354598 ] ] } },
{ "type": "Feature", "properties": { "tipo": "rua", "nome": "WALTER RAMOS LAGES", "drenagem": 1.0, "iluminacao": 1.0, "compriment": 141.16746452530307 }, "geometry": { "type": "LineString", "coordinates": [ [ -52.105913067679815, -32.029452977195092 ], [ -52.106032727200621, -32.029586891242324 ], [ -52.105984618569714, -32.030690905007432 ] ] } },
{ "type": "Feature", "properties": { "tipo": "avenida", "nome": "MAJOR CARLOS PINTO", "drenagem": 0.0, "iluminacao": 1.0, "compriment": 183.7745028998782 }, "geometry": { "type": "LineString", "coordinates": [ [ -52.10952913257001, -32.029415742997664 ], [ -52.109200990314953, -32.029980617609496 ], [ -52.108713385825965, -32.030919923224012 ] ] } },
{ "type": "Feature", "properties": { "tipo": "rua", "nome": "SEM DENOMINACAO", "drenagem": 1.0, "iluminacao": 1.0, "compriment": 89.949086982019935 }, "geometry": { "type": "LineString", "coordinates": [ [ -52.108267534184129, -32.031018187494077 ], [ -52.108034566443671, -32.031449428966631 ], [ -52.107855241918472, -32.03174921208759 ] ] } },
{ "type": "Feature", "properties": { "tipo": "rua", "nome": "SEM DENOMINACAO", "drenagem": 1.0, "iluminacao": 0.0, "compriment": 26.53596200891856 }, "geometry": { "type": "LineString", "coordinates": [ [ -52.107855241918472, -32.03174921208759 ], [ -52.108108036943989, -32.031853582858744 ] ] } },
{ "type": "Feature", "properties": { "tipo": "avenida", "nome": "MAJOR CARLOS PINTO", "drenagem": 1.0, "iluminacao": 1.0, "compriment": 89.91807954685278 }, "geometry": { "type": "LineString", "coordinates": [ [ -52.108108036943989, -32.031853582858744 ], [ -52.107838445361978, -32.032307768931652 ] ] } },
{ "type": "Feature", "properties": { "tipo": "rua", "nome": "MANOEL PEREIRA DE ALMEIDA", "drenagem": 0.0, "iluminacao": 1.0, "compriment": 29.341641649329905 }, "geometry": { "type": "MultiLineString", "coordinates": [ [ [ -52.108267534184129, -32.031018187494077 ], [ -52.10838220596024, -32.031038805225833 ] ], [ [ -52.108451085940892, -32.031051189694033 ], [ -52.108571459174243, -32.031072832535195 ] ] ] } },
{ "type": "Feature", "properties": { "tipo": "rua", "nome": "AQUIDABAN", "drenagem": 0.0, "iluminacao": 1.0, "compriment": 107.49413783108209 }, "geometry": { "type": "LineString", "coordinates": [ [ -52.102813982347357, -32.032008192926433 ], [ -52.101687691513561, -32.031869597753882 ] ] } },
{ "type": "Feature", "properties": { "tipo": "rua", "nome": "VISCONDE DE PARANAGUA", "drenagem": 1.0, "iluminacao": 1.0, "compriment": 29.604375352709205 }, "geometry": { "type": "LineString", "coordinates": [ [ -52.101687691513561, -32.031869597753882 ], [ -52.10164539380488, -32.032134132117818 ] ] } },
{ "type": "Feature", "properties": { "tipo": "rua", "nome": "GENERAL CANABARRO", "drenagem": 1.0, "iluminacao": 1.0, "compriment": 73.842734544673363 }, "geometry": { "type": "LineString", "coordinates": [ [ -52.102940342052506, -32.031351024501859 ], [ -52.102813982347357, -32.032008192926433 ] ] } },
{ "type": "Feature", "properties": { "tipo": "rua", "nome": "GENERAL PORTINHO", "drenagem": 1.0, "iluminacao": 1.0, "compriment": 178.90699560492519 }, "geometry": { "type": "LineString", "coordinates": [ [ -52.10490415035526, -32.028887067115384 ], [ -52.104565610128702, -32.030474495115541 ] ] } },
{ "type": "Feature", "properties": { "tipo": "rua", "nome": "QUARENTA", "drenagem": 0.0, "iluminacao": 1.0, "compriment": 47.452060228294158 }, "geometry": { "type": "LineString", "coordinates": [ [ -52.092607699010301, -32.04625480700507 ], [ -52.093099425394094, -32.046166960145158 ] ] } },
{ "type": "Feature", "properties": { "tipo": "rua", "nome": "TRINTA E NOVE", "drenagem": 0.0, "iluminacao": 1.0, "compriment": 51.848037542318295 }, "geometry": { "type": "LineString", "coordinates": [ [ -52.093067278250231, -32.045151252122253 ], [ -52.092535356310236, -32.045266857692937 ] ] } },
{ "type": "Feature", "properties": { "tipo": "rua", "nome": "SEM DENOMINACAO", "drenagem": 1.0, "iluminacao": 1.0, "compriment": 122.88152384654008 }, "geometry": { "type": "LineString", "coordinates": [ [ -52.112122608004412, -32.032770020533874 ], [ -52.110950300664356, -32.03228964506264 ] ] } },
{ "type": "Feature", "properties": { "tipo": "rua", "nome": "TIRADENTES", "drenagem": 0.0, "iluminacao": 1.0, "compriment": 276.64304987010598 }, "geometry": { "type": "MultiLineString", "coordinates": [ [ [ -52.1235350822108, -32.046752537246391 ], [ -52.125209076050659, -32.047550450082348 ] ], [ [ -52.125402553055672, -32.047642671321213 ], [ -52.125556491208336, -32.047716046279369 ] ], [ [ -52.12572595341662, -32.047796820812692 ], [ -52.126091184321687, -32.047970908924789 ] ] ] } },
{ "type": "Feature", "properties": { "tipo": "rua", "nome": "ROSA CRUZ", "drenagem": 0.0, "iluminacao": 1.0, "compriment": 152.52741514460115 }, "geometry": { "type": "LineString", "coordinates": [ [ -52.128992165186062, -32.049303694171542 ], [ -52.127559008537759, -32.048669557995886 ] ] } },
{ "type": "Feature", "properties": { "tipo": "avenida", "nome": "BUARQUE DE MACEDO", "drenagem": 1.0, "iluminacao": 1.0, "compriment": 118.18244366523476 }, "geometry": { "type": "LineString", "coordinates": [ [ -52.105657776686009, -32.04138156877957 ], [ -52.10454007470365, -32.040902460636836 ] ] } },
{ "type": "Feature", "properties": { "tipo": "avenida", "nome": "BUARQUE DE MACEDO", "drenagem": 0.0, "iluminacao": 1.0, "compriment": 318.75094450945181 }, "geometry": { "type": "LineString", "coordinates": [ [ -52.125540562620181, -32.049507624626926 ], [ -52.122569765883782, -32.048369896919361 ] ] } },
{ "type": "Feature", "properties": { "tipo": "avenida", "nome": "BUARQUE DE MACEDO", "drenagem": 1.0, "iluminacao": 1.0, "compriment": 56.002516139861669 }, "geometry": { "type": "LineString", "coordinates": [ [ -52.122569765883782, -32.048369896919361 ], [ -52.12203736650509, -32.048147525284278 ] ] } },
{ "type": "Feature", "properties": { "tipo": "rua", "nome": "AMAPA", "drenagem": 0.0, "iluminacao": 1.0, "compriment": 99.976394292710992 }, "geometry": { "type": "LineString", "coordinates": [ [ -52.132094064940759, -32.044362565057824 ], [ -52.131620950462647, -32.045169101028833 ] ] } },
{ "type": "Feature", "properties": { "tipo": "rua", "nome": "AMAPA", "drenagem": 0.0, "iluminacao": 1.0, "compriment": 96.643538508936047 }, "geometry": { "type": "LineString", "coordinates": [ [ -52.131600791524669, -32.046149419124426 ], [ -52.131144083105035, -32.046929341205903 ] ] } },
{ "type": "Feature", "properties": { "tipo": "rua", "nome": "NICARAGUA", "drenagem": 0.0, "iluminacao": 1.0, "compriment": 80.792555507708599 }, "geometry": { "type": "LineString", "coordinates": [ [ -52.133552250574418, -32.054830299055439 ], [ -52.133158710516973, -32.055477234633436 ] ] } },
{ "type": "Feature", "properties": { "tipo": "avenida", "nome": "CIDADE DE PELOTAS", "drenagem": 1.0, "iluminacao": 1.0, "compriment": 55.632688693050767 }, "geometry": { "type": "LineString", "coordinates": [ [ -52.129998154750474, -32.045461829316132 ], [ -52.130521818617169, -32.045691550813018 ] ] } },
{ "type": "Feature", "properties": { "tipo": "avenida", "nome": "CIDADE DE PELOTAS", "drenagem": 1.0, "iluminacao": 1.0, "compriment": 50.263890817127773 }, "geometry": { "type": "LineString", "coordinates": [ [ -52.130521818617169, -32.045691550813018 ], [ -52.131002343308438, -32.045886388093926 ] ] } },
{ "type": "Feature", "properties": { "tipo": "rua", "nome": "TRES DE JULHO", "drenagem": 1.0, "iluminacao": 1.0, "compriment": 189.12096018767025 }, "geometry": { "type": "LineString", "coordinates": [ [ -52.105421320629794, -32.032340651875842 ], [ -52.105682357756024, -32.030649687138869 ] ] } },
{ "type": "Feature", "properties": { "tipo": "rua", "nome": "WALTER RAMOS LAGES", "drenagem": 1.0, "iluminacao": 1.0, "compriment": 188.64541626025095 }, "geometry": { "type": "MultiLineString", "coordinates": [ [ [ -52.105984618569714, -32.030690905007432 ], [ -52.105956765910179, -32.031201841913173 ] ], [ [ -52.105954380578581, -32.031245599097069 ], [ -52.105891979146406, -32.032390308263281 ] ] ] } },
{ "type": "Feature", "properties": { "tipo": "avenida", "nome": "CIDADE DE PELOTAS", "drenagem": 1.0, "iluminacao": 1.0, "compriment": 119.82318818687487 }, "geometry": { "type": "LineString", "coordinates": [ [ -52.137957984392138, -32.048843527897013 ], [ -52.139100872806296, -32.049312738043575 ] ] } },
{ "type": "Feature", "properties": { "tipo": "rua", "nome": "CONSELHEIRO TEIXEIRA JUNIOR", "drenagem": 0.0, "iluminacao": 1.0, "compriment": 233.09094034647478 }, "geometry": { "type": "LineString", "coordinates": [ [ -52.115958059481038, -32.03340575138256 ], [ -52.114896670724484, -32.035303425443018 ] ] } },
{ "type": "Feature", "properties": { "tipo": "rua", "nome": "GENERAL VITORINO", "drenagem": 1.0, "iluminacao": 1.0, "compriment": 110.28699011352762 }, "geometry": { "type": "MultiLineString", "coordinates": [ [ [ -52.101169988393956, -32.034690343838115 ], [ -52.101444314489925, -32.034638416112564 ], [ -52.101472372830223, -32.034636865364796 ] ], [ [ -52.101713618188953, -32.034623532049388 ], [ -52.102329018430005, -32.034589519683045 ] ] ] } },
{ "type": "Feature", "properties": { "tipo": "avenida", "nome": "MAJOR CARLOS PINTO", "drenagem": 1.0, "iluminacao": 1.0, "compriment": 7.0125910485422578 }, "geometry": { "type": "LineString", "coordinates": [ [ -52.105870767989913, -32.036180602156037 ], [ -52.105832899370156, -32.036234997466472 ] ] } },
{ "type": "Feature", "properties": { "tipo": "rua", "nome": "AMAPA", "drenagem": 0.0, "iluminacao": 1.0, "compriment": 138.9029518942904 }, "geometry": { "type": "LineString", "coordinates": [ [ -52.130852016042951, -32.047452098861271 ], [ -52.130200579196575, -32.048575166549334 ] ] } },
{ "type": "Feature", "properties": { "tipo": "rua", "nome": "COELHO NETO", "drenagem": 0.0, "iluminacao": 1.0, "compriment": 110.09728526003263 }, "geometry": { "type": "MultiLineString", "coordinates": [ [ [ -52.161334648643013, -32.056967962830981 ], [ -52.16126081437951, -32.057118268409333 ] ], [ [ -52.161199272072665, -32.057243551057049 ], [ -52.161051479770244, -32.057544414185323 ] ] ] } },
{ "type": "Feature", "properties": { "tipo": "rua", "nome": "COELHO NETO", "drenagem": 0.0, "iluminacao": 1.0, "compriment": 112.34579618043178 }, "geometry": { "type": "LineString", "coordinates": [ [ -52.160739129049951, -32.057956792720894 ], [ -52.160696871719679, -32.058066246817006 ] ] } },
{ "type": "Feature", "properties": { "tipo": "rua", "nome": "CONSELHEIRO TEIXEIRA JUNIOR", "drenagem": 0.0, "iluminacao": 1.0, "compriment": 21.649100551400306 }, "geometry": { "type": "LineString", "coordinates": [ [ -52.114896670724484, -32.035303425443018 ], [ -52.114799313717249, -32.035480171272638 ] ] } },
{ "type": "Feature", "properties": { "tipo": "rua", "nome": "AMAPA", "drenagem": 0.0, "iluminacao": 1.0, "compriment": 118.96276511755975 }, "geometry": { "type": "LineString", "coordinates": [ [ -52.129616526289219, -32.049545657908219 ], [ -52.129060312641194, -32.050508225228732 ] ] } },
{ "type": "Feature", "properties": { "tipo": "rua", "nome": "DAS MISSOES", "drenagem": 0.0, "iluminacao": 1.0, "compriment": 98.324309872305861 }, "geometry": { "type": "LineString", "coordinates": [ [ -52.131466395256567, -32.043092497412488 ], [ -52.130975576399507, -32.043874463932674 ] ] } },
{ "type": "Feature", "properties": { "tipo": "rua", "nome": "DAS MISSOES", "drenagem": 1.0, "iluminacao": 0.0, "compriment": 97.784005484721092 }, "geometry": { "type": "LineString", "coordinates": [ [ -52.130488766176704, -32.044685293538471 ], [ -52.129998154750474, -32.045461829316132 ] ] } },
{ "type": "Feature", "properties": { "tipo": "rua", "nome": "DAS MISSOES", "drenagem": 1.0, "iluminacao": 1.0, "compriment": 100.72406760654999 }, "geometry": { "type": "LineString", "coordinates": [ [ -52.129025202243696, -32.047078422836357 ], [ -52.128544768922154, -32.047889379375853 ] ] } },
{ "type": "Feature", "properties": { "tipo": "travessa", "nome": "MONSENHOR EURICO DE MELLO MAGALHAES", "drenagem": 0.0, "iluminacao": 1.0, "compriment": 60.262606170481725 }, "geometry": { "type": "LineString", "coordinates": [ [ -52.097269556064433, -32.030971374526061 ], [ -52.09727055151567, -32.031062190917112 ] ] } },
{ "type": "Feature", "properties": { "tipo": "rua", "nome": "PADRE ALIEVI", "drenagem": 0.0, "iluminacao": 1.0, "compriment": 109.52582114134688 }, "geometry": { "type": "LineString", "coordinates": [ [ -52.162154468025776, -32.057250932231554 ], [ -52.162032071098906, -32.057842701680222 ] ] } },
{ "type": "Feature", "properties": { "tipo": "rua", "nome": "ANTONIO RIBEIRO CARDOSO", "drenagem": 1.0, "iluminacao": 1.0, "compriment": 102.17515758317292 }, "geometry": { "type": "LineString", "coordinates": [ [ -52.130052278995031, -32.047494725378392 ], [ -52.129566533411705, -32.048318056040571 ] ] } },
{ "type": "Feature", "properties": { "tipo": "rua", "nome": "ANTONIO RIBEIRO CARDOSO", "drenagem": 1.0, "iluminacao": 1.0, "compriment": 71.710073643606705 }, "geometry": { "type": "LineString", "coordinates": [ [ -52.128993348453903, -32.049304088105899 ], [ -52.12864412621493, -32.049878322124627 ] ] } },
{ "type": "Feature", "properties": { "tipo": "rua", "nome": "APARICIO TORELLY", "drenagem": 0.0, "iluminacao": 1.0, "compriment": 90.869688909730883 }, "geometry": { "type": "LineString", "coordinates": [ [ -52.167938662166549, -32.058132748445381 ], [ -52.167963076684643, -32.058086961727454 ] ] } },
{ "type": "Feature", "properties": { "tipo": "rua", "nome": "JOAO ALFREDO", "drenagem": 1.0, "iluminacao": 1.0, "compriment": 121.77519301703148 }, "geometry": { "type": "LineString", "coordinates": [ [ -52.096297487151148, -32.039415468905716 ], [ -52.095040181542871, -32.039658502592495 ] ] } },
{ "type": "Feature", "properties": { "tipo": "rua", "nome": "JOAO ALFREDO", "drenagem": 1.0, "iluminacao": 1.0, "compriment": 45.506842182777923 }, "geometry": { "type": "LineString", "coordinates": [ [ -52.096764371288906, -32.039314161777 ], [ -52.096297487151148, -32.039415468905716 ] ] } },
{ "type": "Feature", "properties": { "tipo": "rua", "nome": "JOAO ALFREDO", "drenagem": 1.0, "iluminacao": 1.0, "compriment": 126.82453053417962 }, "geometry": { "type": "LineString", "coordinates": [ [ -52.09807259216651, -32.039056539480733 ], [ -52.096764371288906, -32.039314161777 ] ] } },
{ "type": "Feature", "properties": { "tipo": "rua", "nome": "JOAO ALFREDO", "drenagem": 1.0, "iluminacao": 1.0, "compriment": 7.3724203549626921 }, "geometry": { "type": "LineString", "coordinates": [ [ -52.098148641712221, -32.039041569763192 ], [ -52.098146324168923, -32.039042019310408 ], [ -52.09807259216651, -32.039056539480733 ] ] } },
{ "type": "Feature", "properties": { "tipo": "rua", "nome": "JOAO ALFREDO", "drenagem": 1.0, "iluminacao": 1.0, "compriment": 128.1223344839398 }, "geometry": { "type": "LineString", "coordinates": [ [ -52.099471241952102, -32.038785009071702 ], [ -52.098148641712221, -32.039041569763192 ] ] } },
{ "type": "Feature", "properties": { "tipo": "rua", "nome": "LINO NEVES", "drenagem": 1.0, "iluminacao": 1.0, "compriment": 90.724316725812415 }, "geometry": { "type": "LineString", "coordinates": [ [ -52.100161179155904, -32.041567750188641 ], [ -52.100182705560577, -32.041663975589366 ] ] } },
{ "type": "Feature", "properties": { "tipo": "rua", "nome": "DOUTOR LAZARO LUDOVICO ZAMENHOF", "drenagem": 1.0, "iluminacao": 1.0, "compriment": 33.949219202005786 }, "geometry": { "type": "LineString", "coordinates": [ [ -52.093304098631179, -32.04177973533087 ], [ -52.093297700723035, -32.042085845825333 ] ] } },
{ "type": "Feature", "properties": { "tipo": "rua", "nome": "CAPITAO LEMOS FARIA", "drenagem": 1.0, "iluminacao": 0.0, "compriment": 35.488617016802351 }, "geometry": { "type": "LineString", "coordinates": [ [ -52.092308762457456, -32.041949317962498 ], [ -52.092283552748256, -32.042268638313203 ] ] } },
{ "type": "Feature", "properties": { "tipo": "rua", "nome": "VALPORTO", "drenagem": 0.0, "iluminacao": 1.0, "compriment": 117.61412122484883 }, "geometry": { "type": "LineString", "coordinates": [ [ -52.096989812360057, -32.041146434518033 ], [ -52.096681983005354, -32.041136354248039 ], [ -52.095767825014683, -32.041312220264025 ] ] } },
{ "type": "Feature", "properties": { "tipo": "rua", "nome": "CONSELHEIRO TEIXEIRA JUNIOR", "drenagem": 0.0, "iluminacao": 1.0, "compriment": 98.366247817320087 }, "geometry": { "type": "LineString", "coordinates": [ [ -52.113530113213052, -32.037626237106366 ], [ -52.113134885430654, -32.038272049185977 ] ] } },
{ "type": "Feature", "properties": { "tipo": "rua", "nome": "VALPORTO", "drenagem": 1.0, "iluminacao": 1.0, "compriment": 87.801276742503646 }, "geometry": { "type": "LineString", "coordinates": [ [ -52.090232709711429, -32.042376449127474 ], [ -52.089325542695718, -32.042549385850108 ] ] } },
{ "type": "Feature", "properties": { "tipo": "rua", "nome": "VALPORTO", "drenagem": 1.0, "iluminacao": 1.0, "compriment": 85.601611848618276 }, "geometry": { "type": "LineString", "coordinates": [ [ -52.091117435749339, -32.042208943611996 ], [ -52.090232709711429, -32.042376449127474 ] ] } },
{ "type": "Feature", "properties": { "tipo": "rua", "nome": "VALPORTO", "drenagem": 1.0, "iluminacao": 1.0, "compriment": 12.369533996665798 }, "geometry": { "type": "LineString", "coordinates": [ [ -52.092308762457456, -32.041949317962498 ], [ -52.092181885927452, -32.041976968744549 ] ] } },
{ "type": "Feature", "properties": { "tipo": "rua", "nome": "VALPORTO", "drenagem": 1.0, "iluminacao": 1.0, "compriment": 17.497374931982883 }, "geometry": { "type": "LineString", "coordinates": [ [ -52.094766808155136, -32.04153085827906 ], [ -52.094587105940839, -32.041569200352491 ] ] } },
{ "type": "Feature", "properties": { "tipo": "rua", "nome": "VALPORTO", "drenagem": 1.0, "iluminacao": 1.0, "compriment": 97.60562112981998 }, "geometry": { "type": "LineString", "coordinates": [ [ -52.095767825014683, -32.041312220264025 ], [ -52.094766808155136, -32.04153085827906 ] ] } },
{ "type": "Feature", "properties": { "tipo": "rua", "nome": "GENERAL BERTOLDO KLINGER", "drenagem": 1.0, "iluminacao": 1.0, "compriment": 31.649589570037179 }, "geometry": { "type": "LineString", "coordinates": [ [ -52.094766808155136, -32.04153085827906 ], [ -52.094839876078829, -32.04174685099337 ], [ -52.094877250767219, -32.041798462865842 ] ] } },
{ "type": "Feature", "properties": { "tipo": "rua", "nome": "VALPORTO", "drenagem": 1.0, "iluminacao": 1.0, "compriment": 88.011128585762194 }, "geometry": { "type": "LineString", "coordinates": [ [ -52.088343003377105, -32.04298186448316 ], [ -52.089254815320686, -32.042818207417199 ] ] } },
{ "type": "Feature", "properties": { "tipo": "avenida", "nome": "ENGENHEIRO FRANCISCO MARTINS BASTOS", "drenagem": 1.0, "iluminacao": 1.0, "compriment": 75.59900023976958 }, "geometry": { "type": "LineString", "coordinates": [ [ -52.088343003377105, -32.04298186448316 ], [ -52.087562810089331, -32.043134167672903 ] ] } },
{ "type": "Feature", "properties": { "tipo": "rua", "nome": "ABDALA NADER", "drenagem": 0.0, "iluminacao": 1.0, "compriment": 11.199078959101303 }, "geometry": { "type": "LineString", "coordinates": [ [ -52.08420082466737, -32.04389304998633 ], [ -52.084202071278234, -32.043862173024586 ] ] } },
{ "type": "Feature", "properties": { "tipo": "avenida", "nome": "ARGENTINA", "drenagem": 1.0, "iluminacao": 1.0, "compriment": 104.0829677834614 }, "geometry": { "type": "LineString", "coordinates": [ [ -52.137957984392138, -32.048843527897013 ], [ -52.137482404592603, -32.049690268275256 ] ] } },
{ "type": "Feature", "properties": { "tipo": "avenida", "nome": "ARGENTINA", "drenagem": 1.0, "iluminacao": 1.0, "compriment": 99.101709840397874 }, "geometry": { "type": "LineString", "coordinates": [ [ -52.137004731825947, -32.050489935235007 ], [ -52.136545176800858, -32.051293385568066 ] ] } },
{ "type": "Feature", "properties": { "tipo": "avenida", "nome": "ARGENTINA", "drenagem": 1.0, "iluminacao": 1.0, "compriment": 109.46784323416412 }, "geometry": { "type": "LineString", "coordinates": [ [ -52.135343361974662, -32.053286250390975 ], [ -52.134820783049733, -32.05416743080287 ] ] } },
{ "type": "Feature", "properties": { "tipo": "avenida", "nome": "ARGENTINA", "drenagem": 1.0, "iluminacao": 1.0, "compriment": 99.584972539448415 }, "geometry": { "type": "MultiLineString", "coordinates": [ [ [ -52.134253488494146, -32.055114039369428 ], [ -52.134010956524527, -32.055513510063065 ] ], [ [ -52.133986909821211, -32.055553117019898 ], [ -52.13380709058525, -32.055849294530155 ] ] ] } },
{ "type": "Feature", "properties": { "tipo": "rua", "nome": "UMBERTO IBRAHIM DE FARIAS", "drenagem": 0.0, "iluminacao": 0.0, "compriment": 69.725354390725855 }, "geometry": { "type": "LineString", "coordinates": [ [ -52.083612152390664, -32.043834244454281 ], [ -52.082889737405345, -32.043963740167214 ] ] } },
{ "type": "Feature", "properties": { "tipo": "rua", "nome": "VINTE E CINCO", "drenagem": 0.0, "iluminacao": 1.0, "compriment": 36.444696560070561 }, "geometry": { "type": "LineString", "coordinates": [ [ -52.079925000397125, -32.044798991843777 ], [ -52.07997958239207, -32.044946546831603 ] ] } },
{ "type": "Feature", "properties": { "tipo": "rua", "nome": "UMBERTO IBRAHIM DE FARIAS", "drenagem": 0.0, "iluminacao": 1.0, "compriment": 86.468560768236571 }, "geometry": { "type": "LineString", "coordinates": [ [ -52.081263791892773, -32.044233775286102 ], [ -52.081108386843134, -32.044273133406996 ] ] } },
{ "type": "Feature", "properties": { "tipo": "rua", "nome": "UMBERTO IBRAHIM DE FARIAS", "drenagem": 0.0, "iluminacao": 0.0, "compriment": 74.168974117135079 }, "geometry": { "type": "LineString", "coordinates": [ [ -52.082889737405345, -32.043963740167214 ], [ -52.082107708806831, -32.044024627350936 ] ] } },
{ "type": "Feature", "properties": { "tipo": "rua", "nome": "CASTRO ALVES", "drenagem": 0.0, "iluminacao": 1.0, "compriment": 100.97554919731375 }, "geometry": { "type": "LineString", "coordinates": [ [ -52.126880025154939, -32.04114032693694 ], [ -52.126494640371789, -32.041810350482621 ] ] } },
{ "type": "Feature", "properties": { "tipo": "rua", "nome": "JURAI XAVIER DA SILVA", "drenagem": 0.0, "iluminacao": 1.0, "compriment": 172.57042625663081 }, "geometry": { "type": "LineString", "coordinates": [ [ -52.172300504712858, -32.062861501584081 ], [ -52.172362031218107, -32.062763577645072 ] ] } },
{ "type": "Feature", "properties": { "tipo": "rua", "nome": "MORON", "drenagem": 0.0, "iluminacao": 1.0, "compriment": 154.4617037469356 }, "geometry": { "type": "MultiLineString", "coordinates": [ [ [ -52.103321829576565, -32.038593325574169 ], [ -52.103083780203505, -32.038984892048049 ] ], [ [ -52.102806209519123, -32.039441466970878 ], [ -52.102569837378169, -32.039830274572289 ] ] ] } },
{ "type": "Feature", "properties": { "tipo": "rua", "nome": "CONSELHEIRO TEIXEIRA JUNIOR", "drenagem": 0.0, "iluminacao": 1.0, "compriment": 102.19343974563439 }, "geometry": { "type": "LineString", "coordinates": [ [ -52.113134885430654, -32.038272049185977 ], [ -52.112671915474465, -32.039105009214019 ] ] } },
{ "type": "Feature", "properties": { "tipo": "rua", "nome": "CENTO E TRINTA E QUATRO", "drenagem": 0.0, "iluminacao": 1.0, "compriment": 115.60766428140562 }, "geometry": { "type": "LineString", "coordinates": [ [ -52.16726698922858, -32.056991938192652 ], [ -52.167318012134636, -32.0570107658937 ] ] } },
{ "type": "Feature", "properties": { "tipo": "rua", "nome": "CONSELHEIRO TEIXEIRA JUNIOR", "drenagem": 0.0, "iluminacao": 1.0, "compriment": 101.11016699881671 }, "geometry": { "type": "LineString", "coordinates": [ [ -52.112671915474465, -32.039105009214019 ], [ -52.112187465970059, -32.039918120038905 ] ] } },
{ "type": "Feature", "properties": { "tipo": "rua", "nome": "INTENDENTE CONRADO", "drenagem": 0.0, "iluminacao": 1.0, "compriment": 134.09246700373464 }, "geometry": { "type": "MultiLineString", "coordinates": [ [ [ -52.122614914482483, -32.05254609745402 ], [ -52.122567688916014, -32.052629830701932 ] ], [ [ -52.122430004382387, -32.05287395213972 ], [ -52.122007003921951, -32.053623952723456 ] ] ] } },
{ "type": "Feature", "properties": { "tipo": "rua", "nome": "CONSELHEIRO TEIXEIRA JUNIOR", "drenagem": 0.0, "iluminacao": 1.0, "compriment": 100.70721384888303 }, "geometry": { "type": "LineString", "coordinates": [ [ -52.112187465970059, -32.039918120038905 ], [ -52.11195742262678, -32.040299626705348 ] ] } },
{ "type": "Feature", "properties": { "tipo": "rua", "nome": "INTENDENTE CONRADO", "drenagem": 0.0, "iluminacao": 1.0, "compriment": 67.27080742295631 }, "geometry": { "type": "LineString", "coordinates": [ [ -52.12358424310095, -32.051003307040709 ], [ -52.123198130465063, -32.051513105839966 ] ] } },
{ "type": "Feature", "properties": { "tipo": "rua", "nome": "CONSELHEIRO TEIXEIRA JUNIOR", "drenagem": 0.0, "iluminacao": 1.0, "compriment": 99.551321577626794 }, "geometry": { "type": "LineString", "coordinates": [ [ -52.111287253039514, -32.041450741764095 ], [ -52.111240020512014, -32.041533611878421 ] ] } },
{ "type": "Feature", "properties": { "tipo": "rua", "nome": "CONSELHEIRO TEIXEIRA JUNIOR", "drenagem": 0.0, "iluminacao": 1.0, "compriment": 97.639033713692896 }, "geometry": { "type": "MultiLineString", "coordinates": [ [ [ -52.111240020512014, -32.041533611878421 ], [ -52.111187441991163, -32.041621060961376 ] ], [ [ -52.110982345573383, -32.041962179223376 ], [ -52.110768806726071, -32.042317339012385 ] ] ] } },
{ "type": "Feature", "properties": { "tipo": "rua", "nome": "CONSELHEIRO TEIXEIRA JUNIOR", "drenagem": 1.0, "iluminacao": 1.0, "compriment": 101.46345024874971 }, "geometry": { "type": "LineString", "coordinates": [ [ -52.110768806726071, -32.042317339012385 ], [ -52.110295061092437, -32.043138570770616 ] ] } },
{ "type": "Feature", "properties": { "tipo": "rua", "nome": "MARCÍLIO DIAS", "drenagem": 0.0, "iluminacao": 1.0, "compriment": 189.97963862203218 }, "geometry": { "type": "LineString", "coordinates": [ [ -52.116955433875667, -32.034208373023986 ], [ -52.116075544687916, -32.035748991596776 ] ] } },
{ "type": "Feature", "properties": { "tipo": "rua", "nome": "MARCÍLIO DIAS", "drenagem": 1.0, "iluminacao": 1.0, "compriment": 156.37631804959085 }, "geometry": { "type": "MultiLineString", "coordinates": [ [ [ -52.115974994382071, -32.035920249451571 ], [ -52.115860380279912, -32.036114963222005 ] ], [ [ -52.115732708467213, -32.036331860266607 ], [ -52.115604024416776, -32.036550476965445 ] ], [ [ -52.115419681600216, -32.036863650337551 ], [ -52.115232947999424, -32.037180885326883 ] ] ] } },
{ "type": "Feature", "properties": { "tipo": "rua", "nome": "INTENDENTE CARVALHO", "drenagem": 1.0, "iluminacao": 1.0, "compriment": 130.30788445999551 }, "geometry": { "type": "MultiLineString", "coordinates": [ [ [ -52.119328253876738, -32.05120799774987 ], [ -52.119080127679595, -32.051664648056246 ] ], [ [ -52.118910219803617, -32.051977345725895 ], [ -52.118748772473339, -32.052274472646324 ] ] ] } },
{ "type": "Feature", "properties": { "tipo": "rua", "nome": "ACRE", "drenagem": 1.0, "iluminacao": 1.0, "compriment": 95.278680331208591 }, "geometry": { "type": "LineString", "coordinates": [ [ -52.132739832076375, -32.045663509607508 ], [ -52.13227509760825, -32.046426142300234 ] ] } },
{ "type": "Feature", "properties": { "tipo": "rua", "nome": "SAUL PORTO", "drenagem": 0.0, "iluminacao": 1.0, "compriment": 101.36781269355997 }, "geometry": { "type": "LineString", "coordinates": [ [ -52.08124192115168, -32.044170964207481 ], [ -52.081263791892773, -32.044233775286102 ] ] } },
{ "type": "Feature", "properties": { "tipo": "rua", "nome": "MARCÍLIO DIAS", "drenagem": 0.0, "iluminacao": 1.0, "compriment": 21.772210636890954 }, "geometry": { "type": "LineString", "coordinates": [ [ -52.111450996187664, -32.043625004443584 ], [ -52.111347720435916, -32.043800542172711 ] ] } },
{ "type": "Feature", "properties": { "tipo": "rua", "nome": "CARAMURÚ", "drenagem": 1.0, "iluminacao": 1.0, "compriment": 284.13445719432838 }, "geometry": { "type": "LineString", "coordinates": [ [ -52.113467769927382, -32.030478149676213 ], [ -52.112122608004412, -32.032770020533874 ] ] } },
{ "type": "Feature", "properties": { "tipo": "rua", "nome": "ENGENHEIRO HEITOR AMARO BARCELOS", "drenagem": 0.0, "iluminacao": 1.0, "compriment": 34.760201863009328 }, "geometry": { "type": "LineString", "coordinates": [ [ -52.079875348838094, -32.044971581673408 ], [ -52.07997958239207, -32.044946546831603 ] ] } },
{ "type": "Feature", "properties": { "tipo": "rua", "nome": "ALIPIO CADAVAL", "drenagem": 1.0, "iluminacao": 1.0, "compriment": 94.079081622352902 }, "geometry": { "type": "LineString", "coordinates": [ [ -52.079811177592184, -32.045468482948785 ], [ -52.080157563336222, -32.046263953291664 ] ] } },
{ "type": "Feature", "properties": { "tipo": "rua", "nome": "CARLOS VIGNOLI", "drenagem": 0.0, "iluminacao": 0.0, "compriment": 31.93066690498889 }, "geometry": { "type": "LineString", "coordinates": [ [ -52.084906378764927, -32.048440158420526 ], [ -52.084998120069962, -32.048423150341165 ] ] } },
{ "type": "Feature", "properties": { "tipo": "rua", "nome": "CARAMURÚ", "drenagem": 1.0, "iluminacao": 1.0, "compriment": 149.4463200963655 }, "geometry": { "type": "LineString", "coordinates": [ [ -52.112122608004412, -32.032770020533874 ], [ -52.111406528149736, -32.03397180694494 ] ] } },
{ "type": "Feature", "properties": { "tipo": "avenida", "nome": "SENADOR SALGADO FILHO", "drenagem": 0.0, "iluminacao": 0.0, "compriment": 32.068252121031286 }, "geometry": { "type": "LineString", "coordinates": [ [ -52.087955395076236, -32.038278620260442 ], [ -52.087749267226947, -32.038321870215654 ], [ -52.087647775607039, -32.038387215849333 ] ] } },
{ "type": "Feature", "properties": { "tipo": "avenida", "nome": "SENADOR SALGADO FILHO", "drenagem": 1.0, "iluminacao": 1.0, "compriment": 44.426127986464806 }, "geometry": { "type": "LineString", "coordinates": [ [ -52.087955395076236, -32.038278620260442 ], [ -52.087518387441357, -32.038130469175712 ] ] } },
{ "type": "Feature", "properties": { "tipo": "avenida", "nome": "SENADOR SALGADO FILHO", "drenagem": 1.0, "iluminacao": 1.0, "compriment": 17.569607699723225 }, "geometry": { "type": "LineString", "coordinates": [ [ -52.087647775607039, -32.038387215849333 ], [ -52.087467868571963, -32.038427478412686 ] ] } },
{ "type": "Feature", "properties": { "tipo": "avenida", "nome": "SENADOR SALGADO FILHO", "drenagem": 1.0, "iluminacao": 1.0, "compriment": 40.246711108010295 }, "geometry": { "type": "LineString", "coordinates": [ [ -52.087309426775313, -32.03844677919529 ], [ -52.087518387441357, -32.038130469175712 ] ] } },
{ "type": "Feature", "properties": { "tipo": "avenida", "nome": "SENADOR SALGADO FILHO", "drenagem": 1.0, "iluminacao": 1.0, "compriment": 15.050659391292998 }, "geometry": { "type": "LineString", "coordinates": [ [ -52.087467928463369, -32.038426876538189 ], [ -52.087310127097986, -32.038445719116325 ] ] } },
{ "type": "Feature", "properties": { "tipo": "rua", "nome": "VALPORTO", "drenagem": 1.0, "iluminacao": 1.0, "compriment": 156.93893582822881 }, "geometry": { "type": "LineString", "coordinates": [ [ -52.087096669712487, -32.042138216641504 ], [ -52.087147379672231, -32.042217563990185 ], [ -52.087275651044543, -32.042406365420597 ] ] } },
{ "type": "Feature", "properties": { "tipo": "rua", "nome": "VALPORTO", "drenagem": 1.0, "iluminacao": 1.0, "compriment": 141.46208416364553 }, "geometry": { "type": "LineString", "coordinates": [ [ -52.08717177833006, -32.042462128855583 ], [ -52.087080165197655, -32.042368416038414 ] ] } },
{ "type": "Feature", "properties": { "tipo": "rua", "nome": "ENGENHEIRO ALFREDO HUCH", "drenagem": 1.0, "iluminacao": 1.0, "compriment": 21.23991360947862 }, "geometry": { "type": "LineString", "coordinates": [ [ -52.088350248891395, -32.042906818103603 ], [ -52.088343003377105, -32.04298186448316 ] ] } },
{ "type": "Feature", "properties": { "tipo": "rua", "nome": "SEM DENOMINACAO", "drenagem": 0.0, "iluminacao": 1.0, "compriment": 118.76482933495701 }, "geometry": { "type": "LineString", "coordinates": [ [ -52.086154952481522, -32.043234364432436 ], [ -52.086070321292041, -32.043181425282839 ], [ -52.085987478149953, -32.043076750161653 ], [ -52.085984157633717, -32.04301848061214 ], [ -52.086041748717882, -32.042991080495192 ], [ -52.086320922557952, -32.043002141924909 ], [ -52.08632623347011, -32.043002587615149 ] ] } },
{ "type": "Feature", "properties": { "tipo": "rua", "nome": "SEM DENOMINACAO", "drenagem": 0.0, "iluminacao": 1.0, "compriment": 185.37799966154824 }, "geometry": { "type": "LineString", "coordinates": [ [ -52.0843244456888, -32.043688492621826 ], [ -52.084559633710967, -32.043658500246764 ], [ -52.084593625326633, -32.043646441591775 ] ] } },
{ "type": "Feature", "properties": { "tipo": "rua", "nome": "14 BIS", "drenagem": 0.0, "iluminacao": 1.0, "compriment": 94.830630845677831 }, "geometry": { "type": "MultiLineString", "coordinates": [ [ [ -52.127474745466159, -32.054452305966997 ], [ -52.127422573007948, -32.054555293329933 ] ], [ [ -52.127191415956077, -32.05501159261145 ], [ -52.127098356999959, -32.055195289083059 ] ] ] } },
{ "type": "Feature", "properties": { "tipo": "rua", "nome": "CASTRO ALVES", "drenagem": 0.0, "iluminacao": 1.0, "compriment": 100.59315354177956 }, "geometry": { "type": "LineString", "coordinates": [ [ -52.124479363140466, -32.04515283465755 ], [ -52.124003709789505, -32.045964509371849 ] ] } },
{ "type": "Feature", "properties": { "tipo": "rua", "nome": "CASTRO ALVES", "drenagem": 0.0, "iluminacao": 1.0, "compriment": 99.367078051519258 }, "geometry": { "type": "LineString", "coordinates": [ [ -52.124003709789505, -32.045964509371849 ], [ -52.123537262532032, -32.046767735166213 ] ] } },
{ "type": "Feature", "properties": { "tipo": "rua", "nome": "ANTONIO JOAO", "drenagem": 0.0, "iluminacao": 1.0, "compriment": 42.164864201759883 }, "geometry": { "type": "LineString", "coordinates": [ [ -52.161448117910808, -32.054310995454728 ], [ -52.161226033566699, -32.054640867638341 ] ] } },
{ "type": "Feature", "properties": { "tipo": "rua", "nome": "CARAMURÚ", "drenagem": 1.0, "iluminacao": 1.0, "compriment": 27.002557288525114 }, "geometry": { "type": "LineString", "coordinates": [ [ -52.111406528149736, -32.03397180694494 ], [ -52.111280130160928, -32.034190223397822 ] ] } },
{ "type": "Feature", "properties": { "tipo": "travessa", "nome": "JOAO TOUGUINHA", "drenagem": 1.0, "iluminacao": 1.0, "compriment": 79.149840893481098 }, "geometry": { "type": "LineString", "coordinates": [ [ -52.097557702482511, -32.039767475773104 ], [ -52.097645539966813, -32.040190688740267 ] ] } },
{ "type": "Feature", "properties": { "tipo": "rua", "nome": "GENERAL ABREU", "drenagem": 0.0, "iluminacao": 1.0, "compriment": 60.266191173927886 }, "geometry": { "type": "LineString", "coordinates": [ [ -52.116369698720248, -32.044710400884099 ], [ -52.116476541536052, -32.044755095348911 ] ] } },
{ "type": "Feature", "properties": { "tipo": "rua", "nome": "ANTONIO JOAO", "drenagem": 0.0, "iluminacao": 1.0, "compriment": 40.338838324333508 }, "geometry": { "type": "LineString", "coordinates": [ [ -52.16073731556461, -32.055595603562899 ], [ -52.160570429560927, -32.055930471636586 ] ] } },
{ "type": "Feature", "properties": { "tipo": "rua", "nome": "CARAMURÚ", "drenagem": 1.0, "iluminacao": 1.0, "compriment": 9.0765771289606523 }, "geometry": { "type": "LineString", "coordinates": [ [ -52.107372626318941, -32.040839386563249 ], [ -52.107334624056413, -32.04091456825018 ] ] } },
{ "type": "Feature", "properties": { "tipo": "rua", "nome": "CARAMURÚ", "drenagem": 1.0, "iluminacao": 1.0, "compriment": 24.882449280816456 }, "geometry": { "type": "LineString", "coordinates": [ [ -52.106910487734467, -32.041682578996038 ], [ -52.106797375705895, -32.041885236604081 ] ] } },
{ "type": "Feature", "properties": { "tipo": "rua", "nome": "MARECHAL DEODORO", "drenagem": 1.0, "iluminacao": 1.0, "compriment": 49.552705848220505 }, "geometry": { "type": "LineString", "coordinates": [ [ -52.110828228773165, -32.030138667375404 ], [ -52.11058397845634, -32.030534146020827 ] ] } },
{ "type": "Feature", "properties": { "tipo": "rua", "nome": "CASTRO ALVES", "drenagem": 0.0, "iluminacao": 1.0, "compriment": 101.42712719258633 }, "geometry": { "type": "MultiLineString", "coordinates": [ [ [ -52.123537262532032, -32.046767735166213 ], [ -52.123387344986511, -32.047007058482848 ] ], [ [ -52.123160605281647, -32.047369018105343 ], [ -52.123031735238577, -32.047574741898472 ] ] ] } },
{ "type": "Feature", "properties": { "tipo": "rua", "nome": "CASTRO ALVES", "drenagem": 0.0, "iluminacao": 1.0, "compriment": 98.377074782516644 }, "geometry": { "type": "LineString", "coordinates": [ [ -52.123031735238577, -32.047574741898472 ], [ -52.122569765883782, -32.048369896919361 ] ] } },
{ "type": "Feature", "properties": { "tipo": "avenida", "nome": "PRIMEIRO DE MAIO", "drenagem": 1.0, "iluminacao": 1.0, "compriment": 221.47887358920713 }, "geometry": { "type": "LineString", "coordinates": [ [ -52.123198130465063, -32.051513105839966 ], [ -52.124111329373612, -32.052002499997791 ] ] } },
{ "type": "Feature", "properties": { "tipo": "avenida", "nome": "PRIMEIRO DE MAIO", "drenagem": 1.0, "iluminacao": 1.0, "compriment": 211.06927492417725 }, "geometry": { "type": "LineString", "coordinates": [ [ -52.126466340034291, -32.053271162378834 ], [ -52.127069425792811, -32.053597351598249 ] ] } },
{ "type": "Feature", "properties": { "tipo": "avenida", "nome": "PRIMEIRO DE MAIO", "drenagem": 1.0, "iluminacao": 1.0, "compriment": 216.0110667269405 }, "geometry": { "type": "LineString", "coordinates": [ [ -52.127069425792811, -32.053597351598249 ], [ -52.128998582242268, -32.054643976949812 ] ] } },
{ "type": "Feature", "properties": { "tipo": "avenida", "nome": "ENGENHEIRO FRANCISCO MARTINS BASTOS", "drenagem": 0.0, "iluminacao": 1.0, "compriment": 212.2035176971774 }, "geometry": { "type": "MultiLineString", "coordinates": [ [ [ -52.086703707044343, -32.043344951810838 ], [ -52.086644924154854, -32.043379832559822 ] ], [ [ -52.086437649798874, -32.04355366954573 ], [ -52.086420881281036, -32.043573456435048 ] ], [ [ -52.086179113725876, -32.044098573765176 ], [ -52.086115091202288, -32.044279736347413 ] ] ] } },
{ "type": "Feature", "properties": { "tipo": "rua", "nome": "ALMIRANTE BARROSO", "drenagem": 1.0, "iluminacao": 1.0, "compriment": 107.91266997122661 }, "geometry": { "type": "MultiLineString", "coordinates": [ [ [ -52.087080165197655, -32.042368416038414 ], [ -52.08703576893604, -32.042987635160735 ] ], [ [ -52.08699622649921, -32.0430808319203 ], [ -52.086991767564577, -32.043082260239679 ] ] ] } },
{ "type": "Feature", "properties": { "tipo": "rua", "nome": "ABDALA NADER", "drenagem": 0.0, "iluminacao": 1.0, "compriment": 11.460716252289306 }, "geometry": { "type": "LineString", "coordinates": [ [ -52.0843244456888, -32.043688492621826 ], [ -52.084262004307398, -32.043777112910895 ] ] } },
{ "type": "Feature", "properties": { "tipo": "rua", "nome": "UMBERTO IBRAHIM DE FARIAS", "drenagem": 0.0, "iluminacao": 1.0, "compriment": 57.13195309097231 }, "geometry": { "type": "LineString", "coordinates": [ [ -52.084202071278234, -32.043862173024586 ], [ -52.083919675588078, -32.043793497501106 ], [ -52.083612152390664, -32.043834244454281 ] ] } },
{ "type": "Feature", "properties": { "tipo": "rua", "nome": "MARECHAL DEODORO", "drenagem": 0.0, "iluminacao": 1.0, "compriment": 89.342363435307604 }, "geometry": { "type": "LineString", "coordinates": [ [ -52.109915174006311, -32.031648686197158 ], [ -52.109497931772118, -32.032371754061884 ] ] } },
{ "type": "Feature", "properties": { "tipo": "rua", "nome": "MARECHAL DEODORO", "drenagem": 1.0, "iluminacao": 1.0, "compriment": 90.361485433019681 }, "geometry": { "type": "MultiLineString", "coordinates": [ [ [ -52.109497931772118, -32.032371754061884 ], [ -52.109239611160703, -32.032833789354839 ] ], [ [ -52.109201095802973, -32.032902678378029 ], [ -52.109086598892866, -32.033107468902152 ] ] ] } },
{ "type": "Feature", "properties": { "tipo": "rua", "nome": "UMBERTO IBRAHIM DE FARIAS", "drenagem": 0.0, "iluminacao": 0.0, "compriment": 35.144270641074712 }, "geometry": { "type": "LineString", "coordinates": [ [ -52.083918690411089, -32.043790177620693 ], [ -52.083978729883974, -32.043747061868338 ], [ -52.084091731207458, -32.043730399960104 ], [ -52.084262004307398, -32.043777112910895 ] ] } },
{ "type": "Feature", "properties": { "tipo": "rua", "nome": "ABDALA NADER", "drenagem": 0.0, "iluminacao": 1.0, "compriment": 11.000304290808206 }, "geometry": { "type": "LineString", "coordinates": [ [ -52.084262004307398, -32.043777112910895 ], [ -52.084202071278234, -32.043862173024586 ] ] } },
{ "type": "Feature", "properties": { "tipo": "rua", "nome": "SOLDADO BOMBEIRO ANTONIO SILVEIRA DE AZEVEDO", "drenagem": 0.0, "iluminacao": 0.0, "compriment": 25.880686123487123 }, "geometry": { "type": "LineString", "coordinates": [ [ -52.083612152390664, -32.043834244454281 ], [ -52.083641946428472, -32.044036940162883 ] ] } },
{ "type": "Feature", "properties": { "tipo": "rua", "nome": "SENADOR ALBERTO PASQUALINI", "drenagem": 0.0, "iluminacao": 1.0, "compriment": 38.335489503418351 }, "geometry": { "type": "LineString", "coordinates": [ [ -52.082889737405345, -32.043963740167214 ], [ -52.083017317113111, -32.043986929458875 ], [ -52.083120498313384, -32.044086387758057 ], [ -52.083158627764803, -32.044182951799371 ] ] } },
{ "type": "Feature", "properties": { "tipo": "rua", "nome": "ENGENHEIRO HEITOR AMARO BARCELOS", "drenagem": 0.0, "iluminacao": 1.0, "compriment": 140.31697226719243 }, "geometry": { "type": "LineString", "coordinates": [ [ -52.07997958239207, -32.044946546831603 ], [ -52.081409480972916, -32.044603101805848 ] ] } },
{ "type": "Feature", "properties": { "tipo": "rua", "nome": "ENGENHEIRO HEITOR AMARO BARCELOS", "drenagem": 0.0, "iluminacao": 1.0, "compriment": 47.845824170938307 }, "geometry": { "type": "MultiLineString", "coordinates": [ [ [ -52.083158627764803, -32.044182951799371 ], [ -52.083277940891719, -32.044154291235785 ] ], [ [ -52.083411352474876, -32.044122244039798 ], [ -52.083640908460303, -32.044067101708968 ] ] ] } },
{ "type": "Feature", "properties": { "tipo": "rua", "nome": "COLOMBIA", "drenagem": 1.0, "iluminacao": 1.0, "compriment": 166.27841896571479 }, "geometry": { "type": "LineString", "coordinates": [ [ -52.138430636658128, -32.056969362835645 ], [ -52.138384081703435, -32.05710043646728 ] ] } },
{ "type": "Feature", "properties": { "tipo": "rua", "nome": "AGOSTINHO PETRONE", "drenagem": 0.0, "iluminacao": 1.0, "compriment": 164.08039155900283 }, "geometry": { "type": "LineString", "coordinates": [ [ -52.137877408120524, -32.056784622539098 ], [ -52.137816448800876, -32.056958209599166 ] ] } },
{ "type": "Feature", "properties": { "tipo": "rua", "nome": "MARECHAL DEODORO", "drenagem": 1.0, "iluminacao": 1.0, "compriment": 24.086925593419618 }, "geometry": { "type": "LineString", "coordinates": [ [ -52.109086598892866, -32.033107468902152 ], [ -52.108973059222365, -32.033301968123304 ] ] } },
{ "type": "Feature", "properties": { "tipo": "rua", "nome": "MARECHAL DEODORO", "drenagem": 1.0, "iluminacao": 1.0, "compriment": 113.25269448820374 }, "geometry": { "type": "MultiLineString", "coordinates": [ [ [ -52.108973059222365, -32.033301968123304 ], [ -52.108765101674855, -32.033645635600905 ] ], [ [ -52.108753334008121, -32.033665082667824 ], [ -52.108548911190844, -32.034002908704053 ] ], [ [ -52.108522716530224, -32.034046197601469 ], [ -52.108423724133466, -32.034209790929545 ] ] ] } },
{ "type": "Feature", "properties": { "tipo": "avenida", "nome": "ENGENHEIRO FRANCISCO MARTINS BASTOS", "drenagem": 0.0, "iluminacao": 1.0, "compriment": 321.12476352539602 }, "geometry": { "type": "LineString", "coordinates": [ [ -52.085673682688643, -32.046956996854711 ], [ -52.085657166288982, -32.047102264913079 ] ] } },
{ "type": "Feature", "properties": { "tipo": "rua", "nome": "ALMIRANTE BARROSO", "drenagem": 1.0, "iluminacao": 1.0, "compriment": 204.84253919779468 }, "geometry": { "type": "LineString", "coordinates": [ [ -52.087666741480945, -32.035445969289626 ], [ -52.087580249009839, -32.036308246480367 ], [ -52.087482115165386, -32.037286564151884 ] ] } },
{ "type": "Feature", "properties": { "tipo": "rua", "nome": "CASIMIRO DE ABREU", "drenagem": 0.0, "iluminacao": 1.0, "compriment": 97.537015966887054 }, "geometry": { "type": "LineString", "coordinates": [ [ -52.125612260545878, -32.045644918171575 ], [ -52.125164327687109, -32.046437474695679 ] ] } },
{ "type": "Feature", "properties": { "tipo": "rua", "nome": "MARQUES DE MARICA", "drenagem": 1.0, "iluminacao": 1.0, "compriment": 101.78123840009872 }, "geometry": { "type": "LineString", "coordinates": [ [ -52.121458618315984, -32.046791400680512 ], [ -52.121404494351097, -32.046883424798409 ] ] } },
{ "type": "Feature", "properties": { "tipo": "rua", "nome": "CHILE", "drenagem": 0.0, "iluminacao": 1.0, "compriment": 62.163479113867176 }, "geometry": { "type": "MultiLineString", "coordinates": [ [ [ -52.135934468900061, -32.052286338091456 ], [ -52.136073550094117, -32.052349551099873 ] ], [ [ -52.136146753570031, -32.052382822398485 ], [ -52.136274836230591, -32.052441036525522 ] ], [ [ -52.136329325473731, -32.052465802123841 ], [ -52.136515186387889, -32.052550276718776 ] ] ] } },
{ "type": "Feature", "properties": { "tipo": "travessa", "nome": "GUIANAS", "drenagem": 0.0, "iluminacao": 1.0, "compriment": 106.97298588860697 }, "geometry": { "type": "LineString", "coordinates": [ [ -52.136838537747181, -32.053176646156693 ], [ -52.136937323405334, -32.05322192672724 ] ] } },
{ "type": "Feature", "properties": { "tipo": "rua", "nome": "MARECHAL DEODORO", "drenagem": 1.0, "iluminacao": 1.0, "compriment": 95.514914251412492 }, "geometry": { "type": "LineString", "coordinates": [ [ -52.107889794711298, -32.035097179367028 ], [ -52.107463440711435, -32.035878240307845 ] ] } },
{ "type": "Feature", "properties": { "tipo": "rua", "nome": "MARECHAL DEODORO", "drenagem": 1.0, "iluminacao": 1.0, "compriment": 95.787930283074459 }, "geometry": { "type": "LineString", "coordinates": [ [ -52.107463440711435, -32.035878240307845 ], [ -52.107020664771532, -32.036655382270823 ] ] } },
{ "type": "Feature", "properties": { "tipo": "rua", "nome": "MARECHAL DEODORO", "drenagem": 1.0, "iluminacao": 1.0, "compriment": 91.444523869911947 }, "geometry": { "type": "LineString", "coordinates": [ [ -52.106971900892191, -32.036727873269101 ], [ -52.106503640387785, -32.037449654812335 ] ] } },
{ "type": "Feature", "properties": { "tipo": "rua", "nome": "MARECHAL DEODORO", "drenagem": 1.0, "iluminacao": 1.0, "compriment": 10.539229907715255 }, "geometry": { "type": "LineString", "coordinates": [ [ -52.106503640387785, -32.037449654812335 ], [ -52.106467191307644, -32.03753948510785 ] ] } },
{ "type": "Feature", "properties": { "tipo": "rua", "nome": "MINAS GERAIS", "drenagem": 0.0, "iluminacao": 1.0, "compriment": 99.257518023018221 }, "geometry": { "type": "LineString", "coordinates": [ [ -52.120325101747682, -32.046405221069939 ], [ -52.120220625768845, -32.046583035708153 ] ] } },
{ "type": "Feature", "properties": { "tipo": "rua", "nome": "MINAS GERAIS", "drenagem": 0.0, "iluminacao": 1.0, "compriment": 53.992035965143387 }, "geometry": { "type": "LineString", "coordinates": [ [ -52.119322989563159, -32.048153228283411 ], [ -52.119060954277082, -32.048585976661592 ] ] } },
{ "type": "Feature", "properties": { "tipo": "rua", "nome": "MINAS GERAIS", "drenagem": 0.0, "iluminacao": 1.0, "compriment": 60.201340278697288 }, "geometry": { "type": "LineString", "coordinates": [ [ -52.119060954277082, -32.048585976661592 ], [ -52.118770860130745, -32.049069401347097 ] ] } },
{ "type": "Feature", "properties": { "tipo": "rua", "nome": "MARECHAL DEODORO", "drenagem": 1.0, "iluminacao": 1.0, "compriment": 11.375886944674383 }, "geometry": { "type": "LineString", "coordinates": [ [ -52.105117732519481, -32.03986305398405 ], [ -52.105076661814621, -32.039959494415307 ] ] } },
{ "type": "Feature", "properties": { "tipo": "rua", "nome": "MARECHAL DEODORO", "drenagem": 1.0, "iluminacao": 1.0, "compriment": 95.756710923038497 }, "geometry": { "type": "MultiLineString", "coordinates": [ [ [ -52.105076661814621, -32.039959494415307 ], [ -52.104894461231005, -32.040280299528789 ] ], [ [ -52.104858864920345, -32.040342974841089 ], [ -52.104793460197342, -32.04045813456873 ] ], [ [ -52.104706688840267, -32.040610915062082 ], [ -52.104635160311979, -32.040736857126475 ] ] ] } },
{ "type": "Feature", "properties": { "tipo": "rua", "nome": "VISCONDE DO RIO GRANDE", "drenagem": 1.0, "iluminacao": 1.0, "compriment": 105.9467792788889 }, "geometry": { "type": "LineString", "coordinates": [ [ -52.112548398056148, -32.029576549966727 ], [ -52.112036685092313, -32.030426757296972 ] ] } },
{ "type": "Feature", "properties": { "tipo": "rua", "nome": "VISCONDE DO RIO GRANDE", "drenagem": 1.0, "iluminacao": 1.0, "compriment": 181.40722866787138 }, "geometry": { "type": "LineString", "coordinates": [ [ -52.112036685092313, -32.030426757296972 ], [ -52.111175182849991, -32.031888871251347 ] ] } },
{ "type": "Feature", "properties": { "tipo": "rua", "nome": "VISCONDE DO RIO GRANDE", "drenagem": 1.0, "iluminacao": 1.0, "compriment": 49.256685413658225 }, "geometry": { "type": "LineString", "coordinates": [ [ -52.111175182849991, -32.031888871251347 ], [ -52.110950300664356, -32.03228964506264 ] ] } },
{ "type": "Feature", "properties": { "tipo": "rua", "nome": "REPUBLICA DE CUBA", "drenagem": 1.0, "iluminacao": 1.0, "compriment": 145.36333597545755 }, "geometry": { "type": "LineString", "coordinates": [ [ -52.132076598301268, -32.049238189497245 ], [ -52.132014484680276, -32.049346358801564 ] ] } },
{ "type": "Feature", "properties": { "tipo": "rua", "nome": "REPUBLICA DE CUBA", "drenagem": 1.0, "iluminacao": 1.0, "compriment": 124.34788241352821 }, "geometry": { "type": "MultiLineString", "coordinates": [ [ [ -52.132014484680276, -32.049346358801564 ], [ -52.13160843901931, -32.050018044360264 ] ], [ [ -52.131458516670754, -32.050266047691245 ], [ -52.131424719723753, -32.050321955002687 ], [ -52.131411779969362, -32.050343359841314 ] ] ] } },
{ "type": "Feature", "properties": { "tipo": "rua", "nome": "REPUBLICA DE CUBA", "drenagem": 1.0, "iluminacao": 1.0, "compriment": 120.0670009583843 }, "geometry": { "type": "LineString", "coordinates": [ [ -52.130848553579234, -32.051260498804098 ], [ -52.130795787829072, -32.051354255592493 ] ] } },
{ "type": "Feature", "properties": { "tipo": "rua", "nome": "BOLIVIA", "drenagem": 1.0, "iluminacao": 1.0, "compriment": 53.669295843515073 }, "geometry": { "type": "MultiLineString", "coordinates": [ [ [ -52.130346688617095, -32.051033433481443 ], [ -52.130502514940339, -32.051103936021036 ] ], [ [ -52.130653415720921, -32.051172210033009 ], [ -52.130848553579234, -32.051260498804098 ] ] ] } },
{ "type": "Feature", "properties": { "tipo": "rua", "nome": "VISCONDE DO RIO GRANDE", "drenagem": 1.0, "iluminacao": 1.0, "compriment": 9.910141255783012 }, "geometry": { "type": "LineString", "coordinates": [ [ -52.109071213158408, -32.035502164143871 ], [ -52.109036311670806, -32.035586445450541 ] ] } },
{ "type": "Feature", "properties": { "tipo": "rua", "nome": "REPUBLICA DO SALVADOR", "drenagem": 0.0, "iluminacao": 1.0, "compriment": 106.65034485530313 }, "geometry": { "type": "LineString", "coordinates": [ [ -52.132045803891948, -32.054465117260655 ], [ -52.131518871671922, -32.055315792925612 ] ] } },
{ "type": "Feature", "properties": { "tipo": "rua", "nome": "ANTONIO RIBEIRO CARDOSO", "drenagem": 1.0, "iluminacao": 1.0, "compriment": 65.627407239183796 }, "geometry": { "type": "LineString", "coordinates": [ [ -52.130529353535742, -32.04667879648968 ], [ -52.130218209358517, -32.047207986773252 ] ] } },
{ "type": "Feature", "properties": { "tipo": "rua", "nome": "TEOFILO AZEVEDO", "drenagem": 0.0, "iluminacao": 1.0, "compriment": 131.72362218926469 }, "geometry": { "type": "MultiLineString", "coordinates": [ [ [ -52.12811245072929, -32.054725882247446 ], [ -52.128032666472564, -32.054870002079248 ] ], [ [ -52.127838542988705, -32.055220660780464 ], [ -52.127768845634947, -32.055346559940432 ] ] ] } },
{ "type": "Feature", "properties": { "tipo": "rua", "nome": "VISCONDE DO RIO GRANDE", "drenagem": 1.0, "iluminacao": 1.0, "compriment": 95.300694645663143 }, "geometry": { "type": "LineString", "coordinates": [ [ -52.109036311670806, -32.035586445450541 ], [ -52.108590677087157, -32.036357505781453 ] ] } },
{ "type": "Feature", "properties": { "tipo": "rua", "nome": "VISCONDE DO RIO GRANDE", "drenagem": 1.0, "iluminacao": 1.0, "compriment": 94.560961852572035 }, "geometry": { "type": "LineString", "coordinates": [ [ -52.108590677087157, -32.036357505781453 ], [ -52.108148719391586, -32.037122673846177 ] ] } },
{ "type": "Feature", "properties": { "tipo": "rua", "nome": "REPUBLICA DO HAITI", "drenagem": 0.0, "iluminacao": 1.0, "compriment": 119.29282012128091 }, "geometry": { "type": "LineString", "coordinates": [ [ -52.132114600485195, -32.052868205457187 ], [ -52.132048338723351, -32.052978703679535 ] ] } },
{ "type": "Feature", "properties": { "tipo": "rua", "nome": "PANAMA", "drenagem": 0.0, "iluminacao": 1.0, "compriment": 149.41012481920211 }, "geometry": { "type": "LineString", "coordinates": [ [ -52.137696986749027, -32.053984649888648 ], [ -52.13724290999933, -32.055275362486569 ] ] } },
{ "type": "Feature", "properties": { "tipo": "rua", "nome": "CHILE", "drenagem": 0.0, "iluminacao": 1.0, "compriment": 57.637674889415557 }, "geometry": { "type": "LineString", "coordinates": [ [ -52.136515186387889, -32.052550276718776 ], [ -52.136637076543224, -32.052601875322601 ] ] } },
{ "type": "Feature", "properties": { "tipo": "rua", "nome": "RIO AMAZONAS", "drenagem": 1.0, "iluminacao": 1.0, "compriment": 119.05768444440052 }, "geometry": { "type": "LineString", "coordinates": [ [ -52.135280208507055, -32.049756203781556 ], [ -52.135872492429847, -32.050011298643938 ] ] } },
{ "type": "Feature", "properties": { "tipo": "rua", "nome": "RIO AMAZONAS", "drenagem": 1.0, "iluminacao": 1.0, "compriment": 119.09691103108995 }, "geometry": { "type": "LineString", "coordinates": [ [ -52.137004731825947, -32.050489935235007 ], [ -52.138115545005071, -32.050998379315423 ] ] } },
{ "type": "Feature", "properties": { "tipo": "rua", "nome": "PEDRO DE SÁ FREITAS", "drenagem": 1.0, "iluminacao": 1.0, "compriment": 98.927888196440804 }, "geometry": { "type": "LineString", "coordinates": [ [ -52.144792046937795, -32.047928262038923 ], [ -52.144361770967805, -32.048741664885796 ] ] } },
{ "type": "Feature", "properties": { "tipo": "rua", "nome": "NICARAGUA", "drenagem": 1.0, "iluminacao": 1.0, "compriment": 30.15949204301258 }, "geometry": { "type": "LineString", "coordinates": [ [ -52.133158710516973, -32.055477234633436 ], [ -52.133012134560751, -32.055718878745701 ] ] } },
{ "type": "Feature", "properties": { "tipo": "rua", "nome": "BOLIVIA", "drenagem": 1.0, "iluminacao": 1.0, "compriment": 71.378317081561931 }, "geometry": { "type": "LineString", "coordinates": [ [ -52.133251927078625, -32.052287923914697 ], [ -52.13329917131761, -32.052307999103903 ] ] } },
{ "type": "Feature", "properties": { "tipo": "rua", "nome": "BOLIVIA", "drenagem": 1.0, "iluminacao": 1.0, "compriment": 72.820105713056762 }, "geometry": { "type": "MultiLineString", "coordinates": [ [ [ -52.133984131384224, -32.052610756588436 ], [ -52.134211566910551, -32.052710804623011 ] ], [ [ -52.134432574597852, -32.052808025075322 ], [ -52.134669222204487, -32.052912125469454 ] ] ] } },
{ "type": "Feature", "properties": { "tipo": "rua", "nome": "MANOEL GONZALEZ LOPES", "drenagem": 0.0, "iluminacao": 1.0, "compriment": 129.42180099507218 }, "geometry": { "type": "MultiLineString", "coordinates": [ [ [ -52.174697159771327, -32.060933904507472 ], [ -52.174787848227417, -32.060793673578068 ] ], [ [ -52.17490757312185, -32.060608543805856 ], [ -52.175358322987343, -32.05991155242139 ] ] ] } },
{ "type": "Feature", "properties": { "tipo": "rua", "nome": "CORDILHEIRA DOS ANDES", "drenagem": 0.0, "iluminacao": 1.0, "compriment": 120.88761082934791 }, "geometry": { "type": "LineString", "coordinates": [ [ -52.135464264777767, -32.048802610594613 ], [ -52.136373459281195, -32.049190975512339 ] ] } },
{ "type": "Feature", "properties": { "tipo": "rua", "nome": "DOUTOR CARLOS BARBOSA", "drenagem": 0.0, "iluminacao": 1.0, "compriment": 52.12565196148045 }, "geometry": { "type": "MultiLineString", "coordinates": [ [ [ -52.141936758154863, -32.047958249879152 ], [ -52.142110909612285, -32.048015383236013 ] ], [ [ -52.142313232887901, -32.048081758838485 ], [ -52.142451793540218, -32.048127216024511 ] ] ] } },
{ "type": "Feature", "properties": { "tipo": "rua", "nome": "DOUTOR CARLOS BARBOSA", "drenagem": 0.0, "iluminacao": 1.0, "compriment": 58.868940822433757 }, "geometry": { "type": "LineString", "coordinates": [ [ -52.142451793540218, -32.048127216024511 ], [ -52.143042764140198, -32.048296029513189 ] ] } },
{ "type": "Feature", "properties": { "tipo": "rua", "nome": "DOUTOR CARLOS BARBOSA", "drenagem": 0.0, "iluminacao": 1.0, "compriment": 58.109348993085504 }, "geometry": { "type": "LineString", "coordinates": [ [ -52.143042764140198, -32.048296029513189 ], [ -52.143614256648512, -32.048490188092849 ] ] } },
{ "type": "Feature", "properties": { "tipo": "rua", "nome": "DOUTOR CARLOS BARBOSA", "drenagem": 0.0, "iluminacao": 1.0, "compriment": 75.905489177821664 }, "geometry": { "type": "MultiLineString", "coordinates": [ [ [ -52.143614256648512, -32.048490188092849 ], [ -52.144096763317414, -32.048652511711992 ] ], [ [ -52.144180754426266, -32.048680767778997 ], [ -52.144361770967805, -32.048741664885796 ] ] ] } },
{ "type": "Feature", "properties": { "tipo": "rua", "nome": "PEDRO DE SÁ FREITAS", "drenagem": 1.0, "iluminacao": 1.0, "compriment": 89.998413631128585 }, "geometry": { "type": "LineString", "coordinates": [ [ -52.144361784918956, -32.048742785865763 ], [ -52.143975729848947, -32.049484818713559 ] ] } },
{ "type": "Feature", "properties": { "tipo": "rua", "nome": "PEDRO DE SÁ FREITAS", "drenagem": 1.0, "iluminacao": 1.0, "compriment": 40.207507157818306 }, "geometry": { "type": "LineString", "coordinates": [ [ -52.14359197391947, -32.050266314990751 ], [ -52.143432587011112, -32.050602542553037 ] ] } },
{ "type": "Feature", "properties": { "tipo": "rua", "nome": "VISCONDE DO RIO GRANDE", "drenagem": 1.0, "iluminacao": 1.0, "compriment": 7.5122091783173381 }, "geometry": { "type": "LineString", "coordinates": [ [ -52.107686369178715, -32.037968062485561 ], [ -52.107647808019394, -32.03802731332857 ] ] } },
{ "type": "Feature", "properties": { "tipo": "rua", "nome": "COMENDADOR HENRIQUE PANCADA", "drenagem": 0.0, "iluminacao": 1.0, "compriment": 119.81944524331065 }, "geometry": { "type": "LineString", "coordinates": [ [ -52.128009898761626, -32.041608419132388 ], [ -52.129143562320046, -32.042093365543259 ] ] } },
{ "type": "Feature", "properties": { "tipo": "rua", "nome": "COMENDADOR HENRIQUE PANCADA", "drenagem": 0.0, "iluminacao": 1.0, "compriment": 119.51886592977145 }, "geometry": { "type": "LineString", "coordinates": [ [ -52.129143562320046, -32.042093365543259 ], [ -52.130275759235992, -32.042574762557862 ] ] } },
{ "type": "Feature", "properties": { "tipo": "rua", "nome": "COMENDADOR HENRIQUE PANCADA", "drenagem": 0.0, "iluminacao": 1.0, "compriment": 126.26158010812387 }, "geometry": { "type": "LineString", "coordinates": [ [ -52.130275759235992, -32.042574762557862 ], [ -52.131466395256567, -32.043092497412488 ] ] } },
{ "type": "Feature", "properties": { "tipo": "rua", "nome": "VIDAL DE NEGREIROS", "drenagem": 0.0, "iluminacao": 1.0, "compriment": 38.976736845570315 }, "geometry": { "type": "LineString", "coordinates": [ [ -52.14342533269344, -32.053269639771663 ], [ -52.143272659306298, -32.053596203283867 ] ] } },
{ "type": "Feature", "properties": { "tipo": "rua", "nome": "VISCONDE DO RIO GRANDE", "drenagem": 1.0, "iluminacao": 1.0, "compriment": 96.245439969302709 }, "geometry": { "type": "LineString", "coordinates": [ [ -52.107647808019394, -32.03802731332857 ], [ -52.107273025797141, -32.038642562963346 ] ] } },
{ "type": "Feature", "properties": { "tipo": "rua", "nome": "CAPITAO TENENTE HEITOR PERDIGAO", "drenagem": 1.0, "iluminacao": 1.0, "compriment": 329.94442109837757 }, "geometry": { "type": "LineString", "coordinates": [ [ -52.107264869237987, -32.026437065418818 ], [ -52.106599098609841, -32.026775848120536 ], [ -52.106369119194454, -32.026977721838847 ], [ -52.105992598313712, -32.028985791299206 ] ] } },
{ "type": "Feature", "properties": { "tipo": "rua", "nome": "AQUIDABAN", "drenagem": 1.0, "iluminacao": 1.0, "compriment": 6.9725892965714857 }, "geometry": { "type": "LineString", "coordinates": [ [ -52.105421320629794, -32.032340651875842 ], [ -52.105494057934116, -32.032351358925155 ] ] } },
{ "type": "Feature", "properties": { "tipo": "rua", "nome": "VIDAL DE NEGREIROS", "drenagem": 0.0, "iluminacao": 1.0, "compriment": 197.81199989408083 }, "geometry": { "type": "LineString", "coordinates": [ [ -52.143272659306298, -32.053596203283867 ], [ -52.143236690357988, -32.053695307898636 ] ] } },
{ "type": "Feature", "properties": { "tipo": "rua", "nome": "PADRE VIEIRA", "drenagem": 1.0, "iluminacao": 1.0, "compriment": 180.98786266861967 }, "geometry": { "type": "LineString", "coordinates": [ [ -52.144209251526661, -32.054009716565929 ], [ -52.144190481108751, -32.05406058422718 ] ] } },
{ "type": "Feature", "properties": { "tipo": "rua", "nome": "SATURNINO DE BRITTO", "drenagem": 1.0, "iluminacao": 1.0, "compriment": 108.66907678603818 }, "geometry": { "type": "LineString", "coordinates": [ [ -52.150903128302033, -32.051987290962977 ], [ -52.150899011194895, -32.05199535466285 ] ] } },
{ "type": "Feature", "properties": { "tipo": "rua", "nome": "VISCONDE DO RIO GRANDE", "drenagem": 1.0, "iluminacao": 1.0, "compriment": 94.575372225719178 }, "geometry": { "type": "LineString", "coordinates": [ [ -52.106694546391708, -32.039597013522695 ], [ -52.106247772924171, -32.040360301129041 ] ] } },
{ "type": "Feature", "properties": { "tipo": "rua", "nome": "VISCONDE DO RIO GRANDE", "drenagem": 1.0, "iluminacao": 1.0, "compriment": 9.3149622798935461 }, "geometry": { "type": "LineString", "coordinates": [ [ -52.106247772924171, -32.040360301129041 ], [ -52.106196319465575, -32.040431965747082 ] ] } },
{ "type": "Feature", "properties": { "tipo": "rua", "nome": "MORON", "drenagem": 0.0, "iluminacao": 1.0, "compriment": 196.91716580926325 }, "geometry": { "type": "LineString", "coordinates": [ [ -52.107764175568299, -32.030927682970976 ], [ -52.106873667518627, -32.032471653676716 ], [ -52.106859366703794, -32.032525869949275 ] ] } },
{ "type": "Feature", "properties": { "tipo": "rua", "nome": "VISCONDE DE MAUA", "drenagem": 1.0, "iluminacao": 1.0, "compriment": 122.74625088493586 }, "geometry": { "type": "LineString", "coordinates": [ [ -52.115080125154229, -32.037114633902121 ], [ -52.115232947999424, -32.037180885326883 ] ] } },
{ "type": "Feature", "properties": { "tipo": "avenida", "nome": "QUINZE DE NOVEMBRO", "drenagem": 1.0, "iluminacao": 1.0, "compriment": 70.331489235409549 }, "geometry": { "type": "LineString", "coordinates": [ [ -52.119653068835269, -32.037354785730457 ], [ -52.11959167489011, -32.037383819822224 ], [ -52.119426281009652, -32.037675452001722 ] ] } },
{ "type": "Feature", "properties": { "tipo": "avenida", "nome": "PORTUGAL", "drenagem": 1.0, "iluminacao": 1.0, "compriment": 27.791133176093879 }, "geometry": { "type": "LineString", "coordinates": [ [ -52.119426802039435, -32.037199136983773 ], [ -52.119500629828259, -32.037232496223609 ], [ -52.11956496812244, -32.037271491508385 ], [ -52.119611921048119, -32.037313112990738 ], [ -52.119653068835269, -32.037354785730457 ] ] } },
{ "type": "Feature", "properties": { "tipo": "avenida", "nome": "PORTUGAL", "drenagem": 1.0, "iluminacao": 1.0, "compriment": 107.20054291971584 }, "geometry": { "type": "LineString", "coordinates": [ [ -52.119653068835269, -32.037354785730457 ], [ -52.119796513275183, -32.037675961916321 ] ] } },
{ "type": "Feature", "properties": { "tipo": "rua", "nome": "GENERAL ABREU", "drenagem": 1.0, "iluminacao": 1.0, "compriment": 239.66377776375856 }, "geometry": { "type": "LineString", "coordinates": [ [ -52.103982808215711, -32.039386203092079 ], [ -52.105117732519481, -32.03986305398405 ], [ -52.106247772924171, -32.040360301129041 ] ] } },
{ "type": "Feature", "properties": { "tipo": "rua", "nome": "GENERAL ABREU", "drenagem": 1.0, "iluminacao": 1.0, "compriment": 118.78562466805823 }, "geometry": { "type": "LineString", "coordinates": [ [ -52.106247772924171, -32.040360301129041 ], [ -52.107372626318941, -32.040839386563249 ] ] } },
{ "type": "Feature", "properties": { "tipo": "rua", "nome": "VISCONDE DO RIO GRANDE", "drenagem": 1.0, "iluminacao": 1.0, "compriment": 95.243522374267215 }, "geometry": { "type": "LineString", "coordinates": [ [ -52.106196319465575, -32.040431965747082 ], [ -52.105764027173912, -32.041207955939726 ] ] } },
{ "type": "Feature", "properties": { "tipo": "rua", "nome": "VISCONDE DO RIO GRANDE", "drenagem": 1.0, "iluminacao": 0.0, "compriment": 21.710142448786545 }, "geometry": { "type": "LineString", "coordinates": [ [ -52.105764027173912, -32.041207955939726 ], [ -52.105657776686009, -32.04138156877957 ] ] } },
{ "type": "Feature", "properties": { "tipo": "rua", "nome": "CRISTOVAO COLOMBO", "drenagem": 1.0, "iluminacao": 1.0, "compriment": 4.7243395762047378 }, "geometry": { "type": "LineString", "coordinates": [ [ -52.108492691984686, -32.041373506915448 ], [ -52.108471217693697, -32.041411985498755 ] ] } },
{ "type": "Feature", "properties": { "tipo": "avenida", "nome": "MAJOR CARLOS PINTO", "drenagem": 1.0, "iluminacao": 1.0, "compriment": 10.893465601535278 }, "geometry": { "type": "LineString", "coordinates": [ [ -52.103982808215711, -32.039386203092079 ], [ -52.103940303442833, -32.039477527095976 ] ] } },
{ "type": "Feature", "properties": { "tipo": "rua", "nome": "TIRADENTES", "drenagem": 1.0, "iluminacao": 1.0, "compriment": 119.14759432988551 }, "geometry": { "type": "LineString", "coordinates": [ [ -52.104459668321461, -32.038591182704749 ], [ -52.105510670606115, -32.03904409791091 ], [ -52.105551070466312, -32.039106435321621 ] ] } },
{ "type": "Feature", "properties": { "tipo": "rua", "nome": "DOIS DE NOVEMBRO", "drenagem": 1.0, "iluminacao": 1.0, "compriment": 148.54533732278182 }, "geometry": { "type": "LineString", "coordinates": [ [ -52.106594151811549, -32.044067547242747 ], [ -52.10722681078294, -32.043356959183043 ] ] } },
{ "type": "Feature", "properties": { "tipo": "rua", "nome": "DOIS DE NOVEMBRO", "drenagem": 1.0, "iluminacao": 1.0, "compriment": 16.110063460411144 }, "geometry": { "type": "LineString", "coordinates": [ [ -52.106528662326383, -32.044141102376805 ], [ -52.10667340090199, -32.044217973068612 ] ] } },
{ "type": "Feature", "properties": { "tipo": "rua", "nome": "CONSELHEIRO TEIXEIRA JUNIOR", "drenagem": 1.0, "iluminacao": 1.0, "compriment": 119.91317070071931 }, "geometry": { "type": "LineString", "coordinates": [ [ -52.110295061092437, -32.043138570770616 ], [ -52.109729178290515, -32.044106609413973 ] ] } },
{ "type": "Feature", "properties": { "tipo": "avenida", "nome": "BUARQUE DE MACEDO", "drenagem": 0.0, "iluminacao": 1.0, "compriment": 40.761887859396545 }, "geometry": { "type": "MultiLineString", "coordinates": [ [ [ -52.108018382939541, -32.042160361172257 ], [ -52.108012323016034, -32.042201916126807 ], [ -52.108023567471704, -32.042261236765462 ], [ -52.108037979404486, -32.042291670521472 ] ], [ [ -52.108153213110519, -32.042418277313004 ], [ -52.108215018533521, -32.042464566788134 ] ] ] } },
{ "type": "Feature", "properties": { "tipo": "avenida", "nome": "BUARQUE DE MACEDO", "drenagem": 1.0, "iluminacao": 1.0, "compriment": 32.042981328850253 }, "geometry": { "type": "LineString", "coordinates": [ [ -52.108321475434437, -32.042290186719143 ], [ -52.108018382939541, -32.042160361172257 ] ] } },
{ "type": "Feature", "properties": { "tipo": "rua", "nome": "BADEN POWEL", "drenagem": 1.0, "iluminacao": 1.0, "compriment": 131.74528538489588 }, "geometry": { "type": "LineString", "coordinates": [ [ -52.107539642862285, -32.029161855689679 ], [ -52.108220561227967, -32.030198731900377 ] ] } },
{ "type": "Feature", "properties": { "tipo": "rua", "nome": "BADEN POWEL", "drenagem": 1.0, "iluminacao": 1.0, "compriment": 92.534046499432179 }, "geometry": { "type": "LineString", "coordinates": [ [ -52.108220561227967, -32.030198731900377 ], [ -52.108713385825965, -32.030919923224012 ] ] } },
{ "type": "Feature", "properties": { "tipo": "avenida", "nome": "BUARQUE DE MACEDO", "drenagem": 1.0, "iluminacao": 1.0, "compriment": 14.193675843456916 }, "geometry": { "type": "LineString", "coordinates": [ [ -52.108215018533521, -32.042464566788134 ], [ -52.1082054229786, -32.042484734848081 ], [ -52.108098199737405, -32.042539011315959 ] ] } },
{ "type": "Feature", "properties": { "tipo": "rua", "nome": "BADEN POWEL", "drenagem": 0.0, "iluminacao": 1.0, "compriment": 22.493096974969561 }, "geometry": { "type": "LineString", "coordinates": [ [ -52.108713385825965, -32.030919923224012 ], [ -52.108841975645589, -32.031090649065739 ] ] } },
{ "type": "Feature", "properties": { "tipo": "rua", "nome": "VENANCIO AYRES", "drenagem": 0.0, "iluminacao": 1.0, "compriment": 13.874428010972379 }, "geometry": { "type": "LineString", "coordinates": [ [ -52.121336972143887, -32.038291691271226 ], [ -52.121398627953802, -32.038178125193333 ] ] } },
{ "type": "Feature", "properties": { "tipo": "rua", "nome": "DOIS DE NOVEMBRO", "drenagem": 1.0, "iluminacao": 1.0, "compriment": 31.812294234757086 }, "geometry": { "type": "MultiLineString", "coordinates": [ [ [ -52.107926808041135, -32.042329511196613 ], [ -52.10802869824154, -32.042364957530125 ], [ -52.10804552310082, -32.042379449985241 ] ], [ [ -52.108074242607948, -32.042409109938127 ], [ -52.108091316639239, -32.042456335275133 ], [ -52.108103602877868, -32.04249884955896 ], [ -52.108098199737405, -32.042539011315959 ] ] ] } },
{ "type": "Feature", "properties": { "tipo": "rua", "nome": "DOIS DE NOVEMBRO", "drenagem": 1.0, "iluminacao": 1.0, "compriment": 89.342163318555365 }, "geometry": { "type": "LineString", "coordinates": [ [ -52.1078462452328, -32.042659198262847 ], [ -52.107962661737588, -32.042527660162982 ], [ -52.107988667295736, -32.042487318357416 ], [ -52.107981071640403, -32.042433904061248 ], [ -52.107926808041135, -32.042329511196613 ] ] } },
{ "type": "Feature", "properties": { "tipo": "rua", "nome": "SENADOR CORREA", "drenagem": 1.0, "iluminacao": 1.0, "compriment": 116.28714704812958 }, "geometry": { "type": "LineString", "coordinates": [ [ -52.102569837378169, -32.039830274572289 ], [ -52.101720513919517, -32.039506719506136 ], [ -52.101554283484433, -32.039470267912506 ], [ -52.101488532880474, -32.039473012360887 ] ] } },
{ "type": "Feature", "properties": { "tipo": "avenida", "nome": "MAJOR CARLOS PINTO", "drenagem": 0.0, "iluminacao": 1.0, "compriment": 222.352902169206 }, "geometry": { "type": "LineString", "coordinates": [ [ -52.110551047154026, -32.027610004718262 ], [ -52.110389060908098, -32.027927577350354 ], [ -52.110097297940669, -32.02846409580679 ], [ -52.10952913257001, -32.029415742997664 ] ] } },
{ "type": "Feature", "properties": { "tipo": "rua", "nome": "LAGOA AZUL", "drenagem": 1.0, "iluminacao": 1.0, "compriment": 88.056203388683343 }, "geometry": { "type": "LineString", "coordinates": [ [ -52.111925323699658, -32.029490961229044 ], [ -52.111497638833534, -32.030196555068144 ] ] } },
{ "type": "Feature", "properties": { "tipo": "rua", "nome": "PRINCESA ISABEL", "drenagem": 1.0, "iluminacao": 1.0, "compriment": 56.9595399552449 }, "geometry": { "type": "LineString", "coordinates": [ [ -52.111497638833534, -32.030196555068144 ], [ -52.112036685092313, -32.030426757296972 ] ] } },
{ "type": "Feature", "properties": { "tipo": "rua", "nome": "LAGOA AZUL", "drenagem": 1.0, "iluminacao": 1.0, "compriment": 58.879747216309539 }, "geometry": { "type": "LineString", "coordinates": [ [ -52.11061888092722, -32.031649342567583 ], [ -52.111175182849991, -32.031888871251347 ] ] } },
{ "type": "Feature", "properties": { "tipo": "rua", "nome": "VISCONDE DO RIO GRANDE", "drenagem": 1.0, "iluminacao": 1.0, "compriment": 22.464763370338854 }, "geometry": { "type": "LineString", "coordinates": [ [ -52.110950300664356, -32.03228964506264 ], [ -52.110847736802384, -32.032472428015396 ] ] } },
{ "type": "Feature", "properties": { "tipo": "rua", "nome": "PADRE FEIJO", "drenagem": 0.0, "iluminacao": 1.0, "compriment": 82.472720727084521 }, "geometry": { "type": "MultiLineString", "coordinates": [ [ [ -52.116072688343493, -32.032395061975002 ], [ -52.115816090221003, -32.03228969359688 ], [ -52.115806201399671, -32.03228569865302 ] ], [ [ -52.115605072809721, -32.032204445549226 ], [ -52.115511901355745, -32.032166805600461 ], [ -52.115400845966306, -32.032125180328144 ], [ -52.115288717310079, -32.03206872722749 ] ] ] } },
{ "type": "Feature", "properties": { "tipo": "rua", "nome": "SEM DENOMINACAO", "drenagem": 0.0, "iluminacao": 0.0, "compriment": 21.552079221580001 }, "geometry": { "type": "LineString", "coordinates": [ [ -52.121623468783206, -32.037997879750407 ], [ -52.121502416165157, -32.038162632699148 ] ] } },
{ "type": "Feature", "properties": { "tipo": "rua", "nome": "SEM DENOMINACAO", "drenagem": null, "iluminacao": null, "compriment": 28.389677619877894 }, "geometry": { "type": "LineString", "coordinates": [ [ -52.122115120746223, -32.03816505904782 ], [ -52.121961519369243, -32.038380668025525 ] ] } },
{ "type": "Feature", "properties": { "tipo": "rua", "nome": "SEM DENOMINACAO", "drenagem": 0.0, "iluminacao": 0.0, "compriment": 30.4358932353638 }, "geometry": { "type": "LineString", "coordinates": [ [ -52.123228787784775, -32.039367968953229 ], [ -52.123121322471533, -32.03951982458149 ] ] } },
{ "type": "Feature", "properties": { "tipo": "rua", "nome": "COSTA RICA", "drenagem": 1.0, "iluminacao": 1.0, "compriment": 118.29752693380982 }, "geometry": { "type": "LineString", "coordinates": [ [ -52.133984131384224, -32.052610756588436 ], [ -52.133417641767117, -32.053562253172096 ] ] } },
{ "type": "Feature", "properties": { "tipo": "rua", "nome": "MANOEL PEREIRA DE ALMEIDA", "drenagem": 1.0, "iluminacao": 1.0, "compriment": 170.13777556107189 }, "geometry": { "type": "LineString", "coordinates": [ [ -52.105984618569714, -32.030690905007432 ], [ -52.107764175568299, -32.030927682970976 ] ] } },
{ "type": "Feature", "properties": { "tipo": "rua", "nome": "DOUTOR GUAIBA RACHE", "drenagem": 0.0, "iluminacao": 1.0, "compriment": 110.02283667973488 }, "geometry": { "type": "LineString", "coordinates": [ [ -52.118749409631519, -32.050075902182712 ], [ -52.119768959220657, -32.050555958792877 ] ] } },
{ "type": "Feature", "properties": { "tipo": "rua", "nome": "GOMES FREIRE", "drenagem": 1.0, "iluminacao": 1.0, "compriment": 124.58525707161094 }, "geometry": { "type": "MultiLineString", "coordinates": [ [ [ -52.103999791319978, -32.033185300174488 ], [ -52.104216371768224, -32.033213503477135 ] ], [ [ -52.104669157848669, -32.033272465691709 ], [ -52.1053035798938, -32.033355080706549 ] ] ] } },
{ "type": "Feature", "properties": { "tipo": "rua", "nome": "GOMES FREIRE", "drenagem": 1.0, "iluminacao": 1.0, "compriment": 95.552661521010151 }, "geometry": { "type": "MultiLineString", "coordinates": [ [ [ -52.1053035798938, -32.033355080706549 ], [ -52.105667666017268, -32.033398998589632 ] ], [ [ -52.105887419011403, -32.033425506291195 ], [ -52.10630516761865, -32.033475897210565 ] ] ] } },
{ "type": "Feature", "properties": { "tipo": "rua", "nome": "SEM DENOMINACAO", "drenagem": 0.0, "iluminacao": 0.0, "compriment": 6.0682006927995484 }, "geometry": { "type": "LineString", "coordinates": [ [ -52.123651248291146, -32.039417466849798 ], [ -52.123616280795289, -32.039463375117101 ] ] } },
{ "type": "Feature", "properties": { "tipo": "rua", "nome": "SEM DENOMINACAO", "drenagem": 0.0, "iluminacao": 0.0, "compriment": 27.90031244839119 }, "geometry": { "type": "LineString", "coordinates": [ [ -52.124038230681592, -32.039634894954098 ], [ -52.123909154720771, -32.039861211689946 ] ] } },
{ "type": "Feature", "properties": { "tipo": "rua", "nome": "COMENDADOR HENRIQUE PANCADA", "drenagem": 0.0, "iluminacao": 1.0, "compriment": 51.82738578643427 }, "geometry": { "type": "LineString", "coordinates": [ [ -52.123909154720771, -32.039861211689946 ], [ -52.124401065026127, -32.040068307845274 ] ] } },
{ "type": "Feature", "properties": { "tipo": "rua", "nome": "SEM DENOMINACAO", "drenagem": null, "iluminacao": null, "compriment": 38.005409696221236 }, "geometry": { "type": "LineString", "coordinates": [ [ -52.124184420125395, -32.039319407824493 ], [ -52.124081356246457, -32.039501941403415 ], [ -52.124035252710293, -32.03960661334559 ], [ -52.124038230684882, -32.039634894954567 ] ] } },
{ "type": "Feature", "properties": { "tipo": "rua", "nome": "SEM DENOMINACAO", "drenagem": 0.0, "iluminacao": 0.0, "compriment": 38.689656535836136 }, "geometry": { "type": "MultiLineString", "coordinates": [ [ [ -52.124574034682503, -32.039752063932546 ], [ -52.124525056252295, -32.039836861857587 ], [ -52.124508010364821, -32.039868680256227 ] ], [ [ -52.124437304768861, -32.040000661582624 ], [ -52.124401065026127, -32.040068307845274 ] ] ] } },
{ "type": "Feature", "properties": { "tipo": "rua", "nome": "JOSE VERISSIMO", "drenagem": 0.0, "iluminacao": 1.0, "compriment": 105.16945154173078 }, "geometry": { "type": "MultiLineString", "coordinates": [ [ [ -52.121931611950544, -32.048311469814145 ], [ -52.121871185591097, -32.048416853649513 ] ], [ [ -52.121454699246407, -32.049143207657686 ], [ -52.121442946427827, -32.049163704624739 ] ] ] } },
{ "type": "Feature", "properties": { "tipo": "rua", "nome": "GOMES FREIRE", "drenagem": 1.0, "iluminacao": 1.0, "compriment": 75.625997370188756 }, "geometry": { "type": "LineString", "coordinates": [ [ -52.10630516761865, -32.033475897210565 ], [ -52.107093874941611, -32.033593132406921 ] ] } },
{ "type": "Feature", "properties": { "tipo": "rua", "nome": "VISCONDE DE PARANAGUA", "drenagem": 1.0, "iluminacao": 1.0, "compriment": 155.28396009279032 }, "geometry": { "type": "LineString", "coordinates": [ [ -52.102048654434462, -32.029811071959003 ], [ -52.101824758747256, -32.031198398327845 ] ] } },
{ "type": "Feature", "properties": { "tipo": "rua", "nome": "VISCONDE DE PARANAGUA", "drenagem": 1.0, "iluminacao": 1.0, "compriment": 84.307435615440454 }, "geometry": { "type": "LineString", "coordinates": [ [ -52.10164539380488, -32.032134132117818 ], [ -52.101599015078236, -32.032424754952629 ] ] } },
{ "type": "Feature", "properties": { "tipo": "rua", "nome": "COMENDADOR HENRIQUE PANCADA", "drenagem": 0.0, "iluminacao": 1.0, "compriment": 20.525067895555534 }, "geometry": { "type": "LineString", "coordinates": [ [ -52.124401065026127, -32.040068307845274 ], [ -52.124595875630774, -32.040150323072808 ] ] } },
{ "type": "Feature", "properties": { "tipo": "rua", "nome": "VISCONDE DE PARANAGUA", "drenagem": 1.0, "iluminacao": 1.0, "compriment": 110.95869879870436 }, "geometry": { "type": "LineString", "coordinates": [ [ -52.101228928834118, -32.034357140980589 ], [ -52.101169988393956, -32.034690343838115 ] ] } },
{ "type": "Feature", "properties": { "tipo": "rua", "nome": "GENERAL CANABARRO", "drenagem": 0.0, "iluminacao": 1.0, "compriment": 115.49517542117179 }, "geometry": { "type": "LineString", "coordinates": [ [ -52.103609639720261, -32.027701917214053 ], [ -52.103415942439483, -32.028730317793304 ] ] } },
{ "type": "Feature", "properties": { "tipo": "rua", "nome": "GENERAL CANABARRO", "drenagem": 1.0, "iluminacao": 1.0, "compriment": 139.06406850537851 }, "geometry": { "type": "LineString", "coordinates": [ [ -52.103415942439483, -32.028730317793304 ], [ -52.103197903892543, -32.029970588923867 ] ] } },
{ "type": "Feature", "properties": { "tipo": "rua", "nome": "GENERAL CANABARRO", "drenagem": 1.0, "iluminacao": 1.0, "compriment": 154.99428753441566 }, "geometry": { "type": "MultiLineString", "coordinates": [ [ [ -52.103197903892543, -32.029970588923867 ], [ -52.103034008309258, -32.030849008235556 ] ], [ [ -52.103009440960442, -32.030980680079324 ], [ -52.102940342052506, -32.031351024501859 ] ] ] } },
{ "type": "Feature", "properties": { "tipo": "rua", "nome": "ARTHUR ROCHA", "drenagem": 0.0, "iluminacao": 1.0, "compriment": 52.264357726422993 }, "geometry": { "type": "MultiLineString", "coordinates": [ [ [ -52.13724290999933, -32.055275362486569 ], [ -52.137417512287584, -32.055320639697626 ] ], [ [ -52.137565409135007, -32.055358991753842 ], [ -52.137772345534188, -32.055412653725369 ] ] ] } },
{ "type": "Feature", "properties": { "tipo": "rua", "nome": "GENERAL PORTINHO", "drenagem": 1.0, "iluminacao": 0.0, "compriment": 107.51586572379415 }, "geometry": { "type": "LineString", "coordinates": [ [ -52.103273241148038, -32.036613696112411 ], [ -52.103242594384973, -32.036750763464461 ] ] } },
{ "type": "Feature", "properties": { "tipo": "rua", "nome": "GARIBALDI", "drenagem": 0.0, "iluminacao": 1.0, "compriment": 112.23505097102181 }, "geometry": { "type": "MultiLineString", "coordinates": [ [ [ -52.102266649122662, -32.038127912226493 ], [ -52.102724454311904, -32.038329838489361 ] ], [ [ -52.102798497073707, -32.038362496874491 ], [ -52.103321829576565, -32.038593325574169 ] ] ] } },
{ "type": "Feature", "properties": { "tipo": "rua", "nome": "GARIBALDI", "drenagem": 0.0, "iluminacao": 1.0, "compriment": 70.892012982368328 }, "geometry": { "type": "MultiLineString", "coordinates": [ [ [ -52.103321829576565, -32.038593325574169 ], [ -52.10343748968549, -32.038644265637224 ] ], [ [ -52.103742823249789, -32.038778743385556 ], [ -52.103988530891598, -32.038886960150037 ] ] ] } },
{ "type": "Feature", "properties": { "tipo": "rua", "nome": "JOSE DE ALENCAR", "drenagem": 0.0, "iluminacao": 1.0, "compriment": 55.123495007720273 }, "geometry": { "type": "LineString", "coordinates": [ [ -52.124859753494036, -32.039706927022785 ], [ -52.124595875630774, -32.040150323072808 ] ] } },
{ "type": "Feature", "properties": { "tipo": "rua", "nome": "JOÃO DA SILVA SILVEIRA", "drenagem": 0.0, "iluminacao": 1.0, "compriment": 106.58501275233991 }, "geometry": { "type": "MultiLineString", "coordinates": [ [ [ -52.165362080156278, -32.060119573155362 ], [ -52.165389016060466, -32.059999873922131 ] ], [ [ -52.16540250247813, -32.05993994224719 ], [ -52.165440976211805, -32.059768970580961 ] ] ] } },
{ "type": "Feature", "properties": { "tipo": "rua", "nome": "GOMES FREIRE", "drenagem": 1.0, "iluminacao": 1.0, "compriment": 102.78389584808654 }, "geometry": { "type": "MultiLineString", "coordinates": [ [ [ -52.102169517631523, -32.032956782587327 ], [ -52.102318830576955, -32.03297283707014 ] ], [ [ -52.102407023644062, -32.03298231979835 ], [ -52.102604730946112, -32.033003577757427 ] ] ] } },
{ "type": "Feature", "properties": { "tipo": "rua", "nome": "VINTE E QUATRO DE MAIO", "drenagem": 1.0, "iluminacao": 1.0, "compriment": 177.87698903586409 }, "geometry": { "type": "LineString", "coordinates": [ [ -52.1008476173619, -32.028385255612314 ], [ -52.100282066991028, -32.02991532016167 ] ] } },
{ "type": "Feature", "properties": { "tipo": "rua", "nome": "VINTE E QUATRO DE MAIO", "drenagem": 1.0, "iluminacao": 1.0, "compriment": 141.03212732738135 }, "geometry": { "type": "LineString", "coordinates": [ [ -52.100282066991028, -32.02991532016167 ], [ -52.099813351188324, -32.031122869150238 ] ] } },
{ "type": "Feature", "properties": { "tipo": "rua", "nome": "VINTE E QUATRO DE MAIO", "drenagem": 1.0, "iluminacao": 1.0, "compriment": 79.318649776889117 }, "geometry": { "type": "LineString", "coordinates": [ [ -52.099915808945539, -32.033113361724411 ], [ -52.099931707374736, -32.033175552654058 ] ] } },
{ "type": "Feature", "properties": { "tipo": "rua", "nome": "VINTE E QUATRO DE MAIO", "drenagem": 1.0, "iluminacao": 1.0, "compriment": 105.31402048411613 }, "geometry": { "type": "MultiLineString", "coordinates": [ [ [ -52.100116345852349, -32.033934493634163 ], [ -52.100192693473545, -32.03426392217419 ] ], [ [ -52.100320329328277, -32.034814651753187 ], [ -52.100332287195599, -32.034866248158046 ] ] ] } },
{ "type": "Feature", "properties": { "tipo": "rua", "nome": "SEM DENOMINACAO", "drenagem": null, "iluminacao": null, "compriment": 55.773143323019319 }, "geometry": { "type": "LineString", "coordinates": [ [ -52.122704834795279, -32.038359676084113 ], [ -52.122624882878178, -32.038494917249032 ], [ -52.1225400496456, -32.038661592658848 ], [ -52.122485433179087, -32.038744170924666 ] ] } },
{ "type": "Feature", "properties": { "tipo": "rua", "nome": "GONCALO AMARANTE DA SILVA", "drenagem": 0.0, "iluminacao": 1.0, "compriment": 103.31638499012551 }, "geometry": { "type": "LineString", "coordinates": [ [ -52.168790621669331, -32.058985820816602 ], [ -52.169779465326982, -32.059384525963296 ] ] } },
{ "type": "Feature", "properties": { "tipo": "rua", "nome": "SEM DENOMINACAO", "drenagem": 0.0, "iluminacao": 0.0, "compriment": 41.415613103067713 }, "geometry": { "type": "LineString", "coordinates": [ [ -52.122372839666639, -32.038935688674769 ], [ -52.122302468396391, -32.039053717779439 ] ] } },
{ "type": "Feature", "properties": { "tipo": "rua", "nome": "SEM DENOMINACAO", "drenagem": null, "iluminacao": null, "compriment": 37.732445645434368 }, "geometry": { "type": "LineString", "coordinates": [ [ -52.122956880625622, -32.039116896721865 ], [ -52.123007024945771, -32.03914483139873 ] ] } },
{ "type": "Feature", "properties": { "tipo": "avenida", "nome": "PORTUGAL", "drenagem": 1.0, "iluminacao": 1.0, "compriment": 20.643648156304376 }, "geometry": { "type": "LineString", "coordinates": [ [ -52.119156770450672, -32.036893890964116 ], [ -52.119079998284882, -32.037068194735362 ] ] } },
{ "type": "Feature", "properties": { "tipo": "rua", "nome": "ISRAEL NISENSON", "drenagem": 0.0, "iluminacao": 1.0, "compriment": 116.39918205407741 }, "geometry": { "type": "MultiLineString", "coordinates": [ [ [ -52.142732300816391, -32.051971609756272 ], [ -52.143610973257658, -32.052365461359621 ] ], [ [ -52.14373461403688, -32.052420881464819 ], [ -52.143822991463765, -32.052460495306846 ] ] ] } },
{ "type": "Feature", "properties": { "tipo": "rua", "nome": "VINTE E QUATRO DE MAIO", "drenagem": 1.0, "iluminacao": 1.0, "compriment": 107.54521097017117 }, "geometry": { "type": "LineString", "coordinates": [ [ -52.101120026455099, -32.038187516281319 ], [ -52.101193149066141, -32.038505707035469 ] ] } },
{ "type": "Feature", "properties": { "tipo": "rua", "nome": "VINTE E QUATRO DE MAIO", "drenagem": 1.0, "iluminacao": 1.0, "compriment": 109.76739058271889 }, "geometry": { "type": "LineString", "coordinates": [ [ -52.101193149066141, -32.038505707035469 ], [ -52.101279573078337, -32.038866768697105 ] ] } },
{ "type": "Feature", "properties": { "tipo": "rua", "nome": "ENGENHEIRO ELMER LAWSORENCE CORTHEILL", "drenagem": 0.0, "iluminacao": 1.0, "compriment": 97.293011625706157 }, "geometry": { "type": "MultiLineString", "coordinates": [ [ [ -52.144214862383244, -32.051701947983702 ], [ -52.14428070301323, -32.05173142666181 ] ], [ [ -52.144672762147934, -32.051906962421945 ], [ -52.144880142604457, -32.051999812410251 ] ], [ [ -52.145076093028337, -32.052087544855581 ], [ -52.145126744504324, -32.052110222927723 ] ] ] } },
{ "type": "Feature", "properties": { "tipo": "rua", "nome": "ENGENHEIRO ELMER LAWSORENCE CORTHEILL", "drenagem": 0.0, "iluminacao": 0.0, "compriment": 98.311758794156404 }, "geometry": { "type": "MultiLineString", "coordinates": [ [ [ -52.145126744504324, -32.052110222927723 ], [ -52.145261534974907, -32.052168684483014 ] ], [ [ -52.14529934785579, -32.052185084750903 ], [ -52.145588853856502, -32.052310649792659 ] ] ] } },
{ "type": "Feature", "properties": { "tipo": "rua", "nome": "PERU", "drenagem": 1.0, "iluminacao": 1.0, "compriment": 101.78854968789416 }, "geometry": { "type": "LineString", "coordinates": [ [ -52.138115545005071, -32.050998379315423 ], [ -52.138605646416799, -32.050180830170156 ] ] } },
{ "type": "Feature", "properties": { "tipo": "rua", "nome": "PERU", "drenagem": 1.0, "iluminacao": 1.0, "compriment": 107.02139763355642 }, "geometry": { "type": "LineString", "coordinates": [ [ -52.138605646416799, -32.050180830170156 ], [ -52.139100872806296, -32.049312738043575 ] ] } },
{ "type": "Feature", "properties": { "tipo": "rua", "nome": "PERU", "drenagem": 1.0, "iluminacao": 1.0, "compriment": 94.426925678654825 }, "geometry": { "type": "LineString", "coordinates": [ [ -52.139100872806296, -32.049312738043575 ], [ -52.139513793706548, -32.048630857448039 ] ] } },
{ "type": "Feature", "properties": { "tipo": "rua", "nome": "VINTE E QUATRO DE MAIO", "drenagem": 1.0, "iluminacao": 1.0, "compriment": 106.50830578197849 }, "geometry": { "type": "LineString", "coordinates": [ [ -52.101440999133203, -32.039543316565187 ], [ -52.101486767311307, -32.039740780850998 ] ] } },
{ "type": "Feature", "properties": { "tipo": "avenida", "nome": "PORTUGAL", "drenagem": 1.0, "iluminacao": 1.0, "compriment": 122.19372247388348 }, "geometry": { "type": "MultiLineString", "coordinates": [ [ [ -52.113724565618433, -32.03483710929541 ], [ -52.114314871377623, -32.03507195948599 ] ], [ [ -52.114772725337637, -32.035254114391464 ], [ -52.114896670724484, -32.035303425443018 ] ] ] } },
{ "type": "Feature", "properties": { "tipo": "avenida", "nome": "PORTUGAL", "drenagem": 1.0, "iluminacao": 1.0, "compriment": 121.82161413155056 }, "geometry": { "type": "MultiLineString", "coordinates": [ [ [ -52.114896670724484, -32.035303425443018 ], [ -52.115249354686853, -32.035436725559464 ] ], [ [ -52.115584313306684, -32.035563326221229 ], [ -52.115754479504545, -32.035627642085892 ] ], [ [ -52.115939842419678, -32.035697701688278 ], [ -52.116075544687916, -32.035748991596776 ] ] ] } },
{ "type": "Feature", "properties": { "tipo": "rua", "nome": "VINTE E QUATRO DE MAIO", "drenagem": 1.0, "iluminacao": 1.0, "compriment": 76.060369435183674 }, "geometry": { "type": "LineString", "coordinates": [ [ -52.10200488354787, -32.040984420899612 ], [ -52.102447551738848, -32.041380930054558 ] ] } },
{ "type": "Feature", "properties": { "tipo": "rua", "nome": "CRISTOVAO PEREIRA", "drenagem": 1.0, "iluminacao": 1.0, "compriment": 114.9709362324995 }, "geometry": { "type": "LineString", "coordinates": [ [ -52.157462692325325, -32.054411774783588 ], [ -52.158580580596983, -32.054822398567673 ] ] } },
{ "type": "Feature", "properties": { "tipo": "rua", "nome": "DOUTOR LAZARO LUDOVICO ZAMENHOF", "drenagem": 1.0, "iluminacao": 1.0, "compriment": 43.088863079476319 }, "geometry": { "type": "LineString", "coordinates": [ [ -52.093374375555548, -32.045251740702 ], [ -52.093391319472943, -32.045640054038309 ] ] } },
{ "type": "Feature", "properties": { "tipo": "rua", "nome": "LEAO XIII", "drenagem": 0.0, "iluminacao": 1.0, "compriment": 169.38929148309958 }, "geometry": { "type": "LineString", "coordinates": [ [ -52.084627667422545, -32.04836652631522 ], [ -52.084657921818234, -32.048478162825823 ] ] } },
{ "type": "Feature", "properties": { "tipo": "rua", "nome": "DOUTOR NAPOLEAO LAUREANO", "drenagem": 1.0, "iluminacao": 1.0, "compriment": 113.99194467375624 }, "geometry": { "type": "LineString", "coordinates": [ [ -52.093699795124635, -32.037040538682021 ], [ -52.093931874661102, -32.038049348409679 ] ] } },
{ "type": "Feature", "properties": { "tipo": "rua", "nome": "DOUTOR NAPOLEAO LAUREANO", "drenagem": 1.0, "iluminacao": 1.0, "compriment": 98.81121696293053 }, "geometry": { "type": "LineString", "coordinates": [ [ -52.093931874661102, -32.038049348409679 ], [ -52.094130658711705, -32.038924207679088 ] ] } },
{ "type": "Feature", "properties": { "tipo": "rua", "nome": "DOUTOR NAPOLEAO LAUREANO", "drenagem": 1.0, "iluminacao": 1.0, "compriment": 105.1727085780815 }, "geometry": { "type": "MultiLineString", "coordinates": [ [ [ -52.094130658711705, -32.038924207679088 ], [ -52.094318823122869, -32.039710023576404 ] ], [ [ -52.094335126445934, -32.039778109833328 ], [ -52.094353187695205, -32.0398535375761 ] ] ] } },
{ "type": "Feature", "properties": { "tipo": "rua", "nome": "GENERAL VITORINO", "drenagem": 1.0, "iluminacao": 1.0, "compriment": 6.4597371545191882 }, "geometry": { "type": "LineString", "coordinates": [ [ -52.097240597999807, -32.035446761916575 ], [ -52.097307270219297, -32.035433793643762 ] ] } },
{ "type": "Feature", "properties": { "tipo": "rua", "nome": "SATURNINO DE BRITTO", "drenagem": 1.0, "iluminacao": 1.0, "compriment": 21.002162249944387 }, "geometry": { "type": "LineString", "coordinates": [ [ -52.151939893247388, -32.050128972468983 ], [ -52.151785265802886, -32.050227873224877 ] ] } },
{ "type": "Feature", "properties": { "tipo": "rua", "nome": "RODRIGUES DUARTE", "drenagem": 0.0, "iluminacao": 1.0, "compriment": 111.49589550854172 }, "geometry": { "type": "LineString", "coordinates": [ [ -52.152519491093237, -32.051462458950731 ], [ -52.152048156121239, -32.052384337166757 ] ] } },
{ "type": "Feature", "properties": { "tipo": "rua", "nome": "DOUTOR NAPOLEAO LAUREANO", "drenagem": 1.0, "iluminacao": 1.0, "compriment": 44.700073691321805 }, "geometry": { "type": "LineString", "coordinates": [ [ -52.094357370854695, -32.039852703935637 ], [ -52.094510945953601, -32.04023400074788 ] ] } },
{ "type": "Feature", "properties": { "tipo": "rua", "nome": "BENJAMIN CONSTANT", "drenagem": 1.0, "iluminacao": 1.0, "compriment": 108.37157812523517 }, "geometry": { "type": "LineString", "coordinates": [ [ -52.09264686309858, -32.030111521411854 ], [ -52.092854172574228, -32.031072745437989 ] ] } },
{ "type": "Feature", "properties": { "tipo": "rua", "nome": "BENJAMIN CONSTANT", "drenagem": 1.0, "iluminacao": 1.0, "compriment": 100.51765124710326 }, "geometry": { "type": "MultiLineString", "coordinates": [ [ [ -52.092854172574228, -32.031072745437989 ], [ -52.092925091203661, -32.03134184866687 ] ], [ [ -52.092989277700958, -32.031585406584057 ], [ -52.093024057294265, -32.031717378971742 ] ] ] } },
{ "type": "Feature", "properties": { "tipo": "rua", "nome": "BENJAMIN CONSTANT", "drenagem": 1.0, "iluminacao": 1.0, "compriment": 86.288772033637002 }, "geometry": { "type": "LineString", "coordinates": [ [ -52.093328603664318, -32.032882330916145 ], [ -52.093528957705871, -32.033641549870573 ] ] } },
{ "type": "Feature", "properties": { "tipo": "rua", "nome": "NICARAGUA", "drenagem": 0.0, "iluminacao": 1.0, "compriment": 122.26297057297104 }, "geometry": { "type": "LineString", "coordinates": [ [ -52.135786915208008, -32.05096668492078 ], [ -52.135215720383243, -32.051956146926571 ] ] } },
{ "type": "Feature", "properties": { "tipo": "rua", "nome": "NICARAGUA", "drenagem": 0.0, "iluminacao": 1.0, "compriment": 116.92097081591139 }, "geometry": { "type": "LineString", "coordinates": [ [ -52.134669222204487, -32.052912125469454 ], [ -52.134103768197704, -32.053850136417338 ] ] } },
{ "type": "Feature", "properties": { "tipo": "rua", "nome": "BENJAMIN CONSTANT", "drenagem": 1.0, "iluminacao": 1.0, "compriment": 81.425410224593108 }, "geometry": { "type": "MultiLineString", "coordinates": [ [ [ -52.093527340806723, -32.033643590058901 ], [ -52.093548198714224, -32.033729722112369 ] ], [ [ -52.093681718664868, -32.034281088424059 ], [ -52.093701495290809, -32.034362755360348 ] ] ] } },
{ "type": "Feature", "properties": { "tipo": "rua", "nome": "BENJAMIN CONSTANT", "drenagem": 1.0, "iluminacao": 1.0, "compriment": 98.616419171710291 }, "geometry": { "type": "LineString", "coordinates": [ [ -52.094132816987084, -32.036032345455261 ], [ -52.094361185748596, -32.036900147750842 ] ] } },
{ "type": "Feature", "properties": { "tipo": "rua", "nome": "BENJAMIN CONSTANT", "drenagem": 1.0, "iluminacao": 1.0, "compriment": 115.66129988828153 }, "geometry": { "type": "LineString", "coordinates": [ [ -52.094361185748596, -32.036900147750842 ], [ -52.094609548350199, -32.037921519061086 ] ] } },
{ "type": "Feature", "properties": { "tipo": "rua", "nome": "BENJAMIN CONSTANT", "drenagem": 1.0, "iluminacao": 1.0, "compriment": 44.134591507279183 }, "geometry": { "type": "LineString", "coordinates": [ [ -52.094609548350199, -32.037921519061086 ], [ -52.094709316536068, -32.038310353000128 ] ] } },
{ "type": "Feature", "properties": { "tipo": "rua", "nome": "BENJAMIN CONSTANT", "drenagem": 1.0, "iluminacao": 1.0, "compriment": 52.020132940643826 }, "geometry": { "type": "LineString", "coordinates": [ [ -52.094709316536068, -32.038310353000128 ], [ -52.094826911485058, -32.038768659878208 ] ] } },
{ "type": "Feature", "properties": { "tipo": "rua", "nome": "BENJAMIN CONSTANT", "drenagem": 1.0, "iluminacao": 1.0, "compriment": 106.98612184390917 }, "geometry": { "type": "LineString", "coordinates": [ [ -52.094826911485058, -32.038768659878208 ], [ -52.095053459677757, -32.039713981778277 ] ] } },
{ "type": "Feature", "properties": { "tipo": "rua", "nome": "BENJAMIN CONSTANT", "drenagem": 1.0, "iluminacao": 1.0, "compriment": 83.966363541000874 }, "geometry": { "type": "LineString", "coordinates": [ [ -52.095053459677757, -32.039713981778277 ], [ -52.095234457259593, -32.040455342183492 ] ] } },
{ "type": "Feature", "properties": { "tipo": "rua", "nome": "DOUTOR OTHELO GONCALVES", "drenagem": 0.0, "iluminacao": 1.0, "compriment": 171.27722642318494 }, "geometry": { "type": "LineString", "coordinates": [ [ -52.170725092671454, -32.06199392890467 ], [ -52.17160834789383, -32.060644843400937 ] ] } },
{ "type": "Feature", "properties": { "tipo": "rua", "nome": "DOUTOR OTHELO GONCALVES", "drenagem": 0.0, "iluminacao": 1.0, "compriment": 115.6359058796011 }, "geometry": { "type": "LineString", "coordinates": [ [ -52.17160834789383, -32.060644843400937 ], [ -52.17218466093707, -32.059724734183433 ] ] } },
{ "type": "Feature", "properties": { "tipo": "rua", "nome": "BENJAMIN CONSTANT", "drenagem": 1.0, "iluminacao": 1.0, "compriment": 21.020271317949916 }, "geometry": { "type": "LineString", "coordinates": [ [ -52.095234457259593, -32.040455342183492 ], [ -52.095157712066502, -32.040633278285064 ] ] } },
{ "type": "Feature", "properties": { "tipo": "rua", "nome": "RIO AMAZONAS", "drenagem": 1.0, "iluminacao": 1.0, "compriment": 119.37784607263642 }, "geometry": { "type": "LineString", "coordinates": [ [ -52.135872492429847, -32.050011298643938 ], [ -52.137004731825947, -32.050489935235007 ] ] } },
{ "type": "Feature", "properties": { "tipo": "rua", "nome": "PADRE VIEIRA", "drenagem": 1.0, "iluminacao": 1.0, "compriment": 41.576236970336851 }, "geometry": { "type": "LineString", "coordinates": [ [ -52.144243289017268, -32.053921638280642 ], [ -52.144209251526661, -32.054009716565929 ] ] } },
{ "type": "Feature", "properties": { "tipo": "rua", "nome": "GUARDA MARINHA LIMA BARRETO", "drenagem": 0.0, "iluminacao": 1.0, "compriment": 159.92149344886289 }, "geometry": { "type": "LineString", "coordinates": [ [ -52.160358402123585, -32.053915384905842 ], [ -52.159697804568339, -32.055243317701638 ] ] } },
{ "type": "Feature", "properties": { "tipo": "rua", "nome": "GUARDA MARINHA LIMA BARRETO", "drenagem": 0.0, "iluminacao": 0.0, "compriment": 86.782817898266046 }, "geometry": { "type": "LineString", "coordinates": [ [ -52.159522379533897, -32.0554587794052 ], [ -52.159155413445362, -32.056176290493681 ] ] } },
{ "type": "Feature", "properties": { "tipo": "rua", "nome": "GUARDA MARINHA LIMA BARRETO", "drenagem": 0.0, "iluminacao": 1.0, "compriment": 111.09614680601619 }, "geometry": { "type": "MultiLineString", "coordinates": [ [ [ -52.159155413445362, -32.056176290493681 ], [ -52.159058273581799, -32.05636960144551 ] ], [ [ -52.158845177855525, -32.056793667695622 ], [ -52.158793805787212, -32.056895899498919 ] ] ] } },
{ "type": "Feature", "properties": { "tipo": "rua", "nome": "DOUTOR NASCIMENTO", "drenagem": 1.0, "iluminacao": 1.0, "compriment": 75.948715898638142 }, "geometry": { "type": "LineString", "coordinates": [ [ -52.089648970233483, -32.037928393159866 ], [ -52.090426036695447, -32.037752355035551 ] ] } },
{ "type": "Feature", "properties": { "tipo": "rua", "nome": "DOUTOR NASCIMENTO", "drenagem": 1.0, "iluminacao": 1.0, "compriment": 115.47980260759155 }, "geometry": { "type": "LineString", "coordinates": [ [ -52.090426036695447, -32.037752355035551 ], [ -52.091613672765767, -32.037505091653266 ] ] } },
{ "type": "Feature", "properties": { "tipo": "rua", "nome": "COELHO NETO", "drenagem": 0.0, "iluminacao": 1.0, "compriment": 58.741559428764745 }, "geometry": { "type": "LineString", "coordinates": [ [ -52.161852865329109, -32.055947692442174 ], [ -52.161596897479583, -32.056430500305297 ] ] } },
{ "type": "Feature", "properties": { "tipo": "rua", "nome": "ALBERTO DE OLIVEIRA", "drenagem": 0.0, "iluminacao": 1.0, "compriment": 47.345809159830011 }, "geometry": { "type": "LineString", "coordinates": [ [ -52.158516678578955, -32.052544741445715 ], [ -52.158290336636171, -32.052925720160403 ] ] } },
{ "type": "Feature", "properties": { "tipo": "rua", "nome": "ALBERTO DE OLIVEIRA", "drenagem": 0.0, "iluminacao": 1.0, "compriment": 110.85238599100877 }, "geometry": { "type": "LineString", "coordinates": [ [ -52.157948434920954, -32.053501704412383 ], [ -52.157462692325325, -32.054411774783588 ] ] } },
{ "type": "Feature", "properties": { "tipo": "rua", "nome": "FELIPE CAMARAO", "drenagem": 0.0, "iluminacao": 1.0, "compriment": 109.84095490944667 }, "geometry": { "type": "LineString", "coordinates": [ [ -52.159138338304345, -32.053953162601374 ], [ -52.158580580596983, -32.054822398567673 ] ] } },
{ "type": "Feature", "properties": { "tipo": "rua", "nome": "ALBERTO DE OLIVEIRA", "drenagem": 0.0, "iluminacao": 1.0, "compriment": 59.650691002539837 }, "geometry": { "type": "LineString", "coordinates": [ [ -52.157462692325325, -32.054411774783588 ], [ -52.15720876671876, -32.054904330117253 ] ] } },
{ "type": "Feature", "properties": { "tipo": "rua", "nome": "DOUTOR NASCIMENTO", "drenagem": 1.0, "iluminacao": 1.0, "compriment": 98.426318777516755 }, "geometry": { "type": "LineString", "coordinates": [ [ -52.091613672765767, -32.037505091653266 ], [ -52.092620789794879, -32.037277199567356 ] ] } },
{ "type": "Feature", "properties": { "tipo": "rua", "nome": "DOUTOR NASCIMENTO", "drenagem": 1.0, "iluminacao": 1.0, "compriment": 105.24186281044892 }, "geometry": { "type": "LineString", "coordinates": [ [ -52.092620789794879, -32.037277199567356 ], [ -52.093699795124635, -32.037040538682021 ] ] } },
{ "type": "Feature", "properties": { "tipo": "rua", "nome": "DOUTOR NASCIMENTO", "drenagem": 1.0, "iluminacao": 1.0, "compriment": 64.382250950221419 }, "geometry": { "type": "LineString", "coordinates": [ [ -52.093699795124635, -32.037040538682021 ], [ -52.094361185748596, -32.036900147750842 ] ] } },
{ "type": "Feature", "properties": { "tipo": "rua", "nome": "DOUTOR NASCIMENTO", "drenagem": 1.0, "iluminacao": 1.0, "compriment": 124.1137071881262 }, "geometry": { "type": "LineString", "coordinates": [ [ -52.094361185748596, -32.036900147750842 ], [ -52.095648647873631, -32.036676364953209 ] ] } },
{ "type": "Feature", "properties": { "tipo": "rua", "nome": "GENERAL CAMISAO", "drenagem": 0.0, "iluminacao": 1.0, "compriment": 110.76235351841861 }, "geometry": { "type": "LineString", "coordinates": [ [ -52.154697149902034, -32.052292329754387 ], [ -52.154225592777792, -32.053206906723346 ] ] } },
{ "type": "Feature", "properties": { "tipo": "rua", "nome": "GENERAL CAMISAO", "drenagem": 0.0, "iluminacao": 0.0, "compriment": 113.10405726287983 }, "geometry": { "type": "MultiLineString", "coordinates": [ [ [ -52.154225592777792, -32.053206906723346 ], [ -52.153873979506315, -32.053940065004831 ] ], [ [ -52.153843251738529, -32.054004136299206 ], [ -52.153772737730421, -32.054151166952479 ] ] ] } },
{ "type": "Feature", "properties": { "tipo": "rua", "nome": "BARÃO DO LADÁRIO", "drenagem": 0.0, "iluminacao": 1.0, "compriment": 113.04414834807393 }, "geometry": { "type": "MultiLineString", "coordinates": [ [ [ -52.159155413445362, -32.056176290493681 ], [ -52.15937143744587, -32.05625330573168 ] ], [ [ -52.159527566420294, -32.056308967649322 ], [ -52.159655606466515, -32.056354615515346 ] ], [ [ -52.160031326414476, -32.056488564341151 ], [ -52.160259617674242, -32.056569953009365 ] ] ] } },
{ "type": "Feature", "properties": { "tipo": "rua", "nome": "MARECHAL EURICO GASPAR DUTRA", "drenagem": 0.0, "iluminacao": 1.0, "compriment": 171.73099179345439 }, "geometry": { "type": "LineString", "coordinates": [ [ -52.171590030104596, -32.062409342081665 ], [ -52.172454084354982, -32.061046615182434 ] ] } },
{ "type": "Feature", "properties": { "tipo": "rua", "nome": "DOUTOR NASCIMENTO", "drenagem": 1.0, "iluminacao": 1.0, "compriment": 47.588337311964374 }, "geometry": { "type": "LineString", "coordinates": [ [ -52.095648647873631, -32.036676364953209 ], [ -52.096140129675106, -32.03658198079502 ] ] } },
{ "type": "Feature", "properties": { "tipo": "rua", "nome": "DOUTOR NASCIMENTO", "drenagem": 1.0, "iluminacao": 1.0, "compriment": 125.69515269557849 }, "geometry": { "type": "LineString", "coordinates": [ [ -52.096140129675106, -32.03658198079502 ], [ -52.097437255509234, -32.036328848068941 ] ] } },
{ "type": "Feature", "properties": { "tipo": "rua", "nome": "VEIGA CABRAL", "drenagem": 1.0, "iluminacao": 1.0, "compriment": 84.460701330472773 }, "geometry": { "type": "LineString", "coordinates": [ [ -52.116763270329862, -32.048657928057878 ], [ -52.116537386567359, -32.049044182986101 ] ] } },
{ "type": "Feature", "properties": { "tipo": "rua", "nome": "ERNESTO ALVES", "drenagem": 1.0, "iluminacao": 1.0, "compriment": 28.758367231669933 }, "geometry": { "type": "LineString", "coordinates": [ [ -52.118201711762701, -32.048745983740993 ], [ -52.118075831973137, -32.0489821329001 ] ] } },
{ "type": "Feature", "properties": { "tipo": "rua", "nome": "INTENDENTE MESQUITA", "drenagem": 0.0, "iluminacao": 1.0, "compriment": 29.120064079907468 }, "geometry": { "type": "LineString", "coordinates": [ [ -52.119216040292521, -32.049311881748878 ], [ -52.119063635845841, -32.049540168291799 ] ] } },
{ "type": "Feature", "properties": { "tipo": "rua", "nome": "ERNESTO ALVES", "drenagem": 0.0, "iluminacao": 1.0, "compriment": 75.507403395211298 }, "geometry": { "type": "LineString", "coordinates": [ [ -52.117678459527689, -32.0495730066908 ], [ -52.118075831973137, -32.0489821329001 ] ] } },
{ "type": "Feature", "properties": { "tipo": "rua", "nome": "GENERAL CAMISAO", "drenagem": 0.0, "iluminacao": 1.0, "compriment": 112.10556397839794 }, "geometry": { "type": "LineString", "coordinates": [ [ -52.153772737730421, -32.054151166952479 ], [ -52.153732279597044, -32.054225371972912 ] ] } },
{ "type": "Feature", "properties": { "tipo": "rua", "nome": "EDUARDO ARAÚJO", "drenagem": 0.0, "iluminacao": 1.0, "compriment": 112.71804216167162 }, "geometry": { "type": "MultiLineString", "coordinates": [ [ [ -52.154934699148036, -32.056814497211107 ], [ -52.155070083572525, -32.056863460060356 ] ], [ [ -52.155227506374004, -32.056920393263169 ], [ -52.155621917246279, -32.057063035078542 ] ] ] } },
{ "type": "Feature", "properties": { "tipo": "rua", "nome": "JURAI XAVIER DA SILVA", "drenagem": 0.0, "iluminacao": 1.0, "compriment": 171.25051549031619 }, "geometry": { "type": "MultiLineString", "coordinates": [ [ [ -52.172362031218107, -32.062763577645072 ], [ -52.172477645215189, -32.062589060146813 ] ], [ [ -52.172620873935244, -32.062372858661398 ], [ -52.172840693172034, -32.062041045003504 ] ], [ [ -52.173223153757093, -32.061463726805243 ], [ -52.173253113463957, -32.061418503102033 ] ] ] } },
{ "type": "Feature", "properties": { "tipo": "rua", "nome": "DOUTOR NASCIMENTO", "drenagem": 1.0, "iluminacao": 1.0, "compriment": 8.7390913485258022 }, "geometry": { "type": "LineString", "coordinates": [ [ -52.097437255509234, -32.036328848068941 ], [ -52.097528345706444, -32.036315044599561 ] ] } },
{ "type": "Feature", "properties": { "tipo": "avenida", "nome": "PRESIDENTE VARGAS", "drenagem": 1.0, "iluminacao": 1.0, "compriment": 21.589042449801894 }, "geometry": { "type": "LineString", "coordinates": [ [ -52.110178811186664, -32.04716129165805 ], [ -52.110216079166698, -32.047231348419992 ], [ -52.110227719915244, -32.047268803663208 ], [ -52.110222325037569, -32.047312574215709 ], [ -52.110202001481959, -32.047343022208914 ] ] } },
{ "type": "Feature", "properties": { "tipo": "rua", "nome": "SEM DENOMINACAO", "drenagem": 0.0, "iluminacao": 1.0, "compriment": 165.58211372929514 }, "geometry": { "type": "LineString", "coordinates": [ [ -52.107540773635186, -32.045828083937032 ], [ -52.106944811726343, -32.046447116178214 ], [ -52.106432669275456, -32.046985236225076 ] ] } },
{ "type": "Feature", "properties": { "tipo": "rua", "nome": "EDUARDO ARAÚJO", "drenagem": 0.0, "iluminacao": 1.0, "compriment": 111.48456605411522 }, "geometry": { "type": "MultiLineString", "coordinates": [ [ [ -52.154067518542597, -32.056484908310857 ], [ -52.154147580119151, -32.056515337274327 ] ], [ [ -52.154682936606889, -32.056718809947647 ], [ -52.154934699148036, -32.056814497211107 ] ] ] } },
{ "type": "Feature", "properties": { "tipo": "rua", "nome": "DOUTOR NASCIMENTO", "drenagem": 1.0, "iluminacao": 1.0, "compriment": 127.56032024290482 }, "geometry": { "type": "LineString", "coordinates": [ [ -52.097528345706444, -32.036315044599561 ], [ -52.098846326401947, -32.036064220303835 ] ] } },
{ "type": "Feature", "properties": { "tipo": "rua", "nome": "DOUTOR NASCIMENTO", "drenagem": 1.0, "iluminacao": 1.0, "compriment": 164.74272921516609 }, "geometry": { "type": "LineString", "coordinates": [ [ -52.098846326401947, -32.036064220303835 ], [ -52.100548685108869, -32.035741072476831 ] ] } },
{ "type": "Feature", "properties": { "tipo": "rua", "nome": "MONTEIRO LOBATO", "drenagem": 1.0, "iluminacao": 1.0, "compriment": 61.028834461467518 }, "geometry": { "type": "MultiLineString", "coordinates": [ [ [ -52.083339479236663, -32.036712638661058 ], [ -52.083468965820728, -32.03668857885657 ] ], [ [ -52.083615499294353, -32.036661351582396 ], [ -52.083767040018152, -32.036633193914845 ] ], [ [ -52.083808499757524, -32.036625490311955 ], [ -52.083964582086182, -32.036596488772233 ] ] ] } },
{ "type": "Feature", "properties": { "tipo": "avenida", "nome": "PRESIDENTE VARGAS", "drenagem": 1.0, "iluminacao": 1.0, "compriment": 274.26154395614435 }, "geometry": { "type": "LineString", "coordinates": [ [ -52.107540773635186, -32.045828083937032 ], [ -52.106181909632141, -32.044897722601334 ], [ -52.106076845380059, -32.044806207354924 ], [ -52.105367657752147, -32.044193537491346 ] ] } },
{ "type": "Feature", "properties": { "tipo": "rua", "nome": "MESTRE JERONIMO", "drenagem": 1.0, "iluminacao": 1.0, "compriment": 316.95705413635164 }, "geometry": { "type": "LineString", "coordinates": [ [ -52.109015052615177, -32.048250767046028 ], [ -52.107028717754154, -32.050554722217775 ] ] } },
{ "type": "Feature", "properties": { "tipo": "avenida", "nome": "RHEINGANTZ", "drenagem": 1.0, "iluminacao": 1.0, "compriment": 6.9614063758949882 }, "geometry": { "type": "LineString", "coordinates": [ [ -52.106107302738131, -32.044647151786236 ], [ -52.106033599843592, -32.044647794854022 ] ] } },
{ "type": "Feature", "properties": { "tipo": "rua", "nome": "DOIS DE NOVEMBRO", "drenagem": 1.0, "iluminacao": 0.0, "compriment": 27.17999730218045 }, "geometry": { "type": "LineString", "coordinates": [ [ -52.106107302738131, -32.044647151786236 ], [ -52.106106418170128, -32.044675546060802 ], [ -52.106126149148267, -32.044729187244009 ], [ -52.106164736058325, -32.044791072237643 ], [ -52.106250076433156, -32.044844861966574 ] ] } },
{ "type": "Feature", "properties": { "tipo": "avenida", "nome": "PRESIDENTE VARGAS", "drenagem": 1.0, "iluminacao": 1.0, "compriment": 266.30773072436341 }, "geometry": { "type": "LineString", "coordinates": [ [ -52.108493764833788, -32.046297355243574 ], [ -52.107220789696932, -32.045521460367091 ], [ -52.106250076433156, -32.044844861966574 ] ] } },
{ "type": "Feature", "properties": { "tipo": "rua", "nome": "TEIXEIRA DE FREITAS", "drenagem": 0.0, "iluminacao": 1.0, "compriment": 51.500644240169237 }, "geometry": { "type": "LineString", "coordinates": [ [ -52.156569540199889, -32.051359779919402 ], [ -52.156299641793339, -32.051763346473784 ] ] } },
{ "type": "Feature", "properties": { "tipo": "rua", "nome": "BARÃO DO LADÁRIO", "drenagem": 0.0, "iluminacao": 1.0, "compriment": 114.94919663648768 }, "geometry": { "type": "MultiLineString", "coordinates": [ [ [ -52.156984426453, -32.055331929481476 ], [ -52.157161568735724, -32.055402171074867 ] ], [ [ -52.157944677308393, -32.055712694305683 ], [ -52.1580878958992, -32.055769484259315 ] ] ] } },
{ "type": "Feature", "properties": { "tipo": "rua", "nome": "BARÃO DO LADÁRIO", "drenagem": 0.0, "iluminacao": 1.0, "compriment": 110.69888416755586 }, "geometry": { "type": "MultiLineString", "coordinates": [ [ [ -52.160259617674242, -32.056569953009365 ], [ -52.160426648763774, -32.056631793101495 ] ], [ [ -52.160519520855551, -32.056666177231584 ], [ -52.161334648643013, -32.056967962830981 ] ] ] } },
{ "type": "Feature", "properties": { "tipo": "rua", "nome": "ALBERTO TORRES", "drenagem": 1.0, "iluminacao": 1.0, "compriment": 110.06341976814949 }, "geometry": { "type": "LineString", "coordinates": [ [ -52.151939893247388, -32.050128972468983 ], [ -52.15301106635529, -32.050519985850187 ] ] } },
{ "type": "Feature", "properties": { "tipo": "avenida", "nome": "PRESIDENTE VARGAS", "drenagem": 1.0, "iluminacao": 1.0, "compriment": 19.152412551950682 }, "geometry": { "type": "LineString", "coordinates": [ [ -52.108493764833788, -32.046297355243574 ], [ -52.108481548900649, -32.046335625451803 ], [ -52.108488349875891, -32.046408438186987 ], [ -52.1085134383666, -32.046464522305598 ] ] } },
{ "type": "Feature", "properties": { "tipo": "avenida", "nome": "PRESIDENTE VARGAS", "drenagem": 1.0, "iluminacao": 1.0, "compriment": 115.97553703016504 }, "geometry": { "type": "LineString", "coordinates": [ [ -52.1085134383666, -32.046464522305598 ], [ -52.108330409564644, -32.046368701301176 ], [ -52.107540773635186, -32.045828083937032 ] ] } },
{ "type": "Feature", "properties": { "tipo": "avenida", "nome": "PRESIDENTE VARGAS", "drenagem": 1.0, "iluminacao": 1.0, "compriment": 13.077403569499721 }, "geometry": { "type": "LineString", "coordinates": [ [ -52.109394481449989, -32.046908255596747 ], [ -52.109471243424743, -32.046810103175559 ] ] } },
{ "type": "Feature", "properties": { "tipo": "rua", "nome": "DOUTOR BELMIRO PEGAS", "drenagem": 1.0, "iluminacao": 1.0, "compriment": 147.13766184636003 }, "geometry": { "type": "LineString", "coordinates": [ [ -52.093308377708837, -32.042499963812908 ], [ -52.094866094777572, -32.042516932748562 ] ] } },
{ "type": "Feature", "properties": { "tipo": "rua", "nome": "BARÃO DO LADÁRIO", "drenagem": 0.0, "iluminacao": 1.0, "compriment": 83.092503955017321 }, "geometry": { "type": "LineString", "coordinates": [ [ -52.161338384667715, -32.056970770664421 ], [ -52.162154468025776, -32.057250932231554 ] ] } },
{ "type": "Feature", "properties": { "tipo": "rua", "nome": "MARECHAL EURICO GASPAR DUTRA", "drenagem": 0.0, "iluminacao": 1.0, "compriment": 115.11422954248127 }, "geometry": { "type": "LineString", "coordinates": [ [ -52.172454084354982, -32.061046615182434 ], [ -52.17303374807814, -32.060133376867981 ] ] } },
{ "type": "Feature", "properties": { "tipo": "rua", "nome": "MARECHAL EURICO GASPAR DUTRA", "drenagem": 0.0, "iluminacao": 1.0, "compriment": 102.2657068016685 }, "geometry": { "type": "LineString", "coordinates": [ [ -52.17303374807814, -32.060133376867981 ], [ -52.173188165550933, -32.059897851026228 ] ] } },
{ "type": "Feature", "properties": { "tipo": "avenida", "nome": "PRESIDENTE VARGAS", "drenagem": 1.0, "iluminacao": 0.0, "compriment": 4.7716720396963996 }, "geometry": { "type": "LineString", "coordinates": [ [ -52.109471243424743, -32.046810103175559 ], [ -52.109428224379251, -32.046787537307253 ] ] } },
{ "type": "Feature", "properties": { "tipo": "avenida", "nome": "PRESIDENTE VARGAS", "drenagem": 1.0, "iluminacao": 1.0, "compriment": 103.65082017807802 }, "geometry": { "type": "LineString", "coordinates": [ [ -52.109428224379251, -32.046787537307253 ], [ -52.108493764833788, -32.046297355243574 ] ] } },
{ "type": "Feature", "properties": { "tipo": "avenida", "nome": "PRESIDENTE VARGAS", "drenagem": 1.0, "iluminacao": 1.0, "compriment": 46.013244763764149 }, "geometry": { "type": "LineString", "coordinates": [ [ -52.113787585803699, -32.049052804294817 ], [ -52.114232144058406, -32.04922258834241 ] ] } },
{ "type": "Feature", "properties": { "tipo": "rua", "nome": "DOUTOR NASCIMENTO", "drenagem": 1.0, "iluminacao": 1.0, "compriment": 152.05100667206167 }, "geometry": { "type": "LineString", "coordinates": [ [ -52.100558451473255, -32.035780554199128 ], [ -52.102127146920822, -32.035472866167382 ] ] } },
{ "type": "Feature", "properties": { "tipo": "rua", "nome": "DOUTOR NASCIMENTO", "drenagem": 1.0, "iluminacao": 1.0, "compriment": 75.607253563419235 }, "geometry": { "type": "LineString", "coordinates": [ [ -52.104932605837284, -32.035787660011501 ], [ -52.105698027736466, -32.035987146977583 ] ] } },
{ "type": "Feature", "properties": { "tipo": "rua", "nome": "JOAO ALFREDO", "drenagem": 1.0, "iluminacao": 1.0, "compriment": 39.567455190115389 }, "geometry": { "type": "LineString", "coordinates": [ [ -52.094063353614622, -32.040111174046601 ], [ -52.094353187695205, -32.0398535375761 ] ] } },
{ "type": "Feature", "properties": { "tipo": "rua", "nome": "JOAO ALFREDO", "drenagem": 1.0, "iluminacao": 1.0, "compriment": 67.928498219371974 }, "geometry": { "type": "LineString", "coordinates": [ [ -52.094353187695205, -32.0398535375761 ], [ -52.095053459677757, -32.039713981778277 ] ] } },
{ "type": "Feature", "properties": { "tipo": "rua", "nome": "JOAO ALFREDO", "drenagem": 1.0, "iluminacao": 1.0, "compriment": 121.70411978347633 }, "geometry": { "type": "LineString", "coordinates": [ [ -52.095053459677757, -32.039713981778277 ], [ -52.0963098802658, -32.039470520268267 ] ] } },
{ "type": "Feature", "properties": { "tipo": "rua", "nome": "JOAO ALFREDO", "drenagem": 1.0, "iluminacao": 1.0, "compriment": 45.409391832758359 }, "geometry": { "type": "LineString", "coordinates": [ [ -52.0963098802658, -32.039470520268267 ], [ -52.096778533876041, -32.039379187211502 ] ] } },
{ "type": "Feature", "properties": { "tipo": "rua", "nome": "JOAO ALFREDO", "drenagem": 1.0, "iluminacao": 1.0, "compriment": 126.88094054711743 }, "geometry": { "type": "LineString", "coordinates": [ [ -52.096778533876041, -32.039379187211502 ], [ -52.098087120122351, -32.039120650543339 ] ] } },
{ "type": "Feature", "properties": { "tipo": "rua", "nome": "JOAO ALFREDO", "drenagem": 1.0, "iluminacao": 1.0, "compriment": 70.98375134815474 }, "geometry": { "type": "LineString", "coordinates": [ [ -52.098159742290925, -32.039101937648596 ], [ -52.098893782580404, -32.038964661650901 ] ] } },
{ "type": "Feature", "properties": { "tipo": "rua", "nome": "MARECHAL HUMBERTO DE ALENCAR CASTELO BRANCO", "drenagem": 0.0, "iluminacao": 1.0, "compriment": 135.1057499617942 }, "geometry": { "type": "LineString", "coordinates": [ [ -52.093374375555548, -32.045251740702 ], [ -52.094804843361352, -32.045259566942597 ] ] } },
{ "type": "Feature", "properties": { "tipo": "rua", "nome": "TEIXEIRA DE FREITAS", "drenagem": 0.0, "iluminacao": 1.0, "compriment": 106.69382081473267 }, "geometry": { "type": "MultiLineString", "coordinates": [ [ [ -52.155787152902612, -32.052701970939772 ], [ -52.155685561220544, -32.052899135599723 ] ], [ [ -52.155670618629898, -32.052928135521199 ], [ -52.155333166600634, -32.053583047549886 ] ] ] } },
{ "type": "Feature", "properties": { "tipo": "rua", "nome": "JOAO ALFREDO", "drenagem": 1.0, "iluminacao": 1.0, "compriment": 57.270905745056346 }, "geometry": { "type": "LineString", "coordinates": [ [ -52.098893782580404, -32.038964661650901 ], [ -52.099484802497514, -32.038849290127729 ] ] } },
{ "type": "Feature", "properties": { "tipo": "rua", "nome": "JOAO ALFREDO", "drenagem": 1.0, "iluminacao": 1.0, "compriment": 165.79608260241881 }, "geometry": { "type": "MultiLineString", "coordinates": [ [ [ -52.099484802497514, -32.038849290127729 ], [ -52.100814343136022, -32.038581892579565 ] ], [ [ -52.101055338815996, -32.038533423467698 ], [ -52.101193149066141, -32.038505707035469 ] ] ] } },
{ "type": "Feature", "properties": { "tipo": "rua", "nome": "VICE ALMIRANTE ABREU", "drenagem": 1.0, "iluminacao": 1.0, "compriment": 27.180714842177064 }, "geometry": { "type": "LineString", "coordinates": [ [ -52.092078619725484, -32.039547065386564 ], [ -52.092116208027164, -32.039304045675912 ] ] } },
{ "type": "Feature", "properties": { "tipo": "rua", "nome": "VICE ALMIRANTE ABREU", "drenagem": 1.0, "iluminacao": 1.0, "compriment": 126.25003758574306 }, "geometry": { "type": "LineString", "coordinates": [ [ -52.096565070327244, -32.038404488797489 ], [ -52.097865823438788, -32.03814246433037 ] ] } },
{ "type": "Feature", "properties": { "tipo": "avenida", "nome": "PRESIDENTE VARGAS", "drenagem": 1.0, "iluminacao": 1.0, "compriment": 125.34258702390498 }, "geometry": { "type": "LineString", "coordinates": [ [ -52.115464269627068, -32.049693436415239 ], [ -52.116671221567536, -32.050163571521765 ] ] } },
{ "type": "Feature", "properties": { "tipo": "avenida", "nome": "PRESIDENTE VARGAS", "drenagem": 1.0, "iluminacao": 1.0, "compriment": 16.987727083230496 }, "geometry": { "type": "LineString", "coordinates": [ [ -52.115483156436717, -32.049547709418789 ], [ -52.115462544022186, -32.049570485260418 ], [ -52.115453650275107, -32.049596909589596 ], [ -52.115457403118604, -32.049634994282485 ], [ -52.115464269627068, -32.049693436415239 ] ] } },
{ "type": "Feature", "properties": { "tipo": "rua", "nome": "VICE ALMIRANTE ABREU", "drenagem": 1.0, "iluminacao": 1.0, "compriment": 129.09230550157918 }, "geometry": { "type": "LineString", "coordinates": [ [ -52.097941848685856, -32.038128150495233 ], [ -52.09927404267129, -32.037868133669356 ] ] } },
{ "type": "Feature", "properties": { "tipo": "rua", "nome": "VICE ALMIRANTE ABREU", "drenagem": 1.0, "iluminacao": 1.0, "compriment": 164.34423829728289 }, "geometry": { "type": "MultiLineString", "coordinates": [ [ [ -52.09927404267129, -32.037868133669356 ], [ -52.100547888357227, -32.03763273310004 ] ], [ [ -52.100723956003897, -32.037600196643922 ], [ -52.100910949400543, -32.037565641161642 ] ] ] } },
{ "type": "Feature", "properties": { "tipo": "rua", "nome": "IVACY DE MATTOS GOMES", "drenagem": 0.0, "iluminacao": 1.0, "compriment": 62.668919151513371 }, "geometry": { "type": "MultiLineString", "coordinates": [ [ [ -52.109576669707693, -32.048551767348229 ], [ -52.109220065322781, -32.048360644198567 ] ], [ [ -52.109104572757552, -32.048298745624791 ], [ -52.109015052615177, -32.048250767046028 ] ] ] } },
{ "type": "Feature", "properties": { "tipo": "rua", "nome": "BARAO DE COTEGIPE", "drenagem": 1.0, "iluminacao": 1.0, "compriment": 95.070187106974615 }, "geometry": { "type": "MultiLineString", "coordinates": [ [ [ -52.09187962403449, -32.038485864805232 ], [ -52.092099498142098, -32.038440534050068 ] ], [ [ -52.092125333331715, -32.038435207690057 ], [ -52.092857903346868, -32.038284176027638 ] ] ] } },
{ "type": "Feature", "properties": { "tipo": "rua", "nome": "BARAO DE COTEGIPE", "drenagem": 1.0, "iluminacao": 1.0, "compriment": 104.72965776924748 }, "geometry": { "type": "LineString", "coordinates": [ [ -52.092857903346868, -32.038284176027638 ], [ -52.093931874661102, -32.038049348409679 ] ] } },
{ "type": "Feature", "properties": { "tipo": "rua", "nome": "BARAO DE COTEGIPE", "drenagem": 1.0, "iluminacao": 1.0, "compriment": 65.559793292168351 }, "geometry": { "type": "LineString", "coordinates": [ [ -52.093931874661102, -32.038049348409679 ], [ -52.094609548350199, -32.037921519061086 ] ] } },
{ "type": "Feature", "properties": { "tipo": "avenida", "nome": "PRESIDENTE VARGAS", "drenagem": 1.0, "iluminacao": 1.0, "compriment": 85.348959758232965 }, "geometry": { "type": "LineString", "coordinates": [ [ -52.116946799745051, -32.050125367631225 ], [ -52.1161286223413, -32.049798497779143 ] ] } },
{ "type": "Feature", "properties": { "tipo": "avenida", "nome": "PRESIDENTE VARGAS", "drenagem": 1.0, "iluminacao": 1.0, "compriment": 121.05196406446761 }, "geometry": { "type": "LineString", "coordinates": [ [ -52.11693928990595, -32.050266818583928 ], [ -52.118107192901633, -32.050716629328008 ] ] } },
{ "type": "Feature", "properties": { "tipo": "rua", "nome": "BARAO DE COTEGIPE", "drenagem": 1.0, "iluminacao": 1.0, "compriment": 122.74789058083043 }, "geometry": { "type": "MultiLineString", "coordinates": [ [ [ -52.094609548350199, -32.037921519061086 ], [ -52.095445730961266, -32.037740236535164 ] ], [ [ -52.095504094522902, -32.037727583445111 ], [ -52.095627069832055, -32.037700922672244 ] ], [ [ -52.09569507844234, -32.037686178557152 ], [ -52.095868944490995, -32.037648484785414 ] ] ] } },
{ "type": "Feature", "properties": { "tipo": "rua", "nome": "1 VELHA", "drenagem": 1.0, "iluminacao": 1.0, "compriment": 253.51696754003626 }, "geometry": { "type": "MultiLineString", "coordinates": [ [ [ -52.086603449653175, -32.038599489506048 ], [ -52.086568866983278, -32.03901164627645 ] ], [ [ -52.086548284531048, -32.039256948246035 ], [ -52.086512337967335, -32.039685359923077 ] ], [ [ -52.086494446317175, -32.039898592873818 ], [ -52.086449947045011, -32.040428935856461 ] ], [ [ -52.086430979347227, -32.040654993158668 ], [ -52.086412105969359, -32.040879926354741 ] ] ] } },
{ "type": "Feature", "properties": { "tipo": "avenida", "nome": "PRESIDENTE VARGAS", "drenagem": 1.0, "iluminacao": 1.0, "compriment": 16.055986074772246 }, "geometry": { "type": "LineString", "coordinates": [ [ -52.116946799745051, -32.050125367631225 ], [ -52.116934149446685, -32.050148701344057 ], [ -52.116927949752217, -32.05018014701767 ], [ -52.116933759241626, -32.050224940176157 ], [ -52.11693928990595, -32.050266818583928 ] ] } },
{ "type": "Feature", "properties": { "tipo": "avenida", "nome": "PRESIDENTE VARGAS", "drenagem": 1.0, "iluminacao": 1.0, "compriment": 87.721407848066562 }, "geometry": { "type": "LineString", "coordinates": [ [ -52.11813189124944, -32.050574763025686 ], [ -52.117280425690325, -32.050258652231953 ] ] } },
{ "type": "Feature", "properties": { "tipo": "avenida", "nome": "PRESIDENTE VARGAS", "drenagem": 1.0, "iluminacao": 1.0, "compriment": 23.086591028353563 }, "geometry": { "type": "LineString", "coordinates": [ [ -52.118107192901633, -32.050716629328008 ], [ -52.118329932423954, -32.050802414362266 ] ] } },
{ "type": "Feature", "properties": { "tipo": "avenida", "nome": "PRESIDENTE VARGAS", "drenagem": 1.0, "iluminacao": 1.0, "compriment": 15.913463382142355 }, "geometry": { "type": "LineString", "coordinates": [ [ -52.118131511550999, -32.050574622057354 ], [ -52.118107192901633, -32.050716629328008 ] ] } },
{ "type": "Feature", "properties": { "tipo": "avenida", "nome": "PRESIDENTE VARGAS", "drenagem": 1.0, "iluminacao": 1.0, "compriment": 128.14350513525775 }, "geometry": { "type": "LineString", "coordinates": [ [ -52.122044848575804, -32.052146541494594 ], [ -52.120821897820811, -32.051645926474919 ] ] } },
{ "type": "Feature", "properties": { "tipo": "avenida", "nome": "PRESIDENTE VARGAS", "drenagem": 1.0, "iluminacao": 1.0, "compriment": 62.467469126998957 }, "geometry": { "type": "LineString", "coordinates": [ [ -52.122017981039122, -32.052303418071027 ], [ -52.122614914482483, -32.05254609745402 ] ] } },
{ "type": "Feature", "properties": { "tipo": "avenida", "nome": "PRESIDENTE VARGAS", "drenagem": 1.0, "iluminacao": 1.0, "compriment": 143.90203279603946 }, "geometry": { "type": "LineString", "coordinates": [ [ -52.120821897820811, -32.051645926474919 ], [ -52.119448569912883, -32.051083733709646 ] ] } },
{ "type": "Feature", "properties": { "tipo": "avenida", "nome": "PRESIDENTE VARGAS", "drenagem": 1.0, "iluminacao": 1.0, "compriment": 19.3738239197627 }, "geometry": { "type": "LineString", "coordinates": [ [ -52.120822961690102, -32.051646361973319 ], [ -52.120821897820811, -32.051645926474919 ], [ -52.12083154200468, -32.051819442575116 ] ] } },
{ "type": "Feature", "properties": { "tipo": "avenida", "nome": "PRESIDENTE VARGAS", "drenagem": 1.0, "iluminacao": 1.0, "compriment": 17.579763726901746 }, "geometry": { "type": "LineString", "coordinates": [ [ -52.122044848575804, -32.052146541494594 ], [ -52.122017981039122, -32.052303418071027 ] ] } },
{ "type": "Feature", "properties": { "tipo": "avenida", "nome": "PRESIDENTE VARGAS", "drenagem": 1.0, "iluminacao": 1.0, "compriment": 17.066959780363664 }, "geometry": { "type": "LineString", "coordinates": [ [ -52.123725441688023, -32.052834463950823 ], [ -52.123685960913171, -32.052984658261316 ] ] } },
{ "type": "Feature", "properties": { "tipo": "rua", "nome": "CORONEL PILLAR", "drenagem": 0.0, "iluminacao": 1.0, "compriment": 21.930587022390029 }, "geometry": { "type": "LineString", "coordinates": [ [ -52.134432612742998, -32.045139561769162 ], [ -52.13434124156084, -32.045321379379537 ] ] } },
{ "type": "Feature", "properties": { "tipo": "rua", "nome": "VISCONDE DE MAUA", "drenagem": 1.0, "iluminacao": 1.0, "compriment": 94.318964252339882 }, "geometry": { "type": "LineString", "coordinates": [ [ -52.135514638434984, -32.045784425543289 ], [ -52.135102290015006, -32.045649082274821 ], [ -52.134612488644137, -32.045423640337923 ] ] } },
{ "type": "Feature", "properties": { "tipo": "rua", "nome": "BARAO DE COTEGIPE", "drenagem": 1.0, "iluminacao": 1.0, "compriment": 47.422756063622408 }, "geometry": { "type": "MultiLineString", "coordinates": [ [ [ -52.095868944490995, -32.037648484785414 ], [ -52.095975277576315, -32.037629555655343 ] ], [ [ -52.096114068819759, -32.037604848411192 ], [ -52.096360396392761, -32.037560997838668 ] ] ] } },
{ "type": "Feature", "properties": { "tipo": "rua", "nome": "BARAO DE COTEGIPE", "drenagem": 1.0, "iluminacao": 1.0, "compriment": 128.22537755576903 }, "geometry": { "type": "MultiLineString", "coordinates": [ [ [ -52.096360396392761, -32.037560997838668 ], [ -52.096513036168261, -32.037529593536156 ] ], [ [ -52.096557525139531, -32.037520440318346 ], [ -52.097679982690465, -32.037289504467132 ] ] ] } },
{ "type": "Feature", "properties": { "tipo": "rua", "nome": "BARAO DE COTEGIPE", "drenagem": 1.0, "iluminacao": 1.0, "compriment": 7.2205310481789517 }, "geometry": { "type": "LineString", "coordinates": [ [ -52.097679982690465, -32.037289504467132 ], [ -52.097753829281558, -32.037272673947022 ] ] } },
{ "type": "Feature", "properties": { "tipo": "rua", "nome": "BARAO DE COTEGIPE", "drenagem": 1.0, "iluminacao": 1.0, "compriment": 127.55631129465489 }, "geometry": { "type": "LineString", "coordinates": [ [ -52.097753829281558, -32.037272673947022 ], [ -52.099073019343152, -32.03702662143565 ] ] } },
{ "type": "Feature", "properties": { "tipo": "travessa", "nome": "SENADOR TEOTONIO VILELA", "drenagem": 1.0, "iluminacao": 1.0, "compriment": 118.97506135254558 }, "geometry": { "type": "LineString", "coordinates": [ [ -52.112296874774138, -32.044217231415004 ], [ -52.111737150300598, -32.045178432272493 ] ] } },
{ "type": "Feature", "properties": { "tipo": "rua", "nome": "COMENDADOR HENRIQUE PANCADA", "drenagem": 0.0, "iluminacao": 1.0, "compriment": 74.184164246242389 }, "geometry": { "type": "LineString", "coordinates": [ [ -52.13487107769285, -32.045400879581123 ], [ -52.135514638434984, -32.045784425543289 ] ] } },
{ "type": "Feature", "properties": { "tipo": "rua", "nome": "VISCONDE DE MAUA", "drenagem": 1.0, "iluminacao": 1.0, "compriment": 28.015780660211487 }, "geometry": { "type": "LineString", "coordinates": [ [ -52.134612488644137, -32.045423640337923 ], [ -52.13434124156084, -32.045321379379537 ] ] } },
{ "type": "Feature", "properties": { "tipo": "rua", "nome": "VISCONDE DE MAUA", "drenagem": 1.0, "iluminacao": 0.0, "compriment": 24.801627151245508 }, "geometry": { "type": "LineString", "coordinates": [ [ -52.13487107769285, -32.045400879581123 ], [ -52.134804525097316, -32.045419083578537 ], [ -52.134707228934857, -32.045427802273132 ], [ -52.134612488644137, -32.045423640337923 ] ] } },
{ "type": "Feature", "properties": { "tipo": "rua", "nome": "COMENDADOR HENRIQUE PANCADA", "drenagem": 1.0, "iluminacao": 1.0, "compriment": 176.09523027949118 }, "geometry": { "type": "LineString", "coordinates": [ [ -52.140431752333463, -32.047076731518892 ], [ -52.141331939189385, -32.0470267428623 ], [ -52.142006090562333, -32.047051239449772 ], [ -52.142284148958254, -32.047114034395769 ] ] } },
{ "type": "Feature", "properties": { "tipo": "rua", "nome": "GUARDA OSCAR JESUS NUNES", "drenagem": 1.0, "iluminacao": 1.0, "compriment": 101.05222390401175 }, "geometry": { "type": "LineString", "coordinates": [ [ -52.131538317809614, -32.044113569176041 ], [ -52.131480452214412, -32.044161625756772 ], [ -52.131029495994341, -32.044911437391974 ] ] } },
{ "type": "Feature", "properties": { "tipo": "rua", "nome": "CORONEL PILLAR", "drenagem": 0.0, "iluminacao": 1.0, "compriment": 99.281466913974569 }, "geometry": { "type": "LineString", "coordinates": [ [ -52.133944075166468, -32.045983149608077 ], [ -52.13434124156084, -32.045321379379537 ] ] } },
{ "type": "Feature", "properties": { "tipo": "avenida", "nome": "CIDADE DE PELOTAS", "drenagem": 1.0, "iluminacao": 1.0, "compriment": 51.067651177774813 }, "geometry": { "type": "LineString", "coordinates": [ [ -52.131122692331942, -32.045934307531851 ], [ -52.131600791524669, -32.046149419124426 ] ] } },
{ "type": "Feature", "properties": { "tipo": "rua", "nome": "BARAO DE COTEGIPE", "drenagem": 1.0, "iluminacao": 1.0, "compriment": 165.81942389948799 }, "geometry": { "type": "MultiLineString", "coordinates": [ [ [ -52.099073019343152, -32.03702662143565 ], [ -52.099703028118675, -32.036889103312333 ] ], [ [ -52.100578487815376, -32.036698008236819 ], [ -52.100773604561113, -32.036655418213087 ] ] ] } },
{ "type": "Feature", "properties": { "tipo": "rua", "nome": "BARAO DE COTEGIPE", "drenagem": 1.0, "iluminacao": 1.0, "compriment": 112.75999101916283 }, "geometry": { "type": "MultiLineString", "coordinates": [ [ [ -52.100773604561113, -32.036655418213087 ], [ -52.101308299242312, -32.036551671723501 ] ], [ [ -52.101434040916494, -32.036527274141577 ], [ -52.101553092389096, -32.036504174655462 ] ], [ [ -52.101677154234338, -32.036480103009744 ], [ -52.101937577614621, -32.036429573216836 ] ] ] } },
{ "type": "Feature", "properties": { "tipo": "avenida", "nome": "DOS BANDEIRANTES", "drenagem": 1.0, "iluminacao": 1.0, "compriment": 13.566209508687493 }, "geometry": { "type": "LineString", "coordinates": [ [ -52.142343783484826, -32.052782941169191 ], [ -52.142465994251523, -32.052847240412255 ] ] } },
{ "type": "Feature", "properties": { "tipo": "avenida", "nome": "DOS BANDEIRANTES", "drenagem": 1.0, "iluminacao": 1.0, "compriment": 101.99020041223808 }, "geometry": { "type": "MultiLineString", "coordinates": [ [ [ -52.142465994251523, -32.052847240412255 ], [ -52.14298972763855, -32.053077841665697 ] ], [ [ -52.143271428660896, -32.053201875402053 ], [ -52.14342533269344, -32.053269639771663 ] ] ] } },
{ "type": "Feature", "properties": { "tipo": "avenida", "nome": "DOS BANDEIRANTES", "drenagem": 1.0, "iluminacao": 1.0, "compriment": 96.884597308553126 }, "geometry": { "type": "LineString", "coordinates": [ [ -52.14342533269344, -32.053269639771663 ], [ -52.143488094012618, -32.053295786947459 ] ] } },
{ "type": "Feature", "properties": { "tipo": "rua", "nome": "TEIXEIRA DE FREITAS", "drenagem": 1.0, "iluminacao": 1.0, "compriment": 115.29783244617903 }, "geometry": { "type": "LineString", "coordinates": [ [ -52.155333166600634, -32.053583047549886 ], [ -52.154839692090668, -32.054534098425911 ] ] } },
{ "type": "Feature", "properties": { "tipo": "rua", "nome": "TEIXEIRA DE FREITAS", "drenagem": 1.0, "iluminacao": 1.0, "compriment": 113.2164307427015 }, "geometry": { "type": "LineString", "coordinates": [ [ -52.154839692090668, -32.054534098425911 ], [ -52.154507285745147, -32.055167999412831 ] ] } },
{ "type": "Feature", "properties": { "tipo": "rua", "nome": "GENERAL CAMISAO", "drenagem": 0.0, "iluminacao": 1.0, "compriment": 47.308398128616055 }, "geometry": { "type": "LineString", "coordinates": [ [ -52.15522377453285, -32.051203747831366 ], [ -52.15516549721584, -32.051319288366358 ] ] } },
{ "type": "Feature", "properties": { "tipo": "rua", "nome": "BARAO DE COTEGIPE", "drenagem": 1.0, "iluminacao": 1.0, "compriment": 103.94592482402597 }, "geometry": { "type": "MultiLineString", "coordinates": [ [ [ -52.103273241148038, -32.036613696112411 ], [ -52.104031388633437, -32.036718426197694 ] ], [ [ -52.104121938372074, -32.036730934689821 ], [ -52.104359524689478, -32.036763754735738 ] ] ] } },
{ "type": "Feature", "properties": { "tipo": "rua", "nome": "BARAO DE COTEGIPE", "drenagem": 1.0, "iluminacao": 1.0, "compriment": 78.021153819448713 }, "geometry": { "type": "LineString", "coordinates": [ [ -52.104359524689478, -32.036763754735738 ], [ -52.10517482710739, -32.036876683129655 ] ] } },
{ "type": "Feature", "properties": { "tipo": "rua", "nome": "ANDRADAS", "drenagem": 1.0, "iluminacao": 1.0, "compriment": 61.120630139227458 }, "geometry": { "type": "LineString", "coordinates": [ [ -52.095095430469534, -32.029679711732072 ], [ -52.095148860536113, -32.03022902502272 ] ] } },
{ "type": "Feature", "properties": { "tipo": "rua", "nome": "ANDRADAS", "drenagem": 1.0, "iluminacao": 1.0, "compriment": 83.239568519628889 }, "geometry": { "type": "LineString", "coordinates": [ [ -52.095148860536113, -32.03022902502272 ], [ -52.09519867496271, -32.030978492500019 ] ] } },
{ "type": "Feature", "properties": { "tipo": "rua", "nome": "ANDRADAS", "drenagem": 1.0, "iluminacao": 1.0, "compriment": 77.746270076998428 }, "geometry": { "type": "LineString", "coordinates": [ [ -52.09519867496271, -32.030978492500019 ], [ -52.095192757833026, -32.031065826970703 ] ] } },
{ "type": "Feature", "properties": { "tipo": "rua", "nome": "ANDRADAS", "drenagem": 1.0, "iluminacao": 1.0, "compriment": 80.246429883478555 }, "geometry": { "type": "LineString", "coordinates": [ [ -52.095344940668724, -32.033156712246793 ], [ -52.095370767167054, -32.033289934068755 ] ] } },
{ "type": "Feature", "properties": { "tipo": "rua", "nome": "ANDRADAS", "drenagem": 1.0, "iluminacao": 1.0, "compriment": 101.23514430769964 }, "geometry": { "type": "MultiLineString", "coordinates": [ [ [ -52.095939307200574, -32.035685196467277 ], [ -52.096021480523127, -32.036052146172459 ] ], [ [ -52.096038706056596, -32.036129067784394 ], [ -52.096069366549621, -32.036265983982091 ] ], [ [ -52.096098225065163, -32.036394853345548 ], [ -52.096140129675106, -32.03658198079502 ] ] ] } },
{ "type": "Feature", "properties": { "tipo": "rua", "nome": "ANDRADAS", "drenagem": 1.0, "iluminacao": 1.0, "compriment": 95.509590918704006 }, "geometry": { "type": "MultiLineString", "coordinates": [ [ [ -52.096360396392761, -32.037560997838668 ], [ -52.096449227012918, -32.037927081703508 ] ], [ [ -52.096465636768613, -32.037994708685908 ], [ -52.096565070327244, -32.038404488797489 ] ] ] } },
{ "type": "Feature", "properties": { "tipo": "rua", "nome": "ANDRADAS", "drenagem": 1.0, "iluminacao": 1.0, "compriment": 103.93799090597854 }, "geometry": { "type": "LineString", "coordinates": [ [ -52.096778533876041, -32.039379187211502 ], [ -52.096985034917658, -32.040299863800463 ] ] } },
{ "type": "Feature", "properties": { "tipo": "rua", "nome": "ANDRADAS", "drenagem": 1.0, "iluminacao": 1.0, "compriment": 120.4857674940139 }, "geometry": { "type": "LineString", "coordinates": [ [ -52.096985034917658, -32.040299863800463 ], [ -52.097241723621082, -32.041364197006409 ] ] } },
{ "type": "Feature", "properties": { "tipo": "avenida", "nome": "DOS BANDEIRANTES", "drenagem": 1.0, "iluminacao": 1.0, "compriment": 137.23524828209975 }, "geometry": { "type": "LineString", "coordinates": [ [ -52.146507358785499, -32.054607389493952 ], [ -52.146569287883551, -32.054634137750561 ] ] } },
{ "type": "Feature", "properties": { "tipo": "rua", "nome": "ALBERTO DE OLIVEIRA", "drenagem": 0.0, "iluminacao": 1.0, "compriment": 114.20500508823004 }, "geometry": { "type": "MultiLineString", "coordinates": [ [ [ -52.156984426453, -32.055331929481476 ], [ -52.156870544220247, -32.055572806702791 ] ], [ [ -52.156634234642191, -32.056072635281431 ], [ -52.156578389858673, -32.056190754991178 ] ] ] } },
{ "type": "Feature", "properties": { "tipo": "rua", "nome": "GENERAL VITORINO", "drenagem": 1.0, "iluminacao": 1.0, "compriment": 12.339413628372144 }, "geometry": { "type": "LineString", "coordinates": [ [ -52.087482115165386, -32.037286564151884 ], [ -52.087611476639147, -32.03727104487001 ] ] } },
{ "type": "Feature", "properties": { "tipo": "avenida", "nome": "MAJOR CARLOS PINTO", "drenagem": 1.0, "iluminacao": 1.0, "compriment": 86.360679386564826 }, "geometry": { "type": "LineString", "coordinates": [ [ -52.10610345077226, -32.035289088822942 ], [ -52.105698027736466, -32.035987146977583 ] ] } },
{ "type": "Feature", "properties": { "tipo": "rua", "nome": "VALPORTO", "drenagem": 1.0, "iluminacao": 1.0, "compriment": 292.48177848418891 }, "geometry": { "type": "LineString", "coordinates": [ [ -52.089254815320686, -32.042818207417199 ], [ -52.092283552748256, -32.042268638313203 ] ] } },
{ "type": "Feature", "properties": { "tipo": "rua", "nome": "GENERAL VITORINO", "drenagem": 1.0, "iluminacao": 1.0, "compriment": 114.14022048220689 }, "geometry": { "type": "MultiLineString", "coordinates": [ [ [ -52.090167164460006, -32.036769387325435 ], [ -52.090722876756757, -32.036669541152712 ] ], [ [ -52.090780297502825, -32.036659224228359 ], [ -52.090997306283853, -32.03662023373569 ] ], [ [ -52.091166882337724, -32.036589765595856 ], [ -52.091349549670362, -32.036556945314295 ] ] ] } },
{ "type": "Feature", "properties": { "tipo": "rua", "nome": "GENERAL VITORINO", "drenagem": 1.0, "iluminacao": 1.0, "compriment": 100.78010664777719 }, "geometry": { "type": "MultiLineString", "coordinates": [ [ [ -52.091349549670362, -32.036556945314295 ], [ -52.091529261041138, -32.036522022102744 ] ], [ [ -52.091876195782802, -32.036454602465774 ], [ -52.092000312969759, -32.036430482841297 ] ], [ [ -52.09210190426117, -32.03641074066168 ], [ -52.092389779178028, -32.036354798087885 ] ] ] } },
{ "type": "Feature", "properties": { "tipo": "rua", "nome": "GENERAL VITORINO", "drenagem": 1.0, "iluminacao": 1.0, "compriment": 106.72229449180531 }, "geometry": { "type": "MultiLineString", "coordinates": [ [ [ -52.092389779178028, -32.036354798087885 ], [ -52.092855346275755, -32.036267938784725 ] ], [ [ -52.093288369715864, -32.036187151043407 ], [ -52.093493479912802, -32.036148884316951 ] ] ] } },
{ "type": "Feature", "properties": { "tipo": "rua", "nome": "GENERAL VITORINO", "drenagem": 1.0, "iluminacao": 1.0, "compriment": 61.756479391242081 }, "geometry": { "type": "MultiLineString", "coordinates": [ [ [ -52.093493479912802, -32.036148884316951 ], [ -52.093683150610822, -32.036114310993845 ] ], [ [ -52.093884936342619, -32.036077529332914 ], [ -52.094132816987084, -32.036032345455261 ] ] ] } },
{ "type": "Feature", "properties": { "tipo": "rua", "nome": "GENERAL VITORINO", "drenagem": 1.0, "iluminacao": 1.0, "compriment": 125.33704144254588 }, "geometry": { "type": "MultiLineString", "coordinates": [ [ [ -52.094132816987084, -32.036032345455261 ], [ -52.094965523070535, -32.035871885126049 ] ], [ [ -52.095291773230649, -32.03580901755592 ], [ -52.095427045864049, -32.035782950865979 ] ] ] } },
{ "type": "Feature", "properties": { "tipo": "avenida", "nome": "PORTUGAL", "drenagem": 1.0, "iluminacao": 1.0, "compriment": 64.445225322776494 }, "geometry": { "type": "LineString", "coordinates": [ [ -52.118280062612882, -32.036778484955597 ], [ -52.118909057582371, -32.03700365237389 ] ] } },
{ "type": "Feature", "properties": { "tipo": "rua", "nome": "GENERAL VITORINO", "drenagem": 1.0, "iluminacao": 1.0, "compriment": 49.585719584622296 }, "geometry": { "type": "MultiLineString", "coordinates": [ [ [ -52.095427045864049, -32.035782950865979 ], [ -52.095529557702456, -32.035763388618335 ] ], [ [ -52.095759577128028, -32.035719494205402 ], [ -52.095939307200574, -32.035685196467277 ] ] ] } },
{ "type": "Feature", "properties": { "tipo": "rua", "nome": "GENERAL VITORINO", "drenagem": 1.0, "iluminacao": 1.0, "compriment": 125.7269988281278 }, "geometry": { "type": "MultiLineString", "coordinates": [ [ [ -52.095939307200574, -32.035685196467277 ], [ -52.0960758836518, -32.035660171665128 ] ], [ [ -52.097058699607501, -32.035480091024461 ], [ -52.097240597999807, -32.035446761916575 ] ] ] } },
{ "type": "Feature", "properties": { "tipo": "rua", "nome": "GENERAL VITORINO", "drenagem": 1.0, "iluminacao": 1.0, "compriment": 129.83908680164697 }, "geometry": { "type": "MultiLineString", "coordinates": [ [ [ -52.097307270219297, -32.035433793643762 ], [ -52.097426449783065, -32.03541157221504 ] ], [ [ -52.097478150716057, -32.035401932402962 ], [ -52.097600920565711, -32.035379041553419 ] ], [ [ -52.097715341837024, -32.035357707324252 ], [ -52.098650064417619, -32.035183425169279 ] ] ] } },
{ "type": "Feature", "properties": { "tipo": "rua", "nome": "GENERAL VITORINO", "drenagem": 1.0, "iluminacao": 1.0, "compriment": 162.74393506990302 }, "geometry": { "type": "LineString", "coordinates": [ [ -52.098650064417619, -32.035183425169279 ], [ -52.100332287195599, -32.034866248158046 ] ] } },
{ "type": "Feature", "properties": { "tipo": "rua", "nome": "GENERAL VITORINO", "drenagem": 1.0, "iluminacao": 1.0, "compriment": 165.75738195494716 }, "geometry": { "type": "MultiLineString", "coordinates": [ [ [ -52.10367193361845, -32.034764319168382 ], [ -52.103867018531268, -32.034786427725209 ] ], [ [ -52.103943020394141, -32.034795040854128 ], [ -52.104061139897631, -32.034808427085366 ] ], [ [ -52.105204291732342, -32.034937978043111 ], [ -52.105411444715443, -32.034961454248588 ] ] ] } },
{ "type": "Feature", "properties": { "tipo": "rua", "nome": "GENERAL VITORINO", "drenagem": 1.0, "iluminacao": 1.0, "compriment": 74.782868589468791 }, "geometry": { "type": "LineString", "coordinates": [ [ -52.105411444715443, -32.034961454248588 ], [ -52.10610345077226, -32.035289088822942 ] ] } },
{ "type": "Feature", "properties": { "tipo": "rua", "nome": "GENERAL CAMARA", "drenagem": 1.0, "iluminacao": 1.0, "compriment": 192.72922878488063 }, "geometry": { "type": "LineString", "coordinates": [ [ -52.089085701738249, -32.03599529051192 ], [ -52.091079318468651, -32.035625221399243 ] ] } },
{ "type": "Feature", "properties": { "tipo": "rua", "nome": "RODRIGUES DUARTE", "drenagem": 0.0, "iluminacao": 1.0, "compriment": 84.334248596474026 }, "geometry": { "type": "MultiLineString", "coordinates": [ [ [ -52.153354636343821, -32.04983675335135 ], [ -52.153215844845469, -32.050112757849419 ] ], [ [ -52.153193187120458, -32.050157815609396 ], [ -52.15301106635529, -32.050519985850187 ] ] ] } },
{ "type": "Feature", "properties": { "tipo": "rua", "nome": "ZALONY", "drenagem": 1.0, "iluminacao": 1.0, "compriment": 101.25552793476518 }, "geometry": { "type": "MultiLineString", "coordinates": [ [ [ -52.095427045864049, -32.035782950865979 ], [ -52.095449619095547, -32.035873957455003 ] ], [ [ -52.095467307762242, -32.035945271357079 ], [ -52.095500999431316, -32.03608110321089 ] ], [ [ -52.095562432294635, -32.036328776892248 ], [ -52.095648647873631, -32.036676364953209 ] ] ] } },
{ "type": "Feature", "properties": { "tipo": "rua", "nome": "ZALONY", "drenagem": 1.0, "iluminacao": 1.0, "compriment": 51.70021757373685 }, "geometry": { "type": "LineString", "coordinates": [ [ -52.095975025521923, -32.038057167819652 ], [ -52.096093193898412, -32.038512413349636 ] ] } },
{ "type": "Feature", "properties": { "tipo": "rua", "nome": "ZALONY", "drenagem": 1.0, "iluminacao": 1.0, "compriment": 108.19549058157095 }, "geometry": { "type": "LineString", "coordinates": [ [ -52.096093193898412, -32.038512413349636 ], [ -52.0963098802658, -32.039470520268267 ] ] } },
{ "type": "Feature", "properties": { "tipo": "rua", "nome": "RODRIGUES DUARTE", "drenagem": 0.0, "iluminacao": 1.0, "compriment": 113.60316018359535 }, "geometry": { "type": "MultiLineString", "coordinates": [ [ [ -52.152048156121239, -32.052384337166757 ], [ -52.151906539580686, -32.052662965500012 ] ], [ [ -52.151785991718903, -32.052900141536625 ], [ -52.151570295094118, -32.0533245212794 ] ] ] } },
{ "type": "Feature", "properties": { "tipo": "rua", "nome": "CONDE DE PORTO ALEGRE", "drenagem": 1.0, "iluminacao": 0.0, "compriment": 14.177125417049863 }, "geometry": { "type": "LineString", "coordinates": [ [ -52.087666741480945, -32.035445969289626 ], [ -52.087816110656107, -32.035433444270971 ] ] } },
{ "type": "Feature", "properties": { "tipo": "rua", "nome": "GENERAL CAMARA", "drenagem": 1.0, "iluminacao": 1.0, "compriment": 129.58439314363466 }, "geometry": { "type": "MultiLineString", "coordinates": [ [ [ -52.095689666955614, -32.034694244549833 ], [ -52.095780939897203, -32.034677239876004 ] ], [ [ -52.096211339675996, -32.034597053922447 ], [ -52.096595898649603, -32.034525408374478 ] ], [ [ -52.096790484248004, -32.034489155958646 ], [ -52.097029865334854, -32.034444557885742 ] ] ] } },
{ "type": "Feature", "properties": { "tipo": "rua", "nome": "GENERAL CAMARA", "drenagem": 0.0, "iluminacao": 0.0, "compriment": 7.2771306923259242 }, "geometry": { "type": "LineString", "coordinates": [ [ -52.097029865334854, -32.034444557885742 ], [ -52.097105280732343, -32.034431147372537 ] ] } },
{ "type": "Feature", "properties": { "tipo": "rua", "nome": "CONDE DE PORTO ALEGRE", "drenagem": 1.0, "iluminacao": 1.0, "compriment": 104.84390755199011 }, "geometry": { "type": "LineString", "coordinates": [ [ -52.087816110656107, -32.035433444270971 ], [ -52.088905140573871, -32.0352506723464 ] ] } },
{ "type": "Feature", "properties": { "tipo": "rua", "nome": "CONDE DE PORTO ALEGRE", "drenagem": 0.0, "iluminacao": 1.0, "compriment": 165.52864139250363 }, "geometry": { "type": "MultiLineString", "coordinates": [ [ [ -52.089176140649094, -32.035205188829195 ], [ -52.089378144557692, -32.035167650307244 ] ], [ [ -52.089703416239843, -32.035107204852181 ], [ -52.090012076083653, -32.035049846386187 ] ], [ [ -52.090276146378429, -32.035000774026024 ], [ -52.090523219007231, -32.034954860353544 ] ], [ [ -52.090689612235735, -32.034923939388179 ], [ -52.09088829212083, -32.034887018571752 ] ] ] } },
{ "type": "Feature", "properties": { "tipo": "rua", "nome": "CONDE DE PORTO ALEGRE", "drenagem": 0.0, "iluminacao": 1.0, "compriment": 110.82371835078325 }, "geometry": { "type": "MultiLineString", "coordinates": [ [ [ -52.09088829212083, -32.034887018571752 ], [ -52.091213283967882, -32.03482790775066 ] ], [ [ -52.091249235366853, -32.034821368765975 ], [ -52.092035693923876, -32.034678324528159 ] ] ] } },
{ "type": "Feature", "properties": { "tipo": "rua", "nome": "BARÃO DO LADÁRIO", "drenagem": 0.0, "iluminacao": 1.0, "compriment": 116.93062658354347 }, "geometry": { "type": "LineString", "coordinates": [ [ -52.150974922999652, -32.053092654373167 ], [ -52.151570295094118, -32.0533245212794 ] ] } },
{ "type": "Feature", "properties": { "tipo": "rua", "nome": "CONDE DE PORTO ALEGRE", "drenagem": 0.0, "iluminacao": 1.0, "compriment": 103.35213171046045 }, "geometry": { "type": "MultiLineString", "coordinates": [ [ [ -52.092035693923876, -32.034678324528159 ], [ -52.092159642399388, -32.034655570257108 ] ], [ [ -52.092205408726414, -32.034647168544979 ], [ -52.092839185988808, -32.03453082068711 ] ], [ [ -52.092937224249276, -32.034512822973603 ], [ -52.093105300761401, -32.034481967745265 ] ] ] } },
{ "type": "Feature", "properties": { "tipo": "rua", "nome": "CONDE DE PORTO ALEGRE", "drenagem": 0.0, "iluminacao": 1.0, "compriment": 57.845932407783771 }, "geometry": { "type": "MultiLineString", "coordinates": [ [ [ -52.093105300761401, -32.034481967745265 ], [ -52.093234074431756, -32.034456218739528 ] ], [ [ -52.093508564500766, -32.034401332936071 ], [ -52.093701495290809, -32.034362755360348 ] ] ] } },
{ "type": "Feature", "properties": { "tipo": "rua", "nome": "CONDE DE PORTO ALEGRE", "drenagem": 0.0, "iluminacao": 1.0, "compriment": 127.39993005526037 }, "geometry": { "type": "LineString", "coordinates": [ [ -52.093701495290809, -32.034362755360348 ], [ -52.093838086996769, -32.034338103399747 ] ] } },
{ "type": "Feature", "properties": { "tipo": "rua", "nome": "CONDE DE PORTO ALEGRE", "drenagem": 0.0, "iluminacao": 1.0, "compriment": 50.851929400054424 }, "geometry": { "type": "LineString", "coordinates": [ [ -52.095411800045753, -32.034040446864324 ], [ -52.095542884218361, -32.034012216241855 ] ] } },
{ "type": "Feature", "properties": { "tipo": "rua", "nome": "ALBERTO TORRES", "drenagem": 1.0, "iluminacao": 1.0, "compriment": 116.32261990677189 }, "geometry": { "type": "LineString", "coordinates": [ [ -52.15301106635529, -32.050519985850187 ], [ -52.15413157236469, -32.050955544078001 ] ] } },
{ "type": "Feature", "properties": { "tipo": "rua", "nome": "CONDE DE PORTO ALEGRE", "drenagem": 0.0, "iluminacao": 1.0, "compriment": 127.98207675585867 }, "geometry": { "type": "MultiLineString", "coordinates": [ [ [ -52.095542884218361, -32.034012216241855 ], [ -52.095653389091545, -32.033991541678517 ] ], [ [ -52.096132445895023, -32.033901914045458 ], [ -52.096866246225055, -32.033764625969724 ] ] ] } },
{ "type": "Feature", "properties": { "tipo": "rua", "nome": "CONDE DE PORTO ALEGRE", "drenagem": 0.0, "iluminacao": 1.0, "compriment": 9.9196900636591501 }, "geometry": { "type": "LineString", "coordinates": [ [ -52.096866246225055, -32.033764625969724 ], [ -52.096969959029096, -32.033750574609272 ] ] } },
{ "type": "Feature", "properties": { "tipo": "rua", "nome": "FELIPE CAMARAO", "drenagem": 0.0, "iluminacao": 0.0, "compriment": 69.857946815160503 }, "geometry": { "type": "LineString", "coordinates": [ [ -52.159263211150687, -32.053692886959958 ], [ -52.159138338304345, -32.053953162601374 ] ] } },
{ "type": "Feature", "properties": { "tipo": "rua", "nome": "CONSELHEIRO PINTO LIMA", "drenagem": 0.0, "iluminacao": 1.0, "compriment": 105.98149218915501 }, "geometry": { "type": "MultiLineString", "coordinates": [ [ [ -52.099093277778977, -32.029974816926163 ], [ -52.099049545436309, -32.030722036439698 ] ], [ [ -52.099045382404988, -32.030793166821617 ], [ -52.099037409732347, -32.030929389493686 ] ] ] } },
{ "type": "Feature", "properties": { "tipo": "rua", "nome": "CONSELHEIRO PINTO LIMA", "drenagem": 0.0, "iluminacao": 1.0, "compriment": 66.150013360884785 }, "geometry": { "type": "MultiLineString", "coordinates": [ [ [ -52.099037409732347, -32.030929389493686 ], [ -52.099031074854693, -32.031120167885099 ] ], [ [ -52.099026724966215, -32.031251167214663 ], [ -52.099017608907566, -32.031525702430677 ] ] ] } },
{ "type": "Feature", "properties": { "tipo": "rua", "nome": "CONSELHEIRO PINTO LIMA", "drenagem": 0.0, "iluminacao": 1.0, "compriment": 51.397216831914243 }, "geometry": { "type": "LineString", "coordinates": [ [ -52.099017608907566, -32.031525702430677 ], [ -52.099012172323825, -32.031611095846344 ] ] } },
{ "type": "Feature", "properties": { "tipo": "rua", "nome": "GENERAL BACELAR", "drenagem": 0.0, "iluminacao": 1.0, "compriment": 63.849205054156535 }, "geometry": { "type": "MultiLineString", "coordinates": [ [ [ -52.089499346562256, -32.032307466593387 ], [ -52.089660205196047, -32.032294323438308 ] ], [ [ -52.089983753659283, -32.032267887508027 ], [ -52.090172197522051, -32.032252490467442 ] ] ] } },
{ "type": "Feature", "properties": { "tipo": "rua", "nome": "DUQUE DE CAXIAS", "drenagem": 1.0, "iluminacao": 1.0, "compriment": 76.323929461861127 }, "geometry": { "type": "LineString", "coordinates": [ [ -52.096566571511822, -32.032357200438895 ], [ -52.096698357612652, -32.033036285031052 ] ] } },
{ "type": "Feature", "properties": { "tipo": "rua", "nome": "DUQUE DE CAXIAS", "drenagem": 1.0, "iluminacao": 1.0, "compriment": 82.30607650709355 }, "geometry": { "type": "LineString", "coordinates": [ [ -52.096698357612652, -32.033036285031052 ], [ -52.096866246225055, -32.033764625969724 ] ] } },
{ "type": "Feature", "properties": { "tipo": "rua", "nome": "DUQUE DE CAXIAS", "drenagem": 1.0, "iluminacao": 1.0, "compriment": 76.963638461630438 }, "geometry": { "type": "LineString", "coordinates": [ [ -52.096866246225055, -32.033764625969724 ], [ -52.097029865334854, -32.034444557885742 ] ] } },
{ "type": "Feature", "properties": { "tipo": "rua", "nome": "FELIPE CAMARAO", "drenagem": 0.0, "iluminacao": 1.0, "compriment": 22.36406945138047 }, "geometry": { "type": "LineString", "coordinates": [ [ -52.158580580596983, -32.054822398567673 ], [ -52.158477785168955, -32.055004089267761 ] ] } },
{ "type": "Feature", "properties": { "tipo": "rua", "nome": "MARECHAL FLORIANO PEIXOTO", "drenagem": 0.0, "iluminacao": 1.0, "compriment": 125.09766394014471 }, "geometry": { "type": "MultiLineString", "coordinates": [ [ [ -52.088246604666431, -32.031663972539434 ], [ -52.088431878521753, -32.031677793681254 ] ], [ [ -52.088606356368651, -32.031690809457615 ], [ -52.089565892627036, -32.031762389372034 ] ] ] } },
{ "type": "Feature", "properties": { "tipo": "rua", "nome": "MARECHAL FLORIANO PEIXOTO", "drenagem": 1.0, "iluminacao": 1.0, "compriment": 41.04298624465045 }, "geometry": { "type": "LineString", "coordinates": [ [ -52.089565892627036, -32.031762389372034 ], [ -52.089991812108821, -32.03168920092493 ] ] } },
{ "type": "Feature", "properties": { "tipo": "rua", "nome": "DOUTOR MARIO WERNECK", "drenagem": 1.0, "iluminacao": 1.0, "compriment": 19.343623169995464 }, "geometry": { "type": "LineString", "coordinates": [ [ -52.090562826346577, -32.039090555941499 ], [ -52.090493992497592, -32.039254851051247 ] ] } },
{ "type": "Feature", "properties": { "tipo": "rua", "nome": "DOUTOR MARIO WERNECK", "drenagem": 1.0, "iluminacao": 1.0, "compriment": 60.179194391287041 }, "geometry": { "type": "LineString", "coordinates": [ [ -52.090493992497592, -32.039254851051247 ], [ -52.090307749050758, -32.039773852059639 ] ] } },
{ "type": "Feature", "properties": { "tipo": "rua", "nome": "DOUTOR MARIO WERNECK", "drenagem": 1.0, "iluminacao": 1.0, "compriment": 54.913825336133954 }, "geometry": { "type": "LineString", "coordinates": [ [ -52.090307749050758, -32.039773852059639 ], [ -52.090137799192576, -32.04024744290264 ] ] } },
{ "type": "Feature", "properties": { "tipo": "rua", "nome": "DOUTOR MARIO WERNECK", "drenagem": 1.0, "iluminacao": 1.0, "compriment": 110.96184901581216 }, "geometry": { "type": "LineString", "coordinates": [ [ -52.090137799192576, -32.04024744290264 ], [ -52.089806193604424, -32.041207422544339 ] ] } },
{ "type": "Feature", "properties": { "tipo": "rua", "nome": "DOM MANOEL I", "drenagem": 1.0, "iluminacao": 1.0, "compriment": 63.604119484795632 }, "geometry": { "type": "MultiLineString", "coordinates": [ [ [ -52.097439284302695, -32.042227807784826 ], [ -52.097666089863232, -32.042182546451762 ] ], [ [ -52.097787759020676, -32.042158266146444 ], [ -52.098094946023203, -32.04209696388736 ] ] ] } },
{ "type": "Feature", "properties": { "tipo": "rua", "nome": "DOUTOR MARIO WERNECK", "drenagem": 0.0, "iluminacao": 1.0, "compriment": 30.548305270714646 }, "geometry": { "type": "LineString", "coordinates": [ [ -52.089325542695718, -32.042549385850108 ], [ -52.089254815320686, -32.042818207417199 ] ] } },
{ "type": "Feature", "properties": { "tipo": "rua", "nome": "REVOCATA DE MELLO", "drenagem": 1.0, "iluminacao": 1.0, "compriment": 40.964930915987658 }, "geometry": { "type": "LineString", "coordinates": [ [ -52.092003445125044, -32.039729772643852 ], [ -52.091877043305203, -32.040083162977695 ] ] } },
{ "type": "Feature", "properties": { "tipo": "rua", "nome": "ENGENHEIRO ALFREDO HUCH", "drenagem": 1.0, "iluminacao": 1.0, "compriment": 17.5258040840469 }, "geometry": { "type": "LineString", "coordinates": [ [ -52.088796098768924, -32.038565130498128 ], [ -52.088751145673072, -32.038718472332356 ] ] } },
{ "type": "Feature", "properties": { "tipo": "rua", "nome": "ENGENHEIRO ALFREDO HUCH", "drenagem": 1.0, "iluminacao": 1.0, "compriment": 54.854985455384131 }, "geometry": { "type": "LineString", "coordinates": [ [ -52.08871317614193, -32.039310211911811 ], [ -52.088703111167405, -32.039386919816216 ] ] } },
{ "type": "Feature", "properties": { "tipo": "rua", "nome": "DOM MANOEL I", "drenagem": 1.0, "iluminacao": 1.0, "compriment": 68.40662430534222 }, "geometry": { "type": "LineString", "coordinates": [ [ -52.098759113794152, -32.04196769047973 ], [ -52.098923081260537, -32.041936812054942 ] ] } },
{ "type": "Feature", "properties": { "tipo": "rua", "nome": "AMERICO VESPUCIO", "drenagem": 1.0, "iluminacao": 1.0, "compriment": 128.08133793914189 }, "geometry": { "type": "MultiLineString", "coordinates": [ [ [ -52.097885733477916, -32.044145884194272 ], [ -52.098516053929856, -32.044028565236637 ] ], [ [ -52.098545912003686, -32.04402300787595 ], [ -52.099210575025424, -32.043899296876809 ] ] ] } },
{ "type": "Feature", "properties": { "tipo": "rua", "nome": "AMERICO VESPUCIO", "drenagem": 1.0, "iluminacao": 1.0, "compriment": 110.50606606887115 }, "geometry": { "type": "LineString", "coordinates": [ [ -52.099210575025424, -32.043899296876809 ], [ -52.100355292854793, -32.043693176523306 ] ] } },
{ "type": "Feature", "properties": { "tipo": "avenida", "nome": "ALMIRANTE TAMANDARE", "drenagem": 0.0, "iluminacao": 1.0, "compriment": 62.520957309891962 }, "geometry": { "type": "LineString", "coordinates": [ [ -52.096357482603104, -32.04642989224115 ], [ -52.096353577692085, -32.046993705095105 ] ] } },
{ "type": "Feature", "properties": { "tipo": "rua", "nome": "ENGENHEIRO ALFREDO HUCH", "drenagem": 1.0, "iluminacao": 1.0, "compriment": 211.29642648250407 }, "geometry": { "type": "LineString", "coordinates": [ [ -52.088546434913411, -32.04081873181876 ], [ -52.088471186713861, -32.041621828717815 ] ] } },
{ "type": "Feature", "properties": { "tipo": "rua", "nome": "ANDRADE NEVES", "drenagem": 1.0, "iluminacao": 1.0, "compriment": 59.217113555563166 }, "geometry": { "type": "LineString", "coordinates": [ [ -52.092744081724788, -32.037800800092917 ], [ -52.092620789794879, -32.037277199567356 ] ] } },
{ "type": "Feature", "properties": { "tipo": "rua", "nome": "FELIPE CAMARAO", "drenagem": 0.0, "iluminacao": 1.0, "compriment": 92.515446952237696 }, "geometry": { "type": "LineString", "coordinates": [ [ -52.158477785168955, -32.055004089267761 ], [ -52.1580878958992, -32.055769484259315 ] ] } },
{ "type": "Feature", "properties": { "tipo": "rua", "nome": "TIRADENTES", "drenagem": 1.0, "iluminacao": 1.0, "compriment": 119.24976596528766 }, "geometry": { "type": "LineString", "coordinates": [ [ -52.104417808361184, -32.038659581228721 ], [ -52.105460904240175, -32.03911449135439 ], [ -52.105551070466312, -32.039106435321621 ] ] } },
{ "type": "Feature", "properties": { "tipo": "rua", "nome": "ANDRADE NEVES", "drenagem": 1.0, "iluminacao": 1.0, "compriment": 82.342119293808395 }, "geometry": { "type": "LineString", "coordinates": [ [ -52.092035693923876, -32.034678324528159 ], [ -52.091861005154321, -32.033950813016091 ] ] } },
{ "type": "Feature", "properties": { "tipo": "rua", "nome": "TRINDADE", "drenagem": 1.0, "iluminacao": 1.0, "compriment": 111.70776782032453 }, "geometry": { "type": "LineString", "coordinates": [ [ -52.090167164460006, -32.036769387325435 ], [ -52.090426036695447, -32.037752355035551 ] ] } },
{ "type": "Feature", "properties": { "tipo": "rua", "nome": "TIRADENTES", "drenagem": 1.0, "iluminacao": 1.0, "compriment": 120.17845947729148 }, "geometry": { "type": "LineString", "coordinates": [ [ -52.107835676897167, -32.040067710281114 ], [ -52.108962125304878, -32.040571675243399 ] ] } },
{ "type": "Feature", "properties": { "tipo": "rua", "nome": "TIRADENTES", "drenagem": 1.0, "iluminacao": 1.0, "compriment": 119.3932581265703 }, "geometry": { "type": "LineString", "coordinates": [ [ -52.111240020512014, -32.041533611878421 ], [ -52.111280498676699, -32.041550915251747 ] ] } },
{ "type": "Feature", "properties": { "tipo": "rua", "nome": "DOUTOR LAZARO LUDOVICO ZAMENHOF", "drenagem": 1.0, "iluminacao": 1.0, "compriment": 45.931600554606639 }, "geometry": { "type": "LineString", "coordinates": [ [ -52.093297700723035, -32.042085845825333 ], [ -52.093308377708837, -32.042499963812908 ] ] } },
{ "type": "Feature", "properties": { "tipo": "rua", "nome": "DOUTOR LAZARO LUDOVICO ZAMENHOF", "drenagem": 1.0, "iluminacao": 1.0, "compriment": 42.65563722122593 }, "geometry": { "type": "LineString", "coordinates": [ [ -52.093308377708837, -32.042499963812908 ], [ -52.093322632906585, -32.042884446835075 ] ] } },
{ "type": "Feature", "properties": { "tipo": "rua", "nome": "BARAO DE COTEGIPE", "drenagem": 1.0, "iluminacao": 1.0, "compriment": 114.93917518784821 }, "geometry": { "type": "LineString", "coordinates": [ [ -52.090701392245791, -32.038745042837569 ], [ -52.09187962403449, -32.038485864805232 ] ] } },
{ "type": "Feature", "properties": { "tipo": "rua", "nome": "CORONEL SAMPAIO", "drenagem": 0.0, "iluminacao": 1.0, "compriment": 122.79542586196195 }, "geometry": { "type": "LineString", "coordinates": [ [ -52.088980787488389, -32.036980241346356 ], [ -52.08885221483844, -32.03808220019328 ] ] } },
{ "type": "Feature", "properties": { "tipo": "travessa", "nome": "AFONSO", "drenagem": 1.0, "iluminacao": 1.0, "compriment": 107.34578849725463 }, "geometry": { "type": "LineString", "coordinates": [ [ -52.091784299723535, -32.030271892237295 ], [ -52.092021366662536, -32.031218654865107 ] ] } },
{ "type": "Feature", "properties": { "tipo": "rua", "nome": "DOUTOR ESPERIDIAO DE FREITAS", "drenagem": 1.0, "iluminacao": 0.0, "compriment": 89.155564111251039 }, "geometry": { "type": "MultiLineString", "coordinates": [ [ [ -52.109497931772118, -32.032371754061884 ], [ -52.109403780094524, -32.032331881925472 ] ], [ [ -52.10921708346698, -32.032252818083059 ], [ -52.109091646083634, -32.032199696815461 ] ], [ [ -52.108909849330949, -32.032122708012849 ], [ -52.108763250284639, -32.032060625028016 ] ] ] } },
{ "type": "Feature", "properties": { "tipo": "rua", "nome": "GENERAL ERNESTO DORNELLES", "drenagem": 1.0, "iluminacao": 1.0, "compriment": 131.79541963476652 }, "geometry": { "type": "MultiLineString", "coordinates": [ [ [ -52.094300772196988, -32.040945102128788 ], [ -52.094486325347226, -32.041005472777464 ] ], [ [ -52.094615769536794, -32.041047588094187 ], [ -52.094911278127611, -32.041143733297297 ] ] ] } },
{ "type": "Feature", "properties": { "tipo": "rua", "nome": "PADRE FEIJO", "drenagem": 1.0, "iluminacao": 1.0, "compriment": 101.71799894871022 }, "geometry": { "type": "LineString", "coordinates": [ [ -52.112475430461402, -32.03698318897284 ], [ -52.111983189330232, -32.037799060659857 ] ] } },
{ "type": "Feature", "properties": { "tipo": "rua", "nome": "CAPITAO ANDRINO", "drenagem": 1.0, "iluminacao": 1.0, "compriment": 71.129980770295333 }, "geometry": { "type": "MultiLineString", "coordinates": [ [ [ -52.103448939329326, -32.038378474631081 ], [ -52.103644952867434, -32.038460561502283 ] ], [ [ -52.103728021614081, -32.038495349168336 ], [ -52.104124747106326, -32.038661490521115 ] ] ] } },
{ "type": "Feature", "properties": { "tipo": "rua", "nome": "JOAO MANOEL", "drenagem": 1.0, "iluminacao": 1.0, "compriment": 120.70131971803379 }, "geometry": { "type": "LineString", "coordinates": [ [ -52.105870767989913, -32.036180602156037 ], [ -52.107020664771532, -32.036655382270823 ] ] } },
{ "type": "Feature", "properties": { "tipo": "rua", "nome": "JOAO MANOEL", "drenagem": 1.0, "iluminacao": 1.0, "compriment": 118.48221490704489 }, "geometry": { "type": "LineString", "coordinates": [ [ -52.107020664771532, -32.036655382270823 ], [ -52.108148719391586, -32.037122673846177 ] ] } },
{ "type": "Feature", "properties": { "tipo": "rua", "nome": "JOAO MANOEL", "drenagem": 1.0, "iluminacao": 1.0, "compriment": 120.00370689996227 }, "geometry": { "type": "LineString", "coordinates": [ [ -52.108148719391586, -32.037122673846177 ], [ -52.109285210464066, -32.037606428814385 ] ] } },
{ "type": "Feature", "properties": { "tipo": "rua", "nome": "JOAO MANOEL", "drenagem": 1.0, "iluminacao": 1.0, "compriment": 120.98615343595017 }, "geometry": { "type": "LineString", "coordinates": [ [ -52.109285210464066, -32.037606428814385 ], [ -52.110424999446103, -32.038104261093302 ] ] } },
{ "type": "Feature", "properties": { "tipo": "rua", "nome": "JOAO MANOEL", "drenagem": 1.0, "iluminacao": 1.0, "compriment": 120.67147787651615 }, "geometry": { "type": "LineString", "coordinates": [ [ -52.105832899370156, -32.036234997466472 ], [ -52.106971900892191, -32.036727873269101 ] ] } },
{ "type": "Feature", "properties": { "tipo": "avenida", "nome": "DOM PEDRO II", "drenagem": 1.0, "iluminacao": 1.0, "compriment": 133.61311156382641 }, "geometry": { "type": "LineString", "coordinates": [ [ -52.086364207971243, -32.034909398344929 ], [ -52.087747196458793, -32.034656353602081 ] ] } },
{ "type": "Feature", "properties": { "tipo": "travessa", "nome": "DONA ALVINA LIMA CAVALHEIRO", "drenagem": 1.0, "iluminacao": 1.0, "compriment": 120.96020236454906 }, "geometry": { "type": "LineString", "coordinates": [ [ -52.110833773388691, -32.030133845895229 ], [ -52.109699909330679, -32.029626953818514 ] ] } },
{ "type": "Feature", "properties": { "tipo": "avenida", "nome": "PRESIDENTE VARGAS", "drenagem": 1.0, "iluminacao": 1.0, "compriment": 59.331510496863835 }, "geometry": { "type": "LineString", "coordinates": [ [ -52.109394481449989, -32.046908255596747 ], [ -52.109922386808606, -32.047198299662817 ] ] } },
{ "type": "Feature", "properties": { "tipo": "rua", "nome": "DOUTOR MARCIANO ESPINDOLA", "drenagem": 1.0, "iluminacao": 1.0, "compriment": 69.951516490808558 }, "geometry": { "type": "LineString", "coordinates": [ [ -52.084715243685665, -32.03898010548032 ], [ -52.085438544516066, -32.038844576868122 ] ] } },
{ "type": "Feature", "properties": { "tipo": "rua", "nome": "1 VELHA", "drenagem": 1.0, "iluminacao": 1.0, "compriment": 76.212106540408627 }, "geometry": { "type": "MultiLineString", "coordinates": [ [ [ -52.086861808911429, -32.035723845404135 ], [ -52.086858238033194, -32.035757143961732 ] ], [ [ -52.086834227191517, -32.035981045854328 ], [ -52.086811680249411, -32.036191296834943 ] ], [ [ -52.086801471395638, -32.036286494733915 ], [ -52.086788410479649, -32.036408288207404 ] ] ] } },
{ "type": "Feature", "properties": { "tipo": "avenida", "nome": "PRESIDENTE VARGAS", "drenagem": 1.0, "iluminacao": 1.0, "compriment": 55.722415905349798 }, "geometry": { "type": "LineString", "coordinates": [ [ -52.120297383395979, -32.051605998202859 ], [ -52.12083154200468, -32.051819442575116 ] ] } },
{ "type": "Feature", "properties": { "tipo": "avenida", "nome": "PRESIDENTE VARGAS", "drenagem": 1.0, "iluminacao": 1.0, "compriment": 77.28600386454309 }, "geometry": { "type": "LineString", "coordinates": [ [ -52.12083154200468, -32.051819442575116 ], [ -52.121569329643393, -32.052121019048137 ] ] } },
{ "type": "Feature", "properties": { "tipo": "avenida", "nome": "PRESIDENTE VARGAS", "drenagem": 1.0, "iluminacao": 1.0, "compriment": 46.95037296137339 }, "geometry": { "type": "LineString", "coordinates": [ [ -52.121569329643393, -32.052121019048137 ], [ -52.122017981039122, -32.052303418071027 ] ] } },
{ "type": "Feature", "properties": { "tipo": "rua", "nome": "VISCONDE DE MAUA", "drenagem": 1.0, "iluminacao": 1.0, "compriment": 117.61736457041935 }, "geometry": { "type": "LineString", "coordinates": [ [ -52.127546670317649, -32.042424158233104 ], [ -52.128655751317083, -32.042906512226089 ] ] } },
{ "type": "Feature", "properties": { "tipo": "rua", "nome": "VISCONDE DE MAUA", "drenagem": 1.0, "iluminacao": 1.0, "compriment": 122.52712729317975 }, "geometry": { "type": "LineString", "coordinates": [ [ -52.128655751317083, -32.042906512226089 ], [ -52.12982412900935, -32.043386709941423 ] ] } },
{ "type": "Feature", "properties": { "tipo": "rua", "nome": "VISCONDE DE MAUA", "drenagem": 1.0, "iluminacao": 1.0, "compriment": 121.4592460962495 }, "geometry": { "type": "LineString", "coordinates": [ [ -52.12982412900935, -32.043386709941423 ], [ -52.130975576399507, -32.043874463932674 ] ] } },
{ "type": "Feature", "properties": { "tipo": "avenida", "nome": "PRESIDENTE VARGAS", "drenagem": 1.0, "iluminacao": 1.0, "compriment": 176.51669208754282 }, "geometry": { "type": "LineString", "coordinates": [ [ -52.113867252145518, -32.048919847696531 ], [ -52.113280923411594, -32.048695112803323 ], [ -52.112785650610306, -32.048486754991359 ], [ -52.112205843382931, -32.048194631369071 ] ] } },
{ "type": "Feature", "properties": { "tipo": "avenida", "nome": "PRESIDENTE VARGAS", "drenagem": 1.0, "iluminacao": 1.0, "compriment": 82.25998714832464 }, "geometry": { "type": "LineString", "coordinates": [ [ -52.112205843382931, -32.048194631369071 ], [ -52.111457882972253, -32.047814513291371 ] ] } },
{ "type": "Feature", "properties": { "tipo": "avenida", "nome": "PRESIDENTE VARGAS", "drenagem": 1.0, "iluminacao": 1.0, "compriment": 104.68938079388832 }, "geometry": { "type": "LineString", "coordinates": [ [ -52.11125122314931, -32.047708827047941 ], [ -52.110302110038141, -32.047221112090881 ] ] } },
{ "type": "Feature", "properties": { "tipo": "rua", "nome": "LUIZ LOREA", "drenagem": 1.0, "iluminacao": 1.0, "compriment": 7.3835718017371041 }, "geometry": { "type": "LineString", "coordinates": [ [ -52.096566571511822, -32.032357200438895 ], [ -52.096643304876096, -32.032344509804176 ] ] } },
{ "type": "Feature", "properties": { "tipo": "rua", "nome": "LUIZ LOREA", "drenagem": 1.0, "iluminacao": 1.0, "compriment": 62.467636894732529 }, "geometry": { "type": "LineString", "coordinates": [ [ -52.09933269904289, -32.031925136013065 ], [ -52.099634547879695, -32.031869599113179 ] ] } },
{ "type": "Feature", "properties": { "tipo": "rua", "nome": "LUIZ LOREA", "drenagem": 1.0, "iluminacao": 1.0, "compriment": 35.639546738028685 }, "geometry": { "type": "LineString", "coordinates": [ [ -52.099634547879695, -32.031869599113179 ], [ -52.099984903863493, -32.031813512953171 ] ] } },
{ "type": "Feature", "properties": { "tipo": "rua", "nome": "VEIGA CABRAL", "drenagem": 1.0, "iluminacao": 1.0, "compriment": 92.123156699640532 }, "geometry": { "type": "LineString", "coordinates": [ [ -52.116537386567359, -32.049044182986101 ], [ -52.1161286223413, -32.049798497779143 ] ] } },
{ "type": "Feature", "properties": { "tipo": "travessa", "nome": "SERGIPE", "drenagem": 0.0, "iluminacao": 1.0, "compriment": 87.421194612966417 }, "geometry": { "type": "MultiLineString", "coordinates": [ [ [ -52.116318278011178, -32.048033192078023 ], [ -52.116270422308375, -32.048120106639686 ] ], [ [ -52.116049781992729, -32.048520829128258 ], [ -52.115925262719763, -32.048746978518921 ] ] ] } },
{ "type": "Feature", "properties": { "tipo": "avenida", "nome": "COMENDADOR VASCO VIEIRA DA FONSECA", "drenagem": 1.0, "iluminacao": 1.0, "compriment": 147.43728479324247 }, "geometry": { "type": "LineString", "coordinates": [ [ -52.105992598313712, -32.028985791299206 ], [ -52.107539642862285, -32.029161855689679 ] ] } },
{ "type": "Feature", "properties": { "tipo": "avenida", "nome": "COMENDADOR VASCO VIEIRA DA FONSECA", "drenagem": 0.0, "iluminacao": 1.0, "compriment": 190.03033539002743 }, "geometry": { "type": "LineString", "coordinates": [ [ -52.107539642862285, -32.029161855689679 ], [ -52.10952913257001, -32.029415742997664 ] ] } },
{ "type": "Feature", "properties": { "tipo": "rua", "nome": "GENERAL NETTO", "drenagem": 1.0, "iluminacao": 1.0, "compriment": 97.658069951769761 }, "geometry": { "type": "LineString", "coordinates": [ [ -52.097604070577532, -32.03006762898093 ], [ -52.09766688053918, -32.03094669838945 ] ] } },
{ "type": "Feature", "properties": { "tipo": "rua", "nome": "GENERAL NETTO", "drenagem": 1.0, "iluminacao": 1.0, "compriment": 62.885178338493837 }, "geometry": { "type": "LineString", "coordinates": [ [ -52.09766688053918, -32.03094669838945 ], [ -52.097800133504101, -32.031502330354598 ] ] } },
{ "type": "Feature", "properties": { "tipo": "rua", "nome": "GENERAL NETTO", "drenagem": 1.0, "iluminacao": 1.0, "compriment": 72.268296378639747 }, "geometry": { "type": "LineString", "coordinates": [ [ -52.097800133504101, -32.031502330354598 ], [ -52.097826610141489, -32.031610268434399 ] ] } },
{ "type": "Feature", "properties": { "tipo": "rua", "nome": "ALLAN KARDEC", "drenagem": 1.0, "iluminacao": 1.0, "compriment": 90.902134883079029 }, "geometry": { "type": "LineString", "coordinates": [ [ -52.099928047091701, -32.044411064141038 ], [ -52.099501640923478, -32.045145989804539 ] ] } },
{ "type": "Feature", "properties": { "tipo": "rua", "nome": "TOBIAS BARRETO", "drenagem": 0.0, "iluminacao": 1.0, "compriment": 99.615012687997606 }, "geometry": { "type": "LineString", "coordinates": [ [ -52.128193648787331, -32.043699667330472 ], [ -52.12769607068396, -32.0444917560786 ] ] } },
{ "type": "Feature", "properties": { "tipo": "rua", "nome": "1 NOVA", "drenagem": 0.0, "iluminacao": 1.0, "compriment": 390.42193694536661 }, "geometry": { "type": "MultiLineString", "coordinates": [ [ [ -52.086517315064633, -32.042045622937302 ], [ -52.08655932225151, -32.041681454442369 ] ], [ [ -52.086589675470613, -32.041418316466746 ], [ -52.086592098827062, -32.041397307917087 ] ], [ [ -52.086606771252256, -32.041270109801786 ], [ -52.086820915487309, -32.039413651667431 ] ], [ [ -52.086827678711153, -32.039355019961 ], [ -52.086857626968907, -32.039095392674277 ] ], [ [ -52.086867473624785, -32.039010030094211 ], [ -52.086921482305542, -32.038541818308403 ] ] ] } },
{ "type": "Feature", "properties": { "tipo": "rua", "nome": "MONTEIRO LOBATO", "drenagem": 1.0, "iluminacao": 1.0, "compriment": 11.613269085078093 }, "geometry": { "type": "LineString", "coordinates": [ [ -52.083964582086182, -32.036596488772233 ], [ -52.08408470680483, -32.036574168099982 ] ] } },
{ "type": "Feature", "properties": { "tipo": "rua", "nome": "MEXICO", "drenagem": 0.0, "iluminacao": 1.0, "compriment": 147.96197552127919 }, "geometry": { "type": "LineString", "coordinates": [ [ -52.137868541028297, -32.055144538459487 ], [ -52.137772345534188, -32.055412653725369 ] ] } },
{ "type": "Feature", "properties": { "tipo": "travessa", "nome": "TRINTA E QUATRO", "drenagem": 1.0, "iluminacao": 1.0, "compriment": 165.27752382823797 }, "geometry": { "type": "LineString", "coordinates": [ [ -52.0869511524308, -32.043500337262472 ], [ -52.087099520419038, -32.04496014264604 ] ] } },
{ "type": "Feature", "properties": { "tipo": "largo", "nome": "SILVEIRA MARTINS", "drenagem": 1.0, "iluminacao": 1.0, "compriment": 63.582777658174152 }, "geometry": { "type": "LineString", "coordinates": [ [ -52.09564550185361, -32.030195580355965 ], [ -52.095601224877804, -32.029623422447514 ] ] } },
{ "type": "Feature", "properties": { "tipo": "rua", "nome": "DA LAGOA", "drenagem": 0.0, "iluminacao": 1.0, "compriment": 117.30293131546809 }, "geometry": { "type": "LineString", "coordinates": [ [ -52.137726731517859, -32.049255109940219 ], [ -52.136608498618621, -32.048794681326591 ] ] } },
{ "type": "Feature", "properties": { "tipo": "travessa", "nome": "SAUL PORTO", "drenagem": 1.0, "iluminacao": 1.0, "compriment": 191.63651403131277 }, "geometry": { "type": "LineString", "coordinates": [ [ -52.081853685160596, -32.04304794478071 ], [ -52.081888420081334, -32.043184116780061 ] ] } },
{ "type": "Feature", "properties": { "tipo": "rua", "nome": "EDGAR FONTOURA", "drenagem": 1.0, "iluminacao": 1.0, "compriment": 55.100363180421652 }, "geometry": { "type": "LineString", "coordinates": [ [ -52.085161365834807, -32.037716406701755 ], [ -52.085731183278625, -32.037609984170743 ] ] } },
{ "type": "Feature", "properties": { "tipo": "rua", "nome": "MARCIANO ESPINDOLA", "drenagem": 1.0, "iluminacao": 1.0, "compriment": 53.878063430199298 }, "geometry": { "type": "LineString", "coordinates": [ [ -52.085438544516066, -32.038844576868122 ], [ -52.085993457692901, -32.038732055464124 ] ] } },
{ "type": "Feature", "properties": { "tipo": "rua", "nome": "VALPORTO", "drenagem": 1.0, "iluminacao": 1.0, "compriment": 36.735698289294625 }, "geometry": { "type": "LineString", "coordinates": [ [ -52.092917484593741, -32.0421556326041 ], [ -52.093297700723035, -32.042085845825333 ] ] } },
{ "type": "Feature", "properties": { "tipo": "rua", "nome": "OITO DE JULHO", "drenagem": 1.0, "iluminacao": 1.0, "compriment": 39.772125833815821 }, "geometry": { "type": "LineString", "coordinates": [ [ -52.085604680816047, -32.042483267768858 ], [ -52.086008347474255, -32.042381152105875 ] ] } },
{ "type": "Feature", "properties": { "tipo": "rua", "nome": "MONTEIRO LOBATO", "drenagem": 1.0, "iluminacao": 1.0, "compriment": 35.953192002673291 }, "geometry": { "type": "MultiLineString", "coordinates": [ [ [ -52.086788410479649, -32.036408288207404 ], [ -52.086881689322951, -32.036407139228729 ] ], [ [ -52.087062359806168, -32.036404913788047 ], [ -52.087169005837602, -32.036403600156667 ] ] ] } },
{ "type": "Feature", "properties": { "tipo": "rua", "nome": "AMERICA", "drenagem": 1.0, "iluminacao": 1.0, "compriment": 89.431884277676673 }, "geometry": { "type": "LineString", "coordinates": [ [ -52.113197327752431, -32.04684257775272 ], [ -52.112686994328897, -32.047521936662186 ] ] } },
{ "type": "Feature", "properties": { "tipo": "rua", "nome": "MEXICO", "drenagem": 0.0, "iluminacao": 1.0, "compriment": 117.73478547559125 }, "geometry": { "type": "LineString", "coordinates": [ [ -52.13892413131498, -32.052295076674191 ], [ -52.138821480641312, -32.052570756607906 ] ] } },
{ "type": "Feature", "properties": { "tipo": "avenida", "nome": "CIDADE DE PELOTAS", "drenagem": 1.0, "iluminacao": 1.0, "compriment": 122.06975284569164 }, "geometry": { "type": "LineString", "coordinates": [ [ -52.108590677087157, -32.036357505781453 ], [ -52.10974053335498, -32.036860005416976 ] ] } },
{ "type": "Feature", "properties": { "tipo": "avenida", "nome": "CIDADE DE PELOTAS", "drenagem": 1.0, "iluminacao": 1.0, "compriment": 59.111995708768006 }, "geometry": { "type": "LineString", "coordinates": [ [ -52.12769607068396, -32.0444917560786 ], [ -52.128257290704362, -32.044727717685376 ] ] } },
{ "type": "Feature", "properties": { "tipo": "avenida", "nome": "CIDADE DE PELOTAS", "drenagem": 1.0, "iluminacao": 1.0, "compriment": 60.81016822631792 }, "geometry": { "type": "LineString", "coordinates": [ [ -52.129380612618903, -32.045206560045479 ], [ -52.129960141627784, -32.045445498993622 ] ] } },
{ "type": "Feature", "properties": { "tipo": "avenida", "nome": "CIDADE DE PELOTAS", "drenagem": 1.0, "iluminacao": 1.0, "compriment": 12.54719652719962 }, "geometry": { "type": "LineString", "coordinates": [ [ -52.131002343308438, -32.045886388093926 ], [ -52.131122692331942, -32.045934307531851 ] ] } },
{ "type": "Feature", "properties": { "tipo": "rua", "nome": "GENERAL ABREU", "drenagem": 0.0, "iluminacao": 1.0, "compriment": 289.33474362806368 }, "geometry": { "type": "MultiLineString", "coordinates": [ [ [ -52.125867157835152, -32.048768376792758 ], [ -52.126503612408477, -32.049027705579832 ] ], [ [ -52.126784567254845, -32.049142183003021 ], [ -52.126961101669735, -32.049214113440179 ] ], [ [ -52.127317679040999, -32.049359403899338 ], [ -52.127587193034657, -32.04946921965054 ] ], [ [ -52.127750236492624, -32.049535653083446 ], [ -52.128630783509934, -32.049894439396773 ] ] ] } },
{ "type": "Feature", "properties": { "tipo": "rua", "nome": "FORTE SANTANA", "drenagem": 0.0, "iluminacao": 1.0, "compriment": 65.448069562635737 }, "geometry": { "type": "LineString", "coordinates": [ [ -52.125068009377252, -32.052756108338478 ], [ -52.12474980128799, -32.053258495507485 ] ] } },
{ "type": "Feature", "properties": { "tipo": "rua", "nome": "ROSA CRUZ", "drenagem": 0.0, "iluminacao": 1.0, "compriment": 158.87250792530659 }, "geometry": { "type": "LineString", "coordinates": [ [ -52.127559008537759, -32.048669557995886 ], [ -52.126089294114479, -32.047972552776386 ] ] } },
{ "type": "Feature", "properties": { "tipo": "rua", "nome": "SOLDADO BOMBEIRO ANTONIO SILVEIRA DE AZEVEDO", "drenagem": 1.0, "iluminacao": 1.0, "compriment": 7.7694321328718976 }, "geometry": { "type": "LineString", "coordinates": [ [ -52.082926281483594, -32.041164274137756 ], [ -52.082943221595087, -32.041232838180939 ] ] } },
{ "type": "Feature", "properties": { "tipo": "rua", "nome": "PROFESSOR ANTENOR MONTEIRO", "drenagem": 1.0, "iluminacao": 1.0, "compriment": 145.34794965829192 }, "geometry": { "type": "LineString", "coordinates": [ [ -52.08408470680483, -32.036574168099982 ], [ -52.084416964428428, -32.037854018655977 ] ] } },
{ "type": "Feature", "properties": { "tipo": "rua", "nome": "ACACIA RIOGRANDENSE", "drenagem": 1.0, "iluminacao": 1.0, "compriment": 71.912638101825607 }, "geometry": { "type": "LineString", "coordinates": [ [ -52.097579575229013, -32.042859932517821 ], [ -52.097735053323959, -32.043494785904741 ] ] } },
{ "type": "Feature", "properties": { "tipo": "rua", "nome": "ACACIA RIOGRANDENSE", "drenagem": 1.0, "iluminacao": 1.0, "compriment": 73.587964609750074 }, "geometry": { "type": "LineString", "coordinates": [ [ -52.097735053323959, -32.043494785904741 ], [ -52.097885733477916, -32.044145884194272 ] ] } },
{ "type": "Feature", "properties": { "tipo": "avenida", "nome": "SENADOR SALGADO FILHO", "drenagem": 1.0, "iluminacao": 1.0, "compriment": 175.03276022152187 }, "geometry": { "type": "LineString", "coordinates": [ [ -52.090493992497592, -32.039254851051247 ], [ -52.088751145673072, -32.038718472332356 ] ] } },
{ "type": "Feature", "properties": { "tipo": "avenida", "nome": "CIDADE DE PELOTAS", "drenagem": 1.0, "iluminacao": 1.0, "compriment": 124.04441671248676 }, "geometry": { "type": "LineString", "coordinates": [ [ -52.136285820049061, -32.048130285417145 ], [ -52.136850863369965, -32.048372849311363 ] ] } },
{ "type": "Feature", "properties": { "tipo": "rua", "nome": "BERNARDO TAVEIRA", "drenagem": 0.0, "iluminacao": 1.0, "compriment": 139.53395906626537 }, "geometry": { "type": "LineString", "coordinates": [ [ -52.169133444710575, -32.060416594119729 ], [ -52.170456577382403, -32.060976777583278 ] ] } },
{ "type": "Feature", "properties": { "tipo": "rua", "nome": "1 NOVA", "drenagem": 1.0, "iluminacao": 1.0, "compriment": 106.20024490686856 }, "geometry": { "type": "MultiLineString", "coordinates": [ [ [ -52.087058184566025, -32.037356666602335 ], [ -52.087069865262563, -32.03725621223996 ] ], [ [ -52.087153320063834, -32.036538498290035 ], [ -52.087169005834696, -32.036403600160888 ] ] ] } },
{ "type": "Feature", "properties": { "tipo": "rua", "nome": "MARCIANO ESPINDOLA", "drenagem": 1.0, "iluminacao": 1.0, "compriment": 38.128146387986277 }, "geometry": { "type": "MultiLineString", "coordinates": [ [ [ -52.086921482305542, -32.038541818308403 ], [ -52.0870330655207, -32.038514482515183 ] ], [ [ -52.087199960799268, -32.038473596304669 ], [ -52.087309426775313, -32.03844677919529 ] ] ] } },
{ "type": "Feature", "properties": { "tipo": "rua", "nome": "MARCIANO ESPINDOLA", "drenagem": 1.0, "iluminacao": 1.0, "compriment": 30.712485848416044 }, "geometry": { "type": "LineString", "coordinates": [ [ -52.086603449653175, -32.038599489506048 ], [ -52.086921482305542, -32.038541818308403 ] ] } },
{ "type": "Feature", "properties": { "tipo": "rua", "nome": "MARECHAL JOAO MASCARENHAS DE MORAES", "drenagem": 1.0, "iluminacao": 1.0, "compriment": 69.79884536653401 }, "geometry": { "type": "LineString", "coordinates": [ [ -52.085877031154354, -32.040589534097151 ], [ -52.08515870119426, -32.040737339656864 ] ] } },
{ "type": "Feature", "properties": { "tipo": "rua", "nome": "1 VELHA", "drenagem": 1.0, "iluminacao": 1.0, "compriment": 95.962943236237095 }, "geometry": { "type": "MultiLineString", "coordinates": [ [ [ -52.086353824767805, -32.041574503943693 ], [ -52.086337963422984, -32.041660815187051 ] ], [ [ -52.086283015443989, -32.04186505480935 ], [ -52.086210132756896, -32.042040708377655 ], [ -52.086008347474255, -32.042381152105875 ] ] ] } },
{ "type": "Feature", "properties": { "tipo": "avenida", "nome": "HONORIO BICALHO", "drenagem": 1.0, "iluminacao": 1.0, "compriment": 275.68488499403804 }, "geometry": { "type": "LineString", "coordinates": [ [ -52.080452447341706, -32.030978293464337 ], [ -52.079790611617753, -32.0329394667855 ] ] } },
{ "type": "Feature", "properties": { "tipo": "rua", "nome": "FORTE SANTANA", "drenagem": 0.0, "iluminacao": 1.0, "compriment": 15.858457930247091 }, "geometry": { "type": "LineString", "coordinates": [ [ -52.12474980128799, -32.053258495507485 ], [ -52.124680147499944, -32.053388625798071 ] ] } },
{ "type": "Feature", "properties": { "tipo": "rua", "nome": "GUARDA OSCAR JESUS NUNES", "drenagem": 1.0, "iluminacao": 1.0, "compriment": 97.526926468650558 }, "geometry": { "type": "MultiLineString", "coordinates": [ [ [ -52.132026398279997, -32.043338510131747 ], [ -52.131715661334148, -32.043831952289111 ] ], [ [ -52.131675150694932, -32.043896282126553 ], [ -52.131538317809614, -32.044113569176041 ] ] ] } },
{ "type": "Feature", "properties": { "tipo": "rua", "nome": "MADAME ELISA EMIL", "drenagem": 1.0, "iluminacao": 1.0, "compriment": 99.727238964658454 }, "geometry": { "type": "LineString", "coordinates": [ [ -52.110838379214684, -32.046564117273874 ], [ -52.111743039935646, -32.047027950739235 ] ] } },
{ "type": "Feature", "properties": { "tipo": "rua", "nome": "GUARDA MARINHA LIMA BARRETO", "drenagem": 0.0, "iluminacao": 1.0, "compriment": 28.175175598611219 }, "geometry": { "type": "LineString", "coordinates": [ [ -52.159656030142607, -32.055231612297646 ], [ -52.159522379533897, -32.0554587794052 ] ] } },
{ "type": "Feature", "properties": { "tipo": "rua", "nome": "TOBIAS BARRETO", "drenagem": 1.0, "iluminacao": 1.0, "compriment": 99.616296998842884 }, "geometry": { "type": "LineString", "coordinates": [ [ -52.127222783948696, -32.045316078602617 ], [ -52.126749656928546, -32.046118979368927 ] ] } },
{ "type": "Feature", "properties": { "tipo": "avenida", "nome": "DOS BANDEIRANTES", "drenagem": 0.0, "iluminacao": 1.0, "compriment": 99.628910728601866 }, "geometry": { "type": "MultiLineString", "coordinates": [ [ [ -52.143272659306298, -32.053596203283867 ], [ -52.143389918670437, -32.053647974271776 ] ], [ [ -52.144158756526942, -32.053987422602127 ], [ -52.144209251526661, -32.054009716565929 ] ] ] } },
{ "type": "Feature", "properties": { "tipo": "avenida", "nome": "DOS BANDEIRANTES", "drenagem": 0.0, "iluminacao": 1.0, "compriment": 94.996770420865488 }, "geometry": { "type": "LineString", "coordinates": [ [ -52.144209251526661, -32.054009716565929 ], [ -52.144283066096548, -32.054043043807944 ] ] } },
{ "type": "Feature", "properties": { "tipo": "avenida", "nome": "SENADOR SALGADO FILHO", "drenagem": 0.0, "iluminacao": 1.0, "compriment": 42.427380581130755 }, "geometry": { "type": "LineString", "coordinates": [ [ -52.097064432035005, -32.041012642398691 ], [ -52.097241723621082, -32.041364197006409 ] ] } },
{ "type": "Feature", "properties": { "tipo": "rua", "nome": "DO RIACHUELO", "drenagem": 1.0, "iluminacao": 1.0, "compriment": 92.703378818827133 }, "geometry": { "type": "LineString", "coordinates": [ [ -52.090822790501065, -32.030439285323887 ], [ -52.091784299723535, -32.030271892237295 ] ] } },
{ "type": "Feature", "properties": { "tipo": "rua", "nome": "DO RIACHUELO", "drenagem": 1.0, "iluminacao": 1.0, "compriment": 83.397627397106532 }, "geometry": { "type": "LineString", "coordinates": [ [ -52.091784299723535, -32.030271892237295 ], [ -52.09264686309858, -32.030111521411854 ] ] } },
{ "type": "Feature", "properties": { "tipo": "avenida", "nome": "DOS BANDEIRANTES", "drenagem": 1.0, "iluminacao": 1.0, "compriment": 80.70440556369249 }, "geometry": { "type": "LineString", "coordinates": [ [ -52.141589958016709, -32.052440122322878 ], [ -52.142343783484826, -32.052782941169191 ] ] } },
{ "type": "Feature", "properties": { "tipo": "rua", "nome": "AMERICO VESPUCIO", "drenagem": 1.0, "iluminacao": 1.0, "compriment": 142.08619368944474 }, "geometry": { "type": "MultiLineString", "coordinates": [ [ [ -52.096414291447417, -32.044412587309594 ], [ -52.096772685617296, -32.044347627331803 ] ], [ [ -52.096888363226583, -32.044326660431217 ], [ -52.097885733477916, -32.044145884194272 ] ] ] } },
{ "type": "Feature", "properties": { "tipo": "avenida", "nome": "CIDADE DE PELOTAS", "drenagem": 1.0, "iluminacao": 1.0, "compriment": 65.485184553898335 }, "geometry": { "type": "LineString", "coordinates": [ [ -52.13227509760825, -32.046426142300234 ], [ -52.132384400118724, -32.046474503633789 ] ] } },
{ "type": "Feature", "properties": { "tipo": "avenida", "nome": "BUARQUE DE MACEDO", "drenagem": 1.0, "iluminacao": 1.0, "compriment": 120.024426557593 }, "geometry": { "type": "MultiLineString", "coordinates": [ [ [ -52.113612910188145, -32.044765904759174 ], [ -52.113574225567511, -32.044749690870468 ] ], [ [ -52.112474744319094, -32.044288865190666 ], [ -52.11247268002893, -32.044287999984533 ] ] ] } },
{ "type": "Feature", "properties": { "tipo": "rua", "nome": "ENGENHEIRO ALFREDO HUCH", "drenagem": 1.0, "iluminacao": 1.0, "compriment": 65.714452639653672 }, "geometry": { "type": "LineString", "coordinates": [ [ -52.088751145673072, -32.038718472332356 ], [ -52.08871317614193, -32.039310211911811 ] ] } },
{ "type": "Feature", "properties": { "tipo": "rua", "nome": "ENGENHEIRO ALFREDO HUCH", "drenagem": 1.0, "iluminacao": 1.0, "compriment": 113.17315357358243 }, "geometry": { "type": "LineString", "coordinates": [ [ -52.088552826864479, -32.040755152838159 ], [ -52.088546434913411, -32.04081873181876 ] ] } },
{ "type": "Feature", "properties": { "tipo": "rua", "nome": "ANDRADE NEVES", "drenagem": 1.0, "iluminacao": 1.0, "compriment": 85.362144608791866 }, "geometry": { "type": "LineString", "coordinates": [ [ -52.093221482114821, -32.039883747445828 ], [ -52.093051490023228, -32.039127679353058 ] ] } },
{ "type": "Feature", "properties": { "tipo": "rua", "nome": "ANDRADE NEVES", "drenagem": 1.0, "iluminacao": 1.0, "compriment": 95.304464168248771 }, "geometry": { "type": "LineString", "coordinates": [ [ -52.093051490023228, -32.039127679353058 ], [ -52.092857903346868, -32.038284176027638 ] ] } },
{ "type": "Feature", "properties": { "tipo": "rua", "nome": "ANDRADE NEVES", "drenagem": 1.0, "iluminacao": 1.0, "compriment": 54.667891882956923 }, "geometry": { "type": "LineString", "coordinates": [ [ -52.092857903346868, -32.038284176027638 ], [ -52.092744081724788, -32.037800800092917 ] ] } },
{ "type": "Feature", "properties": { "tipo": "rua", "nome": "MANOEL PEREIRA DE ALMEIDA", "drenagem": 1.0, "iluminacao": 1.0, "compriment": 28.915568468454602 }, "geometry": { "type": "LineString", "coordinates": [ [ -52.105682357756024, -32.030649687138869 ], [ -52.105984618569714, -32.030690905007432 ] ] } },
{ "type": "Feature", "properties": { "tipo": "rua", "nome": "VISCONDE DO RIO GRANDE", "drenagem": 1.0, "iluminacao": 1.0, "compriment": 90.737804182614624 }, "geometry": { "type": "LineString", "coordinates": [ [ -52.109501500030511, -32.034770556436406 ], [ -52.109071213158408, -32.035502164143871 ] ] } },
{ "type": "Feature", "properties": { "tipo": "rua", "nome": "CRISTOVAO COLOMBO", "drenagem": 1.0, "iluminacao": 1.0, "compriment": 7.7091492483116637 }, "geometry": { "type": "LineString", "coordinates": [ [ -52.110424999446103, -32.038104261093302 ], [ -52.110386379178351, -32.038165507718482 ] ] } },
{ "type": "Feature", "properties": { "tipo": "rua", "nome": "CRISTOVAO COLOMBO", "drenagem": 1.0, "iluminacao": 1.0, "compriment": 9.1184091171222494 }, "geometry": { "type": "LineString", "coordinates": [ [ -52.109977667279487, -32.03889497808445 ], [ -52.109933584533394, -32.038968135525259 ] ] } },
{ "type": "Feature", "properties": { "tipo": "rua", "nome": "JOAO ALFREDO", "drenagem": 1.0, "iluminacao": 1.0, "compriment": 72.395901550020028 }, "geometry": { "type": "MultiLineString", "coordinates": [ [ [ -52.101193149066141, -32.038505707035469 ], [ -52.1015031064208, -32.038614691834411 ] ], [ [ -52.101711000094824, -32.038687789794253 ], [ -52.101901632471538, -32.038754818470728 ] ] ] } },
{ "type": "Feature", "properties": { "tipo": "rua", "nome": "CRISTOVAO COLOMBO", "drenagem": 1.0, "iluminacao": 1.0, "compriment": 98.318263058898523 }, "geometry": { "type": "LineString", "coordinates": [ [ -52.109933584533394, -32.038968135525259 ], [ -52.109454077380718, -32.039755106728713 ] ] } },
{ "type": "Feature", "properties": { "tipo": "largo", "nome": "DA DOCA", "drenagem": 1.0, "iluminacao": 1.0, "compriment": 37.893917937260902 }, "geometry": { "type": "LineString", "coordinates": [ [ -52.096760880557149, -32.030123920936028 ], [ -52.096749437850733, -32.029782326478177 ] ] } },
{ "type": "Feature", "properties": { "tipo": "largo", "nome": "GASPAR SILVEIRA MARTINS", "drenagem": 1.0, "iluminacao": 1.0, "compriment": 82.614064058677897 }, "geometry": { "type": "LineString", "coordinates": [ [ -52.095866211767564, -32.029548103216705 ], [ -52.096734895070121, -32.029461831826595 ] ] } },
{ "type": "Feature", "properties": { "tipo": "rua", "nome": "DOM PEDRO I", "drenagem": 1.0, "iluminacao": 1.0, "compriment": 100.59711986289997 }, "geometry": { "type": "LineString", "coordinates": [ [ -52.112660653535542, -32.043975784172602 ], [ -52.112577045849342, -32.044118738173047 ] ] } },
{ "type": "Feature", "properties": { "tipo": "avenida", "nome": "CIDADE DE PELOTAS", "drenagem": 1.0, "iluminacao": 1.0, "compriment": 61.244074588396778 }, "geometry": { "type": "LineString", "coordinates": [ [ -52.128257290704362, -32.044727717685376 ], [ -52.128840035489482, -32.044969967361936 ] ] } },
{ "type": "Feature", "properties": { "tipo": "rua", "nome": "A ( Getulio Vargas )", "drenagem": 1.0, "iluminacao": 1.0, "compriment": 145.38 }, "geometry": { "type": "MultiLineString", "coordinates": [ [ [ -52.084537733648752, -32.036490207097714 ], [ -52.084616147983468, -32.036762321853793 ] ], [ [ -52.084796347876576, -32.037387654583291 ], [ -52.08490475339859, -32.037763845266909 ] ] ] } },
{ "type": "Feature", "properties": { "tipo": "avenida", "nome": "MODESTO REY DORNELLES", "drenagem": 0.0, "iluminacao": 1.0, "compriment": 71.241476330737143 }, "geometry": { "type": "LineString", "coordinates": [ [ -52.099365908966526, -32.044514011190913 ], [ -52.099501640923478, -32.045145989804539 ] ] } },
{ "type": "Feature", "properties": { "tipo": "rua", "nome": "MARECHAL RONDON", "drenagem": 0.0, "iluminacao": 1.0, "compriment": 36.899650900200662 }, "geometry": { "type": "LineString", "coordinates": [ [ -52.081488203182865, -32.047546245480333 ], [ -52.08157478502666, -32.047528518824421 ] ] } },
{ "type": "Feature", "properties": { "tipo": "rua", "nome": "MARCÍLIO DIAS", "drenagem": 0.0, "iluminacao": 1.0, "compriment": 100.20669019988851 }, "geometry": { "type": "LineString", "coordinates": [ [ -52.111891051274732, -32.042851238122196 ], [ -52.111450996187664, -32.043625004443584 ] ] } },
{ "type": "Feature", "properties": { "tipo": "rua", "nome": "CARAMURÚ", "drenagem": 1.0, "iluminacao": 1.0, "compriment": 92.023191569353955 }, "geometry": { "type": "LineString", "coordinates": [ [ -52.110653204796918, -32.035255696026823 ], [ -52.11022346475351, -32.03600047632343 ] ] } },
{ "type": "Feature", "properties": { "tipo": "rua", "nome": "1 VELHA", "drenagem": 1.0, "iluminacao": 1.0, "compriment": 64.275581795560967 }, "geometry": { "type": "MultiLineString", "coordinates": [ [ [ -52.086353824767805, -32.041574503943693 ], [ -52.086158383279042, -32.041554769503811 ] ], [ [ -52.086103280192866, -32.04154920554425 ], [ -52.08567803542951, -32.041506267029661 ] ] ] } },
{ "type": "Feature", "properties": { "tipo": "rua", "nome": "DUQUE DE CAXIAS", "drenagem": 1.0, "iluminacao": 1.0, "compriment": 6.6505033126359558 }, "geometry": { "type": "LineString", "coordinates": [ [ -52.097862063294343, -32.038125206427424 ], [ -52.097874911290646, -32.038184174725082 ] ] } },
{ "type": "Feature", "properties": { "tipo": "rua", "nome": "TEIXEIRA DE FREITAS", "drenagem": 1.0, "iluminacao": 1.0, "compriment": 114.78472028402129 }, "geometry": { "type": "LineString", "coordinates": [ [ -52.156299641793339, -32.051763346473784 ], [ -52.155787152902612, -32.052701970939772 ] ] } },
{ "type": "Feature", "properties": { "tipo": "rua", "nome": "VINTE E QUATRO DE MAIO", "drenagem": 1.0, "iluminacao": 1.0, "compriment": 50.85423233467268 }, "geometry": { "type": "LineString", "coordinates": [ [ -52.099813351188324, -32.031122869150238 ], [ -52.099640285815262, -32.031557138133543 ] ] } },
{ "type": "Feature", "properties": { "tipo": "rua", "nome": "VALPORTO", "drenagem": 1.0, "iluminacao": 1.0, "compriment": 92.313631905749958 }, "geometry": { "type": "LineString", "coordinates": [ [ -52.089325542695718, -32.042549385850108 ], [ -52.088397843547583, -32.042713011567812 ] ] } },
{ "type": "Feature", "properties": { "tipo": "avenida", "nome": "PRESIDENTE VARGAS", "drenagem": 1.0, "iluminacao": 1.0, "compriment": 22.765911488745601 }, "geometry": { "type": "LineString", "coordinates": [ [ -52.111457882972253, -32.047814513291371 ], [ -52.11125122314931, -32.047708827047941 ] ] } },
{ "type": "Feature", "properties": { "tipo": "avenida", "nome": "PRESIDENTE VARGAS", "drenagem": 1.0, "iluminacao": 1.0, "compriment": 51.565581028321617 }, "geometry": { "type": "LineString", "coordinates": [ [ -52.111407164934, -32.047955713784731 ], [ -52.111876017758533, -32.048194016082427 ] ] } },
{ "type": "Feature", "properties": { "tipo": "avenida", "nome": "PRIMEIRO DE MAIO", "drenagem": 1.0, "iluminacao": 0.0, "compriment": 45.715765061796006 }, "geometry": { "type": "LineString", "coordinates": [ [ -52.133474712176429, -32.055840421370675 ], [ -52.133012134560751, -32.055718878745701 ] ] } },
{ "type": "Feature", "properties": { "tipo": "estrada", "nome": "ALBERTO TORRES", "drenagem": 0.0, "iluminacao": 1.0, "compriment": 45.090038396580049 }, "geometry": { "type": "LineString", "coordinates": [ [ -52.160886943027599, -32.054354600083116 ], [ -52.161226033566699, -32.054640867638341 ] ] } },
{ "type": "Feature", "properties": { "tipo": "avenida", "nome": "SANTOS DUMONT", "drenagem": 1.0, "iluminacao": 1.0, "compriment": 165.25339735442788 }, "geometry": { "type": "LineString", "coordinates": [ [ -52.130198331792556, -32.055579455323745 ], [ -52.131284834767229, -32.056004211133555 ], [ -52.131826211366509, -32.056105916807432 ] ] } },
{ "type": "Feature", "properties": { "tipo": "travessa", "nome": "UM", "drenagem": 0.0, "iluminacao": 1.0, "compriment": 135.19582758199175 }, "geometry": { "type": "MultiLineString", "coordinates": [ [ [ -52.160886943027599, -32.054354600083116 ], [ -52.160791512213059, -32.054432949931957 ] ], [ [ -52.160737442480773, -32.054491411286342 ], [ -52.160535229804225, -32.054782478604558 ], [ -52.160191259267705, -32.055410548825165 ] ] ] } },
{ "type": "Feature", "properties": { "tipo": "rua", "nome": "VINTE E QUATRO DE MAIO", "drenagem": 1.0, "iluminacao": 1.0, "compriment": 34.652213703425318 }, "geometry": { "type": "LineString", "coordinates": [ [ -52.099640285815262, -32.031557138133543 ], [ -52.099634547879695, -32.031869599113179 ] ] } },
{ "type": "Feature", "properties": { "tipo": "rua", "nome": "VINTE E QUATRO DE MAIO", "drenagem": 1.0, "iluminacao": 1.0, "compriment": 68.235642285545268 }, "geometry": { "type": "LineString", "coordinates": [ [ -52.099634547879695, -32.031869599113179 ], [ -52.099672626513183, -32.032064682569178 ] ] } },
{ "type": "Feature", "properties": { "tipo": "rua", "nome": "VINTE E QUATRO DE MAIO", "drenagem": 1.0, "iluminacao": 1.0, "compriment": 77.292487617761054 }, "geometry": { "type": "MultiLineString", "coordinates": [ [ [ -52.099931707374736, -32.033175552654058 ], [ -52.099970272969365, -32.033338716490086 ] ], [ [ -52.10006894053133, -32.033756160537166 ], [ -52.100093218356818, -32.033858875487496 ] ] ] } },
{ "type": "Feature", "properties": { "tipo": "rua", "nome": "DOUTOR NAPOLEAO LAUREANO", "drenagem": 1.0, "iluminacao": 1.0, "compriment": 45.335321754196642 }, "geometry": { "type": "MultiLineString", "coordinates": [ [ [ -52.092667516047648, -32.032572252922783 ], [ -52.092693181243035, -32.032698720960518 ] ], [ [ -52.092726817489257, -32.032864467216974 ], [ -52.092749272864616, -32.032975118517882 ] ] ] } },
{ "type": "Feature", "properties": { "tipo": "rua", "nome": "DOUTOR NAPOLEAO LAUREANO", "drenagem": 1.0, "iluminacao": 1.0, "compriment": 88.214498638092607 }, "geometry": { "type": "MultiLineString", "coordinates": [ [ [ -52.092749272864616, -32.032975118517882 ], [ -52.092775684858069, -32.033086483403267 ] ], [ [ -52.092821288924824, -32.033278770732011 ], [ -52.092843484847641, -32.033372358760687 ] ], [ [ -52.09288972554333, -32.033567330404324 ], [ -52.092934209853979, -32.033754896335921 ] ] ] } },
{ "type": "Feature", "properties": { "tipo": "rua", "nome": "GENERAL BERTOLDO KLINGER", "drenagem": 1.0, "iluminacao": 1.0, "compriment": 79.676330730070873 }, "geometry": { "type": "LineString", "coordinates": [ [ -52.094877250767219, -32.041798462865842 ], [ -52.094866094777572, -32.042516932748562 ] ] } },
{ "type": "Feature", "properties": { "tipo": "rua", "nome": "MORON", "drenagem": 0.0, "iluminacao": 1.0, "compriment": 91.892511131277516 }, "geometry": { "type": "LineString", "coordinates": [ [ -52.105832789716835, -32.03421451067895 ], [ -52.105411444715443, -32.034961454248588 ] ] } },
{ "type": "Feature", "properties": { "tipo": "rua", "nome": "MORON", "drenagem": 1.0, "iluminacao": 1.0, "compriment": 121.01788032425513 }, "geometry": { "type": "LineString", "coordinates": [ [ -52.104932605837284, -32.035787660011501 ], [ -52.104359524689478, -32.036763754735738 ] ] } },
{ "type": "Feature", "properties": { "tipo": "rua", "nome": "MORON", "drenagem": 1.0, "iluminacao": 1.0, "compriment": 114.32116516478759 }, "geometry": { "type": "MultiLineString", "coordinates": [ [ [ -52.104359524689478, -32.036763754735738 ], [ -52.104231305389703, -32.036985594945008 ] ], [ [ -52.104165622813127, -32.037099236468229 ], [ -52.103824924946018, -32.037688699101942 ] ] ] } },
{ "type": "Feature", "properties": { "tipo": "rua", "nome": "MORON", "drenagem": 0.0, "iluminacao": 1.0, "compriment": 103.20296410037628 }, "geometry": { "type": "MultiLineString", "coordinates": [ [ [ -52.102569837378169, -32.039830274572289 ], [ -52.10240575255375, -32.040151636010137 ] ], [ [ -52.102370168378371, -32.040221327901541 ], [ -52.102341218291137, -32.040278026878383 ] ], [ [ -52.102167267386328, -32.040618711113403 ], [ -52.102134058695249, -32.040683750599854 ] ] ] } },
{ "type": "Feature", "properties": { "tipo": "rua", "nome": "MORON", "drenagem": 0.0, "iluminacao": 1.0, "compriment": 32.751763166038266 }, "geometry": { "type": "LineString", "coordinates": [ [ -52.102134058695249, -32.040683750599854 ], [ -52.101976107452636, -32.040893189009168 ] ] } },
{ "type": "Feature", "properties": { "tipo": "rua", "nome": "DOUTOR NAPOLEAO LAUREANO", "drenagem": 1.0, "iluminacao": 1.0, "compriment": 82.226844056102038 }, "geometry": { "type": "MultiLineString", "coordinates": [ [ [ -52.092934209853979, -32.033754896335921 ], [ -52.092971624124623, -32.033913892783467 ] ], [ [ -52.093063404272222, -32.034303923570434 ], [ -52.093105300761401, -32.034481967745265 ] ] ] } },
{ "type": "Feature", "properties": { "tipo": "avenida", "nome": "QUINZE DE NOVEMBRO", "drenagem": 0.0, "iluminacao": 1.0, "compriment": 22.761434544231108 }, "geometry": { "type": "LineString", "coordinates": [ [ -52.114711952408918, -32.045247281240322 ], [ -52.114821279696848, -32.045064351942223 ] ] } },
{ "type": "Feature", "properties": { "tipo": "rua", "nome": "UMBERTO IBRAHIM DE FARIAS", "drenagem": 0.0, "iluminacao": 0.0, "compriment": 83.011649163757681 }, "geometry": { "type": "MultiLineString", "coordinates": [ [ [ -52.082107708806831, -32.044024627350936 ], [ -52.081821212449938, -32.044095629745222 ] ], [ [ -52.081402902530705, -32.044199299495652 ], [ -52.081263791892773, -32.044233775286102 ] ] ] } },
{ "type": "Feature", "properties": { "tipo": "rua", "nome": "CORREDOR DO BOSQUE SILVEIRA", "drenagem": 1.0, "iluminacao": 1.0, "compriment": 13.065762834646153 }, "geometry": { "type": "LineString", "coordinates": [ [ -52.161996858223716, -32.055991257825461 ], [ -52.162127231675392, -32.05603070243577 ] ] } },
{ "type": "Feature", "properties": { "tipo": "rua", "nome": "DOUTOR NAPOLEAO LAUREANO", "drenagem": 1.0, "iluminacao": 1.0, "compriment": 75.961544977161765 }, "geometry": { "type": "MultiLineString", "coordinates": [ [ [ -52.093105300761401, -32.034481967745265 ], [ -52.093138718391799, -32.034625313916244 ] ], [ [ -52.093153419147605, -32.034688373356119 ], [ -52.093261940629716, -32.035153880297948 ] ] ] } },
{ "type": "Feature", "properties": { "tipo": "rua", "nome": "DOUTOR NAPOLEAO LAUREANO", "drenagem": 0.0, "iluminacao": 0.0, "compriment": 6.6500410265004737 }, "geometry": { "type": "LineString", "coordinates": [ [ -52.093261656755097, -32.035152662595912 ], [ -52.09327352458233, -32.0352117754882 ] ] } },
{ "type": "Feature", "properties": { "tipo": "rua", "nome": "DOUTOR NAPOLEAO LAUREANO", "drenagem": 1.0, "iluminacao": 1.0, "compriment": 105.97021329346003 }, "geometry": { "type": "MultiLineString", "coordinates": [ [ [ -52.09327352458233, -32.0352117754882 ], [ -52.093293275847991, -32.035295924780655 ] ], [ [ -52.093315092246513, -32.035388872469724 ], [ -52.093493479912802, -32.036148884316951 ] ] ] } },
{ "type": "Feature", "properties": { "tipo": "rua", "nome": "DOUTOR NAPOLEAO LAUREANO", "drenagem": 0.0, "iluminacao": 1.0, "compriment": 100.77545740383792 }, "geometry": { "type": "LineString", "coordinates": [ [ -52.093493479912802, -32.036148884316951 ], [ -52.093699795124635, -32.037040538682021 ] ] } },
{ "type": "Feature", "properties": { "tipo": "rua", "nome": "SEM DENOMINACAO", "drenagem": 0.0, "iluminacao": 1.0, "compriment": 88.743627375570028 }, "geometry": { "type": "MultiLineString", "coordinates": [ [ [ -52.162567567018492, -32.055345638581194 ], [ -52.162581509248483, -32.05540717120217 ], [ -52.162560302188496, -32.055459966307119 ] ], [ [ -52.16217762223976, -32.055939220546215 ], [ -52.162150396734631, -32.055980643793774 ], [ -52.162127231675392, -32.05603070243577 ] ] ] } },
{ "type": "Feature", "properties": { "tipo": "rua", "nome": "CORREDOR DO BOSQUE SILVEIRA", "drenagem": 1.0, "iluminacao": 1.0, "compriment": 76.709943227890122 }, "geometry": { "type": "MultiLineString", "coordinates": [ [ [ -52.162127231675392, -32.05603070243577 ], [ -52.162266057200519, -32.05607270360521 ] ], [ [ -52.16287132230849, -32.056255824413384 ], [ -52.162892664961547, -32.056262281557245 ] ] ] } },
{ "type": "Feature", "properties": { "tipo": "travessa", "nome": "CINCO", "drenagem": 0.0, "iluminacao": 1.0, "compriment": 79.818023836254326 }, "geometry": { "type": "LineString", "coordinates": [ [ -52.162908079861026, -32.056232516358982 ], [ -52.162892664961547, -32.056262281557245 ] ] } },
{ "type": "Feature", "properties": { "tipo": "rua", "nome": "ACACIA RIOGRANDENSE", "drenagem": 1.0, "iluminacao": 1.0, "compriment": 97.564667519696542 }, "geometry": { "type": "LineString", "coordinates": [ [ -52.097241723621082, -32.041364197006409 ], [ -52.097439284302695, -32.042227807784826 ] ] } },
{ "type": "Feature", "properties": { "tipo": "rua", "nome": "BENJAMIN CONSTANT", "drenagem": 1.0, "iluminacao": 1.0, "compriment": 46.162794111086832 }, "geometry": { "type": "LineString", "coordinates": [ [ -52.093306364002167, -32.032798072289054 ], [ -52.093328603664318, -32.032882330916145 ] ] } },
{ "type": "Feature", "properties": { "tipo": "rua", "nome": "CORREDOR DO BOSQUE SILVEIRA", "drenagem": 1.0, "iluminacao": 1.0, "compriment": 100.02001596467284 }, "geometry": { "type": "LineString", "coordinates": [ [ -52.162892664961547, -32.056262281557245 ], [ -52.163320625019139, -32.056391756714525 ] ] } },
{ "type": "Feature", "properties": { "tipo": "rua", "nome": "BARÃO DO LADÁRIO", "drenagem": 0.0, "iluminacao": 1.0, "compriment": 129.88454991894559 }, "geometry": { "type": "MultiLineString", "coordinates": [ [ [ -52.162154468025776, -32.057250932231554 ], [ -52.162649156647689, -32.057416673291861 ] ], [ [ -52.162741604944145, -32.057447647278323 ], [ -52.16289071606144, -32.057497605643221 ] ] ] } },
{ "type": "Feature", "properties": { "tipo": "rua", "nome": "DOUTOR NASCIMENTO", "drenagem": 1.0, "iluminacao": 1.0, "compriment": 87.463519962781334 }, "geometry": { "type": "LineString", "coordinates": [ [ -52.087955395076236, -32.038278620260442 ], [ -52.08885221483844, -32.03808220019328 ] ] } },
{ "type": "Feature", "properties": { "tipo": "rua", "nome": "DOUTOR NASCIMENTO", "drenagem": 1.0, "iluminacao": 1.0, "compriment": 77.165248803542113 }, "geometry": { "type": "LineString", "coordinates": [ [ -52.08885221483844, -32.03808220019328 ], [ -52.089648970233483, -32.037928393159866 ] ] } },
{ "type": "Feature", "properties": { "tipo": "avenida", "nome": "BUARQUE DE MACEDO", "drenagem": 1.0, "iluminacao": 1.0, "compriment": 13.031720847082113 }, "geometry": { "type": "LineString", "coordinates": [ [ -52.115694822391639, -32.045729452858609 ], [ -52.115624409735013, -32.045628385123869 ] ] } },
{ "type": "Feature", "properties": { "tipo": "avenida", "nome": "BUARQUE DE MACEDO", "drenagem": 1.0, "iluminacao": 1.0, "compriment": 21.127307987393024 }, "geometry": { "type": "LineString", "coordinates": [ [ -52.115624409735013, -32.045628385123869 ], [ -52.115719722729075, -32.045456016472997 ] ] } },
{ "type": "Feature", "properties": { "tipo": "avenida", "nome": "BUARQUE DE MACEDO", "drenagem": 1.0, "iluminacao": 1.0, "compriment": 14.223907557928065 }, "geometry": { "type": "LineString", "coordinates": [ [ -52.11586663270878, -32.045427784959074 ], [ -52.115719722729075, -32.045456016472997 ] ] } },
{ "type": "Feature", "properties": { "tipo": "rua", "nome": "GENERAL CANABARRO", "drenagem": 1.0, "iluminacao": 1.0, "compriment": 3.2418621029722292 }, "geometry": { "type": "LineString", "coordinates": [ [ -52.102142056071706, -32.035402241779614 ], [ -52.102135456042681, -32.035430931732378 ] ] } },
{ "type": "Feature", "properties": { "tipo": "rua", "nome": "GENERAL CANABARRO", "drenagem": 1.0, "iluminacao": 1.0, "compriment": 107.58732730187165 }, "geometry": { "type": "MultiLineString", "coordinates": [ [ [ -52.102127146920822, -32.035472866167382 ], [ -52.102042546515051, -32.03589982244111 ] ], [ [ -52.102015835341454, -32.036034626796258 ], [ -52.101992442866511, -32.036152682541299 ] ], [ [ -52.101966240818257, -32.03628491747309 ], [ -52.101937577614621, -32.036429573216836 ] ] ] } },
{ "type": "Feature", "properties": { "tipo": "rua", "nome": "VINTE E QUATRO DE MAIO", "drenagem": 1.0, "iluminacao": 1.0, "compriment": 3.3643582850871789 }, "geometry": { "type": "LineString", "coordinates": [ [ -52.100541341270002, -32.035711384082489 ], [ -52.100548685108869, -32.035741072476831 ] ] } },
{ "type": "Feature", "properties": { "tipo": "rua", "nome": "VINTE E QUATRO DE MAIO", "drenagem": 1.0, "iluminacao": 1.0, "compriment": 4.4741612477532273 }, "geometry": { "type": "LineString", "coordinates": [ [ -52.100548685108869, -32.035741072476831 ], [ -52.100558451473255, -32.035780554199128 ] ] } },
{ "type": "Feature", "properties": { "tipo": "rua", "nome": "DOUTOR NASCIMENTO", "drenagem": 1.0, "iluminacao": 1.0, "compriment": 129.15109267082732 }, "geometry": { "type": "LineString", "coordinates": [ [ -52.102135456042681, -32.035430931732378 ], [ -52.103486448543009, -32.035610304534913 ] ] } },
{ "type": "Feature", "properties": { "tipo": "rua", "nome": "DOUTOR NASCIMENTO", "drenagem": 1.0, "iluminacao": 1.0, "compriment": 138.00742892417526 }, "geometry": { "type": "LineString", "coordinates": [ [ -52.103486448543009, -32.035610304534913 ], [ -52.104932605837284, -32.035787660011501 ] ] } },
{ "type": "Feature", "properties": { "tipo": "rua", "nome": "JOAO ALFREDO", "drenagem": 1.0, "iluminacao": 1.0, "compriment": 7.1663699527044704 }, "geometry": { "type": "LineString", "coordinates": [ [ -52.098087120122351, -32.039120650543339 ], [ -52.098159742290925, -32.039101937648596 ] ] } },
{ "type": "Feature", "properties": { "tipo": "avenida", "nome": "SENADOR SALGADO FILHO", "drenagem": 1.0, "iluminacao": 1.0, "compriment": 35.175311436085188 }, "geometry": { "type": "LineString", "coordinates": [ [ -52.087518387441357, -32.038130469175712 ], [ -52.087503729591575, -32.038291724970186 ], [ -52.087647775607039, -32.038387215849333 ] ] } },
{ "type": "Feature", "properties": { "tipo": "rua", "nome": "NETO ANTONIO", "drenagem": 1.0, "iluminacao": 1.0, "compriment": 182.0784384117552 }, "geometry": { "type": "MultiLineString", "coordinates": [ [ [ -52.097809340727018, -32.046708763750921 ], [ -52.097821958900724, -32.04679387594134 ] ], [ [ -52.09650469699838, -32.047361095741337 ], [ -52.096338211423898, -32.047372936316386 ] ] ] } },
{ "type": "Feature", "properties": { "tipo": "avenida", "nome": "ALMIRANTE TAMANDARE", "drenagem": 0.0, "iluminacao": 1.0, "compriment": 81.235527661704722 }, "geometry": { "type": "LineString", "coordinates": [ [ -52.096338211423898, -32.047372936316386 ], [ -52.096325936980797, -32.048105454855559 ] ] } },
{ "type": "Feature", "properties": { "tipo": "rua", "nome": "ERNANI FORNARI", "drenagem": 0.0, "iluminacao": 1.0, "compriment": 276.24065164665581 }, "geometry": { "type": "LineString", "coordinates": [ [ -52.09514830982878, -32.045973159068438 ], [ -52.095140206484295, -32.046657514578868 ], [ -52.09511790343813, -32.047230574387342 ], [ -52.095110553629922, -32.047874312845963 ], [ -52.095131562282461, -32.048463683828686 ] ] } },
{ "type": "Feature", "properties": { "tipo": "rua", "nome": "GENERAL BERTOLDO KLINGER", "drenagem": 1.0, "iluminacao": 1.0, "compriment": 7.8617248014930778 }, "geometry": { "type": "LineString", "coordinates": [ [ -52.094864345021989, -32.043299074375454 ], [ -52.09486514514677, -32.04336996926223 ] ] } },
{ "type": "Feature", "properties": { "tipo": "avenida", "nome": "SENADOR SALGADO FILHO", "drenagem": 1.0, "iluminacao": 1.0, "compriment": 3.7687677103949642 }, "geometry": { "type": "LineString", "coordinates": [ [ -52.09402301851506, -32.040298646997115 ], [ -52.09398531308431, -32.040287527114401 ] ] } },
{ "type": "Feature", "properties": { "tipo": "rua", "nome": "MAJOR MIGUEL PEREIRA", "drenagem": 1.0, "iluminacao": 1.0, "compriment": 46.470953966458595 }, "geometry": { "type": "LineString", "coordinates": [ [ -52.093924334650637, -32.040270366601725 ], [ -52.093845742590858, -32.040342056912159 ] ] } },
{ "type": "Feature", "properties": { "tipo": "rua", "nome": "MAJOR MIGUEL PEREIRA", "drenagem": 1.0, "iluminacao": 1.0, "compriment": 77.780166585206629 }, "geometry": { "type": "LineString", "coordinates": [ [ -52.09342641855995, -32.040740662768094 ], [ -52.093058112613775, -32.041113213370529 ] ] } },
{ "type": "Feature", "properties": { "tipo": "rua", "nome": "DOUTOR ALVARO COSTA", "drenagem": 1.0, "iluminacao": 1.0, "compriment": 13.0497394978104 }, "geometry": { "type": "LineString", "coordinates": [ [ -52.093194517761489, -32.041131932671746 ], [ -52.093058112613775, -32.041113213370529 ] ] } },
{ "type": "Feature", "properties": { "tipo": "rua", "nome": "ALMIRANTE BARROSO", "drenagem": 1.0, "iluminacao": 1.0, "compriment": 8.8373444837409867 }, "geometry": { "type": "LineString", "coordinates": [ [ -52.087739185549388, -32.03617126581851 ], [ -52.087732128063053, -32.036250735287027 ] ] } },
{ "type": "Feature", "properties": { "tipo": "rua", "nome": "SEM DENOMINACAO", "drenagem": 1.0, "iluminacao": 1.0, "compriment": 80.213107644778546 }, "geometry": { "type": "LineString", "coordinates": [ [ -52.088698701173307, -32.034548998198652 ], [ -52.088905140573871, -32.0352506723464 ] ] } },
{ "type": "Feature", "properties": { "tipo": "avenida", "nome": "SILVA PAES", "drenagem": 1.0, "iluminacao": 1.0, "compriment": 53.939964639025938 }, "geometry": { "type": "LineString", "coordinates": [ [ -52.088698701173307, -32.034548998198652 ], [ -52.089255200637417, -32.034439894005814 ] ] } },
{ "type": "Feature", "properties": { "tipo": "rua", "nome": "CONDE DE PORTO ALEGRE", "drenagem": 0.0, "iluminacao": 1.0, "compriment": 26.089987830515884 }, "geometry": { "type": "LineString", "coordinates": [ [ -52.088905140573871, -32.0352506723464 ], [ -52.089176140649094, -32.035205188829195 ] ] } },
{ "type": "Feature", "properties": { "tipo": "rua", "nome": "ALMIRANTE BARROSO", "drenagem": 1.0, "iluminacao": 1.0, "compriment": 6.4356006145462423 }, "geometry": { "type": "LineString", "coordinates": [ [ -52.087906659837238, -32.034682120607556 ], [ -52.087899096323383, -32.034739799130065 ] ] } },
{ "type": "Feature", "properties": { "tipo": "avenida", "nome": "SILVA PAES", "drenagem": 1.0, "iluminacao": 1.0, "compriment": 29.054103173995319 }, "geometry": { "type": "LineString", "coordinates": [ [ -52.091559914116765, -32.03400437550156 ], [ -52.091861005154321, -32.033950813016091 ] ] } },
{ "type": "Feature", "properties": { "tipo": "avenida", "nome": "SILVA PAES", "drenagem": 1.0, "iluminacao": 1.0, "compriment": 56.104148609024897 }, "geometry": { "type": "LineString", "coordinates": [ [ -52.092353440878384, -32.033860918647783 ], [ -52.092934209853979, -32.033754896335921 ] ] } },
{ "type": "Feature", "properties": { "tipo": "avenida", "nome": "SILVA PAES", "drenagem": 1.0, "iluminacao": 1.0, "compriment": 8.8413419558934088 }, "geometry": { "type": "LineString", "coordinates": [ [ -52.096789710776285, -32.033018921694641 ], [ -52.096698357612652, -32.033036285031052 ] ] } },
{ "type": "Feature", "properties": { "tipo": "rua", "nome": "SEM DENOMINACAO", "drenagem": 1.0, "iluminacao": 1.0, "compriment": 56.822614866561835 }, "geometry": { "type": "LineString", "coordinates": [ [ -52.110847736802384, -32.032472428015396 ], [ -52.110313290440985, -32.032237228934164 ] ] } },
{ "type": "Feature", "properties": { "tipo": "rua", "nome": "SEM DENOMINACAO", "drenagem": 1.0, "iluminacao": 1.0, "compriment": 46.866455605363626 }, "geometry": { "type": "MultiLineString", "coordinates": [ [ [ -52.110313290440985, -32.032237228934164 ], [ -52.110248838102706, -32.032347910198745 ] ], [ [ -52.110205230150704, -32.032422796283605 ], [ -52.110092808383811, -32.032615853411691 ] ] ] } },
{ "type": "Feature", "properties": { "tipo": "rua", "nome": "SEM DENOMINACAO", "drenagem": 1.0, "iluminacao": 1.0, "compriment": 40.638953049871461 }, "geometry": { "type": "LineString", "coordinates": [ [ -52.110313290440985, -32.032237228934164 ], [ -52.110502783500777, -32.031908204464116 ] ] } },
{ "type": "Feature", "properties": { "tipo": "rua", "nome": "VISCONDE DO RIO GRANDE", "drenagem": 1.0, "iluminacao": 1.0, "compriment": 133.96457541034636 }, "geometry": { "type": "LineString", "coordinates": [ [ -52.110847736802384, -32.032472428015396 ], [ -52.110236107406315, -32.03356241952708 ] ] } },
{ "type": "Feature", "properties": { "tipo": "avenida", "nome": "MAJOR CARLOS PINTO", "drenagem": 1.0, "iluminacao": 1.0, "compriment": 70.530861391892444 }, "geometry": { "type": "LineString", "coordinates": [ [ -52.110624859238172, -32.028856582399428 ], [ -52.110464154617382, -32.02895272772988 ], [ -52.110319735397454, -32.029035833677696 ], [ -52.110165473725104, -32.029121267866174 ], [ -52.110073577139786, -32.029140010224609 ], [ -52.11000313971649, -32.029127525518433 ] ] } },
{ "type": "Feature", "properties": { "tipo": "avenida", "nome": "MAJOR CARLOS PINTO", "drenagem": 1.0, "iluminacao": 1.0, "compriment": 62.349464793470887 }, "geometry": { "type": "LineString", "coordinates": [ [ -52.11000313971649, -32.029127525518433 ], [ -52.109699909330679, -32.029626953818514 ] ] } },
{ "type": "Feature", "properties": { "tipo": "rua", "nome": "CARLOS GOMES", "drenagem": 1.0, "iluminacao": 1.0, "compriment": 122.19939756065418 }, "geometry": { "type": "MultiLineString", "coordinates": [ [ [ -52.100887204281761, -32.033721021018039 ], [ -52.100577184835373, -32.033774847622468 ] ], [ [ -52.100287623374896, -32.033825122243535 ], [ -52.100093218356818, -32.033858875487496 ] ] ] } },
{ "type": "Feature", "properties": { "tipo": "rua", "nome": "VINTE E QUATRO DE MAIO", "drenagem": 1.0, "iluminacao": 1.0, "compriment": 8.6650050898342172 }, "geometry": { "type": "LineString", "coordinates": [ [ -52.100093218356818, -32.033858875487496 ], [ -52.100116345852349, -32.033934493634163 ] ] } },
{ "type": "Feature", "properties": { "tipo": "rua", "nome": "MANOEL PEREIRA DE ALMEIDA", "drenagem": 1.0, "iluminacao": 1.0, "compriment": 36.277383208898499 }, "geometry": { "type": "LineString", "coordinates": [ [ -52.10494494246543, -32.030525577433131 ], [ -52.104565610128702, -32.030474495115541 ] ] } },
{ "type": "Feature", "properties": { "tipo": "rua", "nome": "GENERAL PORTINHO", "drenagem": 1.0, "iluminacao": 1.0, "compriment": 193.79494758184188 }, "geometry": { "type": "MultiLineString", "coordinates": [ [ [ -52.104565610128702, -32.030474495115541 ], [ -52.104493867808806, -32.030810886113933 ] ], [ [ -52.104483964149189, -32.030857323167403 ], [ -52.104198885665994, -32.032194021447019 ] ] ] } },
{ "type": "Feature", "properties": { "tipo": "rua", "nome": "ANDRADAS", "drenagem": 1.0, "iluminacao": 1.0, "compriment": 6.8266659478844716 }, "geometry": { "type": "LineString", "coordinates": [ [ -52.095689666955614, -32.034694244549833 ], [ -52.095707723810925, -32.034753856044667 ] ] } },
{ "type": "Feature", "properties": { "tipo": "rua", "nome": "ANDRADAS", "drenagem": 1.0, "iluminacao": 1.0, "compriment": 105.56518577384642 }, "geometry": { "type": "MultiLineString", "coordinates": [ [ [ -52.095707723810925, -32.034753856044667 ], [ -52.095747386680209, -32.034913365038378 ] ], [ [ -52.095913200615549, -32.03558020569929 ], [ -52.095939307200574, -32.035685196467277 ] ] ] } },
{ "type": "Feature", "properties": { "tipo": "rua", "nome": "ANDRADAS", "drenagem": 1.0, "iluminacao": 1.0, "compriment": 109.94638646453906 }, "geometry": { "type": "LineString", "coordinates": [ [ -52.096565070327244, -32.038404488797489 ], [ -52.096778533876041, -32.039379187211502 ] ] } },
{ "type": "Feature", "properties": { "tipo": "rua", "nome": "MARECHAL DEODORO", "drenagem": 1.0, "iluminacao": 1.0, "compriment": 9.4822319474655199 }, "geometry": { "type": "LineString", "coordinates": [ [ -52.108423724133466, -32.034209790929545 ], [ -52.108377332051234, -32.034285623862587 ] ] } },
{ "type": "Feature", "properties": { "tipo": "avenida", "nome": "MAJOR CARLOS PINTO", "drenagem": 1.0, "iluminacao": 1.0, "compriment": 11.263641452066741 }, "geometry": { "type": "LineString", "coordinates": [ [ -52.107307753593325, -32.033729008447878 ], [ -52.107263601891702, -32.033823366354618 ] ] } },
{ "type": "Feature", "properties": { "tipo": "rua", "nome": "VISCONDE DE MAUA", "drenagem": 1.0, "iluminacao": 1.0, "compriment": 119.30341528001628 }, "geometry": { "type": "LineString", "coordinates": [ [ -52.108374686594821, -32.03428452587417 ], [ -52.109501500030511, -32.034770556436406 ] ] } },
{ "type": "Feature", "properties": { "tipo": "rua", "nome": "VISCONDE DE MAUA", "drenagem": 1.0, "iluminacao": 1.0, "compriment": 121.34887865809151 }, "geometry": { "type": "LineString", "coordinates": [ [ -52.109503120929404, -32.034768025992435 ], [ -52.110653204796918, -32.035255696026823 ] ] } },
{ "type": "Feature", "properties": { "tipo": "rua", "nome": "VISCONDE DE MAUA", "drenagem": 1.0, "iluminacao": 1.0, "compriment": 120.3285322654132 }, "geometry": { "type": "MultiLineString", "coordinates": [ [ [ -52.110686597746422, -32.035190445281572 ], [ -52.111022097642845, -32.035331719349799 ] ], [ [ -52.111718273261658, -32.035636209339401 ], [ -52.111803961340023, -32.035702177954789 ] ] ] } },
{ "type": "Feature", "properties": { "tipo": "rua", "nome": "EWBANK", "drenagem": 0.0, "iluminacao": 1.0, "compriment": 133.30888793309435 }, "geometry": { "type": "LineString", "coordinates": [ [ -52.094159137355994, -32.029815373335303 ], [ -52.09423844335209, -32.031015674711469 ] ] } },
{ "type": "Feature", "properties": { "tipo": "rua", "nome": "DOUTOR MARIO WERNECK", "drenagem": 1.0, "iluminacao": 1.0, "compriment": 155.5778438619499 }, "geometry": { "type": "LineString", "coordinates": [ [ -52.089806193604424, -32.041207422544339 ], [ -52.089325542695718, -32.042549385850108 ] ] } },
{ "type": "Feature", "properties": { "tipo": "avenida", "nome": "QUINZE DE NOVEMBRO", "drenagem": 1.0, "iluminacao": 1.0, "compriment": 175.82502209606724 }, "geometry": { "type": "LineString", "coordinates": [ [ -52.119201607436658, -32.037583377962207 ], [ -52.119426802039435, -32.037199136983773 ] ] } },
{ "type": "Feature", "properties": { "tipo": "rua", "nome": "MANOEL NUNES DUARTE", "drenagem": 0.0, "iluminacao": 1.0, "compriment": 172.89039459212049 }, "geometry": { "type": "LineString", "coordinates": [ [ -52.182244245685411, -32.067382285114945 ], [ -52.182366038367498, -32.067170728537491 ] ] } },
{ "type": "Feature", "properties": { "tipo": "avenida", "nome": "QUINZE DE NOVEMBRO", "drenagem": 0.0, "iluminacao": 1.0, "compriment": 21.179277719365967 }, "geometry": { "type": "LineString", "coordinates": [ [ -52.119426802039435, -32.037199136983773 ], [ -52.119525231372734, -32.037027525351384 ] ] } },
{ "type": "Feature", "properties": { "tipo": "rua", "nome": "VISCONDE DO RIO GRANDE", "drenagem": 1.0, "iluminacao": 1.0, "compriment": 24.075957593233014 }, "geometry": { "type": "LineString", "coordinates": [ [ -52.110236107406315, -32.03356241952708 ], [ -52.110134919041421, -32.0337616971822 ] ] } },
{ "type": "Feature", "properties": { "tipo": "rua", "nome": "VISCONDE DE PARANAGUA", "drenagem": 1.0, "iluminacao": 1.0, "compriment": 37.317543784469677 }, "geometry": { "type": "LineString", "coordinates": [ [ -52.101824758747256, -32.031198398327845 ], [ -52.101756570478258, -32.03152988301045 ] ] } },
{ "type": "Feature", "properties": { "tipo": "rua", "nome": "JOAO MANOEL", "drenagem": 1.0, "iluminacao": 1.0, "compriment": 120.74825196436444 }, "geometry": { "type": "LineString", "coordinates": [ [ -52.108091761389147, -32.037209693350626 ], [ -52.109242830806288, -32.037683403570227 ] ] } },
{ "type": "Feature", "properties": { "tipo": "rua", "nome": "JOAO MANOEL", "drenagem": 1.0, "iluminacao": 1.0, "compriment": 120.51846819911889 }, "geometry": { "type": "LineString", "coordinates": [ [ -52.109242830806288, -32.037683403570227 ], [ -52.110386379178351, -32.038165507718482 ] ] } },
{ "type": "Feature", "properties": { "tipo": "rua", "nome": "GENERAL NETTO", "drenagem": 1.0, "iluminacao": 0.0, "compriment": 41.531265642267222 }, "geometry": { "type": "LineString", "coordinates": [ [ -52.097519492503586, -32.029296565118962 ], [ -52.097560872346072, -32.029669438288316 ] ] } },
{ "type": "Feature", "properties": { "tipo": "travessa", "nome": "JOAO TOUGUINHA", "drenagem": 1.0, "iluminacao": 1.0, "compriment": 96.315644319299793 }, "geometry": { "type": "LineString", "coordinates": [ [ -52.097879184027008, -32.041248040270268 ], [ -52.098094946023203, -32.04209696388736 ] ] } },
{ "type": "Feature", "properties": { "tipo": "avenida", "nome": "QUINZE DE NOVEMBRO", "drenagem": 0.0, "iluminacao": 1.0, "compriment": 117.63370268509408 }, "geometry": { "type": "MultiLineString", "coordinates": [ [ [ -52.119525231372734, -32.037027525351384 ], [ -52.119543504922049, -32.036995056331669 ] ], [ [ -52.11981372868236, -32.036514914217449 ], [ -52.120063601974749, -32.036070931457552 ] ] ] } },
{ "type": "Feature", "properties": { "tipo": "rua", "nome": "CENTO E CINQUENTA E OITO", "drenagem": 0.0, "iluminacao": 1.0, "compriment": 64.038132815379925 }, "geometry": { "type": "LineString", "coordinates": [ [ -52.168052944547497, -32.056412253520968 ], [ -52.168680879305626, -32.056630279475975 ] ] } },
{ "type": "Feature", "properties": { "tipo": "rua", "nome": "VISCONDE DO RIO GRANDE", "drenagem": 1.0, "iluminacao": 1.0, "compriment": 117.8215041688037 }, "geometry": { "type": "LineString", "coordinates": [ [ -52.110134919041421, -32.0337616971822 ], [ -52.109547358850428, -32.034698964476974 ] ] } },
{ "type": "Feature", "properties": { "tipo": "avenida", "nome": "DOS BANDEIRANTES", "drenagem": 0.0, "iluminacao": 1.0, "compriment": 97.982138897528117 }, "geometry": { "type": "MultiLineString", "coordinates": [ [ [ -52.142349538286986, -32.05319285060007 ], [ -52.142648333373728, -32.053323407480072 ] ], [ [ -52.143174654330302, -32.053553380545281 ], [ -52.143272659306298, -32.053596203283867 ] ] ] } },
{ "type": "Feature", "properties": { "tipo": "avenida", "nome": "BUARQUE DE MACEDO", "drenagem": 1.0, "iluminacao": 1.0, "compriment": 62.360614345175257 }, "geometry": { "type": "LineString", "coordinates": [ [ -52.116371468175217, -32.045936862160282 ], [ -52.116305994056894, -32.045907564834543 ] ] } },
{ "type": "Feature", "properties": { "tipo": "avenida", "nome": "BUARQUE DE MACEDO", "drenagem": 1.0, "iluminacao": 1.0, "compriment": 49.379682404481613 }, "geometry": { "type": "LineString", "coordinates": [ [ -52.116305994056894, -32.045907564834543 ], [ -52.115832974735206, -32.045717859641904 ] ] } },
{ "type": "Feature", "properties": { "tipo": "avenida", "nome": "BUARQUE DE MACEDO", "drenagem": 1.0, "iluminacao": 1.0, "compriment": 57.331249814532065 }, "geometry": { "type": "LineString", "coordinates": [ [ -52.116426829706739, -32.045754553008074 ], [ -52.116411338547337, -32.045748629753774 ] ] } },
{ "type": "Feature", "properties": { "tipo": "avenida", "nome": "BUARQUE DE MACEDO", "drenagem": 1.0, "iluminacao": 1.0, "compriment": 52.371221153523841 }, "geometry": { "type": "LineString", "coordinates": [ [ -52.116411338547337, -32.045748629753774 ], [ -52.115917445195308, -32.045533918829555 ] ] } },
{ "type": "Feature", "properties": { "tipo": "avenida", "nome": "BUARQUE DE MACEDO", "drenagem": 1.0, "iluminacao": 1.0, "compriment": 70.374819857529985 }, "geometry": { "type": "LineString", "coordinates": [ [ -52.115719722729075, -32.045456016472997 ], [ -52.115059193432629, -32.045162302532724 ] ] } },
{ "type": "Feature", "properties": { "tipo": "avenida", "nome": "BUARQUE DE MACEDO", "drenagem": 1.0, "iluminacao": 1.0, "compriment": 24.957609647328258 }, "geometry": { "type": "LineString", "coordinates": [ [ -52.115059193432629, -32.045162302532724 ], [ -52.114821279696848, -32.045064351942223 ] ] } },
{ "type": "Feature", "properties": { "tipo": "avenida", "nome": "BUARQUE DE MACEDO", "drenagem": 1.0, "iluminacao": 1.0, "compriment": 120.05262404091815 }, "geometry": { "type": "MultiLineString", "coordinates": [ [ [ -52.113718469051797, -32.044595146875629 ], [ -52.113538263947895, -32.044519932634699 ] ], [ [ -52.112939488279913, -32.044270014866683 ], [ -52.112774818073333, -32.044201284601435 ] ], [ [ -52.112728857195599, -32.044182101390433 ], [ -52.112577045849342, -32.044118738173047 ] ] ] } },
{ "type": "Feature", "properties": { "tipo": "avenida", "nome": "BUARQUE DE MACEDO", "drenagem": 1.0, "iluminacao": 1.0, "compriment": 119.61799606548024 }, "geometry": { "type": "LineString", "coordinates": [ [ -52.112577045849342, -32.044118738173047 ], [ -52.111450996187664, -32.043625004443584 ] ] } },
{ "type": "Feature", "properties": { "tipo": "rua", "nome": "DOUTOR OTHELO GONCALVES", "drenagem": 0.0, "iluminacao": 1.0, "compriment": 174.72812066139073 }, "geometry": { "type": "MultiLineString", "coordinates": [ [ [ -52.17218466093707, -32.059724734183433 ], [ -52.172269072597452, -32.059596226108937 ] ], [ [ -52.17241972796409, -32.059366868802243 ], [ -52.173087963834895, -32.058349548390844 ] ] ] } },
{ "type": "Feature", "properties": { "tipo": "avenida", "nome": "BUARQUE DE MACEDO", "drenagem": 1.0, "iluminacao": 1.0, "compriment": 121.77424795342314 }, "geometry": { "type": "LineString", "coordinates": [ [ -52.111450996187664, -32.043625004443584 ], [ -52.110295061092437, -32.043138570770616 ] ] } },
{ "type": "Feature", "properties": { "tipo": "avenida", "nome": "BUARQUE DE MACEDO", "drenagem": 1.0, "iluminacao": 1.0, "compriment": 118.98142647571335 }, "geometry": { "type": "LineString", "coordinates": [ [ -52.110295061092437, -32.043138570770616 ], [ -52.109171049015536, -32.042654084088078 ] ] } },
{ "type": "Feature", "properties": { "tipo": "avenida", "nome": "BUARQUE DE MACEDO", "drenagem": 1.0, "iluminacao": 1.0, "compriment": 117.28851252214514 }, "geometry": { "type": "LineString", "coordinates": [ [ -52.108018382939541, -32.042160361172257 ], [ -52.106910487734467, -32.041682578996038 ] ] } },
{ "type": "Feature", "properties": { "tipo": "avenida", "nome": "BUARQUE DE MACEDO", "drenagem": 1.0, "iluminacao": 1.0, "compriment": 120.39641663475774 }, "geometry": { "type": "LineString", "coordinates": [ [ -52.106910487734467, -32.041682578996038 ], [ -52.105764027173912, -32.041207955939726 ] ] } },
{ "type": "Feature", "properties": { "tipo": "avenida", "nome": "BUARQUE DE MACEDO", "drenagem": 1.0, "iluminacao": 1.0, "compriment": 118.73211188770686 }, "geometry": { "type": "LineString", "coordinates": [ [ -52.105764027173912, -32.041207955939726 ], [ -52.104635160311979, -32.040736857126475 ] ] } },
{ "type": "Feature", "properties": { "tipo": "rua", "nome": "MARCÍLIO DIAS", "drenagem": 0.0, "iluminacao": 1.0, "compriment": 21.232944131846381 }, "geometry": { "type": "LineString", "coordinates": [ [ -52.116075544687916, -32.035748991596776 ], [ -52.115974994382071, -32.035920249451571 ] ] } },
{ "type": "Feature", "properties": { "tipo": "avenida", "nome": "BUARQUE DE MACEDO", "drenagem": 1.0, "iluminacao": 1.0, "compriment": 122.1938423127623 }, "geometry": { "type": "LineString", "coordinates": [ [ -52.104635160311979, -32.040736857126475 ], [ -52.103581697979877, -32.040275847785892 ] ] } },
{ "type": "Feature", "properties": { "tipo": "rua", "nome": "SAO DOMINGOS SAVIO", "drenagem": 1.0, "iluminacao": 1.0, "compriment": 119.34050663231928 }, "geometry": { "type": "LineString", "coordinates": [ [ -52.109461568146521, -32.030040133937632 ], [ -52.11058397845634, -32.030534146020827 ] ] } },
{ "type": "Feature", "properties": { "tipo": "avenida", "nome": "QUINZE DE NOVEMBRO", "drenagem": 1.0, "iluminacao": 1.0, "compriment": 99.243520561414215 }, "geometry": { "type": "LineString", "coordinates": [ [ -52.11519893440277, -32.044915585373516 ], [ -52.115059193432629, -32.045162302532724 ] ] } },
{ "type": "Feature", "properties": { "tipo": "avenida", "nome": "QUINZE DE NOVEMBRO", "drenagem": 1.0, "iluminacao": 1.0, "compriment": 23.682035553246699 }, "geometry": { "type": "LineString", "coordinates": [ [ -52.115059193432629, -32.045162302532724 ], [ -52.114952066783552, -32.045355398127633 ] ] } },
{ "type": "Feature", "properties": { "tipo": "avenida", "nome": "MAJOR CARLOS PINTO", "drenagem": 0.0, "iluminacao": 0.0, "compriment": 21.615561139922573 }, "geometry": { "type": "LineString", "coordinates": [ [ -52.108713385825965, -32.030919923224012 ], [ -52.108571459174243, -32.031072832535195 ] ] } },
{ "type": "Feature", "properties": { "tipo": "avenida", "nome": "MAJOR CARLOS PINTO", "drenagem": 1.0, "iluminacao": 1.0, "compriment": 105.06618477982175 }, "geometry": { "type": "MultiLineString", "coordinates": [ [ [ -52.107597231696325, -32.03274820169073 ], [ -52.107365322991186, -32.033137481831481 ] ], [ [ -52.107318998871897, -32.033215241136233 ], [ -52.107093874941611, -32.033593132406921 ] ] ] } },
{ "type": "Feature", "properties": { "tipo": "avenida", "nome": "MAJOR CARLOS PINTO", "drenagem": 1.0, "iluminacao": 1.0, "compriment": 84.105702472473695 }, "geometry": { "type": "MultiLineString", "coordinates": [ [ [ -52.107093874941611, -32.033593132406921 ], [ -52.106981316135425, -32.033785528678195 ] ], [ [ -52.106880660010034, -32.033957579749661 ], [ -52.106696723513878, -32.034271981591793 ] ] ] } },
{ "type": "Feature", "properties": { "tipo": "avenida", "nome": "PORTUGAL", "drenagem": 1.0, "iluminacao": 1.0, "compriment": 119.72861075686949 }, "geometry": { "type": "MultiLineString", "coordinates": [ [ [ -52.109086598892866, -32.033107468902152 ], [ -52.109210019789238, -32.033156316225401 ] ], [ [ -52.110112271467251, -32.033513407938905 ], [ -52.110236107406315, -32.03356241952708 ] ] ] } },
{ "type": "Feature", "properties": { "tipo": "avenida", "nome": "MAJOR CARLOS PINTO", "drenagem": 1.0, "iluminacao": 1.0, "compriment": 118.71077190991377 }, "geometry": { "type": "MultiLineString", "coordinates": [ [ [ -52.106662610043671, -32.034330333801726 ], [ -52.106630679892504, -32.034385082411518 ] ], [ [ -52.106339277635868, -32.034884731422139 ], [ -52.106277050763602, -32.03499142790254 ] ], [ [ -52.106122491577459, -32.035256440759099 ], [ -52.10610345077226, -32.035289088822942 ] ] ] } },
{ "type": "Feature", "properties": { "tipo": "rua", "nome": "DOUTOR PAULINO DE MELLO DUTRA", "drenagem": 0.0, "iluminacao": 1.0, "compriment": 39.781698265550254 }, "geometry": { "type": "LineString", "coordinates": [ [ -52.169133444709828, -32.060416594123261 ], [ -52.169328193376913, -32.060098473282537 ] ] } },
{ "type": "Feature", "properties": { "tipo": "avenida", "nome": "MAJOR CARLOS PINTO", "drenagem": 1.0, "iluminacao": 1.0, "compriment": 108.68091178124682 }, "geometry": { "type": "LineString", "coordinates": [ [ -52.104158602634513, -32.038602018977322 ], [ -52.104124747106326, -32.038661490521115 ] ] } },
{ "type": "Feature", "properties": { "tipo": "avenida", "nome": "MAJOR CARLOS PINTO", "drenagem": 1.0, "iluminacao": 1.0, "compriment": 153.79696726136228 }, "geometry": { "type": "MultiLineString", "coordinates": [ [ [ -52.103988530891598, -32.038886960150037 ], [ -52.103948807193575, -32.038954559580652 ] ], [ [ -52.103661269998319, -32.039443873306368 ], [ -52.103558422348364, -32.03961889333025 ] ] ] } },
{ "type": "Feature", "properties": { "tipo": "rua", "nome": "DOUTOR PAULINO DE MELLO DUTRA", "drenagem": 0.0, "iluminacao": 1.0, "compriment": 41.493784499819618 }, "geometry": { "type": "LineString", "coordinates": [ [ -52.169328193376913, -32.060098473282537 ], [ -52.169536460822385, -32.059768979521806 ] ] } },
{ "type": "Feature", "properties": { "tipo": "avenida", "nome": "MAJOR CARLOS PINTO", "drenagem": 1.0, "iluminacao": 1.0, "compriment": 42.631382306241079 }, "geometry": { "type": "LineString", "coordinates": [ [ -52.102431671343403, -32.041535361485067 ], [ -52.102244722806013, -32.041860249691503 ] ] } },
{ "type": "Feature", "properties": { "tipo": "avenida", "nome": "MAJOR CARLOS PINTO", "drenagem": 1.0, "iluminacao": 1.0, "compriment": 91.669978374834656 }, "geometry": { "type": "LineString", "coordinates": [ [ -52.100647180414128, -32.044636433024394 ], [ -52.100172841196589, -32.045357678781123 ] ] } },
{ "type": "Feature", "properties": { "tipo": "avenida", "nome": "MAJOR CARLOS PINTO", "drenagem": 1.0, "iluminacao": 1.0, "compriment": 76.161404815040569 }, "geometry": { "type": "LineString", "coordinates": [ [ -52.110373538741335, -32.028517460579479 ], [ -52.11000313971649, -32.029127525518433 ] ] } },
{ "type": "Feature", "properties": { "tipo": "avenida", "nome": "MAJOR CARLOS PINTO", "drenagem": 1.0, "iluminacao": 1.0, "compriment": 51.049392692711528 }, "geometry": { "type": "LineString", "coordinates": [ [ -52.109699909330679, -32.029626953818514 ], [ -52.109461568146521, -32.030040133937632 ] ] } },
{ "type": "Feature", "properties": { "tipo": "avenida", "nome": "MAJOR CARLOS PINTO", "drenagem": 1.0, "iluminacao": 1.0, "compriment": 95.166202783476606 }, "geometry": { "type": "MultiLineString", "coordinates": [ [ [ -52.106789350103426, -32.034608592873482 ], [ -52.106745478522107, -32.034681133270333 ] ], [ [ -52.106378977831803, -32.035287131611852 ], [ -52.106333144750117, -32.035362915293092 ] ] ] } },
{ "type": "Feature", "properties": { "tipo": "avenida", "nome": "MAJOR CARLOS PINTO", "drenagem": 1.0, "iluminacao": 1.0, "compriment": 90.444478193918883 }, "geometry": { "type": "MultiLineString", "coordinates": [ [ [ -52.104417808361184, -32.038659581228721 ], [ -52.10438290105138, -32.038717890208062 ] ], [ [ -52.104317489804309, -32.038827152797339 ], [ -52.10422890630538, -32.038975122189356 ] ], [ [ -52.104018023214479, -32.03932738015078 ], [ -52.103982808215711, -32.039386203092079 ] ] ] } },
{ "type": "Feature", "properties": { "tipo": "avenida", "nome": "PORTUGAL", "drenagem": 1.0, "iluminacao": 1.0, "compriment": 119.51342028819039 }, "geometry": { "type": "LineString", "coordinates": [ [ -52.110236107406315, -32.03356241952708 ], [ -52.111406528149736, -32.03397180694494 ] ] } },
{ "type": "Feature", "properties": { "tipo": "avenida", "nome": "PRESIDENTE VARGAS", "drenagem": 1.0, "iluminacao": 1.0, "compriment": 39.208878413393357 }, "geometry": { "type": "LineString", "coordinates": [ [ -52.116671221567536, -32.050163571521765 ], [ -52.116598900874692, -32.050298737441814 ], [ -52.116535113320595, -32.050417954717524 ], [ -52.116513474844908, -32.050457615308588 ], [ -52.116498479473734, -32.05048509990359 ] ] } },
{ "type": "Feature", "properties": { "tipo": "avenida", "nome": "BUARQUE DE MACEDO", "drenagem": 1.0, "iluminacao": 1.0, "compriment": 121.26293775421313 }, "geometry": { "type": "LineString", "coordinates": [ [ -52.106797375705895, -32.041885236604081 ], [ -52.105657776686009, -32.04138156877957 ] ] } },
{ "type": "Feature", "properties": { "tipo": "rua", "nome": "DOMINGOS DE ALMEIDA", "drenagem": 1.0, "iluminacao": 1.0, "compriment": 16.552119847109839 }, "geometry": { "type": "LineString", "coordinates": [ [ -52.113867252145518, -32.048919847696531 ], [ -52.113787585803699, -32.049052804294817 ] ] } },
{ "type": "Feature", "properties": { "tipo": "avenida", "nome": "PORTUGAL", "drenagem": 1.0, "iluminacao": 1.0, "compriment": 118.15132403606293 }, "geometry": { "type": "LineString", "coordinates": [ [ -52.110134919041421, -32.0337616971822 ], [ -52.111280130160928, -32.034190223397822 ] ] } },
{ "type": "Feature", "properties": { "tipo": "avenida", "nome": "PORTUGAL", "drenagem": 1.0, "iluminacao": 1.0, "compriment": 117.08909079638681 }, "geometry": { "type": "LineString", "coordinates": [ [ -52.112468060098514, -32.034619959734272 ], [ -52.113607148391985, -32.035036467843881 ] ] } },
{ "type": "Feature", "properties": { "tipo": "avenida", "nome": "PORTUGAL", "drenagem": 1.0, "iluminacao": 1.0, "compriment": 121.29968033931506 }, "geometry": { "type": "LineString", "coordinates": [ [ -52.114799313717249, -32.035480171272638 ], [ -52.115974994382071, -32.035920249451571 ] ] } },
{ "type": "Feature", "properties": { "tipo": "avenida", "nome": "PORTUGAL", "drenagem": 1.0, "iluminacao": 1.0, "compriment": 117.37572325910435 }, "geometry": { "type": "LineString", "coordinates": [ [ -52.115974994382071, -32.035920249451571 ], [ -52.117118393633739, -32.036334775053788 ] ] } },
{ "type": "Feature", "properties": { "tipo": "rua", "nome": "PROFESSOR RUBIO BRASILIANO", "drenagem": 1.0, "iluminacao": 1.0, "compriment": 140.12224310157615 }, "geometry": { "type": "MultiLineString", "coordinates": [ [ [ -52.093353252572214, -32.044056978201439 ], [ -52.093900114634003, -32.044066006074758 ] ], [ [ -52.094012278696056, -32.044067857735378 ], [ -52.094137503037928, -32.044069925001651 ] ], [ [ -52.09423900786107, -32.044071600694203 ], [ -52.094390102569108, -32.044074095041459 ] ], [ [ -52.094570142313316, -32.044077067227896 ], [ -52.094836566707777, -32.044081465495488 ] ] ] } },
{ "type": "Feature", "properties": { "tipo": "rua", "nome": "LUIZ LOREA", "drenagem": 1.0, "iluminacao": 1.0, "compriment": 55.682071945564175 }, "geometry": { "type": "MultiLineString", "coordinates": [ [ [ -52.092749272864616, -32.032975118517882 ], [ -52.09287963915726, -32.032954238606699 ] ], [ [ -52.093150007815645, -32.032910935437926 ], [ -52.093328603664318, -32.032882330916145 ] ] ] } },
{ "type": "Feature", "properties": { "tipo": "rua", "nome": "ENGENHEIRO ELMER LAWSORENCE CORTHEILL", "drenagem": 0.0, "iluminacao": 0.0, "compriment": 90.747205489090135 }, "geometry": { "type": "LineString", "coordinates": [ [ -52.142395538453947, -32.050891380635271 ], [ -52.141542837086675, -32.050514128860812 ] ] } },
{ "type": "Feature", "properties": { "tipo": "avenida", "nome": "PORTUGAL", "drenagem": 1.0, "iluminacao": 1.0, "compriment": 120.25247092826966 }, "geometry": { "type": "LineString", "coordinates": [ [ -52.117118393633739, -32.036334775053788 ], [ -52.118280062612882, -32.036778484955597 ] ] } },
{ "type": "Feature", "properties": { "tipo": "avenida", "nome": "PORTUGAL", "drenagem": 1.0, "iluminacao": 1.0, "compriment": 25.826348112248375 }, "geometry": { "type": "LineString", "coordinates": [ [ -52.119525231372734, -32.037027525351384 ], [ -52.11958548641465, -32.037079056897852 ], [ -52.119638319635001, -32.037126808231875 ], [ -52.119687250445899, -32.037211684704076 ] ] } },
{ "type": "Feature", "properties": { "tipo": "avenida", "nome": "PORTUGAL", "drenagem": 1.0, "iluminacao": 1.0, "compriment": 117.0955896860856 }, "geometry": { "type": "MultiLineString", "coordinates": [ [ [ -52.116075544687916, -32.035748991596776 ], [ -52.116533748273291, -32.035916862312241 ] ], [ [ -52.116789033358828, -32.036010390366847 ], [ -52.117214360398975, -32.036166216198019 ] ] ] } },
{ "type": "Feature", "properties": { "tipo": "rua", "nome": "VISCONDE DE RIO BRANCO", "drenagem": 1.0, "iluminacao": 1.0, "compriment": 117.96882571771727 }, "geometry": { "type": "LineString", "coordinates": [ [ -52.137318735781363, -32.047560757671981 ], [ -52.138427376458345, -32.048050866766332 ] ] } },
{ "type": "Feature", "properties": { "tipo": "rua", "nome": "GENERAL ABREU", "drenagem": 1.0, "iluminacao": 1.0, "compriment": 120.56017727269963 }, "geometry": { "type": "LineString", "coordinates": [ [ -52.107372626318941, -32.040839386563249 ], [ -52.108516610080336, -32.041321656657175 ] ] } },
{ "type": "Feature", "properties": { "tipo": "avenida", "nome": "PORTUGAL", "drenagem": 1.0, "iluminacao": 1.0, "compriment": 120.59096630508479 }, "geometry": { "type": "MultiLineString", "coordinates": [ [ [ -52.117214360398975, -32.036166216198019 ], [ -52.117293548586716, -32.036194715028451 ] ], [ [ -52.117497457944289, -32.036268099435517 ], [ -52.118031713273297, -32.036460371192966 ] ], [ [ -52.118126246701365, -32.036494392581929 ], [ -52.118390397712098, -32.036589457200492 ] ] ] } },
{ "type": "Feature", "properties": { "tipo": "avenida", "nome": "PORTUGAL", "drenagem": 1.0, "iluminacao": 1.0, "compriment": 79.872574631949888 }, "geometry": { "type": "MultiLineString", "coordinates": [ [ [ -52.118390397712098, -32.036589457200492 ], [ -52.118545540642081, -32.036651086149043 ] ], [ [ -52.118810783635467, -32.036756451226225 ], [ -52.119156770450672, -32.036893890964116 ] ] ] } },
{ "type": "Feature", "properties": { "tipo": "rua", "nome": "GENERAL CAMARA", "drenagem": 1.0, "iluminacao": 1.0, "compriment": 130.95341252606352 }, "geometry": { "type": "LineString", "coordinates": [ [ -52.087732128063053, -32.036250735287027 ], [ -52.089085701738249, -32.03599529051192 ] ] } },
{ "type": "Feature", "properties": { "tipo": "rua", "nome": "GENERAL CAMARA", "drenagem": 1.0, "iluminacao": 1.0, "compriment": 108.46995610330481 }, "geometry": { "type": "LineString", "coordinates": [ [ -52.091079318468651, -32.035625221399243 ], [ -52.092198482420521, -32.035406061377515 ] ] } },
{ "type": "Feature", "properties": { "tipo": "rua", "nome": "GENERAL CAMARA", "drenagem": 1.0, "iluminacao": 1.0, "compriment": 103.80538572319655 }, "geometry": { "type": "LineString", "coordinates": [ [ -52.092198482420521, -32.035406061377515 ], [ -52.09327352458233, -32.0352117754882 ] ] } },
{ "type": "Feature", "properties": { "tipo": "rua", "nome": "GENERAL CAMARA", "drenagem": 1.0, "iluminacao": 1.0, "compriment": 59.084176350199606 }, "geometry": { "type": "MultiLineString", "coordinates": [ [ [ -52.09327352458233, -32.0352117754882 ], [ -52.093330154727219, -32.03520094745241 ] ], [ [ -52.093708284940277, -32.035128646604711 ], [ -52.093883851453576, -32.035095077195813 ] ] ] } },
{ "type": "Feature", "properties": { "tipo": "rua", "nome": "GENERAL CAMARA", "drenagem": 1.0, "iluminacao": 1.0, "compriment": 125.9382985090037 }, "geometry": { "type": "MultiLineString", "coordinates": [ [ [ -52.093883851453576, -32.035095077195813 ], [ -52.093970847939715, -32.035079022651338 ] ], [ [ -52.094510074762653, -32.034979512413685 ], [ -52.094668012497557, -32.034950366197535 ] ] ] } },
{ "type": "Feature", "properties": { "tipo": "rua", "nome": "GENERAL CAMARA", "drenagem": 1.0, "iluminacao": 1.0, "compriment": 50.447676533897607 }, "geometry": { "type": "LineString", "coordinates": [ [ -52.095414475875295, -32.034810584901642 ], [ -52.095707723810925, -32.034753856044667 ] ] } },
{ "type": "Feature", "properties": { "tipo": "rua", "nome": "GENERAL CAMARA", "drenagem": 1.0, "iluminacao": 1.0, "compriment": 126.35359241939069 }, "geometry": { "type": "LineString", "coordinates": [ [ -52.097117226499556, -32.034493294034661 ], [ -52.098427725709286, -32.034264791148566 ] ] } },
{ "type": "Feature", "properties": { "tipo": "rua", "nome": "GENERAL CAMARA", "drenagem": 1.0, "iluminacao": 1.0, "compriment": 130.72932030056245 }, "geometry": { "type": "LineString", "coordinates": [ [ -52.087739185549388, -32.03617126581851 ], [ -52.089093797449664, -32.035929520784734 ] ] } },
{ "type": "Feature", "properties": { "tipo": "rua", "nome": "NICOLAU COELHO", "drenagem": 1.0, "iluminacao": 1.0, "compriment": 54.305924790844223 }, "geometry": { "type": "LineString", "coordinates": [ [ -52.099928047091701, -32.044411064141038 ], [ -52.099365908966526, -32.044514011190913 ] ] } },
{ "type": "Feature", "properties": { "tipo": "rua", "nome": "NICOLAU COELHO", "drenagem": 0.0, "iluminacao": 1.0, "compriment": 92.674716560414737 }, "geometry": { "type": "LineString", "coordinates": [ [ -52.095448674075278, -32.045259814960389 ], [ -52.096397366780302, -32.045077946108769 ] ] } },
{ "type": "Feature", "properties": { "tipo": "rua", "nome": "GENERAL BERTOLDO KLINGER", "drenagem": 0.0, "iluminacao": 1.0, "compriment": 17.685186257369491 }, "geometry": { "type": "LineString", "coordinates": [ [ -52.094822432317294, -32.044707773397086 ], [ -52.094817178961527, -32.044867198128806 ] ] } },
{ "type": "Feature", "properties": { "tipo": "rua", "nome": "DOM MANOEL I", "drenagem": 1.0, "iluminacao": 1.0, "compriment": 88.053620553570482 }, "geometry": { "type": "LineString", "coordinates": [ [ -52.095524670514699, -32.042571315320764 ], [ -52.096434791655312, -32.042415343590179 ] ] } },
{ "type": "Feature", "properties": { "tipo": "rua", "nome": "ERNANI FORNARI", "drenagem": 0.0, "iluminacao": 1.0, "compriment": 174.45134178197222 }, "geometry": { "type": "LineString", "coordinates": [ [ -52.095247559215814, -32.041733412034034 ], [ -52.095227381227303, -32.042622261675049 ], [ -52.095218513170039, -32.042891516381239 ], [ -52.095204855139052, -32.043306204250783 ] ] } },
{ "type": "Feature", "properties": { "tipo": "rua", "nome": "ERNANI FORNARI", "drenagem": 0.0, "iluminacao": 1.0, "compriment": 148.85346565909555 }, "geometry": { "type": "LineString", "coordinates": [ [ -52.095204855139052, -32.043306204250783 ], [ -52.0951921072459, -32.043967934083888 ], [ -52.095169970529163, -32.044648235717979 ] ] } },
{ "type": "Feature", "properties": { "tipo": "rua", "nome": "MARTIN AFONSO DE SOUZA", "drenagem": 1.0, "iluminacao": 1.0, "compriment": 91.740645664966863 }, "geometry": { "type": "MultiLineString", "coordinates": [ [ [ -52.095654897834969, -32.0438846062113 ], [ -52.095990005893391, -32.043822167078183 ] ], [ [ -52.096045235037145, -32.043811876487517 ], [ -52.096429534953494, -32.043740271663253 ] ] ] } },
{ "type": "Feature", "properties": { "tipo": "rua", "nome": "DOUTOR LAZARO LUDOVICO ZAMENHOF", "drenagem": 1.0, "iluminacao": 1.0, "compriment": 42.640117298422155 }, "geometry": { "type": "LineString", "coordinates": [ [ -52.093412423268518, -32.046432820997879 ], [ -52.093420598495484, -32.046817292447308 ] ] } },
{ "type": "Feature", "properties": { "tipo": "rua", "nome": "DOUTOR LAZARO LUDOVICO ZAMENHOF", "drenagem": 1.0, "iluminacao": 1.0, "compriment": 42.704588513817043 }, "geometry": { "type": "LineString", "coordinates": [ [ -52.093420598495484, -32.046817292447308 ], [ -52.093431141569106, -32.04720230362679 ] ] } },
{ "type": "Feature", "properties": { "tipo": "rua", "nome": "GENERAL CAMARA", "drenagem": 1.0, "iluminacao": 1.0, "compriment": 190.41267608750857 }, "geometry": { "type": "LineString", "coordinates": [ [ -52.089093797449664, -32.035929520784734 ], [ -52.091063457122488, -32.035563927283285 ] ] } },
{ "type": "Feature", "properties": { "tipo": "rua", "nome": "DOUTOR LAZARO LUDOVICO ZAMENHOF", "drenagem": 1.0, "iluminacao": 1.0, "compriment": 29.656313529175844 }, "geometry": { "type": "LineString", "coordinates": [ [ -52.093431141569106, -32.04720230362679 ], [ -52.093434471984722, -32.04746973330564 ] ] } },
{ "type": "Feature", "properties": { "tipo": "rua", "nome": "RADIALISTA GLENIO FREITAS", "drenagem": 1.0, "iluminacao": 1.0, "compriment": 192.94499417792454 }, "geometry": { "type": "MultiLineString", "coordinates": [ [ [ -52.086643672105673, -32.043654250092395 ], [ -52.086739848568094, -32.044731830801673 ] ], [ [ -52.086749264979979, -32.04483733420178 ], [ -52.086777094901713, -32.045149146323432 ] ] ] } },
{ "type": "Feature", "properties": { "tipo": "rua", "nome": "SEM DENOMINACAO", "drenagem": 0.0, "iluminacao": 1.0, "compriment": 70.946621444952171 }, "geometry": { "type": "LineString", "coordinates": [ [ -52.087562810089331, -32.043134167672903 ], [ -52.087231290346871, -32.043370127921044 ], [ -52.0869511524308, -32.043500337262472 ] ] } },
{ "type": "Feature", "properties": { "tipo": "rua", "nome": "SEM DENOMINACAO", "drenagem": 0.0, "iluminacao": 1.0, "compriment": 33.684784365465561 }, "geometry": { "type": "LineString", "coordinates": [ [ -52.0869511524308, -32.043500337262472 ], [ -52.086643672105673, -32.043654250092395 ] ] } },
{ "type": "Feature", "properties": { "tipo": "avenida", "nome": "ENGENHEIRO FRANCISCO MARTINS BASTOS", "drenagem": 0.0, "iluminacao": 1.0, "compriment": 84.754489449774482 }, "geometry": { "type": "LineString", "coordinates": [ [ -52.087562810089331, -32.043134167672903 ], [ -52.086943329363407, -32.043255094057322 ], [ -52.086703707044343, -32.043344951810838 ] ] } },
{ "type": "Feature", "properties": { "tipo": "rua", "nome": "SEM DENOMINACAO", "drenagem": 0.0, "iluminacao": 1.0, "compriment": 56.712422564073563 }, "geometry": { "type": "LineString", "coordinates": [ [ -52.083331015865568, -32.04882833963395 ], [ -52.083307103868165, -32.048750880437744 ] ] } },
{ "type": "Feature", "properties": { "tipo": "rua", "nome": "SEM DENOMINACAO", "drenagem": 0.0, "iluminacao": 0.0, "compriment": 39.602870150761447 }, "geometry": { "type": "LineString", "coordinates": [ [ -52.084958699324602, -32.049226681886985 ], [ -52.08488020358628, -32.049267713839058 ], [ -52.084784597183919, -32.049308892174906 ], [ -52.08470247008237, -32.049376861838056 ], [ -52.084641468194924, -32.049450256257487 ] ] } },
{ "type": "Feature", "properties": { "tipo": "rua", "nome": "SEM DENOMINACAO", "drenagem": 0.0, "iluminacao": 1.0, "compriment": 170.47455489116436 }, "geometry": { "type": "MultiLineString", "coordinates": [ [ [ -52.084910852977266, -32.049410954139127 ], [ -52.084820312869319, -32.049435272431587 ], [ -52.084641468194924, -32.049450256257487 ], [ -52.084327028243706, -32.049464157590847 ], [ -52.084124240647363, -32.049458044325867 ], [ -52.084094967007289, -32.04943138794507 ], [ -52.084010288622729, -32.049283003914127 ], [ -52.08397998426436, -32.049168909393167 ], [ -52.083947544477198, -32.048985324031001 ], [ -52.083940126475611, -32.048899851297762 ] ], [ [ -52.083913000757988, -32.048739473669293 ], [ -52.083887371960785, -32.048631359517003 ] ] ] } },
{ "type": "Feature", "properties": { "tipo": "rua", "nome": "GENERAL CAMARA", "drenagem": 1.0, "iluminacao": 1.0, "compriment": 108.66875229571018 }, "geometry": { "type": "LineString", "coordinates": [ [ -52.091063457122488, -32.035563927283285 ], [ -52.092184730321982, -32.035344583847845 ] ] } },
{ "type": "Feature", "properties": { "tipo": "rua", "nome": "ALMIRANTE BARROSO", "drenagem": 1.0, "iluminacao": 1.0, "compriment": 95.704150568448838 }, "geometry": { "type": "LineString", "coordinates": [ [ -52.087611476639147, -32.03727104487001 ], [ -52.087518387441357, -32.038130469175712 ] ] } },
{ "type": "Feature", "properties": { "tipo": "rua", "nome": "CARLOS VIGNOLI", "drenagem": 0.0, "iluminacao": 1.0, "compriment": 10.934412629183456 }, "geometry": { "type": "LineString", "coordinates": [ [ -52.083887371960785, -32.048631359517003 ], [ -52.083999905392005, -32.048608180065457 ] ] } },
{ "type": "Feature", "properties": { "tipo": "rua", "nome": "SEM DENOMINACAO", "drenagem": 0.0, "iluminacao": 0.0, "compriment": 22.39873297670718 }, "geometry": { "type": "LineString", "coordinates": [ [ -52.085038512509925, -32.049411736416097 ], [ -52.084978321492315, -32.049411497782899 ], [ -52.084910852977266, -32.049410954139127 ] ] } },
{ "type": "Feature", "properties": { "tipo": "rua", "nome": "SEM DENOMINACAO", "drenagem": 0.0, "iluminacao": 1.0, "compriment": 42.880271283304523 }, "geometry": { "type": "LineString", "coordinates": [ [ -52.084010288622729, -32.049283003914127 ], [ -52.083953440964301, -32.049262188872191 ], [ -52.083850975644843, -32.049279881762722 ], [ -52.083709143213689, -32.04930800115757 ], [ -52.083612140751015, -32.04934246386469 ], [ -52.083591385394769, -32.049368426923863 ] ] } },
{ "type": "Feature", "properties": { "tipo": "rua", "nome": "DOUTOR LAZARO LUDOVICO ZAMENHOF", "drenagem": 1.0, "iluminacao": 1.0, "compriment": 32.635712178053879 }, "geometry": { "type": "LineString", "coordinates": [ [ -52.092994290429154, -32.043466483214068 ], [ -52.093339822864372, -32.043468382676735 ] ] } },
{ "type": "Feature", "properties": { "tipo": "rua", "nome": "DOUTOR LAZARO LUDOVICO ZAMENHOF", "drenagem": 1.0, "iluminacao": 1.0, "compriment": 21.332597328381748 }, "geometry": { "type": "LineString", "coordinates": [ [ -52.093339822864372, -32.043468382676735 ], [ -52.093339021538064, -32.043660761882734 ] ] } },
{ "type": "Feature", "properties": { "tipo": "rua", "nome": "DOUTOR LAZARO LUDOVICO ZAMENHOF", "drenagem": 1.0, "iluminacao": 1.0, "compriment": 19.933291212221246 }, "geometry": { "type": "LineString", "coordinates": [ [ -52.093368233633761, -32.044678519576443 ], [ -52.093369745842857, -32.04485827620173 ] ] } },
{ "type": "Feature", "properties": { "tipo": "rua", "nome": "DOUTOR LAZARO LUDOVICO ZAMENHOF", "drenagem": 1.0, "iluminacao": 1.0, "compriment": 19.920920822633924 }, "geometry": { "type": "LineString", "coordinates": [ [ -52.093408603947395, -32.046253200815109 ], [ -52.093412423268518, -32.046432820997879 ] ] } },
{ "type": "Feature", "properties": { "tipo": "rua", "nome": "GENERAL CAMARA", "drenagem": 1.0, "iluminacao": 1.0, "compriment": 103.92423882600957 }, "geometry": { "type": "LineString", "coordinates": [ [ -52.092184730321982, -32.035344583847845 ], [ -52.093261940629716, -32.035153880297948 ] ] } },
{ "type": "Feature", "properties": { "tipo": "rua", "nome": "GENERAL CAMARA", "drenagem": 1.0, "iluminacao": 1.0, "compriment": 58.824572350906656 }, "geometry": { "type": "MultiLineString", "coordinates": [ [ [ -52.093261656755097, -32.035152662595912 ], [ -52.093356067080698, -32.035134213154784 ] ], [ [ -52.093675239605233, -32.03507184121969 ], [ -52.093868653577807, -32.035034044721506 ] ] ] } },
{ "type": "Feature", "properties": { "tipo": "rua", "nome": "RITA LOBATO", "drenagem": 1.0, "iluminacao": 1.0, "compriment": 28.623225803657284 }, "geometry": { "type": "LineString", "coordinates": [ [ -52.093408603947395, -32.046253200815109 ], [ -52.093105570165768, -32.046256935690238 ] ] } },
{ "type": "Feature", "properties": { "tipo": "rua", "nome": "PINTO DA ROCHA", "drenagem": 0.0, "iluminacao": 1.0, "compriment": 109.12552996673499 }, "geometry": { "type": "LineString", "coordinates": [ [ -52.154934699148036, -32.056814497211107 ], [ -52.154884369253949, -32.05691382890101 ] ] } },
{ "type": "Feature", "properties": { "tipo": "avenida", "nome": "DOM PEDRO II", "drenagem": 1.0, "iluminacao": 1.0, "compriment": 16.099498496650668 }, "geometry": { "type": "LineString", "coordinates": [ [ -52.08773375763424, -32.034775060358029 ], [ -52.087899096323383, -32.034739799130065 ] ] } },
{ "type": "Feature", "properties": { "tipo": "avenida", "nome": "SILVA PAES", "drenagem": 1.0, "iluminacao": 1.0, "compriment": 76.256741845604097 }, "geometry": { "type": "LineString", "coordinates": [ [ -52.087906659837238, -32.034682120607556 ], [ -52.088698701173307, -32.034548998198652 ] ] } },
{ "type": "Feature", "properties": { "tipo": "rua", "nome": "VALPORTO", "drenagem": 1.0, "iluminacao": 1.0, "compriment": 3.8902752652330821 }, "geometry": { "type": "LineString", "coordinates": [ [ -52.098553019269573, -32.041121393785424 ], [ -52.098593389986725, -32.041114438272871 ] ] } },
{ "type": "Feature", "properties": { "tipo": "avenida", "nome": "MAJOR CARLOS PINTO", "drenagem": 0.0, "iluminacao": 1.0, "compriment": 113.96968146187106 }, "geometry": { "type": "MultiLineString", "coordinates": [ [ [ -52.100138765480935, -32.04540949134519 ], [ -52.099983832271974, -32.045687717806466 ] ], [ [ -52.099700555517657, -32.046244190983394 ], [ -52.0996545048637, -32.046349930716403 ] ] ] } },
{ "type": "Feature", "properties": { "tipo": "avenida", "nome": "MAJOR CARLOS PINTO", "drenagem": 0.0, "iluminacao": 1.0, "compriment": 18.496560238649419 }, "geometry": { "type": "LineString", "coordinates": [ [ -52.0996545048637, -32.046349930716403 ], [ -52.099653386335561, -32.046516732548547 ] ] } },
{ "type": "Feature", "properties": { "tipo": "rua", "nome": "SEM DENOMINACAO", "drenagem": 0.0, "iluminacao": 0.0, "compriment": 24.18410859734292 }, "geometry": { "type": "LineString", "coordinates": [ [ -52.0996545048637, -32.046349930716403 ], [ -52.099581771098997, -32.046368736321227 ], [ -52.099563948842786, -32.046372552493835 ] ] } },
{ "type": "Feature", "properties": { "tipo": "rua", "nome": "QUINTINO BOCAIUVA", "drenagem": 1.0, "iluminacao": 1.0, "compriment": 115.0900656868972 }, "geometry": { "type": "LineString", "coordinates": [ [ -52.153649157290332, -32.051874422855001 ], [ -52.153165907923885, -32.052827230745052 ] ] } },
{ "type": "Feature", "properties": { "tipo": "rua", "nome": "NICARAGUA", "drenagem": 0.0, "iluminacao": 1.0, "compriment": 117.90258778614812 }, "geometry": { "type": "LineString", "coordinates": [ [ -52.135215720383243, -32.051956146926571 ], [ -52.134669222204487, -32.052912125469454 ] ] } },
{ "type": "Feature", "properties": { "tipo": "avenida", "nome": "SILVA PAES", "drenagem": 1.0, "iluminacao": 1.0, "compriment": 138.89660856907898 }, "geometry": { "type": "LineString", "coordinates": [ [ -52.089255200637417, -32.034439894005814 ], [ -52.090688324074762, -32.03415942234534 ] ] } },
{ "type": "Feature", "properties": { "tipo": "avenida", "nome": "SILVA PAES", "drenagem": 1.0, "iluminacao": 1.0, "compriment": 84.104827357618362 }, "geometry": { "type": "LineString", "coordinates": [ [ -52.090688324074762, -32.03415942234534 ], [ -52.091559914116765, -32.03400437550156 ] ] } },
{ "type": "Feature", "properties": { "tipo": "avenida", "nome": "SILVA PAES", "drenagem": 1.0, "iluminacao": 1.0, "compriment": 57.369700265752577 }, "geometry": { "type": "MultiLineString", "coordinates": [ [ [ -52.092934209853979, -32.033754896335921 ], [ -52.093176636567385, -32.033709402815823 ] ], [ [ -52.093275828654896, -32.033690788541996 ], [ -52.093527340806723, -32.033643590058901 ] ] ] } },
{ "type": "Feature", "properties": { "tipo": "avenida", "nome": "SILVA PAES", "drenagem": 1.0, "iluminacao": 1.0, "compriment": 126.03283568881167 }, "geometry": { "type": "LineString", "coordinates": [ [ -52.093527340806723, -32.033643590058901 ], [ -52.093561435787564, -32.033636972524661 ] ] } },
{ "type": "Feature", "properties": { "tipo": "rua", "nome": "GASPAR LEMOS", "drenagem": 1.0, "iluminacao": 1.0, "compriment": 66.893192042706275 }, "geometry": { "type": "LineString", "coordinates": [ [ -52.099501640923478, -32.045145989804539 ], [ -52.100138765480935, -32.04540949134519 ] ] } },
{ "type": "Feature", "properties": { "tipo": "rua", "nome": "GASPAR LEMOS", "drenagem": 0.0, "iluminacao": 1.0, "compriment": 121.69281273059303 }, "geometry": { "type": "MultiLineString", "coordinates": [ [ [ -52.101263943439875, -32.045884845078348 ], [ -52.100849750455097, -32.045714493172838 ], [ -52.1008437731507, -32.045711418047645 ] ], [ [ -52.100729645102874, -32.045652702945979 ], [ -52.100541157819841, -32.045555732479947 ], [ -52.100402491690758, -32.045486081563148 ] ], [ [ -52.100232774082244, -32.045393194904022 ], [ -52.100172841196589, -32.045357678781123 ] ] ] } },
{ "type": "Feature", "properties": { "tipo": "avenida", "nome": "MAJOR CARLOS PINTO", "drenagem": 0.0, "iluminacao": 1.0, "compriment": 6.5853599099442084 }, "geometry": { "type": "LineString", "coordinates": [ [ -52.100172841196589, -32.045357678781123 ], [ -52.100138765480935, -32.04540949134519 ] ] } },
{ "type": "Feature", "properties": { "tipo": "rua", "nome": "NICOLAU COELHO", "drenagem": 0.0, "iluminacao": 1.0, "compriment": 105.75263054950592 }, "geometry": { "type": "LineString", "coordinates": [ [ -52.101695122752346, -32.044972260042904 ], [ -52.101126999062075, -32.044794454823929 ], [ -52.100647180414128, -32.044636433024394 ] ] } },
{ "type": "Feature", "properties": { "tipo": "rua", "nome": "PINTO DA ROCHA", "drenagem": 0.0, "iluminacao": 1.0, "compriment": 112.81417425086491 }, "geometry": { "type": "MultiLineString", "coordinates": [ [ [ -52.157201333756674, -32.052395263962552 ], [ -52.157143696559956, -32.052519069341606 ] ], [ [ -52.157122083976375, -32.052565493426329 ], [ -52.156878616556178, -32.053088464319494 ] ] ] } },
{ "type": "Feature", "properties": { "tipo": "avenida", "nome": "RHEINGANTZ", "drenagem": 1.0, "iluminacao": 1.0, "compriment": 28.958411955733649 }, "geometry": { "type": "LineString", "coordinates": [ [ -52.102516454159677, -32.041588016577855 ], [ -52.102642330056682, -32.041713727298536 ] ] } },
{ "type": "Feature", "properties": { "tipo": "avenida", "nome": "MAJOR CARLOS PINTO", "drenagem": 1.0, "iluminacao": 1.0, "compriment": 13.202668873025464 }, "geometry": { "type": "LineString", "coordinates": [ [ -52.102665431969427, -32.041652490805745 ], [ -52.102642330056682, -32.041713727298536 ] ] } },
{ "type": "Feature", "properties": { "tipo": "avenida", "nome": "MAJOR CARLOS PINTO", "drenagem": 1.0, "iluminacao": 1.0, "compriment": 32.487744402658443 }, "geometry": { "type": "LineString", "coordinates": [ [ -52.102642330056682, -32.041713727298536 ], [ -52.102468265233547, -32.041966422893481 ] ] } },
{ "type": "Feature", "properties": { "tipo": "avenida", "nome": "MAJOR CARLOS PINTO", "drenagem": 1.0, "iluminacao": 1.0, "compriment": 148.78255853768368 }, "geometry": { "type": "LineString", "coordinates": [ [ -52.102468265233547, -32.041966422893481 ], [ -52.102139285648747, -32.042521991894283 ], [ -52.101779857189669, -32.043173119252884 ] ] } },
{ "type": "Feature", "properties": { "tipo": "avenida", "nome": "MAJOR CARLOS PINTO", "drenagem": 0.0, "iluminacao": 0.0, "compriment": 36.82039815134619 }, "geometry": { "type": "LineString", "coordinates": [ [ -52.101554735029815, -32.043608946145092 ], [ -52.101467736698098, -32.043818228990929 ], [ -52.101419765456718, -32.043879185863787 ], [ -52.10138045654783, -32.043894101850213 ] ] } },
{ "type": "Feature", "properties": { "tipo": "avenida", "nome": "MAJOR CARLOS PINTO", "drenagem": 0.0, "iluminacao": 1.0, "compriment": 99.777684193399196 }, "geometry": { "type": "LineString", "coordinates": [ [ -52.101112136522936, -32.043828458726999 ], [ -52.100647180414128, -32.044636433024394 ] ] } },
{ "type": "Feature", "properties": { "tipo": "avenida", "nome": "MAJOR CARLOS PINTO", "drenagem": 1.0, "iluminacao": 1.0, "compriment": 174.73117396077691 }, "geometry": { "type": "MultiLineString", "coordinates": [ [ [ -52.101926350824399, -32.04241352601241 ], [ -52.101919651070347, -32.042425168771786 ] ], [ [ -52.10179423371801, -32.042643117676 ], [ -52.101112136522936, -32.043828458726999 ] ] ] } },
{ "type": "Feature", "properties": { "tipo": "avenida", "nome": "MAJOR CARLOS PINTO", "drenagem": 1.0, "iluminacao": 1.0, "compriment": 68.324358682631512 }, "geometry": { "type": "LineString", "coordinates": [ [ -52.102244722806013, -32.041860249691503 ], [ -52.101926350824399, -32.04241352601241 ] ] } },
{ "type": "Feature", "properties": { "tipo": "rua", "nome": "REPUBLICA DO HAITI", "drenagem": 0.0, "iluminacao": 1.0, "compriment": 119.41378151080974 }, "geometry": { "type": "MultiLineString", "coordinates": [ [ [ -52.132048338723351, -32.052978703679535 ], [ -52.131997368961756, -32.053064291738103 ] ], [ [ -52.131923366123608, -32.053188556773826 ], [ -52.131476383116883, -32.053939127436898 ] ] ] } },
{ "type": "Feature", "properties": { "tipo": "rua", "nome": "PINTO DA ROCHA", "drenagem": 0.0, "iluminacao": 1.0, "compriment": 113.20991467205674 }, "geometry": { "type": "LineString", "coordinates": [ [ -52.156878616556178, -32.053088464319494 ], [ -52.156390175126013, -32.054020815732258 ] ] } },
{ "type": "Feature", "properties": { "tipo": "avenida", "nome": "MAJOR CARLOS PINTO", "drenagem": 1.0, "iluminacao": 1.0, "compriment": 24.174260030043609 }, "geometry": { "type": "LineString", "coordinates": [ [ -52.102468265233547, -32.041966422893481 ], [ -52.102244722806013, -32.041860249691503 ] ] } },
{ "type": "Feature", "properties": { "tipo": "avenida", "nome": "MAJOR CARLOS PINTO", "drenagem": 0.0, "iluminacao": 0.0, "compriment": 23.433685943110699 }, "geometry": { "type": "LineString", "coordinates": [ [ -52.101926350824399, -32.04241352601241 ], [ -52.102139285648747, -32.042521991894283 ] ] } },
{ "type": "Feature", "properties": { "tipo": "travessa", "nome": "CINCO", "drenagem": 0.0, "iluminacao": 1.0, "compriment": 28.477793426664892 }, "geometry": { "type": "LineString", "coordinates": [ [ -52.102109579285262, -32.044491484081689 ], [ -52.101834536407182, -32.044386248194193 ] ] } },
{ "type": "Feature", "properties": { "tipo": "travessa", "nome": "TRÊS", "drenagem": 0.0, "iluminacao": 1.0, "compriment": 80.060755918941339 }, "geometry": { "type": "LineString", "coordinates": [ [ -52.101834536407182, -32.044386248194193 ], [ -52.101888121185645, -32.044244522287777 ], [ -52.101889437184774, -32.044134641844565 ], [ -52.101814660188921, -32.044045602795997 ], [ -52.101722021724605, -32.04400380566095 ], [ -52.101635184935574, -32.044006802525224 ], [ -52.101553612589548, -32.044009753594331 ], [ -52.101474484510085, -32.043996987796 ], [ -52.101421517668285, -32.043970541302869 ] ] } },
{ "type": "Feature", "properties": { "tipo": "travessa", "nome": "CINCO", "drenagem": 0.0, "iluminacao": 1.0, "compriment": 65.640235907236729 }, "geometry": { "type": "LineString", "coordinates": [ [ -52.101834536407182, -32.044386248194193 ], [ -52.101572655350978, -32.04428089732027 ], [ -52.1015113350986, -32.044216405637044 ], [ -52.10142522392627, -32.044060198101192 ], [ -52.101421517668285, -32.043970541302869 ] ] } },
{ "type": "Feature", "properties": { "tipo": "travessa", "nome": "CINCO", "drenagem": 0.0, "iluminacao": 1.0, "compriment": 9.3212509737710842 }, "geometry": { "type": "LineString", "coordinates": [ [ -52.101421517668285, -32.043970541302869 ], [ -52.10138045654783, -32.043894101850213 ] ] } },
{ "type": "Feature", "properties": { "tipo": "avenida", "nome": "MAJOR CARLOS PINTO", "drenagem": 0.0, "iluminacao": 1.0, "compriment": 26.674385663689264 }, "geometry": { "type": "LineString", "coordinates": [ [ -52.10138045654783, -32.043894101850213 ], [ -52.101222267775178, -32.04387417495947 ], [ -52.101112136522936, -32.043828458726999 ] ] } },
{ "type": "Feature", "properties": { "tipo": "travessa", "nome": "UM", "drenagem": 0.0, "iluminacao": 1.0, "compriment": 41.842958811602699 }, "geometry": { "type": "LineString", "coordinates": [ [ -52.101916908075815, -32.043762481362293 ], [ -52.101892512203037, -32.043759603032271 ], [ -52.101820869416656, -32.0437439024114 ], [ -52.101722708033002, -32.043693357799327 ], [ -52.101651021333588, -32.043669995164109 ], [ -52.101545940948689, -32.043630101195383 ] ] } },
{ "type": "Feature", "properties": { "tipo": "rua", "nome": "PINTO DA ROCHA", "drenagem": 0.0, "iluminacao": 1.0, "compriment": 110.83916371290523 }, "geometry": { "type": "MultiLineString", "coordinates": [ [ [ -52.156390175126013, -32.054020815732258 ], [ -52.156073759669766, -32.054625556152494 ] ], [ [ -52.15597075346173, -32.054822423961269 ], [ -52.155912461071338, -32.054933833704276 ] ] ] } },
{ "type": "Feature", "properties": { "tipo": "avenida", "nome": "SILVA PAES", "drenagem": 1.0, "iluminacao": 1.0, "compriment": 128.51854283471079 }, "geometry": { "type": "LineString", "coordinates": [ [ -52.095370767167054, -32.033289934068755 ], [ -52.096698357612652, -32.033036285031052 ] ] } },
{ "type": "Feature", "properties": { "tipo": "rua", "nome": "ALMIRANTE BARROSO", "drenagem": 1.0, "iluminacao": 1.0, "compriment": 334.0460495940788 }, "geometry": { "type": "LineString", "coordinates": [ [ -52.088095137001652, -32.031658489744238 ], [ -52.087747196458793, -32.034656353602081 ] ] } },
{ "type": "Feature", "properties": { "tipo": "travessa", "nome": "714", "drenagem": 0.0, "iluminacao": 1.0, "compriment": 65.11679430207127 }, "geometry": { "type": "MultiLineString", "coordinates": [ [ [ -52.102353039147367, -32.043499144825454 ], [ -52.102352008019018, -32.043498537332454 ] ], [ [ -52.102167714046715, -32.043389959871696 ], [ -52.102122383953699, -32.043363253483342 ], [ -52.101912961708699, -32.043241751615824 ], [ -52.101779857189669, -32.043173119252884 ] ] ] } },
{ "type": "Feature", "properties": { "tipo": "avenida", "nome": "RHEINGANTZ", "drenagem": 1.0, "iluminacao": 1.0, "compriment": 107.45697295623219 }, "geometry": { "type": "LineString", "coordinates": [ [ -52.103230049378602, -32.04209634781072 ], [ -52.104007470697987, -32.042803882016727 ] ] } },
{ "type": "Feature", "properties": { "tipo": "avenida", "nome": "RHEINGANTZ", "drenagem": 1.0, "iluminacao": 1.0, "compriment": 68.341924259409765 }, "geometry": { "type": "LineString", "coordinates": [ [ -52.10313681044579, -32.042163675889547 ], [ -52.102642330056682, -32.041713727298536 ] ] } },
{ "type": "Feature", "properties": { "tipo": "avenida", "nome": "RHEINGANTZ", "drenagem": 1.0, "iluminacao": 1.0, "compriment": 80.536813442781991 }, "geometry": { "type": "LineString", "coordinates": [ [ -52.104007470697987, -32.042803882016727 ], [ -52.10459014010145, -32.043334161232835 ] ] } },
{ "type": "Feature", "properties": { "tipo": "avenida", "nome": "RHEINGANTZ", "drenagem": 1.0, "iluminacao": 1.0, "compriment": 86.750950424983557 }, "geometry": { "type": "LineString", "coordinates": [ [ -52.103764494372932, -32.042734822654488 ], [ -52.10313681044579, -32.042163675889547 ] ] } },
{ "type": "Feature", "properties": { "tipo": "avenida", "nome": "RHEINGANTZ", "drenagem": 1.0, "iluminacao": 1.0, "compriment": 79.116495480327018 }, "geometry": { "type": "LineString", "coordinates": [ [ -52.104495165212086, -32.043399666900122 ], [ -52.103922711454274, -32.042878787067089 ] ] } },
{ "type": "Feature", "properties": { "tipo": "avenida", "nome": "RHEINGANTZ", "drenagem": 1.0, "iluminacao": 1.0, "compriment": 199.51156514035284 }, "geometry": { "type": "LineString", "coordinates": [ [ -52.10459014010145, -32.043334161232835 ], [ -52.106033599843592, -32.044647794854022 ] ] } },
{ "type": "Feature", "properties": { "tipo": "avenida", "nome": "RHEINGANTZ", "drenagem": 1.0, "iluminacao": 1.0, "compriment": 11.542427710246313 }, "geometry": { "type": "LineString", "coordinates": [ [ -52.10459014010145, -32.043334161232835 ], [ -52.104495165212086, -32.043399666900122 ] ] } },
{ "type": "Feature", "properties": { "tipo": "rua", "nome": "ALTAMIR DE LACERDA NASCIMENTO", "drenagem": 1.0, "iluminacao": 1.0, "compriment": 36.960765560916244 }, "geometry": { "type": "LineString", "coordinates": [ [ -52.121442946427827, -32.049163704624739 ], [ -52.121769018351543, -32.049348028200981 ] ] } },
{ "type": "Feature", "properties": { "tipo": "avenida", "nome": "PRIMEIRO DE MAIO", "drenagem": 1.0, "iluminacao": 1.0, "compriment": 558.0404819917145 }, "geometry": { "type": "LineString", "coordinates": [ [ -52.120061093874824, -32.050081905573435 ], [ -52.122342922498063, -32.051321978288165 ], [ -52.1236485314299, -32.051999250519479 ], [ -52.125045812910436, -32.0527219621966 ] ] } },
{ "type": "Feature", "properties": { "tipo": "rua", "nome": "QUARENTA E SETE", "drenagem": 0.0, "iluminacao": 1.0, "compriment": 85.848915808016912 }, "geometry": { "type": "LineString", "coordinates": [ [ -52.128912247729914, -32.055049505497095 ], [ -52.128876902896771, -32.055112516304305 ] ] } },
{ "type": "Feature", "properties": { "tipo": "rua", "nome": "PINTO DA ROCHA", "drenagem": 0.0, "iluminacao": 1.0, "compriment": 113.89860639540704 }, "geometry": { "type": "LineString", "coordinates": [ [ -52.155912461071338, -32.054933833704276 ], [ -52.155842785021889, -32.055065333636946 ] ] } },
{ "type": "Feature", "properties": { "tipo": "estrada", "nome": "ALBERTO TORRES", "drenagem": 0.0, "iluminacao": 1.0, "compriment": 117.21521236317761 }, "geometry": { "type": "MultiLineString", "coordinates": [ [ [ -52.158295209425347, -32.052924008292585 ], [ -52.15841525937774, -32.052983030106283 ] ], [ [ -52.158458970675504, -32.053004520494419 ], [ -52.15849279394952, -32.053021149497077 ], [ -52.15869172485948, -32.053092828050985 ], [ -52.15896364239741, -32.053183622128948 ] ], [ [ -52.159125217823686, -32.053240977470765 ], [ -52.159211281238328, -32.053278880202512 ] ] ] } },
{ "type": "Feature", "properties": { "tipo": "estrada", "nome": "ALBERTO TORRES", "drenagem": 0.0, "iluminacao": 1.0, "compriment": 26.459721622003819 }, "geometry": { "type": "LineString", "coordinates": [ [ -52.16016474447882, -32.053742942054392 ], [ -52.160358402123585, -32.053915384905842 ] ] } },
{ "type": "Feature", "properties": { "tipo": "rua", "nome": "ALMIRANTE BARROSO", "drenagem": 1.0, "iluminacao": 1.0, "compriment": 74.664187494492921 }, "geometry": { "type": "LineString", "coordinates": [ [ -52.08773375763424, -32.034775060358029 ], [ -52.087666741480945, -32.035445969289626 ] ] } },
{ "type": "Feature", "properties": { "tipo": "rua", "nome": "VISCONDE DE MAUA", "drenagem": 1.0, "iluminacao": 0.0, "compriment": 12.25607307564421 }, "geometry": { "type": "LineString", "coordinates": [ [ -52.137786571000895, -32.046742263613034 ], [ -52.137748872007293, -32.04670077568683 ], [ -52.137716984209071, -32.04664945383611 ] ] } },
{ "type": "Feature", "properties": { "tipo": "rua", "nome": "SEM DENOMINACAO", "drenagem": 1.0, "iluminacao": 0.0, "compriment": 54.832534745551492 }, "geometry": { "type": "LineString", "coordinates": [ [ -52.146000519251906, -32.047849694888491 ], [ -52.145838595987591, -32.048277011077211 ] ] } },
{ "type": "Feature", "properties": { "tipo": "rua", "nome": "PEDRO DE SÁ FREITAS", "drenagem": 0.0, "iluminacao": 0.0, "compriment": 66.42051569469389 }, "geometry": { "type": "LineString", "coordinates": [ [ -52.145071767877262, -32.04737997777594 ], [ -52.14483734450102, -32.04794471108989 ] ] } },
{ "type": "Feature", "properties": { "tipo": "rua", "nome": "JOCKEY CLUBE", "drenagem": 1.0, "iluminacao": 1.0, "compriment": 6.2956053148614659 }, "geometry": { "type": "LineString", "coordinates": [ [ -52.144029254223462, -32.047681628181287 ], [ -52.144093745289013, -32.047695991429158 ] ] } },
{ "type": "Feature", "properties": { "tipo": "rua", "nome": "JOCKEY CLUBE", "drenagem": 1.0, "iluminacao": 1.0, "compriment": 101.48762125268894 }, "geometry": { "type": "LineString", "coordinates": [ [ -52.14483734450102, -32.04794471108989 ], [ -52.145838595987591, -32.048277011077211 ] ] } },
{ "type": "Feature", "properties": { "tipo": "rua", "nome": "JOCKEY CLUBE", "drenagem": 1.0, "iluminacao": 1.0, "compriment": 188.61452540117827 }, "geometry": { "type": "LineString", "coordinates": [ [ -52.145838595987591, -32.048277011077211 ], [ -52.147711248531607, -32.04886810610676 ] ] } },
{ "type": "Feature", "properties": { "tipo": "rua", "nome": "JOCKEY CLUBE", "drenagem": 1.0, "iluminacao": 1.0, "compriment": 174.79632873665568 }, "geometry": { "type": "LineString", "coordinates": [ [ -52.147711248531607, -32.04886810610676 ], [ -52.149442420762369, -32.049425673649353 ] ] } },
{ "type": "Feature", "properties": { "tipo": "rua", "nome": "SEM DENOMINACAO", "drenagem": 1.0, "iluminacao": 1.0, "compriment": 357.65891171391655 }, "geometry": { "type": "MultiLineString", "coordinates": [ [ [ -52.147711248531607, -32.04886810610676 ], [ -52.147340003055355, -32.049657051654087 ] ], [ [ -52.14728651181985, -32.049770727576828 ], [ -52.146801746554594, -32.050800917631626 ] ], [ [ -52.146406479589935, -32.051640912006583 ], [ -52.146302427893865, -32.051862035569172 ] ] ] } },
{ "type": "Feature", "properties": { "tipo": "rua", "nome": "JOCKEY CLUBE", "drenagem": 1.0, "iluminacao": 1.0, "compriment": 216.17663168012706 }, "geometry": { "type": "MultiLineString", "coordinates": [ [ [ -52.149647706602906, -32.049495871575175 ], [ -52.151204124006846, -32.050045629904758 ] ], [ [ -52.151361848839294, -32.050101341528261 ], [ -52.151589836930725, -32.050181871566018 ] ] ] } },
{ "type": "Feature", "properties": { "tipo": "rua", "nome": "JOCKEY CLUBE", "drenagem": 1.0, "iluminacao": 1.0, "compriment": 20.891966151882027 }, "geometry": { "type": "LineString", "coordinates": [ [ -52.149442420762369, -32.049425673649353 ], [ -52.149647706602906, -32.049495871575175 ] ] } },
{ "type": "Feature", "properties": { "tipo": "rua", "nome": "SEM DENOMINACAO", "drenagem": 1.0, "iluminacao": 1.0, "compriment": 304.89749583773562 }, "geometry": { "type": "LineString", "coordinates": [ [ -52.143432587011112, -32.050602542553037 ], [ -52.146302427893865, -32.051862035569172 ] ] } },
{ "type": "Feature", "properties": { "tipo": "rua", "nome": "SEM DENOMINACAO", "drenagem": 1.0, "iluminacao": 1.0, "compriment": 116.46931616110946 }, "geometry": { "type": "LineString", "coordinates": [ [ -52.146302427893865, -32.051862035569172 ], [ -52.146590425359314, -32.051993264738869 ] ] } },
{ "type": "Feature", "properties": { "tipo": "rua", "nome": "ALMIRANTE BARROSO", "drenagem": 1.0, "iluminacao": 1.0, "compriment": 129.55826095664619 }, "geometry": { "type": "LineString", "coordinates": [ [ -52.087482115165386, -32.037286564151884 ], [ -52.087310127097986, -32.038445719116325 ] ] } },
{ "type": "Feature", "properties": { "tipo": "rua", "nome": "ALMIRANTE BARROSO", "drenagem": 1.0, "iluminacao": 1.0, "compriment": 140.84234153429458 }, "geometry": { "type": "LineString", "coordinates": [ [ -52.087309426775313, -32.03844677919529 ], [ -52.087222047592661, -32.039714733888104 ] ] } },
{ "type": "Feature", "properties": { "tipo": "rua", "nome": "ALMIRANTE BARROSO", "drenagem": 1.0, "iluminacao": 1.0, "compriment": 263.22917755922964 }, "geometry": { "type": "LineString", "coordinates": [ [ -52.087222047592661, -32.039714733888104 ], [ -52.086944283355486, -32.042076753684306 ] ] } },
{ "type": "Feature", "properties": { "tipo": "rua", "nome": "ALMIRANTE BARROSO", "drenagem": 0.0, "iluminacao": 1.0, "compriment": 52.440871326234863 }, "geometry": { "type": "LineString", "coordinates": [ [ -52.086898051276044, -32.042575569069392 ], [ -52.086830196933946, -32.043040076246079 ] ] } },
{ "type": "Feature", "properties": { "tipo": "rua", "nome": "ALMIRANTE BARROSO", "drenagem": 1.0, "iluminacao": 1.0, "compriment": 109.15812221972271 }, "geometry": { "type": "LineString", "coordinates": [ [ -52.088373992855338, -32.030685566638653 ], [ -52.088246604666431, -32.031663972539434 ] ] } },
{ "type": "Feature", "properties": { "tipo": "rua", "nome": "DOIS DE NOVEMBRO", "drenagem": 1.0, "iluminacao": 1.0, "compriment": 77.252471695168722 }, "geometry": { "type": "LineString", "coordinates": [ [ -52.108098199737405, -32.042539011315959 ], [ -52.107939304860814, -32.042728523989695 ] ] } },
{ "type": "Feature", "properties": { "tipo": "rua", "nome": "GAMAL ABDEL NASSER", "drenagem": 0.0, "iluminacao": 1.0, "compriment": 97.070226744621991 }, "geometry": { "type": "LineString", "coordinates": [ [ -52.141993615161894, -32.051637626604716 ], [ -52.141588835814552, -32.052442279732162 ] ] } },
{ "type": "Feature", "properties": { "tipo": "rua", "nome": "DOS MINUANO", "drenagem": 0.0, "iluminacao": 1.0, "compriment": 66.124763595454127 }, "geometry": { "type": "LineString", "coordinates": [ [ -52.153867228165012, -32.054188194116435 ], [ -52.153872195590523, -32.054200634610581 ] ] } },
{ "type": "Feature", "properties": { "tipo": "rua", "nome": "RIO AMAZONAS", "drenagem": 0.0, "iluminacao": 1.0, "compriment": 364.99881952446594 }, "geometry": { "type": "LineString", "coordinates": [ [ -52.138115545005071, -32.050998379315423 ], [ -52.141589958016709, -32.052440122322878 ] ] } },
{ "type": "Feature", "properties": { "tipo": "estrada", "nome": "ALBERTO TORRES", "drenagem": 0.0, "iluminacao": 0.0, "compriment": 30.83751225503082 }, "geometry": { "type": "LineString", "coordinates": [ [ -52.161226033566699, -32.054640867638341 ], [ -52.161459173692293, -32.05483558441771 ] ] } },
{ "type": "Feature", "properties": { "tipo": "rua", "nome": "ALMIRANTE BARROSO", "drenagem": 1.0, "iluminacao": 1.0, "compriment": 145.13950349568699 }, "geometry": { "type": "LineString", "coordinates": [ [ -52.088246604666431, -32.031663972539434 ], [ -52.088105100016733, -32.032967301272812 ] ] } },
{ "type": "Feature", "properties": { "tipo": "rua", "nome": "GAMAL ABDEL NASSER", "drenagem": 0.0, "iluminacao": 1.0, "compriment": 90.04785158389312 }, "geometry": { "type": "LineString", "coordinates": [ [ -52.143614256648512, -32.048490188092849 ], [ -52.143248924859037, -32.04924027564504 ] ] } },
{ "type": "Feature", "properties": { "tipo": "rua", "nome": "REPUBLICA DO HAITI", "drenagem": 0.0, "iluminacao": 1.0, "compriment": 146.36097809790834 }, "geometry": { "type": "LineString", "coordinates": [ [ -52.131476383116883, -32.053939127436898 ], [ -52.130793252914472, -32.055123891937939 ] ] } },
{ "type": "Feature", "properties": { "tipo": "rua", "nome": "ALBERTO TORRES", "drenagem": 1.0, "iluminacao": 1.0, "compriment": 121.61234757195814 }, "geometry": { "type": "LineString", "coordinates": [ [ -52.158516678578955, -32.052544741445715 ], [ -52.157871024511557, -32.052315456917228 ], [ -52.157351786653585, -32.052153004040818 ] ] } },
{ "type": "Feature", "properties": { "tipo": "rua", "nome": "VICE ALMIRANTE ABREU", "drenagem": 1.0, "iluminacao": 1.0, "compriment": 90.478959245825564 }, "geometry": { "type": "LineString", "coordinates": [ [ -52.092116208027164, -32.039304045675912 ], [ -52.093051490023228, -32.039127679353058 ] ] } },
{ "type": "Feature", "properties": { "tipo": "rua", "nome": "VICE ALMIRANTE ABREU", "drenagem": 1.0, "iluminacao": 1.0, "compriment": 104.39807266153491 }, "geometry": { "type": "LineString", "coordinates": [ [ -52.093051490023228, -32.039127679353058 ], [ -52.094130658711705, -32.038924207679088 ] ] } },
{ "type": "Feature", "properties": { "tipo": "rua", "nome": "VICE ALMIRANTE ABREU", "drenagem": 1.0, "iluminacao": 1.0, "compriment": 122.93369252935334 }, "geometry": { "type": "LineString", "coordinates": [ [ -52.094826911485058, -32.038768659878208 ], [ -52.096093193898412, -32.038512413349636 ] ] } },
{ "type": "Feature", "properties": { "tipo": "rua", "nome": "VICE ALMIRANTE ABREU", "drenagem": 1.0, "iluminacao": 1.0, "compriment": 46.149181257195089 }, "geometry": { "type": "LineString", "coordinates": [ [ -52.096093193898412, -32.038512413349636 ], [ -52.096565070327244, -32.038404488797489 ] ] } },
{ "type": "Feature", "properties": { "tipo": "rua", "nome": "VICE ALMIRANTE ABREU", "drenagem": 1.0, "iluminacao": 1.0, "compriment": 75.180383831439855 }, "geometry": { "type": "LineString", "coordinates": [ [ -52.10159792140788, -32.037424018246156 ], [ -52.101747572955965, -32.037392841388744 ] ] } },
{ "type": "Feature", "properties": { "tipo": "rua", "nome": "VICE ALMIRANTE ABREU", "drenagem": 1.0, "iluminacao": 1.0, "compriment": 83.000943659014922 }, "geometry": { "type": "LineString", "coordinates": [ [ -52.101747572955965, -32.037392841388744 ], [ -52.101804909628015, -32.037400317751732 ] ] } },
{ "type": "Feature", "properties": { "tipo": "rua", "nome": "VICE ALMIRANTE ABREU", "drenagem": 1.0, "iluminacao": 1.0, "compriment": 73.491218464981145 }, "geometry": { "type": "MultiLineString", "coordinates": [ [ [ -52.103333678215385, -32.03760998019893 ], [ -52.103451179930126, -32.037628809038921 ] ], [ [ -52.103584207510075, -32.037650125791806 ], [ -52.103824924946018, -32.037688699101942 ] ] ] } },
{ "type": "Feature", "properties": { "tipo": "rua", "nome": "ANDRADAS", "drenagem": 1.0, "iluminacao": 1.0, "compriment": 110.5363707869123 }, "geometry": { "type": "MultiLineString", "coordinates": [ [ [ -52.096140129675106, -32.03658198079502 ], [ -52.096313425567892, -32.037352227132892 ] ], [ [ -52.096326346094756, -32.037409654855757 ], [ -52.096360396392761, -32.037560997838668 ] ] ] } },
{ "type": "Feature", "properties": { "tipo": "rua", "nome": "CORREDOR DO BOSQUE SILVEIRA", "drenagem": 1.0, "iluminacao": 1.0, "compriment": 42.463797847016586 }, "geometry": { "type": "LineString", "coordinates": [ [ -52.166314790358456, -32.05752011732924 ], [ -52.166429648022799, -32.05756536514798 ] ] } },
{ "type": "Feature", "properties": { "tipo": "rua", "nome": "CORREDOR DO BOSQUE SILVEIRA", "drenagem": 1.0, "iluminacao": 1.0, "compriment": 69.32018246792849 }, "geometry": { "type": "LineString", "coordinates": [ [ -52.165979024400635, -32.057389487759394 ], [ -52.166314790358456, -32.05752011732924 ] ] } },
{ "type": "Feature", "properties": { "tipo": "travessa", "nome": "CRISTOVAO PEREIRA", "drenagem": 0.0, "iluminacao": 1.0, "compriment": 75.848988783309238 }, "geometry": { "type": "LineString", "coordinates": [ [ -52.162328153686587, -32.056713431708516 ], [ -52.161596897479583, -32.056430500305297 ] ] } },
{ "type": "Feature", "properties": { "tipo": "rua", "nome": "ZALONY", "drenagem": 1.0, "iluminacao": 1.0, "compriment": 105.41094969016673 }, "geometry": { "type": "MultiLineString", "coordinates": [ [ [ -52.095236493803213, -32.03504630420732 ], [ -52.09528704162075, -32.035241714746185 ] ], [ [ -52.095387230819306, -32.035629031671689 ], [ -52.095427045864049, -32.035782950865979 ] ] ] } },
{ "type": "Feature", "properties": { "tipo": "rua", "nome": "ZALONY", "drenagem": 1.0, "iluminacao": 1.0, "compriment": 46.412306200549317 }, "geometry": { "type": "MultiLineString", "coordinates": [ [ [ -52.095868944490995, -32.037648484785414 ], [ -52.095904063926199, -32.037783784350417 ] ], [ [ -52.09594628973975, -32.037946461630746 ], [ -52.095975025521923, -32.038057167819652 ] ] ] } },
{ "type": "Feature", "properties": { "tipo": "rua", "nome": "RIBEIRO COUTINHO", "drenagem": 1.0, "iluminacao": 1.0, "compriment": 127.13511464629597 }, "geometry": { "type": "LineString", "coordinates": [ [ -52.121569329643393, -32.052121019048137 ], [ -52.120963284567303, -32.053144787952107 ] ] } },
{ "type": "Feature", "properties": { "tipo": "rua", "nome": "MARECHAL FLORIANO PEIXOTO", "drenagem": 1.0, "iluminacao": 1.0, "compriment": 37.463658498882715 }, "geometry": { "type": "LineString", "coordinates": [ [ -52.097271204799519, -32.030969786781448 ], [ -52.09766688053918, -32.03094669838945 ] ] } },
{ "type": "Feature", "properties": { "tipo": "rua", "nome": "CONDE AFONSO CELSO", "drenagem": 1.0, "iluminacao": 1.0, "compriment": 101.08433721805844 }, "geometry": { "type": "LineString", "coordinates": [ [ -52.120935100620599, -32.046571283535521 ], [ -52.120885190535844, -32.046656387319409 ] ] } },
{ "type": "Feature", "properties": { "tipo": "rua", "nome": "MARECHAL FLORIANO PEIXOTO", "drenagem": 1.0, "iluminacao": 1.0, "compriment": 97.425579722222594 }, "geometry": { "type": "LineString", "coordinates": [ [ -52.09519867496271, -32.030978492500019 ], [ -52.096230052765264, -32.030976576667939 ] ] } },
{ "type": "Feature", "properties": { "tipo": "rua", "nome": "CONDE AFONSO CELSO", "drenagem": 0.0, "iluminacao": 1.0, "compriment": 59.260952833665634 }, "geometry": { "type": "LineString", "coordinates": [ [ -52.119586678761365, -32.048649406620683 ], [ -52.11951018623062, -32.048806387442404 ] ] } },
{ "type": "Feature", "properties": { "tipo": "rua", "nome": "ALMIRANTE BARROSO", "drenagem": 1.0, "iluminacao": 1.0, "compriment": 185.6684721032872 }, "geometry": { "type": "LineString", "coordinates": [ [ -52.088105100016733, -32.032967301272812 ], [ -52.087912920816045, -32.034633666660106 ] ] } },
{ "type": "Feature", "properties": { "tipo": "rua", "nome": "ALMIRANTE BARROSO", "drenagem": 1.0, "iluminacao": 1.0, "compriment": 77.314907487217454 }, "geometry": { "type": "LineString", "coordinates": [ [ -52.087899096323383, -32.034739799130065 ], [ -52.087816110656107, -32.035433444270971 ] ] } },
{ "type": "Feature", "properties": { "tipo": "rua", "nome": "ALMIRANTE BARROSO", "drenagem": 1.0, "iluminacao": 1.0, "compriment": 82.137158766825706 }, "geometry": { "type": "LineString", "coordinates": [ [ -52.087816110656107, -32.035433444270971 ], [ -52.087739185549388, -32.03617126581851 ] ] } },
{ "type": "Feature", "properties": { "tipo": "rua", "nome": "ALMIRANTE BARROSO", "drenagem": 1.0, "iluminacao": 1.0, "compriment": 113.71203272233863 }, "geometry": { "type": "LineString", "coordinates": [ [ -52.087732128063053, -32.036250735287027 ], [ -52.087611476639147, -32.03727104487001 ] ] } },
{ "type": "Feature", "properties": { "tipo": "rua", "nome": "REVOCATA DE MELLO", "drenagem": 1.0, "iluminacao": 1.0, "compriment": 65.867781136443483 }, "geometry": { "type": "LineString", "coordinates": [ [ -52.091321239535176, -32.041640869921579 ], [ -52.091117435749339, -32.042208943611996 ] ] } },
{ "type": "Feature", "properties": { "tipo": "rua", "nome": "CONDE AFONSO CELSO", "drenagem": 0.0, "iluminacao": 1.0, "compriment": 63.05000661614865 }, "geometry": { "type": "MultiLineString", "coordinates": [ [ [ -52.11951018623062, -32.048806387442404 ], [ -52.119385701737876, -32.049020315949818 ] ], [ [ -52.119362493288797, -32.049060200025032 ], [ -52.119213733377975, -32.049315846210213 ] ] ] } },
{ "type": "Feature", "properties": { "tipo": "rua", "nome": "BENTO GONCALVES", "drenagem": 1.0, "iluminacao": 1.0, "compriment": 123.94203666748518 }, "geometry": { "type": "LineString", "coordinates": [ [ -52.106467191307644, -32.03753948510785 ], [ -52.107647808019394, -32.03802731332857 ] ] } },
{ "type": "Feature", "properties": { "tipo": "rua", "nome": "BENTO GONCALVES", "drenagem": 1.0, "iluminacao": 1.0, "compriment": 120.92959826424323 }, "geometry": { "type": "LineString", "coordinates": [ [ -52.108780298522881, -32.038494546588417 ], [ -52.109933584533394, -32.038968135525259 ] ] } },
{ "type": "Feature", "properties": { "tipo": "rua", "nome": "ALMIRANTE BARROSO", "drenagem": 1.0, "iluminacao": 1.0, "compriment": 269.28595270252231 }, "geometry": { "type": "LineString", "coordinates": [ [ -52.08733940251367, -32.039718573626658 ], [ -52.087096669712487, -32.042138216641504 ] ] } },
{ "type": "Feature", "properties": { "tipo": "rua", "nome": "JOAO PESSOA", "drenagem": 1.0, "iluminacao": 1.0, "compriment": 16.373366697287402 }, "geometry": { "type": "LineString", "coordinates": [ [ -52.086364550548254, -32.034906237428878 ], [ -52.086326102849739, -32.035050217061006 ] ] } },
{ "type": "Feature", "properties": { "tipo": "avenida", "nome": "DOM PEDRO II", "drenagem": 1.0, "iluminacao": 1.0, "compriment": 56.037803241169037 }, "geometry": { "type": "LineString", "coordinates": [ [ -52.084907305481629, -32.035323338212081 ], [ -52.084799951652847, -32.035342972622018 ] ] } },
{ "type": "Feature", "properties": { "tipo": "rua", "nome": "BENTO MARTINS", "drenagem": 1.0, "iluminacao": 1.0, "compriment": 14.634208885466357 }, "geometry": { "type": "LineString", "coordinates": [ [ -52.084891923788781, -32.035192016680064 ], [ -52.084907305481629, -32.035323338212081 ] ] } },
{ "type": "Feature", "properties": { "tipo": "rua", "nome": "BENTO GONCALVES", "drenagem": 0.0, "iluminacao": 1.0, "compriment": 59.191049446546266 }, "geometry": { "type": "LineString", "coordinates": [ [ -52.124479363140466, -32.04515283465755 ], [ -52.125031339332018, -32.04540563261569 ] ] } },
{ "type": "Feature", "properties": { "tipo": "rua", "nome": "BENTO GONCALVES", "drenagem": 0.0, "iluminacao": 1.0, "compriment": 58.161670988441323 }, "geometry": { "type": "LineString", "coordinates": [ [ -52.124254597736403, -32.045061174037272 ], [ -52.124479363140466, -32.04515283465755 ] ] } },
{ "type": "Feature", "properties": { "tipo": "rua", "nome": "BENTO GONCALVES", "drenagem": 0.0, "iluminacao": 1.0, "compriment": 60.945163818089661 }, "geometry": { "type": "LineString", "coordinates": [ [ -52.125031339332018, -32.04540563261569 ], [ -52.125612260545878, -32.045644918171575 ] ] } },
{ "type": "Feature", "properties": { "tipo": "rua", "nome": "BENTO GONCALVES", "drenagem": 0.0, "iluminacao": 1.0, "compriment": 59.514402950262244 }, "geometry": { "type": "LineString", "coordinates": [ [ -52.125612260545878, -32.045644918171575 ], [ -52.126173341556857, -32.045889211058757 ] ] } },
{ "type": "Feature", "properties": { "tipo": "avenida", "nome": "MAJOR CARLOS PINTO", "drenagem": 1.0, "iluminacao": 1.0, "compriment": 20.453739796794057 }, "geometry": { "type": "LineString", "coordinates": [ [ -52.107609635882952, -32.032722106182597 ], [ -52.107597231696325, -32.03274820169073 ] ] } },
{ "type": "Feature", "properties": { "tipo": "rua", "nome": "LUIZ LOREA", "drenagem": 1.0, "iluminacao": 1.0, "compriment": 168.31699654491797 }, "geometry": { "type": "LineString", "coordinates": [ [ -52.100144609639088, -32.031787945475799 ], [ -52.101756570478258, -32.03152988301045 ] ] } },
{ "type": "Feature", "properties": { "tipo": "rua", "nome": "REVOCATA DE MELLO", "drenagem": 1.0, "iluminacao": 1.0, "compriment": 109.3624582020911 }, "geometry": { "type": "LineString", "coordinates": [ [ -52.091657441159946, -32.040697113399808 ], [ -52.091321239535176, -32.041640869921579 ] ] } },
{ "type": "Feature", "properties": { "tipo": "rua", "nome": "REVOCATA DE MELLO", "drenagem": 1.0, "iluminacao": 1.0, "compriment": 71.169037323140884 }, "geometry": { "type": "LineString", "coordinates": [ [ -52.091877043305203, -32.040083162977695 ], [ -52.091657441159946, -32.040697113399808 ] ] } },
{ "type": "Feature", "properties": { "tipo": "rua", "nome": "INTENDENTE CARVALHO", "drenagem": 1.0, "iluminacao": 1.0, "compriment": 59.367014314719711 }, "geometry": { "type": "LineString", "coordinates": [ [ -52.120061093874824, -32.050081905573435 ], [ -52.119768959220657, -32.050555958792877 ] ] } },
{ "type": "Feature", "properties": { "tipo": "rua", "nome": "INTENDENTE CARVALHO", "drenagem": 1.0, "iluminacao": 1.0, "compriment": 65.882989319163912 }, "geometry": { "type": "LineString", "coordinates": [ [ -52.119768959220657, -32.050555958792877 ], [ -52.119448569912883, -32.051083733709646 ] ] } },
{ "type": "Feature", "properties": { "tipo": "rua", "nome": "ACRE", "drenagem": 1.0, "iluminacao": 1.0, "compriment": 103.28557297032678 }, "geometry": { "type": "LineString", "coordinates": [ [ -52.133208393262926, -32.044821894914897 ], [ -52.132739832076375, -32.045663509607508 ] ] } },
{ "type": "Feature", "properties": { "tipo": "rua", "nome": "ESTADOS UNIDOS DA AMÉRICA", "drenagem": 0.0, "iluminacao": 1.0, "compriment": 50.124380686688383 }, "geometry": { "type": "LineString", "coordinates": [ [ -52.133158710516973, -32.055477234633436 ], [ -52.133474712176429, -32.055840421370675 ] ] } },
{ "type": "Feature", "properties": { "tipo": "rua", "nome": "ESTADOS UNIDOS DA AMÉRICA", "drenagem": 0.0, "iluminacao": 1.0, "compriment": 72.58615649676689 }, "geometry": { "type": "LineString", "coordinates": [ [ -52.128971783802712, -32.051687270933385 ], [ -52.129101689140818, -32.051805683062007 ] ] } },
{ "type": "Feature", "properties": { "tipo": "rua", "nome": "ESTADOS UNIDOS DA AMÉRICA", "drenagem": 0.0, "iluminacao": 1.0, "compriment": 72.261184318182117 }, "geometry": { "type": "LineString", "coordinates": [ [ -52.129103952316143, -32.05180813938329 ], [ -52.12913700267822, -32.051837003155974 ] ] } },
{ "type": "Feature", "properties": { "tipo": "avenida", "nome": "PRIMEIRO DE MAIO", "drenagem": 1.0, "iluminacao": 1.0, "compriment": 111.94733334319716 }, "geometry": { "type": "MultiLineString", "coordinates": [ [ [ -52.118075831973137, -32.0489821329001 ], [ -52.118209251724025, -32.049057505091895 ] ], [ [ -52.118521532933038, -32.049233920645229 ], [ -52.119063635845841, -32.049540168291799 ] ] ] } },
{ "type": "Feature", "properties": { "tipo": "avenida", "nome": "PRIMEIRO DE MAIO", "drenagem": 1.0, "iluminacao": 1.0, "compriment": 42.825001711840393 }, "geometry": { "type": "LineString", "coordinates": [ [ -52.128998582242268, -32.054643976949812 ], [ -52.129431435257452, -32.054759121129493 ] ] } },
{ "type": "Feature", "properties": { "tipo": "avenida", "nome": "PRIMEIRO DE MAIO", "drenagem": 1.0, "iluminacao": 1.0, "compriment": 65.364830704793619 }, "geometry": { "type": "LineString", "coordinates": [ [ -52.129431435257452, -32.054759121129493 ], [ -52.13009128194421, -32.054937111249522 ] ] } },
{ "type": "Feature", "properties": { "tipo": "rua", "nome": "JOAO ALFREDO", "drenagem": 1.0, "iluminacao": 1.0, "compriment": 165.69816981071679 }, "geometry": { "type": "MultiLineString", "coordinates": [ [ [ -52.101177632153814, -32.038438232917628 ], [ -52.101015012461893, -32.038471280828524 ] ], [ [ -52.100762563716081, -32.038522583985966 ], [ -52.099471241952102, -32.038785009071702 ] ] ] } },
{ "type": "Feature", "properties": { "tipo": "rua", "nome": "VALPORTO", "drenagem": 1.0, "iluminacao": 1.0, "compriment": 4.4467422972093757 }, "geometry": { "type": "LineString", "coordinates": [ [ -52.098506873896248, -32.041129344202581 ], [ -52.098553019269573, -32.041121393785424 ] ] } },
{ "type": "Feature", "properties": { "tipo": "rua", "nome": "VALPORTO", "drenagem": 1.0, "iluminacao": 1.0, "compriment": 74.464185011045529 }, "geometry": { "type": "LineString", "coordinates": [ [ -52.101786277385976, -32.040894314762397 ], [ -52.10171463980334, -32.040851802564006 ], [ -52.101505671355596, -32.040723316638214 ] ] } },
{ "type": "Feature", "properties": { "tipo": "rua", "nome": "1 VELHA", "drenagem": 1.0, "iluminacao": 1.0, "compriment": 131.10054074783119 }, "geometry": { "type": "MultiLineString", "coordinates": [ [ [ -52.086687503087234, -32.037420094177271 ], [ -52.086693825523575, -32.037522356126203 ], [ -52.086690000514388, -32.037567944014356 ] ], [ [ -52.086686166588457, -32.037613638175635 ], [ -52.086629230611656, -32.038292222413411 ] ], [ [ -52.086615581607873, -32.038454896338528 ], [ -52.086603449653175, -32.038599489506048 ] ] ] } },
{ "type": "Feature", "properties": { "tipo": "rua", "nome": "VALPORTO", "drenagem": 1.0, "iluminacao": 1.0, "compriment": 95.871963427717333 }, "geometry": { "type": "LineString", "coordinates": [ [ -52.093304098631179, -32.04177973533087 ], [ -52.092308762457456, -32.041949317962498 ] ] } },
{ "type": "Feature", "properties": { "tipo": "rua", "nome": "MARECHAL JOAO MASCARENHAS DE MORAES", "drenagem": 1.0, "iluminacao": 1.0, "compriment": 71.123280933218737 }, "geometry": { "type": "LineString", "coordinates": [ [ -52.082943221595087, -32.041232838180939 ], [ -52.082877060076108, -32.041244904486845 ] ] } },
{ "type": "Feature", "properties": { "tipo": "avenida", "nome": "QUINZE DE NOVEMBRO", "drenagem": 1.0, "iluminacao": 1.0, "compriment": 99.064312170003802 }, "geometry": { "type": "LineString", "coordinates": [ [ -52.114821279696848, -32.045064351942223 ], [ -52.11497106618809, -32.044815450342995 ] ] } },
{ "type": "Feature", "properties": { "tipo": "rua", "nome": "ENGENHEIRO HEITOR AMARO BARCELOS", "drenagem": 0.0, "iluminacao": 1.0, "compriment": 171.64644775029436 }, "geometry": { "type": "LineString", "coordinates": [ [ -52.081409480972916, -32.044603101805848 ], [ -52.083158627764803, -32.044182951799371 ] ] } },
{ "type": "Feature", "properties": { "tipo": "rua", "nome": "REVOCATA DE MELLO", "drenagem": 1.0, "iluminacao": 1.0, "compriment": 21.468155368941829 }, "geometry": { "type": "LineString", "coordinates": [ [ -52.092078619725484, -32.039547065386564 ], [ -52.092003445125044, -32.039729772643852 ] ] } },
{ "type": "Feature", "properties": { "tipo": "rua", "nome": "PADRE FEIJO", "drenagem": 1.0, "iluminacao": 1.0, "compriment": 142.65874068141653 }, "geometry": { "type": "LineString", "coordinates": [ [ -52.113607148391985, -32.035036467843881 ], [ -52.11292622504287, -32.036184813907653 ] ] } },
{ "type": "Feature", "properties": { "tipo": "avenida", "nome": "MAJOR CARLOS PINTO", "drenagem": 1.0, "iluminacao": 1.0, "compriment": 97.013212950730804 }, "geometry": { "type": "LineString", "coordinates": [ [ -52.108571459174243, -32.031072832535195 ], [ -52.108108036943989, -32.031853582858744 ] ] } },
{ "type": "Feature", "properties": { "tipo": "avenida", "nome": "MAJOR CARLOS PINTO", "drenagem": 1.0, "iluminacao": 1.0, "compriment": 123.15356296914113 }, "geometry": { "type": "LineString", "coordinates": [ [ -52.109461568146521, -32.030040133937632 ], [ -52.108873831503303, -32.031031495232249 ] ] } },
{ "type": "Feature", "properties": { "tipo": "avenida", "nome": "MAJOR CARLOS PINTO", "drenagem": 1.0, "iluminacao": 1.0, "compriment": 17.293664216998362 }, "geometry": { "type": "LineString", "coordinates": [ [ -52.108873831503303, -32.031031495232249 ], [ -52.108797494043316, -32.031173247786313 ] ] } },
{ "type": "Feature", "properties": { "tipo": "avenida", "nome": "MAJOR CARLOS PINTO", "drenagem": 1.0, "iluminacao": 1.0, "compriment": 184.6199487183938 }, "geometry": { "type": "LineString", "coordinates": [ [ -52.108797494043316, -32.031173247786313 ], [ -52.107905667233695, -32.032654746665997 ] ] } },
{ "type": "Feature", "properties": { "tipo": "avenida", "nome": "MAJOR CARLOS PINTO", "drenagem": 1.0, "iluminacao": 1.0, "compriment": 25.175126699355847 }, "geometry": { "type": "LineString", "coordinates": [ [ -52.107905667233695, -32.032654746665997 ], [ -52.107902369289604, -32.032658716342254 ] ] } },
{ "type": "Feature", "properties": { "tipo": "avenida", "nome": "MAJOR CARLOS PINTO", "drenagem": 1.0, "iluminacao": 1.0, "compriment": 107.48825500015789 }, "geometry": { "type": "MultiLineString", "coordinates": [ [ [ -52.107681024577211, -32.032981595314467 ], [ -52.107534738308722, -32.033274509253054 ] ], [ [ -52.107339289248316, -32.033665863511175 ], [ -52.107306235353924, -32.033732048440847 ] ] ] } },
{ "type": "Feature", "properties": { "tipo": "avenida", "nome": "MAJOR CARLOS PINTO", "drenagem": 1.0, "iluminacao": 1.0, "compriment": 88.349966804751588 }, "geometry": { "type": "LineString", "coordinates": [ [ -52.107263601891702, -32.033823366354618 ], [ -52.106831793178777, -32.034530131566953 ] ] } },
{ "type": "Feature", "properties": { "tipo": "avenida", "nome": "MAJOR CARLOS PINTO", "drenagem": 1.0, "iluminacao": 1.0, "compriment": 9.5796209577784488 }, "geometry": { "type": "LineString", "coordinates": [ [ -52.106831793178777, -32.034530131566953 ], [ -52.106789350103426, -32.034608592873482 ] ] } },
{ "type": "Feature", "properties": { "tipo": "rua", "nome": "DOMINGOS DE ALMEIDA", "drenagem": 1.0, "iluminacao": 1.0, "compriment": 211.22291114093619 }, "geometry": { "type": "MultiLineString", "coordinates": [ [ [ -52.114490304512309, -32.047827559829962 ], [ -52.114408733168041, -32.047970564486306 ] ], [ [ -52.114262859992245, -32.048226298207062 ], [ -52.113867252145518, -32.048919847696531 ] ] ] } },
{ "type": "Feature", "properties": { "tipo": "avenida", "nome": "MAJOR CARLOS PINTO", "drenagem": 1.0, "iluminacao": 1.0, "compriment": 99.568134088390678 }, "geometry": { "type": "LineString", "coordinates": [ [ -52.106261158607957, -32.035489707516362 ], [ -52.105870767989913, -32.036180602156037 ] ] } },
{ "type": "Feature", "properties": { "tipo": "avenida", "nome": "MAJOR CARLOS PINTO", "drenagem": 1.0, "iluminacao": 1.0, "compriment": 88.382132154027119 }, "geometry": { "type": "MultiLineString", "coordinates": [ [ [ -52.105832899370156, -32.036234997466472 ], [ -52.105775817767402, -32.036334560881905 ] ], [ [ -52.105698177522015, -32.036469983288292 ], [ -52.105422288036024, -32.036951197868504 ] ] ] } },
{ "type": "Feature", "properties": { "tipo": "avenida", "nome": "MAJOR CARLOS PINTO", "drenagem": 1.0, "iluminacao": 1.0, "compriment": 12.179731157054542 }, "geometry": { "type": "LineString", "coordinates": [ [ -52.105422288036024, -32.036951197868504 ], [ -52.105363976110112, -32.037049163937461 ] ] } },
{ "type": "Feature", "properties": { "tipo": "avenida", "nome": "MAJOR CARLOS PINTO", "drenagem": 1.0, "iluminacao": 1.0, "compriment": 96.875658020899806 }, "geometry": { "type": "LineString", "coordinates": [ [ -52.105363976110112, -32.037049163937461 ], [ -52.105156188322319, -32.037397144793687 ] ] } },
{ "type": "Feature", "properties": { "tipo": "avenida", "nome": "MAJOR CARLOS PINTO", "drenagem": 1.0, "iluminacao": 1.0, "compriment": 94.267239367332252 }, "geometry": { "type": "LineString", "coordinates": [ [ -52.104503199160042, -32.038515549086725 ], [ -52.104459668321461, -32.038591182704749 ] ] } },
{ "type": "Feature", "properties": { "tipo": "avenida", "nome": "MAJOR CARLOS PINTO", "drenagem": 1.0, "iluminacao": 1.0, "compriment": 8.5532417972514896 }, "geometry": { "type": "LineString", "coordinates": [ [ -52.104459668321461, -32.038591182704749 ], [ -52.104417808361184, -32.038659581228721 ] ] } },
{ "type": "Feature", "properties": { "tipo": "avenida", "nome": "PORTUGAL", "drenagem": 1.0, "iluminacao": 1.0, "compriment": 126.22666446354152 }, "geometry": { "type": "LineString", "coordinates": [ [ -52.107902039166547, -32.032896920428534 ], [ -52.108973059222365, -32.033301968123304 ] ] } },
{ "type": "Feature", "properties": { "tipo": "avenida", "nome": "PORTUGAL", "drenagem": 1.0, "iluminacao": 1.0, "compriment": 121.00972886462712 }, "geometry": { "type": "MultiLineString", "coordinates": [ [ [ -52.108973059222365, -32.033301968123304 ], [ -52.109045935535214, -32.033330804096607 ] ], [ [ -52.109907075791199, -32.033671543308827 ], [ -52.110134919041421, -32.0337616971822 ] ] ] } },
{ "type": "Feature", "properties": { "tipo": "avenida", "nome": "PORTUGAL", "drenagem": 1.0, "iluminacao": 1.0, "compriment": 122.88769023449714 }, "geometry": { "type": "MultiLineString", "coordinates": [ [ [ -52.113607148391985, -32.035036467843881 ], [ -52.11404415102637, -32.035199112707929 ] ], [ [ -52.114658291081291, -32.035427685073131 ], [ -52.114799313717249, -32.035480171272638 ] ] ] } },
{ "type": "Feature", "properties": { "tipo": "rua", "nome": "TRES DE JULHO", "drenagem": 1.0, "iluminacao": 1.0, "compriment": 134.47764061858314 }, "geometry": { "type": "LineString", "coordinates": [ [ -52.105682357756024, -32.030649687138869 ], [ -52.105913067679815, -32.029452977195092 ] ] } },
{ "type": "Feature", "properties": { "tipo": "rua", "nome": "GENERAL CAMARA", "drenagem": 0.0, "iluminacao": 1.0, "compriment": 129.22803278532913 }, "geometry": { "type": "MultiLineString", "coordinates": [ [ [ -52.095707723810925, -32.034753856044667 ], [ -52.095778219966185, -32.034740744420773 ] ], [ [ -52.096233598194765, -32.034656048339968 ], [ -52.096607543602978, -32.03458649800023 ] ], [ [ -52.096779664555413, -32.034554485116914 ], [ -52.097044340569227, -32.034505257859998 ] ] ] } },
{ "type": "Feature", "properties": { "tipo": "rua", "nome": "GENERAL CAMARA", "drenagem": 0.0, "iluminacao": 1.0, "compriment": 7.0112938928744004 }, "geometry": { "type": "LineString", "coordinates": [ [ -52.097044340569227, -32.034505257859998 ], [ -52.097117226499556, -32.034493294034661 ] ] } },
{ "type": "Feature", "properties": { "tipo": "avenida", "nome": "SILVA PAES", "drenagem": 1.0, "iluminacao": 1.0, "compriment": 125.14580518261295 }, "geometry": { "type": "LineString", "coordinates": [ [ -52.096789710776285, -32.033018921694641 ], [ -52.098087313700525, -32.03279115658394 ] ] } },
{ "type": "Feature", "properties": { "tipo": "avenida", "nome": "DOM PEDRO II", "drenagem": 1.0, "iluminacao": 1.0, "compriment": 15.854780478045354 }, "geometry": { "type": "LineString", "coordinates": [ [ -52.087747196458793, -32.034656353602081 ], [ -52.087912920816045, -32.034633666660106 ] ] } },
{ "type": "Feature", "properties": { "tipo": "rua", "nome": "DOUTOR FERNANDO DUPRAT DA SILVA", "drenagem": 1.0, "iluminacao": 1.0, "compriment": 108.14763482985573 }, "geometry": { "type": "LineString", "coordinates": [ [ -52.090822790501065, -32.030439285323887 ], [ -52.091178402223747, -32.031366338072537 ] ] } },
{ "type": "Feature", "properties": { "tipo": "rua", "nome": "DOUTOR FERNANDO DUPRAT DA SILVA", "drenagem": 1.0, "iluminacao": 1.0, "compriment": 87.469915801153149 }, "geometry": { "type": "MultiLineString", "coordinates": [ [ [ -52.091178402223747, -32.031366338072537 ], [ -52.091235080150796, -32.031547297126139 ] ], [ [ -52.091287427579623, -32.031714429935562 ], [ -52.091329450058986, -32.031848597652917 ] ], [ [ -52.091348587046646, -32.031909697473544 ], [ -52.0914171160207, -32.032128494083352 ] ] ] } },
{ "type": "Feature", "properties": { "tipo": "rua", "nome": "DOUTOR FERNANDO DUPRAT DA SILVA", "drenagem": 1.0, "iluminacao": 1.0, "compriment": 70.861906395540828 }, "geometry": { "type": "LineString", "coordinates": [ [ -52.0914171160207, -32.032128494083352 ], [ -52.091580366959114, -32.03275222304169 ] ] } },
{ "type": "Feature", "properties": { "tipo": "rua", "nome": "DOIS DE NOVEMBRO", "drenagem": 1.0, "iluminacao": 1.0, "compriment": 68.793903359185563 }, "geometry": { "type": "LineString", "coordinates": [ [ -52.106107302738131, -32.044647151786236 ], [ -52.106528662326383, -32.044141102376805 ] ] } },
{ "type": "Feature", "properties": { "tipo": "rua", "nome": "SEM DENOMINACAO", "drenagem": null, "iluminacao": null, "compriment": 18.828284945652236 }, "geometry": { "type": "LineString", "coordinates": [ [ -52.123651248291054, -32.03941746684599 ], [ -52.123747850347293, -32.039268940671526 ] ] } },
{ "type": "Feature", "properties": { "tipo": "rua", "nome": "SEM DENOMINACAO", "drenagem": 0.0, "iluminacao": 0.0, "compriment": 27.477333108207198 }, "geometry": { "type": "LineString", "coordinates": [ [ -52.123616280795289, -32.039463375117101 ], [ -52.123457916808256, -32.039671236236657 ] ] } },
{ "type": "Feature", "properties": { "tipo": "rua", "nome": "VISCONDE DO RIO GRANDE", "drenagem": 1.0, "iluminacao": 1.0, "compriment": 11.04782497812338 }, "geometry": { "type": "LineString", "coordinates": [ [ -52.108148719391586, -32.037122673846177 ], [ -52.108091761389147, -32.037209693350626 ] ] } },
{ "type": "Feature", "properties": { "tipo": "rua", "nome": "DUQUE DE CAXIAS", "drenagem": 1.0, "iluminacao": 1.0, "compriment": 119.27249073518762 }, "geometry": { "type": "LineString", "coordinates": [ [ -52.098291965392399, -32.040069418320016 ], [ -52.098506873896248, -32.041129344202581 ] ] } },
{ "type": "Feature", "properties": { "tipo": "rua", "nome": "DUQUE DE CAXIAS", "drenagem": 1.0, "iluminacao": 1.0, "compriment": 62.62552618158081 }, "geometry": { "type": "LineString", "coordinates": [ [ -52.096340785045676, -32.030977907624404 ], [ -52.096404821657266, -32.031260361491228 ] ] } },
{ "type": "Feature", "properties": { "tipo": "rua", "nome": "DUQUE DE CAXIAS", "drenagem": 1.0, "iluminacao": 1.0, "compriment": 76.051729549811043 }, "geometry": { "type": "LineString", "coordinates": [ [ -52.096643304876096, -32.032344509804176 ], [ -52.096789710776285, -32.033018921694641 ] ] } },
{ "type": "Feature", "properties": { "tipo": "rua", "nome": "DUQUE DE CAXIAS", "drenagem": 1.0, "iluminacao": 1.0, "compriment": 82.898367241458558 }, "geometry": { "type": "MultiLineString", "coordinates": [ [ [ -52.096789710776285, -32.033018921694641 ], [ -52.096845198663758, -32.033244154804883 ] ], [ [ -52.096874220678878, -32.033361959230824 ], [ -52.096969959029096, -32.033750574609272 ] ] ] } },
{ "type": "Feature", "properties": { "tipo": "rua", "nome": "DUQUE DE CAXIAS", "drenagem": 1.0, "iluminacao": 1.0, "compriment": 76.541783730512293 }, "geometry": { "type": "LineString", "coordinates": [ [ -52.096969959029096, -32.033750574609272 ], [ -52.097104914328654, -32.034431200086523 ] ] } },
{ "type": "Feature", "properties": { "tipo": "rua", "nome": "DUQUE DE CAXIAS", "drenagem": 1.0, "iluminacao": 1.0, "compriment": 96.492625287892508 }, "geometry": { "type": "LineString", "coordinates": [ [ -52.097753829281558, -32.037272673947022 ], [ -52.097941815447577, -32.038127999220755 ] ] } },
{ "type": "Feature", "properties": { "tipo": "rua", "nome": "SEM DENOMINACAO", "drenagem": null, "iluminacao": null, "compriment": 17.31166198269911 }, "geometry": { "type": "LineString", "coordinates": [ [ -52.123153586062635, -32.038792513769444 ], [ -52.123065097346469, -32.038929232214208 ] ] } },
{ "type": "Feature", "properties": { "tipo": "rua", "nome": "CAPITAO LEMOS FARIA", "drenagem": 1.0, "iluminacao": 1.0, "compriment": 115.43293216673817 }, "geometry": { "type": "MultiLineString", "coordinates": [ [ [ -52.092283552748256, -32.042268638313203 ], [ -52.092300774721991, -32.042464371573622 ] ], [ [ -52.092315607071839, -32.042632945991421 ], [ -52.092374890222388, -32.043306718029662 ] ] ] } },
{ "type": "Feature", "properties": { "tipo": "rua", "nome": "VISCONDE DE MAUA", "drenagem": 1.0, "iluminacao": 1.0, "compriment": 59.308045750834786 }, "geometry": { "type": "LineString", "coordinates": [ [ -52.131538317809614, -32.044113569176041 ], [ -52.132094064940759, -32.044362565057824 ] ] } },
{ "type": "Feature", "properties": { "tipo": "rua", "nome": "PADRE FEIJO", "drenagem": 1.0, "iluminacao": 1.0, "compriment": 24.732555591551336 }, "geometry": { "type": "LineString", "coordinates": [ [ -52.113724565618433, -32.03483710929541 ], [ -52.113607148391985, -32.035036467843881 ] ] } },
{ "type": "Feature", "properties": { "tipo": "rua", "nome": "1 VELHA", "drenagem": 1.0, "iluminacao": 1.0, "compriment": 50.081362076062227 }, "geometry": { "type": "LineString", "coordinates": [ [ -52.086065615902463, -32.042433710176837 ], [ -52.086179080736876, -32.042290375210769 ], [ -52.086329273194337, -32.042042694340658 ] ] } },
{ "type": "Feature", "properties": { "tipo": "rua", "nome": "1 VELHA", "drenagem": 1.0, "iluminacao": 1.0, "compriment": 11.254968898637317 }, "geometry": { "type": "LineString", "coordinates": [ [ -52.086329273194337, -32.042042694340658 ], [ -52.086210132756896, -32.042040708377655 ] ] } },
{ "type": "Feature", "properties": { "tipo": "rua", "nome": "SENADOR ALBERTO PASQUALINI", "drenagem": 1.0, "iluminacao": 1.0, "compriment": 190.53327732687961 }, "geometry": { "type": "LineString", "coordinates": [ [ -52.082536655354147, -32.042708380593027 ], [ -52.082620376990604, -32.043048902583777 ] ] } },
{ "type": "Feature", "properties": { "tipo": "rua", "nome": "PADRE FEIJO", "drenagem": 1.0, "iluminacao": 1.0, "compriment": 99.52125144988824 }, "geometry": { "type": "LineString", "coordinates": [ [ -52.111048562629769, -32.039436240692559 ], [ -52.110578395990515, -32.040239432361275 ] ] } },
{ "type": "Feature", "properties": { "tipo": "rua", "nome": "ABDALA NADER", "drenagem": 1.0, "iluminacao": 1.0, "compriment": 7.3013794899961564 }, "geometry": { "type": "LineString", "coordinates": [ [ -52.083684928465068, -32.041083606425531 ], [ -52.083662469429207, -32.041020601700509 ] ] } },
{ "type": "Feature", "properties": { "tipo": "rua", "nome": "BASTOS GUERRA", "drenagem": 1.0, "iluminacao": 1.0, "compriment": 6.8863683889348284 }, "geometry": { "type": "LineString", "coordinates": [ [ -52.084403906010117, -32.040884180245762 ], [ -52.084419057803764, -32.040944926693513 ] ] } },
{ "type": "Feature", "properties": { "tipo": "rua", "nome": "PROFESSOR ANTENOR MONTEIRO", "drenagem": 1.0, "iluminacao": 1.0, "compriment": 6.9398938656422144 }, "geometry": { "type": "LineString", "coordinates": [ [ -52.08515870119426, -32.040737339656864 ], [ -52.085194983481429, -32.040791762077305 ] ] } },
{ "type": "Feature", "properties": { "tipo": "rua", "nome": "ALMIRANTE BARROSO", "drenagem": 1.0, "iluminacao": 1.0, "compriment": 5.4053824736990981 }, "geometry": { "type": "LineString", "coordinates": [ [ -52.087912920816045, -32.034633666660106 ], [ -52.087906659837238, -32.034682120607556 ] ] } },
{ "type": "Feature", "properties": { "tipo": "rua", "nome": "ANDRADE NEVES", "drenagem": 1.0, "iluminacao": 1.0, "compriment": 143.89745264221688 }, "geometry": { "type": "LineString", "coordinates": [ [ -52.091580366959114, -32.03275222304169 ], [ -52.091465264015689, -32.032843318496624 ], [ -52.091559914116765, -32.03400437550156 ] ] } },
{ "type": "Feature", "properties": { "tipo": "rua", "nome": "PERU", "drenagem": 1.0, "iluminacao": 1.0, "compriment": 62.120993632781257 }, "geometry": { "type": "LineString", "coordinates": [ [ -52.13653454483169, -32.053673448943925 ], [ -52.136838537747181, -32.053176646156693 ] ] } },
{ "type": "Feature", "properties": { "tipo": "rua", "nome": "CORREDOR DO BOSQUE SILVEIRA", "drenagem": 1.0, "iluminacao": 0.0, "compriment": 113.77588466861191 }, "geometry": { "type": "MultiLineString", "coordinates": [ [ [ -52.167938662166549, -32.058132748445381 ], [ -52.168554776641145, -32.058373607160291 ] ], [ [ -52.168613381580592, -32.058396517692316 ], [ -52.169033632086098, -32.058560806961388 ] ] ] } },
{ "type": "Feature", "properties": { "tipo": "rua", "nome": "CORREDOR DO BOSQUE SILVEIRA", "drenagem": 1.0, "iluminacao": 1.0, "compriment": 105.47837338840954 }, "geometry": { "type": "LineString", "coordinates": [ [ -52.169033632086098, -32.058560806961388 ], [ -52.170057508516216, -32.058940982923403 ] ] } },
{ "type": "Feature", "properties": { "tipo": "rua", "nome": "LEOPOLDO FROES", "drenagem": 0.0, "iluminacao": 1.0, "compriment": 60.770334744884217 }, "geometry": { "type": "LineString", "coordinates": [ [ -52.171433878157764, -32.059448113250781 ], [ -52.171127812035536, -32.059930197781647 ] ] } },
{ "type": "Feature", "properties": { "tipo": "rua", "nome": "LEOPOLDO FROES", "drenagem": 0.0, "iluminacao": 1.0, "compriment": 59.983354105943754 }, "geometry": { "type": "LineString", "coordinates": [ [ -52.171127812035536, -32.059930197781647 ], [ -52.170825821132176, -32.060406091357024 ] ] } },
{ "type": "Feature", "properties": { "tipo": "rua", "nome": "LEOPOLDO FROES", "drenagem": 0.0, "iluminacao": 1.0, "compriment": 72.252417567465471 }, "geometry": { "type": "LineString", "coordinates": [ [ -52.170825821132176, -32.060406091357024 ], [ -52.170456577382403, -32.060976777583278 ] ] } },
{ "type": "Feature", "properties": { "tipo": "rua", "nome": "SEM DENOMINACAO", "drenagem": 0.0, "iluminacao": 0.0, "compriment": 98.253647312092554 }, "geometry": { "type": "LineString", "coordinates": [ [ -52.170234822775711, -32.059483280825845 ], [ -52.170258915924791, -32.059514449096788 ], [ -52.171127812035536, -32.059930197781647 ] ] } },
{ "type": "Feature", "properties": { "tipo": "rua", "nome": "SEM DENOMINACAO", "drenagem": 0.0, "iluminacao": 1.0, "compriment": 140.78446765036395 }, "geometry": { "type": "LineString", "coordinates": [ [ -52.169536460822385, -32.059768979521806 ], [ -52.1700332109274, -32.060025301723968 ], [ -52.170825821132176, -32.060406091357024 ] ] } },
{ "type": "Feature", "properties": { "tipo": "rua", "nome": "BERNARDO TAVEIRA", "drenagem": 0.0, "iluminacao": 1.0, "compriment": 32.013702608815322 }, "geometry": { "type": "LineString", "coordinates": [ [ -52.170456577382403, -32.060976777583278 ], [ -52.17076145154136, -32.061103046284593 ] ] } },
{ "type": "Feature", "properties": { "tipo": "rua", "nome": "DOUTOR PAULINO DE MELLO DUTRA", "drenagem": 0.0, "iluminacao": 1.0, "compriment": 48.414923850036239 }, "geometry": { "type": "LineString", "coordinates": [ [ -52.169536460822385, -32.059768979521806 ], [ -52.169779465326982, -32.059384525963296 ] ] } },
{ "type": "Feature", "properties": { "tipo": "rua", "nome": "CORREDOR DO BOSQUE SILVEIRA", "drenagem": 1.0, "iluminacao": 1.0, "compriment": 77.248955392828464 }, "geometry": { "type": "LineString", "coordinates": [ [ -52.171433878157764, -32.059448113250781 ], [ -52.17218466093707, -32.059724734183433 ] ] } },
{ "type": "Feature", "properties": { "tipo": "rua", "nome": "MARECHAL EURICO GASPAR DUTRA", "drenagem": 0.0, "iluminacao": 1.0, "compriment": 172.42843787588438 }, "geometry": { "type": "LineString", "coordinates": [ [ -52.171532430696722, -32.062500416776714 ], [ -52.171590030104596, -32.062409342081665 ] ] } },
{ "type": "Feature", "properties": { "tipo": "avenida", "nome": "PRESIDENTE VARGAS", "drenagem": 1.0, "iluminacao": 1.0, "compriment": 204.26568193714914 }, "geometry": { "type": "LineString", "coordinates": [ [ -52.111876017758533, -32.048194016082427 ], [ -52.112678787805656, -32.04859478183517 ], [ -52.113787585803699, -32.049052804294817 ] ] } },
{ "type": "Feature", "properties": { "tipo": "avenida", "nome": "PRESIDENTE VARGAS", "drenagem": 1.0, "iluminacao": 1.0, "compriment": 68.133231713888918 }, "geometry": { "type": "LineString", "coordinates": [ [ -52.114804209654608, -32.04944545154153 ], [ -52.115464269627068, -32.049693436415239 ] ] } },
{ "type": "Feature", "properties": { "tipo": "avenida", "nome": "PRESIDENTE VARGAS", "drenagem": 1.0, "iluminacao": 1.0, "compriment": 112.23383959555346 }, "geometry": { "type": "LineString", "coordinates": [ [ -52.122614914482483, -32.05254609745402 ], [ -52.123338741693694, -32.0528394019328 ], [ -52.123685960913171, -32.052984658261316 ] ] } },
{ "type": "Feature", "properties": { "tipo": "avenida", "nome": "PRESIDENTE VARGAS", "drenagem": 1.0, "iluminacao": 1.0, "compriment": 167.74123243676627 }, "geometry": { "type": "LineString", "coordinates": [ [ -52.115483156436717, -32.049547709418789 ], [ -52.113867252145518, -32.048919847696531 ] ] } },
{ "type": "Feature", "properties": { "tipo": "rua", "nome": "AMAPA", "drenagem": 0.0, "iluminacao": 1.0, "compriment": 61.308082616207642 }, "geometry": { "type": "LineString", "coordinates": [ [ -52.12716416242526, -32.053473466433815 ], [ -52.127069425792811, -32.053597351598249 ] ] } },
{ "type": "Feature", "properties": { "tipo": "rua", "nome": "VISCONDE DE MAUA", "drenagem": 1.0, "iluminacao": 1.0, "compriment": 118.3756835887293 }, "geometry": { "type": "LineString", "coordinates": [ [ -52.138897050630163, -32.047237289969878 ], [ -52.137786571000895, -32.046742263613034 ] ] } },
{ "type": "Feature", "properties": { "tipo": "rua", "nome": "VISCONDE DE PARANAGUA", "drenagem": 1.0, "iluminacao": 1.0, "compriment": 136.6811490935273 }, "geometry": { "type": "LineString", "coordinates": [ [ -52.102272406274743, -32.028593286147675 ], [ -52.102048654434462, -32.029811071959003 ] ] } },
{ "type": "Feature", "properties": { "tipo": "avenida", "nome": "PORTUGAL", "drenagem": 1.0, "iluminacao": 1.0, "compriment": 23.115631356330702 }, "geometry": { "type": "LineString", "coordinates": [ [ -52.107905667233695, -32.032654746665997 ], [ -52.107899378067792, -32.032652600622534 ] ] } },
{ "type": "Feature", "properties": { "tipo": "rua", "nome": "PADRE FEIJO", "drenagem": 1.0, "iluminacao": 1.0, "compriment": 42.539831332366269 }, "geometry": { "type": "LineString", "coordinates": [ [ -52.115288690134228, -32.032066485248173 ], [ -52.115514557789716, -32.031734593506059 ] ] } },
{ "type": "Feature", "properties": { "tipo": "rua", "nome": "VENANCIO AYRES", "drenagem": 0.0, "iluminacao": 1.0, "compriment": 46.922108051368546 }, "geometry": { "type": "LineString", "coordinates": [ [ -52.121228402153804, -32.038532094989897 ], [ -52.121336972143887, -32.038291691271226 ] ] } },
{ "type": "Feature", "properties": { "tipo": "rua", "nome": "VENANCIO AYRES", "drenagem": 0.0, "iluminacao": 1.0, "compriment": 10.77608288745571 }, "geometry": { "type": "LineString", "coordinates": [ [ -52.121398627953802, -32.038178125193333 ], [ -52.121440440064177, -32.038153090934031 ], [ -52.121502416165157, -32.038162632699148 ] ] } },
{ "type": "Feature", "properties": { "tipo": "rua", "nome": "DOUTOR CARNEIRO JUNIOR", "drenagem": 0.0, "iluminacao": 1.0, "compriment": 39.315803822245336 }, "geometry": { "type": "LineString", "coordinates": [ [ -52.114583204848174, -32.033321988297253 ], [ -52.114213109299925, -32.033159759192898 ] ] } },
{ "type": "Feature", "properties": { "tipo": "rua", "nome": "PADRE FEIJO", "drenagem": 1.0, "iluminacao": 1.0, "compriment": 186.56027039158536 }, "geometry": { "type": "LineString", "coordinates": [ [ -52.114583204848174, -32.033321988297253 ], [ -52.113724565618433, -32.03483710929541 ] ] } },
{ "type": "Feature", "properties": { "tipo": "avenida", "nome": "PORTUGAL", "drenagem": 1.0, "iluminacao": 1.0, "compriment": 40.759473136055306 }, "geometry": { "type": "LineString", "coordinates": [ [ -52.113324938844585, -32.034698439703284 ], [ -52.113724565618433, -32.03483710929541 ] ] } },
{ "type": "Feature", "properties": { "tipo": "rua", "nome": "SEM DENOMINACAO", "drenagem": 0.0, "iluminacao": 1.0, "compriment": 100.40673714939274 }, "geometry": { "type": "MultiLineString", "coordinates": [ [ [ -52.119687250445899, -32.037211684704076 ], [ -52.119820936353996, -32.037291258021348 ], [ -52.120110012815807, -32.037437829155401 ] ], [ [ -52.120500372101652, -32.037655187419965 ], [ -52.120585924071861, -32.037694264759949 ] ] ] } },
{ "type": "Feature", "properties": { "tipo": "rua", "nome": "SEM DENOMINACAO", "drenagem": 0.0, "iluminacao": 1.0, "compriment": 66.376598169901385 }, "geometry": { "type": "LineString", "coordinates": [ [ -52.1207246472338, -32.037845509558267 ], [ -52.120599577986177, -32.038056647008489 ] ] } },
{ "type": "Feature", "properties": { "tipo": "rua", "nome": "SEM DENOMINACAO", "drenagem": null, "iluminacao": null, "compriment": 74.735807936432863 }, "geometry": { "type": "LineString", "coordinates": [ [ -52.123747850347293, -32.039268940671526 ], [ -52.123565748406229, -32.039186014798652 ], [ -52.123468383019635, -32.039134746054138 ], [ -52.123342647675507, -32.039077562507849 ], [ -52.123172359930578, -32.038982655814436 ], [ -52.123065097346469, -32.038929232214208 ] ] } },
{ "type": "Feature", "properties": { "tipo": "rua", "nome": "SEM DENOMINACAO", "drenagem": null, "iluminacao": null, "compriment": 13.905946684460211 }, "geometry": { "type": "LineString", "coordinates": [ [ -52.123747850347293, -32.039268940671526 ], [ -52.123819197226062, -32.039159244118792 ] ] } },
{ "type": "Feature", "properties": { "tipo": "rua", "nome": "SEM DENOMINACAO", "drenagem": null, "iluminacao": null, "compriment": 23.058195341216837 }, "geometry": { "type": "LineString", "coordinates": [ [ -52.123065097346469, -32.038929232214208 ], [ -52.122950762839324, -32.039101408076363 ] ] } },
{ "type": "Feature", "properties": { "tipo": "avenida", "nome": "PORTUGAL", "drenagem": 1.0, "iluminacao": 1.0, "compriment": 37.826406341338917 }, "geometry": { "type": "MultiLineString", "coordinates": [ [ [ -52.119156770450672, -32.036893890964116 ], [ -52.119383471115128, -32.036976111364098 ] ], [ [ -52.119394592810245, -32.036980145010062 ], [ -52.119525231372734, -32.037027525351384 ] ] ] } },
{ "type": "Feature", "properties": { "tipo": "avenida", "nome": "PORTUGAL", "drenagem": 1.0, "iluminacao": 1.0, "compriment": 35.831144366546361 }, "geometry": { "type": "LineString", "coordinates": [ [ -52.119079998284882, -32.037068194735362 ], [ -52.119426802039435, -32.037199136983773 ] ] } },
{ "type": "Feature", "properties": { "tipo": "avenida", "nome": "PORTUGAL", "drenagem": 1.0, "iluminacao": 1.0, "compriment": 17.66132610181776 }, "geometry": { "type": "LineString", "coordinates": [ [ -52.118909057582371, -32.03700365237389 ], [ -52.119079998284882, -32.037068194735362 ] ] } },
{ "type": "Feature", "properties": { "tipo": "rua", "nome": "GENERAL NETTO", "drenagem": 1.0, "iluminacao": 1.0, "compriment": 95.225388033080065 }, "geometry": { "type": "LineString", "coordinates": [ [ -52.099073019343152, -32.03702662143565 ], [ -52.09927404267129, -32.037868133669356 ] ] } },
{ "type": "Feature", "properties": { "tipo": "rua", "nome": "CORREDOR DO BOSQUE SILVEIRA", "drenagem": 1.0, "iluminacao": 1.0, "compriment": 141.61756485593182 }, "geometry": { "type": "LineString", "coordinates": [ [ -52.170057508516216, -32.058940982923403 ], [ -52.171433878157764, -32.059448113250781 ] ] } },
{ "type": "Feature", "properties": { "tipo": "rua", "nome": "CARAMURÚ", "drenagem": 1.0, "iluminacao": 1.0, "compriment": 8.9978628954728297 }, "geometry": { "type": "LineString", "coordinates": [ [ -52.11022346475351, -32.03600047632343 ], [ -52.110182153798355, -32.036073593117216 ] ] } },
{ "type": "Feature", "properties": { "tipo": "rua", "nome": "GENERAL OSORIO", "drenagem": 1.0, "iluminacao": 1.0, "compriment": 141.04996305613395 }, "geometry": { "type": "MultiLineString", "coordinates": [ [ [ -52.097604070577532, -32.03006762898093 ], [ -52.098457202706612, -32.030014459115911 ] ], [ [ -52.098659282106304, -32.030001864895112 ], [ -52.098866900106927, -32.029988925491359 ] ], [ [ -52.098891983794076, -32.029987362197453 ], [ -52.099093277778977, -32.029974816926163 ] ] ] } },
{ "type": "Feature", "properties": { "tipo": "rua", "nome": "ANDRADAS", "drenagem": 1.0, "iluminacao": 1.0, "compriment": 76.888751766049623 }, "geometry": { "type": "MultiLineString", "coordinates": [ [ [ -52.095542884218361, -32.034012216241855 ], [ -52.095571348292381, -32.034144475011544 ] ], [ [ -52.095615022275339, -32.034347406863454 ], [ -52.09564058610087, -32.03446618958273 ] ], [ [ -52.095656584618119, -32.034540526945911 ], [ -52.095689666955614, -32.034694244549833 ] ] ] } },
{ "type": "Feature", "properties": { "tipo": "rua", "nome": "CONDE AFONSO CELSO", "drenagem": 0.0, "iluminacao": 1.0, "compriment": 99.369784175615948 }, "geometry": { "type": "LineString", "coordinates": [ [ -52.120885190535844, -32.046656387319409 ], [ -52.120849695874419, -32.046718670057814 ] ] } },
{ "type": "Feature", "properties": { "tipo": "rua", "nome": "CENTO E QUARENTA E CINCO", "drenagem": 0.0, "iluminacao": 1.0, "compriment": 168.07819247143041 }, "geometry": { "type": "LineString", "coordinates": [ [ -52.165611520586147, -32.057313922732199 ], [ -52.165540687075932, -32.057420550918934 ] ] } },
{ "type": "Feature", "properties": { "tipo": "rua", "nome": "JOAO PESSOA", "drenagem": 1.0, "iluminacao": 1.0, "compriment": 62.365939250399869 }, "geometry": { "type": "MultiLineString", "coordinates": [ [ [ -52.086182468622155, -32.036107377511556 ], [ -52.086087676731204, -32.036126734810885 ] ], [ [ -52.085951788414199, -32.036154484345175 ], [ -52.085818066955525, -32.036181791388806 ] ], [ [ -52.085701326488078, -32.036205630771583 ], [ -52.085540397014682, -32.036238493920074 ] ] ] } },
{ "type": "Feature", "properties": { "tipo": "rua", "nome": "SAUL PORTO", "drenagem": 0.0, "iluminacao": 1.0, "compriment": 43.203526673498352 }, "geometry": { "type": "LineString", "coordinates": [ [ -52.081263791892773, -32.044233775286102 ], [ -52.081409480972916, -32.044603101805848 ] ] } },
{ "type": "Feature", "properties": { "tipo": "rua", "nome": "GENERAL BOEHM", "drenagem": 0.0, "iluminacao": 1.0, "compriment": 123.01873679269525 }, "geometry": { "type": "LineString", "coordinates": [ [ -52.157948434920954, -32.053501704412383 ], [ -52.159138338304345, -32.053953162601374 ] ] } },
{ "type": "Feature", "properties": { "tipo": "avenida", "nome": "PRIMEIRO DE MAIO", "drenagem": 1.0, "iluminacao": 1.0, "compriment": 67.13927583671051 }, "geometry": { "type": "LineString", "coordinates": [ [ -52.116334672483227, -32.048039584453896 ], [ -52.116355365656716, -32.048050691298471 ] ] } },
{ "type": "Feature", "properties": { "tipo": "rua", "nome": "VALPORTO", "drenagem": 1.0, "iluminacao": 1.0, "compriment": 123.40883783120286 }, "geometry": { "type": "LineString", "coordinates": [ [ -52.094587105940839, -32.041569200352491 ], [ -52.093304098631179, -32.04177973533087 ] ] } },
{ "type": "Feature", "properties": { "tipo": "rua", "nome": "DOUTORA RITA LOBATO", "drenagem": 1.0, "iluminacao": 1.0, "compriment": 30.460860002967966 }, "geometry": { "type": "LineString", "coordinates": [ [ -52.092979390069928, -32.043192076141317 ], [ -52.092994290429154, -32.043466483214068 ] ] } },
{ "type": "Feature", "properties": { "tipo": "rua", "nome": "DOUTORA RITA LOBATO", "drenagem": 1.0, "iluminacao": 1.0, "compriment": 52.289147255831537 }, "geometry": { "type": "LineString", "coordinates": [ [ -52.093041112267862, -32.044680228156629 ], [ -52.093067278250231, -32.045151252122253 ] ] } },
{ "type": "Feature", "properties": { "tipo": "rua", "nome": "CASIMIRO DE ABREU", "drenagem": 0.0, "iluminacao": 1.0, "compriment": 100.20169358992933 }, "geometry": { "type": "LineString", "coordinates": [ [ -52.127546670317649, -32.042424158233104 ], [ -52.127293459280288, -32.042843861834577 ] ] } },
{ "type": "Feature", "properties": { "tipo": "rua", "nome": "DOUTOR NEWTON AZEVEDO", "drenagem": 1.0, "iluminacao": 1.0, "compriment": 167.81965628600193 }, "geometry": { "type": "LineString", "coordinates": [ [ -52.114804209654608, -32.04944545154153 ], [ -52.114215950052518, -32.05055902202789 ] ] } },
{ "type": "Feature", "properties": { "tipo": "avenida", "nome": "PRESIDENTE VARGAS", "drenagem": 1.0, "iluminacao": 1.0, "compriment": 79.369667873288989 }, "geometry": { "type": "LineString", "coordinates": [ [ -52.109394481449989, -32.046908255596747 ], [ -52.108669519014789, -32.046546234781914 ] ] } },
{ "type": "Feature", "properties": { "tipo": "rua", "nome": "SEM DENOMINACAO", "drenagem": 1.0, "iluminacao": 1.0, "compriment": 121.5852289813262 }, "geometry": { "type": "LineString", "coordinates": [ [ -52.105367657752147, -32.044193537491346 ], [ -52.104533448226604, -32.045028642680897 ] ] } },
{ "type": "Feature", "properties": { "tipo": "rua", "nome": "SENADOR CORREA", "drenagem": 1.0, "iluminacao": 1.0, "compriment": 75.472676649246864 }, "geometry": { "type": "LineString", "coordinates": [ [ -52.098363943297805, -32.040057301780017 ], [ -52.099142705499155, -32.039904876813033 ] ] } },
{ "type": "Feature", "properties": { "tipo": "rua", "nome": "DOM BOSCO", "drenagem": 1.0, "iluminacao": 1.0, "compriment": 60.820735757877664 }, "geometry": { "type": "LineString", "coordinates": [ [ -52.125713746298729, -32.046675305175675 ], [ -52.126283595260347, -32.046930795409118 ] ] } },
{ "type": "Feature", "properties": { "tipo": "rua", "nome": "GENERAL CAMARA", "drenagem": 1.0, "iluminacao": 1.0, "compriment": 126.36261621036154 }, "geometry": { "type": "MultiLineString", "coordinates": [ [ [ -52.093868653577807, -32.035034044721506 ], [ -52.093978703993372, -32.035013984016672 ] ], [ [ -52.094505084479593, -32.034918031961347 ], [ -52.094651443114252, -32.034891352758414 ] ] ] } },
{ "type": "Feature", "properties": { "tipo": "rua", "nome": "GENERAL CAMARA", "drenagem": 1.0, "iluminacao": 1.0, "compriment": 49.729371480938504 }, "geometry": { "type": "LineString", "coordinates": [ [ -52.095402416817485, -32.03475100540259 ], [ -52.095689666955614, -32.034694244549833 ] ] } },
{ "type": "Feature", "properties": { "tipo": "avenida", "nome": "SILVA PAES", "drenagem": 1.0, "iluminacao": 1.0, "compriment": 47.570771814985122 }, "geometry": { "type": "LineString", "coordinates": [ [ -52.091861005154321, -32.033950813016091 ], [ -52.092353440878384, -32.033860918647783 ] ] } },
{ "type": "Feature", "properties": { "tipo": "avenida", "nome": "SILVA PAES", "drenagem": 1.0, "iluminacao": 1.0, "compriment": 52.45773237779192 }, "geometry": { "type": "LineString", "coordinates": [ [ -52.095287614356991, -32.033305439228116 ], [ -52.095370767167054, -32.033289934068755 ] ] } },
{ "type": "Feature", "properties": { "tipo": "rua", "nome": "CRISTOVAO COLOMBO", "drenagem": 1.0, "iluminacao": 1.0, "compriment": 4.2686201959309296 }, "geometry": { "type": "LineString", "coordinates": [ [ -52.111334823256641, -32.036515087409263 ], [ -52.111314960204091, -32.036549664795878 ] ] } },
{ "type": "Feature", "properties": { "tipo": "rua", "nome": "HONORATO CARVALHO", "drenagem": 0.0, "iluminacao": 1.0, "compriment": 74.175239275558994 }, "geometry": { "type": "LineString", "coordinates": [ [ -52.141297375754284, -32.049289566054526 ], [ -52.142000038573755, -32.049588413741674 ] ] } },
{ "type": "Feature", "properties": { "tipo": "rua", "nome": "RAFAEL ANSELMI", "drenagem": 0.0, "iluminacao": 1.0, "compriment": 100.64822441722789 }, "geometry": { "type": "LineString", "coordinates": [ [ -52.142644313011232, -32.047234490244996 ], [ -52.142451793540218, -32.048127216024511 ] ] } },
{ "type": "Feature", "properties": { "tipo": "avenida", "nome": "BUARQUE DE MACEDO", "drenagem": 1.0, "iluminacao": 1.0, "compriment": 122.20454961559483 }, "geometry": { "type": "MultiLineString", "coordinates": [ [ [ -52.10454007470365, -32.040902460636836 ], [ -52.103866815785906, -32.040616442995457 ] ], [ [ -52.103676671679644, -32.040535664906429 ], [ -52.103501964303319, -32.040461444735868 ] ] ] } },
{ "type": "Feature", "properties": { "tipo": "rua", "nome": "MARECHAL DEODORO", "drenagem": 1.0, "iluminacao": 1.0, "compriment": 20.441884973984617 }, "geometry": { "type": "LineString", "coordinates": [ [ -52.104635160311979, -32.040736857126475 ], [ -52.10454007470365, -32.040902460636836 ] ] } },
{ "type": "Feature", "properties": { "tipo": "rua", "nome": "MARECHAL DEODORO", "drenagem": 1.0, "iluminacao": 1.0, "compriment": 145.6913177083153 }, "geometry": { "type": "LineString", "coordinates": [ [ -52.111403238727966, -32.029174932935661 ], [ -52.110828228773165, -32.030138667375404 ] ] } },
{ "type": "Feature", "properties": { "tipo": "rua", "nome": "COMENDADOR HENRIQUE PANCADA", "drenagem": 0.0, "iluminacao": 1.0, "compriment": 35.953239394525653 }, "geometry": { "type": "LineString", "coordinates": [ [ -52.123121322471533, -32.03951982458149 ], [ -52.123457916808256, -32.039671236236657 ] ] } },
{ "type": "Feature", "properties": { "tipo": "rua", "nome": "SEM DENOMINACAO", "drenagem": null, "iluminacao": null, "compriment": 95.305710602624515 }, "geometry": { "type": "MultiLineString", "coordinates": [ [ [ -52.123616280792504, -32.039463375114856 ], [ -52.124038230684882, -32.039634894954567 ], [ -52.124234605820263, -32.039716364130399 ] ], [ [ -52.124499528404478, -32.039826271245431 ], [ -52.124525056248991, -32.039836861855335 ] ] ] } },
{ "type": "Feature", "properties": { "tipo": "rua", "nome": "DOUTOR CARNEIRO JUNIOR", "drenagem": 0.0, "iluminacao": 1.0, "compriment": 198.30450631820452 }, "geometry": { "type": "LineString", "coordinates": [ [ -52.114213109299925, -32.033159759192898 ], [ -52.1145888128707, -32.032450156420396 ], [ -52.114913639220923, -32.031886744505549 ], [ -52.115013719167123, -32.031741939904862 ] ] } },
{ "type": "Feature", "properties": { "tipo": "rua", "nome": "SEM DENOMINACAO", "drenagem": 0.0, "iluminacao": 0.0, "compriment": 38.21892070927764 }, "geometry": { "type": "LineString", "coordinates": [ [ -52.122571569209022, -32.039110442214088 ], [ -52.122544221324183, -32.03915304171133 ] ] } },
{ "type": "Feature", "properties": { "tipo": "rua", "nome": "COMENDADOR HENRIQUE PANCADA", "drenagem": 0.0, "iluminacao": 1.0, "compriment": 67.384792854058333 }, "geometry": { "type": "LineString", "coordinates": [ [ -52.122890946043128, -32.039421751587071 ], [ -52.123121322471533, -32.03951982458149 ] ] } },
{ "type": "Feature", "properties": { "tipo": "rua", "nome": "SEM DENOMINACAO", "drenagem": null, "iluminacao": null, "compriment": 42.117053306150709 }, "geometry": { "type": "MultiLineString", "coordinates": [ [ [ -52.120725811003531, -32.037335043735588 ], [ -52.120706999483481, -32.037411445524924 ], [ -52.120673519587818, -32.037517524358101 ] ], [ [ -52.120615308026345, -32.037635768327966 ], [ -52.120585924067321, -32.037694264757633 ] ] ] } },
{ "type": "Feature", "properties": { "tipo": "avenida", "nome": "QUINZE DE NOVEMBRO", "drenagem": 0.0, "iluminacao": 1.0, "compriment": 68.605737281799051 }, "geometry": { "type": "LineString", "coordinates": [ [ -52.120340142934126, -32.037224099074528 ], [ -52.12021857852114, -32.037184813258044 ], [ -52.120033572787207, -32.037123665578662 ], [ -52.119906853773259, -32.037093393882934 ], [ -52.119862136763949, -32.037096031092837 ], [ -52.119805971388445, -32.037131281599784 ], [ -52.119687250445899, -32.037211684704076 ] ] } },
{ "type": "Feature", "properties": { "tipo": "rua", "nome": "CRISTOVAO PEREIRA", "drenagem": 1.0, "iluminacao": 1.0, "compriment": 116.6640200342469 }, "geometry": { "type": "MultiLineString", "coordinates": [ [ [ -52.150903619640971, -32.051988448046707 ], [ -52.150945852782023, -32.052003056267012 ] ], [ [ -52.151132639378318, -32.05206766476357 ], [ -52.152048156121239, -32.052384337166757 ] ] ] } },
{ "type": "Feature", "properties": { "tipo": "rua", "nome": "VISCONDE DE RIO BRANCO", "drenagem": 1.0, "iluminacao": 1.0, "compriment": 117.21711856386851 }, "geometry": { "type": "LineString", "coordinates": [ [ -52.106789350103426, -32.034608592873482 ], [ -52.107889794711298, -32.035097179367028 ] ] } },
{ "type": "Feature", "properties": { "tipo": "rua", "nome": "VISCONDE DE RIO BRANCO", "drenagem": 1.0, "iluminacao": 1.0, "compriment": 119.31417501754575 }, "geometry": { "type": "LineString", "coordinates": [ [ -52.110182153798355, -32.036073593117216 ], [ -52.111314960204091, -32.036549664795878 ] ] } },
{ "type": "Feature", "properties": { "tipo": "rua", "nome": "M", "drenagem": 0.0, "iluminacao": 1.0, "compriment": 135.2140339829852 }, "geometry": { "type": "LineString", "coordinates": [ [ -52.174954275213665, -32.064645875562455 ], [ -52.174867009179529, -32.06476567037771 ] ] } },
{ "type": "Feature", "properties": { "tipo": "avenida", "nome": "ALMIRANTE TAMANDARE", "drenagem": 1.0, "iluminacao": 1.0, "compriment": 74.565356135964493 }, "geometry": { "type": "LineString", "coordinates": [ [ -52.096429534953494, -32.043740271663253 ], [ -52.096414291447417, -32.044412587309594 ] ] } },
{ "type": "Feature", "properties": { "tipo": "rua", "nome": "MARECHAL DEODORO", "drenagem": 1.0, "iluminacao": 1.0, "compriment": 9.2644659215474316 }, "geometry": { "type": "LineString", "coordinates": [ [ -52.107020664771532, -32.036655382270823 ], [ -52.106971900892191, -32.036727873269101 ] ] } },
{ "type": "Feature", "properties": { "tipo": "rua", "nome": "BARAO DE COTEGIPE", "drenagem": 1.0, "iluminacao": 1.0, "compriment": 127.8023705632268 }, "geometry": { "type": "MultiLineString", "coordinates": [ [ [ -52.101937577614621, -32.036429573216836 ], [ -52.102137943269604, -32.036457193874021 ] ], [ [ -52.102399333568911, -32.036493226855065 ], [ -52.102724810948658, -32.03653809432064 ] ], [ [ -52.103177433181202, -32.036600488863854 ], [ -52.103273241148038, -32.036613696112411 ] ] ] } },
{ "type": "Feature", "properties": { "tipo": "travessa", "nome": "CRISTOVAO PEREIRA", "drenagem": 0.0, "iluminacao": 1.0, "compriment": 133.57943786566827 }, "geometry": { "type": "LineString", "coordinates": [ [ -52.16286147696794, -32.056897747964825 ], [ -52.162328153686587, -32.056713431708516 ] ] } },
{ "type": "Feature", "properties": { "tipo": "rua", "nome": "PADRE ALIEVI", "drenagem": 0.0, "iluminacao": 1.0, "compriment": 61.817898194514967 }, "geometry": { "type": "LineString", "coordinates": [ [ -52.162328153686587, -32.056713431708516 ], [ -52.162154468025776, -32.057250932231554 ] ] } },
{ "type": "Feature", "properties": { "tipo": "rua", "nome": "QUINTINO BOCAIUVA", "drenagem": 1.0, "iluminacao": 1.0, "compriment": 111.61414795253371 }, "geometry": { "type": "LineString", "coordinates": [ [ -52.15413157236469, -32.050955544078001 ], [ -52.153649157290332, -32.051874422855001 ] ] } },
{ "type": "Feature", "properties": { "tipo": "rua", "nome": "QUINTINO BOCAIUVA", "drenagem": 1.0, "iluminacao": 1.0, "compriment": 110.71473962893914 }, "geometry": { "type": "LineString", "coordinates": [ [ -52.153165907923885, -32.052827230745052 ], [ -52.152689792019686, -32.053739624072691 ] ] } },
{ "type": "Feature", "properties": { "tipo": "rua", "nome": "DUQUE DE CAXIAS", "drenagem": 1.0, "iluminacao": 1.0, "compriment": 6.9829627984971676 }, "geometry": { "type": "LineString", "coordinates": [ [ -52.097104914328654, -32.034431200086523 ], [ -52.097117226499556, -32.034493294034661 ] ] } },
{ "type": "Feature", "properties": { "tipo": "rua", "nome": "EDGAR FONTOURA", "drenagem": 1.0, "iluminacao": 1.0, "compriment": 40.789861152757851 }, "geometry": { "type": "LineString", "coordinates": [ [ -52.087058184566025, -32.037356666602335 ], [ -52.087482115165386, -32.037286564151884 ] ] } },
{ "type": "Feature", "properties": { "tipo": "rua", "nome": "1 NOVA", "drenagem": 1.0, "iluminacao": 1.0, "compriment": 132.05127390298901 }, "geometry": { "type": "MultiLineString", "coordinates": [ [ [ -52.086921482305542, -32.038541818308403 ], [ -52.086933907872904, -32.038434093810601 ] ], [ [ -52.086962969445189, -32.038182142073644 ], [ -52.087058184566025, -32.037356666602335 ] ] ] } },
{ "type": "Feature", "properties": { "tipo": "rua", "nome": "DUQUE DE CAXIAS", "drenagem": 1.0, "iluminacao": 1.0, "compriment": 109.87920693191398 }, "geometry": { "type": "LineString", "coordinates": [ [ -52.097941937189049, -32.03812855316729 ], [ -52.098159742290925, -32.039101937648596 ] ] } },
{ "type": "Feature", "properties": { "tipo": "avenida", "nome": "BRASIL", "drenagem": 1.0, "iluminacao": 1.0, "compriment": 96.024679778624986 }, "geometry": { "type": "LineString", "coordinates": [ [ -52.131422776967959, -32.052712821166175 ], [ -52.130982866135611, -32.053493542625546 ] ] } },
{ "type": "Feature", "properties": { "tipo": "rua", "nome": "MARECHAL DEODORO", "drenagem": 1.0, "iluminacao": 1.0, "compriment": 91.050913414782855 }, "geometry": { "type": "LineString", "coordinates": [ [ -52.108377332051234, -32.034285623862587 ], [ -52.10793779258195, -32.03501640270806 ] ] } },
{ "type": "Feature", "properties": { "tipo": "rua", "nome": "DUQUE DE CAXIAS", "drenagem": 1.0, "iluminacao": 1.0, "compriment": 104.42507379125352 }, "geometry": { "type": "LineString", "coordinates": [ [ -52.098363943297805, -32.040057301780017 ], [ -52.098562344254702, -32.040983735305097 ] ] } },
{ "type": "Feature", "properties": { "tipo": "avenida", "nome": "BRASIL", "drenagem": 1.0, "iluminacao": 1.0, "compriment": 103.24586383357827 }, "geometry": { "type": "LineString", "coordinates": [ [ -52.135514638434984, -32.045784425543289 ], [ -52.135313607106141, -32.046137008731101 ] ] } },
{ "type": "Feature", "properties": { "tipo": "rua", "nome": "MARECHAL DEODORO", "drenagem": 1.0, "iluminacao": 1.0, "compriment": 10.039160586916331 }, "geometry": { "type": "LineString", "coordinates": [ [ -52.10793779258195, -32.03501640270806 ], [ -52.107889794711298, -32.035097179367028 ] ] } },
{ "type": "Feature", "properties": { "tipo": "rua", "nome": "BENTO GONCALVES", "drenagem": 1.0, "iluminacao": 1.0, "compriment": 117.53566490268619 }, "geometry": { "type": "MultiLineString", "coordinates": [ [ [ -52.105363976110112, -32.037049163937461 ], [ -52.106133177990252, -32.037391033743987 ] ], [ [ -52.106239108520754, -32.037438114297089 ], [ -52.106467191307644, -32.03753948510785 ] ] ] } },
{ "type": "Feature", "properties": { "tipo": "rua", "nome": "TRES DE JULHO", "drenagem": 1.0, "iluminacao": 1.0, "compriment": 52.346901743822784 }, "geometry": { "type": "LineString", "coordinates": [ [ -52.105913067679815, -32.029452977195092 ], [ -52.105992598313712, -32.028985791299206 ] ] } },
{ "type": "Feature", "properties": { "tipo": "rua", "nome": "BENTO GONCALVES", "drenagem": 1.0, "iluminacao": 1.0, "compriment": 118.85490550486288 }, "geometry": { "type": "LineString", "coordinates": [ [ -52.107647808019394, -32.03802731332857 ], [ -52.108780298522881, -32.038494546588417 ] ] } },
{ "type": "Feature", "properties": { "tipo": "rua", "nome": "VINTE E QUATRO DE MAIO", "drenagem": 1.0, "iluminacao": 1.0, "compriment": 49.218549878022507 }, "geometry": { "type": "LineString", "coordinates": [ [ -52.101787569327733, -32.04070749672622 ], [ -52.101868004651323, -32.040877340970056 ] ] } },
{ "type": "Feature", "properties": { "tipo": "rua", "nome": "DUQUE DE CAXIAS", "drenagem": 1.0, "iluminacao": 1.0, "compriment": 14.786986670964019 }, "geometry": { "type": "LineString", "coordinates": [ [ -52.098562344254702, -32.040983735305097 ], [ -52.098593389986725, -32.041114438272871 ] ] } },
{ "type": "Feature", "properties": { "tipo": "avenida", "nome": "BUARQUE DE MACEDO", "drenagem": 1.0, "iluminacao": 1.0, "compriment": 21.901482981819115 }, "geometry": { "type": "LineString", "coordinates": [ [ -52.115917445195308, -32.045533918829555 ], [ -52.115832974735206, -32.045717859641904 ] ] } },
{ "type": "Feature", "properties": { "tipo": "avenida", "nome": "BUARQUE DE MACEDO", "drenagem": 1.0, "iluminacao": 1.0, "compriment": 13.111142297135491 }, "geometry": { "type": "LineString", "coordinates": [ [ -52.115832974735206, -32.045717859641904 ], [ -52.115694822391639, -32.045729452858609 ] ] } },
{ "type": "Feature", "properties": { "tipo": "rua", "nome": "ZALONY", "drenagem": 1.0, "iluminacao": 1.0, "compriment": 82.085591734712636 }, "geometry": { "type": "LineString", "coordinates": [ [ -52.094511736256706, -32.031012720990688 ], [ -52.094519273506073, -32.031200756435375 ] ] } },
{ "type": "Feature", "properties": { "tipo": "avenida", "nome": "PRESIDENTE VARGAS", "drenagem": 1.0, "iluminacao": 1.0, "compriment": 17.303179805871611 }, "geometry": { "type": "LineString", "coordinates": [ [ -52.108669519014789, -32.046546234781914 ], [ -52.1085134383666, -32.046464522305598 ] ] } },
{ "type": "Feature", "properties": { "tipo": "avenida", "nome": "MAJOR CARLOS PINTO", "drenagem": 1.0, "iluminacao": 1.0, "compriment": 28.497593166041327 }, "geometry": { "type": "LineString", "coordinates": [ [ -52.104126500912415, -32.038658409769184 ], [ -52.103988530891598, -32.038886960150037 ] ] } },
{ "type": "Feature", "properties": { "tipo": "rua", "nome": "DOUTOR NASCIMENTO", "drenagem": 1.0, "iluminacao": 1.0, "compriment": 155.03549484732986 }, "geometry": { "type": "LineString", "coordinates": [ [ -52.102142056071706, -32.035402241779614 ], [ -52.100541341270002, -32.035711384082489 ] ] } },
{ "type": "Feature", "properties": { "tipo": "rua", "nome": "DOM BOSCO", "drenagem": 1.0, "iluminacao": 1.0, "compriment": 59.653772626836847 }, "geometry": { "type": "LineString", "coordinates": [ [ -52.124003709789505, -32.045964509371849 ], [ -52.124570224922721, -32.046202387869883 ] ] } },
{ "type": "Feature", "properties": { "tipo": "rua", "nome": "BENTO GONCALVES", "drenagem": 1.0, "iluminacao": 1.0, "compriment": 118.41761025545651 }, "geometry": { "type": "LineString", "coordinates": [ [ -52.11333643671815, -32.040402477282782 ], [ -52.113604830200956, -32.040517923372718 ] ] } },
{ "type": "Feature", "properties": { "tipo": "rua", "nome": "CARLOS VIGNOLI", "drenagem": 1.0, "iluminacao": 1.0, "compriment": 56.382187180557814 }, "geometry": { "type": "MultiLineString", "coordinates": [ [ [ -52.083307103868165, -32.048750880437744 ], [ -52.083504964088931, -32.04871012611045 ] ], [ [ -52.083573167304792, -32.048696077929513 ], [ -52.083887371960785, -32.048631359517003 ] ] ] } },
{ "type": "Feature", "properties": { "tipo": "rua", "nome": "DOM BOSCO", "drenagem": 1.0, "iluminacao": 1.0, "compriment": 58.207240039356755 }, "geometry": { "type": "LineString", "coordinates": [ [ -52.125164327687109, -32.046437474695679 ], [ -52.125713746298729, -32.046675305175675 ] ] } },
{ "type": "Feature", "properties": { "tipo": "rua", "nome": "PERO VAZ DE CAMINHA", "drenagem": 0.0, "iluminacao": 1.0, "compriment": 71.447068538652218 }, "geometry": { "type": "LineString", "coordinates": [ [ -52.09834269003386, -32.046063415704545 ], [ -52.099085285233038, -32.045940506745133 ] ] } },
{ "type": "Feature", "properties": { "tipo": "rua", "nome": "DOIS DE NOVEMBRO", "drenagem": 1.0, "iluminacao": 1.0, "compriment": 85.696143238950711 }, "geometry": { "type": "LineString", "coordinates": [ [ -52.106250076433156, -32.044844861966574 ], [ -52.106217263740234, -32.044794537762009 ], [ -52.106211298073475, -32.044736292023309 ], [ -52.106227814388525, -32.044686818994705 ], [ -52.106261656029886, -32.04465513254582 ], [ -52.10631121022125, -32.04461658230484 ], [ -52.106364753296646, -32.044576910308699 ], [ -52.10667340090199, -32.044217973068612 ] ] } },
{ "type": "Feature", "properties": { "tipo": "rua", "nome": "NICOLAU COELHO", "drenagem": 1.0, "iluminacao": 1.0, "compriment": 159.07254988883309 }, "geometry": { "type": "LineString", "coordinates": [ [ -52.096397366780302, -32.045077946108769 ], [ -52.098043699365078, -32.044775259885995 ] ] } },
{ "type": "Feature", "properties": { "tipo": "avenida", "nome": "MAJOR CARLOS PINTO", "drenagem": 1.0, "iluminacao": 1.0, "compriment": 112.71272105764677 }, "geometry": { "type": "LineString", "coordinates": [ [ -52.10517482710739, -32.036876683129655 ], [ -52.104875684911107, -32.037369528016853 ] ] } },
{ "type": "Feature", "properties": { "tipo": "avenida", "nome": "MAJOR CARLOS PINTO", "drenagem": 1.0, "iluminacao": 1.0, "compriment": 110.32588564087122 }, "geometry": { "type": "MultiLineString", "coordinates": [ [ [ -52.105698027736466, -32.035987146977583 ], [ -52.105588576840518, -32.036173233391494 ] ], [ [ -52.105466884955661, -32.036380131711141 ], [ -52.10539939183645, -32.036494882279506 ] ], [ [ -52.105378346030349, -32.036530663974588 ], [ -52.105266294189086, -32.036721172468219 ] ], [ [ -52.105215221226352, -32.036808005786483 ], [ -52.10517482710739, -32.036876683129655 ] ] ] } },
{ "type": "Feature", "properties": { "tipo": "rua", "nome": "SEM DENOMINACAO", "drenagem": null, "iluminacao": null, "compriment": 72.838315666384759 }, "geometry": { "type": "LineString", "coordinates": [ [ -52.121375721969692, -32.038309709863178 ], [ -52.121336972147702, -32.038291691270516 ] ] } },
{ "type": "Feature", "properties": { "tipo": "avenida", "nome": "PORTUGAL", "drenagem": 1.0, "iluminacao": 1.0, "compriment": 121.90845958710943 }, "geometry": { "type": "LineString", "coordinates": [ [ -52.111280130160928, -32.034190223397822 ], [ -52.112468060098514, -32.034619959734272 ] ] } },
{ "type": "Feature", "properties": { "tipo": "rua", "nome": "SENADOR CORREA", "drenagem": 1.0, "iluminacao": 1.0, "compriment": 73.007334736832192 }, "geometry": { "type": "LineString", "coordinates": [ [ -52.102569837378169, -32.039830274572289 ], [ -52.103254822943185, -32.040125128908734 ] ] } },
{ "type": "Feature", "properties": { "tipo": "rua", "nome": "MINAS GERAIS", "drenagem": 0.0, "iluminacao": 1.0, "compriment": 99.206462794740006 }, "geometry": { "type": "LineString", "coordinates": [ [ -52.120350077974479, -32.046363491131245 ], [ -52.120325101747682, -32.046405221069939 ] ] } },
{ "type": "Feature", "properties": { "tipo": "rua", "nome": "COMENDADOR HENRIQUE PANCADA", "drenagem": 1.0, "iluminacao": 0.0, "compriment": 119.61224818602412 }, "geometry": { "type": "MultiLineString", "coordinates": [ [ [ -52.124595875630774, -32.040150323072808 ], [ -52.124673386943634, -32.040183522075502 ] ], [ [ -52.125078188524505, -32.040356903331457 ], [ -52.125300218583938, -32.040452001405143 ] ], [ [ -52.125358642138316, -32.040477024897427 ], [ -52.125727275413944, -32.040634914844837 ] ] ] } },
{ "type": "Feature", "properties": { "tipo": "rua", "nome": "VISCONDE DO RIO GRANDE", "drenagem": 1.0, "iluminacao": 1.0, "compriment": 9.043551934064924 }, "geometry": { "type": "LineString", "coordinates": [ [ -52.109547358850428, -32.034698964476974 ], [ -52.109501500030511, -32.034770556436406 ] ] } },
{ "type": "Feature", "properties": { "tipo": "rua", "nome": "VISCONDE DE MAUA", "drenagem": 1.0, "iluminacao": 1.0, "compriment": 119.97027225869127 }, "geometry": { "type": "MultiLineString", "coordinates": [ [ [ -52.110653204796918, -32.035255696026823 ], [ -52.110988497853583, -32.035398433407465 ] ], [ [ -52.111687068021396, -32.035683714491014 ], [ -52.111803961340023, -32.035702177954789 ] ] ] } },
{ "type": "Feature", "properties": { "tipo": "rua", "nome": "RODRIGUES DUARTE", "drenagem": 0.0, "iluminacao": 1.0, "compriment": 112.73070590668533 }, "geometry": { "type": "LineString", "coordinates": [ [ -52.151570295094118, -32.0533245212794 ], [ -52.151516749849776, -32.053432501402469 ] ] } },
{ "type": "Feature", "properties": { "tipo": "rua", "nome": "BARÃO DO LADÁRIO", "drenagem": 0.0, "iluminacao": 1.0, "compriment": 115.30895184135386 }, "geometry": { "type": "MultiLineString", "coordinates": [ [ [ -52.151570295094118, -32.0533245212794 ], [ -52.151905542848446, -32.053448829150277 ] ], [ [ -52.152555315336627, -32.053689760919433 ], [ -52.152689792019686, -32.053739624072691 ] ] ] } },
{ "type": "Feature", "properties": { "tipo": "rua", "nome": "SENADOR CORREA", "drenagem": 1.0, "iluminacao": 1.0, "compriment": 7.291659035028494 }, "geometry": { "type": "LineString", "coordinates": [ [ -52.098288073000496, -32.0400694520401 ], [ -52.098363943297805, -32.040057301780017 ] ] } },
{ "type": "Feature", "properties": { "tipo": "avenida", "nome": "CIDADE DE PELOTAS", "drenagem": 1.0, "iluminacao": 1.0, "compriment": 123.30060111937451 }, "geometry": { "type": "LineString", "coordinates": [ [ -52.113134885430654, -32.038272049185977 ], [ -52.114292548170269, -32.038785895230376 ] ] } },
{ "type": "Feature", "properties": { "tipo": "rua", "nome": "ZALONY", "drenagem": 1.0, "iluminacao": 1.0, "compriment": 109.78585360349599 }, "geometry": { "type": "MultiLineString", "coordinates": [ [ [ -52.095648647873631, -32.036676364953209 ], [ -52.095798568494899, -32.037337931212988 ] ], [ [ -52.095845567219698, -32.037545326101821 ], [ -52.095868944490995, -32.037648484785414 ] ] ] } },
{ "type": "Feature", "properties": { "tipo": "rua", "nome": "DOM BOSCO", "drenagem": 1.0, "iluminacao": 1.0, "compriment": 44.887907699102179 }, "geometry": { "type": "LineString", "coordinates": [ [ -52.129133780061892, -32.048150672570834 ], [ -52.129566533411705, -32.048318056040571 ] ] } },
{ "type": "Feature", "properties": { "tipo": "rua", "nome": "CANADÁ", "drenagem": 0.0, "iluminacao": 1.0, "compriment": 126.67477170374433 }, "geometry": { "type": "MultiLineString", "coordinates": [ [ [ -52.137097415662787, -32.051521139077622 ], [ -52.136953765982128, -32.051775051582339 ] ], [ [ -52.13659826262446, -32.052403432707614 ], [ -52.136515186387889, -32.052550276718776 ] ] ] } },
{ "type": "Feature", "properties": { "tipo": "rua", "nome": "GENERAL CANABARRO", "drenagem": 1.0, "iluminacao": 1.0, "compriment": 88.987264885645331 }, "geometry": { "type": "LineString", "coordinates": [ [ -52.102432728765066, -32.033791896174492 ], [ -52.102329018430005, -32.034589519683045 ] ] } },
{ "type": "Feature", "properties": { "tipo": "rua", "nome": "GENERAL CANABARRO", "drenagem": 1.0, "iluminacao": 1.0, "compriment": 108.31158506973951 }, "geometry": { "type": "LineString", "coordinates": [ [ -52.101937577614621, -32.036429573216836 ], [ -52.101747572955965, -32.037392841388744 ] ] } },
{ "type": "Feature", "properties": { "tipo": "rua", "nome": "PADRE FEIJO", "drenagem": 1.0, "iluminacao": 1.0, "compriment": 99.888937081002339 }, "geometry": { "type": "MultiLineString", "coordinates": [ [ [ -52.109624042028678, -32.041840087940308 ], [ -52.109425167480019, -32.04219745132518 ] ], [ [ -52.109369226507596, -32.042297973264226 ], [ -52.109171049015536, -32.042654084088078 ] ] ] } },
{ "type": "Feature", "properties": { "tipo": "rua", "nome": "VICE ALMIRANTE ABREU", "drenagem": 1.0, "iluminacao": 1.0, "compriment": 76.406785346781035 }, "geometry": { "type": "LineString", "coordinates": [ [ -52.103824924946018, -32.037688699101942 ], [ -52.104610967229554, -32.037777809114353 ] ] } },
{ "type": "Feature", "properties": { "tipo": "rua", "nome": "VICE ALMIRANTE ABREU", "drenagem": 1.0, "iluminacao": 1.0, "compriment": 67.987670381425019 }, "geometry": { "type": "LineString", "coordinates": [ [ -52.094130658711705, -32.038924207679088 ], [ -52.094826911485058, -32.038768659878208 ] ] } },
{ "type": "Feature", "properties": { "tipo": "rua", "nome": "PADRE FEIJO", "drenagem": 1.0, "iluminacao": 1.0, "compriment": 98.237384742608981 }, "geometry": { "type": "MultiLineString", "coordinates": [ [ [ -52.11292622504287, -32.036184813907653 ], [ -52.112832242668262, -32.036351260416858 ] ], [ [ -52.112534191573765, -32.036879120714602 ], [ -52.112475430461402, -32.03698318897284 ] ] ] } },
{ "type": "Feature", "properties": { "tipo": "rua", "nome": "GENERAL FLORES DA CUNHA", "drenagem": 1.0, "iluminacao": 1.0, "compriment": 91.454410954986912 }, "geometry": { "type": "MultiLineString", "coordinates": [ [ [ -52.08157478502666, -32.047528518824421 ], [ -52.081613327375166, -32.047662289335918 ] ], [ [ -52.081683026727077, -32.047904197738426 ], [ -52.081805566724491, -32.048329502338873 ] ] ] } },
{ "type": "Feature", "properties": { "tipo": "avenida", "nome": "PRIMEIRO DE MAIO", "drenagem": 1.0, "iluminacao": 1.0, "compriment": 223.19258412473451 }, "geometry": { "type": "LineString", "coordinates": [ [ -52.107800286066457, -32.043214793325696 ], [ -52.10954045753342, -32.044282206811985 ] ] } },
{ "type": "Feature", "properties": { "tipo": "avenida", "nome": "PRESIDENTE VARGAS", "drenagem": 1.0, "iluminacao": 1.0, "compriment": 15.663678544454221 }, "geometry": { "type": "LineString", "coordinates": [ [ -52.112785650610306, -32.048486754991359 ], [ -52.112678787805656, -32.04859478183517 ] ] } },
{ "type": "Feature", "properties": { "tipo": "rua", "nome": "DOM PEDRO I", "drenagem": 1.0, "iluminacao": 1.0, "compriment": 20.773138762350602 }, "geometry": { "type": "LineString", "coordinates": [ [ -52.117214360398975, -32.036166216198019 ], [ -52.117118393633739, -32.036334775053788 ] ] } },
{ "type": "Feature", "properties": { "tipo": "rua", "nome": "DOM MANOEL I", "drenagem": 1.0, "iluminacao": 1.0, "compriment": 64.347661226838696 }, "geometry": { "type": "MultiLineString", "coordinates": [ [ [ -52.098094946023203, -32.04209696388736 ], [ -52.09829339319176, -32.042058338192412 ] ], [ [ -52.098385867375171, -32.042040339046217 ], [ -52.098759113794152, -32.04196769047973 ] ] ] } },
{ "type": "Feature", "properties": { "tipo": "rua", "nome": "DOM PEDRO I", "drenagem": 1.0, "iluminacao": 1.0, "compriment": 100.93964595588992 }, "geometry": { "type": "LineString", "coordinates": [ [ -52.116349947618851, -32.037640910040018 ], [ -52.115868208250362, -32.038453462790741 ] ] } },
{ "type": "Feature", "properties": { "tipo": "rua", "nome": "EDUARDO ARAÚJO", "drenagem": 0.0, "iluminacao": 1.0, "compriment": 80.540010773960475 }, "geometry": { "type": "LineString", "coordinates": [ [ -52.165410348005331, -32.059763442374901 ], [ -52.165440976211805, -32.059768970580961 ] ] } },
{ "type": "Feature", "properties": { "tipo": "rua", "nome": "EDUARDO ARAÚJO", "drenagem": 0.0, "iluminacao": 1.0, "compriment": 102.01281314504611 }, "geometry": { "type": "LineString", "coordinates": [ [ -52.167838497796581, -32.060507145546346 ], [ -52.168763689928923, -32.06098209202262 ] ] } },
{ "type": "Feature", "properties": { "tipo": "avenida", "nome": "PRESIDENTE VARGAS", "drenagem": 1.0, "iluminacao": 1.0, "compriment": 16.373701994093821 }, "geometry": { "type": "LineString", "coordinates": [ [ -52.111457882972253, -32.047814513291371 ], [ -52.111407164934, -32.047955713784731 ] ] } },
{ "type": "Feature", "properties": { "tipo": "rua", "nome": "AMAPA", "drenagem": 0.0, "iluminacao": 1.0, "compriment": 89.923862835913852 }, "geometry": { "type": "LineString", "coordinates": [ [ -52.132541921066952, -32.043646937713511 ], [ -52.132094064940759, -32.044362565057824 ] ] } },
{ "type": "Feature", "properties": { "tipo": "avenida", "nome": "ARGENTINA", "drenagem": 1.0, "iluminacao": 1.0, "compriment": 40.116043262974159 }, "geometry": { "type": "LineString", "coordinates": [ [ -52.139095390299097, -32.046917380717147 ], [ -52.138897050630163, -32.047237289969878 ] ] } },
{ "type": "Feature", "properties": { "tipo": "rua", "nome": "ALTAMIR DE LACERDA NASCIMENTO", "drenagem": 1.0, "iluminacao": 1.0, "compriment": 55.045987834345333 }, "geometry": { "type": "LineString", "coordinates": [ [ -52.125100324005814, -32.051202198684763 ], [ -52.125585992066227, -32.051476667962106 ] ] } },
{ "type": "Feature", "properties": { "tipo": "rua", "nome": "ANTONIO RIBEIRO CARDOSO", "drenagem": 1.0, "iluminacao": 1.0, "compriment": 98.571834910485194 }, "geometry": { "type": "LineString", "coordinates": [ [ -52.131002343308438, -32.045886388093926 ], [ -52.130529353535742, -32.04667879648968 ] ] } },
{ "type": "Feature", "properties": { "tipo": "avenida", "nome": "ARGENTINA", "drenagem": 1.0, "iluminacao": 1.0, "compriment": 100.53104596228432 }, "geometry": { "type": "MultiLineString", "coordinates": [ [ [ -52.138897050630163, -32.047237289969878 ], [ -52.138597196773972, -32.047756701413725 ] ], [ [ -52.13853292507897, -32.047868033828543 ], [ -52.138427376458345, -32.048050866766332 ] ] ] } },
{ "type": "Feature", "properties": { "tipo": "avenida", "nome": "ARGENTINA", "drenagem": 1.0, "iluminacao": 1.0, "compriment": 99.488966173610166 }, "geometry": { "type": "LineString", "coordinates": [ [ -52.137482404592603, -32.049690268275256 ], [ -52.137004731825947, -32.050489935235007 ] ] } },
{ "type": "Feature", "properties": { "tipo": "rua", "nome": "QUARENTA E OITO", "drenagem": 0.0, "iluminacao": 0.0, "compriment": 59.98469954605676 }, "geometry": { "type": "LineString", "coordinates": [ [ -52.130404117938888, -32.055069531990867 ], [ -52.130366232721791, -32.055224190156189 ], [ -52.130198331792556, -32.055579455323745 ] ] } },
{ "type": "Feature", "properties": { "tipo": "avenida", "nome": "URUGUAI", "drenagem": 1.0, "iluminacao": 1.0, "compriment": 80.252715616428205 }, "geometry": { "type": "LineString", "coordinates": [ [ -52.135786915208008, -32.05096668492078 ], [ -52.136545176800858, -32.051293385568066 ] ] } },
{ "type": "Feature", "properties": { "tipo": "avenida", "nome": "URUGUAI", "drenagem": 1.0, "iluminacao": 1.0, "compriment": 79.902489085483793 }, "geometry": { "type": "LineString", "coordinates": [ [ -52.137645705609501, -32.051760064600977 ], [ -52.138412914405677, -32.052063838732586 ] ] } },
{ "type": "Feature", "properties": { "tipo": "avenida", "nome": "URUGUAI", "drenagem": 1.0, "iluminacao": 1.0, "compriment": 55.045023152520884 }, "geometry": { "type": "LineString", "coordinates": [ [ -52.13892413131498, -32.052295076674191 ], [ -52.139021897401136, -32.052335923306401 ] ] } },
{ "type": "Feature", "properties": { "tipo": "rua", "nome": "PANAMA", "drenagem": 0.0, "iluminacao": 1.0, "compriment": 41.05490086304453 }, "geometry": { "type": "LineString", "coordinates": [ [ -52.137729862977537, -32.053901671226257 ], [ -52.137696986749027, -32.053984649888648 ] ] } },
{ "type": "Feature", "properties": { "tipo": "avenida", "nome": "URUGUAI", "drenagem": 1.0, "iluminacao": 1.0, "compriment": 54.052301899946343 }, "geometry": { "type": "LineString", "coordinates": [ [ -52.139479222918936, -32.052526505471306 ], [ -52.139583223542097, -32.052568360338313 ] ] } },
{ "type": "Feature", "properties": { "tipo": "avenida", "nome": "URUGUAI", "drenagem": 1.0, "iluminacao": 1.0, "compriment": 68.236003942566015 }, "geometry": { "type": "LineString", "coordinates": [ [ -52.13084520727574, -32.048854291983275 ], [ -52.131500177456893, -32.049114075514836 ] ] } },
{ "type": "Feature", "properties": { "tipo": "rua", "nome": "PERU", "drenagem": 1.0, "iluminacao": 1.0, "compriment": 82.991708620637922 }, "geometry": { "type": "LineString", "coordinates": [ [ -52.140014532909731, -32.047735422523907 ], [ -52.140431752333463, -32.047076731518892 ] ] } },
{ "type": "Feature", "properties": { "tipo": "rua", "nome": "CACHOEIRA DO IGUACU", "drenagem": 1.0, "iluminacao": 1.0, "compriment": 145.35091998439216 }, "geometry": { "type": "LineString", "coordinates": [ [ -52.131737601866959, -32.048710935828446 ], [ -52.131500177456893, -32.049114075514836 ] ] } },
{ "type": "Feature", "properties": { "tipo": "rua", "nome": "CACHOEIRA DO IGUACU", "drenagem": 1.0, "iluminacao": 1.0, "compriment": 121.45766664407654 }, "geometry": { "type": "LineString", "coordinates": [ [ -52.130346688617095, -32.051033433481443 ], [ -52.130279153787392, -32.051153572896922 ] ] } },
{ "type": "Feature", "properties": { "tipo": "rua", "nome": "PERU", "drenagem": 1.0, "iluminacao": 1.0, "compriment": 95.407599272343091 }, "geometry": { "type": "LineString", "coordinates": [ [ -52.137645705609501, -32.051760064600977 ], [ -52.138115545005071, -32.050998379315423 ] ] } },
{ "type": "Feature", "properties": { "tipo": "rua", "nome": "CALDAS JUNIOR", "drenagem": 1.0, "iluminacao": 1.0, "compriment": 205.12709194427376 }, "geometry": { "type": "MultiLineString", "coordinates": [ [ [ -52.12358424310095, -32.051003307040709 ], [ -52.124320739532457, -32.051417333231946 ] ], [ [ -52.124538308054952, -32.051539640771871 ], [ -52.124644336385415, -32.051599245277671 ] ], [ [ -52.124831334612672, -32.051704367530114 ], [ -52.125396989711327, -32.052022354170688 ] ] ] } },
{ "type": "Feature", "properties": { "tipo": "rua", "nome": "CARAMURÚ", "drenagem": 1.0, "iluminacao": 1.0, "compriment": 94.114339122873375 }, "geometry": { "type": "LineString", "coordinates": [ [ -52.107334624056413, -32.04091456825018 ], [ -52.106910487734467, -32.041682578996038 ] ] } },
{ "type": "Feature", "properties": { "tipo": "avenida", "nome": "PRESIDENTE VARGAS", "drenagem": 1.0, "iluminacao": 1.0, "compriment": 25.380697414114174 }, "geometry": { "type": "LineString", "coordinates": [ [ -52.110202001481959, -32.047343022208914 ], [ -52.110432699644186, -32.047460415842636 ] ] } },
{ "type": "Feature", "properties": { "tipo": "avenida", "nome": "BUARQUE DE MACEDO", "drenagem": 1.0, "iluminacao": 1.0, "compriment": 12.709787857761112 }, "geometry": { "type": "LineString", "coordinates": [ [ -52.11586663270878, -32.045427784959074 ], [ -52.115917445195308, -32.045533918829555 ] ] } },
{ "type": "Feature", "properties": { "tipo": "rua", "nome": "MAJOR MIGUEL PEREIRA", "drenagem": 1.0, "iluminacao": 1.0, "compriment": 126.95491614883676 }, "geometry": { "type": "LineString", "coordinates": [ [ -52.093058112613775, -32.041113213370529 ], [ -52.092221354674116, -32.041904105365639 ], [ -52.092181885927452, -32.041976968744549 ] ] } },
{ "type": "Feature", "properties": { "tipo": "rua", "nome": "VALPORTO", "drenagem": 1.0, "iluminacao": 1.0, "compriment": 103.77581754041735 }, "geometry": { "type": "LineString", "coordinates": [ [ -52.092181885927452, -32.041976968744549 ], [ -52.091117435749339, -32.042208943611996 ] ] } },
{ "type": "Feature", "properties": { "tipo": "rua", "nome": "CORONEL SAMPAIO", "drenagem": 1.0, "iluminacao": 1.0, "compriment": 7.333016739334882 }, "geometry": { "type": "LineString", "coordinates": [ [ -52.089093797449664, -32.035929520784734 ], [ -52.089085701738249, -32.03599529051192 ] ] } },
{ "type": "Feature", "properties": { "tipo": "rua", "nome": "VISCONDE DE MAUA", "drenagem": 1.0, "iluminacao": 1.0, "compriment": 117.02425600570137 }, "geometry": { "type": "MultiLineString", "coordinates": [ [ [ -52.107263601891702, -32.033823366354618 ], [ -52.107506944619772, -32.033924366585325 ] ], [ [ -52.107790376933316, -32.034042006135458 ], [ -52.108377332051234, -32.034285623862587 ] ] ] } },
{ "type": "Feature", "properties": { "tipo": "rua", "nome": "CARAMURÚ", "drenagem": 1.0, "iluminacao": 1.0, "compriment": 7.8931133796331716 }, "geometry": { "type": "LineString", "coordinates": [ [ -52.110686597746422, -32.035190445281572 ], [ -52.110653204796918, -32.035255696026823 ] ] } },
{ "type": "Feature", "properties": { "tipo": "avenida", "nome": "CIDADE DE PELOTAS", "drenagem": 1.0, "iluminacao": 1.0, "compriment": 4.0210306412980046 }, "geometry": { "type": "LineString", "coordinates": [ [ -52.129960141627784, -32.045445498993622 ], [ -52.129998154750474, -32.045461829316132 ] ] } },
{ "type": "Feature", "properties": { "tipo": "avenida", "nome": "RHEINGANTZ", "drenagem": 1.0, "iluminacao": 1.0, "compriment": 11.54520174388956 }, "geometry": { "type": "LineString", "coordinates": [ [ -52.103230049378602, -32.04209634781072 ], [ -52.10313681044579, -32.042163675889547 ] ] } },
{ "type": "Feature", "properties": { "tipo": "avenida", "nome": "RHEINGANTZ", "drenagem": 1.0, "iluminacao": 1.0, "compriment": 21.866697552826629 }, "geometry": { "type": "LineString", "coordinates": [ [ -52.103922711454274, -32.042878787067089 ], [ -52.103764494372932, -32.042734822654488 ] ] } },
{ "type": "Feature", "properties": { "tipo": "avenida", "nome": "RHEINGANTZ", "drenagem": 1.0, "iluminacao": 1.0, "compriment": 11.535915893198524 }, "geometry": { "type": "LineString", "coordinates": [ [ -52.104007470697987, -32.042803882016727 ], [ -52.103922711454274, -32.042878787067089 ] ] } },
{ "type": "Feature", "properties": { "tipo": "rua", "nome": "SEM DENOMINACAO", "drenagem": 0.0, "iluminacao": 0.0, "compriment": 107.28341508969781 }, "geometry": { "type": "LineString", "coordinates": [ [ -52.103128425597568, -32.04353640363221 ], [ -52.103764494372932, -32.042734822654488 ] ] } },
{ "type": "Feature", "properties": { "tipo": "rua", "nome": "DOUTOR OTHELO GONCALVES", "drenagem": 0.0, "iluminacao": 1.0, "compriment": 172.82037615933126 }, "geometry": { "type": "LineString", "coordinates": [ [ -52.170617100813502, -32.062167217242717 ], [ -52.170725092671454, -32.06199392890467 ] ] } },
{ "type": "Feature", "properties": { "tipo": "rua", "nome": "ERNANI FORNARI", "drenagem": 0.0, "iluminacao": 1.0, "compriment": 146.94068116952388 }, "geometry": { "type": "LineString", "coordinates": [ [ -52.095169970529163, -32.044648235717979 ], [ -52.095167636605034, -32.045313689710547 ], [ -52.09514830982878, -32.045973159068438 ] ] } },
{ "type": "Feature", "properties": { "tipo": "rua", "nome": "CARLOS GOMES", "drenagem": 1.0, "iluminacao": 1.0, "compriment": 78.999593102904441 }, "geometry": { "type": "LineString", "coordinates": [ [ -52.106696723513878, -32.034271981591793 ], [ -52.105871820377686, -32.034154535169108 ] ] } },
{ "type": "Feature", "properties": { "tipo": "rua", "nome": "GENERAL PORTINHO", "drenagem": 0.0, "iluminacao": 1.0, "compriment": 7.8813007627118461 }, "geometry": { "type": "LineString", "coordinates": [ [ -52.103843266247772, -32.033893432790954 ], [ -52.103828363205828, -32.03396336465017 ] ] } },
{ "type": "Feature", "properties": { "tipo": "rua", "nome": "GENERAL CANABARRO", "drenagem": 0.0, "iluminacao": 1.0, "compriment": 8.2927776834914066 }, "geometry": { "type": "LineString", "coordinates": [ [ -52.102454905328685, -32.033719535861259 ], [ -52.102432728765066, -32.033791896174492 ] ] } },
{ "type": "Feature", "properties": { "tipo": "rua", "nome": "CARLOS VIGNOLI", "drenagem": 0.0, "iluminacao": 1.0, "compriment": 120.45511041360938 }, "geometry": { "type": "LineString", "coordinates": [ [ -52.079419525221596, -32.049538250221929 ], [ -52.08066214416835, -32.049293425748608 ] ] } },
{ "type": "Feature", "properties": { "tipo": "rua", "nome": "CARLOS VIGNOLI", "drenagem": 1.0, "iluminacao": 1.0, "compriment": 61.305210310990638 }, "geometry": { "type": "LineString", "coordinates": [ [ -52.08066214416835, -32.049293425748608 ], [ -52.081290835398335, -32.049155796891142 ] ] } },
{ "type": "Feature", "properties": { "tipo": "rua", "nome": "CARLOS VIGNOLI", "drenagem": 0.0, "iluminacao": 0.0, "compriment": 5.5398259103212384 }, "geometry": { "type": "LineString", "coordinates": [ [ -52.081290835398335, -32.049155796891142 ], [ -52.081347646789105, -32.049143359948062 ] ] } },
{ "type": "Feature", "properties": { "tipo": "rua", "nome": "CARLOS VIGNOLI", "drenagem": 0.0, "iluminacao": 0.0, "compriment": 44.78140187834579 }, "geometry": { "type": "MultiLineString", "coordinates": [ [ [ -52.082847182025773, -32.048849112260768 ], [ -52.083106144925765, -32.048793801998421 ] ], [ [ -52.083157782421786, -32.048782773069362 ], [ -52.083307103868165, -32.048750880437744 ] ] ] } },
{ "type": "Feature", "properties": { "tipo": "rua", "nome": "DOUTOR AUGUSTO BORGES DE MEDEIROS", "drenagem": 0.0, "iluminacao": 1.0, "compriment": 89.590674605667218 }, "geometry": { "type": "MultiLineString", "coordinates": [ [ [ -52.084906378764927, -32.048440158420526 ], [ -52.084971584013189, -32.048533722963889 ], [ -52.084977089598489, -32.048560907362997 ] ], [ [ -52.084973812968649, -32.04915376551704 ], [ -52.084958699324602, -32.049226681886985 ] ] ] } },
{ "type": "Feature", "properties": { "tipo": "rua", "nome": "DOUTOR AUGUSTO BORGES DE MEDEIROS", "drenagem": 0.0, "iluminacao": 0.0, "compriment": 20.927200229002917 }, "geometry": { "type": "LineString", "coordinates": [ [ -52.084958699324602, -32.049226681886985 ], [ -52.084910852977266, -32.049410954139127 ] ] } },
{ "type": "Feature", "properties": { "tipo": "rua", "nome": "EDUARDO CAMPOS LARANJO", "drenagem": 1.0, "iluminacao": 1.0, "compriment": 30.896307766200962 }, "geometry": { "type": "LineString", "coordinates": [ [ -52.093041112267862, -32.044680228156629 ], [ -52.093368233633761, -32.044678519576443 ] ] } },
{ "type": "Feature", "properties": { "tipo": "avenida", "nome": "MAJOR CARLOS PINTO", "drenagem": 0.0, "iluminacao": 1.0, "compriment": 53.670543946422207 }, "geometry": { "type": "LineString", "coordinates": [ [ -52.101779857189669, -32.043173119252884 ], [ -52.101551310646187, -32.043542830264002 ], [ -52.101554735029815, -32.043608946145092 ] ] } },
{ "type": "Feature", "properties": { "tipo": "avenida", "nome": "BUARQUE DE MACEDO", "drenagem": 0.0, "iluminacao": 1.0, "compriment": 57.634009368455928 }, "geometry": { "type": "LineString", "coordinates": [ [ -52.123608436929331, -32.049037387380565 ], [ -52.123062268498124, -32.048805531457795 ] ] } },
{ "type": "Feature", "properties": { "tipo": "rua", "nome": "ALTAMIR DE LACERDA NASCIMENTO", "drenagem": 1.0, "iluminacao": 1.0, "compriment": 17.585579103790039 }, "geometry": { "type": "LineString", "coordinates": [ [ -52.121769018351543, -32.049348028200981 ], [ -52.12192603006644, -32.049433279897634 ] ] } },
{ "type": "Feature", "properties": { "tipo": "rua", "nome": "ALTAMIR DE LACERDA NASCIMENTO", "drenagem": 1.0, "iluminacao": 1.0, "compriment": 56.085842002141248 }, "geometry": { "type": "MultiLineString", "coordinates": [ [ [ -52.12192603006644, -32.049433279897634 ], [ -52.122083427978104, -32.049518740526224 ] ], [ [ -52.122265955137188, -32.04961784530839 ], [ -52.122426790881292, -32.04970517253939 ] ] ] } },
{ "type": "Feature", "properties": { "tipo": "rua", "nome": "PEDRO DE SÁ FREITAS", "drenagem": 1.0, "iluminacao": 1.0, "compriment": 73.857839367413504 }, "geometry": { "type": "LineString", "coordinates": [ [ -52.143432587011112, -32.050602542553037 ], [ -52.143112967983157, -32.051210436926851 ] ] } },
{ "type": "Feature", "properties": { "tipo": "rua", "nome": "BOLIVIA", "drenagem": 1.0, "iluminacao": 1.0, "compriment": 75.530917306630144 }, "geometry": { "type": "LineString", "coordinates": [ [ -52.134669222204487, -32.052912125469454 ], [ -52.135296551290274, -32.053191942204379 ], [ -52.135377480495187, -32.053228536394094 ] ] } },
{ "type": "Feature", "properties": { "tipo": "travessa", "nome": "QUARENTA E SETE", "drenagem": 1.0, "iluminacao": 1.0, "compriment": 31.668490961801581 }, "geometry": { "type": "LineString", "coordinates": [ [ -52.129321432388231, -32.054163495059633 ], [ -52.129445256318419, -32.053972413243557 ] ] } },
{ "type": "Feature", "properties": { "tipo": "rua", "nome": "RAFAEL ANSELMI", "drenagem": 0.0, "iluminacao": 1.0, "compriment": 55.276993916619389 }, "geometry": { "type": "LineString", "coordinates": [ [ -52.141542837086675, -32.050514128860812 ], [ -52.141520045492456, -32.050591184741485 ], [ -52.141421440205043, -32.050812930308794 ], [ -52.14137493967862, -32.050990483550713 ] ] } },
{ "type": "Feature", "properties": { "tipo": "rua", "nome": "GAMAL ABDEL NASSER", "drenagem": 0.0, "iluminacao": 1.0, "compriment": 91.0399840946464 }, "geometry": { "type": "MultiLineString", "coordinates": [ [ [ -52.142395538453947, -32.050891380635271 ], [ -52.142250764923126, -32.051160179846448 ] ], [ [ -52.142081796171404, -32.051473902022863 ], [ -52.141993615161894, -32.051637626604716 ] ] ] } },
{ "type": "Feature", "properties": { "tipo": "rua", "nome": "GAMAL ABDEL NASSER", "drenagem": 0.0, "iluminacao": 1.0, "compriment": 111.49792368430994 }, "geometry": { "type": "LineString", "coordinates": [ [ -52.142866085716477, -32.049969193254057 ], [ -52.142395538453947, -32.050891380635271 ] ] } },
{ "type": "Feature", "properties": { "tipo": "rua", "nome": "TORQUATO PONTES", "drenagem": 0.0, "iluminacao": 1.0, "compriment": 52.418967213777265 }, "geometry": { "type": "LineString", "coordinates": [ [ -52.168790621669331, -32.058985820816602 ], [ -52.169033632086098, -32.058560806961388 ] ] } },
{ "type": "Feature", "properties": { "tipo": "rua", "nome": "JOÃO DA SILVA SILVEIRA", "drenagem": 0.0, "iluminacao": 1.0, "compriment": 101.31963078860343 }, "geometry": { "type": "LineString", "coordinates": [ [ -52.165605051754767, -32.059218436054238 ], [ -52.165680098453265, -32.059088492208829 ] ] } },
{ "type": "Feature", "properties": { "tipo": "rua", "nome": "CRISTOVAO PEREIRA", "drenagem": 0.0, "iluminacao": 1.0, "compriment": 4.153073212530785 }, "geometry": { "type": "LineString", "coordinates": [ [ -52.159656030142607, -32.055231612297646 ], [ -52.159697804568339, -32.055243317701638 ] ] } },
{ "type": "Feature", "properties": { "tipo": "rua", "nome": "BARÃO DO LADÁRIO", "drenagem": 0.0, "iluminacao": 1.0, "compriment": 99.525092586468574 }, "geometry": { "type": "MultiLineString", "coordinates": [ [ [ -52.153867228165012, -32.054188194116435 ], [ -52.15387297598005, -32.054190238607688 ] ], [ [ -52.15468242873672, -32.054478160030236 ], [ -52.154839692090668, -32.054534098425911 ] ] ] } },
{ "type": "Feature", "properties": { "tipo": "estrada", "nome": "ALBERTO TORRES", "drenagem": 0.0, "iluminacao": 1.0, "compriment": 75.715697567795502 }, "geometry": { "type": "LineString", "coordinates": [ [ -52.159664573595848, -32.05349379180916 ], [ -52.16016474447882, -32.053742942054392 ] ] } },
{ "type": "Feature", "properties": { "tipo": "estrada", "nome": "ALBERTO TORRES", "drenagem": 0.0, "iluminacao": 1.0, "compriment": 69.740025559647208 }, "geometry": { "type": "LineString", "coordinates": [ [ -52.160358402123585, -32.053915384905842 ], [ -52.160671213165777, -32.054172474844322 ], [ -52.160886943027599, -32.054354600083116 ] ] } },
{ "type": "Feature", "properties": { "tipo": "rua", "nome": "ANTONIO JOAO", "drenagem": 0.0, "iluminacao": 1.0, "compriment": 116.27332690383136 }, "geometry": { "type": "LineString", "coordinates": [ [ -52.161226033566699, -32.054640867638341 ], [ -52.16122708174683, -32.05471539744228 ], [ -52.16073731556461, -32.055595603562899 ] ] } },
{ "type": "Feature", "properties": { "tipo": "rua", "nome": "CRISTOVAO PEREIRA", "drenagem": 1.0, "iluminacao": 1.0, "compriment": 111.23788382604269 }, "geometry": { "type": "LineString", "coordinates": [ [ -52.158580580596983, -32.054822398567673 ], [ -52.159656030142607, -32.055231612297646 ] ] } },
{ "type": "Feature", "properties": { "tipo": "rua", "nome": "CRISTOVAO PEREIRA", "drenagem": 1.0, "iluminacao": 1.0, "compriment": 55.500331953870933 }, "geometry": { "type": "LineString", "coordinates": [ [ -52.160191259267705, -32.055410548825165 ], [ -52.16073731556461, -32.055595603562899 ] ] } },
{ "type": "Feature", "properties": { "tipo": "rua", "nome": "SEM DENOMINACAO", "drenagem": 0.0, "iluminacao": 1.0, "compriment": 78.796384132839322 }, "geometry": { "type": "MultiLineString", "coordinates": [ [ [ -52.161884621792339, -32.055205943501164 ], [ -52.16179363321514, -32.05540184901384 ], [ -52.161709190008139, -32.055516071404789 ] ], [ [ -52.16156647410795, -32.055752748172928 ], [ -52.16154449747728, -32.055792033145735 ], [ -52.161515618221422, -32.055841252133199 ] ] ] } },
{ "type": "Feature", "properties": { "tipo": "rua", "nome": "CRISTOVAO PEREIRA", "drenagem": 1.0, "iluminacao": 1.0, "compriment": 33.96492976974465 }, "geometry": { "type": "LineString", "coordinates": [ [ -52.161515618221422, -32.055841252133199 ], [ -52.161852865329109, -32.055947692442174 ] ] } },
{ "type": "Feature", "properties": { "tipo": "travessa", "nome": "TRÊS", "drenagem": 0.0, "iluminacao": 1.0, "compriment": 70.44219774205547 }, "geometry": { "type": "LineString", "coordinates": [ [ -52.162045431167186, -32.055901599252167 ], [ -52.161996858223716, -32.055991257825461 ] ] } },
{ "type": "Feature", "properties": { "tipo": "rua", "nome": "RAFAEL ANSELMI", "drenagem": 0.0, "iluminacao": 1.0, "compriment": 168.26984881098093 }, "geometry": { "type": "MultiLineString", "coordinates": [ [ [ -52.142451793540218, -32.048127216024511 ], [ -52.142261248357187, -32.048951907585518 ] ], [ [ -52.142252496417917, -32.048989786530271 ], [ -52.14221754741282, -32.049141048026947 ], [ -52.142000038573755, -32.049588413741674 ] ] ] } },
{ "type": "Feature", "properties": { "tipo": "rua", "nome": "CORREDOR DO BOSQUE SILVEIRA", "drenagem": 1.0, "iluminacao": 1.0, "compriment": 98.906959906418919 }, "geometry": { "type": "MultiLineString", "coordinates": [ [ [ -52.17378529401099, -32.060495067713724 ], [ -52.17396927828046, -32.060583610425191 ] ], [ [ -52.174350068437157, -32.060766866271308 ], [ -52.174697159771327, -32.060933904507472 ] ] ] } },
{ "type": "Feature", "properties": { "tipo": "rua", "nome": "SEM DENOMINACAO", "drenagem": null, "iluminacao": null, "compriment": 37.379688823037803 }, "geometry": { "type": "LineString", "coordinates": [ [ -52.123413720552627, -32.039335816404815 ], [ -52.123430531682608, -32.039342626878579 ], [ -52.123651248291054, -32.03941746684599 ] ] } },
{ "type": "Feature", "properties": { "tipo": "rua", "nome": "SEM DENOMINACAO", "drenagem": null, "iluminacao": null, "compriment": 31.68553261683909 }, "geometry": { "type": "LineString", "coordinates": [ [ -52.121969784842669, -32.038390656944046 ], [ -52.122075918885578, -32.038458015703995 ], [ -52.122077732697292, -32.03846028183191 ] ] } },
{ "type": "Feature", "properties": { "tipo": "rua", "nome": "SEM DENOMINACAO", "drenagem": null, "iluminacao": null, "compriment": 49.652977563186155 }, "geometry": { "type": "LineString", "coordinates": [ [ -52.121502416163345, -32.038162632702964 ], [ -52.121524184335492, -32.038172466868012 ] ] } },
{ "type": "Feature", "properties": { "tipo": "rua", "nome": "SEM DENOMINACAO", "drenagem": 0.0, "iluminacao": 1.0, "compriment": 73.572946983692546 }, "geometry": { "type": "LineString", "coordinates": [ [ -52.1207246472338, -32.037845509558267 ], [ -52.121398627953802, -32.038178125193333 ] ] } },
{ "type": "Feature", "properties": { "tipo": "rua", "nome": "SEM DENOMINACAO", "drenagem": 0.0, "iluminacao": 1.0, "compriment": 21.282868105296643 }, "geometry": { "type": "LineString", "coordinates": [ [ -52.120585924071861, -32.037694264759949 ], [ -52.1207246472338, -32.037845509558267 ] ] } },
{ "type": "Feature", "properties": { "tipo": "avenida", "nome": "PORTUGAL", "drenagem": 1.0, "iluminacao": 1.0, "compriment": 122.04239716559869 }, "geometry": { "type": "LineString", "coordinates": [ [ -52.119687250445899, -32.037211684704076 ], [ -52.119908179482756, -32.03770897200193 ] ] } },
{ "type": "Feature", "properties": { "tipo": "avenida", "nome": "PORTUGAL", "drenagem": 1.0, "iluminacao": 1.0, "compriment": 30.380388721980083 }, "geometry": { "type": "LineString", "coordinates": [ [ -52.107339199013701, -32.032587089234063 ], [ -52.107399118605422, -32.032610473178096 ], [ -52.107472235694964, -32.032661633602608 ], [ -52.107597231696325, -32.03274820169073 ] ] } },
{ "type": "Feature", "properties": { "tipo": "rua", "nome": "GUARDA MARINHA GREENHALGH", "drenagem": 0.0, "iluminacao": 1.0, "compriment": 235.13880824346438 }, "geometry": { "type": "LineString", "coordinates": [ [ -52.084642239311158, -32.03133727983198 ], [ -52.084496720033144, -32.032476491356036 ], [ -52.084488051258589, -32.032659078019783 ], [ -52.084489202818851, -32.032756776895205 ], [ -52.084509395519888, -32.032817441689645 ], [ -52.084564146530226, -32.032872280190283 ], [ -52.084620909450884, -32.032914196539437 ], [ -52.084714199111879, -32.032933677654704 ], [ -52.085199352558888, -32.032931545829996 ] ] } },
{ "type": "Feature", "properties": { "tipo": "rua", "nome": "PROFESSOR ANTENOR MONTEIRO", "drenagem": 1.0, "iluminacao": 1.0, "compriment": 120.10637778847092 }, "geometry": { "type": "LineString", "coordinates": [ [ -52.083935791350207, -32.036473476112597 ], [ -52.083964582086182, -32.036596488772233 ] ] } },
{ "type": "Feature", "properties": { "tipo": "avenida", "nome": "PRIMEIRO DE MAIO", "drenagem": 1.0, "iluminacao": 1.0, "compriment": 244.38239732496791 }, "geometry": { "type": "LineString", "coordinates": [ [ -52.10954045753342, -32.044282206811985 ], [ -52.110455054671469, -32.044772624855554 ], [ -52.111029654246863, -32.045090134018544 ], [ -52.111719103883182, -32.045471099972708 ] ] } },
{ "type": "Feature", "properties": { "tipo": "rua", "nome": "CONSELHEIRO TEIXEIRA JUNIOR", "drenagem": 1.0, "iluminacao": 1.0, "compriment": 26.397845785918911 }, "geometry": { "type": "LineString", "coordinates": [ [ -52.109729178290515, -32.044106609413973 ], [ -52.10954045753342, -32.044282206811985 ] ] } },
{ "type": "Feature", "properties": { "tipo": "rua", "nome": "SEM DENOMINACAO", "drenagem": 0.0, "iluminacao": 1.0, "compriment": 93.652725385060478 }, "geometry": { "type": "LineString", "coordinates": [ [ -52.109729178290515, -32.044106609413973 ], [ -52.109867090120865, -32.044151572992263 ], [ -52.110584333425322, -32.044530336348984 ] ] } },
{ "type": "Feature", "properties": { "tipo": "rua", "nome": "SEM DENOMINACAO", "drenagem": 0.0, "iluminacao": 1.0, "compriment": 64.264769946020223 }, "geometry": { "type": "LineString", "coordinates": [ [ -52.110584333425322, -32.044530336348984 ], [ -52.111153494005983, -32.044847934844746 ] ] } },
{ "type": "Feature", "properties": { "tipo": "rua", "nome": "SEM DENOMINACAO", "drenagem": 0.0, "iluminacao": 1.0, "compriment": 66.19514632376692 }, "geometry": { "type": "LineString", "coordinates": [ [ -52.111153494005983, -32.044847934844746 ], [ -52.111737150303739, -32.045178432270234 ] ] } },
{ "type": "Feature", "properties": { "tipo": "avenida", "nome": "HONORIO BICALHO", "drenagem": 1.0, "iluminacao": 1.0, "compriment": 1687.0358122770754 }, "geometry": { "type": "LineString", "coordinates": [ [ -52.079664943149396, -32.032904665310703 ], [ -52.080311749209507, -32.030967480996729 ] ] } },
{ "type": "Feature", "properties": { "tipo": "rua", "nome": "APARICIO TORELLY", "drenagem": 0.0, "iluminacao": 1.0, "compriment": 61.711264001876721 }, "geometry": { "type": "LineString", "coordinates": [ [ -52.168680879305626, -32.056630279475975 ], [ -52.168943815844216, -32.05612079715052 ] ] } },
{ "type": "Feature", "properties": { "tipo": "rua", "nome": "APARICIO TORELLY", "drenagem": 0.0, "iluminacao": 1.0, "compriment": 89.950818557037707 }, "geometry": { "type": "LineString", "coordinates": [ [ -52.168417212498248, -32.057209383031065 ], [ -52.168680879305626, -32.056630279475975 ] ] } },
{ "type": "Feature", "properties": { "tipo": "rua", "nome": "CENTO E QUARENTA E SETE", "drenagem": 0.0, "iluminacao": 1.0, "compriment": 97.06406990395503 }, "geometry": { "type": "MultiLineString", "coordinates": [ [ [ -52.16727968016793, -32.056872509539446 ], [ -52.167317582019663, -32.056815706722013 ] ], [ [ -52.167403382998536, -32.056687118351881 ], [ -52.167721036983195, -32.056211056089118 ] ] ] } },
{ "type": "Feature", "properties": { "tipo": "rua", "nome": "LAGOA AZUL", "drenagem": 1.0, "iluminacao": 1.0, "compriment": 181.22441781972671 }, "geometry": { "type": "LineString", "coordinates": [ [ -52.111497638833534, -32.030196555068144 ], [ -52.11061888092722, -32.031649342567583 ] ] } },
{ "type": "Feature", "properties": { "tipo": "rua", "nome": "GENERAL NETTO", "drenagem": 1.0, "iluminacao": 0.0, "compriment": 44.342461925043182 }, "geometry": { "type": "LineString", "coordinates": [ [ -52.097560872346072, -32.029669438288316 ], [ -52.097604070577532, -32.03006762898093 ] ] } },
{ "type": "Feature", "properties": { "tipo": "rua", "nome": "GENERAL OSORIO", "drenagem": 1.0, "iluminacao": 1.0, "compriment": 44.158839678160184 }, "geometry": { "type": "LineString", "coordinates": [ [ -52.097138023690029, -32.030098743297216 ], [ -52.097604070577532, -32.03006762898093 ] ] } },
{ "type": "Feature", "properties": { "tipo": "largo", "nome": "DA DOCA", "drenagem": 1.0, "iluminacao": 1.0, "compriment": 35.565336770576543 }, "geometry": { "type": "LineString", "coordinates": [ [ -52.096749437850733, -32.029782326478177 ], [ -52.096734895070121, -32.029461831826595 ] ] } },
{ "type": "Feature", "properties": { "tipo": "largo", "nome": "DA DOCA", "drenagem": 1.0, "iluminacao": 1.0, "compriment": 34.801424232150488 }, "geometry": { "type": "LineString", "coordinates": [ [ -52.096749437850733, -32.029782326478177 ], [ -52.097117526800162, -32.029769127919273 ] ] } },
{ "type": "Feature", "properties": { "tipo": "largo", "nome": "DA DOCA", "drenagem": 1.0, "iluminacao": 1.0, "compriment": 36.601417833164611 }, "geometry": { "type": "LineString", "coordinates": [ [ -52.097117526800162, -32.029769127919273 ], [ -52.097138023686341, -32.030098743300073 ] ] } },
{ "type": "Feature", "properties": { "tipo": "largo", "nome": "DA DOCA", "drenagem": 1.0, "iluminacao": 1.0, "compriment": 50.845822688580853 }, "geometry": { "type": "LineString", "coordinates": [ [ -52.097117526800162, -32.029769127919273 ], [ -52.09711328953923, -32.02969267113923 ], [ -52.097560872347358, -32.029669438284465 ] ] } },
{ "type": "Feature", "properties": { "tipo": "rua", "nome": "GENERAL OSORIO", "drenagem": 1.0, "iluminacao": 1.0, "compriment": 25.153171690345854 }, "geometry": { "type": "LineString", "coordinates": [ [ -52.095645501856112, -32.030195580355937 ], [ -52.095911095383819, -32.030179329716418 ] ] } },
{ "type": "Feature", "properties": { "tipo": "avenida", "nome": "SENADOR SALGADO FILHO", "drenagem": 1.0, "iluminacao": 1.0, "compriment": 191.07852574595012 }, "geometry": { "type": "LineString", "coordinates": [ [ -52.093924334655945, -32.040270366604226 ], [ -52.092003445125044, -32.039729772643852 ] ] } },
{ "type": "Feature", "properties": { "tipo": "rua", "nome": "ALMIRANTE AMPHILOQUIO REIS", "drenagem": 1.0, "iluminacao": 1.0, "compriment": 275.96594091053623 }, "geometry": { "type": "LineString", "coordinates": [ [ -52.081842570567993, -32.033619239638298 ], [ -52.083820634418068, -32.033845755667443 ] ] } },
{ "type": "Feature", "properties": { "tipo": "rua", "nome": "BENTO MARTINS", "drenagem": 1.0, "iluminacao": 1.0, "compriment": 169.30988062667384 }, "geometry": { "type": "MultiLineString", "coordinates": [ [ [ -52.085199352558888, -32.032931545829996 ], [ -52.085203385586787, -32.032900880434561 ] ], [ [ -52.085235721381039, -32.032655013075889 ], [ -52.085398912924383, -32.03141417534021 ] ] ] } },
{ "type": "Feature", "properties": { "tipo": "rua", "nome": "1 NOVA", "drenagem": 1.0, "iluminacao": 1.0, "compriment": 172.91826436675115 }, "geometry": { "type": "LineString", "coordinates": [ [ -52.087169005834696, -32.036403600160888 ], [ -52.087350990276128, -32.034851920800186 ] ] } },
{ "type": "Feature", "properties": { "tipo": "rua", "nome": "ANDRADE NEVES", "drenagem": 1.0, "iluminacao": 1.0, "compriment": 75.209037939387557 }, "geometry": { "type": "LineString", "coordinates": [ [ -52.092184730314003, -32.035344583844129 ], [ -52.092035693923876, -32.034678324528159 ] ] } },
{ "type": "Feature", "properties": { "tipo": "rua", "nome": "COMENDADOR FRANCISCO MARQUES", "drenagem": 0.0, "iluminacao": 1.0, "compriment": 6.95991473522606 }, "geometry": { "type": "LineString", "coordinates": [ [ -52.091063457132975, -32.035563927274183 ], [ -52.091079318468651, -32.035625221399243 ] ] } },
{ "type": "Feature", "properties": { "tipo": "rua", "nome": "ALBERTO TORRES", "drenagem": 1.0, "iluminacao": 1.0, "compriment": 1.665836453376863 }, "geometry": { "type": "LineString", "coordinates": [ [ -52.155165497212785, -32.051319288366429 ], [ -52.155181800107158, -32.051325023783221 ] ] } },
{ "type": "Feature", "properties": { "tipo": "rua", "nome": "VASCO DA GAMA", "drenagem": 1.0, "iluminacao": 1.0, "compriment": 70.335749377929858 }, "geometry": { "type": "MultiLineString", "coordinates": [ [ [ -52.097809340727018, -32.046708763750921 ], [ -52.097852269397087, -32.04670036083234 ] ], [ [ -52.09796457190955, -32.046678378579742 ], [ -52.098219384885162, -32.046628501127572 ], [ -52.098417598448926, -32.046410218176604 ] ] ] } },
{ "type": "Feature", "properties": { "tipo": "rua", "nome": "VASCO DA GAMA", "drenagem": 0.0, "iluminacao": 1.0, "compriment": 41.887160320374733 }, "geometry": { "type": "MultiLineString", "coordinates": [ [ [ -52.098854233804531, -32.046343985685212 ], [ -52.098730143665477, -32.046362808712161 ] ], [ [ -52.098530530371704, -32.046393087720936 ], [ -52.098417598448926, -32.046410218176604 ] ] ] } },
{ "type": "Feature", "properties": { "tipo": "rua", "nome": "CARLOS GOMES", "drenagem": 1.0, "iluminacao": 1.0, "compriment": 103.79709513119862 }, "geometry": { "type": "LineString", "coordinates": [ [ -52.102454905328685, -32.033719535861259 ], [ -52.10209016118673, -32.033685858535264 ] ] } },
{ "type": "Feature", "properties": { "tipo": "rua", "nome": "CARLOS GOMES", "drenagem": 1.0, "iluminacao": 1.0, "compriment": 132.55251517611828 }, "geometry": { "type": "LineString", "coordinates": [ [ -52.103843266247772, -32.033893432790954 ], [ -52.102454905328685, -32.033719535861259 ] ] } },
{ "type": "Feature", "properties": { "tipo": "rua", "nome": "CARLOS GOMES", "drenagem": 1.0, "iluminacao": 1.0, "compriment": 193.7886972662676 }, "geometry": { "type": "LineString", "coordinates": [ [ -52.105871820377686, -32.034154535169108 ], [ -52.103843266247772, -32.033893432790954 ] ] } },
{ "type": "Feature", "properties": { "tipo": "avenida", "nome": "MAJOR CARLOS PINTO", "drenagem": 1.0, "iluminacao": 1.0, "compriment": 7.2284743463728036 }, "geometry": { "type": "LineString", "coordinates": [ [ -52.106696723513878, -32.034271981591793 ], [ -52.106662610043671, -32.034330333801726 ] ] } },
{ "type": "Feature", "properties": { "tipo": "rua", "nome": "MORON", "drenagem": 0.0, "iluminacao": 1.0, "compriment": 7.6040606494604397 }, "geometry": { "type": "LineString", "coordinates": [ [ -52.105871820377686, -32.034154535169108 ], [ -52.105832789716835, -32.03421451067895 ] ] } },
{ "type": "Feature", "properties": { "tipo": "rua", "nome": "SEM DENOMINACAO", "drenagem": 0.0, "iluminacao": 1.0, "compriment": 106.16533420030514 }, "geometry": { "type": "MultiLineString", "coordinates": [ [ [ -52.079419525221596, -32.049538250221929 ], [ -52.07943306761873, -32.049596242161115 ] ], [ [ -52.079495415683859, -32.049863232204707 ], [ -52.079508237359299, -32.049918137832925 ], [ -52.079498497338037, -32.049985487683983 ], [ -52.079476727683613, -32.050018448241005 ] ], [ [ -52.079363276180082, -32.050052521759405 ], [ -52.079284968097852, -32.050073631819757 ], [ -52.079049453251407, -32.050120934477164 ] ] ] } },
{ "type": "Feature", "properties": { "tipo": "rua", "nome": "SEM DENOMINACAO", "drenagem": 0.0, "iluminacao": 1.0, "compriment": 67.124512949835278 }, "geometry": { "type": "MultiLineString", "coordinates": [ [ [ -52.083151857188859, -32.04930239407549 ], [ -52.083038778071668, -32.049292958717679 ] ], [ [ -52.082871804345572, -32.04895098927674 ], [ -52.082847182025773, -32.048849112260768 ] ] ] } },
{ "type": "Feature", "properties": { "tipo": "rua", "nome": "NICOLAU COELHO", "drenagem": 1.0, "iluminacao": 1.0, "compriment": 72.371949586193068 }, "geometry": { "type": "MultiLineString", "coordinates": [ [ [ -52.099928047091701, -32.044411064141038 ], [ -52.100060200137122, -32.044452479527237 ] ], [ [ -52.100194627665161, -32.044494607712572 ], [ -52.100395059501793, -32.044557420959855 ] ], [ [ -52.100482411212425, -32.044584796074972 ], [ -52.100647180414128, -32.044636433024394 ] ] ] } },
{ "type": "Feature", "properties": { "tipo": "travessa", "nome": "CRISTOVAO PEREIRA", "drenagem": 0.0, "iluminacao": 0.0, "compriment": 111.6726036914216 }, "geometry": { "type": "LineString", "coordinates": [ [ -52.160570429560927, -32.055930471636586 ], [ -52.161596897479583, -32.056430500305297 ] ] } },
{ "type": "Feature", "properties": { "tipo": "travessa", "nome": "CRISTOVAO PEREIRA", "drenagem": 0.0, "iluminacao": 0.0, "compriment": 111.94455137887404 }, "geometry": { "type": "LineString", "coordinates": [ [ -52.159522379533897, -32.0554587794052 ], [ -52.160570429560927, -32.055930471636586 ] ] } },
{ "type": "Feature", "properties": { "tipo": "travessa", "nome": "CRISTOVAO PEREIRA", "drenagem": 0.0, "iluminacao": 0.0, "compriment": 110.78591917710449 }, "geometry": { "type": "LineString", "coordinates": [ [ -52.158477785168955, -32.055004089267761 ], [ -52.159522379533897, -32.0554587794052 ] ] } },
{ "type": "Feature", "properties": { "tipo": "rua", "nome": "VINTE E QUATRO DE MAIO", "drenagem": 1.0, "iluminacao": 1.0, "compriment": 76.516678505452731 }, "geometry": { "type": "LineString", "coordinates": [ [ -52.102409917778118, -32.041484138012905 ], [ -52.101904139925672, -32.041017093682733 ] ] } },
{ "type": "Feature", "properties": { "tipo": "rua", "nome": "VEREADOR EUGENIO PEDRO DELINGER", "drenagem": 1.0, "iluminacao": 1.0, "compriment": 106.52661324451115 }, "geometry": { "type": "MultiLineString", "coordinates": [ [ [ -52.112229101621359, -32.046349801389987 ], [ -52.112343433705107, -32.046407990429266 ] ], [ [ -52.11247617688521, -32.046475549751797 ], [ -52.113197327752431, -32.04684257775272 ] ] ] } },
{ "type": "Feature", "properties": { "tipo": "rua", "nome": "ALTAMIR DE LACERDA NASCIMENTO", "drenagem": 1.0, "iluminacao": 1.0, "compriment": 63.017245874276817 }, "geometry": { "type": "LineString", "coordinates": [ [ -52.122426790881292, -32.04970517253939 ], [ -52.122982364770174, -32.050019920374517 ] ] } },
{ "type": "Feature", "properties": { "tipo": "rua", "nome": "ALTAMIR DE LACERDA NASCIMENTO", "drenagem": 1.0, "iluminacao": 1.0, "compriment": 64.253537372416233 }, "geometry": { "type": "LineString", "coordinates": [ [ -52.122982364770174, -32.050019920374517 ], [ -52.123556847801964, -32.050330345785945 ] ] } },
{ "type": "Feature", "properties": { "tipo": "rua", "nome": "ALTAMIR DE LACERDA NASCIMENTO", "drenagem": 1.0, "iluminacao": 0.0, "compriment": 39.782581330810459 }, "geometry": { "type": "LineString", "coordinates": [ [ -52.123556847801964, -32.050330345785945 ], [ -52.123908082246388, -32.050528402974685 ] ] } },
{ "type": "Feature", "properties": { "tipo": "avenida", "nome": "BUARQUE DE MACEDO", "drenagem": 0.0, "iluminacao": 1.0, "compriment": 63.479986555502983 }, "geometry": { "type": "LineString", "coordinates": [ [ -52.123062268498124, -32.048805531457795 ], [ -52.122463166706147, -32.04854598929083 ] ] } },
{ "type": "Feature", "properties": { "tipo": "rua", "nome": "GONCALVES DIAS", "drenagem": 1.0, "iluminacao": 1.0, "compriment": 100.56750025207863 }, "geometry": { "type": "LineString", "coordinates": [ [ -52.121388077259809, -32.048084902110013 ], [ -52.121373058674649, -32.048110679997656 ] ] } },
{ "type": "Feature", "properties": { "tipo": "avenida", "nome": "BUARQUE DE MACEDO", "drenagem": 1.0, "iluminacao": 1.0, "compriment": 56.537626266647941 }, "geometry": { "type": "LineString", "coordinates": [ [ -52.122463166706147, -32.04854598929083 ], [ -52.121931611950544, -32.048311469814145 ] ] } },
{ "type": "Feature", "properties": { "tipo": "rua", "nome": "CASTRO ALVES", "drenagem": 0.0, "iluminacao": 1.0, "compriment": 110.69739770802785 }, "geometry": { "type": "MultiLineString", "coordinates": [ [ [ -52.122463166706147, -32.04854598929083 ], [ -52.12238668787171, -32.04867232390739 ] ], [ [ -52.122103085139337, -32.049140804405454 ], [ -52.12192603006644, -32.049433279897634 ] ] ] } },
{ "type": "Feature", "properties": { "tipo": "rua", "nome": "SEM DENOMINACAO", "drenagem": 0.0, "iluminacao": 1.0, "compriment": 117.32910735875986 }, "geometry": { "type": "LineString", "coordinates": [ [ -52.149955586612009, -32.048462475795006 ], [ -52.149873020672025, -32.048596636119676 ], [ -52.149744614513764, -32.048854533562675 ], [ -52.149588918520742, -32.049140705954009 ], [ -52.149442420762369, -32.049425673649353 ] ] } },
{ "type": "Feature", "properties": { "tipo": "rua", "nome": "CORREDOR DO BOSQUE SILVEIRA", "drenagem": 1.0, "iluminacao": 1.0, "compriment": 125.26567650814448 }, "geometry": { "type": "MultiLineString", "coordinates": [ [ [ -52.167104199958011, -32.057822607217069 ], [ -52.16744733603386, -32.057950139228652 ] ], [ [ -52.167596595038155, -32.058005613725221 ], [ -52.167938662166549, -32.058132748445381 ] ] ] } },
{ "type": "Feature", "properties": { "tipo": "rua", "nome": "JOAQUIM GONCALVES LEDO", "drenagem": 0.0, "iluminacao": 1.0, "compriment": 150.75440538024441 }, "geometry": { "type": "LineString", "coordinates": [ [ -52.198777164709689, -32.081589432988125 ], [ -52.199918311560971, -32.082221971011535 ] ] } },
{ "type": "Feature", "properties": { "tipo": "rua", "nome": "JOAQUIM GONCALVES LEDO", "drenagem": 0.0, "iluminacao": 0.0, "compriment": 77.510505757744937 }, "geometry": { "type": "LineString", "coordinates": [ [ -52.199918311560971, -32.082221971011535 ], [ -52.1996594550738, -32.082865254558548 ] ] } },
{ "type": "Feature", "properties": { "tipo": "rua", "nome": "ALMIRANTE BARROSO", "drenagem": 0.0, "iluminacao": 0.0, "compriment": 58.189083362074314 }, "geometry": { "type": "LineString", "coordinates": [ [ -52.086944283355486, -32.042076753684306 ], [ -52.08700003673615, -32.042132400233186 ], [ -52.086898051276044, -32.042575569069392 ] ] } },
{ "type": "Feature", "properties": { "tipo": "rua", "nome": "MARIO QUINTANA", "drenagem": 1.0, "iluminacao": 1.0, "compriment": 88.861278638411477 }, "geometry": { "type": "LineString", "coordinates": [ [ -52.08641019362679, -32.045415037708118 ], [ -52.086191501877046, -32.045429486049564 ] ] } },
{ "type": "Feature", "properties": { "tipo": "rua", "nome": "CORREDOR DO BOSQUE SILVEIRA", "drenagem": 1.0, "iluminacao": 1.0, "compriment": 81.51833255960247 }, "geometry": { "type": "LineString", "coordinates": [ [ -52.17303374807814, -32.060133376867981 ], [ -52.17378529401099, -32.060495067713724 ] ] } },
{ "type": "Feature", "properties": { "tipo": "rua", "nome": "VISCONDE DE PARANAGUA", "drenagem": 1.0, "iluminacao": 1.0, "compriment": 64.545282871424035 }, "geometry": { "type": "LineString", "coordinates": [ [ -52.102272440933291, -32.028592961177232 ], [ -52.102272406274743, -32.028593286147675 ] ] } },
{ "type": "Feature", "properties": { "tipo": "avenida", "nome": "COMENDADOR VASCO VIEIRA DA FONSECA", "drenagem": 1.0, "iluminacao": 1.0, "compriment": 124.82809954992129 }, "geometry": { "type": "LineString", "coordinates": [ [ -52.1008476173619, -32.028385255612314 ], [ -52.102149910193987, -32.028575401414443 ], [ -52.102150062492861, -32.028575423653628 ], [ -52.102272406274743, -32.028593286147675 ] ] } },
{ "type": "Feature", "properties": { "tipo": "avenida", "nome": "COMENDADOR VASCO VIEIRA DA FONSECA", "drenagem": 1.0, "iluminacao": 1.0, "compriment": 82.272981577218857 }, "geometry": { "type": "LineString", "coordinates": [ [ -52.102272406274743, -32.028593286147675 ], [ -52.102279838699943, -32.028594189243513 ], [ -52.102553409285207, -32.028627429820119 ], [ -52.103415942439483, -32.028730317793304 ] ] } },
{ "type": "Feature", "properties": { "tipo": "rua", "nome": "SEM DENOMINACAO", "drenagem": 0.0, "iluminacao": 1.0, "compriment": 1611.853824506444 }, "geometry": { "type": "LineString", "coordinates": [ [ -52.199988521543077, -32.081863310159036 ], [ -52.201244208209978, -32.082528858577426 ], [ -52.201315679238206, -32.0825667540784 ] ] } }
]
}
