{
"type": "FeatureCollection",
"name": "infra_logradouros_ATINGIDOS_rio_grande___chuva_acumulada_60_8mm",
"crs": { "type": "name", "properties": { "name": "urn:ogc:def:crs:OGC:1.3:CRS84" } },
"features": [
{ "type": "Feature", "properties": { "tipo": "rua", "nome": "ANTONIO PEREIRA RODRIGUES", "drenagem": 0.0, "iluminacao": 1.0, "compriment": 179.67929704352878 }, "geometry": { "type": "LineString", "coordinates": [ [ -52.143042764140198, -32.048296029513189 ], [ -52.142761736572247, -32.049586158510678 ], [ -52.142671510031995, -32.049884653892271 ] ] } },
{ "type": "Feature", "properties": { "tipo": "avenida", "nome": "URUGUAI", "drenagem": 1.0, "iluminacao": 1.0, "compriment": 54.665865122456374 }, "geometry": { "type": "MultiLineString", "coordinates": [ [ [ -52.138412914405677, -32.052063838732586 ], [ -52.138634898412157, -32.052164248409561 ] ], [ [ -52.138675859543198, -32.052182776293627 ], [ -52.138722655988715, -32.052203943656323 ] ], [ [ -52.138798742936316, -32.052238359945818 ], [ -52.138839704067358, -32.052256887829884 ] ], [ [ -52.1388806651984, -32.05227541571395 ], [ -52.138921626329434, -32.052293943598016 ] ] ] } },
{ "type": "Feature", "properties": { "tipo": "rua", "nome": "HONORIO AIKIM", "drenagem": 0.0, "iluminacao": 1.0, "compriment": 88.189931737472634 }, "geometry": { "type": "MultiLineString", "coordinates": [ [ [ -52.180500130582097, -32.06891608512052 ], [ -52.180524648368269, -32.068875123989478 ] ], [ [ -52.180549166154435, -32.068834162858444 ], [ -52.180573683940615, -32.068793201727402 ] ] ] } },
{ "type": "Feature", "properties": { "tipo": "rua", "nome": "VEREADOR DOUTOR NILO CORREA FONSECA", "drenagem": 0.0, "iluminacao": 1.0, "compriment": 493.82684233107472 }, "geometry": { "type": "MultiLineString", "coordinates": [ [ [ -52.079811177592184, -32.045468482948785 ], [ -52.078469780447335, -32.049541470138742 ] ], [ [ -52.078462996914844, -32.049562067499522 ], [ -52.078456290313028, -32.049582431269783 ] ] ] } },
{ "type": "Feature", "properties": { "tipo": "travessa", "nome": "ARTHUR LAWSON", "drenagem": 1.0, "iluminacao": 1.0, "compriment": 111.83479922543815 }, "geometry": { "type": "MultiLineString", "coordinates": [ [ [ -52.111691173440427, -32.043949365901483 ], [ -52.111477668532842, -32.044306174931805 ] ], [ [ -52.111457783660008, -32.044339406496704 ], [ -52.111231901746599, -32.044716899957635 ] ], [ [ -52.111212683291072, -32.044749017807099 ], [ -52.111153494001243, -32.044847934845343 ] ] ] } },
{ "type": "Feature", "properties": { "tipo": "rua", "nome": "HENRIQUE DIAS", "drenagem": 0.0, "iluminacao": 1.0, "compriment": 39.870775251437642 }, "geometry": { "type": "LineString", "coordinates": [ [ -52.142465994251523, -32.052847240412255 ], [ -52.142349538286986, -32.05319285060007 ] ] } },
{ "type": "Feature", "properties": { "tipo": "rua", "nome": "HENRIQUE DIAS", "drenagem": 0.0, "iluminacao": 1.0, "compriment": 214.9508507288981 }, "geometry": { "type": "MultiLineString", "coordinates": [ [ [ -52.142349510429035, -32.053190608649174 ], [ -52.142201263610602, -32.053596622111677 ] ], [ [ -52.142198516812613, -32.053604144950789 ], [ -52.142146988196629, -32.053745269812786 ] ], [ [ -52.142034672288453, -32.054052876891681 ], [ -52.142021791019175, -32.054088155684148 ] ], [ [ -52.141993711157411, -32.054165059876908 ], [ -52.141991469713886, -32.054171198667994 ] ], [ [ -52.141767538181313, -32.054784494911829 ], [ -52.141752582132028, -32.054825456042863 ] ] ] } },
{ "type": "Feature", "properties": { "tipo": "rua", "nome": "GENERAL ABREU", "drenagem": 0.0, "iluminacao": 1.0, "compriment": 118.01990596884616 }, "geometry": { "type": "LineString", "coordinates": [ [ -52.105076661814621, -32.039959494415307 ], [ -52.106196319465575, -32.040431965747082 ] ] } },
{ "type": "Feature", "properties": { "tipo": "rua", "nome": "DOM BOSCO", "drenagem": 1.0, "iluminacao": 1.0, "compriment": 119.00217421721587 }, "geometry": { "type": "MultiLineString", "coordinates": [ [ [ -52.109470573111892, -32.039762212637449 ], [ -52.110494601387884, -32.040203335943794 ] ], [ [ -52.110576523649968, -32.0402386258083 ], [ -52.110578395990515, -32.040239432361275 ] ] ] } },
{ "type": "Feature", "properties": { "tipo": "rua", "nome": "DOM BOSCO", "drenagem": 1.0, "iluminacao": 1.0, "compriment": 33.88898699494127 }, "geometry": { "type": "LineString", "coordinates": [ [ -52.126526556905432, -32.047027581014113 ], [ -52.126851586620468, -32.047157058010178 ] ] } },
{ "type": "Feature", "properties": { "tipo": "rua", "nome": "DOM BOSCO", "drenagem": 1.0, "iluminacao": 1.0, "compriment": 59.730653211346976 }, "geometry": { "type": "LineString", "coordinates": [ [ -52.127983431611575, -32.047641231488292 ], [ -52.128544768922154, -32.047889379375853 ] ] } },
{ "type": "Feature", "properties": { "tipo": "rua", "nome": "DOM BOSCO", "drenagem": 1.0, "iluminacao": 1.0, "compriment": 62.721862531064296 }, "geometry": { "type": "LineString", "coordinates": [ [ -52.128544768922154, -32.047889379375853 ], [ -52.129133780061892, -32.048150672570834 ] ] } },
{ "type": "Feature", "properties": { "tipo": "rua", "nome": "VINTE E QUATRO DE MAIO", "drenagem": 1.0, "iluminacao": 1.0, "compriment": 110.47042145409272 }, "geometry": { "type": "LineString", "coordinates": [ [ -52.09943509600717, -32.031968262707309 ], [ -52.099445808921416, -32.031968686139834 ], [ -52.099543496949799, -32.031993624696632 ], [ -52.099557979400288, -32.032011889883279 ] ] } },
{ "type": "Feature", "properties": { "tipo": "rua", "nome": "HONDURAS", "drenagem": 0.0, "iluminacao": 0.0, "compriment": 53.065643299127061 }, "geometry": { "type": "LineString", "coordinates": [ [ -52.130120839577977, -32.052162982525282 ], [ -52.130196905417982, -32.052195673712873 ] ] } },
{ "type": "Feature", "properties": { "tipo": "rua", "nome": "HONDURAS", "drenagem": 0.0, "iluminacao": 1.0, "compriment": 51.203326774059022 }, "geometry": { "type": "LineString", "coordinates": [ [ -52.130693714906116, -32.052406111353697 ], [ -52.130778772863223, -32.052442013679048 ] ] } },
{ "type": "Feature", "properties": { "tipo": "rua", "nome": "HONDURAS", "drenagem": 0.0, "iluminacao": 1.0, "compriment": 67.82869578499637 }, "geometry": { "type": "MultiLineString", "coordinates": [ [ [ -52.130778772863223, -32.052442013679048 ], [ -52.13108930400017, -32.052572593835684 ] ], [ [ -52.131272048820634, -32.052649439099952 ], [ -52.131422776967959, -32.052712821166175 ] ] ] } },
{ "type": "Feature", "properties": { "tipo": "rua", "nome": "FORTE SANTANA", "drenagem": 0.0, "iluminacao": 1.0, "compriment": 63.087623927547021 }, "geometry": { "type": "LineString", "coordinates": [ [ -52.125585992066227, -32.051476667962106 ], [ -52.125396989711327, -32.052022354170688 ] ] } },
{ "type": "Feature", "properties": { "tipo": "rua", "nome": "TOBIAS BARRETO", "drenagem": 1.0, "iluminacao": 1.0, "compriment": 100.20575515322932 }, "geometry": { "type": "LineString", "coordinates": [ [ -52.126749656928546, -32.046118979368927 ], [ -52.126283595260347, -32.046930795409118 ] ] } },
{ "type": "Feature", "properties": { "tipo": "rua", "nome": "DOUTOR AUGUSTO DUPRAT", "drenagem": 1.0, "iluminacao": 1.0, "compriment": 119.00548090708081 }, "geometry": { "type": "LineString", "coordinates": [ [ -52.112671915474465, -32.039105009214019 ], [ -52.113796390693857, -32.039589123749543 ] ] } },
{ "type": "Feature", "properties": { "tipo": "rua", "nome": "CACHOEIRA DO IGUACU", "drenagem": 1.0, "iluminacao": 1.0, "compriment": 116.04980055184549 }, "geometry": { "type": "LineString", "coordinates": [ [ -52.130919484550844, -32.050107537451808 ], [ -52.130346688617095, -32.051033433481443 ] ] } },
{ "type": "Feature", "properties": { "tipo": "rua", "nome": "GUSTAVO SAMPAIO", "drenagem": 0.0, "iluminacao": 1.0, "compriment": 101.30656822033026 }, "geometry": { "type": "LineString", "coordinates": [ [ -52.136850863369965, -32.048372849311363 ], [ -52.136373459281195, -32.049190975512339 ] ] } },
{ "type": "Feature", "properties": { "tipo": "rua", "nome": "GUSTAVO SAMPAIO", "drenagem": 0.0, "iluminacao": 0.0, "compriment": 95.630442596399533 }, "geometry": { "type": "LineString", "coordinates": [ [ -52.135872492429847, -32.050011298643938 ], [ -52.135399805167815, -32.050773975770127 ] ] } },
{ "type": "Feature", "properties": { "tipo": "rua", "nome": "CORONEL PEDROSO", "drenagem": 0.0, "iluminacao": 1.0, "compriment": 99.668893408915167 }, "geometry": { "type": "MultiLineString", "coordinates": [ [ [ -52.13616432420659, -32.047071659816758 ], [ -52.135857253044144, -32.04757533584884 ] ], [ [ -52.135814380375656, -32.04764565810045 ], [ -52.135807308312522, -32.047657258110917 ] ], [ [ -52.135767619239381, -32.047722358443743 ], [ -52.135752866504127, -32.047746556740627 ] ], [ [ -52.135707418849272, -32.047821102635076 ], [ -52.135685696977298, -32.047856732116529 ] ] ] } },
{ "type": "Feature", "properties": { "tipo": "rua", "nome": "FORTE SANTANA", "drenagem": 0.0, "iluminacao": 1.0, "compriment": 64.720920766900164 }, "geometry": { "type": "MultiLineString", "coordinates": [ [ [ -52.125396989711327, -32.052022354170688 ], [ -52.125322530824256, -32.052215334331436 ] ], [ [ -52.125311121448128, -32.052244904787365 ], [ -52.125281569693215, -32.052321496080069 ] ] ] } },
{ "type": "Feature", "properties": { "tipo": "avenida", "nome": "URUGUAI", "drenagem": 1.0, "iluminacao": 1.0, "compriment": 57.946711806848931 }, "geometry": { "type": "LineString", "coordinates": [ [ -52.136545880729138, -32.051293675881091 ], [ -52.137097415662787, -32.051521139077622 ] ] } },
{ "type": "Feature", "properties": { "tipo": "rua", "nome": "CORONEL PEDROSO", "drenagem": 0.0, "iluminacao": 1.0, "compriment": 102.12651509589521 }, "geometry": { "type": "LineString", "coordinates": [ [ -52.13521759638374, -32.048722247517951 ], [ -52.135193662935336, -32.048763208648992 ] ] } },
{ "type": "Feature", "properties": { "tipo": "rua", "nome": "ANTONIO RIBEIRO CARDOSO", "drenagem": 1.0, "iluminacao": 1.0, "compriment": 35.447959873170376 }, "geometry": { "type": "LineString", "coordinates": [ [ -52.130218209358517, -32.047207986773252 ], [ -52.130052278995031, -32.047494725378392 ] ] } },
{ "type": "Feature", "properties": { "tipo": "rua", "nome": "ANTONIO RIBEIRO CARDOSO", "drenagem": 1.0, "iluminacao": 1.0, "compriment": 122.00569419819418 }, "geometry": { "type": "LineString", "coordinates": [ [ -52.129566533411705, -32.048318056040571 ], [ -52.128993348453903, -32.049304088105899 ] ] } },
{ "type": "Feature", "properties": { "tipo": "rua", "nome": "ANTONIO RIBEIRO CARDOSO", "drenagem": 1.0, "iluminacao": 1.0, "compriment": 78.304044266961611 }, "geometry": { "type": "MultiLineString", "coordinates": [ [ [ -52.128454036177196, -32.050241987867821 ], [ -52.128394615652233, -32.050346100248248 ] ], [ [ -52.128386287202936, -32.05036069275954 ], [ -52.128353654521192, -32.050417869403098 ] ], [ [ -52.128339531343556, -32.050442615021616 ], [ -52.128312693390157, -32.050489638557941 ] ] ] } },
{ "type": "Feature", "properties": { "tipo": "rua", "nome": "ANTONIO RIBEIRO CARDOSO", "drenagem": 1.0, "iluminacao": 1.0, "compriment": 184.19244728594742 }, "geometry": { "type": "MultiLineString", "coordinates": [ [ [ -52.127755700532049, -32.051466643297609 ], [ -52.127289133238598, -32.052285631856194 ] ], [ [ -52.127288665114165, -32.05228645357807 ], [ -52.127240189425379, -32.052371545343057 ] ] ] } },
{ "type": "Feature", "properties": { "tipo": "rua", "nome": "AUGUSTE SAINT HILAIRE", "drenagem": 0.0, "iluminacao": 1.0, "compriment": 98.388511982153673 }, "geometry": { "type": "LineString", "coordinates": [ [ -52.130521818617169, -32.045691550813018 ], [ -52.130082175604109, -32.046495945870277 ] ] } },
{ "type": "Feature", "properties": { "tipo": "rua", "nome": "AUGUSTE SAINT HILAIRE", "drenagem": 0.0, "iluminacao": 1.0, "compriment": 102.23747832343602 }, "geometry": { "type": "LineString", "coordinates": [ [ -52.130082175604109, -32.046495945870277 ], [ -52.129585627678274, -32.047315218950274 ] ] } },
{ "type": "Feature", "properties": { "tipo": "rua", "nome": "AUGUSTE SAINT HILAIRE", "drenagem": 0.0, "iluminacao": 1.0, "compriment": 101.99777553962012 }, "geometry": { "type": "LineString", "coordinates": [ [ -52.129585627678274, -32.047315218950274 ], [ -52.129133780061892, -32.048150672570834 ] ] } },
{ "type": "Feature", "properties": { "tipo": "rua", "nome": "DOUTOR GUILHERME SCHULTZ FILHO", "drenagem": 1.0, "iluminacao": 1.0, "compriment": 101.78121404651792 }, "geometry": { "type": "MultiLineString", "coordinates": [ [ [ -52.128257290704362, -32.044727717685376 ], [ -52.127823539211654, -32.045486318165814 ] ], [ [ -52.127821159817678, -32.045490479556484 ], [ -52.127785447858507, -32.04555293723061 ] ] ] } },
{ "type": "Feature", "properties": { "tipo": "rua", "nome": "DOUTOR GUILHERME SCHULTZ FILHO", "drenagem": 1.0, "iluminacao": 1.0, "compriment": 101.18836187234787 }, "geometry": { "type": "LineString", "coordinates": [ [ -52.127785447858507, -32.04555293723061 ], [ -52.127318933781631, -32.046374418379649 ] ] } },
{ "type": "Feature", "properties": { "tipo": "rua", "nome": "DOUTOR GUILHERME SCHULTZ FILHO", "drenagem": 1.0, "iluminacao": 1.0, "compriment": 97.36461204911781 }, "geometry": { "type": "LineString", "coordinates": [ [ -52.127318933781631, -32.046374418379649 ], [ -52.126851586620468, -32.047157058010178 ] ] } },
{ "type": "Feature", "properties": { "tipo": "avenida", "nome": "ARGENTINA", "drenagem": 1.0, "iluminacao": 1.0, "compriment": 117.84850399186219 }, "geometry": { "type": "MultiLineString", "coordinates": [ [ [ -52.134798968918133, -32.054203830665415 ], [ -52.134777325408123, -32.054239945822495 ] ], [ [ -52.134676292685626, -32.054408532740311 ], [ -52.134654338172098, -32.054445166849298 ] ], [ [ -52.134553616453118, -32.054613234815207 ], [ -52.134538785308187, -32.054637982609279 ] ], [ [ -52.134500077039959, -32.054702572649745 ], [ -52.134497824177153, -32.054706331859506 ] ] ] } },
{ "type": "Feature", "properties": { "tipo": "rua", "nome": "DOS DRAGOES", "drenagem": 0.0, "iluminacao": 1.0, "compriment": 164.96468321929274 }, "geometry": { "type": "LineString", "coordinates": [ [ -52.123685960913171, -32.052984658261316 ], [ -52.123643124451633, -32.053060655874724 ] ] } },
{ "type": "Feature", "properties": { "tipo": "rua", "nome": "ALVARES CABRAL", "drenagem": 0.0, "iluminacao": 1.0, "compriment": 99.78 }, "geometry": { "type": "LineString", "coordinates": [ [ -52.129768549288805, -32.043479222744871 ], [ -52.129342745765847, -32.044187975456076 ] ] } },
{ "type": "Feature", "properties": { "tipo": "rua", "nome": "ALVARES CABRAL", "drenagem": 0.0, "iluminacao": 1.0, "compriment": 98.84 }, "geometry": { "type": "LineString", "coordinates": [ [ -52.129342745765847, -32.044187975456076 ], [ -52.128840035489482, -32.044969967361936 ] ] } },
{ "type": "Feature", "properties": { "tipo": "rua", "nome": "ALVARES CABRAL", "drenagem": 1.0, "iluminacao": 1.0, "compriment": 101.31 }, "geometry": { "type": "LineString", "coordinates": [ [ -52.128840035489482, -32.044969967361936 ], [ -52.128358434468005, -32.045786584282631 ] ] } },
{ "type": "Feature", "properties": { "tipo": "rua", "nome": "SANTA CATARINA", "drenagem": 0.0, "iluminacao": 1.0, "compriment": 101.60270490416193 }, "geometry": { "type": "MultiLineString", "coordinates": [ [ [ -52.116514696630304, -32.04556824042789 ], [ -52.116491227037741, -32.045609201558932 ] ], [ [ -52.116449712326954, -32.045681656566593 ], [ -52.116420818260067, -32.04573208495205 ] ] ] } },
{ "type": "Feature", "properties": { "tipo": "rua", "nome": "ALTAMIR DE LACERDA NASCIMENTO", "drenagem": 1.0, "iluminacao": 1.0, "compriment": 185.07332202242114 }, "geometry": { "type": "MultiLineString", "coordinates": [ [ [ -52.125585992066227, -32.051476667962106 ], [ -52.127006092020252, -32.052244904787365 ] ], [ [ -52.127042898327922, -32.052264816034366 ], [ -52.127240189425379, -32.052371545343057 ] ] ] } },
{ "type": "Feature", "properties": { "tipo": "rua", "nome": "ALTAMIR DE LACERDA NASCIMENTO", "drenagem": 1.0, "iluminacao": 1.0, "compriment": 66.99638264481645 }, "geometry": { "type": "MultiLineString", "coordinates": [ [ [ -52.127775285812262, -32.052672940651668 ], [ -52.127896238764158, -32.052736438359844 ] ], [ [ -52.127903082079762, -32.052740030953906 ], [ -52.127974263150449, -32.052777399490878 ] ], [ [ -52.127985004341838, -32.05278303838621 ], [ -52.128130311923073, -32.052859321752962 ] ], [ [ -52.128148848865997, -32.052869053250824 ], [ -52.128189809997039, -32.052890556966972 ] ], [ [ -52.128271732259115, -32.052933564399275 ], [ -52.128312693390157, -32.05295506811543 ] ] ] } },
{ "type": "Feature", "properties": { "tipo": "rua", "nome": "CASTRO ALVES", "drenagem": 0.0, "iluminacao": 1.0, "compriment": 99.452205841022163 }, "geometry": { "type": "LineString", "coordinates": [ [ -52.124923208090856, -32.044380367627745 ], [ -52.124503308203465, -32.045111160708849 ] ] } },
{ "type": "Feature", "properties": { "tipo": "rua", "nome": "CASTRO ALVES", "drenagem": 0.0, "iluminacao": 1.0, "compriment": 21.969056009416548 }, "geometry": { "type": "LineString", "coordinates": [ [ -52.122569765883782, -32.048369896919361 ], [ -52.122463166706147, -32.04854598929083 ] ] } },
{ "type": "Feature", "properties": { "tipo": "rua", "nome": "PARAGUAI", "drenagem": 1.0, "iluminacao": 1.0, "compriment": 94.632189280410373 }, "geometry": { "type": "MultiLineString", "coordinates": [ [ [ -52.141589958016709, -32.052440122322878 ], [ -52.141585790017977, -32.052449710442566 ] ], [ [ -52.141584099847016, -32.052453598534321 ], [ -52.141372118164419, -32.052941244015038 ] ], [ [ -52.14133833306078, -32.053018963716582 ], [ -52.14133599884088, -32.053024333387071 ] ] ] } },
{ "type": "Feature", "properties": { "tipo": "rua", "nome": "PARAGUAI", "drenagem": 0.0, "iluminacao": 1.0, "compriment": 146.73932504128103 }, "geometry": { "type": "MultiLineString", "coordinates": [ [ [ -52.14053664983259, -32.055316989615342 ], [ -52.140519110439982, -32.055364997229056 ] ], [ [ -52.14040196494139, -32.055685639794696 ], [ -52.140396227046864, -32.055701345163179 ] ], [ [ -52.14032714000183, -32.055890445449897 ], [ -52.140314304784788, -32.055925577119261 ] ] ] } },
{ "type": "Feature", "properties": { "tipo": "rua", "nome": "PARAGUAI", "drenagem": 0.0, "iluminacao": 1.0, "compriment": 167.64438197321195 }, "geometry": { "type": "MultiLineString", "coordinates": [ [ [ -52.140178795618496, -32.056300056760293 ], [ -52.140164049720596, -32.056341017891334 ] ], [ [ -52.140109499129586, -32.056492548433717 ], [ -52.140090320231096, -32.056545823546536 ] ], [ [ -52.140060828435296, -32.056627745808612 ], [ -52.140041153334373, -32.056682399271736 ] ], [ [ -52.139945654605427, -32.056947675484643 ], [ -52.139765910477315, -32.057446968429403 ] ] ] } },
{ "type": "Feature", "properties": { "tipo": "rua", "nome": "EQUADOR", "drenagem": 0.0, "iluminacao": 1.0, "compriment": 92.027939417330316 }, "geometry": { "type": "MultiLineString", "coordinates": [ [ [ -52.140478149308947, -32.052949850610126 ], [ -52.140437188177906, -32.053061505996347 ] ], [ [ -52.140436226504704, -32.053064127408156 ], [ -52.140331039462765, -32.053350855325434 ] ] ] } },
{ "type": "Feature", "properties": { "tipo": "rua", "nome": "COLOMBIA", "drenagem": 1.0, "iluminacao": 1.0, "compriment": 100.16042338277691 }, "geometry": { "type": "LineString", "coordinates": [ [ -52.139913028618381, -32.052866942308036 ], [ -52.139901099490203, -32.052900282883996 ] ] } },
{ "type": "Feature", "properties": { "tipo": "rua", "nome": "AGOSTINHO PETRONE", "drenagem": 0.0, "iluminacao": 1.0, "compriment": 148.4827748999613 }, "geometry": { "type": "MultiLineString", "coordinates": [ [ [ -52.13877334583642, -32.05429296133935 ], [ -52.138675859543198, -32.054558036324273 ] ], [ [ -52.138396740247593, -32.055316989615342 ], [ -52.138348170494879, -32.055449055632444 ] ], [ [ -52.138336483353378, -32.055480834139502 ], [ -52.138309485037865, -32.055554245260602 ] ] ] } },
{ "type": "Feature", "properties": { "tipo": "rua", "nome": "BOLIVIA", "drenagem": 1.0, "iluminacao": 1.0, "compriment": 72.880124722637916 }, "geometry": { "type": "MultiLineString", "coordinates": [ [ [ -52.13329917131761, -32.052307999103903 ], [ -52.133341767756967, -32.052326827049441 ] ], [ [ -52.133350912508035, -32.052330869097972 ], [ -52.133984131384224, -32.052610756588436 ] ] ] } },
{ "type": "Feature", "properties": { "tipo": "rua", "nome": "PEDRO DE SÁ FREITAS", "drenagem": 1.0, "iluminacao": 1.0, "compriment": 91.741912058192767 }, "geometry": { "type": "LineString", "coordinates": [ [ -52.143112967983157, -32.051210436926851 ], [ -52.142732300816391, -32.051971609756272 ] ] } },
{ "type": "Feature", "properties": { "tipo": "rua", "nome": "PEDRO DE SÁ FREITAS", "drenagem": 1.0, "iluminacao": 1.0, "compriment": 97.161003672579184 }, "geometry": { "type": "LineString", "coordinates": [ [ -52.142732300816391, -32.051971609756272 ], [ -52.142343783484826, -32.052782941169191 ] ] } },
{ "type": "Feature", "properties": { "tipo": "rua", "nome": "COMENDADOR HENRIQUE PANCADA", "drenagem": 0.0, "iluminacao": 1.0, "compriment": 50.542837418998822 }, "geometry": { "type": "MultiLineString", "coordinates": [ [ [ -52.134533334481027, -32.045199590248536 ], [ -52.134538785308187, -32.045202838850798 ] ], [ [ -52.134647786299738, -32.04526780162746 ], [ -52.134702629832347, -32.04530048746004 ] ], [ [ -52.134739520429072, -32.045322473641654 ], [ -52.13487107769285, -32.045400879581123 ] ] ] } },
{ "type": "Feature", "properties": { "tipo": "rua", "nome": "QUARENTA E OITO", "drenagem": 0.0, "iluminacao": 1.0, "compriment": 90.835253956602443 }, "geometry": { "type": "LineString", "coordinates": [ [ -52.130198331792556, -32.055579455323745 ], [ -52.129788131133125, -32.056320394211468 ] ] } },
{ "type": "Feature", "properties": { "tipo": "rua", "nome": "CENTO E SESSENTA E NOVE", "drenagem": 1.0, "iluminacao": 0.0, "compriment": 80.90544659535216 }, "geometry": { "type": "LineString", "coordinates": [ [ -52.131826211366509, -32.056105916807432 ], [ -52.131491810196877, -32.056777657704693 ] ] } },
{ "type": "Feature", "properties": { "tipo": "avenida", "nome": "SANTOS DUMONT", "drenagem": 1.0, "iluminacao": 1.0, "compriment": 83.621871763015761 }, "geometry": { "type": "LineString", "coordinates": [ [ -52.12811245072929, -32.054725882247446 ], [ -52.128912247729914, -32.055049505497095 ] ] } },
{ "type": "Feature", "properties": { "tipo": "rua", "nome": "ARTHUR ROCHA", "drenagem": 0.0, "iluminacao": 1.0, "compriment": 56.399214959919597 }, "geometry": { "type": "LineString", "coordinates": [ [ -52.138309485037865, -32.055554245260602 ], [ -52.138345540187508, -32.055562756401578 ] ] } },
{ "type": "Feature", "properties": { "tipo": "rua", "nome": "ARTHUR ROCHA", "drenagem": 0.0, "iluminacao": 1.0, "compriment": 95.855500182660961 }, "geometry": { "type": "LineString", "coordinates": [ [ -52.142239477943654, -32.056585485128885 ], [ -52.142244268489478, -32.05658678467757 ] ] } },
{ "type": "Feature", "properties": { "tipo": "avenida", "nome": "URUGUAI", "drenagem": 1.0, "iluminacao": 1.0, "compriment": 42.346195500161222 }, "geometry": { "type": "LineString", "coordinates": [ [ -52.135399805167815, -32.050773975770127 ], [ -52.135786915208008, -32.05096668492078 ] ] } },
{ "type": "Feature", "properties": { "tipo": "rua", "nome": "PINTO BANDEIRA", "drenagem": 1.0, "iluminacao": 1.0, "compriment": 62.327424968281946 }, "geometry": { "type": "LineString", "coordinates": [ [ -52.135358007928986, -32.053297617650912 ], [ -52.135458409189155, -32.05337554273499 ], [ -52.13593835885942, -32.053507460212039 ] ] } },
{ "type": "Feature", "properties": { "tipo": "rua", "nome": "PINTO BANDEIRA", "drenagem": 1.0, "iluminacao": 1.0, "compriment": 115.07459147830164 }, "geometry": { "type": "LineString", "coordinates": [ [ -52.13653454483169, -32.053673448943925 ], [ -52.137696986749027, -32.053984649888648 ] ] } },
{ "type": "Feature", "properties": { "tipo": "rua", "nome": "ISRAEL NISENSON", "drenagem": 0.0, "iluminacao": 0.0, "compriment": 69.811539029237878 }, "geometry": { "type": "LineString", "coordinates": [ [ -52.141322272853863, -32.051374107544341 ], [ -52.141993615161894, -32.051637626604716 ] ] } },
{ "type": "Feature", "properties": { "tipo": "rua", "nome": "ISRAEL NISENSON", "drenagem": 0.0, "iluminacao": 1.0, "compriment": 78.9824295634712 }, "geometry": { "type": "LineString", "coordinates": [ [ -52.141993615161894, -32.051637626604716 ], [ -52.142732300816391, -32.051971609756272 ] ] } },
{ "type": "Feature", "properties": { "tipo": "rua", "nome": "ISRAEL NISENSON", "drenagem": 0.0, "iluminacao": 1.0, "compriment": 98.851457846593377 }, "geometry": { "type": "MultiLineString", "coordinates": [ [ [ -52.143822991463765, -32.052460495306846 ], [ -52.144082728840438, -32.052574849776114 ] ], [ [ -52.144290485106985, -32.052666318543153 ], [ -52.144752817963962, -32.052869869642194 ] ] ] } },
{ "type": "Feature", "properties": { "tipo": "rua", "nome": "ISRAEL NISENSON", "drenagem": 0.0, "iluminacao": 1.0, "compriment": 97.237379696371875 }, "geometry": { "type": "MultiLineString", "coordinates": [ [ [ -52.144752817963962, -32.052869869642194 ], [ -52.144779068068111, -32.052881372404521 ] ], [ [ -52.144820029199153, -32.052899321520172 ], [ -52.144822223098309, -32.052900282883996 ] ], [ [ -52.144860990330194, -32.052917270635817 ], [ -52.145024834854354, -32.052989067098402 ] ], [ [ -52.145475407295791, -32.053186507370519 ], [ -52.145570032311468, -32.053227971932316 ] ], [ [ -52.145598290688909, -32.053240354717452 ], [ -52.145639251819951, -32.053258303833104 ] ] ] } },
{ "type": "Feature", "properties": { "tipo": "avenida", "nome": "JOSE BONIFACIO", "drenagem": 1.0, "iluminacao": 1.0, "compriment": 228.04665109189722 }, "geometry": { "type": "MultiLineString", "coordinates": [ [ [ -52.134418397776869, -32.056080339546142 ], [ -52.13447557896388, -32.056095251105098 ] ], [ [ -52.134620707570271, -32.056133097359847 ], [ -52.13463265215124, -32.056136212236133 ] ], [ [ -52.134743590963389, -32.05616514256662 ], [ -52.134789725338628, -32.056177173367175 ] ], [ [ -52.134907435487548, -32.056207869508988 ], [ -52.134946798526016, -32.056218134498216 ] ], [ [ -52.135071280011708, -32.056250596451349 ], [ -52.135103871713397, -32.056259095629258 ] ], [ [ -52.135235124535868, -32.056293323393717 ], [ -52.135260944900757, -32.056300056760293 ] ], [ [ -52.135358007928986, -32.05632536860049 ], [ -52.135418018088146, -32.056341017891334 ] ], [ [ -52.135521852453145, -32.056368095542858 ], [ -52.135575091275534, -32.056381979022376 ] ], [ [ -52.135685696977298, -32.056410822485219 ], [ -52.135732164462894, -32.056422940153411 ] ], [ [ -52.135808580370423, -32.056442867691992 ], [ -52.135889237650282, -32.056463901284452 ] ], [ [ -52.135972424894575, -32.05648559463436 ], [ -52.136046310837671, -32.056504862415494 ] ], [ [ -52.136136269418735, -32.056528321576721 ], [ -52.136203384025052, -32.056545823546536 ] ], [ [ -52.13625915281186, -32.056560366783494 ], [ -52.136360457212412, -32.05658678467757 ] ], [ [ -52.136422997336012, -32.056603093725862 ], [ -52.1365175303998, -32.056627745808612 ] ], [ [ -52.136586841860172, -32.056645820668223 ], [ -52.136674603587188, -32.056668706939654 ] ] ] } },
{ "type": "Feature", "properties": { "tipo": "avenida", "nome": "JOSE BONIFACIO", "drenagem": 1.0, "iluminacao": 1.0, "compriment": 55.876518705606109 }, "geometry": { "type": "MultiLineString", "coordinates": [ [ [ -52.137815675791366, -32.056972999456065 ], [ -52.137901578167671, -32.056996395987966 ] ], [ [ -52.137979520315525, -32.05701762445716 ], [ -52.138051970478251, -32.057037357119007 ] ], [ [ -52.13818432597072, -32.057073405708529 ], [ -52.138202362788832, -32.057078318250049 ] ], [ [ -52.138266248232803, -32.057095718209077 ], [ -52.138352755099412, -32.057119279381091 ] ] ] } },
{ "type": "Feature", "properties": { "tipo": "rua", "nome": "MANOEL GONZALEZ LOPES", "drenagem": 0.0, "iluminacao": 1.0, "compriment": 172.74489629089521 }, "geometry": { "type": "MultiLineString", "coordinates": [ [ [ -52.173273690733446, -32.063140565643927 ], [ -52.173288015271744, -32.063118786893504 ] ], [ [ -52.173812518057453, -32.062321343023129 ], [ -52.173820509975258, -32.062309192266184 ] ], [ [ -52.173839459423654, -32.062280381892087 ], [ -52.173861471106299, -32.06224691575639 ] ], [ [ -52.173893342156056, -32.062198459630011 ], [ -52.173902432237341, -32.062184639246595 ] ], [ [ -52.173969173879968, -32.062083166546621 ], [ -52.173984354499417, -32.062060086227007 ] ], [ [ -52.173996961589836, -32.062040918651064 ], [ -52.174028048987061, -32.06199365397481 ] ], [ [ -52.174054990353255, -32.061952692843775 ], [ -52.174066276761501, -32.061935533207418 ] ], [ [ -52.174107237892535, -32.061873256697631 ], [ -52.174108873085657, -32.061870770581692 ] ] ] } },
{ "type": "Feature", "properties": { "tipo": "rua", "nome": "MANOEL GONZALEZ LOPES", "drenagem": 0.0, "iluminacao": 1.0, "compriment": 112.26537966647115 }, "geometry": { "type": "MultiLineString", "coordinates": [ [ [ -52.174148199023577, -32.06181017306767 ], [ -52.174189160154619, -32.061744789610891 ] ], [ [ -52.174212880741557, -32.061706926057532 ], [ -52.174315525314903, -32.061543081533372 ] ], [ [ -52.174341186458236, -32.061502120402338 ], [ -52.174393965809813, -32.061417872327041 ] ], [ [ -52.174418169888249, -32.06137923700922 ], [ -52.174697159771327, -32.060933904507472 ] ] ] } },
{ "type": "Feature", "properties": { "tipo": "rua", "nome": "PROFESSORA SUELLY COSTA LOPES DO VALLE ZOGBI", "drenagem": 0.0, "iluminacao": 1.0, "compriment": 123.52579988151682 }, "geometry": { "type": "MultiLineString", "coordinates": [ [ [ -52.164569370645374, -32.056873512594848 ], [ -52.164352069072194, -32.057423278047438 ] ], [ [ -52.164310324372543, -32.057528890691486 ], [ -52.164277943588438, -32.057610812953563 ] ] ] } },
{ "type": "Feature", "properties": { "tipo": "rua", "nome": "SATURNINO DE BRITTO", "drenagem": 1.0, "iluminacao": 1.0, "compriment": 96.331331907368067 }, "geometry": { "type": "LineString", "coordinates": [ [ -52.151724946613854, -32.050319731628498 ], [ -52.1513747146656, -32.051046357636807 ] ] } },
{ "type": "Feature", "properties": { "tipo": "rua", "nome": "SATURNINO DE BRITTO", "drenagem": 1.0, "iluminacao": 1.0, "compriment": 113.44570444706771 }, "geometry": { "type": "LineString", "coordinates": [ [ -52.1513747146656, -32.051046357636807 ], [ -52.150958778611582, -32.051876254608004 ] ] } },
{ "type": "Feature", "properties": { "tipo": "rua", "nome": "ANTONIO JOAO", "drenagem": 0.0, "iluminacao": 1.0, "compriment": 112.57102436058619 }, "geometry": { "type": "MultiLineString", "coordinates": [ [ [ -52.160259617674242, -32.056569953009365 ], [ -52.159966116445048, -32.057119279381091 ] ], [ [ -52.159852764290726, -32.057331432930951 ], [ -52.159834804974189, -32.057365046167327 ] ] ] } },
{ "type": "Feature", "properties": { "tipo": "rua", "nome": "ANTONIO JOAO", "drenagem": 0.0, "iluminacao": 1.0, "compriment": 109.6977543130867 }, "geometry": { "type": "MultiLineString", "coordinates": [ [ [ -52.159712446092712, -32.057602095551118 ], [ -52.159647360345836, -32.057733696346681 ] ], [ [ -52.159485295319072, -32.058061385395 ], [ -52.159484114111365, -32.058063773750085 ] ], [ [ -52.159404943163921, -32.05822385426184 ], [ -52.159402191849288, -32.05822941731077 ] ], [ [ -52.159363746549005, -32.058307152181243 ], [ -52.159338885090158, -32.058357421063754 ] ] ] } },
{ "type": "Feature", "properties": { "tipo": "rua", "nome": "ANTONIO JOAO", "drenagem": 0.0, "iluminacao": 1.0, "compriment": 111.76077336521406 }, "geometry": { "type": "MultiLineString", "coordinates": [ [ [ -52.159279308456163, -32.058473149564243 ], [ -52.159258768696589, -32.058511957836437 ] ], [ [ -52.159238347325129, -32.058550542423525 ], [ -52.159215410322922, -32.05859388009852 ] ] ] } },
{ "type": "Feature", "properties": { "tipo": "rua", "nome": "FELIPE CAMARAO", "drenagem": 0.0, "iluminacao": 1.0, "compriment": 111.70807075824536 }, "geometry": { "type": "MultiLineString", "coordinates": [ [ [ -52.1580878958992, -32.055769484259315 ], [ -52.157980156105694, -32.055972367711973 ] ], [ [ -52.157784387088164, -32.056341017891334 ], [ -52.157722785476658, -32.056457019112649 ] ], [ [ -52.157719130748987, -32.056463901284452 ], [ -52.157675626522867, -32.056545823546536 ] ], [ [ -52.15765387440981, -32.05658678467757 ], [ -52.157632122296747, -32.056627745808612 ] ] ] } },
{ "type": "Feature", "properties": { "tipo": "rua", "nome": "FELIPE CAMARAO", "drenagem": 0.0, "iluminacao": 1.0, "compriment": 111.54888910942958 }, "geometry": { "type": "MultiLineString", "coordinates": [ [ [ -52.157526062023429, -32.056832551463813 ], [ -52.157517979821456, -32.056848323382134 ] ], [ [ -52.15721841453572, -32.057432906548115 ], [ -52.157190290773144, -32.057487788334981 ] ] ] } },
{ "type": "Feature", "properties": { "tipo": "rua", "nome": "TEIXEIRA DE FREITAS", "drenagem": 1.0, "iluminacao": 1.0, "compriment": 114.04367168735786 }, "geometry": { "type": "MultiLineString", "coordinates": [ [ [ -52.154200128207243, -32.055752526162713 ], [ -52.154192209912765, -32.055767562056779 ] ], [ [ -52.154170638711449, -32.055808523187821 ], [ -52.154019640302238, -32.056095251105098 ] ], [ [ -52.153998069100922, -32.056136212236133 ], [ -52.153969769428521, -32.056189949928935 ] ], [ [ -52.153913400289966, -32.056296988180407 ], [ -52.153911784295659, -32.056300056760293 ] ] ] } },
{ "type": "Feature", "properties": { "tipo": "rua", "nome": "DOS TAPES", "drenagem": 0.0, "iluminacao": 1.0, "compriment": 155.49497263876393 }, "geometry": { "type": "MultiLineString", "coordinates": [ [ [ -52.156114677116427, -32.05724136840729 ], [ -52.156158508903737, -32.057365046167327 ] ], [ [ -52.156166262497152, -32.057386924058349 ], [ -52.156200946922844, -32.057484791207777 ] ], [ [ -52.15620420136446, -32.057493974087905 ], [ -52.156231092672357, -32.057569851822528 ] ], [ [ -52.156248184759228, -32.057618079630437 ], [ -52.156274642933532, -32.057692735215646 ] ] ] } },
{ "type": "Feature", "properties": { "tipo": "rua", "nome": "ALBERTO DE OLIVEIRA", "drenagem": 0.0, "iluminacao": 1.0, "compriment": 51.933390407168005 }, "geometry": { "type": "LineString", "coordinates": [ [ -52.15720876671876, -32.054904330117253 ], [ -52.156984426453, -32.055331929481476 ] ] } },
{ "type": "Feature", "properties": { "tipo": "rua", "nome": "BERNARDO TAVEIRA", "drenagem": 1.0, "iluminacao": 1.0, "compriment": 110.1357018578444 }, "geometry": { "type": "MultiLineString", "coordinates": [ [ [ -52.155142234221159, -32.055766207144799 ], [ -52.155145810284139, -32.055767562056779 ] ], [ [ -52.155224156483236, -32.055797246154718 ], [ -52.155253920321172, -32.055808523187821 ] ], [ [ -52.155347039876354, -32.055843804669607 ], [ -52.155362030358184, -32.055849484318856 ] ] ] } },
{ "type": "Feature", "properties": { "tipo": "rua", "nome": "BERNARDO TAVEIRA", "drenagem": 1.0, "iluminacao": 1.0, "compriment": 114.7837299210301 }, "geometry": { "type": "MultiLineString", "coordinates": [ [ [ -52.155469923269472, -32.055890089695112 ], [ -52.155470875057262, -32.055890445449897 ] ], [ [ -52.155551845531555, -32.05592071021497 ], [ -52.15558046263213, -32.055931406580939 ] ], [ [ -52.155674728924673, -32.055966640994754 ], [ -52.155690050206978, -32.055972367711973 ] ], [ [ -52.155756651186749, -32.055997261514605 ], [ -52.155799637781847, -32.056013328843015 ] ], [ [ -52.155879534579874, -32.056043192294396 ], [ -52.155909225356716, -32.056054289974057 ] ], [ [ -52.156002417972992, -32.05608912307418 ], [ -52.156018812931585, -32.056095251105098 ] ], [ [ -52.156084340235068, -32.056119743594031 ], [ -52.156128400506432, -32.056136212236133 ] ], [ [ -52.156207223628186, -32.056165674373815 ], [ -52.156248184759228, -32.056180984633748 ] ], [ [ -52.156330107021311, -32.056211605153607 ], [ -52.156371068152346, -32.056226915413532 ] ], [ [ -52.156412029283388, -32.056242225673458 ], [ -52.156457163231039, -32.056259095629258 ] ] ] } },
{ "type": "Feature", "properties": { "tipo": "rua", "nome": "CRISTOVAO PEREIRA", "drenagem": 1.0, "iluminacao": 1.0, "compriment": 108.57067947307148 }, "geometry": { "type": "LineString", "coordinates": [ [ -52.153165907923885, -32.052827230745052 ], [ -52.154225592777792, -32.053206906723346 ] ] } },
{ "type": "Feature", "properties": { "tipo": "rua", "nome": "CRISTOVAO PEREIRA", "drenagem": 1.0, "iluminacao": 1.0, "compriment": 112.60682840662135 }, "geometry": { "type": "LineString", "coordinates": [ [ -52.154225592777792, -32.053206906723346 ], [ -52.155333166600634, -32.053583047549886 ] ] } },
{ "type": "Feature", "properties": { "tipo": "rua", "nome": "CRISTOVAO PEREIRA", "drenagem": 1.0, "iluminacao": 1.0, "compriment": 110.17380292750195 }, "geometry": { "type": "LineString", "coordinates": [ [ -52.156390175126013, -32.054020815732258 ], [ -52.157462692325325, -32.054411774783588 ] ] } },
{ "type": "Feature", "properties": { "tipo": "rua", "nome": "CRISTOVAO PEREIRA", "drenagem": 1.0, "iluminacao": 1.0, "compriment": 50.154179280147645 }, "geometry": { "type": "LineString", "coordinates": [ [ -52.159697804568339, -32.055243317701638 ], [ -52.160191259267705, -32.055410548825165 ] ] } },
{ "type": "Feature", "properties": { "tipo": "rua", "nome": "JURAI XAVIER DA SILVA", "drenagem": 0.0, "iluminacao": 1.0, "compriment": 101.39592101562386 }, "geometry": { "type": "LineString", "coordinates": [ [ -52.17378529401099, -32.060495067713724 ], [ -52.174025239698793, -32.060109441946985 ] ] } },
{ "type": "Feature", "properties": { "tipo": "rua", "nome": "TORQUATO PONTES", "drenagem": 0.0, "iluminacao": 1.0, "compriment": 85.37203942767205 }, "geometry": { "type": "LineString", "coordinates": [ [ -52.167470893547893, -32.061092509091942 ], [ -52.167838497796581, -32.060507145546346 ] ] } },
{ "type": "Feature", "properties": { "tipo": "rua", "nome": "JOAQUIM GONCALVES LEDO", "drenagem": 0.0, "iluminacao": 1.0, "compriment": 92.546267817287415 }, "geometry": { "type": "LineString", "coordinates": [ [ -52.197987577288679, -32.081171062912873 ], [ -52.198522581584001, -32.081450191218671 ] ] } },
{ "type": "Feature", "properties": { "tipo": "rua", "nome": "JULIO DE CASTILHOS", "drenagem": 1.0, "iluminacao": 1.0, "compriment": 49.28 }, "geometry": { "type": "MultiLineString", "coordinates": [ [ [ -52.095611807353244, -32.032419717364149 ], [ -52.095612334185965, -32.032460678495191 ] ], [ [ -52.095612861018679, -32.032501639626233 ], [ -52.095613002063452, -32.032512605827144 ] ] ] } },
{ "type": "Feature", "properties": { "tipo": "rua", "nome": "ILHA DA TRINDADE", "drenagem": 0.0, "iluminacao": 1.0, "compriment": 65.695533139810649 }, "geometry": { "type": "LineString", "coordinates": [ [ -52.130218209358517, -32.047207986773252 ], [ -52.130852016042951, -32.047452098861271 ] ] } },
{ "type": "Feature", "properties": { "tipo": "travessa", "nome": "PRESIDENTE KENNEDY", "drenagem": 1.0, "iluminacao": 1.0, "compriment": 112.74500730709813 }, "geometry": { "type": "LineString", "coordinates": [ [ -52.105494057934116, -32.032351358925155 ], [ -52.1053035798938, -32.033355080706549 ] ] } },
{ "type": "Feature", "properties": { "tipo": "rua", "nome": "VALPORTO", "drenagem": 1.0, "iluminacao": 1.0, "compriment": 73.543737516640647 }, "geometry": { "type": "LineString", "coordinates": [ [ -52.097141272668949, -32.041382152866696 ], [ -52.097182233799984, -32.041374830961523 ] ] } },
{ "type": "Feature", "properties": { "tipo": "rua", "nome": "VALPORTO", "drenagem": 1.0, "iluminacao": 1.0, "compriment": 119.0000756739871 }, "geometry": { "type": "LineString", "coordinates": [ [ -52.10114668130781, -32.04065290470313 ], [ -52.101196424641877, -32.040643886209267 ] ] } },
{ "type": "Feature", "properties": { "tipo": "rua", "nome": "MARECHAL ANDREA", "drenagem": 0.0, "iluminacao": 1.0, "compriment": 14.320646388248511 }, "geometry": { "type": "LineString", "coordinates": [ [ -52.088170784971254, -32.031661228033791 ], [ -52.088211746102289, -32.031662710736342 ] ] } },
{ "type": "Feature", "properties": { "tipo": "rua", "nome": "RICARDO RICAMAN", "drenagem": 0.0, "iluminacao": 1.0, "compriment": 60.109679656708195 }, "geometry": { "type": "MultiLineString", "coordinates": [ [ [ -52.163621188346376, -32.057210764215398 ], [ -52.163592365686803, -32.05728312390525 ] ], [ [ -52.163498304953258, -32.057519264691926 ], [ -52.163473143660639, -32.057582432468834 ] ] ] } },
{ "type": "Feature", "properties": { "tipo": "rua", "nome": "SOLDADO BOMBEIRO ANTONIO SILVEIRA DE AZEVEDO", "drenagem": 1.0, "iluminacao": 1.0, "compriment": 198.56663816196695 }, "geometry": { "type": "LineString", "coordinates": [ [ -52.082889689025706, -32.041021554882484 ], [ -52.082926281483594, -32.041164274137756 ] ] } },
{ "type": "Feature", "properties": { "tipo": "rua", "nome": "PROFESSOR ANTENOR MONTEIRO", "drenagem": 1.0, "iluminacao": 1.0, "compriment": 128.00781698620941 }, "geometry": { "type": "LineString", "coordinates": [ [ -52.084416964428428, -32.037854018655977 ], [ -52.084715243685665, -32.03898010548032 ] ] } },
{ "type": "Feature", "properties": { "tipo": "rua", "nome": "PROFESSOR ANTENOR MONTEIRO", "drenagem": 1.0, "iluminacao": 1.0, "compriment": 199.30628303744979 }, "geometry": { "type": "LineString", "coordinates": [ [ -52.084715243685665, -32.03898010548032 ], [ -52.08515870119426, -32.040737339656864 ] ] } },
{ "type": "Feature", "properties": { "tipo": "rua", "nome": "PROFESSOR ANTENOR MONTEIRO", "drenagem": 1.0, "iluminacao": 1.0, "compriment": 191.51691739370233 }, "geometry": { "type": "MultiLineString", "coordinates": [ [ [ -52.085194983481429, -32.040791762077305 ], [ -52.085426389191589, -32.041747160227892 ] ], [ [ -52.085429221825144, -32.041758855241198 ], [ -52.085604680816047, -32.042483267768858 ] ] ] } },
{ "type": "Feature", "properties": { "tipo": "rua", "nome": "DEPUTADO FERNANDO FERRARI", "drenagem": 1.0, "iluminacao": 1.0, "compriment": 144.70316919111829 }, "geometry": { "type": "LineString", "coordinates": [ [ -52.084847524671837, -32.036439127903279 ], [ -52.085161365834807, -32.037716406701755 ] ] } },
{ "type": "Feature", "properties": { "tipo": "rua", "nome": "EDGAR FONTOURA", "drenagem": 1.0, "iluminacao": 1.0, "compriment": 73.030766250342538 }, "geometry": { "type": "LineString", "coordinates": [ [ -52.083132565853369, -32.038099142590852 ], [ -52.083677532580147, -32.03799833805428 ] ] } },
{ "type": "Feature", "properties": { "tipo": "rua", "nome": "EDGAR FONTOURA", "drenagem": 1.0, "iluminacao": 1.0, "compriment": 71.652441432318383 }, "geometry": { "type": "LineString", "coordinates": [ [ -52.083677532580147, -32.03799833805428 ], [ -52.084416964428428, -32.037854018655977 ] ] } },
{ "type": "Feature", "properties": { "tipo": "rua", "nome": "EDGAR FONTOURA", "drenagem": 1.0, "iluminacao": 1.0, "compriment": 47.146324465844295 }, "geometry": { "type": "LineString", "coordinates": [ [ -52.084416964428428, -32.037854018655977 ], [ -52.08490475339859, -32.037763845266909 ] ] } },
{ "type": "Feature", "properties": { "tipo": "rua", "nome": "EDGAR FONTOURA", "drenagem": 1.0, "iluminacao": 1.0, "compriment": 24.802428638012984 }, "geometry": { "type": "LineString", "coordinates": [ [ -52.08490475339859, -32.037763845266909 ], [ -52.085161365834807, -32.037716406701755 ] ] } },
{ "type": "Feature", "properties": { "tipo": "travessa", "nome": "VEREADOR JOSE ROMEU", "drenagem": 1.0, "iluminacao": 1.0, "compriment": 119.29559227755911 }, "geometry": { "type": "MultiLineString", "coordinates": [ [ [ -52.084412782436885, -32.035860452371487 ], [ -52.084443322046639, -32.036014372155783 ] ], [ [ -52.084463552641751, -32.036116334455279 ], [ -52.08448428317768, -32.036220816458965 ] ], [ [ -52.084502181643032, -32.036311024812925 ], [ -52.084537733648752, -32.036490207097714 ] ] ] } },
{ "type": "Feature", "properties": { "tipo": "rua", "nome": "MONTEIRO LOBATO", "drenagem": 1.0, "iluminacao": 1.0, "compriment": 43.792070455798715 }, "geometry": { "type": "LineString", "coordinates": [ [ -52.08408470680483, -32.036574168099982 ], [ -52.084537733648752, -32.036490207097714 ] ] } },
{ "type": "Feature", "properties": { "tipo": "rua", "nome": "ALIPIO CADAVAL", "drenagem": 0.0, "iluminacao": 1.0, "compriment": 51.523292450150137 }, "geometry": { "type": "MultiLineString", "coordinates": [ [ [ -52.079638031668154, -32.045061421818062 ], [ -52.079661956317466, -32.04511766798646 ] ], [ [ -52.079679379383307, -32.045158629117495 ], [ -52.079811177592184, -32.045468482948785 ] ] ] } },
{ "type": "Feature", "properties": { "tipo": "rua", "nome": "ALIPIO CADAVAL", "drenagem": 1.0, "iluminacao": 1.0, "compriment": 169.10979060233632 }, "geometry": { "type": "MultiLineString", "coordinates": [ [ [ -52.080157563336222, -32.046263953291664 ], [ -52.080429131204752, -32.046942433992754 ] ], [ [ -52.080452924997758, -32.047001880014285 ], [ -52.080470092335787, -32.047044770609567 ] ] ] } },
{ "type": "Feature", "properties": { "tipo": "rua", "nome": "DOS TUPIS", "drenagem": 1.0, "iluminacao": 1.0, "compriment": 62.358410345799768 }, "geometry": { "type": "LineString", "coordinates": [ [ -52.080157563336222, -32.046263953291664 ], [ -52.080306247811627, -32.046229258656901 ] ] } },
{ "type": "Feature", "properties": { "tipo": "rua", "nome": "LINO NEVES", "drenagem": 0.0, "iluminacao": 1.0, "compriment": 38.463830561336081 }, "geometry": { "type": "LineString", "coordinates": [ [ -52.100541046545239, -32.043274414840845 ], [ -52.100550829147735, -32.043315378220711 ] ] } },
{ "type": "Feature", "properties": { "tipo": "rua", "nome": "FIRMEZA", "drenagem": 0.0, "iluminacao": 1.0, "compriment": 140.65239920801113 }, "geometry": { "type": "LineString", "coordinates": [ [ -52.101558674639421, -32.041456766920128 ], [ -52.10164912868953, -32.04144314534706 ] ] } },
{ "type": "Feature", "properties": { "tipo": "rua", "nome": "ILHA DA TRINDADE", "drenagem": 0.0, "iluminacao": 1.0, "compriment": 67.867765731107554 }, "geometry": { "type": "LineString", "coordinates": [ [ -52.131550457072912, -32.047663681034955 ], [ -52.131712467266453, -32.047734267354699 ] ] } },
{ "type": "Feature", "properties": { "tipo": "rua", "nome": "GUATEMALA", "drenagem": 0.0, "iluminacao": 1.0, "compriment": 74.216726590420194 }, "geometry": { "type": "LineString", "coordinates": [ [ -52.133174649324523, -32.051080051742098 ], [ -52.133208390253515, -32.051094626301797 ] ] } },
{ "type": "Feature", "properties": { "tipo": "rua", "nome": "HONORATO CARVALHO", "drenagem": 0.0, "iluminacao": 1.0, "compriment": 71.418247972594415 }, "geometry": { "type": "LineString", "coordinates": [ [ -52.142000038573755, -32.049588413741674 ], [ -52.142671510031995, -32.049884653892271 ] ] } },
{ "type": "Feature", "properties": { "tipo": "avenida", "nome": "URUGUAI", "drenagem": 1.0, "iluminacao": 1.0, "compriment": 58.164899382658213 }, "geometry": { "type": "LineString", "coordinates": [ [ -52.137097415662787, -32.051521139077622 ], [ -52.137645705609501, -32.051760064600977 ] ] } },
{ "type": "Feature", "properties": { "tipo": "rua", "nome": "HONORIO AIKIM", "drenagem": 0.0, "iluminacao": 1.0, "compriment": 82.527702881652829 }, "geometry": { "type": "MultiLineString", "coordinates": [ [ [ -52.181956354097984, -32.06645841725814 ], [ -52.182012736183196, -32.066360438772421 ] ], [ [ -52.182050639040796, -32.06629457273398 ], [ -52.182091645151282, -32.066223313989369 ] ] ] } },
{ "type": "Feature", "properties": { "tipo": "rua", "nome": "G", "drenagem": 0.0, "iluminacao": 1.0, "compriment": 91.354784844891796 }, "geometry": { "type": "MultiLineString", "coordinates": [ [ [ -52.173984354499417, -32.06421816143795 ], [ -52.173962727775205, -32.064246516181996 ] ], [ [ -52.173820509975258, -32.064432977583991 ], [ -52.173806518450441, -32.064451321837197 ] ], [ [ -52.173779548844216, -32.064486681620501 ], [ -52.173775276585495, -32.064492282968232 ] ] ] } },
{ "type": "Feature", "properties": { "tipo": "rua", "nome": "LILI FERREIRA", "drenagem": 0.0, "iluminacao": 1.0, "compriment": 160.47464254665138 }, "geometry": { "type": "LineString", "coordinates": [ [ -52.177837074449322, -32.064934023461994 ], [ -52.177593881903064, -32.065352466720064 ] ] } },
{ "type": "Feature", "properties": { "tipo": "rua", "nome": "APARICIO TORELLY", "drenagem": 0.0, "iluminacao": 1.0, "compriment": 248.17128120027942 }, "geometry": { "type": "LineString", "coordinates": [ [ -52.166765103042231, -32.060135247671198 ], [ -52.166924257359717, -32.059863675160749 ] ] } },
{ "type": "Feature", "properties": { "tipo": "avenida", "nome": "DOM PEDRO II", "drenagem": 1.0, "iluminacao": 1.0, "compriment": 99.745822496608554 }, "geometry": { "type": "LineString", "coordinates": [ [ -52.086163689550304, -32.035082072628683 ], [ -52.0852970389682, -32.03525205653002 ] ] } },
{ "type": "Feature", "properties": { "tipo": "avenida", "nome": "DOM PEDRO II", "drenagem": 1.0, "iluminacao": 1.0, "compriment": 37.652041557739686 }, "geometry": { "type": "LineString", "coordinates": [ [ -52.0852970389682, -32.03525205653002 ], [ -52.084934855619117, -32.03531829933241 ] ] } },
{ "type": "Feature", "properties": { "tipo": "rua", "nome": "QUINTINO BOCAIUVA", "drenagem": 1.0, "iluminacao": 1.0, "compriment": 114.47414676500487 }, "geometry": { "type": "MultiLineString", "coordinates": [ [ [ -52.152689792019686, -32.053739624072691 ], [ -52.152598494742243, -32.053924311159989 ] ], [ [ -52.152578246224607, -32.05396527229103 ], [ -52.152557997706964, -32.054006233422072 ] ], [ [ -52.152537749189321, -32.054047194553114 ], [ -52.152516443110237, -32.054090295046336 ] ], [ [ -52.152381960893877, -32.054362341809721 ], [ -52.152355512530576, -32.054415844732468 ] ], [ [ -52.152335264012933, -32.054456805863509 ], [ -52.152315916179418, -32.054495944982634 ] ] ] } },
{ "type": "Feature", "properties": { "tipo": "rua", "nome": "PROFESSOR MANO", "drenagem": 0.0, "iluminacao": 1.0, "compriment": 219.39180497211353 }, "geometry": { "type": "LineString", "coordinates": [ [ -52.166314790358456, -32.05752011732924 ], [ -52.165538418711627, -32.058675802360597 ] ] } },
{ "type": "Feature", "properties": { "tipo": "avenida", "nome": "URUGUAI", "drenagem": 1.0, "iluminacao": 1.0, "compriment": 52.818528984947086 }, "geometry": { "type": "MultiLineString", "coordinates": [ [ [ -52.132008429993348, -32.049346412873128 ], [ -52.132384518585432, -32.049508123694046 ] ], [ [ -52.132449767625168, -32.049536179519194 ], [ -52.132462071944971, -32.049541470138742 ] ] ] } },
{ "type": "Feature", "properties": { "tipo": "rua", "nome": "DOM BOSCO", "drenagem": 1.0, "iluminacao": 1.0, "compriment": 119.50536591921542 }, "geometry": { "type": "MultiLineString", "coordinates": [ [ [ -52.107207567011734, -32.038809653806346 ], [ -52.107217710904713, -32.038813814745055 ] ], [ [ -52.107307425567427, -32.038850614937381 ], [ -52.107340594297831, -32.038864220468753 ] ], [ [ -52.107407284123141, -32.038891576068423 ], [ -52.107422516559907, -32.038897824284554 ] ], [ [ -52.107507142678855, -32.038932537199464 ], [ -52.107545399953025, -32.038948230008252 ] ], [ [ -52.107607001234548, -32.038973498330499 ], [ -52.107627322215109, -32.038981833824053 ] ], [ [ -52.107706859790262, -32.039014459461541 ], [ -52.107709244477185, -32.039015437639854 ] ], [ [ -52.107791166739268, -32.039049041455655 ], [ -52.10783212787031, -32.039065843363552 ] ], [ [ -52.107873089001345, -32.039082645271456 ], [ -52.107914050132386, -32.039099447179353 ] ], [ [ -52.107995972394463, -32.039133050995154 ], [ -52.108006435457384, -32.039137342854659 ] ], [ [ -52.108077894656546, -32.039166654810955 ], [ -52.108118855787588, -32.03918345671886 ] ], [ [ -52.108159816918622, -32.039200258626757 ], [ -52.108206152568812, -32.039219265116742 ] ], [ [ -52.108241739180706, -32.039233862442558 ], [ -52.108306011124526, -32.039260226247784 ] ] ] } },
{ "type": "Feature", "properties": { "tipo": "rua", "nome": "CORDILHEIRA DOS ANDES", "drenagem": 1.0, "iluminacao": 0.0, "compriment": 118.46521606633762 }, "geometry": { "type": "MultiLineString", "coordinates": [ [ [ -52.136373459281195, -32.049190975512339 ], [ -52.137447025612005, -32.049674339203918 ] ], [ [ -52.137472394511889, -32.049685761325449 ], [ -52.137482404592603, -32.049690268275256 ] ] ] } },
{ "type": "Feature", "properties": { "tipo": "rua", "nome": "GUATEMALA", "drenagem": 0.0, "iluminacao": 1.0, "compriment": 70.446128273406686 }, "geometry": { "type": "LineString", "coordinates": [ [ -52.135071280011708, -32.05189424723438 ], [ -52.135215720383243, -32.051956146926571 ] ] } },
{ "type": "Feature", "properties": { "tipo": "rua", "nome": "RAUL BARLEM", "drenagem": 1.0, "iluminacao": 1.0, "compriment": 88.728327825516331 }, "geometry": { "type": "LineString", "coordinates": [ [ -52.110838379214684, -32.046564117273874 ], [ -52.110302110038141, -32.047221112090881 ] ] } },
{ "type": "Feature", "properties": { "tipo": "rua", "nome": "VETERANO SPORT CLUBE RIO GRANDE", "drenagem": 1.0, "iluminacao": 1.0, "compriment": 88.10320618342783 }, "geometry": { "type": "LineString", "coordinates": [ [ -52.112229101621359, -32.046349801389987 ], [ -52.111743039935646, -32.047027950739235 ] ] } },
{ "type": "Feature", "properties": { "tipo": "rua", "nome": "VETERANO SPORT CLUBE RIO GRANDE", "drenagem": 1.0, "iluminacao": 1.0, "compriment": 88.644869665843061 }, "geometry": { "type": "LineString", "coordinates": [ [ -52.111743039935646, -32.047027950739235 ], [ -52.11125122314931, -32.047708827047941 ] ] } },
{ "type": "Feature", "properties": { "tipo": "rua", "nome": "SETE DE SETEMBRO", "drenagem": 1.0, "iluminacao": 1.0, "compriment": 45.003474154781181 }, "geometry": { "type": "LineString", "coordinates": [ [ -52.092035320632284, -32.032676909776981 ], [ -52.092135807211825, -32.033073628441677 ] ] } },
{ "type": "Feature", "properties": { "tipo": "rua", "nome": "SETE DE SETEMBRO", "drenagem": 1.0, "iluminacao": 1.0, "compriment": 89.688322296673419 }, "geometry": { "type": "MultiLineString", "coordinates": [ [ [ -52.092135807211825, -32.033073628441677 ], [ -52.092225936944182, -32.033399672921306 ] ], [ [ -52.092226797092387, -32.0334027845091 ], [ -52.092307859206258, -32.033696026861463 ] ], [ [ -52.092317381439209, -32.033730473557419 ], [ -52.092353440878384, -32.033860918647783 ] ] ] } },
{ "type": "Feature", "properties": { "tipo": "rua", "nome": "MARIO RIBEIRO", "drenagem": 0.0, "iluminacao": 1.0, "compriment": 106.87628653953107 }, "geometry": { "type": "MultiLineString", "coordinates": [ [ [ -52.098928141906185, -32.038954573941126 ], [ -52.099148368089892, -32.039786396566427 ] ], [ [ -52.099150042479479, -32.039792720951297 ], [ -52.099177065143664, -32.039894789030051 ] ] ] } },
{ "type": "Feature", "properties": { "tipo": "rua", "nome": "GUATEMALA", "drenagem": 0.0, "iluminacao": 1.0, "compriment": 64.663686761476313 }, "geometry": { "type": "LineString", "coordinates": [ [ -52.128993348453903, -32.049304088105899 ], [ -52.129616526289219, -32.049545657908219 ] ] } },
{ "type": "Feature", "properties": { "tipo": "rua", "nome": "GUATEMALA", "drenagem": 0.0, "iluminacao": 1.0, "compriment": 68.320474820099733 }, "geometry": { "type": "LineString", "coordinates": [ [ -52.129616526289219, -32.049545657908219 ], [ -52.130263127074485, -32.049821940608993 ] ] } },
{ "type": "Feature", "properties": { "tipo": "rua", "nome": "GUATEMALA", "drenagem": 0.0, "iluminacao": 1.0, "compriment": 69.608921145706105 }, "geometry": { "type": "LineString", "coordinates": [ [ -52.130263127074485, -32.049821940608993 ], [ -52.130919484550844, -32.050107537451808 ] ] } },
{ "type": "Feature", "properties": { "tipo": "rua", "nome": "DOM BOSCO", "drenagem": 1.0, "iluminacao": 1.0, "compriment": 59.896765334649963 }, "geometry": { "type": "LineString", "coordinates": [ [ -52.126851586620468, -32.047157058010178 ], [ -52.127418794365731, -32.047398688145513 ] ] } },
{ "type": "Feature", "properties": { "tipo": "rua", "nome": "DOM BOSCO", "drenagem": 1.0, "iluminacao": 1.0, "compriment": 59.725145534392603 }, "geometry": { "type": "LineString", "coordinates": [ [ -52.127418794365731, -32.047398688145513 ], [ -52.127983431611575, -32.047641231488292 ] ] } },
{ "type": "Feature", "properties": { "tipo": "rua", "nome": "DOUTOR AUGUSTO DUPRAT", "drenagem": 0.0, "iluminacao": 1.0, "compriment": 59.277889992381006 }, "geometry": { "type": "LineString", "coordinates": [ [ -52.127222783948696, -32.045316078602617 ], [ -52.127785447858507, -32.04555293723061 ] ] } },
{ "type": "Feature", "properties": { "tipo": "rua", "nome": "HONORATO CARVALHO", "drenagem": 0.0, "iluminacao": 1.0, "compriment": 76.060381245800457 }, "geometry": { "type": "LineString", "coordinates": [ [ -52.142866085716477, -32.049969193254057 ], [ -52.14359197391947, -32.050266314990751 ] ] } },
{ "type": "Feature", "properties": { "tipo": "rua", "nome": "DOUTOR ANTONIO MARIA DA COSTA FREITAS", "drenagem": 0.0, "iluminacao": 1.0, "compriment": 73.803421536376391 }, "geometry": { "type": "LineString", "coordinates": [ [ -52.143248924859037, -32.04924027564504 ], [ -52.143975729848947, -32.049484818713559 ] ] } },
{ "type": "Feature", "properties": { "tipo": "rua", "nome": "MINAS GERAIS", "drenagem": 0.0, "iluminacao": 1.0, "compriment": 93.795964962815276 }, "geometry": { "type": "MultiLineString", "coordinates": [ [ [ -52.119734973148425, -32.047452452455722 ], [ -52.119710855871816, -32.047493475460236 ] ], [ [ -52.11959048773992, -32.047698219241958 ], [ -52.119587972478698, -32.047702497650931 ] ], [ [ -52.119557428487205, -32.047754452368743 ], [ -52.11946508908558, -32.04791151984162 ] ], [ [ -52.119446002331422, -32.047943986028194 ], [ -52.119424127954538, -32.047981193905187 ] ], [ [ -52.119421921430003, -32.047984947159236 ], [ -52.119383166823503, -32.04805086796874 ] ], [ [ -52.119373759627166, -32.048066869421312 ], [ -52.119322989563159, -32.048153228283411 ] ] ] } },
{ "type": "Feature", "properties": { "tipo": "avenida", "nome": "URUGUAI", "drenagem": 1.0, "iluminacao": 0.0, "compriment": 29.690808167784198 }, "geometry": { "type": "LineString", "coordinates": [ [ -52.135106916553703, -32.050676668156804 ], [ -52.135399805167815, -32.050773975770127 ] ] } },
{ "type": "Feature", "properties": { "tipo": "rua", "nome": "GUATEMALA", "drenagem": 0.0, "iluminacao": 1.0, "compriment": 54.637514042839648 }, "geometry": { "type": "MultiLineString", "coordinates": [ [ [ -52.131424719723753, -32.050321955002687 ], [ -52.13146670048021, -32.050340234105306 ] ], [ [ -52.131513686910509, -32.05036069275954 ], [ -52.131663066056504, -32.050425734863794 ] ], [ [ -52.131701833922151, -32.050442615021616 ], [ -52.13179438952853, -32.050482915234603 ] ], [ [ -52.131795907427978, -32.050483576152658 ], [ -52.131939839017399, -32.050546246302382 ] ] ] } },
{ "type": "Feature", "properties": { "tipo": "rua", "nome": "GUATEMALA", "drenagem": 0.0, "iluminacao": 1.0, "compriment": 63.073461161370254 }, "geometry": { "type": "MultiLineString", "coordinates": [ [ [ -52.131939839017399, -32.050546246302382 ], [ -52.132181705611593, -32.050647420676817 ] ], [ [ -52.132204000838925, -32.050656746915877 ], [ -52.13227962694112, -32.050688381807859 ] ], [ [ -52.132285923101009, -32.050691015532621 ], [ -52.13237754827064, -32.050729342938894 ] ], [ [ -52.132408806494126, -32.050742418457723 ], [ -52.132489284084023, -32.050776082758667 ] ] ] } },
{ "type": "Feature", "properties": { "tipo": "rua", "nome": "GENERAL GURJAO", "drenagem": 1.0, "iluminacao": 0.0, "compriment": 76.447695715369534 }, "geometry": { "type": "LineString", "coordinates": [ [ -52.10258437624384, -32.037562702736324 ], [ -52.102266649122662, -32.038127912226493 ] ] } },
{ "type": "Feature", "properties": { "tipo": "rua", "nome": "GAMAL ABDEL NASSER", "drenagem": 0.0, "iluminacao": 1.0, "compriment": 97.851709772046647 }, "geometry": { "type": "LineString", "coordinates": [ [ -52.143810503642456, -32.048107830552354 ], [ -52.143614256648512, -32.048490188092849 ] ] } },
{ "type": "Feature", "properties": { "tipo": "rua", "nome": "GAMAL ABDEL NASSER", "drenagem": 0.0, "iluminacao": 1.0, "compriment": 88.546214615771731 }, "geometry": { "type": "LineString", "coordinates": [ [ -52.143248924859037, -32.04924027564504 ], [ -52.142866085716477, -32.049969193254057 ] ] } },
{ "type": "Feature", "properties": { "tipo": "avenida", "nome": "DOM PEDRO II", "drenagem": 1.0, "iluminacao": 1.0, "compriment": 120.84174441089134 }, "geometry": { "type": "MultiLineString", "coordinates": [ [ [ -52.084410744137777, -32.035286996536932 ], [ -52.084443322046639, -32.035280565996665 ] ], [ [ -52.084618258271718, -32.035246035405891 ], [ -52.084891923788781, -32.035192016680064 ] ] ] } },
{ "type": "Feature", "properties": { "tipo": "avenida", "nome": "DOM PEDRO II", "drenagem": 1.0, "iluminacao": 1.0, "compriment": 142.55517072403055 }, "geometry": { "type": "LineString", "coordinates": [ [ -52.084891923788781, -32.035192016680064 ], [ -52.086204650681346, -32.034940026817452 ] ] } },
{ "type": "Feature", "properties": { "tipo": "rua", "nome": "DOUTOR MARCIANO ESPINDOLA", "drenagem": 1.0, "iluminacao": 1.0, "compriment": 72.64389507815703 }, "geometry": { "type": "MultiLineString", "coordinates": [ [ [ -52.083218734824555, -32.039266301638477 ], [ -52.083248333027498, -32.039260226247784 ] ], [ [ -52.083255449246487, -32.039258765557392 ], [ -52.083296410377528, -32.039250357787679 ] ], [ [ -52.08333737150857, -32.03924195001796 ], [ -52.083966433293504, -32.039112827445166 ] ] ] } },
{ "type": "Feature", "properties": { "tipo": "rua", "nome": "DOUTOR MARCIANO ESPINDOLA", "drenagem": 1.0, "iluminacao": 1.0, "compriment": 72.242421651957955 }, "geometry": { "type": "LineString", "coordinates": [ [ -52.083966433293504, -32.039112827445166 ], [ -52.084715243685665, -32.03898010548032 ] ] } },
{ "type": "Feature", "properties": { "tipo": "rua", "nome": "CINCO", "drenagem": 1.0, "iluminacao": 1.0, "compriment": 126.63307304061206 }, "geometry": { "type": "MultiLineString", "coordinates": [ [ [ -52.086114060231345, -32.038707600164237 ], [ -52.086087643331872, -32.038604848151145 ] ], [ [ -52.086081767288228, -32.038581992504753 ], [ -52.085827256852511, -32.037592040612559 ] ] ] } },
{ "type": "Feature", "properties": { "tipo": "rua", "nome": "CINCO", "drenagem": 1.0, "iluminacao": 1.0, "compriment": 147.43495444003148 }, "geometry": { "type": "LineString", "coordinates": [ [ -52.085731183278625, -32.037609984170743 ], [ -52.08557120927081, -32.036488952729414 ], [ -52.085542819486932, -32.036290110068009 ] ] } },
{ "type": "Feature", "properties": { "tipo": "avenida", "nome": "URUGUAI", "drenagem": 1.0, "iluminacao": 1.0, "compriment": 66.3 }, "geometry": { "type": "LineString", "coordinates": [ [ -52.129566533411705, -32.048318056040571 ], [ -52.130200579196575, -32.048575166549334 ] ] } },
{ "type": "Feature", "properties": { "tipo": "rua", "nome": "ANTONIO PEREIRA RODRIGUES", "drenagem": 0.0, "iluminacao": 1.0, "compriment": 98.193592975196879 }, "geometry": { "type": "LineString", "coordinates": [ [ -52.143135456650214, -32.047862063766118 ], [ -52.143042764140198, -32.048296029513189 ] ] } },
{ "type": "Feature", "properties": { "tipo": "avenida", "nome": "URUGUAI", "drenagem": 1.0, "iluminacao": 1.0, "compriment": 68.296849642263865 }, "geometry": { "type": "LineString", "coordinates": [ [ -52.130200579196575, -32.048575166549334 ], [ -52.13084520727574, -32.048854291983275 ] ] } },
{ "type": "Feature", "properties": { "tipo": "avenida", "nome": "URUGUAI", "drenagem": 1.0, "iluminacao": 1.0, "compriment": 54.477677359905222 }, "geometry": { "type": "LineString", "coordinates": [ [ -52.131500177456893, -32.049114075514836 ], [ -52.132008429993348, -32.049346412873128 ] ] } },
{ "type": "Feature", "properties": { "tipo": "rua", "nome": "ALMIRANTE TEIXEIRA", "drenagem": 0.0, "iluminacao": 1.0, "compriment": 91.449556386302447 }, "geometry": { "type": "LineString", "coordinates": [ [ -52.17160834789383, -32.060644843400937 ], [ -52.172454084354982, -32.061046615182434 ] ] } },
{ "type": "Feature", "properties": { "tipo": "rua", "nome": "ALMIRANTE TEIXEIRA", "drenagem": 0.0, "iluminacao": 1.0, "compriment": 85.986328468783057 }, "geometry": { "type": "LineString", "coordinates": [ [ -52.172454084354982, -32.061046615182434 ], [ -52.173253113463957, -32.061418503102033 ] ] } },
{ "type": "Feature", "properties": { "tipo": "rua", "nome": "ALMIRANTE TEIXEIRA", "drenagem": 0.0, "iluminacao": 1.0, "compriment": 95.01947385884263 }, "geometry": { "type": "LineString", "coordinates": [ [ -52.173253113463957, -32.061418503102033 ], [ -52.173997545685822, -32.061762465946799 ] ] } },
{ "type": "Feature", "properties": { "tipo": "avenida", "nome": "URUGUAI", "drenagem": 1.0, "iluminacao": 1.0, "compriment": 69.788732572411305 }, "geometry": { "type": "MultiLineString", "coordinates": [ [ [ -52.134456863046111, -32.050399675896578 ], [ -52.134497824177153, -32.050417129715591 ] ], [ [ -52.134538785308187, -32.050434583534596 ], [ -52.134579746439229, -32.050452037353608 ] ], [ [ -52.134653762611855, -32.050483576152658 ], [ -52.135106916553703, -32.050676668156804 ] ] ] } },
{ "type": "Feature", "properties": { "tipo": "rua", "nome": "CINCO", "drenagem": 1.0, "iluminacao": 1.0, "compriment": 5.7281547104975683 }, "geometry": { "type": "LineString", "coordinates": [ [ -52.085542819486932, -32.036290110068009 ], [ -52.085540397014682, -32.036238493920074 ] ] } },
{ "type": "Feature", "properties": { "tipo": "rua", "nome": "GENERAL BOEHM", "drenagem": 1.0, "iluminacao": 0.0, "compriment": 117.5475811664635 }, "geometry": { "type": "LineString", "coordinates": [ [ -52.1513747146656, -32.051046357636807 ], [ -52.15224042549638, -32.051361024680489 ] ] } },
{ "type": "Feature", "properties": { "tipo": "rua", "nome": "OITO", "drenagem": 1.0, "iluminacao": 1.0, "compriment": 59.659228495665857 }, "geometry": { "type": "LineString", "coordinates": [ [ -52.173478741724281, -32.063701218752762 ], [ -52.173581764420305, -32.063754982609517 ] ] } },
{ "type": "Feature", "properties": { "tipo": "rua", "nome": "OITO", "drenagem": 1.0, "iluminacao": 1.0, "compriment": 58.036650692827536 }, "geometry": { "type": "MultiLineString", "coordinates": [ [ [ -52.173615704320063, -32.063775141059878 ], [ -52.173656665451098, -32.063803352617427 ] ], [ [ -52.173724791619264, -32.063850273814808 ], [ -52.173764853470487, -32.063877866002642 ] ], [ [ -52.173820509975258, -32.063916198847657 ], [ -52.173824326055524, -32.063918827133676 ] ] ] } },
{ "type": "Feature", "properties": { "tipo": "rua", "nome": "BENTO MARTINS", "drenagem": 0.0, "iluminacao": 1.0, "compriment": 178.23037632560195 }, "geometry": { "type": "LineString", "coordinates": [ [ -52.084891923788781, -32.035192016680064 ], [ -52.085014361535336, -32.034303929391974 ] ] } },
{ "type": "Feature", "properties": { "tipo": "rua", "nome": "GENERAL NETTO", "drenagem": 1.0, "iluminacao": 1.0, "compriment": 99.4128844225948 }, "geometry": { "type": "LineString", "coordinates": [ [ -52.098650064417619, -32.035183425169279 ], [ -52.098846326401947, -32.036064220303835 ] ] } },
{ "type": "Feature", "properties": { "tipo": "rua", "nome": "GENERAL NETTO", "drenagem": 1.0, "iluminacao": 1.0, "compriment": 108.84515451932873 }, "geometry": { "type": "LineString", "coordinates": [ [ -52.098846326401947, -32.036064220303835 ], [ -52.099073019343152, -32.03702662143565 ] ] } },
{ "type": "Feature", "properties": { "tipo": "rua", "nome": "GENERAL NETTO", "drenagem": 1.0, "iluminacao": 1.0, "compriment": 110.60419968086401 }, "geometry": { "type": "LineString", "coordinates": [ [ -52.09927404267129, -32.037868133669356 ], [ -52.099484802497514, -32.038849290127729 ] ] } },
{ "type": "Feature", "properties": { "tipo": "rua", "nome": "ALMIRANTE GARNIER", "drenagem": 1.0, "iluminacao": 1.0, "compriment": 177.29 }, "geometry": { "type": "LineString", "coordinates": [ [ -52.083820634418068, -32.033845755667443 ], [ -52.083689230346792, -32.035041229750689 ] ] } },
{ "type": "Feature", "properties": { "tipo": "rua", "nome": "GENERAL BOEHM", "drenagem": 0.0, "iluminacao": 1.0, "compriment": 111.63124653103149 }, "geometry": { "type": "LineString", "coordinates": [ [ -52.155961456841951, -32.052763692938846 ], [ -52.156878616556178, -32.053088464319494 ] ] } },
{ "type": "Feature", "properties": { "tipo": "rua", "nome": "BASTOS GUERRA", "drenagem": 1.0, "iluminacao": 1.0, "compriment": 191.54585066369339 }, "geometry": { "type": "LineString", "coordinates": [ [ -52.084869087237465, -32.042629247483745 ], [ -52.084419057803764, -32.040944926693513 ] ] } },
{ "type": "Feature", "properties": { "tipo": "rua", "nome": "BASTOS GUERRA", "drenagem": 1.0, "iluminacao": 1.0, "compriment": 200.72003004446609 }, "geometry": { "type": "LineString", "coordinates": [ [ -52.084403906010117, -32.040884180245762 ], [ -52.083966433293504, -32.039112827445166 ] ] } },
{ "type": "Feature", "properties": { "tipo": "rua", "nome": "OITO DE JULHO", "drenagem": 1.0, "iluminacao": 1.0, "compriment": 71.33725062973771 }, "geometry": { "type": "LineString", "coordinates": [ [ -52.084869087237465, -32.042629247483745 ], [ -52.085604680816047, -32.042483267768858 ] ] } },
{ "type": "Feature", "properties": { "tipo": "rua", "nome": "ABDALA NADER", "drenagem": 1.0, "iluminacao": 1.0, "compriment": 128.20552170295372 }, "geometry": { "type": "MultiLineString", "coordinates": [ [ [ -52.083184811436631, -32.039137342854659 ], [ -52.083214488115452, -32.039250157895921 ] ], [ [ -52.083217136656295, -32.039260226247784 ], [ -52.083218734824555, -32.039266301638477 ] ] ] } },
{ "type": "Feature", "properties": { "tipo": "rua", "nome": "CEARÁ", "drenagem": 0.0, "iluminacao": 1.0, "compriment": 66.038383650365716 }, "geometry": { "type": "LineString", "coordinates": [ [ -52.119322989563159, -32.048153228283411 ], [ -52.118727788726865, -32.047890538147271 ] ] } },
{ "type": "Feature", "properties": { "tipo": "rua", "nome": "ABDALA NADER", "drenagem": 1.0, "iluminacao": 1.0, "compriment": 198.99369606088237 }, "geometry": { "type": "MultiLineString", "coordinates": [ [ [ -52.083218734824555, -32.039266301638477 ], [ -52.083255449246487, -32.039411451716916 ] ], [ [ -52.083258641124267, -32.039424070771936 ], [ -52.08333737150857, -32.039735330512819 ] ], [ [ -52.083341527155824, -32.039751759820255 ], [ -52.083422693383625, -32.040072649642617 ] ], [ [ -52.083425154382176, -32.040082379174343 ], [ -52.083662469429207, -32.041020601700509 ] ] ] } },
{ "type": "Feature", "properties": { "tipo": "rua", "nome": "ABDALA NADER", "drenagem": 1.0, "iluminacao": 1.0, "compriment": 191.70256347911223 }, "geometry": { "type": "LineString", "coordinates": [ [ -52.083684928465068, -32.041083606425531 ], [ -52.08411908302724, -32.042772394372214 ] ] } },
{ "type": "Feature", "properties": { "tipo": "rua", "nome": "ABDALA NADER", "drenagem": 0.0, "iluminacao": 1.0, "compriment": 9.1370393875321874 }, "geometry": { "type": "LineString", "coordinates": [ [ -52.08432894382122, -32.043606182612521 ], [ -52.0843244456888, -32.043688492621826 ] ] } },
{ "type": "Feature", "properties": { "tipo": "rua", "nome": "RAUL BARLEM", "drenagem": 1.0, "iluminacao": 1.0, "compriment": 55.458630943523403 }, "geometry": { "type": "MultiLineString", "coordinates": [ [ [ -52.111719103883182, -32.045471099972708 ], [ -52.111508810921883, -32.04573208495205 ] ], [ [ -52.111477668532842, -32.045770734347208 ], [ -52.111386835637902, -32.045883462900093 ] ] ] } },
{ "type": "Feature", "properties": { "tipo": "rua", "nome": "COMENDADOR FRANCISCO MARQUES", "drenagem": 0.0, "iluminacao": 1.0, "compriment": 79.834666422164759 }, "geometry": { "type": "LineString", "coordinates": [ [ -52.090193772997594, -32.032337795102073 ], [ -52.090350207417494, -32.03295630202706 ] ] } },
{ "type": "Feature", "properties": { "tipo": "rua", "nome": "COMENDADOR FRANCISCO MARQUES", "drenagem": 0.0, "iluminacao": 1.0, "compriment": 137.18054828395401 }, "geometry": { "type": "LineString", "coordinates": [ [ -52.090350207417494, -32.03295630202706 ], [ -52.090648355299699, -32.034017201474697 ] ] } },
{ "type": "Feature", "properties": { "tipo": "rua", "nome": "SENADOR CORREA", "drenagem": 1.0, "iluminacao": 1.0, "compriment": 62.159682217987111 }, "geometry": { "type": "LineString", "coordinates": [ [ -52.097796650765581, -32.040162176315782 ], [ -52.098288073000496, -32.0400694520401 ] ] } },
{ "type": "Feature", "properties": { "tipo": "rua", "nome": "SENADOR CORREA", "drenagem": 1.0, "iluminacao": 1.0, "compriment": 164.8895447219131 }, "geometry": { "type": "MultiLineString", "coordinates": [ [ [ -52.099719927936384, -32.039793521655987 ], [ -52.100459124283162, -32.039655741386618 ] ], [ [ -52.10058200767628, -32.039632836907884 ], [ -52.100603255804998, -32.039628876427138 ] ], [ [ -52.100622968807322, -32.039625202081638 ], [ -52.100663929938356, -32.039617567255391 ] ], [ [ -52.100786813331482, -32.039594662776658 ], [ -52.100827774462516, -32.039587027950418 ] ], [ [ -52.101032580117717, -32.039548853819191 ], [ -52.101073541248759, -32.039541218992944 ] ], [ [ -52.101262529848285, -32.03950599303402 ], [ -52.101278346903953, -32.039503044861725 ] ] ] } },
{ "type": "Feature", "properties": { "tipo": "rua", "nome": "AMERICA", "drenagem": 1.0, "iluminacao": 1.0, "compriment": 87.345036415404195 }, "geometry": { "type": "LineString", "coordinates": [ [ -52.112686994328897, -32.047521936662186 ], [ -52.112205843382931, -32.048194631369071 ] ] } },
{ "type": "Feature", "properties": { "tipo": "rua", "nome": "MENDES NETTO", "drenagem": 1.0, "iluminacao": 1.0, "compriment": 101.65656796081606 }, "geometry": { "type": "LineString", "coordinates": [ [ -52.128920726993911, -32.046029922766863 ], [ -52.128436306655395, -32.046848582812601 ] ] } },
{ "type": "Feature", "properties": { "tipo": "rua", "nome": "MENDES NETTO", "drenagem": 0.0, "iluminacao": 1.0, "compriment": 97.749334159940858 }, "geometry": { "type": "LineString", "coordinates": [ [ -52.128436306655395, -32.046848582812601 ], [ -52.127983431611575, -32.047641231488292 ] ] } },
{ "type": "Feature", "properties": { "tipo": "rua", "nome": "REPUBLICA DE CUBA", "drenagem": 1.0, "iluminacao": 1.0, "compriment": 145.15354412084386 }, "geometry": { "type": "MultiLineString", "coordinates": [ [ [ -52.130026676908635, -32.052695477228802 ], [ -52.129992099762781, -32.052752116199891 ] ], [ [ -52.129976664735921, -32.052777399490878 ], [ -52.12995165864956, -32.05281836062192 ] ], [ [ -52.129926652563199, -32.052859321752962 ], [ -52.129910177500705, -32.052886308670622 ] ] ] } },
{ "type": "Feature", "properties": { "tipo": "rua", "nome": "ILHA DA TRINDADE", "drenagem": 0.0, "iluminacao": 1.0, "compriment": 69.625719658032537 }, "geometry": { "type": "LineString", "coordinates": [ [ -52.130871279534638, -32.047417620213338 ], [ -52.131542588832431, -32.047677118186208 ] ] } },
{ "type": "Feature", "properties": { "tipo": "rua", "nome": "GASPAR LEMOS", "drenagem": 0.0, "iluminacao": 1.0, "compriment": 126.84501249418388 }, "geometry": { "type": "LineString", "coordinates": [ [ -52.099476057138212, -32.045150987640177 ], [ -52.099501640923478, -32.045145989804539 ] ] } },
{ "type": "Feature", "properties": { "tipo": "rua", "nome": "CORONEL PEDROSO", "drenagem": 0.0, "iluminacao": 1.0, "compriment": 96.503528093110489 }, "geometry": { "type": "LineString", "coordinates": [ [ -52.134325101395525, -32.050237809366422 ], [ -52.134293018521952, -32.05029181353266 ] ] } },
{ "type": "Feature", "properties": { "tipo": "rua", "nome": "DOM PEDRO I", "drenagem": 1.0, "iluminacao": 1.0, "compriment": 99.445351242406531 }, "geometry": { "type": "MultiLineString", "coordinates": [ [ [ -52.115395712784526, -32.039301187378818 ], [ -52.115328014850569, -32.039415263896061 ] ], [ [ -52.115322788469925, -32.039424070771936 ], [ -52.115287053719534, -32.039484286728779 ] ], [ [ -52.115274172260193, -32.03950599303402 ], [ -52.115246092588492, -32.039553309561512 ] ], [ [ -52.115165045459058, -32.039689880557376 ], [ -52.115123209195374, -32.039760378059682 ] ] ] } },
{ "type": "Feature", "properties": { "tipo": "rua", "nome": "DOM PEDRO I", "drenagem": 1.0, "iluminacao": 1.0, "compriment": 21.199986395610363 }, "geometry": { "type": "LineString", "coordinates": [ [ -52.112577045849342, -32.044118738173047 ], [ -52.11247268002893, -32.044287999984533 ] ] } },
{ "type": "Feature", "properties": { "tipo": "rua", "nome": "PADRE FEIJO", "drenagem": 1.0, "iluminacao": 1.0, "compriment": 100.29098238241592 }, "geometry": { "type": "MultiLineString", "coordinates": [ [ [ -52.110578395990515, -32.040239432361275 ], [ -52.110576523649968, -32.040242649136111 ] ], [ [ -52.110576148657046, -32.040243293392734 ], [ -52.110528465377705, -32.040325215654811 ] ], [ [ -52.110504623738038, -32.040366176785852 ], [ -52.110494601387884, -32.040383395685375 ] ], [ [ -52.110480782098364, -32.040407137916894 ], [ -52.11045364025685, -32.040453768959992 ] ], [ [ -52.110424666720014, -32.040503546947384 ], [ -52.110389064237495, -32.040564713795469 ] ], [ [ -52.110361573900022, -32.040611943572088 ], [ -52.110330756863725, -32.040664888783887 ] ], [ [ -52.110313890620681, -32.040693865834172 ], [ -52.110248834601649, -32.040805635333136 ] ], [ [ -52.110242365701673, -32.04081674922729 ], [ -52.110207873470607, -32.040876008607768 ] ], [ [ -52.110194682422332, -32.040898671489366 ], [ -52.11010674646603, -32.041049749866488 ] ] ] } },
{ "type": "Feature", "properties": { "tipo": "rua", "nome": "PADRE FEIJO", "drenagem": 1.0, "iluminacao": 1.0, "compriment": 98.788345323052141 }, "geometry": { "type": "MultiLineString", "coordinates": [ [ [ -52.11010674646603, -32.041049749866488 ], [ -52.109962106684371, -32.041286570408396 ] ], [ [ -52.109948845691378, -32.041308282799768 ], [ -52.109624042028678, -32.041840087940308 ] ] ] } },
{ "type": "Feature", "properties": { "tipo": "rua", "nome": "PADRE FEIJO", "drenagem": 1.0, "iluminacao": 1.0, "compriment": 19.322192332482675 }, "geometry": { "type": "LineString", "coordinates": [ [ -52.109171049015536, -32.042654084088078 ], [ -52.109079090992658, -32.042809738268915 ] ] } },
{ "type": "Feature", "properties": { "tipo": "rua", "nome": "FRANCISCO PASTORE", "drenagem": 0.0, "iluminacao": 1.0, "compriment": 145.51880595968217 }, "geometry": { "type": "LineString", "coordinates": [ [ -52.110431177711838, -32.047459762910691 ], [ -52.110116371938879, -32.047862063766118 ] ] } },
{ "type": "Feature", "properties": { "tipo": "rua", "nome": "REPUBLICA", "drenagem": 1.0, "iluminacao": 1.0, "compriment": 23.40872506006675 }, "geometry": { "type": "LineString", "coordinates": [ [ -52.118385555629025, -32.036597752730202 ], [ -52.118280062612882, -32.036778484955597 ] ] } },
{ "type": "Feature", "properties": { "tipo": "rua", "nome": "REPUBLICA", "drenagem": 1.0, "iluminacao": 1.0, "compriment": 169.02078420831489 }, "geometry": { "type": "MultiLineString", "coordinates": [ [ [ -52.118280062612882, -32.036778484955597 ], [ -52.117703760450873, -32.037795387572338 ] ], [ [ -52.117686079207679, -32.037826586661389 ], [ -52.117621838188796, -32.037939941884588 ] ], [ [ -52.117593224737689, -32.037990431185548 ], [ -52.117546797502698, -32.038072353447632 ] ] ] } },
{ "type": "Feature", "properties": { "tipo": "rua", "nome": "TRÊS", "drenagem": 0.0, "iluminacao": 1.0, "compriment": 121.94318002748284 }, "geometry": { "type": "MultiLineString", "coordinates": [ [ [ -52.185781160238854, -32.072712008570889 ], [ -52.185806520545114, -32.072725470307212 ] ], [ [ -52.186108849287166, -32.072885952194397 ], [ -52.186115184094312, -32.072889314831372 ] ], [ [ -52.186218081508414, -32.072943934749709 ], [ -52.186269515868901, -32.072971237093448 ] ], [ [ -52.186313654942367, -32.072994666959097 ], [ -52.186346681756206, -32.07301219822449 ] ], [ [ -52.186395577204443, -32.073038152864974 ], [ -52.186403594825634, -32.073042408771876 ] ] ] } },
{ "type": "Feature", "properties": { "tipo": "rua", "nome": "REPUBLICA", "drenagem": 1.0, "iluminacao": 1.0, "compriment": 100.8710595814984 }, "geometry": { "type": "LineString", "coordinates": [ [ -52.11452269487949, -32.043192494827593 ], [ -52.114508792229778, -32.04321590920113 ] ] } },
{ "type": "Feature", "properties": { "tipo": "rua", "nome": "LUIZ LOREA", "drenagem": 1.0, "iluminacao": 1.0, "compriment": 113.0921715842365 }, "geometry": { "type": "LineString", "coordinates": [ [ -52.101756570478258, -32.03152988301045 ], [ -52.102813982347357, -32.032008192926433 ] ] } },
{ "type": "Feature", "properties": { "tipo": "rua", "nome": "AQUIDABAN", "drenagem": 1.0, "iluminacao": 1.0, "compriment": 132.43120325107401 }, "geometry": { "type": "LineString", "coordinates": [ [ -52.102813982347357, -32.032008192926433 ], [ -52.103858898159459, -32.032148401384951 ] ] } },
{ "type": "Feature", "properties": { "tipo": "rua", "nome": "VISCONDE DE RIO BRANCO", "drenagem": 1.0, "iluminacao": 1.0, "compriment": 120.96359367863457 }, "geometry": { "type": "LineString", "coordinates": [ [ -52.109036311670806, -32.035586445450541 ], [ -52.110182153798355, -32.036073593117216 ] ] } },
{ "type": "Feature", "properties": { "tipo": "rua", "nome": "VISCONDE DE RIO BRANCO", "drenagem": 1.0, "iluminacao": 1.0, "compriment": 119.04933923369018 }, "geometry": { "type": "LineString", "coordinates": [ [ -52.13179438952853, -32.045245739844766 ], [ -52.132739832076375, -32.045663509607508 ] ] } },
{ "type": "Feature", "properties": { "tipo": "rua", "nome": "VISCONDE DE RIO BRANCO", "drenagem": 1.0, "iluminacao": 1.0, "compriment": 117.4520182109498 }, "geometry": { "type": "MultiLineString", "coordinates": [ [ [ -52.132739832076375, -32.045663509607508 ], [ -52.133309951377001, -32.0458945554333 ] ], [ [ -52.133313341909506, -32.04589592947621 ], [ -52.133391873639077, -32.045927755145485 ] ], [ [ -52.133414415933679, -32.045936890607251 ], [ -52.13347379590116, -32.045960954857676 ] ], [ [ -52.133515489957858, -32.045977851738293 ], [ -52.133555718163237, -32.045994154569861 ] ], [ [ -52.133616563982017, -32.046018812869328 ], [ -52.133678601556355, -32.046043954138142 ] ], [ [ -52.133717638006196, -32.046059774000369 ], [ -52.133760523818438, -32.046077153850327 ] ] ] } },
{ "type": "Feature", "properties": { "tipo": "avenida", "nome": "CIDADE DE PELOTAS", "drenagem": 1.0, "iluminacao": 1.0, "compriment": 119.00051848252056 }, "geometry": { "type": "LineString", "coordinates": [ [ -52.107463440711435, -32.035878240307845 ], [ -52.108590677087157, -32.036357505781453 ] ] } },
{ "type": "Feature", "properties": { "tipo": "rua", "nome": "BARÃO DE SANTO ÂNGELO", "drenagem": 0.0, "iluminacao": 1.0, "compriment": 95.306935273310003 }, "geometry": { "type": "LineString", "coordinates": [ [ -52.171813414554315, -32.065218862728365 ], [ -52.171836172686774, -32.065229583326946 ] ] } },
{ "type": "Feature", "properties": { "tipo": "rua", "nome": "GENERAL BOEHM", "drenagem": 0.0, "iluminacao": 1.0, "compriment": 110.93796617498339 }, "geometry": { "type": "LineString", "coordinates": [ [ -52.156878616556178, -32.053088464319494 ], [ -52.157517979821456, -32.053335431976649 ] ] } },
{ "type": "Feature", "properties": { "tipo": "rua", "nome": "APARICIO TORELLY", "drenagem": 0.0, "iluminacao": 1.0, "compriment": 181.59204499734179 }, "geometry": { "type": "LineString", "coordinates": [ [ -52.166504950909051, -32.060723858912581 ], [ -52.166765103042231, -32.060135247671198 ] ] } },
{ "type": "Feature", "properties": { "tipo": "rua", "nome": "CASTRO ALVES", "drenagem": 0.0, "iluminacao": 1.0, "compriment": 98.46944572950035 }, "geometry": { "type": "LineString", "coordinates": [ [ -52.126406263704204, -32.0419636608964 ], [ -52.126356278117086, -32.042045583158483 ] ] } },
{ "type": "Feature", "properties": { "tipo": "avenida", "nome": "CIDADE DE PELOTAS", "drenagem": 1.0, "iluminacao": 1.0, "compriment": 119.22126154379549 }, "geometry": { "type": "MultiLineString", "coordinates": [ [ [ -52.115573781636812, -32.039335256124332 ], [ -52.115590019746847, -32.03934214850986 ] ], [ [ -52.115855386239787, -32.039454785274373 ], [ -52.115879526776048, -32.039465031902978 ] ] ] } },
{ "type": "Feature", "properties": { "tipo": "rua", "nome": "RAUL BARLEM", "drenagem": 1.0, "iluminacao": 1.0, "compriment": 91.541363016566791 }, "geometry": { "type": "LineString", "coordinates": [ [ -52.111386835637902, -32.045883462900093 ], [ -52.110838379214684, -32.046564117273874 ] ] } },
{ "type": "Feature", "properties": { "tipo": "travessa", "nome": "VITORIA", "drenagem": 0.0, "iluminacao": 1.0, "compriment": 123.96113142835489 }, "geometry": { "type": "LineString", "coordinates": [ [ -52.123608436929331, -32.049037387380565 ], [ -52.122982364770174, -32.050019920374517 ] ] } },
{ "type": "Feature", "properties": { "tipo": "travessa", "nome": "FLUMINENSE", "drenagem": 0.0, "iluminacao": 1.0, "compriment": 129.1199705952356 }, "geometry": { "type": "LineString", "coordinates": [ [ -52.124170607574115, -32.049289852434129 ], [ -52.123556847801964, -32.050330345785945 ] ] } },
{ "type": "Feature", "properties": { "tipo": "rua", "nome": "PARAIBA", "drenagem": 1.0, "iluminacao": 1.0, "compriment": 91.846605008345136 }, "geometry": { "type": "LineString", "coordinates": [ [ -52.118522983071671, -32.04695907965106 ], [ -52.118521937429598, -32.046960918883244 ] ] } },
{ "type": "Feature", "properties": { "tipo": "rua", "nome": "GENERAL ABREU", "drenagem": 0.0, "iluminacao": 1.0, "compriment": 119.90155904031364 }, "geometry": { "type": "MultiLineString", "coordinates": [ [ [ -52.104007419003807, -32.03950599303402 ], [ -52.104555237387132, -32.039738341001218 ] ], [ [ -52.104586875605619, -32.039751759820255 ], [ -52.105076661814621, -32.039959494415307 ] ] ] } },
{ "type": "Feature", "properties": { "tipo": "rua", "nome": "GENERAL ABREU", "drenagem": 0.0, "iluminacao": 1.0, "compriment": 120.72381651804973 }, "geometry": { "type": "MultiLineString", "coordinates": [ [ [ -52.111913525291328, -32.042811721167027 ], [ -52.111941408140886, -32.042823844648233 ] ], [ [ -52.112081602713211, -32.042884801339873 ], [ -52.112224028215579, -32.04294672804135 ] ], [ [ -52.112255930022592, -32.042960598967881 ], [ -52.11231823490715, -32.042987689172392 ] ], [ [ -52.112378813415717, -32.043014028747493 ], [ -52.112883475056528, -32.043233455958628 ] ], [ [ -52.112952269250272, -32.043263367719014 ], [ -52.112977681748099, -32.04327441708967 ] ] ] } },
{ "type": "Feature", "properties": { "tipo": "rua", "nome": "GENERAL ABREU", "drenagem": 0.0, "iluminacao": 1.0, "compriment": 118.2418876465084 }, "geometry": { "type": "MultiLineString", "coordinates": [ [ [ -52.113157074905466, -32.04335167277025 ], [ -52.113167985349655, -32.043356339351753 ] ], [ [ -52.113238997167549, -32.043386712307232 ], [ -52.113263752268999, -32.043397300482788 ] ], [ [ -52.113320919429626, -32.043421751844214 ], [ -52.113361880560667, -32.043439271612705 ] ], [ [ -52.113525725084827, -32.043509350686662 ], [ -52.113551053027045, -32.043520183875906 ] ], [ [ -52.113730530740021, -32.043596949529118 ], [ -52.113742586865762, -32.043602106137989 ] ] ] } },
{ "type": "Feature", "properties": { "tipo": "rua", "nome": "GENERAL ABREU", "drenagem": 0.0, "iluminacao": 1.0, "compriment": 119.37871300078844 }, "geometry": { "type": "MultiLineString", "coordinates": [ [ [ -52.114303986574576, -32.043842369335373 ], [ -52.11431682172077, -32.043847872924225 ] ], [ [ -52.114665461125561, -32.043997366191633 ], [ -52.114698930282387, -32.044011717448385 ] ], [ [ -52.114874019595916, -32.044086794084038 ], [ -52.114889984563199, -32.044093639710468 ] ], [ [ -52.115030438448692, -32.044153865003345 ], [ -52.115081038844004, -32.044175561972544 ] ], [ [ -52.115164170326416, -32.044211207963102 ], [ -52.115176565984406, -32.044216523103586 ] ] ] } },
{ "type": "Feature", "properties": { "tipo": "rua", "nome": "GENERAL ABREU", "drenagem": 0.0, "iluminacao": 1.0, "compriment": 22.565266870510239 }, "geometry": { "type": "LineString", "coordinates": [ [ -52.11536897598161, -32.044297180995592 ], [ -52.115372120073481, -32.044298445365662 ] ] } },
{ "type": "Feature", "properties": { "tipo": "rua", "nome": "GENERAL ABREU", "drenagem": 0.0, "iluminacao": 1.0, "compriment": 83.467354435325731 }, "geometry": { "type": "MultiLineString", "coordinates": [ [ [ -52.11553282050577, -32.044363280640837 ], [ -52.115574042646294, -32.044380367627745 ] ], [ [ -52.115614742767846, -32.044397238232605 ], [ -52.115672860858567, -32.04442132875878 ] ], [ [ -52.115737626160971, -32.044448174620257 ], [ -52.115778587292006, -32.044465153416141 ] ], [ [ -52.115819548423048, -32.044482132212025 ], [ -52.115870497283147, -32.044503251020863 ] ], [ [ -52.115901470685124, -32.044516089803793 ], [ -52.115969315495413, -32.044544212151898 ] ], [ [ -52.116024354078249, -32.044567026191451 ], [ -52.116270120864485, -32.044668898966762 ] ] ] } },
{ "type": "Feature", "properties": { "tipo": "rua", "nome": "GENERAL ABREU", "drenagem": 0.0, "iluminacao": 1.0, "compriment": 57.778869854853909 }, "geometry": { "type": "MultiLineString", "coordinates": [ [ [ -52.121404494351097, -32.046883424798409 ], [ -52.121799873554842, -32.047048178895281 ] ], [ [ -52.121840834685884, -32.047065247355349 ], [ -52.12188536304685, -32.047083802276362 ] ] ] } },
{ "type": "Feature", "properties": { "tipo": "rua", "nome": "DOM BOSCO", "drenagem": 1.0, "iluminacao": 1.0, "compriment": 26.262810660300353 }, "geometry": { "type": "MultiLineString", "coordinates": [ [ [ -52.104626782202061, -32.037779601985328 ], [ -52.104637159649208, -32.037781441800924 ] ], [ [ -52.104885248800933, -32.037825425478644 ], [ -52.104898996208163, -32.037827862753815 ] ] ] } },
{ "type": "Feature", "properties": { "tipo": "rua", "nome": "DOM BOSCO", "drenagem": 1.0, "iluminacao": 1.0, "compriment": 118.42031193790665 }, "geometry": { "type": "MultiLineString", "coordinates": [ [ [ -52.104898996208163, -32.037827862753815 ], [ -52.105906954711443, -32.038250259215452 ] ], [ [ -52.105971145519547, -32.038277159102826 ], [ -52.10598887697352, -32.038284589670049 ] ] ] } },
{ "type": "Feature", "properties": { "tipo": "rua", "nome": "DOM BOSCO", "drenagem": 1.0, "iluminacao": 1.0, "compriment": 122.25769328944264 }, "geometry": { "type": "MultiLineString", "coordinates": [ [ [ -52.106067572945697, -32.038318120233868 ], [ -52.106070799235603, -32.03831951309072 ] ], [ [ -52.106111760366637, -32.038337196867971 ], [ -52.106193682628721, -32.038372564422481 ] ], [ [ -52.106257330397604, -32.038400042495944 ], [ -52.106275604890797, -32.038407931976991 ] ], [ [ -52.106316566021839, -32.03842561575425 ], [ -52.10635752715288, -32.038443299531501 ] ], [ [ -52.106439449414957, -32.038478667086011 ], [ -52.106447087849524, -32.038481964758027 ] ], [ [ -52.106541966575492, -32.038522925889069 ], [ -52.106562332808075, -32.038531718417779 ] ], [ [ -52.106636845301431, -32.038563887020103 ], [ -52.106644255070158, -32.038567085972289 ] ], [ [ -52.106726177332234, -32.038602453526799 ], [ -52.106767138463276, -32.038620137304051 ] ], [ [ -52.107016360205257, -32.038727731544263 ], [ -52.107053866380554, -32.038743923744839 ] ] ] } },
{ "type": "Feature", "properties": { "tipo": "avenida", "nome": "CIDADE DE PELOTAS", "drenagem": 1.0, "iluminacao": 1.0, "compriment": 70.692244549021922 }, "geometry": { "type": "LineString", "coordinates": [ [ -52.131600791524669, -32.046149419124426 ], [ -52.13227509760825, -32.046426142300234 ] ] } },
{ "type": "Feature", "properties": { "tipo": "rua", "nome": "TIRADENTES", "drenagem": 1.0, "iluminacao": 1.0, "compriment": 120.93061302370565 }, "geometry": { "type": "LineString", "coordinates": [ [ -52.105551070466312, -32.039106435321621 ], [ -52.106694546391708, -32.039597013522695 ] ] } },
{ "type": "Feature", "properties": { "tipo": "rua", "nome": "TIRADENTES", "drenagem": 1.0, "iluminacao": 1.0, "compriment": 119.75513512572003 }, "geometry": { "type": "LineString", "coordinates": [ [ -52.106694546391708, -32.039597013522695 ], [ -52.107835676897167, -32.040067710281114 ] ] } },
{ "type": "Feature", "properties": { "tipo": "rua", "nome": "TIRADENTES", "drenagem": 1.0, "iluminacao": 1.0, "compriment": 120.40887112300376 }, "geometry": { "type": "LineString", "coordinates": [ [ -52.108986555661119, -32.040581879085288 ], [ -52.11010674646603, -32.041049749866488 ] ] } },
{ "type": "Feature", "properties": { "tipo": "rua", "nome": "RAUL BARLEM", "drenagem": 1.0, "iluminacao": 1.0, "compriment": 32.497946538593403 }, "geometry": { "type": "LineString", "coordinates": [ [ -52.111737150300598, -32.045178432272493 ], [ -52.111719103883182, -32.045471099972708 ] ] } },
{ "type": "Feature", "properties": { "tipo": "rua", "nome": "TIRADENTES", "drenagem": 1.0, "iluminacao": 1.0, "compriment": 119.73321689842089 }, "geometry": { "type": "LineString", "coordinates": [ [ -52.11010674646603, -32.041049749866488 ], [ -52.111231901746599, -32.041530145495173 ] ] } },
{ "type": "Feature", "properties": { "tipo": "rua", "nome": "TIRADENTES", "drenagem": 1.0, "iluminacao": 1.0, "compriment": 82.449248184050205 }, "geometry": { "type": "LineString", "coordinates": [ [ -52.116132345924626, -32.043613284175542 ], [ -52.116200884919706, -32.043643067269031 ] ] } },
{ "type": "Feature", "properties": { "tipo": "rua", "nome": "TIRADENTES", "drenagem": 1.0, "iluminacao": 1.0, "compriment": 58.069931349941669 }, "geometry": { "type": "MultiLineString", "coordinates": [ [ [ -52.121887168640107, -32.046062759206492 ], [ -52.12192275694796, -32.046077646010474 ] ], [ [ -52.121963718079002, -32.046094780298816 ], [ -52.121977953667503, -32.046100735131411 ] ], [ [ -52.122075875111463, -32.046141696262453 ], [ -52.12208660147212, -32.046146183163856 ] ], [ [ -52.122127562603161, -32.046163317452205 ], [ -52.122250445996279, -32.046214720317245 ] ], [ [ -52.122332368258363, -32.046248988893943 ], [ -52.12236963944332, -32.046264579655571 ] ] ] } },
{ "type": "Feature", "properties": { "tipo": "rua", "nome": "TIRADENTES", "drenagem": 0.0, "iluminacao": 1.0, "compriment": 57.039628894977241 }, "geometry": { "type": "MultiLineString", "coordinates": [ [ [ -52.122455251651481, -32.046300420374713 ], [ -52.122467441006876, -32.046305540786605 ] ], [ [ -52.122537173913557, -32.046334833656751 ], [ -52.122564950698283, -32.046346501917647 ] ], [ [ -52.122701018437716, -32.046403660220832 ], [ -52.122980698227195, -32.046521145983945 ] ] ] } },
{ "type": "Feature", "properties": { "tipo": "rua", "nome": "TIRADENTES", "drenagem": 0.0, "iluminacao": 1.0, "compriment": 59.251520293311657 }, "geometry": { "type": "LineString", "coordinates": [ [ -52.122980698227195, -32.046521145983945 ], [ -52.123537262532032, -32.046767735166213 ] ] } },
{ "type": "Feature", "properties": { "tipo": "rua", "nome": "DOS MINUANO", "drenagem": 0.0, "iluminacao": 1.0, "compriment": 91.823343404608678 }, "geometry": { "type": "MultiLineString", "coordinates": [ [ [ -52.153419797462881, -32.053379572705715 ], [ -52.15366763350373, -32.053921389213627 ] ], [ [ -52.153668970051449, -32.053924311159989 ], [ -52.153683326918483, -32.053955697989501 ] ], [ [ -52.153706843239547, -32.054007109119681 ], [ -52.153772737730421, -32.054151166952479 ] ] ] } },
{ "type": "Feature", "properties": { "tipo": "rua", "nome": "MANOEL NUNES DUARTE", "drenagem": 0.0, "iluminacao": 1.0, "compriment": 92.675655672341748 }, "geometry": { "type": "MultiLineString", "coordinates": [ [ [ -52.181290668149352, -32.069051832916728 ], [ -52.181316396955523, -32.069005884366952 ] ], [ [ -52.181435488209473, -32.068793201727402 ], [ -52.181439280348641, -32.068786429423461 ] ], [ [ -52.181458424319672, -32.068752240596361 ], [ -52.181480241479683, -32.068713277775629 ] ], [ [ -52.181504296540076, -32.068670318334284 ], [ -52.181521202610725, -32.068640126127796 ] ] ] } },
{ "type": "Feature", "properties": { "tipo": "rua", "nome": "MANOEL NUNES DUARTE", "drenagem": 0.0, "iluminacao": 1.0, "compriment": 84.615290012907437 }, "geometry": { "type": "MultiLineString", "coordinates": [ [ [ -52.182366038367498, -32.067170728537491 ], [ -52.182560357545249, -32.066827067437494 ] ], [ [ -52.182583518541072, -32.066786106306459 ], [ -52.182627153148793, -32.066708936788451 ] ], [ [ -52.182629840532734, -32.066704184044376 ], [ -52.182653001528564, -32.066663222913334 ] ], [ [ -52.182668114279835, -32.066636495418983 ], [ -52.182699323520218, -32.066581300651258 ] ], [ [ -52.182709075410877, -32.066564054049508 ], [ -52.182745645511872, -32.066499378389182 ] ], [ [ -52.182750036541911, -32.066491612680053 ], [ -52.182754791686804, -32.066483203019494 ] ] ] } },
{ "type": "Feature", "properties": { "tipo": "rua", "nome": "NICARAGUA", "drenagem": 0.0, "iluminacao": 1.0, "compriment": 120.52310963456574 }, "geometry": { "type": "LineString", "coordinates": [ [ -52.134103768197704, -32.053850136417338 ], [ -52.133552250574418, -32.054830299055439 ] ] } },
{ "type": "Feature", "properties": { "tipo": "avenida", "nome": "BRASIL", "drenagem": 1.0, "iluminacao": 1.0, "compriment": 118.4380441117718 }, "geometry": { "type": "MultiLineString", "coordinates": [ [ [ -52.132459228961544, -32.050934148594095 ], [ -52.132449767625168, -32.050950354387673 ] ], [ [ -52.132411400752808, -32.051016070856171 ], [ -52.132406863661814, -32.05102384218543 ] ] ] } },
{ "type": "Feature", "properties": { "tipo": "rua", "nome": "REPUBLICA DE CUBA", "drenagem": 1.0, "iluminacao": 1.0, "compriment": 65.321500178968606 }, "geometry": { "type": "LineString", "coordinates": [ [ -52.128312693390157, -32.053257812575914 ], [ -52.128330253207679, -32.053268933063357 ] ] } },
{ "type": "Feature", "properties": { "tipo": "rua", "nome": "MARCÍLIO DIAS", "drenagem": 0.0, "iluminacao": 1.0, "compriment": 100.9995390478101 }, "geometry": { "type": "MultiLineString", "coordinates": [ [ [ -52.114703872234735, -32.038072353447632 ], [ -52.114672636753937, -32.038126538997609 ] ], [ [ -52.114600412520787, -32.038251829522842 ], [ -52.114549753360819, -32.038339710175691 ] ], [ [ -52.114538586759963, -32.038359081364909 ], [ -52.114467831098736, -32.038481824294422 ] ], [ [ -52.114467750127922, -32.038481964758027 ], [ -52.114292548170269, -32.038785895230376 ] ] ] } },
{ "type": "Feature", "properties": { "tipo": "rua", "nome": "MARCÍLIO DIAS", "drenagem": 1.0, "iluminacao": 1.0, "compriment": 100.64441663786701 }, "geometry": { "type": "MultiLineString", "coordinates": [ [ [ -52.114292548170269, -32.038785895230376 ], [ -52.114201966838081, -32.038932537199464 ] ], [ [ -52.114181103181458, -32.038966313338712 ], [ -52.114151363128371, -32.039014459461541 ] ], [ [ -52.114140142050417, -32.039032625246108 ], [ -52.113796390693857, -32.039589123749543 ] ] ] } },
{ "type": "Feature", "properties": { "tipo": "rua", "nome": "MARCÍLIO DIAS", "drenagem": 1.0, "iluminacao": 1.0, "compriment": 100.10853610750456 }, "geometry": { "type": "LineString", "coordinates": [ [ -52.113796390693857, -32.039589123749543 ], [ -52.11333643671815, -32.040402477282782 ] ] } },
{ "type": "Feature", "properties": { "tipo": "rua", "nome": "MARCÍLIO DIAS", "drenagem": 1.0, "iluminacao": 1.0, "compriment": 101.30510614691562 }, "geometry": { "type": "MultiLineString", "coordinates": [ [ [ -52.11333643671815, -32.040402477282782 ], [ -52.113238997167549, -32.040564271525305 ] ], [ [ -52.113234955561346, -32.040570982441054 ], [ -52.113198036036508, -32.040632285746725 ] ], [ [ -52.113185618401523, -32.04065290470313 ], [ -52.113116113774424, -32.04076831418957 ] ], [ [ -52.11303760692207, -32.040898671489366 ], [ -52.113034191512348, -32.040904342632395 ] ], [ [ -52.112963601182337, -32.041021554882484 ], [ -52.112896852922724, -32.041132387537573 ] ] ] } },
{ "type": "Feature", "properties": { "tipo": "rua", "nome": "MARCÍLIO DIAS", "drenagem": 1.0, "iluminacao": 1.0, "compriment": 99.618784988843828 }, "geometry": { "type": "MultiLineString", "coordinates": [ [ [ -52.112840333133278, -32.041226360537685 ], [ -52.112800985026446, -32.041292442269395 ] ], [ [ -52.112767162700926, -32.041349243930803 ], [ -52.11274746359507, -32.041382326870057 ] ], [ [ -52.112706053747331, -32.041451871116756 ], [ -52.112665541332994, -32.041519908201913 ] ] ] } },
{ "type": "Feature", "properties": { "tipo": "rua", "nome": "MARCÍLIO DIAS", "drenagem": 0.0, "iluminacao": 1.0, "compriment": 98.141060027063105 }, "geometry": { "type": "MultiLineString", "coordinates": [ [ [ -52.112188624703812, -32.042332311075761 ], [ -52.112174007760515, -32.04235778372238 ] ], [ [ -52.112128582034906, -32.042436946200638 ], [ -52.112092085498432, -32.042500547964544 ] ], [ [ -52.112071101279831, -32.042537116730955 ], [ -52.112051124367397, -32.042571930085614 ] ], [ [ -52.112024091910236, -32.042619038993038 ], [ -52.112010163236356, -32.042643312206692 ] ], [ [ -52.112000587225438, -32.042660000124073 ], [ -52.111913525291328, -32.042811721167027 ] ] ] } },
{ "type": "Feature", "properties": { "tipo": "rua", "nome": "CARAMURÚ", "drenagem": 1.0, "iluminacao": 1.0, "compriment": 96.666591566950743 }, "geometry": { "type": "LineString", "coordinates": [ [ -52.110182153798355, -32.036073593117216 ], [ -52.10974053335498, -32.036860005416976 ] ] } },
{ "type": "Feature", "properties": { "tipo": "rua", "nome": "CARAMURÚ", "drenagem": 1.0, "iluminacao": 1.0, "compriment": 93.275673257361348 }, "geometry": { "type": "LineString", "coordinates": [ [ -52.10974053335498, -32.036860005416976 ], [ -52.109285210464066, -32.037606428814385 ] ] } },
{ "type": "Feature", "properties": { "tipo": "rua", "nome": "CARAMURÚ", "drenagem": 0.0, "iluminacao": 1.0, "compriment": 9.4275649010919107 }, "geometry": { "type": "LineString", "coordinates": [ [ -52.109285210464066, -32.037606428814385 ], [ -52.109242830806288, -32.037683403570227 ] ] } },
{ "type": "Feature", "properties": { "tipo": "rua", "nome": "CARAMURÚ", "drenagem": 1.0, "iluminacao": 1.0, "compriment": 90.741410375234992 }, "geometry": { "type": "LineString", "coordinates": [ [ -52.109242830806288, -32.037683403570227 ], [ -52.108823098842613, -32.038419488321992 ] ] } },
{ "type": "Feature", "properties": { "tipo": "rua", "nome": "CARAMURÚ", "drenagem": 0.0, "iluminacao": 1.0, "compriment": 9.2528751879371356 }, "geometry": { "type": "LineString", "coordinates": [ [ -52.108823098842613, -32.038419488321992 ], [ -52.108780298522881, -32.038494546588417 ] ] } },
{ "type": "Feature", "properties": { "tipo": "rua", "nome": "CARAMURÚ", "drenagem": 1.0, "iluminacao": 1.0, "compriment": 95.95889902819755 }, "geometry": { "type": "LineString", "coordinates": [ [ -52.108780298522881, -32.038494546588417 ], [ -52.108321502741894, -32.039260226247784 ] ] } },
{ "type": "Feature", "properties": { "tipo": "rua", "nome": "CARAMURÚ", "drenagem": 1.0, "iluminacao": 1.0, "compriment": 99.978333161816209 }, "geometry": { "type": "LineString", "coordinates": [ [ -52.108296870275041, -32.039301187378818 ], [ -52.107835676897167, -32.040067710281114 ] ] } },
{ "type": "Feature", "properties": { "tipo": "rua", "nome": "CARAMURÚ", "drenagem": 1.0, "iluminacao": 1.0, "compriment": 96.09852693465713 }, "geometry": { "type": "LineString", "coordinates": [ [ -52.107835676897167, -32.040067710281114 ], [ -52.107372626318941, -32.040839386563249 ] ] } },
{ "type": "Feature", "properties": { "tipo": "rua", "nome": "MARECHAL DEODORO", "drenagem": 1.0, "iluminacao": 1.0, "compriment": 94.081115295449166 }, "geometry": { "type": "LineString", "coordinates": [ [ -52.106467191307644, -32.03753948510785 ], [ -52.106036870765529, -32.038277159102826 ] ] } },
{ "type": "Feature", "properties": { "tipo": "rua", "nome": "MARECHAL DEODORO", "drenagem": 1.0, "iluminacao": 1.0, "compriment": 100.02843357554067 }, "geometry": { "type": "LineString", "coordinates": [ [ -52.106012928500867, -32.038318120233868 ], [ -52.105551070466312, -32.039106435321621 ] ] } },
{ "type": "Feature", "properties": { "tipo": "rua", "nome": "SETE", "drenagem": 0.0, "iluminacao": 1.0, "compriment": 97.566182084539719 }, "geometry": { "type": "LineString", "coordinates": [ [ -52.173124170747585, -32.06444239186461 ], [ -52.173089045904774, -32.064492282968232 ] ] } },
{ "type": "Feature", "properties": { "tipo": "rua", "nome": "CENTO E VINTE E SETE", "drenagem": 0.0, "iluminacao": 1.0, "compriment": 54.215268810470469 }, "geometry": { "type": "LineString", "coordinates": [ [ -52.173165131878626, -32.064572174771769 ], [ -52.173168820844694, -32.064574205230315 ] ] } },
{ "type": "Feature", "properties": { "tipo": "rua", "nome": "HONDURAS", "drenagem": 0.0, "iluminacao": 1.0, "compriment": 66.02566939059804 }, "geometry": { "type": "LineString", "coordinates": [ [ -52.131422776967959, -32.052712821166175 ], [ -52.132048338723351, -32.052978703679535 ] ] } },
{ "type": "Feature", "properties": { "tipo": "rua", "nome": "HONDURAS", "drenagem": 0.0, "iluminacao": 1.0, "compriment": 72.233210439958 }, "geometry": { "type": "MultiLineString", "coordinates": [ [ [ -52.133417641767117, -32.053562253172096 ], [ -52.133965329473632, -32.053792050636972 ] ], [ [ -52.133987678452861, -32.053801427766871 ], [ -52.134103768197704, -32.053850136417338 ] ] ] } },
{ "type": "Feature", "properties": { "tipo": "rua", "nome": "HONDURAS", "drenagem": 0.0, "iluminacao": 1.0, "compriment": 76.308591706548796 }, "geometry": { "type": "LineString", "coordinates": [ [ -52.134103768197704, -32.053850136417338 ], [ -52.13478455209443, -32.054151397831355 ] ] } },
{ "type": "Feature", "properties": { "tipo": "rua", "nome": "OITO", "drenagem": 0.0, "iluminacao": 1.0, "compriment": 128.66893280963851 }, "geometry": { "type": "MultiLineString", "coordinates": [ [ [ -52.175373957529771, -32.064938553173469 ], [ -52.175311882981383, -32.065024777671752 ] ], [ [ -52.175295110692687, -32.065048075177984 ], [ -52.175282394335341, -32.065065738802787 ] ], [ [ -52.175252905689284, -32.065106699933828 ], [ -52.175223417043235, -32.06514766106487 ] ], [ [ -52.175213188430611, -32.065161869093998 ], [ -52.175172227299569, -32.065218766052013 ] ] ] } },
{ "type": "Feature", "properties": { "tipo": "rua", "nome": "OITO", "drenagem": 1.0, "iluminacao": 1.0, "compriment": 53.168712352200032 }, "geometry": { "type": "MultiLineString", "coordinates": [ [ [ -52.17412621814978, -32.064123632788878 ], [ -52.174148199023577, -32.064137322190305 ] ], [ [ -52.17425775954063, -32.064205555050954 ], [ -52.174271082416695, -32.064213852364347 ] ], [ [ -52.174312043547737, -32.064239362422363 ], [ -52.17453340827673, -32.064377225487561 ] ] ] } },
{ "type": "Feature", "properties": { "tipo": "rua", "nome": "HONDURAS", "drenagem": 0.0, "iluminacao": 1.0, "compriment": 60.581212756229263 }, "geometry": { "type": "LineString", "coordinates": [ [ -52.134847938049049, -32.054179346099964 ], [ -52.135391040130621, -32.054417652961163 ] ] } },
{ "type": "Feature", "properties": { "tipo": "rua", "nome": "GROELANDIA", "drenagem": 0.0, "iluminacao": 1.0, "compriment": 73.563316968231845 }, "geometry": { "type": "LineString", "coordinates": [ [ -52.131476383116883, -32.053939127436898 ], [ -52.132175159382186, -32.054232290018177 ] ] } },
{ "type": "Feature", "properties": { "tipo": "rua", "nome": "GROELANDIA", "drenagem": 0.0, "iluminacao": 0.0, "compriment": 73.009873655966473 }, "geometry": { "type": "LineString", "coordinates": [ [ -52.132175159382186, -32.054232290018177 ], [ -52.132863375614278, -32.054532244457157 ] ] } },
{ "type": "Feature", "properties": { "tipo": "rua", "nome": "GROELANDIA", "drenagem": 0.0, "iluminacao": 1.0, "compriment": 72.969408020274798 }, "geometry": { "type": "LineString", "coordinates": [ [ -52.132863375614278, -32.054532244457157 ], [ -52.133552250574418, -32.054830299055439 ] ] } },
{ "type": "Feature", "properties": { "tipo": "rua", "nome": "MARECHAL DEODORO", "drenagem": 1.0, "iluminacao": 1.0, "compriment": 93.350908626911689 }, "geometry": { "type": "LineString", "coordinates": [ [ -52.105551070466312, -32.039106435321621 ], [ -52.105117732519481, -32.03986305398405 ] ] } },
{ "type": "Feature", "properties": { "tipo": "rua", "nome": "VISCONDE DO RIO GRANDE", "drenagem": 1.0, "iluminacao": 1.0, "compriment": 92.401033768800986 }, "geometry": { "type": "LineString", "coordinates": [ [ -52.108091761389147, -32.037209693350626 ], [ -52.107686369178715, -32.037968062485561 ] ] } },
{ "type": "Feature", "properties": { "tipo": "rua", "nome": "OITO", "drenagem": 1.0, "iluminacao": 1.0, "compriment": 54.85035653113006 }, "geometry": { "type": "MultiLineString", "coordinates": [ [ [ -52.175373957529771, -32.064938553173469 ], [ -52.175663760872048, -32.065114720825122 ] ], [ [ -52.175704722003083, -32.065139620559563 ], [ -52.175717948979148, -32.06514766106487 ] ], [ [ -52.175745683134124, -32.065164520294012 ], [ -52.175785331796412, -32.065188622195912 ] ] ] } },
{ "type": "Feature", "properties": { "tipo": "rua", "nome": "SEIS", "drenagem": 0.0, "iluminacao": 1.0, "compriment": 52.451129880242533 }, "geometry": { "type": "LineString", "coordinates": [ [ -52.186403594825634, -32.073042408771876 ], [ -52.186396109705115, -32.073053159355531 ] ] } },
{ "type": "Feature", "properties": { "tipo": "rua", "nome": "JORNALISTA MAURICIO SIROTSKY SOBRINHO", "drenagem": 1.0, "iluminacao": 1.0, "compriment": 112.45328046189013 }, "geometry": { "type": "LineString", "coordinates": [ [ -52.126523334595198, -32.047033448966303 ], [ -52.126100792314013, -32.047947458618602 ] ] } },
{ "type": "Feature", "properties": { "tipo": "rua", "nome": "JORNALISTA MAURICIO SIROTSKY SOBRINHO", "drenagem": 1.0, "iluminacao": 1.0, "compriment": 179.14879820317265 }, "geometry": { "type": "MultiLineString", "coordinates": [ [ [ -52.126084904472904, -32.047984947159236 ], [ -52.125691181003617, -32.049394060964296 ] ], [ [ -52.125661438130614, -32.049500509007707 ], [ -52.125650219872576, -32.049540658512385 ] ] ] } },
{ "type": "Feature", "properties": { "tipo": "rua", "nome": "JORNALISTA MAURICIO SIROTSKY SOBRINHO", "drenagem": 0.0, "iluminacao": 1.0, "compriment": 190.50169106449303 }, "geometry": { "type": "LineString", "coordinates": [ [ -52.125636803711927, -32.049582431269783 ], [ -52.125100324005814, -32.051202198684763 ] ] } },
{ "type": "Feature", "properties": { "tipo": "rua", "nome": "JOSE DE ALENCAR", "drenagem": 0.0, "iluminacao": 1.0, "compriment": 98.782749474524365 }, "geometry": { "type": "LineString", "coordinates": [ [ -52.124585230465541, -32.040168161363169 ], [ -52.124247067511412, -32.040734826965206 ] ] } },
{ "type": "Feature", "properties": { "tipo": "rua", "nome": "VISCONDE DO RIO GRANDE", "drenagem": 1.0, "iluminacao": 1.0, "compriment": 99.72382478668311 }, "geometry": { "type": "LineString", "coordinates": [ [ -52.107146483722509, -32.038850614937381 ], [ -52.106694546391708, -32.039597013522695 ] ] } },
{ "type": "Feature", "properties": { "tipo": "rua", "nome": "SALDANHA MARINHO", "drenagem": 1.0, "iluminacao": 1.0, "compriment": 91.545305067678598 }, "geometry": { "type": "MultiLineString", "coordinates": [ [ [ -52.117304016265862, -32.047862063766118 ], [ -52.117294149140477, -32.047878078796387 ] ], [ [ -52.117253542603407, -32.047943986028194 ], [ -52.117253188009435, -32.047944561558857 ] ], [ [ -52.11722830577218, -32.047984947159236 ], [ -52.117203068940945, -32.048025908290278 ] ], [ [ -52.117177832109718, -32.048066869421312 ], [ -52.117171265747359, -32.048077527083784 ] ] ] } },
{ "type": "Feature", "properties": { "tipo": "rua", "nome": "ERNESTO ALVES", "drenagem": 0.0, "iluminacao": 1.0, "compriment": 99.745489545990949 }, "geometry": { "type": "MultiLineString", "coordinates": [ [ [ -52.123457916808256, -32.039671236236657 ], [ -52.12326378081157, -32.040012660441661 ] ], [ [ -52.123249095245193, -32.040038487737533 ], [ -52.12323351314123, -32.040065891761252 ] ] ] } },
{ "type": "Feature", "properties": { "tipo": "rua", "nome": "ERNESTO ALVES", "drenagem": 0.0, "iluminacao": 1.0, "compriment": 98.530908560090708 }, "geometry": { "type": "LineString", "coordinates": [ [ -52.119274259033666, -32.046919957752202 ], [ -52.119260283430386, -32.046943293898707 ] ] } },
{ "type": "Feature", "properties": { "tipo": "rua", "nome": "ERNESTO ALVES", "drenagem": 0.0, "iluminacao": 1.0, "compriment": 92.507725741830811 }, "geometry": { "type": "MultiLineString", "coordinates": [ [ [ -52.119103833009845, -32.047206685669479 ], [ -52.119096438906226, -32.047219065913616 ] ], [ [ -52.11881013719595, -32.047698432345463 ], [ -52.118809710988948, -32.047699145960934 ] ], [ [ -52.118785800427254, -32.047739180373 ], [ -52.118761336382441, -32.047780141504035 ] ], [ [ -52.118736872337628, -32.047821102635076 ], [ -52.118712408292808, -32.047862063766118 ] ] ] } },
{ "type": "Feature", "properties": { "tipo": "rua", "nome": "ERNESTO ALVES", "drenagem": 0.0, "iluminacao": 0.0, "compriment": 107.10524680972915 }, "geometry": { "type": "MultiLineString", "coordinates": [ [ [ -52.118688417195429, -32.04790302489716 ], [ -52.118686827595823, -32.047905778034796 ] ], [ [ -52.118664767161796, -32.047943986028194 ], [ -52.118641117128163, -32.047984947159236 ] ], [ [ -52.118617467094531, -32.048025908290278 ], [ -52.118215416522773, -32.048722247517951 ] ] ] } },
{ "type": "Feature", "properties": { "tipo": "rua", "nome": "JOSE VERISSIMO", "drenagem": 0.0, "iluminacao": 1.0, "compriment": 100.06261316017888 }, "geometry": { "type": "MultiLineString", "coordinates": [ [ [ -52.124375860877862, -32.04411016526327 ], [ -52.124271605538972, -32.044298445365662 ] ], [ [ -52.124011774630986, -32.044767687425427 ], [ -52.123954068892196, -32.044871901200217 ] ] ] } },
{ "type": "Feature", "properties": { "tipo": "rua", "nome": "JOSE VERISSIMO", "drenagem": 0.0, "iluminacao": 1.0, "compriment": 99.936859010574054 }, "geometry": { "type": "LineString", "coordinates": [ [ -52.123479279927473, -32.045632264510225 ], [ -52.12344220594867, -32.045691123821015 ] ] } },
{ "type": "Feature", "properties": { "tipo": "rua", "nome": "JOSE VERISSIMO", "drenagem": 0.0, "iluminacao": 1.0, "compriment": 102.89201333773221 }, "geometry": { "type": "MultiLineString", "coordinates": [ [ [ -52.122980698227195, -32.046521145983945 ], [ -52.122946785223952, -32.04658146185664 ] ], [ [ -52.122940709001739, -32.046592268703883 ], [ -52.12290056339107, -32.046663669562271 ] ], [ [ -52.122894647661397, -32.046674190965966 ], [ -52.122858239657553, -32.04673894431469 ] ], [ [ -52.122823901830834, -32.046800015755927 ], [ -52.122802524980735, -32.046838035490126 ] ], [ [ -52.122733432970236, -32.046960918883244 ], [ -52.122710402300065, -32.047001880014285 ] ], [ [ -52.12261909617564, -32.047164272254733 ], [ -52.122618279619402, -32.047165724538445 ] ], [ [ -52.122597030936234, -32.047203516321716 ], [ -52.122510155604978, -32.047358028187936 ] ] ] } },
{ "type": "Feature", "properties": { "tipo": "rua", "nome": "GONCALVES DIAS", "drenagem": 0.0, "iluminacao": 1.0, "compriment": 100.83406998323171 }, "geometry": { "type": "LineString", "coordinates": [ [ -52.125331104713638, -32.041308282799768 ], [ -52.125282906399917, -32.041390205061845 ] ] } },
{ "type": "Feature", "properties": { "tipo": "rua", "nome": "TOBIAS BARRETO", "drenagem": 1.0, "iluminacao": 1.0, "compriment": 101.75167852357464 }, "geometry": { "type": "LineString", "coordinates": [ [ -52.12769607068396, -32.0444917560786 ], [ -52.127222783948696, -32.045316078602617 ] ] } },
{ "type": "Feature", "properties": { "tipo": "rua", "nome": "GOMES FREIRE", "drenagem": 1.0, "iluminacao": 1.0, "compriment": 153.86895104486644 }, "geometry": { "type": "MultiLineString", "coordinates": [ [ [ -52.099931707374736, -32.033175552654058 ], [ -52.10074585220044, -32.033028378620074 ] ], [ [ -52.100827774462516, -32.033013569424703 ], [ -52.101442191428113, -32.032902500459429 ] ] ] } },
{ "type": "Feature", "properties": { "tipo": "rua", "nome": "GENERAL CANABARRO", "drenagem": 1.0, "iluminacao": 1.0, "compriment": 112.13146223247395 }, "geometry": { "type": "MultiLineString", "coordinates": [ [ [ -52.102813982347357, -32.032008192926433 ], [ -52.102796358336867, -32.03209202831583 ] ], [ [ -52.102793908752425, -32.032103680707067 ], [ -52.102787747421971, -32.032132989446872 ] ], [ [ -52.102779136507074, -32.032173950577914 ], [ -52.102767779081432, -32.032227976544448 ] ], [ [ -52.102753303762391, -32.032296833971031 ], [ -52.102736081932605, -32.032378756233108 ] ], [ [ -52.102718860102819, -32.032460678495191 ], [ -52.102671025359307, -32.032688222864316 ] ], [ [ -52.102658583698556, -32.032747406412469 ], [ -52.102649972783659, -32.03278836754351 ] ], [ [ -52.10260691820919, -32.032993173198705 ], [ -52.102604730946112, -32.033003577757427 ] ] ] } },
{ "type": "Feature", "properties": { "tipo": "rua", "nome": "GENERAL CANABARRO", "drenagem": 1.0, "iluminacao": 1.0, "compriment": 80.642278648371388 }, "geometry": { "type": "MultiLineString", "coordinates": [ [ [ -52.102604730946112, -32.033003577757427 ], [ -52.102589103097223, -32.033078257143032 ] ], [ [ -52.10258119296153, -32.033116056591822 ], [ -52.102454905328685, -32.033719535861259 ] ] ] } },
{ "type": "Feature", "properties": { "tipo": "rua", "nome": "GENERAL CANABARRO", "drenagem": 0.0, "iluminacao": 1.0, "compriment": 91.834670738464155 }, "geometry": { "type": "MultiLineString", "coordinates": [ [ [ -52.102329018430005, -32.034589519683045 ], [ -52.102234527840686, -32.035000268619655 ] ], [ [ -52.10222510495224, -32.035041229750689 ], [ -52.102142056071706, -32.035402241779614 ] ] ] } },
{ "type": "Feature", "properties": { "tipo": "rua", "nome": "GENERAL CANABARRO", "drenagem": 1.0, "iluminacao": 1.0, "compriment": 4.7157724628112918 }, "geometry": { "type": "LineString", "coordinates": [ [ -52.102135456042681, -32.035430931732378 ], [ -52.102127146920822, -32.035472866167382 ] ] } },
{ "type": "Feature", "properties": { "tipo": "rua", "nome": "GENERAL CANABARRO", "drenagem": 1.0, "iluminacao": 1.0, "compriment": 54.994806348324587 }, "geometry": { "type": "LineString", "coordinates": [ [ -52.101742068221419, -32.037416975350993 ], [ -52.101636527454495, -32.037879689195428 ] ] } },
{ "type": "Feature", "properties": { "tipo": "rua", "nome": "DOUTOR AUGUSTO DUPRAT", "drenagem": 0.0, "iluminacao": 1.0, "compriment": 59.740189368454587 }, "geometry": { "type": "LineString", "coordinates": [ [ -52.124953880644902, -32.044352066231447 ], [ -52.12551141321277, -32.044582248920797 ] ] } },
{ "type": "Feature", "properties": { "tipo": "rua", "nome": "DOUTOR AUGUSTO DUPRAT", "drenagem": 0.0, "iluminacao": 1.0, "compriment": 59.046682227449729 }, "geometry": { "type": "LineString", "coordinates": [ [ -52.126082118662815, -32.044832626605277 ], [ -52.126652436176791, -32.045050764053926 ] ] } },
{ "type": "Feature", "properties": { "tipo": "rua", "nome": "DOUTOR AUGUSTO DUPRAT", "drenagem": 0.0, "iluminacao": 1.0, "compriment": 61.377929276446466 }, "geometry": { "type": "LineString", "coordinates": [ [ -52.126652436176791, -32.045050764053926 ], [ -52.127222783948696, -32.045316078602617 ] ] } },
{ "type": "Feature", "properties": { "tipo": "rua", "nome": "DOUTOR AUGUSTO DUPRAT", "drenagem": 0.0, "iluminacao": 1.0, "compriment": 59.998698594118345 }, "geometry": { "type": "LineString", "coordinates": [ [ -52.127785447858507, -32.04555293723061 ], [ -52.128358434468005, -32.045786584282631 ] ] } },
{ "type": "Feature", "properties": { "tipo": "rua", "nome": "DOUTOR AUGUSTO DUPRAT", "drenagem": 0.0, "iluminacao": 1.0, "compriment": 59.785831166540106 }, "geometry": { "type": "LineString", "coordinates": [ [ -52.128920726993911, -32.046029922766863 ], [ -52.129489436967518, -32.046266696399954 ] ] } },
{ "type": "Feature", "properties": { "tipo": "rua", "nome": "CAPITAO MARTINIANO FRANCISCO DE OLIVEIRA", "drenagem": 1.0, "iluminacao": 1.0, "compriment": 100.05278678242128 }, "geometry": { "type": "LineString", "coordinates": [ [ -52.127112106480602, -32.044237843240921 ], [ -52.126652436176791, -32.045050764053926 ] ] } },
{ "type": "Feature", "properties": { "tipo": "rua", "nome": "CAPITAO MARTINIANO FRANCISCO DE OLIVEIRA", "drenagem": 1.0, "iluminacao": 1.0, "compriment": 103.39972639527467 }, "geometry": { "type": "LineString", "coordinates": [ [ -52.126652436176791, -32.045050764053926 ], [ -52.126173341556857, -32.045889211058757 ] ] } },
{ "type": "Feature", "properties": { "tipo": "rua", "nome": "CAPITAO MARTINIANO FRANCISCO DE OLIVEIRA", "drenagem": 1.0, "iluminacao": 1.0, "compriment": 97.377750782229953 }, "geometry": { "type": "LineString", "coordinates": [ [ -52.126173341556857, -32.045889211058757 ], [ -52.125713746298729, -32.046675305175675 ] ] } },
{ "type": "Feature", "properties": { "tipo": "rua", "nome": "CENTO E VINTE E SETE", "drenagem": 0.0, "iluminacao": 1.0, "compriment": 55.226334145256679 }, "geometry": { "type": "MultiLineString", "coordinates": [ [ [ -52.17278509975695, -32.064369399575114 ], [ -52.172800563633714, -32.064377563444019 ] ], [ [ -52.173001287354467, -32.064483531835194 ], [ -52.173017863618057, -32.064492282968232 ] ] ] } },
{ "type": "Feature", "properties": { "tipo": "rua", "nome": "MADAME ELISA EMIL", "drenagem": 1.0, "iluminacao": 1.0, "compriment": 104.63502196058909 }, "geometry": { "type": "LineString", "coordinates": [ [ -52.111743039935646, -32.047027950739235 ], [ -52.112686994328897, -32.047521936662186 ] ] } },
{ "type": "Feature", "properties": { "tipo": "rua", "nome": "CASIMIRO DE ABREU", "drenagem": 0.0, "iluminacao": 1.0, "compriment": 100.48081674522837 }, "geometry": { "type": "LineString", "coordinates": [ [ -52.127638935941086, -32.042261679702982 ], [ -52.127546670317649, -32.042424158233104 ] ] } },
{ "type": "Feature", "properties": { "tipo": "rua", "nome": "DOUTOR ERICO POESTER PEIXOTO", "drenagem": 1.0, "iluminacao": 1.0, "compriment": 122.74490334708288 }, "geometry": { "type": "LineString", "coordinates": [ [ -52.12083154200468, -32.051819442575116 ], [ -52.12077584527885, -32.05192976242386 ] ] } },
{ "type": "Feature", "properties": { "tipo": "travessa", "nome": "GLOBO", "drenagem": 1.0, "iluminacao": 1.0, "compriment": 74.007227001764363 }, "geometry": { "type": "LineString", "coordinates": [ [ -52.124168150355132, -32.053178533381498 ], [ -52.124141396005299, -32.053227971932316 ] ] } },
{ "type": "Feature", "properties": { "tipo": "rua", "nome": "GENERAL PORTINHO", "drenagem": 1.0, "iluminacao": 1.0, "compriment": 111.51749890035538 }, "geometry": { "type": "LineString", "coordinates": [ [ -52.104194689940897, -32.032214911708955 ], [ -52.103999791319978, -32.033185300174488 ] ] } },
{ "type": "Feature", "properties": { "tipo": "rua", "nome": "GENERAL PORTINHO", "drenagem": 1.0, "iluminacao": 1.0, "compriment": 79.902813927962058 }, "geometry": { "type": "LineString", "coordinates": [ [ -52.103999791319978, -32.033185300174488 ], [ -52.103843266247772, -32.033893432790954 ] ] } },
{ "type": "Feature", "properties": { "tipo": "rua", "nome": "GUATEMALA", "drenagem": 0.0, "iluminacao": 1.0, "compriment": 53.310910793472203 }, "geometry": { "type": "MultiLineString", "coordinates": [ [ [ -52.130919484550844, -32.050107537451808 ], [ -52.131011472713034, -32.05014657645286 ] ], [ [ -52.131033411535626, -32.050155887104339 ], [ -52.131261894825016, -32.050252853487429 ] ], [ [ -52.131322963450174, -32.050278770497457 ], [ -52.131424719723753, -32.050321955002687 ] ] ] } },
{ "type": "Feature", "properties": { "tipo": "rua", "nome": "MENDES NETTO", "drenagem": 1.0, "iluminacao": 1.0, "compriment": 101.10577859423516 }, "geometry": { "type": "LineString", "coordinates": [ [ -52.129380612618903, -32.045206560045479 ], [ -52.128920726993911, -32.046029922766863 ] ] } },
{ "type": "Feature", "properties": { "tipo": "rua", "nome": "AMAPA", "drenagem": 0.0, "iluminacao": 1.0, "compriment": 97.027664838641385 }, "geometry": { "type": "LineString", "coordinates": [ [ -52.131147681897751, -32.04589592947621 ], [ -52.131122692331942, -32.045934307531851 ] ] } },
{ "type": "Feature", "properties": { "tipo": "rua", "nome": "AMAPA", "drenagem": 0.0, "iluminacao": 1.0, "compriment": 64.195812846510435 }, "geometry": { "type": "LineString", "coordinates": [ [ -52.131144083105035, -32.046929341205903 ], [ -52.130852016042951, -32.047452098861271 ] ] } },
{ "type": "Feature", "properties": { "tipo": "rua", "nome": "AMAPA", "drenagem": 0.0, "iluminacao": 1.0, "compriment": 120.92841295347436 }, "geometry": { "type": "LineString", "coordinates": [ [ -52.130200579196575, -32.048575166549334 ], [ -52.129616526289219, -32.049545657908219 ] ] } },
{ "type": "Feature", "properties": { "tipo": "rua", "nome": "AMAPA", "drenagem": 0.0, "iluminacao": 1.0, "compriment": 101.65925778302784 }, "geometry": { "type": "LineString", "coordinates": [ [ -52.129060312641194, -32.050508225228732 ], [ -52.128833161830535, -32.050893187463053 ] ] } },
{ "type": "Feature", "properties": { "tipo": "rua", "nome": "DAS MISSOES", "drenagem": 1.0, "iluminacao": 1.0, "compriment": 100.12111904095859 }, "geometry": { "type": "LineString", "coordinates": [ [ -52.129489436967518, -32.046266696399954 ], [ -52.129025202243696, -32.047078422836357 ] ] } },
{ "type": "Feature", "properties": { "tipo": "rua", "nome": "CACHOEIRA DO IGUACU", "drenagem": 1.0, "iluminacao": 1.0, "compriment": 123.05874652008544 }, "geometry": { "type": "LineString", "coordinates": [ [ -52.131500177456893, -32.049114075514836 ], [ -52.130919484550844, -32.050107537451808 ] ] } },
{ "type": "Feature", "properties": { "tipo": "rua", "nome": "GENERAL PORTINHO", "drenagem": 1.0, "iluminacao": 1.0, "compriment": 90.036503152422682 }, "geometry": { "type": "LineString", "coordinates": [ [ -52.103828363205828, -32.03396336465017 ], [ -52.10367193361845, -32.034764319168382 ] ] } },
{ "type": "Feature", "properties": { "tipo": "rua", "nome": "GENERAL PORTINHO", "drenagem": 1.0, "iluminacao": 1.0, "compriment": 95.431221217450215 }, "geometry": { "type": "LineString", "coordinates": [ [ -52.10367193361845, -32.034764319168382 ], [ -52.103486448543009, -32.035610304534913 ] ] } },
{ "type": "Feature", "properties": { "tipo": "rua", "nome": "CACHOEIRA DO IGUACU", "drenagem": 1.0, "iluminacao": 1.0, "compriment": 160.03898559838927 }, "geometry": { "type": "MultiLineString", "coordinates": [ [ [ -52.129541527321344, -32.052429724603812 ], [ -52.129503539369928, -32.052490671573601 ] ], [ [ -52.129467795628919, -32.052548017985337 ], [ -52.129326006705057, -32.05277550077755 ] ], [ [ -52.129222699746961, -32.052941244015038 ], [ -52.129213838273031, -32.052955461153992 ] ], [ [ -52.12917287714199, -32.053021178222771 ], [ -52.129131916010948, -32.05308689529155 ] ], [ [ -52.129120576247708, -32.053105088539198 ], [ -52.129090954879906, -32.053152612360329 ] ], [ [ -52.129069514498077, -32.053187010801274 ], [ -52.128865267499556, -32.053514699849593 ] ] ] } },
{ "type": "Feature", "properties": { "tipo": "rua", "nome": "REPUBLICA DOMINICANA", "drenagem": 0.0, "iluminacao": 1.0, "compriment": 121.69604236056024 }, "geometry": { "type": "MultiLineString", "coordinates": [ [ [ -52.132490728756203, -32.049590491666805 ], [ -52.132408806494126, -32.049732620982745 ] ], [ [ -52.132400935964291, -32.049746275793943 ], [ -52.131939839017399, -32.050546246302382 ] ] ] } },
{ "type": "Feature", "properties": { "tipo": "rua", "nome": "REPUBLICA DOMINICANA", "drenagem": 0.0, "iluminacao": 1.0, "compriment": 116.70084312526917 }, "geometry": { "type": "MultiLineString", "coordinates": [ [ [ -52.131939839017399, -32.050546246302382 ], [ -52.131580064803899, -32.05112323321849 ] ], [ [ -52.13146670048021, -32.051305040944179 ], [ -52.131360267276001, -32.051475732905871 ] ] ] } },
{ "type": "Feature", "properties": { "tipo": "rua", "nome": "REPUBLICA DOMINICANA", "drenagem": 0.0, "iluminacao": 1.0, "compriment": 120.40194950979273 }, "geometry": { "type": "MultiLineString", "coordinates": [ [ [ -52.131360267276001, -32.051475732905871 ], [ -52.131248964172819, -32.051660687475064 ] ], [ [ -52.131143888694382, -32.051835293476969 ], [ -52.131139011431891, -32.051843398120567 ] ], [ [ -52.131062920608535, -32.051969839747528 ], [ -52.130778772863223, -32.052442013679048 ] ] ] } },
{ "type": "Feature", "properties": { "tipo": "rua", "nome": "REPUBLICA DE CUBA", "drenagem": 1.0, "iluminacao": 1.0, "compriment": 114.76988784583604 }, "geometry": { "type": "LineString", "coordinates": [ [ -52.131411779969362, -32.050343359841314 ], [ -52.130848553579234, -32.051260498804098 ] ] } },
{ "type": "Feature", "properties": { "tipo": "rua", "nome": "REPUBLICA DOMINICANA", "drenagem": 0.0, "iluminacao": 1.0, "compriment": 70.871651317563902 }, "geometry": { "type": "MultiLineString", "coordinates": [ [ [ -52.130778772863223, -32.052442013679048 ], [ -52.130659962344261, -32.052654516097761 ] ], [ [ -52.130623030597604, -32.052720571574675 ], [ -52.130606516728378, -32.052750107992694 ] ], [ [ -52.130591257998233, -32.052777399490878 ], [ -52.13045614287018, -32.053019064048584 ] ] ] } },
{ "type": "Feature", "properties": { "tipo": "rua", "nome": "REPUBLICA DOMINICANA", "drenagem": 0.0, "iluminacao": 1.0, "compriment": 215.85818162522932 }, "geometry": { "type": "MultiLineString", "coordinates": [ [ [ -52.13045614287018, -32.053019064048584 ], [ -52.130196905417982, -32.053459275440332 ] ], [ [ -52.129869216369663, -32.054015724559846 ], [ -52.129431435257452, -32.054759121129493 ] ] ] } },
{ "type": "Feature", "properties": { "tipo": "rua", "nome": "COSTA RICA", "drenagem": 1.0, "iluminacao": 1.0, "compriment": 122.14526768815334 }, "geometry": { "type": "LineString", "coordinates": [ [ -52.135106916553703, -32.050676668156804 ], [ -52.134989357749625, -32.050886243037482 ] ] } },
{ "type": "Feature", "properties": { "tipo": "rua", "nome": "L", "drenagem": 0.0, "iluminacao": 1.0, "compriment": 139.84780659320339 }, "geometry": { "type": "LineString", "coordinates": [ [ -52.17453340827673, -32.064377225487561 ], [ -52.174448739667099, -32.064492282968232 ] ] } },
{ "type": "Feature", "properties": { "tipo": "rua", "nome": "COSTA RICA", "drenagem": 0.0, "iluminacao": 1.0, "compriment": 117.12535766135611 }, "geometry": { "type": "LineString", "coordinates": [ [ -52.134154838017331, -32.052326827049441 ], [ -52.133984131384224, -32.052610756588436 ] ] } },
{ "type": "Feature", "properties": { "tipo": "rua", "nome": "GENERAL PORTINHO", "drenagem": 1.0, "iluminacao": 1.0, "compriment": 113.07139638299961 }, "geometry": { "type": "LineString", "coordinates": [ [ -52.103486448543009, -32.035610304534913 ], [ -52.103273241148038, -32.036613696112411 ] ] } },
{ "type": "Feature", "properties": { "tipo": "rua", "nome": "DOM BOSCO", "drenagem": 1.0, "iluminacao": 1.0, "compriment": 120.22911713569304 }, "geometry": { "type": "MultiLineString", "coordinates": [ [ [ -52.108364622573824, -32.039285242145191 ], [ -52.108405583704865, -32.039302908031516 ] ], [ [ -52.1084465448359, -32.039320573917841 ], [ -52.108496568914759, -32.03934214850986 ] ], [ [ -52.108569428229025, -32.039373571576824 ], [ -52.108610389360059, -32.03939123746315 ] ], [ [ -52.108651350491101, -32.039408903349475 ], [ -52.10944631704799, -32.039751759820255 ] ] ] } },
{ "type": "Feature", "properties": { "tipo": "rua", "nome": "COSTA RICA", "drenagem": 1.0, "iluminacao": 1.0, "compriment": 119.62040041222492 }, "geometry": { "type": "LineString", "coordinates": [ [ -52.133417641767117, -32.053562253172096 ], [ -52.132863375614278, -32.054532244457157 ] ] } },
{ "type": "Feature", "properties": { "tipo": "rua", "nome": "COSTA RICA", "drenagem": 1.0, "iluminacao": 1.0, "compriment": 57.009811159086532 }, "geometry": { "type": "LineString", "coordinates": [ [ -52.132863375614278, -32.054532244457157 ], [ -52.132596157320911, -32.054993255087531 ] ] } },
{ "type": "Feature", "properties": { "tipo": "rua", "nome": "COSTA RICA", "drenagem": 1.0, "iluminacao": 1.0, "compriment": 66.804116769079613 }, "geometry": { "type": "LineString", "coordinates": [ [ -52.132596157320911, -32.054993255087531 ], [ -52.132250787783157, -32.055519022026871 ] ] } },
{ "type": "Feature", "properties": { "tipo": "rua", "nome": "REPUBLICA DO SALVADOR", "drenagem": 0.0, "iluminacao": 1.0, "compriment": 122.06284225587603 }, "geometry": { "type": "LineString", "coordinates": [ [ -52.13444224483063, -32.050401653890574 ], [ -52.134415901915069, -32.050447259654064 ] ] } },
{ "type": "Feature", "properties": { "tipo": "rua", "nome": "REPUBLICA DO SALVADOR", "drenagem": 0.0, "iluminacao": 1.0, "compriment": 116.1383314370227 }, "geometry": { "type": "MultiLineString", "coordinates": [ [ [ -52.133514757032195, -32.051961919880725 ], [ -52.133491572470554, -32.051999138001129 ] ], [ [ -52.13347379590116, -32.05202767468473 ], [ -52.13329917131761, -32.052307999103903 ] ] ] } },
{ "type": "Feature", "properties": { "tipo": "rua", "nome": "REPUBLICA DO SALVADOR", "drenagem": 0.0, "iluminacao": 1.0, "compriment": 120.06559690256201 }, "geometry": { "type": "MultiLineString", "coordinates": [ [ [ -52.13329917131761, -32.052307999103903 ], [ -52.133228029114917, -32.052430934207713 ] ], [ [ -52.133187067983883, -32.052501715835284 ], [ -52.132737131170295, -32.053279215361485 ] ] ] } },
{ "type": "Feature", "properties": { "tipo": "rua", "nome": "REPUBLICA DO SALVADOR", "drenagem": 0.0, "iluminacao": 1.0, "compriment": 118.26137877410955 }, "geometry": { "type": "MultiLineString", "coordinates": [ [ [ -52.132737131170295, -32.053279215361485 ], [ -52.132332603952271, -32.05396527229103 ] ], [ [ -52.132326884232043, -32.053974972636325 ], [ -52.132175159382186, -32.054232290018177 ] ] ] } },
{ "type": "Feature", "properties": { "tipo": "rua", "nome": "REPUBLICA DO SALVADOR", "drenagem": 1.0, "iluminacao": 1.0, "compriment": 28.56192637550534 }, "geometry": { "type": "LineString", "coordinates": [ [ -52.132175159382186, -32.054232290018177 ], [ -52.132045803891948, -32.054465117260655 ] ] } },
{ "type": "Feature", "properties": { "tipo": "rua", "nome": "GUSTAVO SAMPAIO", "drenagem": 0.0, "iluminacao": 1.0, "compriment": 100.94460279285235 }, "geometry": { "type": "LineString", "coordinates": [ [ -52.137333815762737, -32.047534374717799 ], [ -52.137318735781363, -32.047560757671981 ] ] } },
{ "type": "Feature", "properties": { "tipo": "rua", "nome": "GUSTAVO SAMPAIO", "drenagem": 0.0, "iluminacao": 1.0, "compriment": 100.30814292532276 }, "geometry": { "type": "LineString", "coordinates": [ [ -52.137318735781363, -32.047560757671981 ], [ -52.136850863369965, -32.048372849311363 ] ] } },
{ "type": "Feature", "properties": { "tipo": "rua", "nome": "GARIBALDI", "drenagem": 0.0, "iluminacao": 0.0, "compriment": 72.222689044129268 }, "geometry": { "type": "LineString", "coordinates": [ [ -52.101142365865542, -32.037636546846649 ], [ -52.101636527454495, -32.037879689195428 ] ] } },
{ "type": "Feature", "properties": { "tipo": "rua", "nome": "GARIBALDI", "drenagem": 0.0, "iluminacao": 1.0, "compriment": 65.574088902689709 }, "geometry": { "type": "MultiLineString", "coordinates": [ [ [ -52.101636527454495, -32.037879689195428 ], [ -52.102015647262668, -32.038029035381534 ] ], [ [ -52.102021630413567, -32.03803139231659 ], [ -52.102266649122662, -32.038127912226493 ] ] ] } },
{ "type": "Feature", "properties": { "tipo": "rua", "nome": "VINTE E QUATRO DE MAIO", "drenagem": 1.0, "iluminacao": 1.0, "compriment": 95.772751862458946 }, "geometry": { "type": "MultiLineString", "coordinates": [ [ [ -52.100336240890044, -32.034882231626533 ], [ -52.100345174283419, -32.034918346357571 ] ], [ [ -52.100377202021079, -32.035047823822914 ], [ -52.100395835313726, -32.035123152012773 ] ], [ [ -52.100418163152121, -32.035213416019324 ], [ -52.10043636413797, -32.035286996536932 ] ], [ [ -52.100459124283162, -32.035379008215735 ], [ -52.100487025168277, -32.035491802192126 ] ], [ [ -52.100500085414204, -32.035544600412152 ], [ -52.100537686198578, -32.035696607847328 ] ], [ [ -52.100541046545239, -32.035710192608533 ], [ -52.100541341270002, -32.035711384082489 ] ] ] } },
{ "type": "Feature", "properties": { "tipo": "rua", "nome": "VINTE E QUATRO DE MAIO", "drenagem": 1.0, "iluminacao": 1.0, "compriment": 99.11721404801213 }, "geometry": { "type": "MultiLineString", "coordinates": [ [ [ -52.100558451473255, -32.035780554199128 ], [ -52.10057810062812, -32.035860452371487 ] ], [ [ -52.10058200767628, -32.035876339365579 ], [ -52.100608321029299, -32.035983335764605 ] ], [ [ -52.100622968807322, -32.036042897140213 ], [ -52.10063854143047, -32.036106219157723 ] ], [ [ -52.100663929938356, -32.036209454914818 ], [ -52.100688908765768, -32.036311024812925 ] ], [ [ -52.100704891069398, -32.036376012689452 ], [ -52.100739276101059, -32.036515830468119 ] ], [ [ -52.10074585220044, -32.036542570464086 ], [ -52.100773604561113, -32.036655418213087 ] ] ] } },
{ "type": "Feature", "properties": { "tipo": "rua", "nome": "VINTE E QUATRO DE MAIO", "drenagem": 1.0, "iluminacao": 1.0, "compriment": 101.42121606810979 }, "geometry": { "type": "MultiLineString", "coordinates": [ [ [ -52.100773604561113, -32.036655418213087 ], [ -52.100824800407615, -32.03688448064748 ] ], [ [ -52.100827774462516, -32.036897787278832 ], [ -52.100852265056488, -32.037007364040598 ] ], [ [ -52.100868735593558, -32.037081057153891 ], [ -52.100888884588329, -32.037171208564757 ] ], [ [ -52.100909696724599, -32.037264327028957 ], [ -52.100934659003123, -32.037376014219952 ] ], [ [ -52.100950657855641, -32.037447596904016 ], [ -52.100962123652003, -32.037498897613077 ] ] ] } },
{ "type": "Feature", "properties": { "tipo": "rua", "nome": "BENJAMIN CONSTANT", "drenagem": 1.0, "iluminacao": 1.0, "compriment": 106.5585866774986 }, "geometry": { "type": "LineString", "coordinates": [ [ -52.093883851453576, -32.035095077195813 ], [ -52.094132816987084, -32.036032345455261 ] ] } },
{ "type": "Feature", "properties": { "tipo": "rua", "nome": "ANTONIO RIBEIRO CARDOSO", "drenagem": 1.0, "iluminacao": 1.0, "compriment": 44.141596952643866 }, "geometry": { "type": "LineString", "coordinates": [ [ -52.12864412621493, -32.049878322124627 ], [ -52.128454036177196, -32.050241987867821 ] ] } },
{ "type": "Feature", "properties": { "tipo": "rua", "nome": "ANDRADAS", "drenagem": 1.0, "iluminacao": 1.0, "compriment": 81.725440320692726 }, "geometry": { "type": "LineString", "coordinates": [ [ -52.095370767167054, -32.033289934068755 ], [ -52.095542884218361, -32.034012216241855 ] ] } },
{ "type": "Feature", "properties": { "tipo": "rua", "nome": "GENERAL BACELAR", "drenagem": 0.0, "iluminacao": 1.0, "compriment": 109.9698385684022 }, "geometry": { "type": "LineString", "coordinates": [ [ -52.091447675454425, -32.032125445773325 ], [ -52.09257340747213, -32.032013153764566 ] ] } },
{ "type": "Feature", "properties": { "tipo": "rua", "nome": "GENERAL BACELAR", "drenagem": 0.0, "iluminacao": 1.0, "compriment": 48.933695176534435 }, "geometry": { "type": "MultiLineString", "coordinates": [ [ [ -52.09257340747213, -32.032013153764566 ], [ -52.092635548254577, -32.032006389124099 ] ], [ [ -52.092840353909779, -32.031984093997323 ], [ -52.09288131504082, -32.031979634971968 ] ] ] } },
{ "type": "Feature", "properties": { "tipo": "rua", "nome": "ALVARES CABRAL", "drenagem": 1.0, "iluminacao": 1.0, "compriment": 102.69 }, "geometry": { "type": "LineString", "coordinates": [ [ -52.128358434468005, -32.045786584282631 ], [ -52.127870987828466, -32.046614681260458 ] ] } },
{ "type": "Feature", "properties": { "tipo": "rua", "nome": "ALVARES CABRAL", "drenagem": 1.0, "iluminacao": 1.0, "compriment": 96.84 }, "geometry": { "type": "LineString", "coordinates": [ [ -52.127870987828466, -32.046614681260458 ], [ -52.127418794365731, -32.047398688145513 ] ] } },
{ "type": "Feature", "properties": { "tipo": "rua", "nome": "CANADÁ", "drenagem": 0.0, "iluminacao": 1.0, "compriment": 113.39449985881319 }, "geometry": { "type": "LineString", "coordinates": [ [ -52.13593835885942, -32.053507460212039 ], [ -52.135391040130621, -32.054417652961163 ] ] } },
{ "type": "Feature", "properties": { "tipo": "rua", "nome": "CANADÁ", "drenagem": 0.0, "iluminacao": 1.0, "compriment": 116.73975784778899 }, "geometry": { "type": "LineString", "coordinates": [ [ -52.135391040130621, -32.054417652961163 ], [ -52.134837092804858, -32.055358806723916 ] ] } },
{ "type": "Feature", "properties": { "tipo": "rua", "nome": "CANADÁ", "drenagem": 0.0, "iluminacao": 1.0, "compriment": 89.24611557047993 }, "geometry": { "type": "LineString", "coordinates": [ [ -52.134837092804858, -32.055358806723916 ], [ -52.134418397776869, -32.056080339546142 ] ] } },
{ "type": "Feature", "properties": { "tipo": "avenida", "nome": "ARGENTINA", "drenagem": 1.0, "iluminacao": 1.0, "compriment": 124.29729564490987 }, "geometry": { "type": "LineString", "coordinates": [ [ -52.136514194448203, -32.051343759904491 ], [ -52.136504919598096, -32.051358839921967 ] ] } },
{ "type": "Feature", "properties": { "tipo": "avenida", "nome": "ARGENTINA", "drenagem": 1.0, "iluminacao": 1.0, "compriment": 124.13782228127508 }, "geometry": { "type": "LineString", "coordinates": [ [ -52.135767619239381, -32.052568579798866 ], [ -52.135765246306306, -32.052572593835684 ] ] } },
{ "type": "Feature", "properties": { "tipo": "rua", "nome": "GENERAL BACELAR", "drenagem": 0.0, "iluminacao": 1.0, "compriment": 115.03290838491793 }, "geometry": { "type": "MultiLineString", "coordinates": [ [ [ -52.097800133504101, -32.031502330354598 ], [ -52.09828818433806, -32.03151169954694 ] ], [ [ -52.098452028862219, -32.031514844897281 ], [ -52.099017608907566, -32.031525702430677 ] ] ] } },
{ "type": "Feature", "properties": { "tipo": "rua", "nome": "GENERAL BACELAR", "drenagem": 1.0, "iluminacao": 1.0, "compriment": 58.921747379830144 }, "geometry": { "type": "LineString", "coordinates": [ [ -52.099017608907566, -32.031525702430677 ], [ -52.099640285815262, -32.031557138133543 ] ] } },
{ "type": "Feature", "properties": { "tipo": "rua", "nome": "MARECHAL FLORIANO PEIXOTO", "drenagem": 1.0, "iluminacao": 1.0, "compriment": 87.735965598836614 }, "geometry": { "type": "LineString", "coordinates": [ [ -52.096340785045676, -32.030977907624404 ], [ -52.097269556064433, -32.030971374526061 ] ] } },
{ "type": "Feature", "properties": { "tipo": "rua", "nome": "MARECHAL FLORIANO PEIXOTO", "drenagem": 1.0, "iluminacao": 1.0, "compriment": 129.47633143506312 }, "geometry": { "type": "LineString", "coordinates": [ [ -52.09766688053918, -32.03094669838945 ], [ -52.099037409732347, -32.030929389493686 ] ] } },
{ "type": "Feature", "properties": { "tipo": "rua", "nome": "MARECHAL FLORIANO PEIXOTO", "drenagem": 1.0, "iluminacao": 1.0, "compriment": 76.371867614238852 }, "geometry": { "type": "LineString", "coordinates": [ [ -52.099037409732347, -32.030929389493686 ], [ -52.099813351188324, -32.031122869150238 ] ] } },
{ "type": "Feature", "properties": { "tipo": "rua", "nome": "EQUADOR", "drenagem": 0.0, "iluminacao": 1.0, "compriment": 147.89237709791686 }, "geometry": { "type": "MultiLineString", "coordinates": [ [ [ -52.139882488079252, -32.054617200728423 ], [ -52.139865323697364, -32.054661611518704 ] ], [ [ -52.13986373234335, -32.054665728957346 ], [ -52.139849492578591, -32.054702572649745 ] ], [ [ -52.139822771212309, -32.05477171099691 ], [ -52.139817830341038, -32.054784494911829 ] ], [ [ -52.139801999222271, -32.054825456042863 ], [ -52.139754505865945, -32.054948339435981 ] ], [ [ -52.139748551742393, -32.054963745020302 ], [ -52.139722843628398, -32.055030261698064 ] ], [ [ -52.139699887819191, -32.055089657115566 ], [ -52.139659519153305, -32.055194106222224 ] ], [ [ -52.139658926688149, -32.055195639155123 ], [ -52.139643688034532, -32.055235067353259 ] ], [ [ -52.139536043295031, -32.055513585273786 ], [ -52.139532870203112, -32.055521795270543 ] ] ] } },
{ "type": "Feature", "properties": { "tipo": "rua", "nome": "EQUADOR", "drenagem": 0.0, "iluminacao": 1.0, "compriment": 165.2141469497794 }, "geometry": { "type": "MultiLineString", "coordinates": [ [ [ -52.139111654890762, -32.056709668070688 ], [ -52.139097606459998, -32.05675062920173 ] ], [ [ -52.139083558029235, -32.056791590332772 ], [ -52.138921626329434, -32.05726373598992 ] ] ] } },
{ "type": "Feature", "properties": { "tipo": "rua", "nome": "PANAMA", "drenagem": 0.0, "iluminacao": 1.0, "compriment": 127.59883385821971 }, "geometry": { "type": "MultiLineString", "coordinates": [ [ [ -52.138412914405677, -32.052063838732586 ], [ -52.13818432597072, -32.052678011931746 ] ], [ [ -52.138162580303899, -32.052736438359844 ], [ -52.138143364839685, -32.05278806661974 ] ], [ [ -52.138116844471476, -32.052859321752962 ], [ -52.138102403708643, -32.052898121307756 ] ], [ [ -52.13808268423147, -32.052951103753628 ], [ -52.13800465495676, -32.053160753420656 ] ] ] } },
{ "type": "Feature", "properties": { "tipo": "rua", "nome": "PANAMA", "drenagem": 1.0, "iluminacao": 1.0, "compriment": 163.44983196139458 }, "geometry": { "type": "LineString", "coordinates": [ [ -52.13724290999933, -32.055275362486569 ], [ -52.136732462439255, -32.056668706939654 ] ] } },
{ "type": "Feature", "properties": { "tipo": "rua", "nome": "CHILE", "drenagem": 0.0, "iluminacao": 1.0, "compriment": 53.106939460231345 }, "geometry": { "type": "LineString", "coordinates": [ [ -52.139740848950233, -32.053610331983016 ], [ -52.139822771212309, -32.053633755479567 ] ] } },
{ "type": "Feature", "properties": { "tipo": "rua", "nome": "BOLIVIA", "drenagem": 0.0, "iluminacao": 1.0, "compriment": 64.420573407393832 }, "geometry": { "type": "LineString", "coordinates": [ [ -52.128454036177196, -32.050241987867821 ], [ -52.129060312641194, -32.050508225228732 ] ] } },
{ "type": "Feature", "properties": { "tipo": "rua", "nome": "BOLIVIA", "drenagem": 1.0, "iluminacao": 1.0, "compriment": 67.71626587450244 }, "geometry": { "type": "LineString", "coordinates": [ [ -52.129060312641194, -32.050508225228732 ], [ -52.129706380636151, -32.050773090050683 ] ] } },
{ "type": "Feature", "properties": { "tipo": "rua", "nome": "BOLIVIA", "drenagem": 1.0, "iluminacao": 1.0, "compriment": 67.008849952964297 }, "geometry": { "type": "LineString", "coordinates": [ [ -52.129706380636151, -32.050773090050683 ], [ -52.130346688617095, -32.051033433481443 ] ] } },
{ "type": "Feature", "properties": { "tipo": "rua", "nome": "BOLIVIA", "drenagem": 1.0, "iluminacao": 1.0, "compriment": 66.210188287273127 }, "geometry": { "type": "MultiLineString", "coordinates": [ [ [ -52.131360267276001, -32.051475732905871 ], [ -52.13181174383989, -32.051677701461131 ] ], [ [ -52.131876311790606, -32.051706586007455 ], [ -52.131889330817238, -32.051712410083852 ] ] ] } },
{ "type": "Feature", "properties": { "tipo": "rua", "nome": "GENERAL GURJAO", "drenagem": 1.0, "iluminacao": 1.0, "compriment": 77.596116485942716 }, "geometry": { "type": "MultiLineString", "coordinates": [ [ [ -52.102266649122662, -32.038127912226493 ], [ -52.1020843514098, -32.038441003626986 ] ], [ [ -52.10205660839371, -32.03848865150816 ], [ -52.101941253506254, -32.038686770413221 ] ], [ [ -52.101933725000592, -32.038699700418455 ], [ -52.101901632471538, -32.038754818470728 ] ] ] } },
{ "type": "Feature", "properties": { "tipo": "rua", "nome": "GENERAL GURJAO", "drenagem": 1.0, "iluminacao": 1.0, "compriment": 91.722821171980485 }, "geometry": { "type": "LineString", "coordinates": [ [ -52.101901632471538, -32.038754818470728 ], [ -52.101486465827115, -32.039383109640902 ] ] } },
{ "type": "Feature", "properties": { "tipo": "rua", "nome": "JOAO MANOEL", "drenagem": 1.0, "iluminacao": 1.0, "compriment": 118.50413977953694 }, "geometry": { "type": "LineString", "coordinates": [ [ -52.106971900892191, -32.036727873269101 ], [ -52.108091761389147, -32.037209693350626 ] ] } },
{ "type": "Feature", "properties": { "tipo": "avenida", "nome": "PRESIDENTE VARGAS", "drenagem": 1.0, "iluminacao": 1.0, "compriment": 30.901850962633624 }, "geometry": { "type": "LineString", "coordinates": [ [ -52.109922386808606, -32.047198299662817 ], [ -52.110202001481959, -32.047343022208914 ] ] } },
{ "type": "Feature", "properties": { "tipo": "rua", "nome": "GUSTAVO SAMPAIO", "drenagem": 0.0, "iluminacao": 1.0, "compriment": 102.53226653407584 }, "geometry": { "type": "LineString", "coordinates": [ [ -52.136373459281195, -32.049190975512339 ], [ -52.135872492429847, -32.050011298643938 ] ] } },
{ "type": "Feature", "properties": { "tipo": "rua", "nome": "VIDAL DE NEGREIROS", "drenagem": 0.0, "iluminacao": 1.0, "compriment": 91.895046285618506 }, "geometry": { "type": "LineString", "coordinates": [ [ -52.144214862383244, -32.051701947983702 ], [ -52.143822991463765, -32.052460495306846 ] ] } },
{ "type": "Feature", "properties": { "tipo": "rua", "nome": "VIDAL DE NEGREIROS", "drenagem": 0.0, "iluminacao": 1.0, "compriment": 97.266480807329089 }, "geometry": { "type": "MultiLineString", "coordinates": [ [ [ -52.143822991463765, -32.052460495306846 ], [ -52.143769701366509, -32.052568928442085 ] ], [ [ -52.14344681224577, -32.053225933805209 ], [ -52.14342533269344, -32.053269639771663 ] ] ] } },
{ "type": "Feature", "properties": { "tipo": "rua", "nome": "PADRE VIEIRA", "drenagem": 0.0, "iluminacao": 1.0, "compriment": 91.338118344989326 }, "geometry": { "type": "MultiLineString", "coordinates": [ [ [ -52.145126744504324, -32.052110222927723 ], [ -52.144860990330194, -32.052650113155998 ] ], [ [ -52.14485811548407, -32.052655953520819 ], [ -52.144752817963962, -32.052869869642194 ] ] ] } },
{ "type": "Feature", "properties": { "tipo": "avenida", "nome": "PRESIDENTE VARGAS", "drenagem": 1.0, "iluminacao": 1.0, "compriment": 107.17493888963156 }, "geometry": { "type": "LineString", "coordinates": [ [ -52.110432699644186, -32.047460415842636 ], [ -52.111405986586604, -32.04795511486499 ], [ -52.111407164934, -32.047955713784731 ] ] } },
{ "type": "Feature", "properties": { "tipo": "avenida", "nome": "PRESIDENTE VARGAS", "drenagem": 1.0, "iluminacao": 1.0, "compriment": 59.411042340358136 }, "geometry": { "type": "LineString", "coordinates": [ [ -52.114232144058406, -32.04922258834241 ], [ -52.114804209654608, -32.04944545154153 ] ] } },
{ "type": "Feature", "properties": { "tipo": "avenida", "nome": "PRESIDENTE VARGAS", "drenagem": 1.0, "iluminacao": 0.0, "compriment": 27.785180417672695 }, "geometry": { "type": "LineString", "coordinates": [ [ -52.116671221567536, -32.050163571521765 ], [ -52.11693928990595, -32.050266818583928 ] ] } },
{ "type": "Feature", "properties": { "tipo": "avenida", "nome": "PRESIDENTE VARGAS", "drenagem": 1.0, "iluminacao": 1.0, "compriment": 53.671893069625256 }, "geometry": { "type": "LineString", "coordinates": [ [ -52.124168150355132, -32.053178533381498 ], [ -52.124680147499944, -32.053388625798071 ] ] } },
{ "type": "Feature", "properties": { "tipo": "avenida", "nome": "PRESIDENTE VARGAS", "drenagem": 1.0, "iluminacao": 1.0, "compriment": 116.02475790590233 }, "geometry": { "type": "LineString", "coordinates": [ [ -52.124680147499944, -32.053388625798071 ], [ -52.125312736927434, -32.053652668655253 ], [ -52.125818203608617, -32.053770630389842 ] ] } },
{ "type": "Feature", "properties": { "tipo": "avenida", "nome": "PRESIDENTE VARGAS", "drenagem": 1.0, "iluminacao": 1.0, "compriment": 115.78192401741543 }, "geometry": { "type": "LineString", "coordinates": [ [ -52.125818203608617, -32.053770630389842 ], [ -52.12474980128799, -32.053258495507485 ] ] } },
{ "type": "Feature", "properties": { "tipo": "avenida", "nome": "PRESIDENTE VARGAS", "drenagem": 1.0, "iluminacao": 1.0, "compriment": 107.56087273081967 }, "geometry": { "type": "LineString", "coordinates": [ [ -52.12474980128799, -32.053258495507485 ], [ -52.123725441688023, -32.052834463950823 ] ] } },
{ "type": "Feature", "properties": { "tipo": "avenida", "nome": "PRESIDENTE VARGAS", "drenagem": 1.0, "iluminacao": 1.0, "compriment": 176.09400011423293 }, "geometry": { "type": "LineString", "coordinates": [ [ -52.123725441688023, -32.052834463950823 ], [ -52.122044848575804, -32.052146541494594 ] ] } },
{ "type": "Feature", "properties": { "tipo": "avenida", "nome": "PRESIDENTE VARGAS", "drenagem": 1.0, "iluminacao": 1.0, "compriment": 108.54789114152811 }, "geometry": { "type": "LineString", "coordinates": [ [ -52.119448569912883, -32.051083733709646 ], [ -52.118403801733741, -32.050675709451632 ] ] } },
{ "type": "Feature", "properties": { "tipo": "avenida", "nome": "PRESIDENTE VARGAS", "drenagem": 1.0, "iluminacao": 1.0, "compriment": 28.013184288522361 }, "geometry": { "type": "LineString", "coordinates": [ [ -52.118403801733741, -32.050675709451632 ], [ -52.11813189124944, -32.050574763025686 ] ] } },
{ "type": "Feature", "properties": { "tipo": "avenida", "nome": "PRESIDENTE VARGAS", "drenagem": 1.0, "iluminacao": 1.0, "compriment": 34.802334528649034 }, "geometry": { "type": "LineString", "coordinates": [ [ -52.117280425690325, -32.050258652231953 ], [ -52.116946799745051, -32.050125367631225 ] ] } },
{ "type": "Feature", "properties": { "tipo": "avenida", "nome": "PRESIDENTE VARGAS", "drenagem": 1.0, "iluminacao": 0.0, "compriment": 67.00285765502457 }, "geometry": { "type": "LineString", "coordinates": [ [ -52.1161286223413, -32.049798497779143 ], [ -52.115483156436717, -32.049547709418789 ] ] } },
{ "type": "Feature", "properties": { "tipo": "avenida", "nome": "PRESIDENTE VARGAS", "drenagem": 1.0, "iluminacao": 1.0, "compriment": 13.401699519766883 }, "geometry": { "type": "LineString", "coordinates": [ [ -52.110302110038141, -32.047221112090881 ], [ -52.110178811186664, -32.04716129165805 ] ] } },
{ "type": "Feature", "properties": { "tipo": "avenida", "nome": "RHEINGANTZ", "drenagem": 0.0, "iluminacao": 1.0, "compriment": 120.58188146317077 }, "geometry": { "type": "LineString", "coordinates": [ [ -52.105367657752147, -32.044193537491346 ], [ -52.104495165212086, -32.043399666900122 ] ] } },
{ "type": "Feature", "properties": { "tipo": "rua", "nome": "AMERICA", "drenagem": 1.0, "iluminacao": 1.0, "compriment": 51.423134184915384 }, "geometry": { "type": "LineString", "coordinates": [ [ -52.113459744185135, -32.046436251559619 ], [ -52.113197327752431, -32.04684257775272 ] ] } },
{ "type": "Feature", "properties": { "tipo": "avenida", "nome": "RHEINGANTZ", "drenagem": 1.0, "iluminacao": 1.0, "compriment": 75.325983614000151 }, "geometry": { "type": "LineString", "coordinates": [ [ -52.102752947621383, -32.04166212726291 ], [ -52.103230049378602, -32.04209634781072 ] ] } },
{ "type": "Feature", "properties": { "tipo": "rua", "nome": "LUIZ LOREA", "drenagem": 1.0, "iluminacao": 1.0, "compriment": 58.968100945771134 }, "geometry": { "type": "LineString", "coordinates": [ [ -52.092135807211825, -32.033073628441677 ], [ -52.092749272864616, -32.032975118517882 ] ] } },
{ "type": "Feature", "properties": { "tipo": "rua", "nome": "LUIZ LOREA", "drenagem": 1.0, "iluminacao": 1.0, "compriment": 129.67745570858688 }, "geometry": { "type": "LineString", "coordinates": [ [ -52.09333188748225, -32.032881810264904 ], [ -52.093970706191797, -32.032780525186645 ] ] } },
{ "type": "Feature", "properties": { "tipo": "rua", "nome": "LUIZ LOREA", "drenagem": 1.0, "iluminacao": 1.0, "compriment": 36.273282681363824 }, "geometry": { "type": "LineString", "coordinates": [ [ -52.095543788558395, -32.032524874218986 ], [ -52.095609438283176, -32.032514112030427 ] ] } },
{ "type": "Feature", "properties": { "tipo": "rua", "nome": "OITO", "drenagem": 1.0, "iluminacao": 1.0, "compriment": 51.222668790316355 }, "geometry": { "type": "MultiLineString", "coordinates": [ [ [ -52.174954275213665, -32.064645875562455 ], [ -52.175276207819984, -32.064870384583948 ] ], [ [ -52.175295110692687, -32.064883567049371 ], [ -52.175373957529771, -32.064938553173469 ] ] ] } },
{ "type": "Feature", "properties": { "tipo": "rua", "nome": "SENADOR CORREA", "drenagem": 1.0, "iluminacao": 1.0, "compriment": 55.900772674157565 }, "geometry": { "type": "LineString", "coordinates": [ [ -52.099142705499155, -32.039904876813033 ], [ -52.099719927936384, -32.039793521655987 ] ] } },
{ "type": "Feature", "properties": { "tipo": "rua", "nome": "LUIZ LOREA", "drenagem": 1.0, "iluminacao": 1.0, "compriment": 92.069716891507269 }, "geometry": { "type": "MultiLineString", "coordinates": [ [ [ -52.095609438283176, -32.032514112030427 ], [ -52.09566667195152, -32.032504729192468 ] ], [ [ -52.095789555344638, -32.032484583795558 ], [ -52.096566571511822, -32.032357200438895 ] ] ] } },
{ "type": "Feature", "properties": { "tipo": "rua", "nome": "LUIZ LOREA", "drenagem": 1.0, "iluminacao": 1.0, "compriment": 126.10587448094732 }, "geometry": { "type": "LineString", "coordinates": [ [ -52.096643304876096, -32.032344509804176 ], [ -52.097509922848303, -32.032209743705543 ] ] } },
{ "type": "Feature", "properties": { "tipo": "rua", "nome": "GENERAL NETTO", "drenagem": 1.0, "iluminacao": 1.0, "compriment": 73.222355214097263 }, "geometry": { "type": "MultiLineString", "coordinates": [ [ [ -52.098042417551817, -32.032567567741495 ], [ -52.098062078951763, -32.032665484150392 ] ], [ [ -52.098078528762137, -32.032747406412469 ], [ -52.098087313700525, -32.03279115658394 ] ] ] } },
{ "type": "Feature", "properties": { "tipo": "rua", "nome": "GENERAL NETTO", "drenagem": 1.0, "iluminacao": 1.0, "compriment": 81.672867387806676 }, "geometry": { "type": "LineString", "coordinates": [ [ -52.098254015460853, -32.03347907421454 ], [ -52.098412791789684, -32.034203088144167 ] ] } },
{ "type": "Feature", "properties": { "tipo": "rua", "nome": "GENERAL NETTO", "drenagem": 1.0, "iluminacao": 1.0, "compriment": 6.9859871866415704 }, "geometry": { "type": "LineString", "coordinates": [ [ -52.098412791789684, -32.034203088144167 ], [ -52.098427725709286, -32.034264791148566 ] ] } },
{ "type": "Feature", "properties": { "tipo": "rua", "nome": "GENERAL NETTO", "drenagem": 1.0, "iluminacao": 1.0, "compriment": 104.0073767733136 }, "geometry": { "type": "LineString", "coordinates": [ [ -52.098427725709286, -32.034264791148566 ], [ -52.098650064417619, -32.035183425169279 ] ] } },
{ "type": "Feature", "properties": { "tipo": "rua", "nome": "GENERAL NETTO", "drenagem": 1.0, "iluminacao": 1.0, "compriment": 107.03281506005369 }, "geometry": { "type": "LineString", "coordinates": [ [ -52.099484802497514, -32.038849290127729 ], [ -52.099719927936384, -32.039793521655987 ] ] } },
{ "type": "Feature", "properties": { "tipo": "avenida", "nome": "SANTOS DUMONT", "drenagem": 1.0, "iluminacao": 1.0, "compriment": 173.74462230479668 }, "geometry": { "type": "LineString", "coordinates": [ [ -52.125818203608617, -32.053770630389842 ], [ -52.127474745466159, -32.054452305966997 ] ] } },
{ "type": "Feature", "properties": { "tipo": "avenida", "nome": "SANTOS DUMONT", "drenagem": 1.0, "iluminacao": 1.0, "compriment": 67.432217073236743 }, "geometry": { "type": "LineString", "coordinates": [ [ -52.127474745466159, -32.054452305966997 ], [ -52.12811245072929, -32.054725882247446 ] ] } },
{ "type": "Feature", "properties": { "tipo": "avenida", "nome": "SANTOS DUMONT", "drenagem": 1.0, "iluminacao": 1.0, "compriment": 134.92285935152537 }, "geometry": { "type": "LineString", "coordinates": [ [ -52.128912247729914, -32.055049505497095 ], [ -52.130198331792556, -32.055579455323745 ] ] } },
{ "type": "Feature", "properties": { "tipo": "avenida", "nome": "SANTOS DUMONT", "drenagem": 1.0, "iluminacao": 1.0, "compriment": 167.23652901975737 }, "geometry": { "type": "MultiLineString", "coordinates": [ [ [ -52.131828857713082, -32.056107014282112 ], [ -52.133432834770119, -32.056284307742068 ] ], [ [ -52.133575316415573, -32.056300056760293 ], [ -52.133585035832525, -32.056301131083053 ] ] ] } },
{ "type": "Feature", "properties": { "tipo": "rua", "nome": "PINTO BANDEIRA", "drenagem": 1.0, "iluminacao": 1.0, "compriment": 53.097097878514383 }, "geometry": { "type": "MultiLineString", "coordinates": [ [ [ -52.137696986749027, -32.053984649888648 ], [ -52.137815675791366, -32.054018463663056 ] ], [ [ -52.137897598053442, -32.05404180280906 ], [ -52.137966102062286, -32.054061319177677 ] ], [ [ -52.138060300338246, -32.054088155684148 ], [ -52.138061442577602, -32.054088481101083 ] ], [ [ -52.138204077171856, -32.05412911681519 ], [ -52.138225287101761, -32.054135159393098 ] ] ] } },
{ "type": "Feature", "properties": { "tipo": "rua", "nome": "ISRAEL NISENSON", "drenagem": 0.0, "iluminacao": 1.0, "compriment": 136.12397104626436 }, "geometry": { "type": "MultiLineString", "coordinates": [ [ [ -52.145721174082027, -32.053295043112669 ], [ -52.145885018606187, -32.05336944932295 ] ], [ [ -52.146024469188795, -32.053432777587517 ], [ -52.146048863130346, -32.053443855533231 ] ], [ [ -52.146204864265997, -32.053514699849593 ], [ -52.146215011785408, -32.053519308111397 ] ], [ [ -52.146241508870936, -32.053531341151427 ], [ -52.146294629916582, -32.05355546484865 ] ], [ [ -52.146475456881809, -32.053637583242711 ], [ -52.146499435571783, -32.053648472611506 ] ], [ [ -52.146565654420421, -32.053678544373753 ], [ -52.14658135783386, -32.053685675716643 ] ], [ [ -52.146611833404769, -32.053699515494017 ], [ -52.146704241226978, -32.053741480374356 ] ], [ [ -52.146745202358019, -32.053760081926924 ], [ -52.146868085751137, -32.053815886584637 ] ] ] } },
{ "type": "Feature", "properties": { "tipo": "rua", "nome": "ENGENHEIRO ELMER LAWSORENCE CORTHEILL", "drenagem": 0.0, "iluminacao": 1.0, "compriment": 76.435506105938401 }, "geometry": { "type": "LineString", "coordinates": [ [ -52.142395538453947, -32.050891380635271 ], [ -52.143112967983157, -32.051210436926851 ] ] } },
{ "type": "Feature", "properties": { "tipo": "rua", "nome": "ENGENHEIRO ELMER LAWSORENCE CORTHEILL", "drenagem": 0.0, "iluminacao": 1.0, "compriment": 135.08823772973307 }, "geometry": { "type": "MultiLineString", "coordinates": [ [ [ -52.146054383886622, -32.052512560279929 ], [ -52.146089824261381, -32.052528378490535 ] ], [ [ -52.146097115261, -32.052531632704643 ], [ -52.146171746523464, -32.052564943103739 ] ], [ [ -52.146188887830661, -32.052572593835684 ], [ -52.146212707654506, -32.052583225410345 ] ], [ [ -52.146555978109276, -32.052736438359844 ], [ -52.14658135783386, -32.052747766169759 ] ], [ [ -52.146739523248577, -32.05281836062192 ], [ -52.146745202358019, -32.052820895396167 ] ], [ [ -52.147097395759069, -32.052978090951505 ], [ -52.147113852537373, -32.052985436155581 ] ] ] } },
{ "type": "Feature", "properties": { "tipo": "rua", "nome": "PROFESSOR HENRIQUE FARJAT", "drenagem": 0.0, "iluminacao": 1.0, "compriment": 111.99696972151233 }, "geometry": { "type": "MultiLineString", "coordinates": [ [ [ -52.160870975701812, -32.05859388009852 ], [ -52.160876792566718, -32.058572908535957 ] ], [ [ -52.160905059766584, -32.058470996705395 ], [ -52.160916421121506, -32.058430035574361 ] ], [ [ -52.160939143831349, -32.058348113312277 ], [ -52.161041396025652, -32.057979463132924 ] ] ] } },
{ "type": "Feature", "properties": { "tipo": "rua", "nome": "JURAI XAVIER DA SILVA", "drenagem": 0.0, "iluminacao": 1.0, "compriment": 114.06482037086802 }, "geometry": { "type": "MultiLineString", "coordinates": [ [ [ -52.173253113463957, -32.061418503102033 ], [ -52.173417379372992, -32.061133470222977 ] ], [ [ -52.17343584183682, -32.061101434304817 ], [ -52.173488197702248, -32.061010586829859 ] ], [ [ -52.173511803811998, -32.060969625698817 ], [ -52.17353378205798, -32.06093148922384 ] ], [ [ -52.173615704320063, -32.060789338376125 ], [ -52.17378529401099, -32.060495067713724 ] ] ] } },
{ "type": "Feature", "properties": { "tipo": "rua", "nome": "ENGENHEIRO ELMER LAWSORENCE CORTHEILL", "drenagem": 0.0, "iluminacao": 1.0, "compriment": 114.10227974571563 }, "geometry": { "type": "MultiLineString", "coordinates": [ [ [ -52.147441541585692, -32.053131019064686 ], [ -52.147482502716734, -32.053149071115918 ] ], [ [ -52.14775447629323, -32.053268933063357 ], [ -52.147769230634012, -32.053275435474518 ] ], [ [ -52.147847419429432, -32.053309894194399 ], [ -52.147851152896088, -32.053311539576974 ] ] ] } },
{ "type": "Feature", "properties": { "tipo": "rua", "nome": "VIEIRA DE CASTRO", "drenagem": 0.0, "iluminacao": 1.0, "compriment": 91.078535497800274 }, "geometry": { "type": "LineString", "coordinates": [ [ -52.148161830507377, -32.054006233422072 ], [ -52.148140903603228, -32.054047194553114 ] ] } },
{ "type": "Feature", "properties": { "tipo": "rua", "nome": "GENERAL ABREU", "drenagem": 0.0, "iluminacao": 1.0, "compriment": 121.22226143319402 }, "geometry": { "type": "MultiLineString", "coordinates": [ [ [ -52.110768806726071, -32.042317339012385 ], [ -52.110803473832775, -32.042332311075761 ] ], [ [ -52.110822290436204, -32.042340437608544 ], [ -52.110898317400057, -32.042373272206795 ] ], [ [ -52.110904212698287, -32.042375818273861 ], [ -52.110993160967361, -32.042414233337837 ] ], [ [ -52.111027096091405, -32.042428889271839 ], [ -52.111088004534665, -32.042455194468879 ] ], [ [ -52.111109018353481, -32.042464269937156 ], [ -52.111182848101954, -32.042496155599913 ] ], [ [ -52.111190940615565, -32.042499650602473 ], [ -52.111277691669258, -32.042537116730955 ] ], [ [ -52.111313824008683, -32.042552721600451 ], [ -52.111372535236562, -32.042578077861997 ] ], [ [ -52.111395746270759, -32.042588102265768 ], [ -52.111467378803866, -32.042619038993038 ] ], [ [ -52.111518629663877, -32.042641173263739 ], [ -52.111562222371148, -32.042660000124073 ] ], [ [ -52.11160055192596, -32.042676553929063 ], [ -52.111657065938452, -32.042700961255115 ] ], [ [ -52.111694805298093, -32.042717260166043 ], [ -52.111846753073046, -32.042782883517191 ] ], [ [ -52.111887279843238, -32.042800386257667 ], [ -52.111913525291328, -32.042811721167027 ] ] ] } },
{ "type": "Feature", "properties": { "tipo": "rua", "nome": "PERU", "drenagem": 1.0, "iluminacao": 1.0, "compriment": 125.99187248671244 }, "geometry": { "type": "MultiLineString", "coordinates": [ [ [ -52.137064132491666, -32.052777399490878 ], [ -52.13708754847093, -32.052736438359844 ] ], [ [ -52.137110964450201, -32.052695477228802 ], [ -52.137119336563693, -32.052680832048516 ] ], [ [ -52.137157796408736, -32.052613554966719 ], [ -52.137160297694727, -32.052609179514292 ] ], [ [ -52.137181212388001, -32.052572593835684 ], [ -52.137201258825769, -32.052537526980053 ] ], [ [ -52.137228044346529, -32.052490671573601 ], [ -52.137645705609501, -32.051760064600977 ] ] ] } },
{ "type": "Feature", "properties": { "tipo": "rua", "nome": "CASIMIRO DE ABREU", "drenagem": 0.0, "iluminacao": 0.0, "compriment": 97.47042850112247 }, "geometry": { "type": "LineString", "coordinates": [ [ -52.127005850733887, -32.043315378220711 ], [ -52.126568324777715, -32.043999891171445 ] ] } },
{ "type": "Feature", "properties": { "tipo": "rua", "nome": "ERNESTO ALVES", "drenagem": 0.0, "iluminacao": 1.0, "compriment": 84.815070035409306 }, "geometry": { "type": "LineString", "coordinates": [ [ -52.117280425690325, -32.050258652231953 ], [ -52.117678459527689, -32.0495730066908 ] ] } },
{ "type": "Feature", "properties": { "tipo": "rua", "nome": "CALDAS JUNIOR", "drenagem": 1.0, "iluminacao": 1.0, "compriment": 212.48390250492179 }, "geometry": { "type": "MultiLineString", "coordinates": [ [ [ -52.127596835736149, -32.053227971932316 ], [ -52.127736030029205, -32.053303479141604 ] ], [ [ -52.127747855903152, -32.053309894194399 ], [ -52.129321432388231, -32.054163495059633 ] ] ] } },
{ "type": "Feature", "properties": { "tipo": "travessa", "nome": "QUARENTA E SETE", "drenagem": 1.0, "iluminacao": 1.0, "compriment": 61.386453961377278 }, "geometry": { "type": "LineString", "coordinates": [ [ -52.128998582242268, -32.054643976949812 ], [ -52.129321432388231, -32.054163495059633 ] ] } },
{ "type": "Feature", "properties": { "tipo": "rua", "nome": "CORREDOR DO BOSQUE SILVEIRA", "drenagem": 1.0, "iluminacao": 1.0, "compriment": 61.793067663183777 }, "geometry": { "type": "LineString", "coordinates": [ [ -52.164399449836125, -32.056790781023025 ], [ -52.164401600115788, -32.056791590332772 ] ] } },
{ "type": "Feature", "properties": { "tipo": "rua", "nome": "DOUTOR PAULINO DE MELLO DUTRA", "drenagem": 0.0, "iluminacao": 1.0, "compriment": 86.611007324907462 }, "geometry": { "type": "LineString", "coordinates": [ [ -52.168276553332753, -32.061788848319615 ], [ -52.1682907572849, -32.061766035597252 ] ] } },
{ "type": "Feature", "properties": { "tipo": "rua", "nome": "DOUTOR PAULINO DE MELLO DUTRA", "drenagem": 0.0, "iluminacao": 1.0, "compriment": 87.348556212940466 }, "geometry": { "type": "LineString", "coordinates": [ [ -52.168377306387541, -32.061625003795456 ], [ -52.168763689928923, -32.06098209202262 ] ] } },
{ "type": "Feature", "properties": { "tipo": "rua", "nome": "DOUTOR PAULINO DE MELLO DUTRA", "drenagem": 0.0, "iluminacao": 1.0, "compriment": 71.772521882201318 }, "geometry": { "type": "LineString", "coordinates": [ [ -52.168763689928923, -32.06098209202262 ], [ -52.169133444709828, -32.060416594123261 ] ] } },
{ "type": "Feature", "properties": { "tipo": "rua", "nome": "JOÃO DA SILVA SILVEIRA", "drenagem": 0.0, "iluminacao": 1.0, "compriment": 47.226040676737426 }, "geometry": { "type": "LineString", "coordinates": [ [ -52.165440976211805, -32.059768970580961 ], [ -52.165524496997058, -32.05937214158827 ] ] } },
{ "type": "Feature", "properties": { "tipo": "rua", "nome": "CORREDOR DO BOSQUE SILVEIRA", "drenagem": 1.0, "iluminacao": 1.0, "compriment": 92.099164302923398 }, "geometry": { "type": "LineString", "coordinates": [ [ -52.17218466093707, -32.059724734183433 ], [ -52.17303374807814, -32.060133376867981 ] ] } },
{ "type": "Feature", "properties": { "tipo": "rua", "nome": "FRANCISCO DANDALO DE SETA", "drenagem": 0.0, "iluminacao": 1.0, "compriment": 58.111577350697701 }, "geometry": { "type": "LineString", "coordinates": [ [ -52.164671657123918, -32.059331180457235 ], [ -52.164718036437414, -32.059126374802034 ] ] } },
{ "type": "Feature", "properties": { "tipo": "rua", "nome": "RAFAEL ANSELMI", "drenagem": 0.0, "iluminacao": 1.0, "compriment": 111.36213539685873 }, "geometry": { "type": "LineString", "coordinates": [ [ -52.142000038573755, -32.049588413741674 ], [ -52.141542837086675, -32.050514128860812 ] ] } },
{ "type": "Feature", "properties": { "tipo": "rua", "nome": "SEM DENOMINACAO", "drenagem": 0.0, "iluminacao": 1.0, "compriment": 69.495273546257266 }, "geometry": { "type": "LineString", "coordinates": [ [ -52.182366038367498, -32.067170728537491 ], [ -52.181941468584739, -32.066990911961653 ] ] } },
{ "type": "Feature", "properties": { "tipo": "rua", "nome": "COELHO NETO", "drenagem": 0.0, "iluminacao": 1.0, "compriment": 64.538778332904315 }, "geometry": { "type": "LineString", "coordinates": [ [ -52.161596897479583, -32.056430500305297 ], [ -52.161334648643013, -32.056967962830981 ] ] } },
{ "type": "Feature", "properties": { "tipo": "rua", "nome": "ANTONIO JOAO", "drenagem": 0.0, "iluminacao": 1.0, "compriment": 76.745316302252462 }, "geometry": { "type": "LineString", "coordinates": [ [ -52.160570429560927, -32.055930471636586 ], [ -52.160259617674242, -32.056569953009365 ] ] } },
{ "type": "Feature", "properties": { "tipo": "rua", "nome": "ALBERTO DE OLIVEIRA", "drenagem": 0.0, "iluminacao": 1.0, "compriment": 112.83626883077929 }, "geometry": { "type": "MultiLineString", "coordinates": [ [ [ -52.15649994596572, -32.056341017891334 ], [ -52.156493951545464, -32.056352205240771 ] ], [ [ -52.156477998118739, -32.056381979022376 ], [ -52.156202342261295, -32.056896433843818 ] ], [ [ -52.156170728261039, -32.056955434856931 ], [ -52.156148780414064, -32.056996395987966 ] ], [ [ -52.156084340235068, -32.057116660295371 ], [ -52.156039041179163, -32.057201201643167 ] ] ] } },
{ "type": "Feature", "properties": { "tipo": "rua", "nome": "ALBERTO DE OLIVEIRA", "drenagem": 0.0, "iluminacao": 1.0, "compriment": 111.47768973178364 }, "geometry": { "type": "MultiLineString", "coordinates": [ [ [ -52.156002417972992, -32.057275067161463 ], [ -52.155999251812148, -32.057281540824825 ] ], [ [ -52.155798143489548, -32.057692735215646 ], [ -52.155797612317791, -32.057693821271386 ] ] ] } },
{ "type": "Feature", "properties": { "tipo": "rua", "nome": "HENRIQUE DIAS", "drenagem": 0.0, "iluminacao": 1.0, "compriment": 166.24954750413067 }, "geometry": { "type": "LineString", "coordinates": [ [ -52.140729527224643, -32.057692735215646 ], [ -52.140714159276129, -32.057733696346681 ] ] } },
{ "type": "Feature", "properties": { "tipo": "rua", "nome": "14 BIS", "drenagem": 0.0, "iluminacao": 1.0, "compriment": 38.869371535235118 }, "geometry": { "type": "LineString", "coordinates": [ [ -52.127688750559564, -32.054152885046584 ], [ -52.127474745466159, -32.054452305966997 ] ] } },
{ "type": "Feature", "properties": { "tipo": "rua", "nome": "GENERAL ABREU", "drenagem": 0.0, "iluminacao": 1.0, "compriment": 120.37953556060242 }, "geometry": { "type": "MultiLineString", "coordinates": [ [ [ -52.109624042028678, -32.041840087940308 ], [ -52.110608215732256, -32.042250388813677 ] ], [ [ -52.11061748478101, -32.042254253069331 ], [ -52.110706467699671, -32.042291349944719 ] ], [ [ -52.110740368174127, -32.042305483013124 ], [ -52.110768806726071, -32.042317339012385 ] ] ] } },
{ "type": "Feature", "properties": { "tipo": "rua", "nome": "EDUARDO ARAÚJO", "drenagem": 0.0, "iluminacao": 1.0, "compriment": 117.58852253306708 }, "geometry": { "type": "MultiLineString", "coordinates": [ [ [ -52.150840333164574, -32.0552760284843 ], [ -52.15088227659303, -32.055292049155078 ] ], [ [ -52.151376531146767, -32.055480834139502 ], [ -52.151414771296544, -32.055495440309592 ] ], [ [ -52.151483770743212, -32.055521795270543 ], [ -52.151537654689662, -32.055542376729861 ] ], [ [ -52.151591010339637, -32.055562756401578 ], [ -52.151619576951745, -32.055573667676711 ] ] ] } },
{ "type": "Feature", "properties": { "tipo": "rua", "nome": "EDUARDO ARAÚJO", "drenagem": 0.0, "iluminacao": 1.0, "compriment": 89.328206883523009 }, "geometry": { "type": "MultiLineString", "coordinates": [ [ [ -52.161893866520835, -32.059126374802034 ], [ -52.16190082084271, -32.059127558149832 ] ], [ [ -52.162375308899293, -32.05920829706411 ], [ -52.162392354415182, -32.059211197530047 ] ] ] } },
{ "type": "Feature", "properties": { "tipo": "rua", "nome": "GENERAL ABREU", "drenagem": 0.0, "iluminacao": 1.0, "compriment": 62.481374072921746 }, "geometry": { "type": "LineString", "coordinates": [ [ -52.119915661527017, -32.046233597205244 ], [ -52.120293431287465, -32.046391945855376 ] ] } },
{ "type": "Feature", "properties": { "tipo": "rua", "nome": "GENERAL ABREU", "drenagem": 0.0, "iluminacao": 1.0, "compriment": 68.034976067485005 }, "geometry": { "type": "LineString", "coordinates": [ [ -52.125207729752802, -32.048486468623672 ], [ -52.125857146918094, -32.048752008423619 ] ] } },
{ "type": "Feature", "properties": { "tipo": "rua", "nome": "EDUARDO ARAÚJO", "drenagem": 0.0, "iluminacao": 1.0, "compriment": 131.47049319274046 }, "geometry": { "type": "LineString", "coordinates": [ [ -52.165440976211805, -32.059768970580961 ], [ -52.166765103042231, -32.060135247671198 ] ] } },
{ "type": "Feature", "properties": { "tipo": "rua", "nome": "DOM BOSCO", "drenagem": 1.0, "iluminacao": 1.0, "compriment": 61.097454711206865 }, "geometry": { "type": "MultiLineString", "coordinates": [ [ [ -52.123548601804728, -32.045773046083092 ], [ -52.123561202189549, -32.045778347047253 ] ], [ [ -52.123642367416593, -32.045812493144055 ], [ -52.123645966359177, -32.045814007214133 ] ], [ [ -52.123725046713709, -32.045847276208001 ], [ -52.12376600784475, -32.045864508498191 ] ], [ [ -52.123840695468047, -32.04589592947621 ], [ -52.123970813499945, -32.045950669949121 ] ] ] } },
{ "type": "Feature", "properties": { "tipo": "rua", "nome": "DOM BOSCO", "drenagem": 1.0, "iluminacao": 1.0, "compriment": 25.332281479680823 }, "geometry": { "type": "LineString", "coordinates": [ [ -52.126283595260347, -32.046930795409118 ], [ -52.126526556905432, -32.047027581014113 ] ] } },
{ "type": "Feature", "properties": { "tipo": "rua", "nome": "EDUARDO ARAÚJO", "drenagem": 0.0, "iluminacao": 1.0, "compriment": 109.42990169680903 }, "geometry": { "type": "LineString", "coordinates": [ [ -52.166765103042231, -32.060135247671198 ], [ -52.167838497796581, -32.060507145546346 ] ] } },
{ "type": "Feature", "properties": { "tipo": "rua", "nome": "EDUARDO ARAÚJO", "drenagem": 0.0, "iluminacao": 1.0, "compriment": 141.65351159528558 }, "geometry": { "type": "LineString", "coordinates": [ [ -52.168763689928923, -32.06098209202262 ], [ -52.170029783704827, -32.061667215352166 ] ] } },
{ "type": "Feature", "properties": { "tipo": "rua", "nome": "EDUARDO ARAÚJO", "drenagem": 0.0, "iluminacao": 1.0, "compriment": 74.989709050701251 }, "geometry": { "type": "LineString", "coordinates": [ [ -52.170029783704827, -32.061667215352166 ], [ -52.170725092671454, -32.06199392890467 ] ] } },
{ "type": "Feature", "properties": { "tipo": "rua", "nome": "EDUARDO ARAÚJO", "drenagem": 0.0, "iluminacao": 1.0, "compriment": 93.769905729227489 }, "geometry": { "type": "LineString", "coordinates": [ [ -52.170725092671454, -32.06199392890467 ], [ -52.171590030104596, -32.062409342081665 ] ] } },
{ "type": "Feature", "properties": { "tipo": "rua", "nome": "EDUARDO ARAÚJO", "drenagem": 0.0, "iluminacao": 1.0, "compriment": 82.808504623888595 }, "geometry": { "type": "LineString", "coordinates": [ [ -52.171590030104596, -32.062409342081665 ], [ -52.172362031218107, -32.062763577645072 ] ] } },
{ "type": "Feature", "properties": { "tipo": "rua", "nome": "EDUARDO ARAÚJO", "drenagem": 0.0, "iluminacao": 1.0, "compriment": 95.536219066848318 }, "geometry": { "type": "LineString", "coordinates": [ [ -52.172362031218107, -32.062763577645072 ], [ -52.173165131878626, -32.063148689823812 ] ] } },
{ "type": "Feature", "properties": { "tipo": "rua", "nome": "BARÃO DO LADÁRIO", "drenagem": 0.0, "iluminacao": 1.0, "compriment": 111.99068368608307 }, "geometry": { "type": "LineString", "coordinates": [ [ -52.152689792019686, -32.053739624072691 ], [ -52.153772737730421, -32.054151166952479 ] ] } },
{ "type": "Feature", "properties": { "tipo": "rua", "nome": "BARÃO DO LADÁRIO", "drenagem": 0.0, "iluminacao": 1.0, "compriment": 9.8227258789853877 }, "geometry": { "type": "LineString", "coordinates": [ [ -52.153772737730421, -32.054151166952479 ], [ -52.153867228165012, -32.054188194116435 ] ] } },
{ "type": "Feature", "properties": { "tipo": "rua", "nome": "BARÃO DO LADÁRIO", "drenagem": 0.0, "iluminacao": 1.0, "compriment": 110.58162271187298 }, "geometry": { "type": "LineString", "coordinates": [ [ -52.154839692090668, -32.054534098425911 ], [ -52.155912461071338, -32.054933833704276 ] ] } },
{ "type": "Feature", "properties": { "tipo": "rua", "nome": "BARÃO DO LADÁRIO", "drenagem": 0.0, "iluminacao": 1.0, "compriment": 110.43890588099316 }, "geometry": { "type": "MultiLineString", "coordinates": [ [ [ -52.155912461071338, -32.054933833704276 ], [ -52.156190078447395, -32.055036932467516 ] ], [ [ -52.15628914589027, -32.055073723143167 ], [ -52.156371068152346, -32.055104146613132 ] ], [ [ -52.156392710576725, -32.055112183960141 ], [ -52.156768543789646, -32.055251757138116 ] ], [ [ -52.156803361585702, -32.05526468742282 ], [ -52.156984426453, -32.055331929481476 ] ] ] } },
{ "type": "Feature", "properties": { "tipo": "rua", "nome": "BARÃO DO LADÁRIO", "drenagem": 0.0, "iluminacao": 1.0, "compriment": 110.44414289808419 }, "geometry": { "type": "LineString", "coordinates": [ [ -52.1580878958992, -32.055769484259315 ], [ -52.159155413445362, -32.056176290493681 ] ] } },
{ "type": "Feature", "properties": { "tipo": "rua", "nome": "GROELANDIA", "drenagem": 0.0, "iluminacao": 1.0, "compriment": 73.316950226494697 }, "geometry": { "type": "LineString", "coordinates": [ [ -52.133552250574418, -32.054830299055439 ], [ -52.134211096259875, -32.055096886295523 ] ] } },
{ "type": "Feature", "properties": { "tipo": "rua", "nome": "BERNARDO TAVEIRA", "drenagem": 1.0, "iluminacao": 1.0, "compriment": 110.50276050283027 }, "geometry": { "type": "MultiLineString", "coordinates": [ [ [ -52.156739718331707, -32.056364893550821 ], [ -52.156785321100521, -32.056381979022376 ] ], [ [ -52.156894650303563, -32.056422940153411 ], [ -52.156903562855867, -32.056426279318174 ] ], [ [ -52.156985485117943, -32.056456972201858 ], [ -52.157003979506626, -32.056463901284452 ] ], [ [ -52.157108368511061, -32.056503011527369 ], [ -52.15711330870969, -32.056504862415494 ] ] ] } },
{ "type": "Feature", "properties": { "tipo": "rua", "nome": "BERNARDO TAVEIRA", "drenagem": 1.0, "iluminacao": 1.0, "compriment": 43.933317976248318 }, "geometry": { "type": "LineString", "coordinates": [ [ -52.165054827932764, -32.059205008444451 ], [ -52.165065605209698, -32.05920829706411 ] ] } },
{ "type": "Feature", "properties": { "tipo": "rua", "nome": "CRISTOVAO PEREIRA", "drenagem": 1.0, "iluminacao": 1.0, "compriment": 116.42487052260091 }, "geometry": { "type": "LineString", "coordinates": [ [ -52.152048156121239, -32.052384337166757 ], [ -52.153165907923885, -32.052827230745052 ] ] } },
{ "type": "Feature", "properties": { "tipo": "rua", "nome": "CRISTOVAO PEREIRA", "drenagem": 1.0, "iluminacao": 1.0, "compriment": 110.99912160941072 }, "geometry": { "type": "LineString", "coordinates": [ [ -52.155333166600634, -32.053583047549886 ], [ -52.156390175126013, -32.054020815732258 ] ] } },
{ "type": "Feature", "properties": { "tipo": "rua", "nome": "TORQUATO PONTES", "drenagem": 0.0, "iluminacao": 1.0, "compriment": 100.65185409314543 }, "geometry": { "type": "LineString", "coordinates": [ [ -52.167838497796581, -32.060507145546346 ], [ -52.16823245014281, -32.05990463629179 ] ] } },
{ "type": "Feature", "properties": { "tipo": "rua", "nome": "LEOPOLDO FROES", "drenagem": 0.0, "iluminacao": 1.0, "compriment": 86.215179633786235 }, "geometry": { "type": "MultiLineString", "coordinates": [ [ [ -52.169597729735706, -32.062321343023129 ], [ -52.16960151347817, -32.062315614454882 ] ], [ [ -52.169624784728228, -32.062280381892087 ], [ -52.169678894713265, -32.062198459630011 ] ], [ [ -52.169888241395448, -32.061881509740815 ], [ -52.170029783704827, -32.061667215352166 ] ] ] } },
{ "type": "Feature", "properties": { "tipo": "rua", "nome": "LEOPOLDO FROES", "drenagem": 0.0, "iluminacao": 1.0, "compriment": 86.520996953242815 }, "geometry": { "type": "LineString", "coordinates": [ [ -52.170029783704827, -32.061667215352166 ], [ -52.170456577382403, -32.060976777583278 ] ] } },
{ "type": "Feature", "properties": { "tipo": "rua", "nome": "JOAQUIM GONCALVES LEDO", "drenagem": 0.0, "iluminacao": 1.0, "compriment": 97.588195218129286 }, "geometry": { "type": "LineString", "coordinates": [ [ -52.192786653490671, -32.078373547014564 ], [ -52.192795698466931, -32.078378106390694 ] ] } },
{ "type": "Feature", "properties": { "tipo": "rua", "nome": "MEXICO", "drenagem": 0.0, "iluminacao": 1.0, "compriment": 163.75095987450464 }, "geometry": { "type": "MultiLineString", "coordinates": [ [ [ -52.137772345534188, -32.055412653725369 ], [ -52.137649192834033, -32.055767562056779 ] ], [ [ -52.13756990900513, -32.055996046624202 ], [ -52.137549698643284, -32.056054289974057 ] ], [ [ -52.137528947874088, -32.056114090699985 ], [ -52.137521271731643, -32.056136212236133 ] ], [ [ -52.137487986743047, -32.056232134775776 ], [ -52.137280931723247, -32.056828837499246 ] ] ] } },
{ "type": "Feature", "properties": { "tipo": "rua", "nome": "JOAQUIM GONCALVES LEDO", "drenagem": 0.0, "iluminacao": 1.0, "compriment": 91.269269629240839 }, "geometry": { "type": "LineString", "coordinates": [ [ -52.192867435908717, -32.078415638287005 ], [ -52.192873925868696, -32.078419067521729 ] ] } },
{ "type": "Feature", "properties": { "tipo": "rua", "nome": "JOAQUIM GONCALVES LEDO", "drenagem": 0.0, "iluminacao": 0.0, "compriment": 92.527838613995868 }, "geometry": { "type": "LineString", "coordinates": [ [ -52.193645697398473, -32.0788273237414 ], [ -52.193648104065439, -32.078828678832124 ] ] } },
{ "type": "Feature", "properties": { "tipo": "rua", "nome": "FORTE SANTANA", "drenagem": 0.0, "iluminacao": 1.0, "compriment": 120.02310016490563 }, "geometry": { "type": "LineString", "coordinates": [ [ -52.124680147499944, -32.053388625798071 ], [ -52.124657398208996, -32.05343033895786 ] ] } },
{ "type": "Feature", "properties": { "tipo": "rua", "nome": "CALDAS JUNIOR", "drenagem": 1.0, "iluminacao": 1.0, "compriment": 260.6218842569204 }, "geometry": { "type": "LineString", "coordinates": [ [ -52.119069020727018, -32.0485659148422 ], [ -52.121402513277431, -32.049820566552789 ] ] } },
{ "type": "Feature", "properties": { "tipo": "rua", "nome": "CALDAS JUNIOR", "drenagem": 1.0, "iluminacao": 1.0, "compriment": 244.24471486241427 }, "geometry": { "type": "LineString", "coordinates": [ [ -52.121402513277431, -32.049820566552789 ], [ -52.12358424310095, -32.051003307040709 ] ] } },
{ "type": "Feature", "properties": { "tipo": "travessa", "nome": "J. MINHEMANN", "drenagem": 0.0, "iluminacao": 1.0, "compriment": 104.46460511308963 }, "geometry": { "type": "LineString", "coordinates": [ [ -52.111087944944735, -32.043691580214364 ], [ -52.110584333429252, -32.044530336347307 ] ] } },
{ "type": "Feature", "properties": { "tipo": "rua", "nome": "JOSE VERISSIMO", "drenagem": 0.0, "iluminacao": 1.0, "compriment": 98.275252267425429 }, "geometry": { "type": "MultiLineString", "coordinates": [ [ [ -52.122510155604978, -32.047358028187936 ], [ -52.122478139289257, -32.047411491324681 ] ], [ [ -52.122183785179061, -32.04790302489716 ], [ -52.122085667142329, -32.048066869421312 ] ], [ [ -52.12205378578436, -32.048120107195935 ], [ -52.12203736650509, -32.048147525284278 ] ] ] } },
{ "type": "Feature", "properties": { "tipo": "avenida", "nome": "DOS BANDEIRANTES", "drenagem": 1.0, "iluminacao": 1.0, "compriment": 99.149260655527513 }, "geometry": { "type": "LineString", "coordinates": [ [ -52.145213452752927, -32.054047194553114 ], [ -52.145273247185017, -32.054074355188504 ] ] } },
{ "type": "Feature", "properties": { "tipo": "avenida", "nome": "DOS BANDEIRANTES", "drenagem": 1.0, "iluminacao": 1.0, "compriment": 110.175706144974 }, "geometry": { "type": "MultiLineString", "coordinates": [ [ [ -52.146569287883551, -32.054634137750561 ], [ -52.146622318964901, -32.054657319831364 ] ], [ [ -52.146632136583186, -32.054661611518704 ], [ -52.146704241226978, -32.054693131443173 ] ], [ [ -52.146725838830655, -32.054702572649745 ], [ -52.146786163489061, -32.05472894305499 ] ], [ [ -52.146819541078131, -32.054743533780787 ], [ -52.146868085751137, -32.054764754666799 ] ], [ [ -52.146913243325599, -32.054784494911829 ], [ -52.146990969144255, -32.054818472084513 ] ], [ [ -52.147006945573061, -32.054825456042863 ], [ -52.147072891406339, -32.054854283696322 ] ], [ [ -52.14710064782053, -32.054866417173905 ], [ -52.147154813668415, -32.054890095308131 ] ], [ [ -52.147194350068006, -32.054907378304947 ], [ -52.147248591523145, -32.054931089490232 ] ], [ [ -52.147475456810405, -32.055030261698064 ], [ -52.147482502716734, -32.055033341755376 ] ] ] } },
{ "type": "Feature", "properties": { "tipo": "avenida", "nome": "DOS BANDEIRANTES", "drenagem": 1.0, "iluminacao": 1.0, "compriment": 150.0077025391777 }, "geometry": { "type": "LineString", "coordinates": [ [ -52.147749772617864, -32.055153145091182 ], [ -52.147775009397776, -32.055164702618718 ] ] } },
{ "type": "Feature", "properties": { "tipo": "avenida", "nome": "BUARQUE DE MACEDO", "drenagem": 0.0, "iluminacao": 1.0, "compriment": 43.845120001886563 }, "geometry": { "type": "MultiLineString", "coordinates": [ [ [ -52.125580388251009, -32.049758640790827 ], [ -52.125568297610492, -32.049756584749645 ] ], [ [ -52.125527336479458, -32.049749619215241 ], [ -52.125125120468695, -32.04968122145894 ] ] ] } },
{ "type": "Feature", "properties": { "tipo": "avenida", "nome": "BUARQUE DE MACEDO", "drenagem": 0.0, "iluminacao": 1.0, "compriment": 160.04534675072358 }, "geometry": { "type": "LineString", "coordinates": [ [ -52.125125120468695, -32.04968122145894 ], [ -52.123608436929331, -32.049037387380565 ] ] } },
{ "type": "Feature", "properties": { "tipo": "avenida", "nome": "BUARQUE DE MACEDO", "drenagem": 1.0, "iluminacao": 1.0, "compriment": 57.151665080479439 }, "geometry": { "type": "MultiLineString", "coordinates": [ [ [ -52.121931611950544, -32.048311469814145 ], [ -52.121816364157816, -32.048263429775027 ] ], [ [ -52.121790323491588, -32.048252574950006 ], [ -52.121388077259809, -32.048084902110013 ] ] ] } },
{ "type": "Feature", "properties": { "tipo": "avenida", "nome": "BUARQUE DE MACEDO", "drenagem": 1.0, "iluminacao": 1.0, "compriment": 49.178461835131024 }, "geometry": { "type": "MultiLineString", "coordinates": [ [ [ -52.121388077259809, -32.048084902110013 ], [ -52.121349301113405, -32.048068843543462 ] ], [ [ -52.121344534258952, -32.048066869421312 ], [ -52.120919785769637, -32.04789096612727 ] ] ] } },
{ "type": "Feature", "properties": { "tipo": "avenida", "nome": "BUARQUE DE MACEDO", "drenagem": 1.0, "iluminacao": 1.0, "compriment": 65.162352726737751 }, "geometry": { "type": "MultiLineString", "coordinates": [ [ [ -52.120919785769637, -32.04789096612727 ], [ -52.120898728671968, -32.047882051530102 ] ], [ [ -52.120857767540933, -32.047864710489641 ], [ -52.120530078492614, -32.047725982165915 ] ], [ [ -52.120489117361572, -32.047708641125446 ], [ -52.120325272837412, -32.047639276963586 ] ] ] } },
{ "type": "Feature", "properties": { "tipo": "avenida", "nome": "BUARQUE DE MACEDO", "drenagem": 1.0, "iluminacao": 1.0, "compriment": 56.667392476021512 }, "geometry": { "type": "LineString", "coordinates": [ [ -52.12017771015536, -32.04757533584884 ], [ -52.120161428313253, -32.047568250229716 ] ] } },
{ "type": "Feature", "properties": { "tipo": "avenida", "nome": "BUARQUE DE MACEDO", "drenagem": 1.0, "iluminacao": 1.0, "compriment": 70.346484218101921 }, "geometry": { "type": "LineString", "coordinates": [ [ -52.115624409735013, -32.045628385123869 ], [ -52.114952066783552, -32.045355398127633 ] ] } },
{ "type": "Feature", "properties": { "tipo": "avenida", "nome": "BUARQUE DE MACEDO", "drenagem": 1.0, "iluminacao": 1.0, "compriment": 25.651968661949795 }, "geometry": { "type": "LineString", "coordinates": [ [ -52.114952066783552, -32.045355398127633 ], [ -52.114711952408918, -32.045247281240322 ] ] } },
{ "type": "Feature", "properties": { "tipo": "avenida", "nome": "BUARQUE DE MACEDO", "drenagem": 1.0, "iluminacao": 1.0, "compriment": 116.72176717151675 }, "geometry": { "type": "MultiLineString", "coordinates": [ [ [ -52.114711952408918, -32.045247281240322 ], [ -52.113689569608987, -32.044799481305695 ] ], [ [ -52.113667874525106, -32.044789978938141 ], [ -52.113612910188145, -32.044765904759174 ] ] ] } },
{ "type": "Feature", "properties": { "tipo": "avenida", "nome": "BUARQUE DE MACEDO", "drenagem": 1.0, "iluminacao": 1.0, "compriment": 82.81414659751519 }, "geometry": { "type": "LineString", "coordinates": [ [ -52.11247268002893, -32.044287999984533 ], [ -52.111691173440427, -32.043949365901483 ] ] } },
{ "type": "Feature", "properties": { "tipo": "avenida", "nome": "BUARQUE DE MACEDO", "drenagem": 1.0, "iluminacao": 1.0, "compriment": 36.394983240037718 }, "geometry": { "type": "LineString", "coordinates": [ [ -52.111691173440427, -32.043949365901483 ], [ -52.111347720435916, -32.043800542172711 ] ] } },
{ "type": "Feature", "properties": { "tipo": "avenida", "nome": "BUARQUE DE MACEDO", "drenagem": 1.0, "iluminacao": 1.0, "compriment": 27.349047431271433 }, "geometry": { "type": "LineString", "coordinates": [ [ -52.111347720435916, -32.043800542172711 ], [ -52.111087944944735, -32.043691580214364 ] ] } },
{ "type": "Feature", "properties": { "tipo": "avenida", "nome": "BUARQUE DE MACEDO", "drenagem": 1.0, "iluminacao": 1.0, "compriment": 94.914729880580865 }, "geometry": { "type": "LineString", "coordinates": [ [ -52.111087944944735, -32.043691580214364 ], [ -52.110186400240345, -32.043313424078598 ] ] } },
{ "type": "Feature", "properties": { "tipo": "avenida", "nome": "BUARQUE DE MACEDO", "drenagem": 1.0, "iluminacao": 1.0, "compriment": 118.56371876216315 }, "geometry": { "type": "LineString", "coordinates": [ [ -52.110186400240345, -32.043313424078598 ], [ -52.109079090992658, -32.042809738268915 ] ] } },
{ "type": "Feature", "properties": { "tipo": "avenida", "nome": "BUARQUE DE MACEDO", "drenagem": 1.0, "iluminacao": 1.0, "compriment": 90.15057261120711 }, "geometry": { "type": "LineString", "coordinates": [ [ -52.109079090992658, -32.042809738268915 ], [ -52.108446552869999, -32.042551228860425 ], [ -52.108215018533521, -32.042464566788134 ] ] } },
{ "type": "Feature", "properties": { "tipo": "avenida", "nome": "BUARQUE DE MACEDO", "drenagem": 1.0, "iluminacao": 1.0, "compriment": 117.50109534870637 }, "geometry": { "type": "LineString", "coordinates": [ [ -52.107926808041135, -32.042329511196613 ], [ -52.106797375705895, -32.041885236604081 ] ] } },
{ "type": "Feature", "properties": { "tipo": "avenida", "nome": "BUARQUE DE MACEDO", "drenagem": 0.0, "iluminacao": 1.0, "compriment": 58.717696876843242 }, "geometry": { "type": "LineString", "coordinates": [ [ -52.12203736650509, -32.048147525284278 ], [ -52.121481005886501, -32.047911186811916 ] ] } },
{ "type": "Feature", "properties": { "tipo": "rua", "nome": "BUARQUE DE MACEDO", "drenagem": 1.0, "iluminacao": 1.0, "compriment": 56.785482258137421 }, "geometry": { "type": "LineString", "coordinates": [ [ -52.121481005886501, -32.047911186811916 ], [ -52.120944092660459, -32.047680692472056 ] ] } },
{ "type": "Feature", "properties": { "tipo": "avenida", "nome": "BUARQUE DE MACEDO", "drenagem": 1.0, "iluminacao": 1.0, "compriment": 54.603622503700883 }, "geometry": { "type": "MultiLineString", "coordinates": [ [ [ -52.120944092660459, -32.047680692472056 ], [ -52.120663270918229, -32.047562518307956 ] ], [ [ -52.12061200075469, -32.047540943024387 ], [ -52.120596392238951, -32.047534374717799 ] ], [ [ -52.12044815623053, -32.04747199469606 ], [ -52.120425752360916, -32.047462566798693 ] ] ] } },
{ "type": "Feature", "properties": { "tipo": "rua", "nome": "OITO", "drenagem": 1.0, "iluminacao": 1.0, "compriment": 49.666968528400531 }, "geometry": { "type": "LineString", "coordinates": [ [ -52.17453340827673, -32.064377225487561 ], [ -52.174954275213665, -32.064645875562455 ] ] } },
{ "type": "Feature", "properties": { "tipo": "rua", "nome": "ALTAMIR DE LACERDA NASCIMENTO", "drenagem": 1.0, "iluminacao": 1.0, "compriment": 52.561126258845 }, "geometry": { "type": "MultiLineString", "coordinates": [ [ [ -52.121062573196127, -32.048948683054419 ], [ -52.121096770183598, -32.048968014304187 ] ], [ [ -52.121102043771295, -32.048970995415928 ], [ -52.121349301113405, -32.049110767769875 ] ], [ [ -52.121386611203079, -32.049131858828346 ], [ -52.121442946427827, -32.049163704624739 ] ] ] } },
{ "type": "Feature", "properties": { "tipo": "rua", "nome": "ALTAMIR DE LACERDA NASCIMENTO", "drenagem": 1.0, "iluminacao": 1.0, "compriment": 135.1309939083236 }, "geometry": { "type": "LineString", "coordinates": [ [ -52.123908082246388, -32.050528402974685 ], [ -52.125100324005814, -32.051202198684763 ] ] } },
{ "type": "Feature", "properties": { "tipo": "avenida", "nome": "BUARQUE DE MACEDO", "drenagem": 1.0, "iluminacao": 1.0, "compriment": 116.42922218408899 }, "geometry": { "type": "MultiLineString", "coordinates": [ [ [ -52.114821279696848, -32.045064351942223 ], [ -52.11465776992604, -32.044994784593335 ] ], [ [ -52.114631675622896, -32.044983682434228 ], [ -52.113718469051797, -32.044595146875629 ] ] ] } },
{ "type": "Feature", "properties": { "tipo": "avenida", "nome": "BUARQUE DE MACEDO", "drenagem": 1.0, "iluminacao": 1.0, "compriment": 91.46063940264203 }, "geometry": { "type": "LineString", "coordinates": [ [ -52.109171049015536, -32.042654084088078 ], [ -52.108305924100769, -32.042283525543738 ] ] } },
{ "type": "Feature", "properties": { "tipo": "travessa", "nome": "MONSENHOR EURICO DE MELLO MAGALHAES", "drenagem": 1.0, "iluminacao": 1.0, "compriment": 42.836793672738573 }, "geometry": { "type": "LineString", "coordinates": [ [ -52.097304225542004, -32.031846261529594 ], [ -52.097323044531322, -32.032229613596279 ] ] } },
{ "type": "Feature", "properties": { "tipo": "rua", "nome": "BENTO GONCALVES", "drenagem": 1.0, "iluminacao": 1.0, "compriment": 117.41018336799365 }, "geometry": { "type": "LineString", "coordinates": [ [ -52.109933584533394, -32.038968135525259 ], [ -52.111048562629769, -32.039436240692559 ] ] } },
{ "type": "Feature", "properties": { "tipo": "rua", "nome": "CASTRO ALVES", "drenagem": 0.0, "iluminacao": 1.0, "compriment": 98.047871672420897 }, "geometry": { "type": "LineString", "coordinates": [ [ -52.12559995506065, -32.04327441708967 ], [ -52.125442582518872, -32.043527210353986 ] ] } },
{ "type": "Feature", "properties": { "tipo": "rua", "nome": "CASTRO ALVES", "drenagem": 0.0, "iluminacao": 1.0, "compriment": 102.47947981182571 }, "geometry": { "type": "LineString", "coordinates": [ [ -52.125442582518872, -32.043527210353986 ], [ -52.124947022808243, -32.044339406496704 ] ] } },
{ "type": "Feature", "properties": { "tipo": "rua", "nome": "BENTO GONCALVES", "drenagem": 1.0, "iluminacao": 1.0, "compriment": 120.11248832464921 }, "geometry": { "type": "MultiLineString", "coordinates": [ [ [ -52.111048562629769, -32.039436240692559 ], [ -52.112174007760515, -32.039912425760043 ] ], [ [ -52.112181520222684, -32.039915604344415 ], [ -52.112187465970059, -32.039918120038905 ] ] ] } },
{ "type": "Feature", "properties": { "tipo": "rua", "nome": "BENTO GONCALVES", "drenagem": 1.0, "iluminacao": 1.0, "compriment": 121.08595815807172 }, "geometry": { "type": "MultiLineString", "coordinates": [ [ [ -52.112187465970059, -32.039918120038905 ], [ -52.113279958298584, -32.040378668381045 ] ], [ [ -52.113320919429626, -32.040395935853319 ], [ -52.11333643671815, -32.040402477282782 ] ] ] } },
{ "type": "Feature", "properties": { "tipo": "rua", "nome": "DOIS", "drenagem": 0.0, "iluminacao": 1.0, "compriment": 73.89229830113571 }, "geometry": { "type": "MultiLineString", "coordinates": [ [ [ -52.175827605396201, -32.065253587716647 ], [ -52.175815870462067, -32.065270544457988 ] ], [ [ -52.175786644265166, -32.065312775718567 ], [ -52.175759176057745, -32.065352466720064 ] ], [ [ -52.175745683134124, -32.065371963720494 ], [ -52.175730828855585, -32.065393427851106 ] ], [ [ -52.175704722003083, -32.065431151722414 ], [ -52.175674134451256, -32.065475350113189 ] ] ] } },
{ "type": "Feature", "properties": { "tipo": "rua", "nome": "TIRADENTES", "drenagem": 1.0, "iluminacao": 1.0, "compriment": 55.244020818694075 }, "geometry": { "type": "MultiLineString", "coordinates": [ [ [ -52.121390262244446, -32.045852228363799 ], [ -52.121396729298169, -32.045854968345175 ] ], [ [ -52.121472184506523, -32.04588693744185 ], [ -52.121493407997235, -32.04589592947621 ] ], [ [ -52.121676990161724, -32.045973710136977 ], [ -52.121686765395395, -32.045977851738293 ] ], [ [ -52.1217589124238, -32.046008419215028 ], [ -52.121783444094461, -32.046018812869328 ] ], [ [ -52.121880122793542, -32.046059774000369 ], [ -52.121887168640107, -32.046062759206492 ] ] ] } },
{ "type": "Feature", "properties": { "tipo": "rua", "nome": "BENTO GONCALVES", "drenagem": 0.0, "iluminacao": 1.0, "compriment": 60.09864117825763 }, "geometry": { "type": "LineString", "coordinates": [ [ -52.126173341556857, -32.045889211058757 ], [ -52.126749656928546, -32.046118979368927 ] ] } },
{ "type": "Feature", "properties": { "tipo": "rua", "nome": "BENTO GONCALVES", "drenagem": 0.0, "iluminacao": 1.0, "compriment": 60.770566979732401 }, "geometry": { "type": "LineString", "coordinates": [ [ -52.126749656928546, -32.046118979368927 ], [ -52.127318933781631, -32.046374418379649 ] ] } },
{ "type": "Feature", "properties": { "tipo": "rua", "nome": "BENTO GONCALVES", "drenagem": 0.0, "iluminacao": 1.0, "compriment": 58.551507295002189 }, "geometry": { "type": "MultiLineString", "coordinates": [ [ [ -52.127318933781631, -32.046374418379649 ], [ -52.127631256836025, -32.046510346441806 ] ], [ [ -52.127657315293519, -32.046521687505425 ], [ -52.127870987828466, -32.046614681260458 ] ] ] } },
{ "type": "Feature", "properties": { "tipo": "rua", "nome": "BENTO GONCALVES", "drenagem": 0.0, "iluminacao": 1.0, "compriment": 59.358101794997104 }, "geometry": { "type": "MultiLineString", "coordinates": [ [ [ -52.127870987828466, -32.046614681260458 ], [ -52.12833470954336, -32.046806546847996 ] ], [ [ -52.128353654521192, -32.046814385362318 ], [ -52.128436306655395, -32.046848582812601 ] ] ] } },
{ "type": "Feature", "properties": { "tipo": "rua", "nome": "BENTO GONCALVES", "drenagem": 1.0, "iluminacao": 1.0, "compriment": 125.63650818953727 }, "geometry": { "type": "LineString", "coordinates": [ [ -52.106503640387785, -32.037449654812335 ], [ -52.107686369178715, -32.037968062485561 ] ] } },
{ "type": "Feature", "properties": { "tipo": "rua", "nome": "BENTO GONCALVES", "drenagem": 1.0, "iluminacao": 1.0, "compriment": 118.46421103044682 }, "geometry": { "type": "MultiLineString", "coordinates": [ [ [ -52.107686369178715, -32.037968062485561 ], [ -52.108258417612184, -32.03819523684075 ] ], [ [ -52.10828270031174, -32.038204880091726 ], [ -52.108464706309022, -32.038277159102826 ] ], [ [ -52.108493154751351, -32.038288456671637 ], [ -52.108823100149266, -32.038419486019215 ] ] ] } },
{ "type": "Feature", "properties": { "tipo": "rua", "nome": "BENTO GONCALVES", "drenagem": 1.0, "iluminacao": 1.0, "compriment": 121.1303994772818 }, "geometry": { "type": "LineString", "coordinates": [ [ -52.108823100149266, -32.038419486019215 ], [ -52.109977667279487, -32.03889497808445 ] ] } },
{ "type": "Feature", "properties": { "tipo": "rua", "nome": "PANDIA CALOGERAS", "drenagem": 0.0, "iluminacao": 1.0, "compriment": 71.955108231183345 }, "geometry": { "type": "MultiLineString", "coordinates": [ [ [ -52.180928427811196, -32.068342629285965 ], [ -52.18094774677617, -32.06834960495631 ] ], [ [ -52.181268750654716, -32.068465512679083 ], [ -52.181275435824482, -32.068467926552735 ] ] ] } },
{ "type": "Feature", "properties": { "tipo": "rua", "nome": "GROELANDIA", "drenagem": 0.0, "iluminacao": 1.0, "compriment": 61.434292001515729 }, "geometry": { "type": "LineString", "coordinates": [ [ -52.134279578779072, -32.055124981800631 ], [ -52.134837092804858, -32.055358806723916 ] ] } },
{ "type": "Feature", "properties": { "tipo": "rua", "nome": "BENTO GONCALVES", "drenagem": 0.0, "iluminacao": 1.0, "compriment": 61.179595236663715 }, "geometry": { "type": "LineString", "coordinates": [ [ -52.128436306655395, -32.046848582812601 ], [ -52.129025202243696, -32.047078422836357 ] ] } },
{ "type": "Feature", "properties": { "tipo": "rua", "nome": "BENTO GONCALVES", "drenagem": 0.0, "iluminacao": 1.0, "compriment": 59.084446872827918 }, "geometry": { "type": "LineString", "coordinates": [ [ -52.129025202243696, -32.047078422836357 ], [ -52.129585627678274, -32.047315218950274 ] ] } },
{ "type": "Feature", "properties": { "tipo": "rua", "nome": "BENTO GONCALVES", "drenagem": 1.0, "iluminacao": 1.0, "compriment": 116.13552266000086 }, "geometry": { "type": "MultiLineString", "coordinates": [ [ [ -52.105455850576078, -32.03696666875652 ], [ -52.106077301309696, -32.037253130826834 ] ], [ [ -52.106111760366637, -32.03726901497059 ], [ -52.106503640387785, -32.037449654812335 ] ] ] } },
{ "type": "Feature", "properties": { "tipo": "rua", "nome": "INTENDENTE CONRADO", "drenagem": 0.0, "iluminacao": 1.0, "compriment": 60.897832148409961 }, "geometry": { "type": "LineString", "coordinates": [ [ -52.123908082246388, -32.050528402974685 ], [ -52.12358424310095, -32.051003307040709 ] ] } },
{ "type": "Feature", "properties": { "tipo": "rua", "nome": "TOBIAS BARRETO", "drenagem": 1.0, "iluminacao": 1.0, "compriment": 101.25714637199876 }, "geometry": { "type": "LineString", "coordinates": [ [ -52.128722304700553, -32.042795572409908 ], [ -52.128655751317083, -32.042906512226089 ] ] } },
{ "type": "Feature", "properties": { "tipo": "rua", "nome": "TOBIAS BARRETO", "drenagem": 0.0, "iluminacao": 1.0, "compriment": 98.184877652100127 }, "geometry": { "type": "LineString", "coordinates": [ [ -52.128655751317083, -32.042906512226089 ], [ -52.128193648787331, -32.043699667330472 ] ] } },
{ "type": "Feature", "properties": { "tipo": "rua", "nome": "CALDAS JUNIOR", "drenagem": 1.0, "iluminacao": 1.0, "compriment": 227.66488128138931 }, "geometry": { "type": "MultiLineString", "coordinates": [ [ [ -52.125396989711327, -32.052022354170688 ], [ -52.126305597969207, -32.052520747339102 ] ], [ [ -52.12638752023129, -32.052565683641859 ], [ -52.126400118034738, -32.052572593835684 ] ], [ [ -52.127001937196887, -32.052902705912516 ], [ -52.127042898327922, -32.052925174063894 ] ], [ [ -52.127083859458963, -32.052947642215273 ], [ -52.127146870283227, -32.05298220514608 ] ], [ [ -52.127247703983123, -32.05303751482078 ], [ -52.127296220732923, -32.053064127408156 ] ], [ [ -52.127329626245199, -32.053082451123529 ], [ -52.127370895957775, -32.053105088539198 ] ] ] } },
{ "type": "Feature", "properties": { "tipo": "rua", "nome": "BENJAMIN CONSTANT", "drenagem": 1.0, "iluminacao": 1.0, "compriment": 83.012014124665725 }, "geometry": { "type": "MultiLineString", "coordinates": [ [ [ -52.093701495290809, -32.034362755360348 ], [ -52.093737845832663, -32.034508735047176 ] ], [ [ -52.093741498792653, -32.034523404923547 ], [ -52.093758245373735, -32.034590657309252 ] ], [ [ -52.093782459923688, -32.034687900217847 ], [ -52.093883851453576, -32.035095077195813 ] ] ] } },
{ "type": "Feature", "properties": { "tipo": "rua", "nome": "REPUBLICA DO HAITI", "drenagem": 0.0, "iluminacao": 1.0, "compriment": 116.59114066419617 }, "geometry": { "type": "MultiLineString", "coordinates": [ [ [ -52.133174649324523, -32.051080051742098 ], [ -52.132947856071709, -32.051466643297609 ] ], [ [ -52.13294130119764, -32.051477816729495 ], [ -52.132875766746309, -32.051589526690726 ] ], [ [ -52.132683528545243, -32.051917215739046 ], [ -52.132622865999409, -32.052020621054965 ] ] ] } },
{ "type": "Feature", "properties": { "tipo": "rua", "nome": "GENERAL VITORINO", "drenagem": 1.0, "iluminacao": 1.0, "compriment": 128.3208608269677 }, "geometry": { "type": "LineString", "coordinates": [ [ -52.102329018430005, -32.034589519683045 ], [ -52.10367193361845, -32.034764319168382 ] ] } },
{ "type": "Feature", "properties": { "tipo": "rua", "nome": "BOLIVIA", "drenagem": 1.0, "iluminacao": 1.0, "compriment": 53.898714429285747 }, "geometry": { "type": "LineString", "coordinates": [ [ -52.130848553579234, -32.051260498804098 ], [ -52.131360267276001, -32.051475732905871 ] ] } },
{ "type": "Feature", "properties": { "tipo": "rua", "nome": "CORDILHEIRA DOS ANDES", "drenagem": 0.0, "iluminacao": 1.0, "compriment": 119.21518242148389 }, "geometry": { "type": "LineString", "coordinates": [ [ -52.137482404592603, -32.049690268275256 ], [ -52.138605646416799, -32.050180830170156 ] ] } },
{ "type": "Feature", "properties": { "tipo": "rua", "nome": "PEDRO DE SÁ FREITAS", "drenagem": 1.0, "iluminacao": 1.0, "compriment": 93.931854596211593 }, "geometry": { "type": "LineString", "coordinates": [ [ -52.143975729848947, -32.049484818713559 ], [ -52.14359197391947, -32.050266314990751 ] ] } },
{ "type": "Feature", "properties": { "tipo": "rua", "nome": "INTENDENTE WERNECK", "drenagem": 0.0, "iluminacao": 1.0, "compriment": 108.78317770911674 }, "geometry": { "type": "LineString", "coordinates": [ [ -52.120297383395979, -32.051605998202859 ], [ -52.120262328973297, -32.05167144895281 ] ] } },
{ "type": "Feature", "properties": { "tipo": "rua", "nome": "INTENDENTE WERNECK", "drenagem": 0.0, "iluminacao": 1.0, "compriment": 64.330053878874295 }, "geometry": { "type": "LineString", "coordinates": [ [ -52.12103375375272, -32.050308337128115 ], [ -52.121402513277431, -32.049820566552789 ] ] } },
{ "type": "Feature", "properties": { "tipo": "rua", "nome": "INTENDENTE WERNECK", "drenagem": 0.0, "iluminacao": 1.0, "compriment": 62.799049420585661 }, "geometry": { "type": "LineString", "coordinates": [ [ -52.121402513277431, -32.049820566552789 ], [ -52.121769018351543, -32.049348028200981 ] ] } },
{ "type": "Feature", "properties": { "tipo": "rua", "nome": "INTENDENTE MESQUITA", "drenagem": 0.0, "iluminacao": 1.0, "compriment": 177.38696687866366 }, "geometry": { "type": "LineString", "coordinates": [ [ -52.118329932423954, -32.050802414362266 ], [ -52.118113371761268, -32.051253239735274 ] ] } },
{ "type": "Feature", "properties": { "tipo": "rua", "nome": "INTENDENTE MESQUITA", "drenagem": 0.0, "iluminacao": 1.0, "compriment": 66.406186714383225 }, "geometry": { "type": "LineString", "coordinates": [ [ -52.119063635845841, -32.049540168291799 ], [ -52.118749409631519, -32.050075902182712 ] ] } },
{ "type": "Feature", "properties": { "tipo": "rua", "nome": "INTENDENTE MESQUITA", "drenagem": 0.0, "iluminacao": 1.0, "compriment": 74.088433794514003 }, "geometry": { "type": "LineString", "coordinates": [ [ -52.118749409631519, -32.050075902182712 ], [ -52.118403801733741, -32.050675709451632 ] ] } },
{ "type": "Feature", "properties": { "tipo": "rua", "nome": "DOUTOR LUIZ MARTINS FALCAO", "drenagem": 1.0, "iluminacao": 1.0, "compriment": 98.500847775424432 }, "geometry": { "type": "LineString", "coordinates": [ [ -52.125031339332018, -32.04540563261569 ], [ -52.124570224922721, -32.046202387869883 ] ] } },
{ "type": "Feature", "properties": { "tipo": "rua", "nome": "DOUTOR LUIZ MARTINS FALCAO", "drenagem": 1.0, "iluminacao": 1.0, "compriment": 101.16090693187967 }, "geometry": { "type": "LineString", "coordinates": [ [ -52.125976752853326, -32.043760563062143 ], [ -52.12551141321277, -32.044582248920797 ] ] } },
{ "type": "Feature", "properties": { "tipo": "rua", "nome": "ACRE", "drenagem": 1.0, "iluminacao": 1.0, "compriment": 155.0120032208896 }, "geometry": { "type": "MultiLineString", "coordinates": [ [ [ -52.13227509760825, -32.046426142300234 ], [ -52.132201807098298, -32.046551307572848 ] ], [ [ -52.131844802615717, -32.047160998560372 ], [ -52.131830370282039, -32.047185646048568 ] ], [ [ -52.13179438952853, -32.047247093851638 ], [ -52.131794065749375, -32.047247646800521 ] ], [ [ -52.131750051206474, -32.047322814680577 ], [ -52.131746096178915, -32.047329569062597 ] ], [ [ -52.131722111393685, -32.047370530193639 ], [ -52.131542588832431, -32.047677118186208 ] ] ] } },
{ "type": "Feature", "properties": { "tipo": "rua", "nome": "ACRE", "drenagem": 1.0, "iluminacao": 1.0, "compriment": 146.20910041700961 }, "geometry": { "type": "LineString", "coordinates": [ [ -52.131542588832431, -32.047677118186208 ], [ -52.13084520727574, -32.048854291983275 ] ] } },
{ "type": "Feature", "properties": { "tipo": "rua", "nome": "ACRE", "drenagem": 1.0, "iluminacao": 1.0, "compriment": 120.56284070992379 }, "geometry": { "type": "LineString", "coordinates": [ [ -52.13084520727574, -32.048854291983275 ], [ -52.130263127074485, -32.049821940608993 ] ] } },
{ "type": "Feature", "properties": { "tipo": "rua", "nome": "ACRE", "drenagem": 1.0, "iluminacao": 1.0, "compriment": 128.31847880592733 }, "geometry": { "type": "MultiLineString", "coordinates": [ [ [ -52.129706380636151, -32.050773090050683 ], [ -52.129252258380703, -32.051548565559692 ] ], [ [ -52.129228271341788, -32.051589526690726 ], [ -52.129156310225035, -32.051712410083852 ] ], [ [ -52.12913232318612, -32.051753371214886 ], [ -52.129131916010948, -32.051754066521866 ] ] ] } },
{ "type": "Feature", "properties": { "tipo": "rua", "nome": "ACRE", "drenagem": 1.0, "iluminacao": 1.0, "compriment": 148.10148342630387 }, "geometry": { "type": "MultiLineString", "coordinates": [ [ [ -52.129062483027035, -32.051870009968923 ], [ -52.129049993748872, -32.051890501585056 ] ], [ [ -52.12900903261783, -32.05195770801307 ], [ -52.129008746857757, -32.051958176870087 ] ], [ [ -52.128968071486788, -32.052024914441084 ], [ -52.128958816685724, -32.052040099132164 ] ], [ [ -52.128927110355754, -32.052092120869084 ], [ -52.128908886513692, -32.052122021394247 ] ], [ [ -52.128886149224712, -32.05215932729709 ], [ -52.128882944954682, -32.052164584660296 ] ], [ [ -52.128644632905235, -32.052555591968648 ], [ -52.128631591653388, -32.052576989228228 ] ], [ [ -52.128559776424446, -32.052694819104772 ], [ -52.128558460176393, -32.052696978721166 ] ], [ [ -52.128435576783275, -32.052898598005193 ], [ -52.128434549879401, -32.052900282883996 ] ] ] } },
{ "type": "Feature", "properties": { "tipo": "rua", "nome": "ESTADOS UNIDOS DA AMÉRICA", "drenagem": 0.0, "iluminacao": 1.0, "compriment": 56.195781780325987 }, "geometry": { "type": "MultiLineString", "coordinates": [ [ [ -52.130074022024864, -32.052673020969593 ], [ -52.130098819529202, -32.052695477228802 ] ], [ [ -52.130114983155899, -32.052710114774015 ], [ -52.13045614287018, -32.053019064048584 ] ] ] } },
{ "type": "Feature", "properties": { "tipo": "rua", "nome": "ESTADOS UNIDOS DA AMÉRICA", "drenagem": 0.0, "iluminacao": 1.0, "compriment": 72.405653947670942 }, "geometry": { "type": "LineString", "coordinates": [ [ -52.13045614287018, -32.053019064048584 ], [ -52.130982866135611, -32.053493542625546 ] ] } },
{ "type": "Feature", "properties": { "tipo": "rua", "nome": "ESTADOS UNIDOS DA AMÉRICA", "drenagem": 0.0, "iluminacao": 1.0, "compriment": 67.922957605886864 }, "geometry": { "type": "LineString", "coordinates": [ [ -52.130982866135611, -32.053493542625546 ], [ -52.131476383116883, -32.053939127436898 ] ] } },
{ "type": "Feature", "properties": { "tipo": "rua", "nome": "ESTADOS UNIDOS DA AMÉRICA", "drenagem": 0.0, "iluminacao": 1.0, "compriment": 79.332332851394199 }, "geometry": { "type": "LineString", "coordinates": [ [ -52.131476383116883, -32.053939127436898 ], [ -52.132045803891948, -32.054465117260655 ] ] } },
{ "type": "Feature", "properties": { "tipo": "rua", "nome": "ESTADOS UNIDOS DA AMÉRICA", "drenagem": 0.0, "iluminacao": 1.0, "compriment": 78.300776050126842 }, "geometry": { "type": "LineString", "coordinates": [ [ -52.132045803891948, -32.054465117260655 ], [ -52.132596157320911, -32.054993255087531 ] ] } },
{ "type": "Feature", "properties": { "tipo": "avenida", "nome": "PRIMEIRO DE MAIO", "drenagem": 1.0, "iluminacao": 1.0, "compriment": 156.20796063588543 }, "geometry": { "type": "LineString", "coordinates": [ [ -52.113459744185135, -32.046436251559619 ], [ -52.114713597884979, -32.047133660777902 ] ] } },
{ "type": "Feature", "properties": { "tipo": "avenida", "nome": "PRIMEIRO DE MAIO", "drenagem": 1.0, "iluminacao": 1.0, "compriment": 168.34304861042853 }, "geometry": { "type": "MultiLineString", "coordinates": [ [ [ -52.114918151973583, -32.047247646800521 ], [ -52.115287053719534, -32.047453889619476 ] ], [ [ -52.115328014850569, -32.047476789861136 ], [ -52.115409937112652, -32.047522590344471 ] ], [ [ -52.115431015547856, -32.047534374717799 ], [ -52.115614742767846, -32.047637091552794 ] ], [ [ -52.115686648148703, -32.047677291873363 ], [ -52.116334672483227, -32.048039584453896 ] ] ] } },
{ "type": "Feature", "properties": { "tipo": "avenida", "nome": "PRIMEIRO DE MAIO", "drenagem": 1.0, "iluminacao": 1.0, "compriment": 127.70662030885453 }, "geometry": { "type": "LineString", "coordinates": [ [ -52.116966460092158, -32.048378902934338 ], [ -52.118075831973137, -32.0489821329001 ] ] } },
{ "type": "Feature", "properties": { "tipo": "avenida", "nome": "PRIMEIRO DE MAIO", "drenagem": 1.0, "iluminacao": 1.0, "compriment": 111.72578904658256 }, "geometry": { "type": "LineString", "coordinates": [ [ -52.119063635845841, -32.049540168291799 ], [ -52.120061093874824, -32.050081905573435 ] ] } },
{ "type": "Feature", "properties": { "tipo": "avenida", "nome": "PRIMEIRO DE MAIO", "drenagem": 0.0, "iluminacao": 1.0, "compriment": 111.99205161887505 }, "geometry": { "type": "MultiLineString", "coordinates": [ [ [ -52.125148517430731, -32.052777399490878 ], [ -52.125158686300097, -32.052782996986473 ] ], [ [ -52.125333155211344, -32.052879034109814 ], [ -52.125520584173628, -32.05298220514608 ] ], [ [ -52.125527336479458, -32.052985921980344 ], [ -52.125594997522207, -32.053023166277121 ] ], [ [ -52.125606180800872, -32.053029322158444 ], [ -52.126074774768021, -32.05328726161769 ] ] ] } },
{ "type": "Feature", "properties": { "tipo": "avenida", "nome": "PRIMEIRO DE MAIO", "drenagem": 0.0, "iluminacao": 1.0, "compriment": 180.12653095803259 }, "geometry": { "type": "LineString", "coordinates": [ [ -52.126074774768021, -32.05328726161769 ], [ -52.127688750559564, -32.054152885046584 ] ] } },
{ "type": "Feature", "properties": { "tipo": "avenida", "nome": "PRIMEIRO DE MAIO", "drenagem": 0.0, "iluminacao": 1.0, "compriment": 149.55166115923825 }, "geometry": { "type": "LineString", "coordinates": [ [ -52.127688750559564, -32.054152885046584 ], [ -52.129070351919133, -32.054812015738648 ] ] } },
{ "type": "Feature", "properties": { "tipo": "avenida", "nome": "PRIMEIRO DE MAIO", "drenagem": 0.0, "iluminacao": 1.0, "compriment": 130.63497138076107 }, "geometry": { "type": "MultiLineString", "coordinates": [ [ [ -52.129070351919133, -32.054812015738648 ], [ -52.12949993979182, -32.054948652635225 ] ], [ [ -52.129500566190309, -32.054948851870705 ], [ -52.130366232721791, -32.055224190156189 ] ] ] } },
{ "type": "Feature", "properties": { "tipo": "avenida", "nome": "PRIMEIRO DE MAIO", "drenagem": 0.0, "iluminacao": 1.0, "compriment": 160.40749082725623 }, "geometry": { "type": "LineString", "coordinates": [ [ -52.130366232721791, -32.055224190156189 ], [ -52.131992024000283, -32.055643119632172 ] ] } },
{ "type": "Feature", "properties": { "tipo": "avenida", "nome": "PRIMEIRO DE MAIO", "drenagem": 0.0, "iluminacao": 1.0, "compriment": 86.155903600954701 }, "geometry": { "type": "LineString", "coordinates": [ [ -52.131992024000283, -32.055643119632172 ], [ -52.132861890243326, -32.055877378193181 ] ] } },
{ "type": "Feature", "properties": { "tipo": "avenida", "nome": "PRIMEIRO DE MAIO", "drenagem": 0.0, "iluminacao": 1.0, "compriment": 79.800982572143724 }, "geometry": { "type": "LineString", "coordinates": [ [ -52.132861890243326, -32.055877378193181 ], [ -52.133633550330558, -32.056070650353078 ] ] } },
{ "type": "Feature", "properties": { "tipo": "avenida", "nome": "PRIMEIRO DE MAIO", "drenagem": 1.0, "iluminacao": 1.0, "compriment": 180.20443992521552 }, "geometry": { "type": "LineString", "coordinates": [ [ -52.116143618382438, -32.047616296979875 ], [ -52.116148610931198, -32.047619043899545 ] ] } },
{ "type": "Feature", "properties": { "tipo": "avenida", "nome": "PRIMEIRO DE MAIO", "drenagem": 1.0, "iluminacao": 1.0, "compriment": 204.1005671494666 }, "geometry": { "type": "MultiLineString", "coordinates": [ [ [ -52.119213733377975, -32.049315846210213 ], [ -52.119477252122692, -32.049459547876666 ] ], [ [ -52.119506050216621, -32.049475252012222 ], [ -52.120453735828846, -32.049992042580179 ] ], [ [ -52.120489117361572, -32.0500113367872 ], [ -52.12103375375272, -32.050308337128115 ] ] ] } },
{ "type": "Feature", "properties": { "tipo": "avenida", "nome": "PRIMEIRO DE MAIO", "drenagem": 1.0, "iluminacao": 1.0, "compriment": 244.1905856868253 }, "geometry": { "type": "MultiLineString", "coordinates": [ [ [ -52.12103375375272, -32.050308337128115 ], [ -52.121569333081652, -32.050606459545776 ] ], [ [ -52.121595067899648, -32.050620784456662 ], [ -52.123198130465063, -32.051513105839966 ] ] ] } },
{ "type": "Feature", "properties": { "tipo": "avenida", "nome": "PRIMEIRO DE MAIO", "drenagem": 1.0, "iluminacao": 1.0, "compriment": 69.451970867685887 }, "geometry": { "type": "LineString", "coordinates": [ [ -52.13009128194421, -32.054937111249522 ], [ -52.130793252914472, -32.055123891937939 ] ] } },
{ "type": "Feature", "properties": { "tipo": "avenida", "nome": "PRIMEIRO DE MAIO", "drenagem": 1.0, "iluminacao": 1.0, "compriment": 71.752867221235377 }, "geometry": { "type": "LineString", "coordinates": [ [ -52.130793252914472, -32.055123891937939 ], [ -52.131518871671922, -32.055315792925612 ] ] } },
{ "type": "Feature", "properties": { "tipo": "avenida", "nome": "PRIMEIRO DE MAIO", "drenagem": 1.0, "iluminacao": 1.0, "compriment": 72.7004049836288 }, "geometry": { "type": "LineString", "coordinates": [ [ -52.131518871671922, -32.055315792925612 ], [ -52.132250787783157, -32.055519022026871 ] ] } },
{ "type": "Feature", "properties": { "tipo": "avenida", "nome": "PRIMEIRO DE MAIO", "drenagem": 1.0, "iluminacao": 1.0, "compriment": 75.236602431526265 }, "geometry": { "type": "LineString", "coordinates": [ [ -52.132250787783157, -32.055519022026871 ], [ -52.133012134560751, -32.055718878745701 ] ] } },
{ "type": "Feature", "properties": { "tipo": "avenida", "nome": "PRIMEIRO DE MAIO", "drenagem": 1.0, "iluminacao": 1.0, "compriment": 28.909759891171785 }, "geometry": { "type": "LineString", "coordinates": [ [ -52.133474712176429, -32.055840421370675 ], [ -52.133719562687396, -32.055899762235157 ] ] } },
{ "type": "Feature", "properties": { "tipo": "avenida", "nome": "PRIMEIRO DE MAIO", "drenagem": 1.0, "iluminacao": 1.0, "compriment": 64.097589942864786 }, "geometry": { "type": "MultiLineString", "coordinates": [ [ [ -52.133842446080514, -32.055930809281413 ], [ -52.133844746722978, -32.055931406580939 ] ], [ [ -52.133965329473632, -32.055962712627505 ], [ -52.134002518348318, -32.055972367711973 ] ], [ [ -52.134129173997792, -32.056005250422302 ], [ -52.134160289973678, -32.056013328843015 ] ], [ [ -52.134293018521952, -32.0560477882171 ], [ -52.134318061599046, -32.056054289974057 ] ], [ [ -52.134415901915069, -32.056079691563198 ], [ -52.134418397776869, -32.056080339546142 ] ] ] } },
{ "type": "Feature", "properties": { "tipo": "avenida", "nome": "OLAVO BILAC", "drenagem": 0.0, "iluminacao": 1.0, "compriment": 92.721039790191071 }, "geometry": { "type": "MultiLineString", "coordinates": [ [ [ -52.147287739615336, -32.053146049670239 ], [ -52.147277697061533, -32.053166355839359 ] ], [ [ -52.14726748200988, -32.053187010801274 ], [ -52.147247224404417, -32.053227971932316 ] ], [ [ -52.147236735930498, -32.053249179757472 ], [ -52.147208251845456, -32.053306774932899 ] ], [ [ -52.147195774799457, -32.053332003675607 ], [ -52.147145936377122, -32.053432777587517 ] ], [ [ -52.147072891406339, -32.053580475429996 ], [ -52.14706490595529, -32.053596622111677 ] ], [ [ -52.146998220640747, -32.053731460649857 ], [ -52.146983875533451, -32.053760466635836 ] ] ] } },
{ "type": "Feature", "properties": { "tipo": "avenida", "nome": "OLAVO BILAC", "drenagem": 0.0, "iluminacao": 1.0, "compriment": 93.881276753700149 }, "geometry": { "type": "MultiLineString", "coordinates": [ [ [ -52.146909046882179, -32.053914746886122 ], [ -52.146904529799365, -32.053924311159989 ] ], [ [ -52.146711075676535, -32.054333922470391 ], [ -52.146704241226978, -32.05434839343539 ] ], [ [ -52.146575657790564, -32.054620650387669 ], [ -52.146569287883551, -32.054634137750561 ] ] ] } },
{ "type": "Feature", "properties": { "tipo": "avenida", "nome": "OLAVO BILAC", "drenagem": 1.0, "iluminacao": 1.0, "compriment": 41.815477359983376 }, "geometry": { "type": "LineString", "coordinates": [ [ -52.146569287883551, -32.054634137750561 ], [ -52.146522087660308, -32.054743533780787 ] ] } },
{ "type": "Feature", "properties": { "tipo": "rua", "nome": "JOAO DE MAGALHAES", "drenagem": 0.0, "iluminacao": 1.0, "compriment": 115.83328359449588 }, "geometry": { "type": "LineString", "coordinates": [ [ -52.149464688038762, -32.055890445449897 ], [ -52.149489598137677, -32.05589924169778 ] ] } },
{ "type": "Feature", "properties": { "tipo": "rua", "nome": "JOAO DE MAGALHAES", "drenagem": 0.0, "iluminacao": 1.0, "compriment": 107.54783868469983 }, "geometry": { "type": "LineString", "coordinates": [ [ -52.151414079808049, -32.05658678467757 ], [ -52.151414771296544, -32.056587025866406 ] ] } },
{ "type": "Feature", "properties": { "tipo": "rua", "nome": "DEPUTADO FERNANDO FERRARI", "drenagem": 1.0, "iluminacao": 1.0, "compriment": 127.81009425355664 }, "geometry": { "type": "MultiLineString", "coordinates": [ [ [ -52.085161365834807, -32.037716406701755 ], [ -52.085303505798471, -32.038294943498762 ] ], [ [ -52.085309200060792, -32.038318120233868 ], [ -52.085438544516066, -32.038844576868122 ] ] ] } },
{ "type": "Feature", "properties": { "tipo": "rua", "nome": "DEPUTADO FERNANDO FERRARI", "drenagem": 1.0, "iluminacao": 1.0, "compriment": 197.87673924564166 }, "geometry": { "type": "MultiLineString", "coordinates": [ [ [ -52.085438544516066, -32.038844576868122 ], [ -52.085590233715749, -32.039448223917859 ] ], [ [ -52.085594457359036, -32.039465031902978 ], [ -52.085877031154354, -32.040589534097151 ] ] ] } },
{ "type": "Feature", "properties": { "tipo": "rua", "nome": "SENADOR ALBERTO PASQUALINI", "drenagem": 0.0, "iluminacao": 1.0, "compriment": 104.58555103304768 }, "geometry": { "type": "MultiLineString", "coordinates": [ [ [ -52.082620376990604, -32.043048902583777 ], [ -52.082845837936091, -32.043814642964477 ] ], [ [ -52.082855622006953, -32.043847872924225 ], [ -52.082889737405345, -32.043963740167214 ] ] ] } },
{ "type": "Feature", "properties": { "tipo": "rua", "nome": "SOLDADO BOMBEIRO ANTONIO SILVEIRA DE AZEVEDO", "drenagem": 1.0, "iluminacao": 1.0, "compriment": 105.03687308463546 }, "geometry": { "type": "LineString", "coordinates": [ [ -52.083358113255755, -32.04291205166745 ], [ -52.083612152390664, -32.043834244454281 ] ] } },
{ "type": "Feature", "properties": { "tipo": "rua", "nome": "CANADÁ", "drenagem": 0.0, "iluminacao": 1.0, "compriment": 119.302935428021 }, "geometry": { "type": "LineString", "coordinates": [ [ -52.136515186387889, -32.052550276718776 ], [ -52.13593835885942, -32.053507460212039 ] ] } },
{ "type": "Feature", "properties": { "tipo": "rua", "nome": "1 VELHA", "drenagem": 1.0, "iluminacao": 1.0, "compriment": 86.26170412958021 }, "geometry": { "type": "LineString", "coordinates": [ [ -52.08685647275275, -32.035491802192126 ], [ -52.086861808911429, -32.035723845404135 ] ] } },
{ "type": "Feature", "properties": { "tipo": "rua", "nome": "ALMIRANTE GARNIER", "drenagem": 1.0, "iluminacao": 1.0, "compriment": 284.32054247724858 }, "geometry": { "type": "LineString", "coordinates": [ [ -52.083822448515384, -32.033831262243602 ], [ -52.083820634418068, -32.033845755667443 ] ] } },
{ "type": "Feature", "properties": { "tipo": "avenida", "nome": "MAJOR CARLOS PINTO", "drenagem": 1.0, "iluminacao": 1.0, "compriment": 94.21829850314063 }, "geometry": { "type": "MultiLineString", "coordinates": [ [ [ -52.103827048612828, -32.03966528176597 ], [ -52.103817937028417, -32.039680387016006 ] ], [ [ -52.103700760435096, -32.039874643213373 ], [ -52.103695053635299, -32.039884103987035 ] ] ] } },
{ "type": "Feature", "properties": { "tipo": "rua", "nome": "GENERAL CAMARA", "drenagem": 1.0, "iluminacao": 1.0, "compriment": 126.06728759831925 }, "geometry": { "type": "MultiLineString", "coordinates": [ [ [ -52.097105280732343, -32.034431147372537 ], [ -52.097509922848303, -32.034360568719904 ] ], [ [ -52.097550883979345, -32.03435342418075 ], [ -52.098206262075976, -32.034239111554356 ] ], [ [ -52.098247223207018, -32.034231967015202 ], [ -52.098412791789684, -32.034203088144167 ] ] ] } },
{ "type": "Feature", "properties": { "tipo": "rua", "nome": "ALMIRANTE BARROSO", "drenagem": 1.0, "iluminacao": 1.0, "compriment": 143.74657849240901 }, "geometry": { "type": "LineString", "coordinates": [ [ -52.087466522795182, -32.038441003626986 ], [ -52.087462447096385, -32.038481964758027 ] ] } },
{ "type": "Feature", "properties": { "tipo": "rua", "nome": "DOIS DE NOVEMBRO", "drenagem": 1.0, "iluminacao": 1.0, "compriment": 10.236431515056582 }, "geometry": { "type": "LineString", "coordinates": [ [ -52.106528662326383, -32.044141102376805 ], [ -52.106594151811549, -32.044067547242747 ] ] } },
{ "type": "Feature", "properties": { "tipo": "rua", "nome": "DOIS DE NOVEMBRO", "drenagem": 1.0, "iluminacao": 1.0, "compriment": 152.46808499947929 }, "geometry": { "type": "LineString", "coordinates": [ [ -52.107463477690949, -32.043292617581841 ], [ -52.10667340090199, -32.044217973068612 ] ] } },
{ "type": "Feature", "properties": { "tipo": "rua", "nome": "DUQUE DE CAXIAS", "drenagem": 1.0, "iluminacao": 1.0, "compriment": 64.400975019344315 }, "geometry": { "type": "MultiLineString", "coordinates": [ [ [ -52.096230052765264, -32.030976576667939 ], [ -52.09628108891711, -32.031190362333192 ] ], [ [ -52.096281213317063, -32.031190883432963 ], [ -52.096320327230544, -32.031354727957115 ] ] ] } },
{ "type": "Feature", "properties": { "tipo": "rua", "nome": "DUQUE DE CAXIAS", "drenagem": 1.0, "iluminacao": 1.0, "compriment": 91.958997403282325 }, "geometry": { "type": "MultiLineString", "coordinates": [ [ [ -52.096480747765149, -32.032010106053754 ], [ -52.096517369254578, -32.032158213236777 ] ], [ [ -52.096531388713032, -32.032214911708955 ], [ -52.096566571511822, -32.032357200438895 ] ] ] } },
{ "type": "Feature", "properties": { "tipo": "rua", "nome": "DUQUE DE CAXIAS", "drenagem": 1.0, "iluminacao": 1.0, "compriment": 106.03402771643876 }, "geometry": { "type": "MultiLineString", "coordinates": [ [ [ -52.097096295716383, -32.034754501833412 ], [ -52.097100311537908, -32.034773766898908 ] ], [ [ -52.09712191087845, -32.03487738522653 ], [ -52.097141272668949, -32.034970269374881 ] ], [ [ -52.097156064427871, -32.035041229750689 ], [ -52.097182233799984, -32.035166771850825 ] ], [ [ -52.097198756364648, -32.035246035405891 ], [ -52.097223194931026, -32.035363274326798 ] ], [ [ -52.097224371526714, -32.035368918799008 ], [ -52.097240597999807, -32.035446761916575 ] ] ] } },
{ "type": "Feature", "properties": { "tipo": "rua", "nome": "DUQUE DE CAXIAS", "drenagem": 1.0, "iluminacao": 1.0, "compriment": 99.560492329724724 }, "geometry": { "type": "MultiLineString", "coordinates": [ [ [ -52.097240597999807, -32.035446761916575 ], [ -52.097264156062067, -32.035552429076482 ] ], [ [ -52.097285953122388, -32.035650197451204 ], [ -52.097305117193102, -32.035736155833604 ] ], [ [ -52.097314564365035, -32.035778530109404 ], [ -52.097351721944392, -32.035945196443691 ] ], [ [ -52.097369357067485, -32.036024296895647 ], [ -52.097387039455185, -32.036103609347919 ] ], [ [ -52.097387621301635, -32.036106219157723 ], [ -52.097396753418714, -32.036147180288765 ] ], [ [ -52.097405885535785, -32.0361881414198 ], [ -52.097437255509234, -32.036328848068941 ] ] ] } },
{ "type": "Feature", "properties": { "tipo": "rua", "nome": "DUQUE DE CAXIAS", "drenagem": 1.0, "iluminacao": 1.0, "compriment": 108.96404340677425 }, "geometry": { "type": "MultiLineString", "coordinates": [ [ [ -52.097437255509234, -32.036328848068941 ], [ -52.097468961717261, -32.036454333692134 ] ], [ [ -52.097484499987885, -32.036515830468119 ], [ -52.097679982690465, -32.037289504467132 ] ] ] } },
{ "type": "Feature", "properties": { "tipo": "rua", "nome": "DUQUE DE CAXIAS", "drenagem": 1.0, "iluminacao": 1.0, "compriment": 94.251274971013373 }, "geometry": { "type": "LineString", "coordinates": [ [ -52.097679982690465, -32.037289504467132 ], [ -52.097862063294343, -32.038125206427424 ] ] } },
{ "type": "Feature", "properties": { "tipo": "rua", "nome": "DUQUE DE CAXIAS", "drenagem": 1.0, "iluminacao": 1.0, "compriment": 110.46421681052715 }, "geometry": { "type": "MultiLineString", "coordinates": [ [ [ -52.097865823438788, -32.03814246433037 ], [ -52.097887028955398, -32.038236197971791 ] ], [ [ -52.09789865717682, -32.038287597593765 ], [ -52.098087120122351, -32.039120650543339 ] ] ] } },
{ "type": "Feature", "properties": { "tipo": "rua", "nome": "DUQUE DE CAXIAS", "drenagem": 1.0, "iluminacao": 1.0, "compriment": 106.97081986052241 }, "geometry": { "type": "MultiLineString", "coordinates": [ [ [ -52.098087120122351, -32.039120650543339 ], [ -52.098108411664299, -32.039219265116742 ] ], [ [ -52.098117255444791, -32.039260226247784 ], [ -52.098143786786245, -32.039383109640902 ] ], [ [ -52.09815263056673, -32.039424070771936 ], [ -52.098214537030138, -32.039710798689214 ] ], [ [ -52.098223380810623, -32.039751759820255 ], [ -52.098249912152077, -32.039874643213373 ] ], [ [ -52.098267599713054, -32.039956565475457 ], [ -52.098291965392399, -32.040069418320016 ] ] ] } },
{ "type": "Feature", "properties": { "tipo": "rua", "nome": "DUQUE DE CAXIAS", "drenagem": 1.0, "iluminacao": 1.0, "compriment": 91.585229253091157 }, "geometry": { "type": "MultiLineString", "coordinates": [ [ [ -52.096546110000922, -32.031898076077368 ], [ -52.096567816834387, -32.031997779508671 ] ], [ [ -52.096570500495901, -32.032010106053754 ], [ -52.096643304876096, -32.032344509804176 ] ] ] } },
{ "type": "Feature", "properties": { "tipo": "rua", "nome": "DUQUE DE CAXIAS", "drenagem": 1.0, "iluminacao": 1.0, "compriment": 105.82322308523301 }, "geometry": { "type": "LineString", "coordinates": [ [ -52.097117226499556, -32.034493294034661 ], [ -52.097307270219297, -32.035433793643762 ] ] } },
{ "type": "Feature", "properties": { "tipo": "rua", "nome": "DUQUE DE CAXIAS", "drenagem": 1.0, "iluminacao": 1.0, "compriment": 99.925917844317411 }, "geometry": { "type": "MultiLineString", "coordinates": [ [ [ -52.097307270219297, -32.035433793643762 ], [ -52.097332098300271, -32.035532763323168 ] ], [ [ -52.097357096612591, -32.035632411578653 ], [ -52.097528345706444, -32.036315044599561 ] ] ] } },
{ "type": "Feature", "properties": { "tipo": "rua", "nome": "DUQUE DE CAXIAS", "drenagem": 1.0, "iluminacao": 1.0, "compriment": 108.30388431924855 }, "geometry": { "type": "MultiLineString", "coordinates": [ [ [ -52.097528345706444, -32.036315044599561 ], [ -52.097714728503504, -32.037106612837896 ] ], [ [ -52.097720293509603, -32.037130247433716 ], [ -52.097753829281558, -32.037272673947022 ] ] ] } },
{ "type": "Feature", "properties": { "tipo": "rua", "nome": "DUQUE DE CAXIAS", "drenagem": 1.0, "iluminacao": 1.0, "compriment": 107.67937411046681 }, "geometry": { "type": "LineString", "coordinates": [ [ -52.098159742290925, -32.039101937648596 ], [ -52.098363943297805, -32.040057301780017 ] ] } },
{ "type": "Feature", "properties": { "tipo": "rua", "nome": "VISCONDE DE RIO BRANCO", "drenagem": 1.0, "iluminacao": 1.0, "compriment": 117.36680479439019 }, "geometry": { "type": "MultiLineString", "coordinates": [ [ [ -52.115000325802256, -32.038072196289676 ], [ -52.11500068354318, -32.038072353447632 ] ], [ [ -52.115082248064333, -32.038108185281381 ], [ -52.1150939239579, -32.038113314578666 ] ], [ [ -52.115236434332665, -32.038175920329103 ], [ -52.115287053719534, -32.038198157760633 ] ], [ [ -52.115328014850569, -32.038216152256481 ], [ -52.115373645202119, -32.038236197971791 ] ], [ [ -52.115450898243694, -32.038270135744035 ], [ -52.115491859374728, -32.038288130239884 ] ], [ [ -52.11553282050577, -32.038306124735733 ], [ -52.115868208250362, -32.038453462790741 ] ] ] } },
{ "type": "Feature", "properties": { "tipo": "rua", "nome": "ALLAN KARDEC", "drenagem": 1.0, "iluminacao": 1.0, "compriment": 53.530865513105645 }, "geometry": { "type": "MultiLineString", "coordinates": [ [ [ -52.101851802738508, -32.04108297593411 ], [ -52.101840266324857, -32.041103477144567 ] ], [ [ -52.101817216732137, -32.041144438275609 ], [ -52.101794167139417, -32.041185399406643 ] ], [ [ -52.101771117546697, -32.041226360537685 ], [ -52.101725018361257, -32.041308282799768 ] ], [ [ -52.101701968768538, -32.041349243930803 ], [ -52.101678919175818, -32.041390205061845 ] ], [ [ -52.101655869583098, -32.041431166192886 ], [ -52.10164912868953, -32.04144314534706 ] ] ] } },
{ "type": "Feature", "properties": { "tipo": "rua", "nome": "ALLAN KARDEC", "drenagem": 1.0, "iluminacao": 1.0, "compriment": 234.30059089087632 }, "geometry": { "type": "MultiLineString", "coordinates": [ [ [ -52.10164912868953, -32.04144314534706 ], [ -52.101632440329709, -32.041472127323921 ] ], [ [ -52.101608854150733, -32.041513088454963 ], [ -52.10158526797175, -32.041554049586004 ] ], [ [ -52.101565074821231, -32.041589118186366 ], [ -52.101561681792774, -32.041595010717046 ] ], [ [ -52.101538095613797, -32.041635971848081 ], [ -52.101514509434821, -32.041676932979122 ] ], [ [ -52.101490923255838, -32.041717894110164 ], [ -52.101467337076862, -32.041758855241198 ] ], [ [ -52.101443750897886, -32.04179981637224 ], [ -52.10142016471891, -32.041840777503282 ] ], [ [ -52.101401230297071, -32.041873660122157 ], [ -52.101385541585778, -32.041900906051211 ] ], [ [ -52.101360269166037, -32.041944795606092 ], [ -52.101349406181974, -32.0419636608964 ] ], [ [ -52.101325820002998, -32.042004622027441 ], [ -52.101302233824015, -32.042045583158483 ] ], [ [ -52.101278647645039, -32.042086544289518 ], [ -52.101255061466063, -32.042127505420559 ] ], [ [ -52.101237385772919, -32.042158202057927 ], [ -52.101221316006757, -32.042186109749039 ] ], [ [ -52.101196424641877, -32.042229337541876 ], [ -52.101184302929127, -32.042250388813677 ] ], [ [ -52.101162840715901, -32.042287661342186 ], [ -52.101155463510835, -32.042300473025833 ] ], [ [ -52.101114502379794, -32.042371608509782 ], [ -52.101113544392192, -32.042373272206795 ] ], [ [ -52.101073541248759, -32.042442743993718 ], [ -52.101066372034239, -32.042455194468879 ] ], [ [ -52.101032580117717, -32.042513879477667 ], [ -52.10101919967628, -32.042537116730955 ] ], [ [ -52.100997228539619, -32.042575273085525 ], [ -52.100991618986676, -32.042585014961617 ] ], [ [ -52.100950657855641, -32.042656150445552 ], [ -52.100948441139352, -32.042660000124073 ] ], [ [ -52.100924854960368, -32.042700961255115 ], [ -52.100901268781392, -32.042741922386156 ] ], [ [ -52.100868735593558, -32.042798421413458 ], [ -52.100848177580957, -32.042834123654529 ] ], [ [ -52.100830510244457, -32.042864805779274 ], [ -52.100827774462516, -32.042869556897408 ] ], [ [ -52.100786813331482, -32.042940692381343 ], [ -52.100783337886504, -32.04294672804135 ] ], [ [ -52.10074585220044, -32.043011827865293 ], [ -52.100736165528545, -32.043028650303434 ] ], [ [ -52.100704891069398, -32.043082963349242 ], [ -52.100688993170593, -32.04311057256551 ] ], [ [ -52.100663929938356, -32.043154098833192 ], [ -52.100641820812633, -32.043192494827593 ] ], [ [ -52.100622968807322, -32.043225234317134 ], [ -52.100618234633657, -32.043233455958628 ] ], [ [ -52.10058200767628, -32.043296369801084 ], [ -52.100571062275698, -32.043315378220711 ] ] ] } },
{ "type": "Feature", "properties": { "tipo": "rua", "nome": "ALLAN KARDEC", "drenagem": 1.0, "iluminacao": 1.0, "compriment": 43.51940752462135 }, "geometry": { "type": "MultiLineString", "coordinates": [ [ [ -52.100547557129779, -32.043356339351753 ], [ -52.100524176805912, -32.043397300482788 ] ], [ [ -52.100500796482038, -32.043438261613829 ], [ -52.100477416158171, -32.043479222744871 ] ] ] } },
{ "type": "Feature", "properties": { "tipo": "rua", "nome": "ALLAN KARDEC", "drenagem": 1.0, "iluminacao": 1.0, "compriment": 89.248250363347907 }, "geometry": { "type": "MultiLineString", "coordinates": [ [ [ -52.100265524112324, -32.043844012117816 ], [ -52.100232295068515, -32.043899845834993 ] ], [ [ -52.100172396365885, -32.044000491741045 ], [ -52.100165715465174, -32.044011717448385 ] ], [ [ -52.100131435234843, -32.044069317441206 ], [ -52.100110827832133, -32.04410394341182 ] ] ] } },
{ "type": "Feature", "properties": { "tipo": "rua", "nome": "ALLAN KARDEC", "drenagem": 1.0, "iluminacao": 1.0, "compriment": 96.47952428607465 }, "geometry": { "type": "MultiLineString", "coordinates": [ [ [ -52.099501640923478, -32.045145989804539 ], [ -52.099495017465117, -32.045158629117495 ] ], [ [ -52.099476057138212, -32.045194810443391 ], [ -52.099443576788161, -32.0452567915546 ] ], [ [ -52.099394134876128, -32.045351139818813 ], [ -52.099387691874412, -32.045363434772696 ] ], [ [ -52.099353173745087, -32.04542930450652 ], [ -52.099341774946105, -32.045451056434267 ] ] ] } },
{ "type": "Feature", "properties": { "tipo": "rua", "nome": "ALLAN KARDEC", "drenagem": 0.0, "iluminacao": 1.0, "compriment": 50.180872380939157 }, "geometry": { "type": "MultiLineString", "coordinates": [ [ [ -52.098984523565733, -32.046086753670629 ], [ -52.098974890574851, -32.046100735131411 ] ], [ [ -52.098861640172615, -32.046327255536696 ], [ -52.098853111406292, -32.046345945677416 ] ] ] } },
{ "type": "Feature", "properties": { "tipo": "rua", "nome": "ALLAN KARDEC", "drenagem": 0.0, "iluminacao": 1.0, "compriment": 114.94489443237467 }, "geometry": { "type": "MultiLineString", "coordinates": [ [ [ -52.098853111406292, -32.046345945677416 ], [ -52.098861640172615, -32.04638481294505 ] ], [ [ -52.098880198151825, -32.046469385310765 ], [ -52.098902601303649, -32.046571480885305 ] ], [ [ -52.09892513929848, -32.046674190965966 ], [ -52.098943115757137, -32.046756113228042 ] ] ] } },
{ "type": "Feature", "properties": { "tipo": "rua", "nome": "VISCONDE DE RIO BRANCO", "drenagem": 1.0, "iluminacao": 1.0, "compriment": 124.16261199246365 }, "geometry": { "type": "LineString", "coordinates": [ [ -52.133916674560489, -32.046141696262453 ], [ -52.133924368342591, -32.04614499426394 ] ] } },
{ "type": "Feature", "properties": { "tipo": "avenida", "nome": "CIDADE DE PELOTAS", "drenagem": 1.0, "iluminacao": 1.0, "compriment": 121.08230949867045 }, "geometry": { "type": "LineString", "coordinates": [ [ -52.106362463949502, -32.035386930966219 ], [ -52.107463440711435, -32.035878240307845 ] ] } },
{ "type": "Feature", "properties": { "tipo": "rua", "nome": "MORON", "drenagem": 0.0, "iluminacao": 1.0, "compriment": 110.99791606573233 }, "geometry": { "type": "MultiLineString", "coordinates": [ [ [ -52.103824924946018, -32.037688699101942 ], [ -52.103634340904179, -32.03803139231659 ] ], [ [ -52.103613131373216, -32.038069529624813 ], [ -52.103321829576565, -32.038593325574169 ] ] ] } },
{ "type": "Feature", "properties": { "tipo": "avenida", "nome": "CIDADE DE PELOTAS", "drenagem": 1.0, "iluminacao": 1.0, "compriment": 118.02006656892902 }, "geometry": { "type": "LineString", "coordinates": [ [ -52.10974053335498, -32.036860005416976 ], [ -52.110864089283993, -32.037325651355218 ] ] } },
{ "type": "Feature", "properties": { "tipo": "avenida", "nome": "CIDADE DE PELOTAS", "drenagem": 1.0, "iluminacao": 1.0, "compriment": 120.76615133880983 }, "geometry": { "type": "LineString", "coordinates": [ [ -52.111983189330232, -32.037799060659857 ], [ -52.113134885430654, -32.038272049185977 ] ] } },
{ "type": "Feature", "properties": { "tipo": "avenida", "nome": "CIDADE DE PELOTAS", "drenagem": 1.0, "iluminacao": 1.0, "compriment": 118.76914211078726 }, "geometry": { "type": "MultiLineString", "coordinates": [ [ [ -52.114292548170269, -32.038785895230376 ], [ -52.114836481278097, -32.039019451437952 ] ], [ [ -52.114877442409131, -32.039037039494801 ], [ -52.11501564555639, -32.039096381723624 ] ], [ [ -52.115041286933291, -32.039107391722204 ], [ -52.115206435735224, -32.0391783039857 ] ], [ [ -52.115246092588492, -32.039195332006464 ], [ -52.115301830824649, -32.039219265116742 ] ], [ [ -52.11536897598161, -32.039248096177019 ], [ -52.115397225914073, -32.039260226247784 ] ] ] } },
{ "type": "Feature", "properties": { "tipo": "rua", "nome": "MARQUES DE MARICA", "drenagem": 0.0, "iluminacao": 1.0, "compriment": 99.575064664744346 }, "geometry": { "type": "MultiLineString", "coordinates": [ [ [ -52.12235533435819, -32.045281512510613 ], [ -52.122332368258363, -32.045319836951968 ] ], [ [ -52.121934524080949, -32.045983735304787 ], [ -52.121887168640107, -32.046062759206492 ] ] ] } },
{ "type": "Feature", "properties": { "tipo": "rua", "nome": "COMENDADOR HENRIQUE PANCADA", "drenagem": 0.0, "iluminacao": 1.0, "compriment": 47.542372618059687 }, "geometry": { "type": "LineString", "coordinates": [ [ -52.123457916808256, -32.039671236236657 ], [ -52.123909154720771, -32.039861211689946 ] ] } },
{ "type": "Feature", "properties": { "tipo": "rua", "nome": "COMENDADOR HENRIQUE PANCADA", "drenagem": 0.0, "iluminacao": 1.0, "compriment": 119.50030413564846 }, "geometry": { "type": "LineString", "coordinates": [ [ -52.135514638434984, -32.045784425543289 ], [ -52.136054347156659, -32.046026730259989 ] ] } },
{ "type": "Feature", "properties": { "tipo": "rua", "nome": "VISCONDE DE MAUA", "drenagem": 1.0, "iluminacao": 1.0, "compriment": 118.74859660548874 }, "geometry": { "type": "MultiLineString", "coordinates": [ [ [ -52.111903954585671, -32.035745180624545 ], [ -52.112838716343539, -32.036147180288765 ] ], [ [ -52.112870346988188, -32.036160783229214 ], [ -52.11292622504287, -32.036184813907653 ] ] ] } },
{ "type": "Feature", "properties": { "tipo": "rua", "nome": "HONORATO CARVALHO", "drenagem": 0.0, "iluminacao": 1.0, "compriment": 20.629102177598806 }, "geometry": { "type": "LineString", "coordinates": [ [ -52.142671510031995, -32.049884653892271 ], [ -52.142866085716477, -32.049969193254057 ] ] } },
{ "type": "Feature", "properties": { "tipo": "rua", "nome": "CAMPOS SALES", "drenagem": 0.0, "iluminacao": 1.0, "compriment": 91.669078368381435 }, "geometry": { "type": "MultiLineString", "coordinates": [ [ [ -52.146054383886622, -32.052512560279929 ], [ -52.145925979737228, -32.052764870994515 ] ], [ [ -52.145919603825206, -32.052777399490878 ], [ -52.145877912538346, -32.052859321752962 ] ], [ [ -52.145836221251493, -32.052941244015038 ], [ -52.145803096344103, -32.053006333570892 ] ] ] } },
{ "type": "Feature", "properties": { "tipo": "rua", "nome": "CAMPOS SALES", "drenagem": 0.0, "iluminacao": 1.0, "compriment": 40.832569928671376 }, "geometry": { "type": "MultiLineString", "coordinates": [ [ [ -52.145273247185017, -32.054074355188504 ], [ -52.145235638856363, -32.054146598207303 ] ], [ [ -52.145159445019729, -32.05429296133935 ], [ -52.14510122946394, -32.054404789427487 ] ] ] } },
{ "type": "Feature", "properties": { "tipo": "avenida", "nome": "CIDADE DE PELOTAS", "drenagem": 1.0, "iluminacao": 1.0, "compriment": 61.925072417720166 }, "geometry": { "type": "LineString", "coordinates": [ [ -52.127112106480602, -32.044237843240921 ], [ -52.12769607068396, -32.0444917560786 ] ] } },
{ "type": "Feature", "properties": { "tipo": "rua", "nome": "VISCONDE DE MAUA", "drenagem": 1.0, "iluminacao": 1.0, "compriment": 121.53354396433701 }, "geometry": { "type": "MultiLineString", "coordinates": [ [ [ -52.11292622504287, -32.036184813907653 ], [ -52.113034191512348, -32.036231249489653 ] ], [ [ -52.11307515264339, -32.03624886656992 ], [ -52.113124437636557, -32.036270063681883 ] ], [ [ -52.113157074905466, -32.036284100730455 ], [ -52.113219675566484, -32.036311024812925 ] ], [ [ -52.113279958298584, -32.036336951971265 ], [ -52.113320919429626, -32.036354569051532 ] ], [ [ -52.113361880560667, -32.036372186131807 ], [ -52.113410151426315, -32.036392947075001 ] ], [ [ -52.113443802822744, -32.036407420292342 ], [ -52.113505389356241, -32.036433908206043 ] ], [ [ -52.113689569608987, -32.036513122773961 ], [ -52.113695865216073, -32.036515830468119 ] ] ] } },
{ "type": "Feature", "properties": { "tipo": "rua", "nome": "VISCONDE DE MAUA", "drenagem": 1.0, "iluminacao": 1.0, "compriment": 117.19052660962082 }, "geometry": { "type": "MultiLineString", "coordinates": [ [ [ -52.115232947999424, -32.037180885326883 ], [ -52.115246092588492, -32.037186298789621 ] ], [ [ -52.115287053719534, -32.037203168206787 ], [ -52.115328014850569, -32.037220037623953 ] ], [ [ -52.11536897598161, -32.03723690704112 ], [ -52.115409937112652, -32.037253776458293 ] ], [ [ -52.115450898243694, -32.037270645875459 ], [ -52.116349947618851, -32.037640910040018 ] ] ] } },
{ "type": "Feature", "properties": { "tipo": "rua", "nome": "VISCONDE DE MAUA", "drenagem": 1.0, "iluminacao": 1.0, "compriment": 122.65851600332319 }, "geometry": { "type": "MultiLineString", "coordinates": [ [ [ -52.116349947618851, -32.037640910040018 ], [ -52.116884537830082, -32.037877658433644 ] ], [ [ -52.116925498961116, -32.037895798462714 ], [ -52.117046692212547, -32.037949470054507 ] ], [ [ -52.117130304616317, -32.037986498608085 ], [ -52.117139184581177, -32.037990431185548 ] ], [ [ -52.117212226878401, -32.038022778666239 ], [ -52.117231676949807, -32.03803139231659 ] ] ] } },
{ "type": "Feature", "properties": { "tipo": "rua", "nome": "LIDERANÇA", "drenagem": 0.0, "iluminacao": 1.0, "compriment": 91.807331501479226 }, "geometry": { "type": "MultiLineString", "coordinates": [ [ [ -52.125505308190753, -32.047692199723507 ], [ -52.125430779461404, -32.04790302489716 ] ], [ [ -52.12540445308634, -32.047977496347876 ], [ -52.125372858844123, -32.048066869421312 ] ], [ [ -52.125343898535483, -32.048148791683396 ], [ -52.125225054010848, -32.048484976370332 ] ] ] } },
{ "type": "Feature", "properties": { "tipo": "rua", "nome": "SAFIRA", "drenagem": 0.0, "iluminacao": 1.0, "compriment": 92.048278850223085 }, "geometry": { "type": "MultiLineString", "coordinates": [ [ [ -52.124947532834696, -32.047437481611169 ], [ -52.124831293811354, -32.047698219241958 ] ], [ [ -52.124830997251784, -32.047698884459528 ], [ -52.124601565434162, -32.048213526675511 ] ] ] } },
{ "type": "Feature", "properties": { "tipo": "rua", "nome": "CEARÁ", "drenagem": 0.0, "iluminacao": 0.0, "compriment": 57.189909468012949 }, "geometry": { "type": "MultiLineString", "coordinates": [ [ [ -52.119604775243268, -32.048271675076514 ], [ -52.119587972478698, -32.048264612142809 ] ], [ [ -52.119547011347663, -32.048247394395574 ], [ -52.119322989563159, -32.048153228283411 ] ] ] } },
{ "type": "Feature", "properties": { "tipo": "rua", "nome": "DAS MISSOES", "drenagem": 1.0, "iluminacao": 1.0, "compriment": 101.3330703794436 }, "geometry": { "type": "LineString", "coordinates": [ [ -52.129960141627784, -32.045445498993622 ], [ -52.129489436967518, -32.046266696399954 ] ] } },
{ "type": "Feature", "properties": { "tipo": "avenida", "nome": "CIDADE DE PELOTAS", "drenagem": 1.0, "iluminacao": 1.0, "compriment": 116.86260789548305 }, "geometry": { "type": "LineString", "coordinates": [ [ -52.136850863369965, -32.048372849311363 ], [ -52.137938559184484, -32.048835269514164 ] ] } },
{ "type": "Feature", "properties": { "tipo": "rua", "nome": "ACRE", "drenagem": 1.0, "iluminacao": 1.0, "compriment": 117.85048378070226 }, "geometry": { "type": "LineString", "coordinates": [ [ -52.130263127074485, -32.049821940608993 ], [ -52.129706380636151, -32.050773090050683 ] ] } },
{ "type": "Feature", "properties": { "tipo": "rua", "nome": "DOUTOR MARCIANO ESPINDOLA", "drenagem": 1.0, "iluminacao": 1.0, "compriment": 71.901343342626504 }, "geometry": { "type": "LineString", "coordinates": [ [ -52.08317352698441, -32.039275361642211 ], [ -52.083218734824555, -32.039266301638477 ] ] } },
{ "type": "Feature", "properties": { "tipo": "avenida", "nome": "PRIMEIRO DE MAIO", "drenagem": 1.0, "iluminacao": 1.0, "compriment": 196.163713879494 }, "geometry": { "type": "LineString", "coordinates": [ [ -52.111719103883182, -32.045471099972708 ], [ -52.113459744185135, -32.046436251559619 ] ] } },
{ "type": "Feature", "properties": { "tipo": "rua", "nome": "BASTOS GUERRA", "drenagem": 1.0, "iluminacao": 1.0, "compriment": 126.55970228076939 }, "geometry": { "type": "LineString", "coordinates": [ [ -52.083966433293504, -32.039112827445166 ], [ -52.083677532580147, -32.03799833805428 ] ] } },
{ "type": "Feature", "properties": { "tipo": "rua", "nome": "CONSELHEIRO TEIXEIRA JUNIOR", "drenagem": 0.0, "iluminacao": 1.0, "compriment": 149.49705933227492 }, "geometry": { "type": "MultiLineString", "coordinates": [ [ [ -52.114799313717249, -32.035480171272638 ], [ -52.114549753360819, -32.035893039469869 ] ], [ [ -52.114544691632673, -32.035901413502522 ], [ -52.114508792229778, -32.035960804833614 ] ], [ [ -52.114495173289868, -32.035983335764605 ], [ -52.114467831098736, -32.036028570197352 ] ], [ [ -52.11440056657905, -32.036139851417573 ], [ -52.11438590883666, -32.036164100924829 ] ], [ [ -52.114329600250791, -32.036257256843776 ], [ -52.114303986574576, -32.036299631652319 ] ], [ [ -52.114272340747242, -32.036351985943959 ], [ -52.114263025443542, -32.036367397016051 ] ], [ [ -52.114222822404429, -32.036433908206043 ], [ -52.1142220643125, -32.036435162379796 ] ], [ [ -52.114152184430154, -32.036550770409292 ], [ -52.114140142050417, -32.036570693107286 ] ] ] } },
{ "type": "Feature", "properties": { "tipo": "rua", "nome": "MARCÍLIO DIAS", "drenagem": 1.0, "iluminacao": 1.0, "compriment": 97.914544678013542 }, "geometry": { "type": "MultiLineString", "coordinates": [ [ [ -52.115232947999424, -32.037180885326883 ], [ -52.115116702131402, -32.037376014219952 ] ], [ [ -52.115043495716534, -32.037498897613077 ], [ -52.115000325802256, -32.037571362103471 ] ], [ [ -52.114897082886799, -32.037744664399312 ], [ -52.114877442409131, -32.037777632665041 ] ] ] } },
{ "type": "Feature", "properties": { "tipo": "rua", "nome": "VISCONDE DE MAUA", "drenagem": 1.0, "iluminacao": 1.0, "compriment": 123.36539998976041 }, "geometry": { "type": "MultiLineString", "coordinates": [ [ [ -52.125304134227619, -32.041472127323921 ], [ -52.125322530824256, -32.041480213657223 ] ], [ [ -52.125397321754953, -32.041513088454963 ], [ -52.12540445308634, -32.041516223074026 ] ], [ [ -52.12558369680962, -32.041595010717046 ], [ -52.125609258741534, -32.04160624661602 ] ], [ [ -52.12567688433694, -32.041635971848081 ], [ -52.125691181003617, -32.041642256032823 ] ], [ [ -52.125770071864274, -32.041676932979122 ], [ -52.125773103265693, -32.041678265449619 ] ], [ [ -52.125863259391608, -32.041717894110164 ], [ -52.125895986658811, -32.041732279574816 ] ], [ [ -52.12595644691892, -32.041758855241198 ], [ -52.125977908920895, -32.041768288991619 ] ], [ [ -52.126049634446254, -32.04179981637224 ], [ -52.126100792314013, -32.041822303116817 ] ], [ [ -52.126142821973588, -32.041840777503282 ], [ -52.126305597969207, -32.041912326658817 ] ] ] } },
{ "type": "Feature", "properties": { "tipo": "rua", "nome": "VISCONDE DE MAUA", "drenagem": 0.0, "iluminacao": 1.0, "compriment": 119.17876747710223 }, "geometry": { "type": "MultiLineString", "coordinates": [ [ [ -52.126423303365478, -32.0419636608964 ], [ -52.126428481362332, -32.04196578349201 ] ], [ [ -52.126523226594706, -32.042004622027441 ], [ -52.12655136475545, -32.042016156591508 ] ], [ [ -52.126623149823942, -32.042045583158483 ], [ -52.126674248148568, -32.042066529691006 ] ], [ [ -52.126723073053157, -32.042086544289518 ], [ -52.126797131541686, -32.042116902790504 ] ], [ [ -52.126822996282385, -32.042127505420559 ], [ -52.126879053803769, -32.04215048485684 ] ], [ [ -52.126922919511614, -32.042168466551601 ], [ -52.127546670317649, -32.042424158233104 ] ] ] } },
{ "type": "Feature", "properties": { "tipo": "rua", "nome": "BASTOS GUERRA", "drenagem": 1.0, "iluminacao": 1.0, "compriment": 146.10447043275329 }, "geometry": { "type": "MultiLineString", "coordinates": [ [ [ -52.083677532580147, -32.03799833805428 ], [ -52.083419293770646, -32.037034642383055 ] ], [ [ -52.083401007831505, -32.036966402909556 ], [ -52.083378332639604, -32.036881783621233 ] ], [ [ -52.083368079115424, -32.036843519516438 ], [ -52.08333737150857, -32.036728924859446 ] ], [ [ -52.083335150399343, -32.03672063612332 ], [ -52.083333314298997, -32.036713784163474 ] ] ] } },
{ "type": "Feature", "properties": { "tipo": "rua", "nome": "MARECHAL JOAO MASCARENHAS DE MORAES", "drenagem": 1.0, "iluminacao": 1.0, "compriment": 73.127197805069898 }, "geometry": { "type": "LineString", "coordinates": [ [ -52.08515870119426, -32.040737339656864 ], [ -52.084403906010117, -32.040884180245762 ] ] } },
{ "type": "Feature", "properties": { "tipo": "rua", "nome": "MARECHAL JOAO MASCARENHAS DE MORAES", "drenagem": 1.0, "iluminacao": 1.0, "compriment": 71.644763917197821 }, "geometry": { "type": "LineString", "coordinates": [ [ -52.084403906010117, -32.040884180245762 ], [ -52.083662469429207, -32.041020601700509 ] ] } },
{ "type": "Feature", "properties": { "tipo": "rua", "nome": "MARECHAL JOAO MASCARENHAS DE MORAES", "drenagem": 1.0, "iluminacao": 1.0, "compriment": 71.33542722768 }, "geometry": { "type": "LineString", "coordinates": [ [ -52.083662469429207, -32.041020601700509 ], [ -52.082926281483594, -32.041164274137756 ] ] } },
{ "type": "Feature", "properties": { "tipo": "rua", "nome": "VISCONDE DE MAUA", "drenagem": 1.0, "iluminacao": 1.0, "compriment": 120.47985060540366 }, "geometry": { "type": "MultiLineString", "coordinates": [ [ [ -52.133972118253929, -32.045158629117495 ], [ -52.134047251735716, -32.045191756242282 ] ], [ [ -52.134065019536884, -32.045199590248536 ], [ -52.13434124156084, -32.045321379379537 ] ] ] } },
{ "type": "Feature", "properties": { "tipo": "rua", "nome": "GOMES FREIRE", "drenagem": 1.0, "iluminacao": 1.0, "compriment": 133.30804945743299 }, "geometry": { "type": "LineString", "coordinates": [ [ -52.102604730946112, -32.033003577757427 ], [ -52.103999791319978, -32.033185300174488 ] ] } },
{ "type": "Feature", "properties": { "tipo": "rua", "nome": "MARECHAL JOAO MASCARENHAS DE MORAES", "drenagem": 1.0, "iluminacao": 1.0, "compriment": 71.116463446320637 }, "geometry": { "type": "LineString", "coordinates": [ [ -52.082926281483594, -32.041164274137756 ], [ -52.082600071149855, -32.041224370429873 ] ] } },
{ "type": "Feature", "properties": { "tipo": "rua", "nome": "VINTE E SETE", "drenagem": 0.0, "iluminacao": 1.0, "compriment": 182.75064544617447 }, "geometry": { "type": "LineString", "coordinates": [ [ -52.079208250725564, -32.044692149772047 ], [ -52.079213005129226, -32.044708056676058 ] ] } },
{ "type": "Feature", "properties": { "tipo": "rua", "nome": "OITO DE JULHO", "drenagem": 0.0, "iluminacao": 1.0, "compriment": 73.332395165935964 }, "geometry": { "type": "LineString", "coordinates": [ [ -52.081535081742821, -32.043253605354955 ], [ -52.081888420081334, -32.043184116780061 ] ] } },
{ "type": "Feature", "properties": { "tipo": "rua", "nome": "OITO DE JULHO", "drenagem": 1.0, "iluminacao": 1.0, "compriment": 70.73975412708721 }, "geometry": { "type": "LineString", "coordinates": [ [ -52.081888420081334, -32.043184116780061 ], [ -52.082620376990604, -32.043048902583777 ] ] } },
{ "type": "Feature", "properties": { "tipo": "rua", "nome": "OITO DE JULHO", "drenagem": 1.0, "iluminacao": 1.0, "compriment": 71.311801135605961 }, "geometry": { "type": "LineString", "coordinates": [ [ -52.082620376990604, -32.043048902583777 ], [ -52.083358113255755, -32.04291205166745 ] ] } },
{ "type": "Feature", "properties": { "tipo": "rua", "nome": "OITO DE JULHO", "drenagem": 1.0, "iluminacao": 1.0, "compriment": 73.522430745427741 }, "geometry": { "type": "LineString", "coordinates": [ [ -52.083358113255755, -32.04291205166745 ], [ -52.08411908302724, -32.042772394372214 ] ] } },
{ "type": "Feature", "properties": { "tipo": "rua", "nome": "OITO DE JULHO", "drenagem": 1.0, "iluminacao": 1.0, "compriment": 72.594039247252752 }, "geometry": { "type": "LineString", "coordinates": [ [ -52.08411908302724, -32.042772394372214 ], [ -52.084869087237465, -32.042629247483745 ] ] } },
{ "type": "Feature", "properties": { "tipo": "avenida", "nome": "PRIMEIRO DE MAIO", "drenagem": 1.0, "iluminacao": 1.0, "compriment": 60.226483756587449 }, "geometry": { "type": "MultiLineString", "coordinates": [ [ [ -52.116670442597261, -32.04790302489716 ], [ -52.11668293631854, -32.047909433184472 ] ], [ [ -52.116875749104395, -32.048008330838904 ], [ -52.116910018444628, -32.048025908290278 ] ], [ [ -52.116966460092158, -32.048054858375345 ], [ -52.116989877060412, -32.048066869421312 ] ], [ [ -52.117048382354241, -32.048096877993132 ], [ -52.117069735676203, -32.048107830552354 ] ] ] } },
{ "type": "Feature", "properties": { "tipo": "avenida", "nome": "PRIMEIRO DE MAIO", "drenagem": 1.0, "iluminacao": 1.0, "compriment": 63.068789984516272 }, "geometry": { "type": "MultiLineString", "coordinates": [ [ [ -52.117171265747359, -32.048161929612597 ], [ -52.117220479618261, -32.048189752814437 ] ], [ [ -52.117335110271519, -32.048254559580172 ], [ -52.117365384279239, -32.048271675076514 ] ], [ [ -52.117417032533595, -32.048300874563957 ], [ -52.117437836609732, -32.048312636207555 ] ], [ [ -52.117498954795678, -32.048347189547748 ], [ -52.117510288940217, -32.04835359733859 ] ], [ [ -52.117539915926713, -32.048370347039643 ], [ -52.117582741270709, -32.048394558469631 ] ], [ [ -52.117621838188796, -32.048416662023428 ], [ -52.117662799319831, -32.048439819515323 ] ] ] } },
{ "type": "Feature", "properties": { "tipo": "avenida", "nome": "PRIMEIRO DE MAIO", "drenagem": 1.0, "iluminacao": 1.0, "compriment": 58.202235129697662 }, "geometry": { "type": "MultiLineString", "coordinates": [ [ [ -52.117703760450873, -32.048463019654001 ], [ -52.117744721581914, -32.048486296084391 ] ], [ [ -52.117785682712956, -32.048509572514781 ], [ -52.117799530944318, -32.048517441862749 ] ], [ [ -52.117826643843991, -32.048532848945165 ], [ -52.117871613056053, -32.048558402993791 ] ], [ [ -52.117943695167796, -32.048599364124833 ], [ -52.117949527237108, -32.048602678236335 ] ], [ [ -52.11799048836815, -32.048625954666726 ], [ -52.118031449499192, -32.048649231097116 ] ], [ [ -52.118072410630234, -32.048672507527506 ], [ -52.118113371761268, -32.048695783957889 ] ], [ [ -52.11815433289231, -32.048719060388279 ], [ -52.118195294023351, -32.04874233681867 ] ] ] } },
{ "type": "Feature", "properties": { "tipo": "rua", "nome": "BASTOS GUERRA", "drenagem": 1.0, "iluminacao": 1.0, "compriment": 78.8250846943981 }, "geometry": { "type": "LineString", "coordinates": [ [ -52.084869087237465, -32.042629247483745 ], [ -52.08503092835457, -32.043326609555812 ] ] } },
{ "type": "Feature", "properties": { "tipo": "travessa", "nome": "SAUL PORTO", "drenagem": 0.0, "iluminacao": 1.0, "compriment": 95.475707528600495 }, "geometry": { "type": "LineString", "coordinates": [ [ -52.081888420081334, -32.043184116780061 ], [ -52.082107708806831, -32.044024627350936 ] ] } },
{ "type": "Feature", "properties": { "tipo": "avenida", "nome": "PRIMEIRO DE MAIO", "drenagem": 1.0, "iluminacao": 1.0, "compriment": 64.617639634049226 }, "geometry": { "type": "MultiLineString", "coordinates": [ [ [ -52.11823202405273, -32.048763208648992 ], [ -52.118686827595823, -32.049021649999986 ] ], [ [ -52.118727788726865, -32.049044926094041 ], [ -52.118768749857907, -32.049068202188096 ] ] ] } },
{ "type": "Feature", "properties": { "tipo": "avenida", "nome": "PRIMEIRO DE MAIO", "drenagem": 1.0, "iluminacao": 1.0, "compriment": 49.962263948539885 }, "geometry": { "type": "MultiLineString", "coordinates": [ [ [ -52.118809490103793, -32.049090897697305 ], [ -52.118891633251025, -32.049136607743691 ] ], [ [ -52.118932594382066, -32.049159401309112 ], [ -52.119213733377975, -32.049315846210213 ] ] ] } },
{ "type": "Feature", "properties": { "tipo": "avenida", "nome": "SENADOR SALGADO FILHO", "drenagem": 0.0, "iluminacao": 1.0, "compriment": 33.899882158921635 }, "geometry": { "type": "MultiLineString", "coordinates": [ [ [ -52.097177041138764, -32.041308282799768 ], [ -52.097141272668949, -32.041277363058583 ] ], [ [ -52.097082272106221, -32.041226360537685 ], [ -52.096989812360057, -32.041146434518033 ] ] ] } },
{ "type": "Feature", "properties": { "tipo": "avenida", "nome": "SENADOR SALGADO FILHO", "drenagem": 0.0, "iluminacao": 1.0, "compriment": 112.51730608980128 }, "geometry": { "type": "MultiLineString", "coordinates": [ [ [ -52.096989812360057, -32.041146434518033 ], [ -52.096982129263743, -32.041144438275609 ] ], [ [ -52.096772622489588, -32.041090003670888 ], [ -52.096666828565816, -32.041062516013525 ] ], [ [ -52.096608777965429, -32.041047433152848 ], [ -52.096526855703353, -32.041026147893824 ] ], [ [ -52.096363011179193, -32.040983577375783 ], [ -52.096351527867917, -32.040980593751449 ] ], [ [ -52.096322050048151, -32.040972934746279 ], [ -52.096240127786075, -32.040951649487255 ] ] ] } },
{ "type": "Feature", "properties": { "tipo": "rua", "nome": "CAMPOS SALES", "drenagem": 0.0, "iluminacao": 1.0, "compriment": 163.44394203737548 }, "geometry": { "type": "LineString", "coordinates": [ [ -52.145072120817176, -32.05448044884492 ], [ -52.145046881424626, -32.05454818540597 ] ] } },
{ "type": "Feature", "properties": { "tipo": "avenida", "nome": "SENADOR SALGADO FILHO", "drenagem": 1.0, "iluminacao": 1.0, "compriment": 151.98711097630817 }, "geometry": { "type": "MultiLineString", "coordinates": [ [ [ -52.092003445125044, -32.039729772643852 ], [ -52.091682764697389, -32.039628876427138 ] ], [ [ -52.091652481109627, -32.039619348251513 ], [ -52.091422389562496, -32.039546954165061 ] ], [ [ -52.091406714323391, -32.039542022238493 ], [ -52.091292201995039, -32.03950599303402 ] ], [ [ -52.091242869799231, -32.039490471563141 ], [ -52.091162014427582, -32.039465031902978 ] ], [ [ -52.091119986406113, -32.039451808556628 ], [ -52.091031826860124, -32.039424070771936 ] ], [ [ -52.090997103012988, -32.039413145550114 ], [ -52.090901639292689, -32.039383109640902 ] ], [ [ -52.090833258488836, -32.039361594874769 ], [ -52.090771451725232, -32.03934214850986 ] ], [ [ -52.090710375095711, -32.039322931868256 ], [ -52.090641264157775, -32.039301187378818 ] ], [ [ -52.090587491702593, -32.039284268861742 ], [ -52.090511076590339, -32.039260226247784 ] ] ] } },
{ "type": "Feature", "properties": { "tipo": "rua", "nome": "REPUBLICA DO LIBANO", "drenagem": 1.0, "iluminacao": 1.0, "compriment": 86.394837576105658 }, "geometry": { "type": "LineString", "coordinates": [ [ -52.089604424557642, -32.033024048590313 ], [ -52.090347362143341, -32.032956326494677 ] ] } },
{ "type": "Feature", "properties": { "tipo": "rua", "nome": "REPUBLICA DO LIBANO", "drenagem": 1.0, "iluminacao": 1.0, "compriment": 118.64755633745902 }, "geometry": { "type": "LineString", "coordinates": [ [ -52.090347362143341, -32.032956326494677 ], [ -52.091580366959114, -32.03275222304169 ] ] } },
{ "type": "Feature", "properties": { "tipo": "rua", "nome": "REPUBLICA DO LIBANO", "drenagem": 1.0, "iluminacao": 1.0, "compriment": 43.778665313776457 }, "geometry": { "type": "LineString", "coordinates": [ [ -52.091580366959114, -32.03275222304169 ], [ -52.092035320632284, -32.032676909776981 ] ] } },
{ "type": "Feature", "properties": { "tipo": "rua", "nome": "REPUBLICA DO LIBANO", "drenagem": 1.0, "iluminacao": 1.0, "compriment": 53.393501524744991 }, "geometry": { "type": "LineString", "coordinates": [ [ -52.092667516047648, -32.032572252922783 ], [ -52.092758431647695, -32.032556481243709 ] ] } },
{ "type": "Feature", "properties": { "tipo": "rua", "nome": "CRISTOVAO COLOMBO", "drenagem": 1.0, "iluminacao": 1.0, "compriment": 96.783529576183014 }, "geometry": { "type": "LineString", "coordinates": [ [ -52.11176439645012, -32.035770722945379 ], [ -52.111351859256956, -32.036485431316684 ] ] } },
{ "type": "Feature", "properties": { "tipo": "rua", "nome": "CRISTOVAO COLOMBO", "drenagem": 1.0, "iluminacao": 1.0, "compriment": 3.6610805410242211 }, "geometry": { "type": "LineString", "coordinates": [ [ -52.111351859256956, -32.036485431316684 ], [ -52.111334823256641, -32.036515087409263 ] ] } },
{ "type": "Feature", "properties": { "tipo": "rua", "nome": "CRISTOVAO COLOMBO", "drenagem": 1.0, "iluminacao": 1.0, "compriment": 96.009266609184067 }, "geometry": { "type": "LineString", "coordinates": [ [ -52.111314960204091, -32.036549664795878 ], [ -52.110864089283993, -32.037325651355218 ] ] } },
{ "type": "Feature", "properties": { "tipo": "rua", "nome": "CRISTOVAO COLOMBO", "drenagem": 1.0, "iluminacao": 1.0, "compriment": 95.782841470727007 }, "geometry": { "type": "LineString", "coordinates": [ [ -52.110864089283993, -32.037325651355218 ], [ -52.110424999446103, -32.038104261093302 ] ] } },
{ "type": "Feature", "properties": { "tipo": "rua", "nome": "CRISTOVAO COLOMBO", "drenagem": 1.0, "iluminacao": 1.0, "compriment": 89.628928550557674 }, "geometry": { "type": "LineString", "coordinates": [ [ -52.110386379178351, -32.038165507718482 ], [ -52.109977667279487, -32.03889497808445 ] ] } },
{ "type": "Feature", "properties": { "tipo": "rua", "nome": "CRISTOVAO COLOMBO", "drenagem": 1.0, "iluminacao": 1.0, "compriment": 101.77365747573037 }, "geometry": { "type": "MultiLineString", "coordinates": [ [ [ -52.109431416214449, -32.039792720951297 ], [ -52.10914288406358, -32.040271642133753 ] ], [ [ -52.109135285568975, -32.040284254523776 ], [ -52.109008244332017, -32.04049512440168 ] ] ] } },
{ "type": "Feature", "properties": { "tipo": "rua", "nome": "DOUTOR NAPOLEAO LAUREANO", "drenagem": 1.0, "iluminacao": 1.0, "compriment": 62.631109326747577 }, "geometry": { "type": "MultiLineString", "coordinates": [ [ [ -52.09257340747213, -32.032013153764566 ], [ -52.092594587123543, -32.032138982098601 ] ], [ [ -52.09260047308085, -32.032173950577914 ], [ -52.092667516047648, -32.032572252922783 ] ] ] } },
{ "type": "Feature", "properties": { "tipo": "rua", "nome": "CRISTOVAO COLOMBO", "drenagem": 1.0, "iluminacao": 1.0, "compriment": 93.203319176354782 }, "geometry": { "type": "MultiLineString", "coordinates": [ [ [ -52.108920951276055, -32.040640987703767 ], [ -52.108856156146302, -32.040750063982969 ] ], [ [ -52.108840875122141, -32.040775788096248 ], [ -52.108815195015261, -32.040819018050698 ] ], [ [ -52.108792210429499, -32.040857710358331 ], [ -52.108569428229025, -32.041232742457069 ] ], [ [ -52.108528467097983, -32.041301696524798 ], [ -52.108516610080336, -32.041321656657175 ] ] ] } },
{ "type": "Feature", "properties": { "tipo": "rua", "nome": "CRISTOVAO COLOMBO", "drenagem": 1.0, "iluminacao": 1.0, "compriment": 93.359002396178255 }, "geometry": { "type": "MultiLineString", "coordinates": [ [ [ -52.108459611644463, -32.041431166192886 ], [ -52.10828270031174, -32.041723538049425 ] ], [ [ -52.108261330226604, -32.041758855241198 ], [ -52.108236545049373, -32.04179981637224 ] ], [ [ -52.108211759872141, -32.041840777503282 ], [ -52.108200778049664, -32.041858926571379 ] ], [ [ -52.108186974694902, -32.041881738634324 ], [ -52.108159816918622, -32.041926620832363 ] ], [ [ -52.10813740434044, -32.0419636608964 ], [ -52.108018382939541, -32.042160361172257 ] ] ] } },
{ "type": "Feature", "properties": { "tipo": "rua", "nome": "GENERAL VITORINO", "drenagem": 1.0, "iluminacao": 1.0, "compriment": 81.495824118059161 }, "geometry": { "type": "LineString", "coordinates": [ [ -52.100336240890044, -32.034865417943244 ], [ -52.101169988393956, -32.034690343838115 ] ] } },
{ "type": "Feature", "properties": { "tipo": "rua", "nome": "CONDE DE PORTO ALEGRE", "drenagem": 0.0, "iluminacao": 1.0, "compriment": 124.97076260733535 }, "geometry": { "type": "LineString", "coordinates": [ [ -52.096969959029096, -32.033750574609272 ], [ -52.098254015460853, -32.03347907421454 ] ] } },
{ "type": "Feature", "properties": { "tipo": "rua", "nome": "DEZENOVE DE FEVEREIRO", "drenagem": 1.0, "iluminacao": 1.0, "compriment": 182.74221397195174 }, "geometry": { "type": "MultiLineString", "coordinates": [ [ [ -52.099803746186524, -32.032467446646436 ], [ -52.099885668448607, -32.032452619770815 ] ], [ [ -52.100049512972767, -32.032422966019581 ], [ -52.100067462621013, -32.032419717364149 ] ], [ [ -52.100213357496926, -32.032393312268347 ], [ -52.100293783296983, -32.032378756233108 ] ], [ [ -52.100459124283162, -32.032348831641499 ], [ -52.100520103972912, -32.032337795102073 ] ], [ [ -52.100663929938356, -32.032311764452452 ], [ -52.100746424648889, -32.032296833971031 ] ], [ [ -52.100786813331482, -32.032289524139024 ], [ -52.10164539380488, -32.032134132117818 ] ] ] } },
{ "type": "Feature", "properties": { "tipo": "rua", "nome": "ARTHUR ROCHA", "drenagem": 0.0, "iluminacao": 1.0, "compriment": 53.099731943571157 }, "geometry": { "type": "LineString", "coordinates": [ [ -52.137772345534188, -32.055412653725369 ], [ -52.138309485037865, -32.055554245260602 ] ] } },
{ "type": "Feature", "properties": { "tipo": "rua", "nome": "PINTO BANDEIRA", "drenagem": 1.0, "iluminacao": 1.0, "compriment": 59.234943084061605 }, "geometry": { "type": "LineString", "coordinates": [ [ -52.13593835885942, -32.053507460212039 ], [ -52.13653454483169, -32.053673448943925 ] ] } },
{ "type": "Feature", "properties": { "tipo": "rua", "nome": "DOM PEDRO I", "drenagem": 1.0, "iluminacao": 1.0, "compriment": 166.52472622517837 }, "geometry": { "type": "LineString", "coordinates": [ [ -52.117223950212363, -32.036150111122254 ], [ -52.117214360398975, -32.036166216198019 ] ] } },
{ "type": "Feature", "properties": { "tipo": "rua", "nome": "DOM PEDRO I", "drenagem": 1.0, "iluminacao": 1.0, "compriment": 162.00394807713531 }, "geometry": { "type": "LineString", "coordinates": [ [ -52.117118393633739, -32.036334775053788 ], [ -52.116349947618851, -32.037640910040018 ] ] } },
{ "type": "Feature", "properties": { "tipo": "rua", "nome": "DOM PEDRO I", "drenagem": 1.0, "iluminacao": 1.0, "compriment": 99.939292397945039 }, "geometry": { "type": "MultiLineString", "coordinates": [ [ [ -52.115868208250362, -32.038453462790741 ], [ -52.115655703898888, -32.038835733278283 ] ], [ [ -52.115647431177294, -32.038850614937381 ], [ -52.115419728048984, -32.039260226247784 ] ] ] } },
{ "type": "Feature", "properties": { "tipo": "rua", "nome": "MONTEIRO LOBATO", "drenagem": 0.0, "iluminacao": 1.0, "compriment": 29.804678242343584 }, "geometry": { "type": "LineString", "coordinates": [ [ -52.084537733648752, -32.036490207097714 ], [ -52.084847524671837, -32.036439127903279 ] ] } },
{ "type": "Feature", "properties": { "tipo": "rua", "nome": "MONTEIRO LOBATO", "drenagem": 1.0, "iluminacao": 1.0, "compriment": 67.721553126517179 }, "geometry": { "type": "LineString", "coordinates": [ [ -52.085542819486932, -32.036290110068009 ], [ -52.084847524671837, -32.036439127903279 ] ] } },
{ "type": "Feature", "properties": { "tipo": "rua", "nome": "CINCO", "drenagem": 1.0, "iluminacao": 1.0, "compriment": 111.77272906969412 }, "geometry": { "type": "LineString", "coordinates": [ [ -52.085540397014682, -32.036238493920074 ], [ -52.0852970389682, -32.03525205653002 ] ] } },
{ "type": "Feature", "properties": { "tipo": "rua", "nome": "JOAO PESSOA", "drenagem": 1.0, "iluminacao": 1.0, "compriment": 119.14882036888781 }, "geometry": { "type": "LineString", "coordinates": [ [ -52.086339012056278, -32.035205074274849 ], [ -52.086345517341677, -32.035283110858209 ], [ -52.086348539339021, -32.035504500665326 ], [ -52.086330476663996, -32.035604519763794 ], [ -52.086182468622155, -32.036107377511556 ] ] } },
{ "type": "Feature", "properties": { "tipo": "rua", "nome": "1 VELHA", "drenagem": 1.0, "iluminacao": 1.0, "compriment": 112.60070666226547 }, "geometry": { "type": "MultiLineString", "coordinates": [ [ [ -52.086788410479649, -32.036408288207404 ], [ -52.086785855397615, -32.036433908206043 ] ], [ [ -52.086778106515901, -32.036511606822465 ], [ -52.086700069286465, -32.037294091957875 ] ] ] } },
{ "type": "Feature", "properties": { "tipo": "rua", "nome": "1 VELHA", "drenagem": 0.0, "iluminacao": 1.0, "compriment": 140.7328175884727 }, "geometry": { "type": "LineString", "coordinates": [ [ -52.086065615902463, -32.042433710176837 ], [ -52.085828617408225, -32.042721182546416 ], [ -52.085352047708874, -32.0431601527672 ], [ -52.085031187398791, -32.043326607338656 ] ] } },
{ "type": "Feature", "properties": { "tipo": "rua", "nome": "OITO DE JULHO", "drenagem": 0.0, "iluminacao": 0.0, "compriment": 7.9512943886901581 }, "geometry": { "type": "LineString", "coordinates": [ [ -52.086065615902463, -32.042433710176837 ], [ -52.086008347474255, -32.042381152105875 ] ] } },
{ "type": "Feature", "properties": { "tipo": "rua", "nome": "MESTRE JERONIMO", "drenagem": 1.0, "iluminacao": 1.0, "compriment": 144.78741205623575 }, "geometry": { "type": "LineString", "coordinates": [ [ -52.109922386808606, -32.047198299662817 ], [ -52.109632655845154, -32.047534374717799 ] ] } },
{ "type": "Feature", "properties": { "tipo": "travessa", "nome": "BOM FIM", "drenagem": 0.0, "iluminacao": 1.0, "compriment": 141.58610638706355 }, "geometry": { "type": "MultiLineString", "coordinates": [ [ [ -52.133339659316029, -32.056832551463813 ], [ -52.133350912508035, -32.056821379279356 ] ], [ [ -52.13341136068918, -32.056761366242199 ], [ -52.133432834770119, -32.05674004674519 ] ], [ [ -52.133545949981063, -32.056627745808612 ], [ -52.133555718163237, -32.05661804794395 ] ], [ [ -52.133587208114072, -32.05658678467757 ], [ -52.133606015090052, -32.056568113086023 ] ], [ [ -52.133702277003323, -32.056472544126486 ], [ -52.133719562687396, -32.056455382875633 ] ] ] } },
{ "type": "Feature", "properties": { "tipo": "rua", "nome": "ENGENHEIRO ELMER LAWSORENCE CORTHEILL", "drenagem": 0.0, "iluminacao": 0.0, "compriment": 117.47208637558325 }, "geometry": { "type": "LineString", "coordinates": [ [ -52.143112967983157, -32.051210436926851 ], [ -52.144214862383244, -32.051701947983702 ] ] } },
{ "type": "Feature", "properties": { "tipo": "avenida", "nome": "JOSE BONIFACIO", "drenagem": 1.0, "iluminacao": 1.0, "compriment": 54.732620012941673 }, "geometry": { "type": "MultiLineString", "coordinates": [ [ [ -52.136750686384332, -32.056688632274259 ], [ -52.136830242142736, -32.056709668070688 ] ], [ [ -52.136914530908491, -32.056731955348859 ], [ -52.136985153978678, -32.05675062920173 ] ], [ [ -52.137078375432651, -32.056775278423451 ], [ -52.137140065814627, -32.056791590332772 ] ], [ [ -52.137242219956811, -32.056818601498051 ], [ -52.137280931723247, -32.056828837499246 ] ] ] } },
{ "type": "Feature", "properties": { "tipo": "rua", "nome": "REPUBLICA", "drenagem": 1.0, "iluminacao": 1.0, "compriment": 99.450245301380221 }, "geometry": { "type": "MultiLineString", "coordinates": [ [ [ -52.114070603630864, -32.043964564396084 ], [ -52.11405821978834, -32.043986740673532 ] ], [ [ -52.11402139825033, -32.044052678579426 ], [ -52.114017258657299, -32.044060091526056 ] ], [ [ -52.113959532739642, -32.044163463800331 ], [ -52.113935336395222, -32.044206793231083 ] ], [ [ -52.113907029146333, -32.04425748423462 ], [ -52.113894375264181, -32.044280144083608 ] ], [ [ -52.113861281504732, -32.044339406496704 ], [ -52.113853414133139, -32.044353494936132 ] ], [ [ -52.113838407683936, -32.044380367627745 ], [ -52.113718469051797, -32.044595146875629 ] ] ] } },
{ "type": "Feature", "properties": { "tipo": "rua", "nome": "REPUBLICA", "drenagem": 1.0, "iluminacao": 1.0, "compriment": 21.399240138709807 }, "geometry": { "type": "LineString", "coordinates": [ [ -52.113718469051797, -32.044595146875629 ], [ -52.113612910188145, -32.044765904759174 ] ] } },
{ "type": "Feature", "properties": { "tipo": "rua", "nome": "1 VELHA", "drenagem": 0.0, "iluminacao": 0.0, "compriment": 74.382971599352473 }, "geometry": { "type": "LineString", "coordinates": [ [ -52.085031187398791, -32.043326607338656 ], [ -52.085002953746752, -32.043365953478862 ], [ -52.084866889238981, -32.043438725469812 ], [ -52.08432894382122, -32.043606182612521 ] ] } },
{ "type": "Feature", "properties": { "tipo": "rua", "nome": "ABDALA NADER", "drenagem": 1.0, "iluminacao": 1.0, "compriment": 94.615204531286594 }, "geometry": { "type": "LineString", "coordinates": [ [ -52.08411908302724, -32.042772394372214 ], [ -52.084327336503542, -32.043572020771926 ], [ -52.08432894382122, -32.043606182612521 ] ] } },
{ "type": "Feature", "properties": { "tipo": "rua", "nome": "VINTE E CINCO", "drenagem": 0.0, "iluminacao": 1.0, "compriment": 176.02538504981064 }, "geometry": { "type": "LineString", "coordinates": [ [ -52.079828855935034, -32.044544212151898 ], [ -52.079814714239156, -32.044508070021237 ] ] } },
{ "type": "Feature", "properties": { "tipo": "rua", "nome": "EDGAR FONTOURA", "drenagem": 1.0, "iluminacao": 1.0, "compriment": 83.461334682517631 }, "geometry": { "type": "LineString", "coordinates": [ [ -52.085827256852511, -32.037592040612559 ], [ -52.086163689550304, -32.037524794281488 ] ] } },
{ "type": "Feature", "properties": { "tipo": "rua", "nome": "EDGAR FONTOURA", "drenagem": 1.0, "iluminacao": 1.0, "compriment": 9.2901613861613708 }, "geometry": { "type": "LineString", "coordinates": [ [ -52.085731183278625, -32.037609984170743 ], [ -52.085827256852511, -32.037592040612559 ] ] } },
{ "type": "Feature", "properties": { "tipo": "travessa", "nome": "FRONTEIRA DO SUL", "drenagem": 0.0, "iluminacao": 1.0, "compriment": 94.56598526160144 }, "geometry": { "type": "LineString", "coordinates": [ [ -52.124453395583828, -32.047229297653338 ], [ -52.123940505789641, -32.047961731370222 ] ] } },
{ "type": "Feature", "properties": { "tipo": "rua", "nome": "MACEDONIA", "drenagem": 0.0, "iluminacao": 1.0, "compriment": 97.136612122008273 }, "geometry": { "type": "LineString", "coordinates": [ [ -52.123943585295613, -32.046976160469832 ], [ -52.123469054319699, -32.047753342449774 ] ] } },
{ "type": "Feature", "properties": { "tipo": "travessa", "nome": "PERNAMBUCO", "drenagem": 0.0, "iluminacao": 1.0, "compriment": 116.42086439406445 }, "geometry": { "type": "MultiLineString", "coordinates": [ [ [ -52.123062268498124, -32.048805531457795 ], [ -52.122831761305882, -32.049131858828346 ] ], [ [ -52.122823901830834, -32.049142985430521 ], [ -52.122744960416725, -32.049254742221464 ] ], [ [ -52.122741979568758, -32.049258962186443 ], [ -52.122716026787003, -32.049295703352506 ] ], [ [ -52.122701018437716, -32.049316950564403 ], [ -52.122426790881292, -32.04970517253939 ] ] ] } },
{ "type": "Feature", "properties": { "tipo": "rua", "nome": "GENERAL ABREU", "drenagem": 0.0, "iluminacao": 1.0, "compriment": 120.09651379871644 }, "geometry": { "type": "LineString", "coordinates": [ [ -52.106196319465575, -32.040431965747082 ], [ -52.107334624056413, -32.04091456825018 ] ] } },
{ "type": "Feature", "properties": { "tipo": "rua", "nome": "MARCIANO ESPINDOLA", "drenagem": 1.0, "iluminacao": 1.0, "compriment": 47.753769071674974 }, "geometry": { "type": "LineString", "coordinates": [ [ -52.086114060231345, -32.038707600164237 ], [ -52.086603449653175, -32.038599489506048 ] ] } },
{ "type": "Feature", "properties": { "tipo": "rua", "nome": "SEM DENOMINACAO", "drenagem": 0.0, "iluminacao": 1.0, "compriment": 158.57472205494491 }, "geometry": { "type": "MultiLineString", "coordinates": [ [ [ -52.086101211923314, -32.040149822474014 ], [ -52.086116148512929, -32.039922845325755 ], [ -52.086097225000927, -32.039724404053679 ], [ -52.086050142079287, -32.039422930235418 ], [ -52.086039190994235, -32.039285325687416 ], [ -52.086067628995892, -32.039060880894617 ], [ -52.08604881275857, -32.038932537199464 ] ], [ [ -52.086042807521139, -32.038891576068423 ], [ -52.086039453352683, -32.038868697616877 ], [ -52.085993457692901, -32.038732055464124 ] ] ] } },
{ "type": "Feature", "properties": { "tipo": "rua", "nome": "MARCIANO ESPINDOLA", "drenagem": 1.0, "iluminacao": 1.0, "compriment": 11.709653379794776 }, "geometry": { "type": "LineString", "coordinates": [ [ -52.085993457692901, -32.038732055464124 ], [ -52.086114060231345, -32.038707600164237 ] ] } },
{ "type": "Feature", "properties": { "tipo": "rua", "nome": "GENERAL ABREU", "drenagem": 0.0, "iluminacao": 1.0, "compriment": 120.69320783853422 }, "geometry": { "type": "MultiLineString", "coordinates": [ [ [ -52.107334624056413, -32.04091456825018 ], [ -52.107955011263428, -32.041186073639125 ] ], [ [ -52.107997977603063, -32.041204877367868 ], [ -52.108191399855663, -32.041289526411767 ] ], [ [ -52.108216404676277, -32.041300469486465 ], [ -52.108323661442782, -32.04134740918763 ] ], [ [ -52.108327853813307, -32.041349243930803 ], [ -52.1084465448359, -32.041401187703805 ] ] ] } },
{ "type": "Feature", "properties": { "tipo": "rua", "nome": "GENERAL ABREU", "drenagem": 0.0, "iluminacao": 1.0, "compriment": 118.72294594400933 }, "geometry": { "type": "LineString", "coordinates": [ [ -52.108528467097983, -32.041388260960062 ], [ -52.109624042028678, -32.041840087940308 ] ] } },
{ "type": "Feature", "properties": { "tipo": "rua", "nome": "AQUIDABAN", "drenagem": 1.0, "iluminacao": 1.0, "compriment": 116.61037431423819 }, "geometry": { "type": "LineString", "coordinates": [ [ -52.104432353994014, -32.032222025849762 ], [ -52.105421320629794, -32.032340651875842 ] ] } },
{ "type": "Feature", "properties": { "tipo": "avenida", "nome": "PRESIDENTE VARGAS", "drenagem": 1.0, "iluminacao": 1.0, "compriment": 104.45968728310881 }, "geometry": { "type": "LineString", "coordinates": [ [ -52.118329932423954, -32.050802414362266 ], [ -52.119328253876738, -32.05120799774987 ] ] } },
{ "type": "Feature", "properties": { "tipo": "avenida", "nome": "PRESIDENTE VARGAS", "drenagem": 1.0, "iluminacao": 1.0, "compriment": 101.60990122040751 }, "geometry": { "type": "LineString", "coordinates": [ [ -52.119328253876738, -32.05120799774987 ], [ -52.120297383395979, -32.051605998202859 ] ] } },
{ "type": "Feature", "properties": { "tipo": "avenida", "nome": "PRESIDENTE VARGAS", "drenagem": 1.0, "iluminacao": 1.0, "compriment": 50.357006583131714 }, "geometry": { "type": "LineString", "coordinates": [ [ -52.123685960913171, -32.052984658261316 ], [ -52.124168150355132, -32.053178533381498 ] ] } },
{ "type": "Feature", "properties": { "tipo": "rua", "nome": "GENERAL ABREU", "drenagem": 0.0, "iluminacao": 1.0, "compriment": 59.78184172659212 }, "geometry": { "type": "MultiLineString", "coordinates": [ [ [ -52.120328062492653, -32.046406548786592 ], [ -52.120468184952387, -32.046469385310765 ] ], [ [ -52.120489117361572, -32.046478772241585 ], [ -52.120885190535844, -32.046656387319409 ] ] ] } },
{ "type": "Feature", "properties": { "tipo": "rua", "nome": "GENERAL ABREU", "drenagem": 0.0, "iluminacao": 1.0, "compriment": 55.129812726871563 }, "geometry": { "type": "LineString", "coordinates": [ [ -52.120885190535844, -32.046656387319409 ], [ -52.121404494351097, -32.046883424798409 ] ] } },
{ "type": "Feature", "properties": { "tipo": "rua", "nome": "GENERAL ABREU", "drenagem": 0.0, "iluminacao": 1.0, "compriment": 59.165111486111385 }, "geometry": { "type": "LineString", "coordinates": [ [ -52.122045640341085, -32.047152875477728 ], [ -52.122510155604978, -32.047358028187936 ] ] } },
{ "type": "Feature", "properties": { "tipo": "rua", "nome": "GENERAL ABREU", "drenagem": 0.0, "iluminacao": 1.0, "compriment": 54.809297126498009 }, "geometry": { "type": "MultiLineString", "coordinates": [ [ [ -52.122510155604978, -32.047358028187936 ], [ -52.122739907005247, -32.047453488737482 ] ], [ [ -52.122743177054033, -32.04745484742628 ], [ -52.123031735238577, -32.047574741898472 ] ] ] } },
{ "type": "Feature", "properties": { "tipo": "rua", "nome": "GENERAL ABREU", "drenagem": 0.0, "iluminacao": 1.0, "compriment": 46.891204652496413 }, "geometry": { "type": "LineString", "coordinates": [ [ -52.123031735238577, -32.047574741898472 ], [ -52.123475098057696, -32.04776507209175 ] ] } },
{ "type": "Feature", "properties": { "tipo": "rua", "nome": "GENERAL ABREU", "drenagem": 0.0, "iluminacao": 1.0, "compriment": 48.945306485222574 }, "geometry": { "type": "LineString", "coordinates": [ [ -52.123475098057696, -32.04776507209175 ], [ -52.123942387038156, -32.047955939863542 ] ] } },
{ "type": "Feature", "properties": { "tipo": "rua", "nome": "AQUIDABAN", "drenagem": 1.0, "iluminacao": 1.0, "compriment": 37.834931351155859 }, "geometry": { "type": "LineString", "coordinates": [ [ -52.105494057934116, -32.032351358925155 ], [ -52.105891979146406, -32.032390308263281 ] ] } },
{ "type": "Feature", "properties": { "tipo": "rua", "nome": "AQUIDABAN", "drenagem": 1.0, "iluminacao": 1.0, "compriment": 92.607423316040098 }, "geometry": { "type": "LineString", "coordinates": [ [ -52.105891979146406, -32.032390308263281 ], [ -52.106859366703794, -32.032525869949275 ] ] } },
{ "type": "Feature", "properties": { "tipo": "rua", "nome": "AQUIDABAN", "drenagem": 1.0, "iluminacao": 1.0, "compriment": 45.830378350251635 }, "geometry": { "type": "LineString", "coordinates": [ [ -52.106859366703794, -32.032525869949275 ], [ -52.107339199013701, -32.032587089234063 ] ] } },
{ "type": "Feature", "properties": { "tipo": "rua", "nome": "DEPUTADO FERNANDO FERRARI", "drenagem": 1.0, "iluminacao": 1.0, "compriment": 8.3597290682776819 }, "geometry": { "type": "LineString", "coordinates": [ [ -52.085877031154354, -32.040589534097151 ], [ -52.085895871497932, -32.040663195557713 ] ] } },
{ "type": "Feature", "properties": { "tipo": "rua", "nome": "GENERAL ABREU", "drenagem": 0.0, "iluminacao": 1.0, "compriment": 68.814320095457944 }, "geometry": { "type": "LineString", "coordinates": [ [ -52.123942387038156, -32.047955939863542 ], [ -52.124599417238095, -32.04822420596156 ] ] } },
{ "type": "Feature", "properties": { "tipo": "rua", "nome": "GENERAL ABREU", "drenagem": 0.0, "iluminacao": 1.0, "compriment": 64.392406850284473 }, "geometry": { "type": "LineString", "coordinates": [ [ -52.124599417238095, -32.04822420596156 ], [ -52.125207729752802, -32.048486468623672 ] ] } },
{ "type": "Feature", "properties": { "tipo": "rua", "nome": "CARLOS GOMES", "drenagem": 1.0, "iluminacao": 1.0, "compriment": 118.91446939261414 }, "geometry": { "type": "MultiLineString", "coordinates": [ [ [ -52.100116345852349, -32.033934493634163 ], [ -52.100973907068528, -32.033771434688461 ] ], [ [ -52.100991618986676, -32.03376806689775 ], [ -52.101189330253071, -32.033730473557419 ] ] ] } },
{ "type": "Feature", "properties": { "tipo": "rua", "nome": "CARLOS GOMES", "drenagem": 1.0, "iluminacao": 1.0, "compriment": 103.36779405205868 }, "geometry": { "type": "MultiLineString", "coordinates": [ [ [ -52.101360269166037, -32.033701091514239 ], [ -52.101646997083314, -32.033705238735145 ] ], [ [ -52.101876368857944, -32.033730473557419 ], [ -52.101933725000592, -32.033736805725397 ] ], [ [ -52.10205660839371, -32.03375037215875 ], [ -52.102432728765066, -32.033791896174492 ] ] ] } },
{ "type": "Feature", "properties": { "tipo": "rua", "nome": "CARLOS GOMES", "drenagem": 1.0, "iluminacao": 1.0, "compriment": 133.1934810150712 }, "geometry": { "type": "MultiLineString", "coordinates": [ [ [ -52.102432728765066, -32.033791896174492 ], [ -52.102548141966189, -32.033806075908878 ] ], [ [ -52.102589103097223, -32.033811108417744 ], [ -52.103828363205828, -32.03396336465017 ] ] ] } },
{ "type": "Feature", "properties": { "tipo": "rua", "nome": "CARLOS GOMES", "drenagem": 1.0, "iluminacao": 1.0, "compriment": 191.37161887498576 }, "geometry": { "type": "MultiLineString", "coordinates": [ [ [ -52.103828363205828, -32.03396336465017 ], [ -52.103858898159459, -32.033967190548651 ] ], [ [ -52.103931125656459, -32.033976240343662 ], [ -52.104391392862972, -32.034033909846862 ] ], [ [ -52.104432353994014, -32.034039042100574 ], [ -52.10451427625609, -32.03404930660799 ] ], [ [ -52.104555237387132, -32.034054438861702 ], [ -52.105832789716835, -32.03421451067895 ] ] ] } },
{ "type": "Feature", "properties": { "tipo": "avenida", "nome": "PRESIDENTE VARGAS", "drenagem": 1.0, "iluminacao": 1.0, "compriment": 77.345030932340791 }, "geometry": { "type": "LineString", "coordinates": [ [ -52.110178811186664, -32.04716129165805 ], [ -52.109471243424743, -32.046810103175559 ] ] } },
{ "type": "Feature", "properties": { "tipo": "rua", "nome": "DEPUTADO FERNANDO FERRARI", "drenagem": 0.0, "iluminacao": 0.0, "compriment": 44.837026406371123 }, "geometry": { "type": "LineString", "coordinates": [ [ -52.086409456336547, -32.040879839165775 ], [ -52.086262367794603, -32.040874999062105 ], [ -52.086085108011616, -32.040870338979886 ], [ -52.08601572561237, -32.040874464080453 ], [ -52.085943916556019, -32.040848598754216 ] ] } },
{ "type": "Feature", "properties": { "tipo": "rua", "nome": "1 VELHA", "drenagem": 1.0, "iluminacao": 1.0, "compriment": 77.216457392155917 }, "geometry": { "type": "MultiLineString", "coordinates": [ [ [ -52.086409456336547, -32.04091150387066 ], [ -52.086376163075855, -32.041308282799768 ] ], [ [ -52.086368495205505, -32.041399666140506 ], [ -52.086353824767805, -32.041574503943693 ] ] ] } },
{ "type": "Feature", "properties": { "tipo": "rua", "nome": "1 VELHA", "drenagem": 0.0, "iluminacao": 0.0, "compriment": 85.582420659440714 }, "geometry": { "type": "MultiLineString", "coordinates": [ [ [ -52.085943459149838, -32.040846833627896 ], [ -52.085909881882891, -32.040867867930416 ], [ -52.085895812984333, -32.040905061067399 ], [ -52.085887081288838, -32.040955448707109 ], [ -52.085848008557015, -32.040981381138359 ], [ -52.085737678867112, -32.041028225518616 ], [ -52.085697835952615, -32.04116449969991 ], [ -52.085682330046936, -32.041255548686777 ], [ -52.085678324920622, -32.041267321668727 ] ], [ [ -52.085672155977832, -32.041285455142308 ], [ -52.085639263808865, -32.041382140959804 ], [ -52.085639012713571, -32.041390205061845 ] ], [ [ -52.085637737289822, -32.041431166192886 ], [ -52.085637009485232, -32.041454540149417 ], [ -52.08567803542951, -32.041506267029661 ] ] ] } },
{ "type": "Feature", "properties": { "tipo": "rua", "nome": "1 VELHA", "drenagem": 1.0, "iluminacao": 1.0, "compriment": 17.761717570224612 }, "geometry": { "type": "LineString", "coordinates": [ [ -52.086368495205505, -32.042043348086303 ], [ -52.086329273194337, -32.042042694340658 ] ] } },
{ "type": "Feature", "properties": { "tipo": "rua", "nome": "OITO DE JULHO", "drenagem": 0.0, "iluminacao": 1.0, "compriment": 81.765549804299667 }, "geometry": { "type": "LineString", "coordinates": [ [ -52.086065615902463, -32.042433710176837 ], [ -52.086247449547805, -32.042519635029123 ], [ -52.086327534074464, -32.042546821307816 ] ] } },
{ "type": "Feature", "properties": { "tipo": "rua", "nome": "DOM BOSCO", "drenagem": 1.0, "iluminacao": 1.0, "compriment": 118.91293812487693 }, "geometry": { "type": "MultiLineString", "coordinates": [ [ [ -52.110578395990515, -32.040239432361275 ], [ -52.110587299095329, -32.040243293392734 ] ], [ [ -52.11061748478101, -32.040256384093617 ], [ -52.11106805722244, -32.040451784957412 ] ], [ [ -52.111149979484523, -32.040487312387192 ], [ -52.111190940615565, -32.040505076102086 ] ], [ [ -52.111248461462814, -32.040530021310012 ], [ -52.111272862877641, -32.040540603531866 ] ], [ [ -52.111313824008683, -32.040558367246753 ], [ -52.111354785139717, -32.040576130961647 ] ], [ [ -52.111436707401801, -32.040611658391427 ], [ -52.11143736499637, -32.040611943572088 ] ], [ [ -52.111518629663877, -32.040647185821207 ], [ -52.111559590794919, -32.040664949536094 ] ], [ [ -52.111626268529946, -32.040693865834172 ], [ -52.111641513057002, -32.040700476965881 ] ] ] } },
{ "type": "Feature", "properties": { "tipo": "rua", "nome": "DOM BOSCO", "drenagem": 1.0, "iluminacao": 1.0, "compriment": 121.12839804563232 }, "geometry": { "type": "MultiLineString", "coordinates": [ [ [ -52.111721048009606, -32.040734826965206 ], [ -52.11176439645012, -32.04075332857694 ] ], [ [ -52.111805357581154, -32.040770811257609 ], [ -52.111969202105314, -32.040840741980269 ] ], [ [ -52.112008958248595, -32.040857710358331 ], [ -52.112255930022592, -32.040963120744919 ] ], [ [ -52.112296868487569, -32.040980593751449 ], [ -52.112378813415717, -32.041015568786918 ] ], [ [ -52.11239283856721, -32.041021554882484 ], [ -52.112460735677793, -32.041050534148248 ] ], [ [ -52.112488808646873, -32.041062516013525 ], [ -52.112542657939869, -32.041085499509578 ] ], [ [ -52.112584778726536, -32.041103477144567 ], [ -52.112624580201953, -32.041120464870907 ] ], [ [ -52.112680748806198, -32.041144438275609 ], [ -52.112706502464029, -32.041155430232237 ] ], [ [ -52.112776718885847, -32.041185399406643 ], [ -52.112788424726112, -32.041190395593567 ] ] ] } },
{ "type": "Feature", "properties": { "tipo": "rua", "nome": "MARECHAL JOAO MASCARENHAS DE MORAES", "drenagem": 1.0, "iluminacao": 1.0, "compriment": 67.717513040533717 }, "geometry": { "type": "LineString", "coordinates": [ [ -52.085895871497932, -32.040663195557713 ], [ -52.085194983481429, -32.040791762077305 ] ] } },
{ "type": "Feature", "properties": { "tipo": "rua", "nome": "MARECHAL JOAO MASCARENHAS DE MORAES", "drenagem": 1.0, "iluminacao": 1.0, "compriment": 75.229375700078677 }, "geometry": { "type": "LineString", "coordinates": [ [ -52.085194983481429, -32.040791762077305 ], [ -52.084419057803764, -32.040944926693513 ] ] } },
{ "type": "Feature", "properties": { "tipo": "rua", "nome": "MARECHAL JOAO MASCARENHAS DE MORAES", "drenagem": 1.0, "iluminacao": 1.0, "compriment": 71.024048789615563 }, "geometry": { "type": "LineString", "coordinates": [ [ -52.084419057803764, -32.040944926693513 ], [ -52.083684928465068, -32.041083606425531 ] ] } },
{ "type": "Feature", "properties": { "tipo": "rua", "nome": "DOM BOSCO", "drenagem": 1.0, "iluminacao": 1.0, "compriment": 54.730351738015351 }, "geometry": { "type": "LineString", "coordinates": [ [ -52.123356255123412, -32.045691123821015 ], [ -52.123356396534355, -32.045691185413816 ] ] } },
{ "type": "Feature", "properties": { "tipo": "rua", "nome": "DOM BOSCO", "drenagem": 1.0, "iluminacao": 1.0, "compriment": 61.870255764838959 }, "geometry": { "type": "LineString", "coordinates": [ [ -52.124570224922721, -32.046202387869883 ], [ -52.125164327687109, -32.046437474695679 ] ] } },
{ "type": "Feature", "properties": { "tipo": "rua", "nome": "CARLOS GOMES", "drenagem": 1.0, "iluminacao": 1.0, "compriment": 79.428389104667076 }, "geometry": { "type": "LineString", "coordinates": [ [ -52.105832789716835, -32.03421451067895 ], [ -52.106644255070158, -32.034327771885273 ] ] } },
{ "type": "Feature", "properties": { "tipo": "rua", "nome": "MORON", "drenagem": 0.0, "iluminacao": 1.0, "compriment": 117.63601478805066 }, "geometry": { "type": "LineString", "coordinates": [ [ -52.106859366703794, -32.032525869949275 ], [ -52.10630516761865, -32.033475897210565 ] ] } },
{ "type": "Feature", "properties": { "tipo": "rua", "nome": "MARECHAL JOAO MASCARENHAS DE MORAES", "drenagem": 1.0, "iluminacao": 1.0, "compriment": 71.982785724777074 }, "geometry": { "type": "LineString", "coordinates": [ [ -52.083684928465068, -32.041083606425531 ], [ -52.082943221595087, -32.041232838180939 ] ] } },
{ "type": "Feature", "properties": { "tipo": "avenida", "nome": "BRASIL", "drenagem": 1.0, "iluminacao": 1.0, "compriment": 122.5163810844772 }, "geometry": { "type": "MultiLineString", "coordinates": [ [ [ -52.132757837181195, -32.050431944202238 ], [ -52.132736495542446, -32.050467594329341 ] ], [ [ -52.132702407137714, -32.0505245372837 ], [ -52.132695534411404, -32.05053601782506 ] ], [ [ -52.132635350927806, -32.050636551287575 ], [ -52.132613612149321, -32.050672864816491 ] ] ] } },
{ "type": "Feature", "properties": { "tipo": "avenida", "nome": "BRASIL", "drenagem": 1.0, "iluminacao": 1.0, "compriment": 118.73179247771382 }, "geometry": { "type": "MultiLineString", "coordinates": [ [ [ -52.131958234052689, -32.051792412696685 ], [ -52.131957117277018, -32.051794332345928 ] ], [ [ -52.131933287718141, -32.051835293476969 ], [ -52.131422776967959, -32.052712821166175 ] ] ] } },
{ "type": "Feature", "properties": { "tipo": "avenida", "nome": "BRASIL", "drenagem": 1.0, "iluminacao": 1.0, "compriment": 180.86785851172837 }, "geometry": { "type": "LineString", "coordinates": [ [ -52.130982866135611, -32.053493542625546 ], [ -52.13009128194421, -32.054937111249522 ] ] } },
{ "type": "Feature", "properties": { "tipo": "rua", "nome": "VISCONDE DE RIO BRANCO", "drenagem": 1.0, "iluminacao": 1.0, "compriment": 121.12617673633157 }, "geometry": { "type": "MultiLineString", "coordinates": [ [ [ -52.107889794711298, -32.035097179367028 ], [ -52.108610389360059, -32.035404686830113 ] ], [ [ -52.108622558560732, -32.03540987993005 ], [ -52.109036311670806, -32.035586445450541 ] ] ] } },
{ "type": "Feature", "properties": { "tipo": "rua", "nome": "GENERAL NETTO", "drenagem": 1.0, "iluminacao": 1.0, "compriment": 77.889684345734722 }, "geometry": { "type": "LineString", "coordinates": [ [ -52.098087313700525, -32.03279115658394 ], [ -52.098254015460853, -32.03347907421454 ] ] } },
{ "type": "Feature", "properties": { "tipo": "rua", "nome": "DEPUTADO FERNANDO FERRARI", "drenagem": 1.0, "iluminacao": 1.0, "compriment": 21.05376756088619 }, "geometry": { "type": "LineString", "coordinates": [ [ -52.085895871497932, -32.040663195557713 ], [ -52.085943916556019, -32.040848598754216 ] ] } },
{ "type": "Feature", "properties": { "tipo": "rua", "nome": "SOLDADO BOMBEIRO ANTONIO SILVEIRA DE AZEVEDO", "drenagem": 1.0, "iluminacao": 1.0, "compriment": 190.28258081130232 }, "geometry": { "type": "MultiLineString", "coordinates": [ [ [ -52.082943221595087, -32.041232838180939 ], [ -52.082968721329209, -32.041336044635777 ] ], [ [ -52.08297198254494, -32.041349243930803 ], [ -52.08304282584313, -32.041635971848081 ] ], [ [ -52.083050643591292, -32.041667613043572 ], [ -52.083358113255755, -32.04291205166745 ] ] ] } },
{ "type": "Feature", "properties": { "tipo": "rua", "nome": "BARTOLOMEU DE GUSMÃO", "drenagem": 1.0, "iluminacao": 1.0, "compriment": 58.81 }, "geometry": { "type": "LineString", "coordinates": [ [ -52.126074774768021, -32.05328726161769 ], [ -52.125818203608617, -32.053770630389842 ] ] } },
{ "type": "Feature", "properties": { "tipo": "rua", "nome": "MARQUES DE MARICA", "drenagem": 0.0, "iluminacao": 1.0, "compriment": 98.521798983954341 }, "geometry": { "type": "MultiLineString", "coordinates": [ [ [ -52.121404494351097, -32.046883424798409 ], [ -52.121363982586786, -32.046953578146557 ] ], [ [ -52.121349301113405, -32.04697900173722 ], [ -52.121336089493532, -32.047001880014285 ] ], [ [ -52.121021612065093, -32.047546453791675 ], [ -52.120981279410216, -32.047616296979875 ] ], [ [ -52.120980650934051, -32.047617385298487 ], [ -52.120944092660459, -32.047680692472056 ] ] ] } },
{ "type": "Feature", "properties": { "tipo": "rua", "nome": "MORON", "drenagem": 0.0, "iluminacao": 1.0, "compriment": 85.664807554702335 }, "geometry": { "type": "MultiLineString", "coordinates": [ [ [ -52.10630516761865, -32.033475897210565 ], [ -52.106194918596564, -32.033648551295343 ] ], [ [ -52.10616876268692, -32.033689512426385 ], [ -52.105871820377686, -32.034154535169108 ] ] ] } },
{ "type": "Feature", "properties": { "tipo": "rua", "nome": "VISCONDE DE RIO BRANCO", "drenagem": 1.0, "iluminacao": 1.0, "compriment": 119.5887027932765 }, "geometry": { "type": "MultiLineString", "coordinates": [ [ [ -52.111334823256641, -32.036515087409263 ], [ -52.111735868238348, -32.036679674992278 ] ], [ [ -52.11176439645012, -32.036691382879518 ], [ -52.111835676837202, -32.03672063612332 ] ], [ [ -52.111846318712196, -32.036725003514924 ], [ -52.112035294034889, -32.036802558385396 ] ], [ [ -52.112051124367397, -32.036809055103433 ], [ -52.112135102633736, -32.036843519516438 ] ], [ [ -52.112174007760515, -32.036859486056542 ], [ -52.112475430461402, -32.03698318897284 ] ] ] } },
{ "type": "Feature", "properties": { "tipo": "rua", "nome": "VISCONDE DE RIO BRANCO", "drenagem": 1.0, "iluminacao": 1.0, "compriment": 121.3000553770669 }, "geometry": { "type": "MultiLineString", "coordinates": [ [ [ -52.112475430461402, -32.03698318897284 ], [ -52.112623388597171, -32.037048325171639 ] ], [ [ -52.112624580201953, -32.037048849756552 ], [ -52.112716432598795, -32.037089286302674 ] ], [ [ -52.112808744043377, -32.037129924937204 ], [ -52.11290252060207, -32.037171208564757 ] ], [ [ -52.112952269250272, -32.037193109610094 ], [ -52.112995564603693, -32.037212169695792 ] ], [ [ -52.113034191512348, -32.037229174573476 ], [ -52.113088608605338, -32.037253130826834 ] ], [ [ -52.113116113774424, -32.037265239536858 ], [ -52.113181652606976, -32.037294091957875 ] ], [ [ -52.113238997167549, -32.037319336981938 ], [ -52.113274696608613, -32.037335053088917 ] ], [ [ -52.113320919429626, -32.037355401945319 ], [ -52.113367740610244, -32.037376014219952 ] ], [ [ -52.113525725084827, -32.037445564353781 ], [ -52.113553828613519, -32.037457936482035 ] ] ] } },
{ "type": "Feature", "properties": { "tipo": "rua", "nome": "VISCONDE DE RIO BRANCO", "drenagem": 1.0, "iluminacao": 1.0, "compriment": 121.01152258220786 }, "geometry": { "type": "MultiLineString", "coordinates": [ [ [ -52.115868208250362, -32.038453462790741 ], [ -52.116433965388644, -32.038697607020048 ] ], [ [ -52.116503773160296, -32.038727731544263 ], [ -52.116515887650721, -32.038732959375658 ] ] ] } },
{ "type": "Feature", "properties": { "tipo": "rua", "nome": "VEREADOR EUGENIO PEDRO DELINGER", "drenagem": 1.0, "iluminacao": 1.0, "compriment": 94.878911757161546 }, "geometry": { "type": "LineString", "coordinates": [ [ -52.111386835637902, -32.045883462900093 ], [ -52.112229101621359, -32.046349801389987 ] ] } },
{ "type": "Feature", "properties": { "tipo": "rua", "nome": "HONDURAS", "drenagem": 0.0, "iluminacao": 1.0, "compriment": 73.087257738265293 }, "geometry": { "type": "LineString", "coordinates": [ [ -52.132048338723351, -32.052978703679535 ], [ -52.132737131170295, -32.053279215361485 ] ] } },
{ "type": "Feature", "properties": { "tipo": "rua", "nome": "HONDURAS", "drenagem": 0.0, "iluminacao": 1.0, "compriment": 71.520617682980358 }, "geometry": { "type": "MultiLineString", "coordinates": [ [ [ -52.132737131170295, -32.053279215361485 ], [ -52.133187067983883, -32.05346635297731 ] ], [ [ -52.133204825594348, -32.053473738718559 ], [ -52.133417641767117, -32.053562253172096 ] ] ] } },
{ "type": "Feature", "properties": { "tipo": "rua", "nome": "MORON", "drenagem": 0.0, "iluminacao": 1.0, "compriment": 102.1722973984641 }, "geometry": { "type": "LineString", "coordinates": [ [ -52.105411444715443, -32.034961454248588 ], [ -52.104932605837284, -32.035787660011501 ] ] } },
{ "type": "Feature", "properties": { "tipo": "rua", "nome": "PERU", "drenagem": 1.0, "iluminacao": 1.0, "compriment": 48.609085644868181 }, "geometry": { "type": "MultiLineString", "coordinates": [ [ [ -52.136838537747181, -32.053176646156693 ], [ -52.136855824155703, -32.053146049670239 ] ], [ [ -52.13687356977745, -32.053114640388515 ], [ -52.13687896638303, -32.053105088539198 ] ], [ [ -52.13690210861035, -32.053064127408156 ], [ -52.13692525083767, -32.053023166277121 ] ], [ [ -52.136948393064991, -32.05298220514608 ], [ -52.136955492039533, -32.052969640148667 ] ], [ [ -52.136971535292318, -32.052941244015038 ], [ -52.136996453170575, -32.052897140028747 ] ], [ [ -52.137017819746958, -32.052859321752962 ], [ -52.137040961974279, -32.05281836062192 ] ] ] } },
{ "type": "Feature", "properties": { "tipo": "travessa", "nome": "NOSSA SENHORA DAS GRACAS", "drenagem": 0.0, "iluminacao": 1.0, "compriment": 173.2989343880738 }, "geometry": { "type": "LineString", "coordinates": [ [ -52.118909057582371, -32.03700365237389 ], [ -52.118519752670764, -32.037656281335423 ] ] } },
{ "type": "Feature", "properties": { "tipo": "rua", "nome": "VISCONDE DE RIO BRANCO", "drenagem": 1.0, "iluminacao": 1.0, "compriment": 119.59861216125157 }, "geometry": { "type": "MultiLineString", "coordinates": [ [ [ -52.126785970018027, -32.04311057256551 ], [ -52.126797131541686, -32.043115319994286 ] ], [ [ -52.126879053803769, -32.043150164708685 ], [ -52.126920014934804, -32.043167587065881 ] ], [ [ -52.126978574754226, -32.043192494827593 ], [ -52.126997840056809, -32.043200689107749 ] ] ] } },
{ "type": "Feature", "properties": { "tipo": "rua", "nome": "GONCALVES DIAS", "drenagem": 1.0, "iluminacao": 1.0, "compriment": 98.927326987819399 }, "geometry": { "type": "LineString", "coordinates": [ [ -52.122456109121735, -32.046264579655571 ], [ -52.122455251651481, -32.04626603922889 ] ] } },
{ "type": "Feature", "properties": { "tipo": "rua", "nome": "GONCALVES DIAS", "drenagem": 1.0, "iluminacao": 1.0, "compriment": 101.69599802424212 }, "geometry": { "type": "MultiLineString", "coordinates": [ [ [ -52.122407723115096, -32.046346501917647 ], [ -52.122373329389397, -32.04640456370025 ] ], [ [ -52.122019500544688, -32.047001880014285 ], [ -52.122004679210043, -32.04702690065664 ] ] ] } },
{ "type": "Feature", "properties": { "tipo": "rua", "nome": "GONCALVES DIAS", "drenagem": 1.0, "iluminacao": 1.0, "compriment": 99.202481669475205 }, "geometry": { "type": "MultiLineString", "coordinates": [ [ [ -52.121715570096327, -32.047515084750493 ], [ -52.121676990161724, -32.047580233613729 ] ], [ [ -52.121655634112848, -32.047616296979875 ], [ -52.121636029030682, -32.047649403537207 ] ], [ [ -52.121607121286118, -32.047698219241958 ], [ -52.121595067899648, -32.047718573460671 ] ], [ [ -52.121582864872757, -32.047739180373 ], [ -52.121554106768606, -32.047787743384141 ] ], [ [ -52.121534352046027, -32.047821102635076 ], [ -52.121481005886501, -32.047911186811916 ] ] ] } },
{ "type": "Feature", "properties": { "tipo": "rua", "nome": "GONCALVES DIAS", "drenagem": 1.0, "iluminacao": 1.0, "compriment": 21.168047854327376 }, "geometry": { "type": "LineString", "coordinates": [ [ -52.121481005886501, -32.047911186811916 ], [ -52.121388077259809, -32.048084902110013 ] ] } },
{ "type": "Feature", "properties": { "tipo": "rua", "nome": "CORONEL PEDROSO", "drenagem": 0.0, "iluminacao": 1.0, "compriment": 97.667292555632159 }, "geometry": { "type": "LineString", "coordinates": [ [ -52.136586841860172, -32.046365638608016 ], [ -52.13616432420659, -32.047071659816758 ] ] } },
{ "type": "Feature", "properties": { "tipo": "rua", "nome": "CORONEL PEDROSO", "drenagem": 0.0, "iluminacao": 1.0, "compriment": 101.61482640746686 }, "geometry": { "type": "MultiLineString", "coordinates": [ [ [ -52.135644735846263, -32.047931100584954 ], [ -52.135637793851402, -32.047943986028194 ] ], [ [ -52.135276085666902, -32.048615373774133 ], [ -52.135257687020676, -32.048649524578984 ] ] ] } },
{ "type": "Feature", "properties": { "tipo": "rua", "nome": "DOUTOR AUGUSTO DUPRAT", "drenagem": 1.0, "iluminacao": 1.0, "compriment": 120.41809916548631 }, "geometry": { "type": "MultiLineString", "coordinates": [ [ [ -52.113796390693857, -32.039589123749543 ], [ -52.11438590883666, -32.039836093160417 ] ], [ [ -52.114426869967701, -32.039853253185989 ], [ -52.114477928150066, -32.039874643213373 ] ], [ [ -52.114549753360819, -32.039904733262681 ], [ -52.114575702727954, -32.039915604344415 ] ], [ [ -52.114672636753937, -32.03995621333938 ], [ -52.114673477305836, -32.039956565475457 ] ] ] } },
{ "type": "Feature", "properties": { "tipo": "rua", "nome": "VIEIRA DE CASTRO", "drenagem": 0.0, "iluminacao": 0.0, "compriment": 41.285483733739198 }, "geometry": { "type": "LineString", "coordinates": [ [ -52.147587279812939, -32.055112183960141 ], [ -52.147544577553667, -32.055194106222224 ] ] } },
{ "type": "Feature", "properties": { "tipo": "avenida", "nome": "JOSE BONIFACIO", "drenagem": 1.0, "iluminacao": 1.0, "compriment": 52.568211046746008 }, "geometry": { "type": "MultiLineString", "coordinates": [ [ [ -52.137280931723247, -32.056828837499246 ], [ -52.137294709114968, -32.056832551463813 ] ], [ [ -52.137365103349929, -32.056851527602383 ], [ -52.137446659285011, -32.056873512594848 ] ], [ [ -52.137528947874088, -32.056895695088485 ], [ -52.13759860945509, -32.05691447372589 ] ], [ [ -52.137692792398248, -32.056939862574581 ], [ -52.137750559625161, -32.056955434856931 ] ] ] } },
{ "type": "Feature", "properties": { "tipo": "rua", "nome": "VISCONDE DE RIO BRANCO", "drenagem": 1.0, "iluminacao": 1.0, "compriment": 119.01795445081136 }, "geometry": { "type": "MultiLineString", "coordinates": [ [ [ -52.127165781721047, -32.043271234889644 ], [ -52.127173416247039, -32.04327441708967 ] ], [ [ -52.127271687511268, -32.043315378220711 ], [ -52.127288665114165, -32.043322454773786 ] ], [ [ -52.127369958775489, -32.043356339351753 ], [ -52.127411548507283, -32.043373674657929 ] ], [ [ -52.127452509638324, -32.04339074795265 ], [ -52.127493470769359, -32.043407821247364 ] ], [ [ -52.127534431900401, -32.043424894542078 ], [ -52.128193648787331, -32.043699667330472 ] ] ] } },
{ "type": "Feature", "properties": { "tipo": "rua", "nome": "DOUTOR AUGUSTO DUPRAT", "drenagem": 0.0, "iluminacao": 1.0, "compriment": 55.982495148434893 }, "geometry": { "type": "LineString", "coordinates": [ [ -52.124052952435086, -32.043971189663459 ], [ -52.124375860877862, -32.04411016526327 ] ] } },
{ "type": "Feature", "properties": { "tipo": "rua", "nome": "DOUTOR AUGUSTO DUPRAT", "drenagem": 0.0, "iluminacao": 1.0, "compriment": 59.604075510488755 }, "geometry": { "type": "LineString", "coordinates": [ [ -52.124375860877862, -32.04411016526327 ], [ -52.124923478570402, -32.044339406496704 ] ] } },
{ "type": "Feature", "properties": { "tipo": "rua", "nome": "DOUTOR AUGUSTO DUPRAT", "drenagem": 0.0, "iluminacao": 1.0, "compriment": 60.631727320265597 }, "geometry": { "type": "MultiLineString", "coordinates": [ [ [ -52.12551141321277, -32.044582248920797 ], [ -52.126018870051929, -32.044804878419697 ] ], [ [ -52.126079945238573, -32.044831673089014 ], [ -52.126082118662815, -32.044832626605277 ] ] ] } },
{ "type": "Feature", "properties": { "tipo": "rua", "nome": "DOUTOR AUGUSTO DUPRAT", "drenagem": 0.0, "iluminacao": 1.0, "compriment": 59.568221964796763 }, "geometry": { "type": "LineString", "coordinates": [ [ -52.128358434468005, -32.045786584282631 ], [ -52.128920726993911, -32.046029922766863 ] ] } },
{ "type": "Feature", "properties": { "tipo": "rua", "nome": "VISCONDE DE RIO BRANCO", "drenagem": 1.0, "iluminacao": 1.0, "compriment": 121.28760842943181 }, "geometry": { "type": "LineString", "coordinates": [ [ -52.128193648787331, -32.043699667330472 ], [ -52.129342745765847, -32.044187975456076 ] ] } },
{ "type": "Feature", "properties": { "tipo": "rua", "nome": "VISCONDE DE RIO BRANCO", "drenagem": 1.0, "iluminacao": 1.0, "compriment": 121.47742776369269 }, "geometry": { "type": "LineString", "coordinates": [ [ -52.129342745765847, -32.044187975456076 ], [ -52.129951138631746, -32.044451988880745 ] ] } },
{ "type": "Feature", "properties": { "tipo": "rua", "nome": "CRISTOVAO COLOMBO", "drenagem": 1.0, "iluminacao": 1.0, "compriment": 6.1774380751392037 }, "geometry": { "type": "LineString", "coordinates": [ [ -52.108516610080336, -32.041321656657175 ], [ -52.10850388429899, -32.041349243930803 ] ] } },
{ "type": "Feature", "properties": { "tipo": "rua", "nome": "VISCONDE DE RIO BRANCO", "drenagem": 1.0, "iluminacao": 1.0, "compriment": 117.56043113309291 }, "geometry": { "type": "MultiLineString", "coordinates": [ [ [ -52.13556281358418, -32.046831698778767 ], [ -52.135605361644913, -32.046848672505313 ] ], [ [ -52.135726658108339, -32.046897061385216 ], [ -52.13616432420659, -32.047071659816758 ] ] ] } },
{ "type": "Feature", "properties": { "tipo": "rua", "nome": "VISCONDE DE RIO BRANCO", "drenagem": 1.0, "iluminacao": 1.0, "compriment": 121.77053734229044 }, "geometry": { "type": "LineString", "coordinates": [ [ -52.13616432420659, -32.047071659816758 ], [ -52.137319868712638, -32.047558775587639 ] ] } },
{ "type": "Feature", "properties": { "tipo": "rua", "nome": "VISCONDE DE RIO BRANCO", "drenagem": 0.0, "iluminacao": 1.0, "compriment": 120.67365402697763 }, "geometry": { "type": "LineString", "coordinates": [ [ -52.138445723730335, -32.04805905393463 ], [ -52.139548137356336, -32.048550987879622 ] ] } },
{ "type": "Feature", "properties": { "tipo": "avenida", "nome": "CIDADE DE PELOTAS", "drenagem": 1.0, "iluminacao": 1.0, "compriment": 23.090792187075351 }, "geometry": { "type": "LineString", "coordinates": [ [ -52.10610345077226, -32.035289088822942 ], [ -52.106105829088897, -32.035289962175803 ] ] } },
{ "type": "Feature", "properties": { "tipo": "rua", "nome": "DOUTOR AUGUSTO DUPRAT", "drenagem": 0.0, "iluminacao": 1.0, "compriment": 61.482960877674415 }, "geometry": { "type": "LineString", "coordinates": [ [ -52.129489436967518, -32.046266696399954 ], [ -52.130082175604109, -32.046495945870277 ] ] } },
{ "type": "Feature", "properties": { "tipo": "rua", "nome": "CASIMIRO DE ABREU", "drenagem": 0.0, "iluminacao": 1.0, "compriment": 103.12815519151647 }, "geometry": { "type": "LineString", "coordinates": [ [ -52.126568324777715, -32.043999891171445 ], [ -52.126082118662815, -32.044832626605277 ] ] } },
{ "type": "Feature", "properties": { "tipo": "avenida", "nome": "CIDADE DE PELOTAS", "drenagem": 1.0, "iluminacao": 1.0, "compriment": 118.02164239246889 }, "geometry": { "type": "LineString", "coordinates": [ [ -52.110864089283993, -32.037325651355218 ], [ -52.111983189330232, -32.037799060659857 ] ] } },
{ "type": "Feature", "properties": { "tipo": "rua", "nome": "CASIMIRO DE ABREU", "drenagem": 1.0, "iluminacao": 1.0, "compriment": 100.41133160786767 }, "geometry": { "type": "MultiLineString", "coordinates": [ [ [ -52.126082118662815, -32.044832626605277 ], [ -52.126062574414071, -32.044866414738017 ] ], [ [ -52.126059400850657, -32.044871901200217 ], [ -52.125612260545878, -32.045644918171575 ] ] ] } },
{ "type": "Feature", "properties": { "tipo": "rua", "nome": "DOUTOR GUAIBA RACHE", "drenagem": 1.0, "iluminacao": 1.0, "compriment": 84.754537650842295 }, "geometry": { "type": "LineString", "coordinates": [ [ -52.115141094410014, -32.048375312039035 ], [ -52.115925262719763, -32.048746978518921 ] ] } },
{ "type": "Feature", "properties": { "tipo": "rua", "nome": "DOUTOR GUAIBA RACHE", "drenagem": 0.0, "iluminacao": 1.0, "compriment": 66.54476425203795 }, "geometry": { "type": "LineString", "coordinates": [ [ -52.115925262719763, -32.048746978518921 ], [ -52.116537386567359, -32.049044182986101 ] ] } },
{ "type": "Feature", "properties": { "tipo": "rua", "nome": "DOUTOR GUAIBA RACHE", "drenagem": 0.0, "iluminacao": 1.0, "compriment": 122.99919999109079 }, "geometry": { "type": "MultiLineString", "coordinates": [ [ [ -52.116537386567359, -32.049044182986101 ], [ -52.117227819180883, -32.049377625614582 ] ], [ [ -52.117397448966287, -32.049459547876666 ], [ -52.117604635111675, -32.049559607884767 ], [ -52.117678459527689, -32.0495730066908 ] ] ] } },
{ "type": "Feature", "properties": { "tipo": "rua", "nome": "DOUTOR GUAIBA RACHE", "drenagem": 0.0, "iluminacao": 1.0, "compriment": 115.49704331054113 }, "geometry": { "type": "MultiLineString", "coordinates": [ [ [ -52.117678459527689, -32.0495730066908 ], [ -52.118396365891869, -32.049910120318103 ] ], [ [ -52.118400099678546, -32.049911873625263 ], [ -52.118749409631519, -32.050075902182712 ] ] ] } },
{ "type": "Feature", "properties": { "tipo": "rua", "nome": "REPUBLICA DO LIBANO", "drenagem": 1.0, "iluminacao": 1.0, "compriment": 60.834162054518856 }, "geometry": { "type": "LineString", "coordinates": [ [ -52.092035320632284, -32.032676909776981 ], [ -52.092667516047648, -32.032572252922783 ] ] } },
{ "type": "Feature", "properties": { "tipo": "avenida", "nome": "PORTUGAL", "drenagem": 1.0, "iluminacao": 1.0, "compriment": 32.275406327609929 }, "geometry": { "type": "LineString", "coordinates": [ [ -52.107678500605779, -32.032577230908764 ], [ -52.107337001287014, -32.032586808839369 ] ] } },
{ "type": "Feature", "properties": { "tipo": "rua", "nome": "JOSE VERISSIMO", "drenagem": 0.0, "iluminacao": 1.0, "compriment": 98.146573279436979 }, "geometry": { "type": "MultiLineString", "coordinates": [ [ [ -52.123417292517082, -32.04573208495205 ], [ -52.123394628369191, -32.045773046083092 ] ], [ [ -52.123077330298763, -32.046346501917647 ], [ -52.123069668617077, -32.04636034894817 ] ], [ [ -52.123054666150878, -32.046387463048688 ], [ -52.122980698227195, -32.046521145983945 ] ] ] } },
{ "type": "Feature", "properties": { "tipo": "rua", "nome": "MARECHAL FLORIANO PEIXOTO", "drenagem": 1.0, "iluminacao": 1.0, "compriment": 10.460962789585613 }, "geometry": { "type": "LineString", "coordinates": [ [ -52.096230052765264, -32.030976576667939 ], [ -52.096340785045676, -32.030977907624404 ] ] } },
{ "type": "Feature", "properties": { "tipo": "rua", "nome": "VICE ALMIRANTE ABREU", "drenagem": 1.0, "iluminacao": 1.0, "compriment": 7.3528793065759581 }, "geometry": { "type": "LineString", "coordinates": [ [ -52.097865823438788, -32.03814246433037 ], [ -52.097941937189049, -32.03812855316729 ] ] } },
{ "type": "Feature", "properties": { "tipo": "rua", "nome": "GENERAL BACELAR", "drenagem": 0.0, "iluminacao": 1.0, "compriment": 44.5404002792433 }, "geometry": { "type": "LineString", "coordinates": [ [ -52.099640285815262, -32.031557138133543 ], [ -52.099876635066103, -32.031706115415119 ], [ -52.100005353111783, -32.031810239368973 ] ] } },
{ "type": "Feature", "properties": { "tipo": "rua", "nome": "MARECHAL FLORIANO PEIXOTO", "drenagem": 1.0, "iluminacao": 1.0, "compriment": 193.35926256456708 }, "geometry": { "type": "LineString", "coordinates": [ [ -52.101756570478258, -32.03152988301045 ], [ -52.101177078489499, -32.031547797641942 ], [ -52.100633833969425, -32.031470404455995 ], [ -52.099813351188324, -32.031122869150238 ] ] } },
{ "type": "Feature", "properties": { "tipo": "avenida", "nome": "CIDADE DE PELOTAS", "drenagem": 1.0, "iluminacao": 1.0, "compriment": 116.72775819388451 }, "geometry": { "type": "MultiLineString", "coordinates": [ [ [ -52.125270279235941, -32.043456641830318 ], [ -52.125325413813037, -32.043479222744871 ] ], [ [ -52.125363491955298, -32.043494818026851 ], [ -52.125442582518872, -32.043527210353986 ] ] ] } },
{ "type": "Feature", "properties": { "tipo": "avenida", "nome": "CIDADE DE PELOTAS", "drenagem": 1.0, "iluminacao": 1.0, "compriment": 56.700244892209163 }, "geometry": { "type": "LineString", "coordinates": [ [ -52.125442582518872, -32.043527210353986 ], [ -52.125976752853326, -32.043760563062143 ] ] } },
{ "type": "Feature", "properties": { "tipo": "avenida", "nome": "CIDADE DE PELOTAS", "drenagem": 1.0, "iluminacao": 1.0, "compriment": 61.855219990709053 }, "geometry": { "type": "LineString", "coordinates": [ [ -52.125976752853326, -32.043760563062143 ], [ -52.126568324777715, -32.043999891171445 ] ] } },
{ "type": "Feature", "properties": { "tipo": "avenida", "nome": "CIDADE DE PELOTAS", "drenagem": 1.0, "iluminacao": 1.0, "compriment": 57.740509128677083 }, "geometry": { "type": "LineString", "coordinates": [ [ -52.126568324777715, -32.043999891171445 ], [ -52.127112106480602, -32.044237843240921 ] ] } },
{ "type": "Feature", "properties": { "tipo": "avenida", "nome": "CIDADE DE PELOTAS", "drenagem": 1.0, "iluminacao": 1.0, "compriment": 57.401934099306771 }, "geometry": { "type": "LineString", "coordinates": [ [ -52.128840035489482, -32.044969967361936 ], [ -52.129380612618903, -32.045206560045479 ] ] } },
{ "type": "Feature", "properties": { "tipo": "rua", "nome": "VISCONDE DE PARANAGUA", "drenagem": 1.0, "iluminacao": 1.0, "compriment": 38.227829485213952 }, "geometry": { "type": "LineString", "coordinates": [ [ -52.101756570478258, -32.03152988301045 ], [ -52.101687691513561, -32.031869597753882 ] ] } },
{ "type": "Feature", "properties": { "tipo": "rua", "nome": "VISCONDE DE RIO BRANCO", "drenagem": 1.0, "iluminacao": 1.0, "compriment": 117.56475403891767 }, "geometry": { "type": "LineString", "coordinates": [ [ -52.106840006536544, -32.034533742707104 ], [ -52.10793779258195, -32.03501640270806 ] ] } },
{ "type": "Feature", "properties": { "tipo": "rua", "nome": "VISCONDE DE RIO BRANCO", "drenagem": 1.0, "iluminacao": 1.0, "compriment": 119.84635845658632 }, "geometry": { "type": "LineString", "coordinates": [ [ -52.10793779258195, -32.03501640270806 ], [ -52.109071213158408, -32.035502164143871 ] ] } },
{ "type": "Feature", "properties": { "tipo": "rua", "nome": "VISCONDE DE RIO BRANCO", "drenagem": 1.0, "iluminacao": 1.0, "compriment": 122.06109721170219 }, "geometry": { "type": "LineString", "coordinates": [ [ -52.109071213158408, -32.035502164143871 ], [ -52.11022346475351, -32.03600047632343 ] ] } },
{ "type": "Feature", "properties": { "tipo": "rua", "nome": "MONTEIRO LOBATO", "drenagem": 1.0, "iluminacao": 1.0, "compriment": 115.31906220983392 }, "geometry": { "type": "LineString", "coordinates": [ [ -52.08557120927081, -32.036488952729414 ], [ -52.086788410479649, -32.036408288207404 ] ] } },
{ "type": "Feature", "properties": { "tipo": "rua", "nome": "VISCONDE DE RIO BRANCO", "drenagem": 1.0, "iluminacao": 1.0, "compriment": 119.38113297073019 }, "geometry": { "type": "LineString", "coordinates": [ [ -52.11022346475351, -32.03600047632343 ], [ -52.111351859256956, -32.036485431316684 ] ] } },
{ "type": "Feature", "properties": { "tipo": "rua", "nome": "GENERAL BACELAR", "drenagem": 1.0, "iluminacao": 1.0, "compriment": 76.444652502553822 }, "geometry": { "type": "LineString", "coordinates": [ [ -52.096854544751665, -32.031523976741582 ], [ -52.096895505882706, -32.031523084670852 ] ] } },
{ "type": "Feature", "properties": { "tipo": "rua", "nome": "GENERAL BACELAR", "drenagem": 1.0, "iluminacao": 1.0, "compriment": 49.575419341842291 }, "geometry": { "type": "MultiLineString", "coordinates": [ [ [ -52.097305117193102, -32.03151410458171 ], [ -52.097512487506087, -32.031509172422055 ], [ -52.097755689634539, -32.031503387514981 ] ], [ [ -52.097796650765581, -32.031502413196463 ], [ -52.097800133504101, -32.031502330354598 ] ] ] } },
{ "type": "Feature", "properties": { "tipo": "avenida", "nome": "MAJOR CARLOS PINTO", "drenagem": 0.0, "iluminacao": 1.0, "compriment": 183.7745028998782 }, "geometry": { "type": "MultiLineString", "coordinates": [ [ [ -52.109511534242934, -32.029446037322835 ], [ -52.109491493336506, -32.029480536382501 ] ], [ [ -52.109396440323188, -32.029644163691017 ], [ -52.109374119674541, -32.029682587172132 ] ], [ [ -52.109270603424704, -32.02986078336766 ], [ -52.109256746012569, -32.029884637961757 ] ] ] } },
{ "type": "Feature", "properties": { "tipo": "rua", "nome": "SEM DENOMINACAO", "drenagem": 1.0, "iluminacao": 0.0, "compriment": 26.53596200891856 }, "geometry": { "type": "LineString", "coordinates": [ [ -52.108041926863919, -32.031826288175935 ], [ -52.108061071691004, -32.031834192446844 ] ] } },
{ "type": "Feature", "properties": { "tipo": "avenida", "nome": "MAJOR CARLOS PINTO", "drenagem": 1.0, "iluminacao": 1.0, "compriment": 89.91807954685278 }, "geometry": { "type": "MultiLineString", "coordinates": [ [ [ -52.107873089001345, -32.032249404132585 ], [ -52.107869249365635, -32.03225587283999 ] ], [ [ -52.10783212787031, -32.032318412130195 ], [ -52.107815767052998, -32.032345975510729 ] ], [ [ -52.107750205608227, -32.032456428125435 ], [ -52.107747682712926, -32.032460678495191 ] ], [ [ -52.107681274814261, -32.032572557146892 ], [ -52.107678500605779, -32.032577230908764 ] ] ] } },
{ "type": "Feature", "properties": { "tipo": "rua", "nome": "AQUIDABAN", "drenagem": 0.0, "iluminacao": 1.0, "compriment": 107.49413783108209 }, "geometry": { "type": "MultiLineString", "coordinates": [ [ [ -52.102813982347357, -32.032008192926433 ], [ -52.101974686131634, -32.031904913737478 ] ], [ [ -52.101933725000592, -32.031899873285354 ], [ -52.101687691513561, -32.031869597753882 ] ] ] } },
{ "type": "Feature", "properties": { "tipo": "rua", "nome": "VISCONDE DE PARANAGUA", "drenagem": 1.0, "iluminacao": 1.0, "compriment": 29.604375352709205 }, "geometry": { "type": "LineString", "coordinates": [ [ -52.101687691513561, -32.031869597753882 ], [ -52.10164539380488, -32.032134132117818 ] ] } },
{ "type": "Feature", "properties": { "tipo": "rua", "nome": "GENERAL CANABARRO", "drenagem": 1.0, "iluminacao": 1.0, "compriment": 73.842734544673363 }, "geometry": { "type": "LineString", "coordinates": [ [ -52.102829366425929, -32.031928183791678 ], [ -52.102813982347357, -32.032008192926433 ] ] } },
{ "type": "Feature", "properties": { "tipo": "rua", "nome": "TIRADENTES", "drenagem": 0.0, "iluminacao": 1.0, "compriment": 276.64304987010598 }, "geometry": { "type": "MultiLineString", "coordinates": [ [ [ -52.1235350822108, -32.046752537246391 ], [ -52.125977908920895, -32.047916915956513 ] ], [ [ -52.126034701005437, -32.047943986028194 ], [ -52.126059831182971, -32.047955964382439 ] ] ] } },
{ "type": "Feature", "properties": { "tipo": "rua", "nome": "ROSA CRUZ", "drenagem": 0.0, "iluminacao": 1.0, "compriment": 152.52741514460115 }, "geometry": { "type": "LineString", "coordinates": [ [ -52.128992165186062, -32.049303694171542 ], [ -52.127559008537759, -32.048669557995886 ] ] } },
{ "type": "Feature", "properties": { "tipo": "avenida", "nome": "BUARQUE DE MACEDO", "drenagem": 1.0, "iluminacao": 1.0, "compriment": 118.18244366523476 }, "geometry": { "type": "MultiLineString", "coordinates": [ [ [ -52.105657776686009, -32.04138156877957 ], [ -52.105497343401041, -32.041312798307288 ] ], [ [ -52.105486809262167, -32.041308282799768 ], [ -52.10484852819117, -32.041034680655997 ] ], [ [ -52.104817907331764, -32.041021554882484 ], [ -52.10454007470365, -32.040902460636836 ] ] ] } },
{ "type": "Feature", "properties": { "tipo": "avenida", "nome": "BUARQUE DE MACEDO", "drenagem": 0.0, "iluminacao": 1.0, "compriment": 318.75094450945181 }, "geometry": { "type": "MultiLineString", "coordinates": [ [ [ -52.125609258741534, -32.049533933219401 ], [ -52.125568297610492, -32.049518246311862 ] ], [ [ -52.125527903352541, -32.049502776500034 ], [ -52.12540445308634, -32.049455498681716 ] ], [ [ -52.125363491955298, -32.049439811774178 ], [ -52.122569765883782, -32.048369896919361 ] ] ] } },
{ "type": "Feature", "properties": { "tipo": "avenida", "nome": "BUARQUE DE MACEDO", "drenagem": 1.0, "iluminacao": 1.0, "compriment": 56.002516139861669 }, "geometry": { "type": "LineString", "coordinates": [ [ -52.122569765883782, -32.048369896919361 ], [ -52.12203736650509, -32.048147525284278 ] ] } },
{ "type": "Feature", "properties": { "tipo": "rua", "nome": "AMAPA", "drenagem": 0.0, "iluminacao": 1.0, "compriment": 96.643538508936047 }, "geometry": { "type": "LineString", "coordinates": [ [ -52.131600791524669, -32.046149419124426 ], [ -52.131144083105035, -32.046929341205903 ] ] } },
{ "type": "Feature", "properties": { "tipo": "rua", "nome": "NICARAGUA", "drenagem": 0.0, "iluminacao": 1.0, "compriment": 80.792555507708599 }, "geometry": { "type": "LineString", "coordinates": [ [ -52.133552250574418, -32.054830299055439 ], [ -52.133158710516973, -32.055477234633436 ] ] } },
{ "type": "Feature", "properties": { "tipo": "avenida", "nome": "CIDADE DE PELOTAS", "drenagem": 1.0, "iluminacao": 1.0, "compriment": 55.632688693050767 }, "geometry": { "type": "LineString", "coordinates": [ [ -52.129998154750474, -32.045461829316132 ], [ -52.130521818617169, -32.045691550813018 ] ] } },
{ "type": "Feature", "properties": { "tipo": "avenida", "nome": "CIDADE DE PELOTAS", "drenagem": 1.0, "iluminacao": 1.0, "compriment": 50.263890817127773 }, "geometry": { "type": "LineString", "coordinates": [ [ -52.130521818617169, -32.045691550813018 ], [ -52.131002343308438, -32.045886388093926 ] ] } },
{ "type": "Feature", "properties": { "tipo": "rua", "nome": "TRES DE JULHO", "drenagem": 1.0, "iluminacao": 1.0, "compriment": 189.12096018767025 }, "geometry": { "type": "LineString", "coordinates": [ [ -52.105421320629794, -32.032340651875842 ], [ -52.105592489115985, -32.031231844563997 ] ] } },
{ "type": "Feature", "properties": { "tipo": "rua", "nome": "WALTER RAMOS LAGES", "drenagem": 1.0, "iluminacao": 1.0, "compriment": 188.64541626025095 }, "geometry": { "type": "LineString", "coordinates": [ [ -52.105932801272182, -32.0316414558744 ], [ -52.105891979146406, -32.032390308263281 ] ] } },
{ "type": "Feature", "properties": { "tipo": "avenida", "nome": "CIDADE DE PELOTAS", "drenagem": 1.0, "iluminacao": 1.0, "compriment": 119.82318818687487 }, "geometry": { "type": "LineString", "coordinates": [ [ -52.137994063274405, -32.048858339997153 ], [ -52.139100872806296, -32.049312738043575 ] ] } },
{ "type": "Feature", "properties": { "tipo": "rua", "nome": "GENERAL VITORINO", "drenagem": 1.0, "iluminacao": 1.0, "compriment": 110.28699011352762 }, "geometry": { "type": "LineString", "coordinates": [ [ -52.101169988393956, -32.034690343838115 ], [ -52.101444314489925, -32.034638416112564 ], [ -52.102329018430005, -32.034589519683045 ] ] } },
{ "type": "Feature", "properties": { "tipo": "rua", "nome": "AMAPA", "drenagem": 0.0, "iluminacao": 1.0, "compriment": 138.9029518942904 }, "geometry": { "type": "LineString", "coordinates": [ [ -52.130852016042951, -32.047452098861271 ], [ -52.130200579196575, -32.048575166549334 ] ] } },
{ "type": "Feature", "properties": { "tipo": "rua", "nome": "COELHO NETO", "drenagem": 0.0, "iluminacao": 1.0, "compriment": 110.09728526003263 }, "geometry": { "type": "LineString", "coordinates": [ [ -52.161334648643013, -32.056967962830981 ], [ -52.160898135402995, -32.057856579739806 ] ] } },
{ "type": "Feature", "properties": { "tipo": "rua", "nome": "COELHO NETO", "drenagem": 0.0, "iluminacao": 1.0, "compriment": 112.34579618043178 }, "geometry": { "type": "MultiLineString", "coordinates": [ [ [ -52.160783788868379, -32.05784111574777 ], [ -52.160777818630244, -32.057856579739806 ] ], [ [ -52.160762004621411, -32.05789754087084 ], [ -52.160631025780475, -32.058236799658651 ] ], [ [ -52.160572236515421, -32.058389074443319 ], [ -52.160555238273311, -32.058433102951817 ] ], [ [ -52.160548610644881, -32.058450269703123 ], [ -52.160429910435923, -32.058757724622673 ] ] ] } },
{ "type": "Feature", "properties": { "tipo": "rua", "nome": "COELHO NETO", "drenagem": 0.0, "iluminacao": 1.0, "compriment": 109.51327247646275 }, "geometry": { "type": "MultiLineString", "coordinates": [ [ [ -52.160380416769954, -32.058870923567227 ], [ -52.160375845168609, -32.058880608015798 ] ], [ [ -52.160346355574248, -32.058943078567879 ], [ -52.160317837334581, -32.059003491408916 ] ], [ [ -52.160262375601121, -32.059120981160248 ], [ -52.160259829500554, -32.059126374802034 ] ] ] } },
{ "type": "Feature", "properties": { "tipo": "rua", "nome": "CONSELHEIRO TEIXEIRA JUNIOR", "drenagem": 0.0, "iluminacao": 1.0, "compriment": 21.649100551400306 }, "geometry": { "type": "LineString", "coordinates": [ [ -52.114860594981444, -32.035368918799008 ], [ -52.114799313717249, -32.035480171272638 ] ] } },
{ "type": "Feature", "properties": { "tipo": "rua", "nome": "AMAPA", "drenagem": 0.0, "iluminacao": 1.0, "compriment": 118.96276511755975 }, "geometry": { "type": "LineString", "coordinates": [ [ -52.129616526289219, -32.049545657908219 ], [ -52.129060312641194, -32.050508225228732 ] ] } },
{ "type": "Feature", "properties": { "tipo": "rua", "nome": "AMAPA", "drenagem": 0.0, "iluminacao": 1.0, "compriment": 167.31551837078896 }, "geometry": { "type": "MultiLineString", "coordinates": [ [ [ -52.128542798770631, -32.051384721035532 ], [ -52.128517499045351, -32.051427184947094 ] ], [ [ -52.128371968122437, -32.05167144895281 ], [ -52.128353654521192, -32.051702187118352 ] ], [ [ -52.128320757186749, -32.051757403113186 ], [ -52.128312693390157, -32.051770937661153 ] ], [ [ -52.128274350609189, -32.051835293476969 ], [ -52.128271732259115, -32.05183968820397 ] ], [ [ -52.128001105857912, -32.05229391667644 ], [ -52.127985004341838, -32.052320942003668 ] ], [ [ -52.127908284934492, -32.052449710442566 ], [ -52.12786212094872, -32.052527193632109 ] ], [ [ -52.127859476177868, -32.052531632704643 ], [ -52.127775285812262, -32.052672940651668 ] ] ] } },
{ "type": "Feature", "properties": { "tipo": "rua", "nome": "AMAPA", "drenagem": 0.0, "iluminacao": 1.0, "compriment": 60.966477569055442 }, "geometry": { "type": "LineString", "coordinates": [ [ -52.127775285812262, -32.052672940651668 ], [ -52.127558816100901, -32.052956858554971 ] ] } },
{ "type": "Feature", "properties": { "tipo": "rua", "nome": "DAS MISSOES", "drenagem": 1.0, "iluminacao": 0.0, "compriment": 97.784005484721092 }, "geometry": { "type": "LineString", "coordinates": [ [ -52.130442672204218, -32.04475825070346 ], [ -52.129998154750474, -32.045461829316132 ] ] } },
{ "type": "Feature", "properties": { "tipo": "rua", "nome": "DAS MISSOES", "drenagem": 1.0, "iluminacao": 1.0, "compriment": 100.72406760654999 }, "geometry": { "type": "LineString", "coordinates": [ [ -52.129025202243696, -32.047078422836357 ], [ -52.128544768922154, -32.047889379375853 ] ] } },
{ "type": "Feature", "properties": { "tipo": "travessa", "nome": "MONSENHOR EURICO DE MELLO MAGALHAES", "drenagem": 0.0, "iluminacao": 1.0, "compriment": 60.262606170481725 }, "geometry": { "type": "LineString", "coordinates": [ [ -52.097269556064433, -32.030971374526061 ], [ -52.097270615190283, -32.031068000039838 ] ] } },
{ "type": "Feature", "properties": { "tipo": "rua", "nome": "PADRE ALIEVI", "drenagem": 0.0, "iluminacao": 1.0, "compriment": 109.52582114134688 }, "geometry": { "type": "LineString", "coordinates": [ [ -52.162154468025776, -32.057250932231554 ], [ -52.161969896128831, -32.058143307657083 ] ] } },
{ "type": "Feature", "properties": { "tipo": "rua", "nome": "CACHOEIRA DO IGUACU", "drenagem": 1.0, "iluminacao": 1.0, "compriment": 31.595055793014325 }, "geometry": { "type": "MultiLineString", "coordinates": [ [ [ -52.129787294107587, -32.052028049170694 ], [ -52.129705849441692, -32.052162743727187 ] ], [ [ -52.129705371845503, -32.052163533583787 ], [ -52.129656169779281, -32.052244904787365 ] ] ] } },
{ "type": "Feature", "properties": { "tipo": "rua", "nome": "ANTONIO RIBEIRO CARDOSO", "drenagem": 1.0, "iluminacao": 1.0, "compriment": 102.17515758317292 }, "geometry": { "type": "LineString", "coordinates": [ [ -52.130052278995031, -32.047494725378392 ], [ -52.129566533411705, -32.048318056040571 ] ] } },
{ "type": "Feature", "properties": { "tipo": "rua", "nome": "ANTONIO RIBEIRO CARDOSO", "drenagem": 1.0, "iluminacao": 1.0, "compriment": 71.710073643606705 }, "geometry": { "type": "LineString", "coordinates": [ [ -52.128993348453903, -32.049304088105899 ], [ -52.12864412621493, -32.049878322124627 ] ] } },
{ "type": "Feature", "properties": { "tipo": "rua", "nome": "RICARDO RICAMAN", "drenagem": 0.0, "iluminacao": 1.0, "compriment": 67.325318472068275 }, "geometry": { "type": "MultiLineString", "coordinates": [ [ [ -52.16386182921849, -32.056630308765676 ], [ -52.163828822352812, -32.056709668070688 ] ], [ [ -52.16382599400157, -32.056716468352526 ], [ -52.163811785931564, -32.05675062920173 ] ], [ [ -52.163703110608452, -32.057011920237358 ], [ -52.163692530982843, -32.057037357119007 ] ], [ [ -52.163662149477418, -32.057110404198959 ], [ -52.163641421719099, -32.057160240512125 ] ] ] } },
{ "type": "Feature", "properties": { "tipo": "rua", "nome": "CONSELHEIRO TEIXEIRA JUNIOR", "drenagem": 0.0, "iluminacao": 1.0, "compriment": 99.378073542876919 }, "geometry": { "type": "MultiLineString", "coordinates": [ [ [ -52.114027731829282, -32.036761597254362 ], [ -52.114017258657299, -32.036780022056504 ] ], [ [ -52.11365781254429, -32.037412373317821 ], [ -52.113648608477945, -32.037428565461092 ] ] ] } },
{ "type": "Feature", "properties": { "tipo": "rua", "nome": "JOAO ALFREDO", "drenagem": 1.0, "iluminacao": 1.0, "compriment": 126.82453053417962 }, "geometry": { "type": "LineString", "coordinates": [ [ -52.09807259216651, -32.039056539480733 ], [ -52.097591845110379, -32.039151210925475 ] ] } },
{ "type": "Feature", "properties": { "tipo": "rua", "nome": "JOAO ALFREDO", "drenagem": 1.0, "iluminacao": 1.0, "compriment": 7.3724203549626921 }, "geometry": { "type": "LineString", "coordinates": [ [ -52.098148641712221, -32.039041569763192 ], [ -52.098146324168923, -32.039042019310408 ], [ -52.09807259216651, -32.039056539480733 ] ] } },
{ "type": "Feature", "properties": { "tipo": "rua", "nome": "JOAO ALFREDO", "drenagem": 1.0, "iluminacao": 1.0, "compriment": 128.1223344839398 }, "geometry": { "type": "LineString", "coordinates": [ [ -52.099471241952102, -32.038785009071702 ], [ -52.098148641712221, -32.039041569763192 ] ] } },
{ "type": "Feature", "properties": { "tipo": "rua", "nome": "VALPORTO", "drenagem": 1.0, "iluminacao": 1.0, "compriment": 46.288676814885449 }, "geometry": { "type": "MultiLineString", "coordinates": [ [ [ -52.101384834854919, -32.040611943572088 ], [ -52.101401230297071, -32.040609213924064 ] ], [ [ -52.101524113690196, -32.040588755286365 ], [ -52.101570130606582, -32.040581094011756 ] ] ] } },
{ "type": "Feature", "properties": { "tipo": "rua", "nome": "VALPORTO", "drenagem": 0.0, "iluminacao": 1.0, "compriment": 117.61412122484883 }, "geometry": { "type": "MultiLineString", "coordinates": [ [ [ -52.096989812360057, -32.041146434518033 ], [ -52.096936467013748, -32.041144687655738 ] ], [ [ -52.09681358362063, -32.041140663680238 ], [ -52.096772622489588, -32.041139322355072 ] ] ] } },
{ "type": "Feature", "properties": { "tipo": "rua", "nome": "CONSELHEIRO TEIXEIRA JUNIOR", "drenagem": 0.0, "iluminacao": 1.0, "compriment": 98.366247817320087 }, "geometry": { "type": "MultiLineString", "coordinates": [ [ [ -52.113582975538854, -32.037539858744111 ], [ -52.113566686215862, -32.037566475905223 ] ], [ [ -52.113532840282808, -32.037621781006195 ], [ -52.113525725084827, -32.037633407417616 ] ], [ [ -52.113507772654785, -32.037662742137229 ], [ -52.113134885430654, -32.038272049185977 ] ] ] } },
{ "type": "Feature", "properties": { "tipo": "rua", "nome": "ABDALA NADER", "drenagem": 0.0, "iluminacao": 1.0, "compriment": 11.199078959101303 }, "geometry": { "type": "LineString", "coordinates": [ [ -52.084200994879247, -32.043888834055267 ], [ -52.084202071278234, -32.043862173024586 ] ] } },
{ "type": "Feature", "properties": { "tipo": "avenida", "nome": "ARGENTINA", "drenagem": 1.0, "iluminacao": 1.0, "compriment": 104.0829677834614 }, "geometry": { "type": "MultiLineString", "coordinates": [ [ [ -52.137756383261276, -32.049202466224429 ], [ -52.137733753529282, -32.049242757060689 ] ], [ [ -52.137704015740113, -32.049295703352506 ], [ -52.137692792398248, -32.049315685817582 ] ], [ [ -52.137644418487262, -32.049401812570075 ], [ -52.137591516503768, -32.04949600127523 ] ], [ [ -52.137532453713241, -32.049601158915728 ], [ -52.137482404592603, -32.049690268275256 ] ] ] } },
{ "type": "Feature", "properties": { "tipo": "avenida", "nome": "ARGENTINA", "drenagem": 1.0, "iluminacao": 1.0, "compriment": 99.101709840397874 }, "geometry": { "type": "MultiLineString", "coordinates": [ [ [ -52.137004731825947, -32.050489935235007 ], [ -52.136987201028731, -32.05052058472004 ] ], [ [ -52.136898296540295, -32.050676018426437 ], [ -52.136859861344682, -32.050743215538922 ] ], [ [ -52.136797509689963, -32.050852226332012 ], [ -52.136791647515373, -32.050862475303013 ] ], [ [ -52.136734231824924, -32.05096285643932 ], [ -52.13670972525329, -32.051005701826853 ] ], [ [ -52.136635792995705, -32.051134959247044 ], [ -52.136627802991214, -32.051148928350678 ] ], [ [ -52.136570167109554, -32.051249694452203 ], [ -52.136545880729138, -32.051292154874503 ] ] ] } },
{ "type": "Feature", "properties": { "tipo": "avenida", "nome": "ARGENTINA", "drenagem": 1.0, "iluminacao": 1.0, "compriment": 109.46784323416412 }, "geometry": { "type": "LineString", "coordinates": [ [ -52.134868354077113, -32.054087215823841 ], [ -52.134866474356507, -32.054090385436893 ] ] } },
{ "type": "Feature", "properties": { "tipo": "rua", "nome": "UMBERTO IBRAHIM DE FARIAS", "drenagem": 0.0, "iluminacao": 0.0, "compriment": 69.725354390725855 }, "geometry": { "type": "LineString", "coordinates": [ [ -52.083612152390664, -32.043834244454281 ], [ -52.082889737405345, -32.043963740167214 ] ] } },
{ "type": "Feature", "properties": { "tipo": "rua", "nome": "VINTE E CINCO", "drenagem": 0.0, "iluminacao": 1.0, "compriment": 36.444696560070561 }, "geometry": { "type": "LineString", "coordinates": [ [ -52.079921666437514, -32.044789978938141 ], [ -52.07997958239207, -32.044946546831603 ] ] } },
{ "type": "Feature", "properties": { "tipo": "rua", "nome": "UMBERTO IBRAHIM DE FARIAS", "drenagem": 0.0, "iluminacao": 1.0, "compriment": 86.468560768236571 }, "geometry": { "type": "MultiLineString", "coordinates": [ [ [ -52.081263791892773, -32.044233775286102 ], [ -52.080954837862599, -32.044312021456989 ] ], [ [ -52.080797781384106, -32.044351797821292 ], [ -52.08071585912203, -32.04437254557886 ] ], [ [ -52.080674897990988, -32.044382919457647 ], [ -52.080633936859947, -32.044393293336427 ] ], [ [ -52.08055201459787, -32.044414041094001 ], [ -52.080523239344345, -32.04442132875878 ] ] ] } },
{ "type": "Feature", "properties": { "tipo": "rua", "nome": "UMBERTO IBRAHIM DE FARIAS", "drenagem": 0.0, "iluminacao": 0.0, "compriment": 74.168974117135079 }, "geometry": { "type": "LineString", "coordinates": [ [ -52.082889737405345, -32.043963740167214 ], [ -52.082107708806831, -32.044024627350936 ] ] } },
{ "type": "Feature", "properties": { "tipo": "rua", "nome": "UMBERTO IBRAHIM DE FARIAS", "drenagem": 0.0, "iluminacao": 0.0, "compriment": 61.311994814206173 }, "geometry": { "type": "MultiLineString", "coordinates": [ [ [ -52.079773753108114, -32.044616555827126 ], [ -52.079568947452913, -32.044660596723297 ] ], [ [ -52.07940510292876, -32.044695829440229 ], [ -52.079348241982174, -32.044708056676058 ] ] ] } },
{ "type": "Feature", "properties": { "tipo": "rua", "nome": "CASTRO ALVES", "drenagem": 0.0, "iluminacao": 1.0, "compriment": 100.97554919731375 }, "geometry": { "type": "MultiLineString", "coordinates": [ [ [ -52.126645601211223, -32.041547892489156 ], [ -52.126633287017526, -32.041569301740594 ] ], [ [ -52.126579459303379, -32.041662885705158 ], [ -52.12655136475545, -32.041711730416836 ] ], [ [ -52.126524259453952, -32.041758855241198 ], [ -52.126510403624408, -32.041782944754964 ] ], [ [ -52.126477139328976, -32.041840777503282 ], [ -52.126440152841461, -32.041905081592574 ] ] ] } },
{ "type": "Feature", "properties": { "tipo": "rua", "nome": "JURAI XAVIER DA SILVA", "drenagem": 0.0, "iluminacao": 1.0, "compriment": 172.57042625663081 }, "geometry": { "type": "MultiLineString", "coordinates": [ [ [ -52.171661913665908, -32.063877866002642 ], [ -52.171687649918653, -32.0638369048716 ] ], [ [ -52.171790594929625, -32.06367306034744 ], [ -52.171813414554315, -32.063636741243549 ] ], [ [ -52.172022221204315, -32.06330441016808 ], [ -52.172047957457053, -32.063263449037045 ] ], [ [ -52.172304948126794, -32.062854429565391 ], [ -52.172362031218107, -32.062763577645072 ] ] ] } },
{ "type": "Feature", "properties": { "tipo": "rua", "nome": "MORON", "drenagem": 0.0, "iluminacao": 1.0, "compriment": 154.4617037469356 }, "geometry": { "type": "MultiLineString", "coordinates": [ [ [ -52.103321829576565, -32.038593325574169 ], [ -52.103031068351861, -32.0390715975647 ] ], [ [ -52.102866589298692, -32.03934214850986 ], [ -52.102834869883466, -32.039394323650733 ] ], [ [ -52.102816785384341, -32.039424070771936 ], [ -52.102569837378169, -32.039830274572289 ] ] ] } },
{ "type": "Feature", "properties": { "tipo": "rua", "nome": "CONSELHEIRO TEIXEIRA JUNIOR", "drenagem": 0.0, "iluminacao": 1.0, "compriment": 102.19343974563439 }, "geometry": { "type": "LineString", "coordinates": [ [ -52.113134885430654, -32.038272049185977 ], [ -52.112671915474465, -32.039105009214019 ] ] } },
{ "type": "Feature", "properties": { "tipo": "rua", "nome": "CONSELHEIRO TEIXEIRA JUNIOR", "drenagem": 0.0, "iluminacao": 1.0, "compriment": 101.11016699881671 }, "geometry": { "type": "MultiLineString", "coordinates": [ [ [ -52.112671915474465, -32.039105009214019 ], [ -52.112213369359779, -32.039874643213373 ] ], [ [ -52.112188964814884, -32.039915604344415 ], [ -52.112187465970059, -32.039918120038905 ] ] ] } },
{ "type": "Feature", "properties": { "tipo": "rua", "nome": "INTENDENTE CONRADO", "drenagem": 0.0, "iluminacao": 1.0, "compriment": 134.09246700373464 }, "geometry": { "type": "LineString", "coordinates": [ [ -52.122614914482483, -32.05254609745402 ], [ -52.122576868433519, -32.052613554966719 ] ] } },
{ "type": "Feature", "properties": { "tipo": "rua", "nome": "CONSELHEIRO TEIXEIRA JUNIOR", "drenagem": 0.0, "iluminacao": 1.0, "compriment": 100.70721384888303 }, "geometry": { "type": "MultiLineString", "coordinates": [ [ [ -52.112187465970059, -32.039918120038905 ], [ -52.112133046629474, -32.040008369732384 ] ], [ [ -52.112114885881034, -32.040038487737533 ], [ -52.112040788862359, -32.040161371130651 ] ], [ [ -52.112016089856134, -32.040202332261693 ], [ -52.112010163236356, -32.040212161039712 ] ], [ [ -52.111991390849916, -32.040243293392734 ], [ -52.111966691843691, -32.040284254523776 ] ], [ [ -52.111941992837465, -32.040325215654811 ], [ -52.111928240974279, -32.040348021911264 ] ], [ [ -52.111892594825015, -32.040407137916894 ], [ -52.111887279843238, -32.040415952347047 ] ], [ [ -52.111818497806347, -32.040530021310012 ], [ -52.111805357581154, -32.040551813218606 ] ], [ [ -52.111769099793904, -32.040611943572088 ], [ -52.111719701781453, -32.040693865834172 ] ] ] } },
{ "type": "Feature", "properties": { "tipo": "rua", "nome": "INTENDENTE CONRADO", "drenagem": 0.0, "iluminacao": 1.0, "compriment": 67.27080742295631 }, "geometry": { "type": "LineString", "coordinates": [ [ -52.12358424310095, -32.051003307040709 ], [ -52.123198130465063, -32.051513105839966 ] ] } },
{ "type": "Feature", "properties": { "tipo": "rua", "nome": "CONSELHEIRO TEIXEIRA JUNIOR", "drenagem": 0.0, "iluminacao": 1.0, "compriment": 99.551321577626794 }, "geometry": { "type": "MultiLineString", "coordinates": [ [ [ -52.111695294776901, -32.040734826965206 ], [ -52.111682474188036, -32.040757320863392 ] ], [ [ -52.111635102552185, -32.040840435045219 ], [ -52.11160055192596, -32.04090105459062 ] ], [ [ -52.111578564049296, -32.040939632620407 ], [ -52.111559590794919, -32.040972921454241 ] ], [ [ -52.11153187175826, -32.041021554882484 ], [ -52.111508282936363, -32.041062941792539 ] ], [ [ -52.111422871022228, -32.041212798161951 ], [ -52.111395746270759, -32.041260388908711 ] ], [ [ -52.111368448739618, -32.041308282799768 ], [ -52.111344109068327, -32.041350987085337 ] ], [ [ -52.111275064157539, -32.041472127323921 ], [ -52.111251718012021, -32.041513088454963 ] ] ] } },
{ "type": "Feature", "properties": { "tipo": "rua", "nome": "CONSELHEIRO TEIXEIRA JUNIOR", "drenagem": 0.0, "iluminacao": 1.0, "compriment": 97.639033713692896 }, "geometry": { "type": "MultiLineString", "coordinates": [ [ [ -52.111231901746599, -32.041547115084271 ], [ -52.111190940615565, -32.04161524201686 ] ], [ [ -52.111153849094002, -32.041676932979122 ], [ -52.111149979484523, -32.041683368949457 ] ], [ [ -52.111129221326507, -32.041717894110164 ], [ -52.111109018353481, -32.04175149588206 ] ], [ [ -52.111079965791525, -32.04179981637224 ], [ -52.11106805722244, -32.041819622814657 ] ], [ [ -52.11105533802403, -32.041840777503282 ], [ -52.111027096091405, -32.041887749747247 ] ], [ [ -52.111006082489041, -32.041922699765358 ], [ -52.110768806726071, -32.042317339012385 ] ] ] } },
{ "type": "Feature", "properties": { "tipo": "rua", "nome": "CONSELHEIRO TEIXEIRA JUNIOR", "drenagem": 1.0, "iluminacao": 1.0, "compriment": 101.46345024874971 }, "geometry": { "type": "LineString", "coordinates": [ [ -52.110768806726071, -32.042317339012385 ], [ -52.110295061092437, -32.043138570770616 ] ] } },
{ "type": "Feature", "properties": { "tipo": "rua", "nome": "MARCÍLIO DIAS", "drenagem": 0.0, "iluminacao": 1.0, "compriment": 189.97963862203218 }, "geometry": { "type": "LineString", "coordinates": [ [ -52.116082068456102, -32.035737568978369 ], [ -52.116075544687916, -32.035748991596776 ] ] } },
{ "type": "Feature", "properties": { "tipo": "rua", "nome": "MARCÍLIO DIAS", "drenagem": 1.0, "iluminacao": 1.0, "compriment": 156.37631804959085 }, "geometry": { "type": "LineString", "coordinates": [ [ -52.115974994382071, -32.035920249451571 ], [ -52.115232947999424, -32.037180885326883 ] ] } },
{ "type": "Feature", "properties": { "tipo": "rua", "nome": "INTENDENTE CARVALHO", "drenagem": 1.0, "iluminacao": 1.0, "compriment": 130.30788445999551 }, "geometry": { "type": "LineString", "coordinates": [ [ -52.119328253876738, -32.05120799774987 ], [ -52.119076432334218, -32.05167144895281 ] ] } },
{ "type": "Feature", "properties": { "tipo": "rua", "nome": "ACRE", "drenagem": 1.0, "iluminacao": 1.0, "compriment": 95.278680331208591 }, "geometry": { "type": "LineString", "coordinates": [ [ -52.132739832076375, -32.045663509607508 ], [ -52.13227509760825, -32.046426142300234 ] ] } },
{ "type": "Feature", "properties": { "tipo": "rua", "nome": "SAUL PORTO", "drenagem": 0.0, "iluminacao": 1.0, "compriment": 101.36781269355997 }, "geometry": { "type": "MultiLineString", "coordinates": [ [ [ -52.081173470149693, -32.043970756317343 ], [ -52.081178419680107, -32.04398859288748 ], [ -52.081207392694502, -32.044071801146266 ] ], [ [ -52.081229259471918, -32.044134600841502 ], [ -52.081263791892773, -32.044233775286102 ] ] ] } },
{ "type": "Feature", "properties": { "tipo": "rua", "nome": "SEM DENOMINACAO", "drenagem": 0.0, "iluminacao": 0.0, "compriment": 238.95964971138599 }, "geometry": { "type": "LineString", "coordinates": [ [ -52.078113571918877, -32.044910351567012 ], [ -52.078217230128608, -32.044929688799201 ] ] } },
{ "type": "Feature", "properties": { "tipo": "rua", "nome": "MARCÍLIO DIAS", "drenagem": 0.0, "iluminacao": 1.0, "compriment": 21.772210636890954 }, "geometry": { "type": "LineString", "coordinates": [ [ -52.111450996187664, -32.043625004443584 ], [ -52.111347720435916, -32.043800542172711 ] ] } },
{ "type": "Feature", "properties": { "tipo": "rua", "nome": "ENGENHEIRO HEITOR AMARO BARCELOS", "drenagem": 0.0, "iluminacao": 1.0, "compriment": 34.760201863009328 }, "geometry": { "type": "LineString", "coordinates": [ [ -52.079896636501232, -32.044966468797 ], [ -52.07997958239207, -32.044946546831603 ] ] } },
{ "type": "Feature", "properties": { "tipo": "rua", "nome": "ALIPIO CADAVAL", "drenagem": 1.0, "iluminacao": 1.0, "compriment": 94.079081622352902 }, "geometry": { "type": "LineString", "coordinates": [ [ -52.079811177592184, -32.045468482948785 ], [ -52.080157563336222, -32.046263953291664 ] ] } },
{ "type": "Feature", "properties": { "tipo": "avenida", "nome": "SENADOR SALGADO FILHO", "drenagem": 1.0, "iluminacao": 1.0, "compriment": 17.569607699723225 }, "geometry": { "type": "LineString", "coordinates": [ [ -52.087590461721149, -32.038400042495944 ], [ -52.087559799099267, -32.038406904683157 ] ] } },
{ "type": "Feature", "properties": { "tipo": "avenida", "nome": "SENADOR SALGADO FILHO", "drenagem": 1.0, "iluminacao": 1.0, "compriment": 40.246711108010295 }, "geometry": { "type": "MultiLineString", "coordinates": [ [ [ -52.087392523481498, -32.038320993221987 ], [ -52.087433484612539, -32.038258989130945 ] ], [ [ -52.087448540903843, -32.038236197971791 ], [ -52.087474445743574, -32.03819698503991 ] ] ] } },
{ "type": "Feature", "properties": { "tipo": "avenida", "nome": "SENADOR SALGADO FILHO", "drenagem": 1.0, "iluminacao": 1.0, "compriment": 15.050659391292998 }, "geometry": { "type": "LineString", "coordinates": [ [ -52.087433484612539, -32.038430989373012 ], [ -52.087392523481498, -32.038435880416323 ] ] } },
{ "type": "Feature", "properties": { "tipo": "rua", "nome": "SEM DENOMINACAO", "drenagem": 0.0, "iluminacao": 1.0, "compriment": 118.76482933495701 }, "geometry": { "type": "LineString", "coordinates": [ [ -52.086088017623524, -32.043192494827593 ], [ -52.086070321292041, -32.043181425282839 ], [ -52.085987478149953, -32.043076750161653 ], [ -52.085984157633717, -32.04301848061214 ], [ -52.086041748717882, -32.042991080495192 ], [ -52.086286572943429, -32.043000780924011 ] ] } },
{ "type": "Feature", "properties": { "tipo": "rua", "nome": "SEM DENOMINACAO", "drenagem": 0.0, "iluminacao": 1.0, "compriment": 185.37799966154824 }, "geometry": { "type": "LineString", "coordinates": [ [ -52.0843244456888, -32.043688492621826 ], [ -52.084559633710967, -32.043658500246764 ], [ -52.084566205439756, -32.043656168900974 ] ] } },
{ "type": "Feature", "properties": { "tipo": "rua", "nome": "14 BIS", "drenagem": 0.0, "iluminacao": 1.0, "compriment": 94.830630845677831 }, "geometry": { "type": "LineString", "coordinates": [ [ -52.127474745466159, -32.054452305966997 ], [ -52.127411548507283, -32.054577055468236 ] ] } },
{ "type": "Feature", "properties": { "tipo": "rua", "nome": "PARAIBA", "drenagem": 1.0, "iluminacao": 1.0, "compriment": 100.22877634222264 }, "geometry": { "type": "MultiLineString", "coordinates": [ [ [ -52.118113371761268, -32.047681161539742 ], [ -52.117992119257885, -32.047902209452289 ] ], [ [ -52.11799048836815, -32.047905182626138 ], [ -52.117699580007795, -32.048435519600673 ] ] ] } },
{ "type": "Feature", "properties": { "tipo": "rua", "nome": "CASTRO ALVES", "drenagem": 0.0, "iluminacao": 1.0, "compriment": 100.59315354177956 }, "geometry": { "type": "LineString", "coordinates": [ [ -52.124464636368835, -32.04517796503481 ], [ -52.124011774630986, -32.04595074719002 ] ] } },
{ "type": "Feature", "properties": { "tipo": "rua", "nome": "CASTRO ALVES", "drenagem": 0.0, "iluminacao": 1.0, "compriment": 99.367078051519258 }, "geometry": { "type": "LineString", "coordinates": [ [ -52.123995961644113, -32.045977851738293 ], [ -52.123537262532032, -32.046767735166213 ] ] } },
{ "type": "Feature", "properties": { "tipo": "rua", "nome": "CEARÁ", "drenagem": 0.0, "iluminacao": 1.0, "compriment": 59.707538704915088 }, "geometry": { "type": "LineString", "coordinates": [ [ -52.118686827595823, -32.047872606939144 ], [ -52.118441060809587, -32.047766492945946 ] ] } },
{ "type": "Feature", "properties": { "tipo": "rua", "nome": "GENERAL ABREU", "drenagem": 0.0, "iluminacao": 1.0, "compriment": 60.266191173927886 }, "geometry": { "type": "LineString", "coordinates": [ [ -52.116352043126561, -32.044703015199765 ], [ -52.116474926519686, -32.044754419755598 ] ] } },
{ "type": "Feature", "properties": { "tipo": "rua", "nome": "ANTONIO JOAO", "drenagem": 0.0, "iluminacao": 1.0, "compriment": 40.338838324333508 }, "geometry": { "type": "LineString", "coordinates": [ [ -52.160692444798805, -32.055685639794696 ], [ -52.160570429560927, -32.055930471636586 ] ] } },
{ "type": "Feature", "properties": { "tipo": "rua", "nome": "CARAMURÚ", "drenagem": 1.0, "iluminacao": 1.0, "compriment": 9.0765771289606523 }, "geometry": { "type": "LineString", "coordinates": [ [ -52.107372626318941, -32.040839386563249 ], [ -52.107334624056413, -32.04091456825018 ] ] } },
{ "type": "Feature", "properties": { "tipo": "rua", "nome": "CARAMURÚ", "drenagem": 1.0, "iluminacao": 1.0, "compriment": 24.882449280816456 }, "geometry": { "type": "LineString", "coordinates": [ [ -52.106910487734467, -32.041682578996038 ], [ -52.106797375705895, -32.041885236604081 ] ] } },
{ "type": "Feature", "properties": { "tipo": "rua", "nome": "CASTRO ALVES", "drenagem": 0.0, "iluminacao": 1.0, "compriment": 101.42712719258633 }, "geometry": { "type": "LineString", "coordinates": [ [ -52.123537262532032, -32.046767735166213 ], [ -52.123031735238577, -32.047574741898472 ] ] } },
{ "type": "Feature", "properties": { "tipo": "rua", "nome": "CASTRO ALVES", "drenagem": 0.0, "iluminacao": 1.0, "compriment": 98.377074782516644 }, "geometry": { "type": "LineString", "coordinates": [ [ -52.123031735238577, -32.047574741898472 ], [ -52.122569765883782, -32.048369896919361 ] ] } },
{ "type": "Feature", "properties": { "tipo": "avenida", "nome": "PRIMEIRO DE MAIO", "drenagem": 1.0, "iluminacao": 1.0, "compriment": 221.47887358920713 }, "geometry": { "type": "MultiLineString", "coordinates": [ [ [ -52.123198130465063, -32.051513105839966 ], [ -52.123970813499945, -32.051927195869624 ] ], [ [ -52.124028623376418, -32.051958176870087 ], [ -52.124052735762028, -32.05197109898436 ] ], [ [ -52.124150804493105, -32.052023655183895 ], [ -52.124229425197363, -32.052065788954522 ] ], [ [ -52.124257541417222, -32.052080856771191 ], [ -52.124257921128915, -32.052081060263205 ] ], [ [ -52.12441078629724, -32.052162982525282 ], [ -52.124425265814018, -32.052170742270562 ] ], [ [ -52.124563651465586, -32.052244904787365 ], [ -52.124593129199731, -32.052260702255737 ] ], [ [ -52.124869381802249, -32.052408749311525 ], [ -52.124871958382819, -32.052410130131705 ] ] ] } },
{ "type": "Feature", "properties": { "tipo": "avenida", "nome": "PRIMEIRO DE MAIO", "drenagem": 1.0, "iluminacao": 1.0, "compriment": 211.06927492417725 }, "geometry": { "type": "MultiLineString", "coordinates": [ [ [ -52.125445414217374, -32.052718977236673 ], [ -52.12547769779416, -32.052736438359844 ] ], [ [ -52.125773103265693, -32.052896213447895 ], [ -52.125780627177619, -32.052900282883996 ] ], [ [ -52.125977908920895, -32.053006986079914 ], [ -52.126007824215229, -32.053023166277121 ] ], [ [ -52.126059831182971, -32.053051295132718 ], [ -52.126083556561085, -32.053064127408156 ] ], [ [ -52.126141753445054, -32.053095604185522 ], [ -52.126159288906955, -32.053105088539198 ] ], [ [ -52.126182714576089, -32.05311775871192 ], [ -52.126235021252825, -32.053146049670239 ] ], [ [ -52.126264636838172, -32.053162067764731 ], [ -52.12645600909385, -32.053265574713478 ] ], [ [ -52.126469442493367, -32.053272840396744 ], [ -52.127069425792811, -32.053597351598249 ] ] ] } },
{ "type": "Feature", "properties": { "tipo": "avenida", "nome": "PRIMEIRO DE MAIO", "drenagem": 1.0, "iluminacao": 1.0, "compriment": 216.0110667269405 }, "geometry": { "type": "LineString", "coordinates": [ [ -52.127069425792811, -32.053597351598249 ], [ -52.128998582242268, -32.054643976949812 ] ] } },
{ "type": "Feature", "properties": { "tipo": "rua", "nome": "ABDALA NADER", "drenagem": 0.0, "iluminacao": 1.0, "compriment": 11.460716252289306 }, "geometry": { "type": "LineString", "coordinates": [ [ -52.0843244456888, -32.043688492621826 ], [ -52.084262004307398, -32.043777112910895 ] ] } },
{ "type": "Feature", "properties": { "tipo": "rua", "nome": "UMBERTO IBRAHIM DE FARIAS", "drenagem": 0.0, "iluminacao": 1.0, "compriment": 57.13195309097231 }, "geometry": { "type": "MultiLineString", "coordinates": [ [ [ -52.084202071278234, -32.043862173024586 ], [ -52.084197555260403, -32.043861074778761 ] ], [ [ -52.084143268862086, -32.043847872924225 ], [ -52.084074671867285, -32.043831190890145 ] ], [ [ -52.084033710736243, -32.043821229593938 ], [ -52.083919675588078, -32.043793497501106 ], [ -52.083612152390664, -32.043834244454281 ] ] ] } },
{ "type": "Feature", "properties": { "tipo": "rua", "nome": "UMBERTO IBRAHIM DE FARIAS", "drenagem": 0.0, "iluminacao": 0.0, "compriment": 35.144270641074712 }, "geometry": { "type": "LineString", "coordinates": [ [ -52.083918690411089, -32.043790177620693 ], [ -52.083978729883974, -32.043747061868338 ], [ -52.084091731207458, -32.043730399960104 ], [ -52.084262004307398, -32.043777112910895 ] ] } },
{ "type": "Feature", "properties": { "tipo": "rua", "nome": "ABDALA NADER", "drenagem": 0.0, "iluminacao": 1.0, "compriment": 11.000304290808206 }, "geometry": { "type": "LineString", "coordinates": [ [ -52.084262004307398, -32.043777112910895 ], [ -52.084202071278234, -32.043862173024586 ] ] } },
{ "type": "Feature", "properties": { "tipo": "rua", "nome": "SOLDADO BOMBEIRO ANTONIO SILVEIRA DE AZEVEDO", "drenagem": 0.0, "iluminacao": 0.0, "compriment": 25.880686123487123 }, "geometry": { "type": "LineString", "coordinates": [ [ -52.083612152390664, -32.043834244454281 ], [ -52.083638238967104, -32.044011717448385 ] ] } },
{ "type": "Feature", "properties": { "tipo": "rua", "nome": "SENADOR ALBERTO PASQUALINI", "drenagem": 0.0, "iluminacao": 1.0, "compriment": 38.335489503418351 }, "geometry": { "type": "LineString", "coordinates": [ [ -52.082889737405345, -32.043963740167214 ], [ -52.083017317113111, -32.043986929458875 ], [ -52.083120498313384, -32.044086387758057 ], [ -52.083139535818425, -32.044134600841502 ] ] } },
{ "type": "Feature", "properties": { "tipo": "rua", "nome": "ENGENHEIRO HEITOR AMARO BARCELOS", "drenagem": 0.0, "iluminacao": 1.0, "compriment": 140.31697226719243 }, "geometry": { "type": "LineString", "coordinates": [ [ -52.07997958239207, -32.044946546831603 ], [ -52.081409480972916, -32.044603101805848 ] ] } },
{ "type": "Feature", "properties": { "tipo": "rua", "nome": "COLOMBIA", "drenagem": 1.0, "iluminacao": 1.0, "compriment": 166.27841896571479 }, "geometry": { "type": "MultiLineString", "coordinates": [ [ [ -52.138741105144476, -32.056095251105098 ], [ -52.138726556500508, -32.056136212236133 ] ], [ [ -52.13869745921258, -32.056218134498216 ], [ -52.138682910568619, -32.056259095629258 ] ], [ [ -52.138624715992762, -32.056422940153411 ], [ -52.138593937281122, -32.056509596397369 ] ], [ [ -52.138581070060866, -32.056545823546536 ], [ -52.138552976150081, -32.056624920839994 ] ], [ [ -52.13853742412897, -32.056668706939654 ], [ -52.138512015019039, -32.056740245282619 ] ], [ [ -52.138508326841041, -32.05675062920173 ], [ -52.13837738904536, -32.057119279381091 ] ] ] } },
{ "type": "Feature", "properties": { "tipo": "rua", "nome": "AGOSTINHO PETRONE", "drenagem": 0.0, "iluminacao": 1.0, "compriment": 164.08039155900283 }, "geometry": { "type": "MultiLineString", "coordinates": [ [ [ -52.138309485037865, -32.055554245260602 ], [ -52.138277727148072, -32.055644678663661 ] ], [ [ -52.137975652694699, -32.056504862415494 ], [ -52.137815675791366, -32.056960410812188 ] ] ] } },
{ "type": "Feature", "properties": { "tipo": "rua", "nome": "CASIMIRO DE ABREU", "drenagem": 0.0, "iluminacao": 1.0, "compriment": 97.537015966887054 }, "geometry": { "type": "LineString", "coordinates": [ [ -52.125612260545878, -32.045644918171575 ], [ -52.125164327687109, -32.046437474695679 ] ] } },
{ "type": "Feature", "properties": { "tipo": "rua", "nome": "MARQUES DE MARICA", "drenagem": 1.0, "iluminacao": 1.0, "compriment": 101.78123840009872 }, "geometry": { "type": "MultiLineString", "coordinates": [ [ [ -52.121887168640107, -32.046062759206492 ], [ -52.121721257781786, -32.046344848673137 ] ], [ [ -52.121554106768606, -32.046629046709562 ], [ -52.121404494351097, -32.046883424798409 ] ] ] } },
{ "type": "Feature", "properties": { "tipo": "rua", "nome": "CHILE", "drenagem": 0.0, "iluminacao": 1.0, "compriment": 62.163479113867176 }, "geometry": { "type": "LineString", "coordinates": [ [ -52.135972424894575, -32.052303589256269 ], [ -52.136515186387889, -32.052550276718776 ] ] } },
{ "type": "Feature", "properties": { "tipo": "travessa", "nome": "GUIANAS", "drenagem": 0.0, "iluminacao": 1.0, "compriment": 106.97298588860697 }, "geometry": { "type": "MultiLineString", "coordinates": [ [ [ -52.136838537747181, -32.053176646156693 ], [ -52.136955492039533, -32.053230254718756 ] ], [ [ -52.137610870136164, -32.053530661626958 ], [ -52.137835976387315, -32.053633844008658 ] ] ] } },
{ "type": "Feature", "properties": { "tipo": "rua", "nome": "MARECHAL DEODORO", "drenagem": 1.0, "iluminacao": 1.0, "compriment": 95.514914251412492 }, "geometry": { "type": "LineString", "coordinates": [ [ -52.107889794711298, -32.035097179367028 ], [ -52.107463440711435, -32.035878240307845 ] ] } },
{ "type": "Feature", "properties": { "tipo": "rua", "nome": "MARECHAL DEODORO", "drenagem": 1.0, "iluminacao": 1.0, "compriment": 95.787930283074459 }, "geometry": { "type": "LineString", "coordinates": [ [ -52.107463440711435, -32.035878240307845 ], [ -52.107020664771532, -32.036655382270823 ] ] } },
{ "type": "Feature", "properties": { "tipo": "rua", "nome": "MARECHAL DEODORO", "drenagem": 1.0, "iluminacao": 1.0, "compriment": 91.444523869911947 }, "geometry": { "type": "LineString", "coordinates": [ [ -52.106971900892191, -32.036727873269101 ], [ -52.106503640387785, -32.037449654812335 ] ] } },
{ "type": "Feature", "properties": { "tipo": "rua", "nome": "MARECHAL DEODORO", "drenagem": 1.0, "iluminacao": 1.0, "compriment": 10.539229907715255 }, "geometry": { "type": "LineString", "coordinates": [ [ -52.106503640387785, -32.037449654812335 ], [ -52.106467191307644, -32.03753948510785 ] ] } },
{ "type": "Feature", "properties": { "tipo": "rua", "nome": "MINAS GERAIS", "drenagem": 0.0, "iluminacao": 1.0, "compriment": 99.257518023018221 }, "geometry": { "type": "MultiLineString", "coordinates": [ [ [ -52.120322765502337, -32.046409197281747 ], [ -52.120284311706378, -32.046474644362434 ] ], [ [ -52.120263334751236, -32.046510346441806 ], [ -52.120243350575336, -32.04654435884396 ] ], [ [ -52.120239267811066, -32.046551307572848 ], [ -52.120202389444295, -32.046614073325493 ] ], [ [ -52.120191133930724, -32.046633229834924 ], [ -52.120161428313253, -32.046683787807027 ] ] ] } },
{ "type": "Feature", "properties": { "tipo": "rua", "nome": "MINAS GERAIS", "drenagem": 0.0, "iluminacao": 1.0, "compriment": 53.992035965143387 }, "geometry": { "type": "MultiLineString", "coordinates": [ [ [ -52.119322989563159, -32.048153228283411 ], [ -52.119260283430386, -32.048256786768476 ] ], [ [ -52.119251268348521, -32.048271675076514 ], [ -52.11913740003726, -32.048459727333757 ] ], [ [ -52.119127255616974, -32.048476480731715 ], [ -52.119060954277082, -32.048585976661592 ] ] ] } },
{ "type": "Feature", "properties": { "tipo": "rua", "nome": "MINAS GERAIS", "drenagem": 0.0, "iluminacao": 1.0, "compriment": 60.201340278697288 }, "geometry": { "type": "MultiLineString", "coordinates": [ [ [ -52.119060954277082, -32.048585976661592 ], [ -52.119014516644143, -32.048663362222044 ] ], [ [ -52.11900376068678, -32.048681286386909 ], [ -52.118782540583041, -32.04904993656627 ] ] ] } },
{ "type": "Feature", "properties": { "tipo": "rua", "nome": "REPUBLICA DOMINICANA", "drenagem": 1.0, "iluminacao": 1.0, "compriment": 146.78242143202093 }, "geometry": { "type": "LineString", "coordinates": [ [ -52.132531689887244, -32.04952096733043 ], [ -52.132519418438925, -32.049541470138742 ] ] } },
{ "type": "Feature", "properties": { "tipo": "rua", "nome": "MARECHAL DEODORO", "drenagem": 1.0, "iluminacao": 1.0, "compriment": 11.375886944674383 }, "geometry": { "type": "LineString", "coordinates": [ [ -52.105117732519481, -32.03986305398405 ], [ -52.105076661814621, -32.039959494415307 ] ] } },
{ "type": "Feature", "properties": { "tipo": "rua", "nome": "MARECHAL DEODORO", "drenagem": 1.0, "iluminacao": 1.0, "compriment": 95.756710923038497 }, "geometry": { "type": "LineString", "coordinates": [ [ -52.105076661814621, -32.039959494415307 ], [ -52.104635160311979, -32.040736857126475 ] ] } },
{ "type": "Feature", "properties": { "tipo": "rua", "nome": "REPUBLICA DE CUBA", "drenagem": 1.0, "iluminacao": 1.0, "compriment": 145.36333597545755 }, "geometry": { "type": "MultiLineString", "coordinates": [ [ [ -52.132161177074288, -32.049090897697305 ], [ -52.132122078576849, -32.049158986744438 ] ], [ [ -52.132114135185923, -32.049172819959388 ], [ -52.132014484680276, -32.049346358801564 ] ] ] } },
{ "type": "Feature", "properties": { "tipo": "rua", "nome": "REPUBLICA DE CUBA", "drenagem": 1.0, "iluminacao": 1.0, "compriment": 124.34788241352821 }, "geometry": { "type": "LineString", "coordinates": [ [ -52.132014484680276, -32.049346358801564 ], [ -52.131424719723753, -32.050321955002687 ], [ -52.131411779969362, -32.050343359841314 ] ] } },
{ "type": "Feature", "properties": { "tipo": "rua", "nome": "REPUBLICA DE CUBA", "drenagem": 1.0, "iluminacao": 1.0, "compriment": 120.0670009583843 }, "geometry": { "type": "MultiLineString", "coordinates": [ [ [ -52.130848553579234, -32.051260498804098 ], [ -52.130801694738437, -32.051343759904491 ] ], [ [ -52.130778642063063, -32.051384721035532 ], [ -52.130770361252537, -32.051399434788259 ] ] ] } },
{ "type": "Feature", "properties": { "tipo": "rua", "nome": "REPUBLICA DE CUBA", "drenagem": 1.0, "iluminacao": 1.0, "compriment": 51.281240472363635 }, "geometry": { "type": "MultiLineString", "coordinates": [ [ [ -52.130196905417982, -32.052409396320094 ], [ -52.130173035253598, -32.052449710442566 ] ], [ [ -52.13015594428694, -32.052478575234275 ], [ -52.130114983155899, -32.052547754148456 ] ], [ [ -52.130076022209899, -32.052613554966719 ], [ -52.130074022024864, -32.052616933062623 ] ] ] } },
{ "type": "Feature", "properties": { "tipo": "rua", "nome": "BOLIVIA", "drenagem": 1.0, "iluminacao": 1.0, "compriment": 53.669295843515073 }, "geometry": { "type": "LineString", "coordinates": [ [ -52.130346688617095, -32.051033433481443 ], [ -52.130848553579234, -32.051260498804098 ] ] } },
{ "type": "Feature", "properties": { "tipo": "rua", "nome": "VISCONDE DO RIO GRANDE", "drenagem": 1.0, "iluminacao": 1.0, "compriment": 9.910141255783012 }, "geometry": { "type": "LineString", "coordinates": [ [ -52.109071213158408, -32.035502164143871 ], [ -52.109036311670806, -32.035586445450541 ] ] } },
{ "type": "Feature", "properties": { "tipo": "rua", "nome": "REPUBLICA DO SALVADOR", "drenagem": 0.0, "iluminacao": 1.0, "compriment": 106.65034485530313 }, "geometry": { "type": "LineString", "coordinates": [ [ -52.132045803891948, -32.054465117260655 ], [ -52.131518871671922, -32.055315792925612 ] ] } },
{ "type": "Feature", "properties": { "tipo": "rua", "nome": "ANTONIO RIBEIRO CARDOSO", "drenagem": 1.0, "iluminacao": 1.0, "compriment": 65.627407239183796 }, "geometry": { "type": "LineString", "coordinates": [ [ -52.130529353535742, -32.04667879648968 ], [ -52.130218209358517, -32.047207986773252 ] ] } },
{ "type": "Feature", "properties": { "tipo": "rua", "nome": "TEOFILO AZEVEDO", "drenagem": 0.0, "iluminacao": 1.0, "compriment": 131.72362218926469 }, "geometry": { "type": "LineString", "coordinates": [ [ -52.12811245072929, -32.054725882247446 ], [ -52.128057327009273, -32.054825456042863 ] ] } },
{ "type": "Feature", "properties": { "tipo": "rua", "nome": "VISCONDE DO RIO GRANDE", "drenagem": 1.0, "iluminacao": 1.0, "compriment": 95.300694645663143 }, "geometry": { "type": "LineString", "coordinates": [ [ -52.109036311670806, -32.035586445450541 ], [ -52.108590677087157, -32.036357505781453 ] ] } },
{ "type": "Feature", "properties": { "tipo": "rua", "nome": "VISCONDE DO RIO GRANDE", "drenagem": 1.0, "iluminacao": 1.0, "compriment": 94.560961852572035 }, "geometry": { "type": "LineString", "coordinates": [ [ -52.108590677087157, -32.036357505781453 ], [ -52.108148719391586, -32.037122673846177 ] ] } },
{ "type": "Feature", "properties": { "tipo": "rua", "nome": "REPUBLICA DO HAITI", "drenagem": 0.0, "iluminacao": 1.0, "compriment": 119.29282012128091 }, "geometry": { "type": "MultiLineString", "coordinates": [ [ [ -52.132622865999409, -32.052020621054965 ], [ -52.13262218234636, -32.052021761115903 ] ], [ [ -52.132611185705507, -32.052040099132164 ], [ -52.132562059906881, -32.052122021394247 ] ], [ [ -52.132204000838925, -32.052719121281186 ], [ -52.13219361641719, -32.052736438359844 ] ], [ [ -52.132163039707883, -32.052787428130259 ], [ -52.132048338723351, -32.052978703679535 ] ] ] } },
{ "type": "Feature", "properties": { "tipo": "avenida", "nome": "URUGUAI", "drenagem": 1.0, "iluminacao": 1.0, "compriment": 54.590227579915208 }, "geometry": { "type": "MultiLineString", "coordinates": [ [ [ -52.139986615736468, -32.052731431558691 ], [ -52.139998101449102, -32.052736438359844 ] ], [ [ -52.140068537998552, -32.052767142749559 ], [ -52.14009206719011, -32.052777399490878 ] ], [ [ -52.140467930154173, -32.052941244015038 ], [ -52.140478149308947, -32.05294569870388 ] ] ] } },
{ "type": "Feature", "properties": { "tipo": "rua", "nome": "PANAMA", "drenagem": 0.0, "iluminacao": 1.0, "compriment": 54.825197292588008 }, "geometry": { "type": "LineString", "coordinates": [ [ -52.13800465495676, -32.053160753420656 ], [ -52.137835976387315, -32.053633844008658 ] ] } },
{ "type": "Feature", "properties": { "tipo": "rua", "nome": "PANAMA", "drenagem": 0.0, "iluminacao": 1.0, "compriment": 149.41012481920211 }, "geometry": { "type": "LineString", "coordinates": [ [ -52.137696986749027, -32.053984649888648 ], [ -52.13724290999933, -32.055275362486569 ] ] } },
{ "type": "Feature", "properties": { "tipo": "rua", "nome": "CHILE", "drenagem": 0.0, "iluminacao": 1.0, "compriment": 57.637674889415557 }, "geometry": { "type": "LineString", "coordinates": [ [ -52.136515186387889, -32.052550276718776 ], [ -52.137051713113792, -32.052777399490878 ] ] } },
{ "type": "Feature", "properties": { "tipo": "rua", "nome": "CHILE", "drenagem": 0.0, "iluminacao": 1.0, "compriment": 98.474915996959353 }, "geometry": { "type": "MultiLineString", "coordinates": [ [ [ -52.137078375432651, -32.052788331965047 ], [ -52.137356817617885, -32.052900282883996 ] ], [ [ -52.13786620632785, -32.053105088539198 ], [ -52.13800465495676, -32.053160753420656 ] ] ] } },
{ "type": "Feature", "properties": { "tipo": "rua", "nome": "RIO AMAZONAS", "drenagem": 1.0, "iluminacao": 1.0, "compriment": 119.05768444440052 }, "geometry": { "type": "MultiLineString", "coordinates": [ [ [ -52.135071280011708, -32.049666218921729 ], [ -52.135112241142743, -32.049683860754776 ] ], [ [ -52.135162053219489, -32.049705314662901 ], [ -52.135194163404826, -32.049719144420884 ] ], [ [ -52.135276085666902, -32.049754428086992 ], [ -52.135317046797944, -32.049772069920046 ] ], [ [ -52.135352261827755, -32.049787236924985 ], [ -52.13539896906002, -32.049807353586147 ] ], [ [ -52.135447366131871, -32.049828198056019 ], [ -52.135603774715221, -32.049895562751409 ] ], [ [ -52.135637574740144, -32.049910120318103 ], [ -52.135872492429847, -32.050011298643938 ] ] ] } },
{ "type": "Feature", "properties": { "tipo": "rua", "nome": "RIO AMAZONAS", "drenagem": 1.0, "iluminacao": 1.0, "compriment": 119.09691103108995 }, "geometry": { "type": "LineString", "coordinates": [ [ -52.137004731825947, -32.050489935235007 ], [ -52.138115545005071, -32.050998379315423 ] ] } },
{ "type": "Feature", "properties": { "tipo": "rua", "nome": "NICARAGUA", "drenagem": 1.0, "iluminacao": 1.0, "compriment": 30.15949204301258 }, "geometry": { "type": "LineString", "coordinates": [ [ -52.133158710516973, -32.055477234633436 ], [ -52.133012134560751, -32.055718878745701 ] ] } },
{ "type": "Feature", "properties": { "tipo": "rua", "nome": "BOLIVIA", "drenagem": 1.0, "iluminacao": 1.0, "compriment": 67.98590186133525 }, "geometry": { "type": "MultiLineString", "coordinates": [ [ [ -52.132079285724608, -32.051794332345928 ], [ -52.132081117445807, -32.051795094883786 ] ], [ [ -52.132141448897194, -32.051820210614125 ], [ -52.132232497704891, -32.051858113851139 ] ], [ [ -52.132232497704891, -32.051858113851139 ], [ -52.132233390102613, -32.051858485352575 ], [ -52.1322309763151, -32.051857480508723 ], [ -52.132232497704891, -32.051858113851139 ] ], [ [ -52.132232497704891, -32.051858113851139 ], [ -52.132244961969967, -32.051863302625165 ] ], [ [ -52.132326884232043, -32.051897406208695 ], [ -52.132622865999409, -32.052020621054965 ] ] ] } },
{ "type": "Feature", "properties": { "tipo": "rua", "nome": "BOLIVIA", "drenagem": 1.0, "iluminacao": 1.0, "compriment": 71.378317081561931 }, "geometry": { "type": "MultiLineString", "coordinates": [ [ [ -52.132622865999409, -32.052020621054965 ], [ -52.132630360555105, -32.052023805668092 ] ], [ [ -52.132736495542446, -32.052068904922471 ], [ -52.132832801459735, -32.052109827573631 ] ], [ [ -52.132859378935564, -32.052121120968707 ], [ -52.132861497965131, -32.052122021394247 ] ], [ [ -52.132900340066598, -32.052138526317442 ], [ -52.13329917131761, -32.052307999103903 ] ] ] } },
{ "type": "Feature", "properties": { "tipo": "rua", "nome": "BOLIVIA", "drenagem": 1.0, "iluminacao": 1.0, "compriment": 72.820105713056762 }, "geometry": { "type": "LineString", "coordinates": [ [ -52.133984131384224, -32.052610756588436 ], [ -52.134669222204487, -32.052912125469454 ] ] } },
{ "type": "Feature", "properties": { "tipo": "rua", "nome": "MANOEL GONZALEZ LOPES", "drenagem": 0.0, "iluminacao": 1.0, "compriment": 129.42180099507218 }, "geometry": { "type": "LineString", "coordinates": [ [ -52.174697159771327, -32.060933904507472 ], [ -52.174806508037371, -32.060764820043623 ] ] } },
{ "type": "Feature", "properties": { "tipo": "rua", "nome": "CORDILHEIRA DOS ANDES", "drenagem": 0.0, "iluminacao": 1.0, "compriment": 120.88761082934791 }, "geometry": { "type": "MultiLineString", "coordinates": [ [ [ -52.135276085666902, -32.048722229372956 ], [ -52.135276188092611, -32.048722273124376 ] ], [ [ -52.135439930191062, -32.048792216009375 ], [ -52.135467914960223, -32.048804169780027 ] ], [ [ -52.135521852453145, -32.048827209327584 ], [ -52.136373459281195, -32.049190975512339 ] ] ] } },
{ "type": "Feature", "properties": { "tipo": "rua", "nome": "DOUTOR CARLOS BARBOSA", "drenagem": 0.0, "iluminacao": 1.0, "compriment": 52.12565196148045 }, "geometry": { "type": "LineString", "coordinates": [ [ -52.142444283598849, -32.048124752260115 ], [ -52.142451793540218, -32.048127216024511 ] ] } },
{ "type": "Feature", "properties": { "tipo": "rua", "nome": "DOUTOR CARLOS BARBOSA", "drenagem": 0.0, "iluminacao": 1.0, "compriment": 58.868940822433757 }, "geometry": { "type": "LineString", "coordinates": [ [ -52.142451793540218, -32.048127216024511 ], [ -52.143042764140198, -32.048296029513189 ] ] } },
{ "type": "Feature", "properties": { "tipo": "rua", "nome": "DOUTOR CARLOS BARBOSA", "drenagem": 0.0, "iluminacao": 1.0, "compriment": 58.109348993085504 }, "geometry": { "type": "LineString", "coordinates": [ [ -52.143042764140198, -32.048296029513189 ], [ -52.143614256648512, -32.048490188092849 ] ] } },
{ "type": "Feature", "properties": { "tipo": "rua", "nome": "DOUTOR CARLOS BARBOSA", "drenagem": 0.0, "iluminacao": 1.0, "compriment": 75.905489177821664 }, "geometry": { "type": "LineString", "coordinates": [ [ -52.143614256648512, -32.048490188092849 ], [ -52.14412368997148, -32.048661570305839 ] ] } },
{ "type": "Feature", "properties": { "tipo": "rua", "nome": "PEDRO DE SÁ FREITAS", "drenagem": 1.0, "iluminacao": 1.0, "compriment": 89.998413631128585 }, "geometry": { "type": "LineString", "coordinates": [ [ -52.144031498861672, -32.049377625614582 ], [ -52.143975729848947, -32.049484818713559 ] ] } },
{ "type": "Feature", "properties": { "tipo": "rua", "nome": "PEDRO DE SÁ FREITAS", "drenagem": 1.0, "iluminacao": 1.0, "compriment": 40.207507157818306 }, "geometry": { "type": "LineString", "coordinates": [ [ -52.14359197391947, -32.050266314990751 ], [ -52.143432587011112, -32.050602542553037 ] ] } },
{ "type": "Feature", "properties": { "tipo": "rua", "nome": "COMENDADOR HENRIQUE PANCADA", "drenagem": 0.0, "iluminacao": 1.0, "compriment": 17.620476400889991 }, "geometry": { "type": "LineString", "coordinates": [ [ -52.122319082144557, -32.0391783039857 ], [ -52.122332368258363, -32.039183960049868 ] ] } },
{ "type": "Feature", "properties": { "tipo": "rua", "nome": "VISCONDE DO RIO GRANDE", "drenagem": 1.0, "iluminacao": 1.0, "compriment": 7.5122091783173381 }, "geometry": { "type": "LineString", "coordinates": [ [ -52.107686369178715, -32.037968062485561 ], [ -52.107647808019394, -32.03802731332857 ] ] } },
{ "type": "Feature", "properties": { "tipo": "rua", "nome": "VIDAL DE NEGREIROS", "drenagem": 0.0, "iluminacao": 1.0, "compriment": 38.976736845570315 }, "geometry": { "type": "LineString", "coordinates": [ [ -52.14342533269344, -32.053269639771663 ], [ -52.143272659306298, -32.053596203283867 ] ] } },
{ "type": "Feature", "properties": { "tipo": "rua", "nome": "VISCONDE DO RIO GRANDE", "drenagem": 1.0, "iluminacao": 1.0, "compriment": 96.245439969302709 }, "geometry": { "type": "LineString", "coordinates": [ [ -52.107647808019394, -32.03802731332857 ], [ -52.107217710904713, -32.038733368944385 ] ] } },
{ "type": "Feature", "properties": { "tipo": "rua", "nome": "AQUIDABAN", "drenagem": 1.0, "iluminacao": 1.0, "compriment": 6.9725892965714857 }, "geometry": { "type": "LineString", "coordinates": [ [ -52.105421320629794, -32.032340651875842 ], [ -52.105494057934116, -32.032351358925155 ] ] } },
{ "type": "Feature", "properties": { "tipo": "rua", "nome": "VIDAL DE NEGREIROS", "drenagem": 0.0, "iluminacao": 1.0, "compriment": 197.81199989408083 }, "geometry": { "type": "LineString", "coordinates": [ [ -52.143272659306298, -32.053596203283867 ], [ -52.143213041698885, -32.053760466635836 ] ] } },
{ "type": "Feature", "properties": { "tipo": "rua", "nome": "PADRE VIEIRA", "drenagem": 0.0, "iluminacao": 1.0, "compriment": 94.982739629337019 }, "geometry": { "type": "MultiLineString", "coordinates": [ [ [ -52.144752817963962, -32.052869869642194 ], [ -52.144546114142848, -32.053268933063357 ] ], [ [ -52.144533301281875, -32.053293669636233 ], [ -52.144524897409227, -32.053309894194399 ] ], [ [ -52.144492340150833, -32.053372749398768 ], [ -52.144482463941998, -32.053391816456475 ] ], [ [ -52.144461247208383, -32.053432777587517 ], [ -52.144421748112499, -32.053509034737722 ] ], [ [ -52.144410417888757, -32.053530908923818 ], [ -52.144397597007533, -32.053555660980635 ] ] ] } },
{ "type": "Feature", "properties": { "tipo": "rua", "nome": "PADRE VIEIRA", "drenagem": 1.0, "iluminacao": 1.0, "compriment": 180.98786266861967 }, "geometry": { "type": "MultiLineString", "coordinates": [ [ [ -52.144209251526661, -32.054009716565929 ], [ -52.144134962526934, -32.054211039077266 ] ], [ [ -52.14412368997148, -32.054241587599691 ], [ -52.144104732808138, -32.05429296133935 ] ], [ [ -52.143714078661084, -32.055351630513002 ], [ -52.143711746463794, -32.055357950746384 ] ], [ [ -52.143673117530042, -32.055462634804336 ], [ -52.143666401885596, -32.055480834139502 ] ] ] } },
{ "type": "Feature", "properties": { "tipo": "rua", "nome": "PADRE VIEIRA", "drenagem": 1.0, "iluminacao": 1.0, "compriment": 147.62526384161609 }, "geometry": { "type": "LineString", "coordinates": [ [ -52.143263506219647, -32.056590401703694 ], [ -52.143249964670638, -32.056627745808612 ] ] } },
{ "type": "Feature", "properties": { "tipo": "rua", "nome": "SATURNINO DE BRITTO", "drenagem": 1.0, "iluminacao": 1.0, "compriment": 108.66907678603818 }, "geometry": { "type": "MultiLineString", "coordinates": [ [ [ -52.15088813936017, -32.052016648063606 ], [ -52.1508761658786, -32.052040099132164 ] ], [ [ -52.150841315461989, -32.052108356598019 ], [ -52.150813424940431, -32.052162982525282 ] ], [ [ -52.150800354330947, -32.052188582410942 ], [ -52.150771597648315, -32.052244904787365 ] ], [ [ -52.150759393199912, -32.05226880822385 ], [ -52.150750684002254, -32.052285865918407 ] ], [ [ -52.150718432068871, -32.052349034036773 ], [ -52.150708856710139, -32.052367788180483 ] ], [ [ -52.150520633895624, -32.052736438359844 ], [ -52.150513626413669, -32.052750163101372 ] ], [ [ -52.150478806603509, -32.05281836062192 ], [ -52.150472665282635, -32.05283038891428 ] ] ] } },
{ "type": "Feature", "properties": { "tipo": "rua", "nome": "VISCONDE DO RIO GRANDE", "drenagem": 1.0, "iluminacao": 1.0, "compriment": 94.575372225719178 }, "geometry": { "type": "LineString", "coordinates": [ [ -52.106694546391708, -32.039597013522695 ], [ -52.106247772924171, -32.040360301129041 ] ] } },
{ "type": "Feature", "properties": { "tipo": "rua", "nome": "VISCONDE DO RIO GRANDE", "drenagem": 1.0, "iluminacao": 1.0, "compriment": 9.3149622798935461 }, "geometry": { "type": "LineString", "coordinates": [ [ -52.106247772924171, -32.040360301129041 ], [ -52.106196319465575, -32.040431965747082 ] ] } },
{ "type": "Feature", "properties": { "tipo": "rua", "nome": "MORON", "drenagem": 0.0, "iluminacao": 1.0, "compriment": 196.91716580926325 }, "geometry": { "type": "LineString", "coordinates": [ [ -52.107217710904713, -32.03187514822141 ], [ -52.106873667518627, -32.032471653676716 ], [ -52.106859366703794, -32.032525869949275 ] ] } },
{ "type": "Feature", "properties": { "tipo": "rua", "nome": "VISCONDE DE MAUA", "drenagem": 1.0, "iluminacao": 1.0, "compriment": 122.74625088493586 }, "geometry": { "type": "MultiLineString", "coordinates": [ [ [ -52.11441915626979, -32.036828092120615 ], [ -52.114454742802934, -32.036843519516438 ] ], [ [ -52.114549228266618, -32.03688448064748 ], [ -52.114549898678582, -32.036884771283006 ] ], [ [ -52.114918403540173, -32.037044524702594 ], [ -52.114927170121334, -32.037048325171639 ] ], [ [ -52.115000325802256, -32.037080039462026 ], [ -52.115041286933291, -32.037097796841742 ] ], [ [ -52.115082248064333, -32.037115554221458 ], [ -52.115123209195374, -32.037133311601174 ] ], [ [ -52.115205131457451, -32.037168826360599 ], [ -52.115232947999424, -32.037180885326883 ] ] ] } },
{ "type": "Feature", "properties": { "tipo": "avenida", "nome": "QUINZE DE NOVEMBRO", "drenagem": 1.0, "iluminacao": 1.0, "compriment": 70.331489235409549 }, "geometry": { "type": "MultiLineString", "coordinates": [ [ [ -52.119653068835269, -32.037354785730457 ], [ -52.11959167489011, -32.037383819822224 ], [ -52.119404273643823, -32.037714256678427 ] ], [ [ -52.119387028458597, -32.037744664399312 ], [ -52.119383166823503, -32.037751473460538 ] ] ] } },
{ "type": "Feature", "properties": { "tipo": "avenida", "nome": "PORTUGAL", "drenagem": 1.0, "iluminacao": 1.0, "compriment": 27.791133176093879 }, "geometry": { "type": "LineString", "coordinates": [ [ -52.119426802039435, -32.037199136983773 ], [ -52.119500629828259, -32.037232496223609 ], [ -52.11956496812244, -32.037271491508385 ], [ -52.119611921048119, -32.037313112990738 ], [ -52.119653068835269, -32.037354785730457 ] ] } },
{ "type": "Feature", "properties": { "tipo": "avenida", "nome": "PORTUGAL", "drenagem": 1.0, "iluminacao": 1.0, "compriment": 107.20054291971584 }, "geometry": { "type": "MultiLineString", "coordinates": [ [ [ -52.119653068835269, -32.037354785730457 ], [ -52.119790609027326, -32.037662742137229 ] ], [ [ -52.119792778133899, -32.037667598828619 ], [ -52.119827197334672, -32.037744664399312 ] ] ] } },
{ "type": "Feature", "properties": { "tipo": "rua", "nome": "GENERAL ABREU", "drenagem": 1.0, "iluminacao": 1.0, "compriment": 239.66377776375856 }, "geometry": { "type": "LineString", "coordinates": [ [ -52.104022742683618, -32.039402981996695 ], [ -52.105117732519481, -32.03986305398405 ], [ -52.106247772924171, -32.040360301129041 ] ] } },
{ "type": "Feature", "properties": { "tipo": "rua", "nome": "GENERAL ABREU", "drenagem": 1.0, "iluminacao": 1.0, "compriment": 118.78562466805823 }, "geometry": { "type": "LineString", "coordinates": [ [ -52.106247772924171, -32.040360301129041 ], [ -52.107372626318941, -32.040839386563249 ] ] } },
{ "type": "Feature", "properties": { "tipo": "rua", "nome": "VISCONDE DO RIO GRANDE", "drenagem": 1.0, "iluminacao": 1.0, "compriment": 95.243522374267215 }, "geometry": { "type": "LineString", "coordinates": [ [ -52.106196319465575, -32.040431965747082 ], [ -52.105764027173912, -32.041207955939726 ] ] } },
{ "type": "Feature", "properties": { "tipo": "rua", "nome": "VISCONDE DO RIO GRANDE", "drenagem": 1.0, "iluminacao": 0.0, "compriment": 21.710142448786545 }, "geometry": { "type": "LineString", "coordinates": [ [ -52.105764027173912, -32.041207955939726 ], [ -52.105657776686009, -32.04138156877957 ] ] } },
{ "type": "Feature", "properties": { "tipo": "rua", "nome": "CRISTOVAO COLOMBO", "drenagem": 1.0, "iluminacao": 1.0, "compriment": 4.7243395762047378 }, "geometry": { "type": "LineString", "coordinates": [ [ -52.108487505966941, -32.041382799451156 ], [ -52.108483373012319, -32.041390205061845 ] ] } },
{ "type": "Feature", "properties": { "tipo": "rua", "nome": "TIRADENTES", "drenagem": 1.0, "iluminacao": 1.0, "compriment": 119.14759432988551 }, "geometry": { "type": "LineString", "coordinates": [ [ -52.104473315125048, -32.038597063610005 ], [ -52.105510670606115, -32.03904409791091 ], [ -52.105551070466312, -32.039106435321621 ] ] } },
{ "type": "Feature", "properties": { "tipo": "rua", "nome": "DOIS DE NOVEMBRO", "drenagem": 1.0, "iluminacao": 1.0, "compriment": 148.54533732278182 }, "geometry": { "type": "MultiLineString", "coordinates": [ [ [ -52.106594151811549, -32.044067547242747 ], [ -52.107366565652761, -32.043199989715646 ] ], [ [ -52.107381555428873, -32.0431831535426 ], [ -52.107409707575542, -32.043151533696552 ] ] ] } },
{ "type": "Feature", "properties": { "tipo": "rua", "nome": "DOIS DE NOVEMBRO", "drenagem": 1.0, "iluminacao": 1.0, "compriment": 16.110063460411144 }, "geometry": { "type": "LineString", "coordinates": [ [ -52.106528662326383, -32.044141102376805 ], [ -52.10667340090199, -32.044217973068612 ] ] } },
{ "type": "Feature", "properties": { "tipo": "rua", "nome": "CONSELHEIRO TEIXEIRA JUNIOR", "drenagem": 1.0, "iluminacao": 1.0, "compriment": 119.91317070071931 }, "geometry": { "type": "LineString", "coordinates": [ [ -52.110295061092437, -32.043138570770616 ], [ -52.109729178290515, -32.044106609413973 ] ] } },
{ "type": "Feature", "properties": { "tipo": "avenida", "nome": "BUARQUE DE MACEDO", "drenagem": 0.0, "iluminacao": 1.0, "compriment": 40.761887859396545 }, "geometry": { "type": "MultiLineString", "coordinates": [ [ [ -52.108018382939541, -32.042160361172257 ], [ -52.108012323016034, -32.042201916126807 ], [ -52.108023567471704, -32.042261236765462 ], [ -52.108036933525504, -32.042289461933187 ] ], [ [ -52.108147813619702, -32.042414233337837 ], [ -52.108215018533521, -32.042464566788134 ] ] ] } },
{ "type": "Feature", "properties": { "tipo": "avenida", "nome": "BUARQUE DE MACEDO", "drenagem": 1.0, "iluminacao": 1.0, "compriment": 32.042981328850253 }, "geometry": { "type": "LineString", "coordinates": [ [ -52.108321475434437, -32.042290186719143 ], [ -52.108018382939541, -32.042160361172257 ] ] } },
{ "type": "Feature", "properties": { "tipo": "rua", "nome": "BADEN POWEL", "drenagem": 1.0, "iluminacao": 1.0, "compriment": 92.534046499432179 }, "geometry": { "type": "LineString", "coordinates": [ [ -52.108616538039229, -32.030778197782972 ], [ -52.108650085982973, -32.030827291286116 ] ] } },
{ "type": "Feature", "properties": { "tipo": "avenida", "nome": "BUARQUE DE MACEDO", "drenagem": 1.0, "iluminacao": 1.0, "compriment": 14.193675843456916 }, "geometry": { "type": "LineString", "coordinates": [ [ -52.108215018533521, -32.042464566788134 ], [ -52.1082054229786, -32.042484734848081 ], [ -52.108098199737405, -32.042539011315959 ] ] } },
{ "type": "Feature", "properties": { "tipo": "rua", "nome": "VENANCIO AYRES", "drenagem": 0.0, "iluminacao": 1.0, "compriment": 13.874428010972379 }, "geometry": { "type": "LineString", "coordinates": [ [ -52.121336972143887, -32.038291691271226 ], [ -52.121344861758722, -32.038277159102826 ] ] } },
{ "type": "Feature", "properties": { "tipo": "rua", "nome": "DOIS DE NOVEMBRO", "drenagem": 1.0, "iluminacao": 1.0, "compriment": 31.812294234757086 }, "geometry": { "type": "MultiLineString", "coordinates": [ [ [ -52.107926808041135, -32.042329511196613 ], [ -52.107995972394463, -32.042353572614935 ] ], [ [ -52.108038351075642, -32.042373272206795 ], [ -52.108071658375053, -32.04240196216692 ], [ -52.108091316639239, -32.042456335275133 ], [ -52.108103602877868, -32.04249884955896 ], [ -52.108098199737405, -32.042539011315959 ] ] ] } },
{ "type": "Feature", "properties": { "tipo": "rua", "nome": "DOIS DE NOVEMBRO", "drenagem": 1.0, "iluminacao": 1.0, "compriment": 89.342163318555365 }, "geometry": { "type": "MultiLineString", "coordinates": [ [ [ -52.10766828334615, -32.042860276009158 ], [ -52.10770052656472, -32.042823844648233 ] ], [ [ -52.107709244477185, -32.042813994347 ], [ -52.107736778811883, -32.042782883517191 ] ], [ [ -52.107750205608227, -32.042767712684835 ], [ -52.107962661737588, -32.042527660162982 ], [ -52.107988667295736, -32.042487318357416 ], [ -52.107981071640403, -32.042433904061248 ], [ -52.107926808041135, -32.042329511196613 ] ] ] } },
{ "type": "Feature", "properties": { "tipo": "rua", "nome": "SENADOR CORREA", "drenagem": 1.0, "iluminacao": 1.0, "compriment": 116.28714704812958 }, "geometry": { "type": "MultiLineString", "coordinates": [ [ [ -52.102569837378169, -32.039830274572289 ], [ -52.101728919345391, -32.039509921605521 ] ], [ [ -52.101717200984091, -32.03950599303402 ], [ -52.101687958214349, -32.039499580576766 ] ] ] } },
{ "type": "Feature", "properties": { "tipo": "avenida", "nome": "MAJOR CARLOS PINTO", "drenagem": 0.0, "iluminacao": 1.0, "compriment": 222.352902169206 }, "geometry": { "type": "MultiLineString", "coordinates": [ [ [ -52.110551047154026, -32.027610004718262 ], [ -52.110389060908098, -32.027927577350354 ], [ -52.110351898240118, -32.027995915211861 ] ], [ [ -52.11028979573269, -32.028110114562516 ], [ -52.110285073281915, -32.028118798604986 ] ], [ [ -52.110248834601649, -32.028185437359632 ], [ -52.110240523309784, -32.028200720867062 ] ], [ [ -52.110207873470607, -32.028260760156741 ], [ -52.110195973337653, -32.028282643129138 ] ], [ [ -52.110166912339572, -32.028336082953842 ], [ -52.11014563908325, -32.028375202019383 ] ], [ [ -52.110084990077489, -32.028484710831968 ], [ -52.110083355427861, -32.02848744878434 ] ], [ [ -52.110044028946447, -32.028553318577714 ], [ -52.110030366660993, -32.028576202189143 ] ], [ [ -52.109927612025359, -32.028748310813505 ], [ -52.109908349333793, -32.028780574811385 ] ], [ [ -52.109804290972427, -32.028954867107949 ], [ -52.109786332006593, -32.028984947433628 ] ], [ [ -52.109552495373975, -32.029376611526594 ], [ -52.109545341633144, -32.029388593667214 ] ] ] } },
{ "type": "Feature", "properties": { "tipo": "rua", "nome": "SEM DENOMINACAO", "drenagem": 0.0, "iluminacao": 0.0, "compriment": 30.4358932353638 }, "geometry": { "type": "LineString", "coordinates": [ [ -52.123221915452199, -32.039377680015797 ], [ -52.123121322471533, -32.03951982458149 ] ] } },
{ "type": "Feature", "properties": { "tipo": "rua", "nome": "COSTA RICA", "drenagem": 1.0, "iluminacao": 1.0, "compriment": 118.29752693380982 }, "geometry": { "type": "LineString", "coordinates": [ [ -52.133984131384224, -32.052610756588436 ], [ -52.133417641767117, -32.053562253172096 ] ] } },
{ "type": "Feature", "properties": { "tipo": "rua", "nome": "CAMPOS SALES", "drenagem": 0.0, "iluminacao": 1.0, "compriment": 96.575224088033835 }, "geometry": { "type": "MultiLineString", "coordinates": [ [ [ -52.145492223137211, -32.053629175322001 ], [ -52.145475407295791, -32.05366336206243 ] ], [ [ -52.145278669824009, -32.054063330919952 ], [ -52.145273247185017, -32.054074355188504 ] ] ] } },
{ "type": "Feature", "properties": { "tipo": "rua", "nome": "DOUTOR GUAIBA RACHE", "drenagem": 0.0, "iluminacao": 1.0, "compriment": 110.02283667973488 }, "geometry": { "type": "LineString", "coordinates": [ [ -52.118749409631519, -32.050075902182712 ], [ -52.119768959220657, -32.050555958792877 ] ] } },
{ "type": "Feature", "properties": { "tipo": "rua", "nome": "GOMES FREIRE", "drenagem": 1.0, "iluminacao": 1.0, "compriment": 124.58525707161094 }, "geometry": { "type": "LineString", "coordinates": [ [ -52.103999791319978, -32.033185300174488 ], [ -52.1053035798938, -32.033355080706549 ] ] } },
{ "type": "Feature", "properties": { "tipo": "rua", "nome": "GOMES FREIRE", "drenagem": 1.0, "iluminacao": 1.0, "compriment": 95.552661521010151 }, "geometry": { "type": "LineString", "coordinates": [ [ -52.1053035798938, -32.033355080706549 ], [ -52.10630516761865, -32.033475897210565 ] ] } },
{ "type": "Feature", "properties": { "tipo": "rua", "nome": "SEM DENOMINACAO", "drenagem": 0.0, "iluminacao": 0.0, "compriment": 27.90031244839119 }, "geometry": { "type": "LineString", "coordinates": [ [ -52.123994940257205, -32.039710798689214 ], [ -52.123909154720771, -32.039861211689946 ] ] } },
{ "type": "Feature", "properties": { "tipo": "rua", "nome": "COMENDADOR HENRIQUE PANCADA", "drenagem": 0.0, "iluminacao": 1.0, "compriment": 51.82738578643427 }, "geometry": { "type": "LineString", "coordinates": [ [ -52.123909154720771, -32.039861211689946 ], [ -52.124401065026127, -32.040068307845274 ] ] } },
{ "type": "Feature", "properties": { "tipo": "rua", "nome": "SEM DENOMINACAO", "drenagem": 0.0, "iluminacao": 0.0, "compriment": 38.689656535836136 }, "geometry": { "type": "LineString", "coordinates": [ [ -52.124419288104676, -32.040034292064128 ], [ -52.124401065026127, -32.040068307845274 ] ] } },
{ "type": "Feature", "properties": { "tipo": "rua", "nome": "JOSE VERISSIMO", "drenagem": 0.0, "iluminacao": 1.0, "compriment": 105.16945154173078 }, "geometry": { "type": "MultiLineString", "coordinates": [ [ [ -52.121931611950544, -32.048311469814145 ], [ -52.121813509008085, -32.048517441862749 ] ], [ [ -52.121531667070698, -32.049008975435228 ], [ -52.121513145637564, -32.049041276895679 ] ], [ [ -52.121508180242579, -32.04904993656627 ], [ -52.121442946427827, -32.049163704624739 ] ] ] } },
{ "type": "Feature", "properties": { "tipo": "rua", "nome": "GOMES FREIRE", "drenagem": 1.0, "iluminacao": 1.0, "compriment": 75.625997370188756 }, "geometry": { "type": "LineString", "coordinates": [ [ -52.10630516761865, -32.033475897210565 ], [ -52.107068658171734, -32.033589384130622 ] ] } },
{ "type": "Feature", "properties": { "tipo": "rua", "nome": "VISCONDE DE PARANAGUA", "drenagem": 1.0, "iluminacao": 1.0, "compriment": 84.307435615440454 }, "geometry": { "type": "MultiLineString", "coordinates": [ [ [ -52.10164539380488, -32.032134132117818 ], [ -52.101567135310198, -32.032624523019351 ] ], [ [ -52.101565074821231, -32.032637434653374 ], [ -52.101540988361343, -32.03278836754351 ] ] ] } },
{ "type": "Feature", "properties": { "tipo": "rua", "nome": "COMENDADOR HENRIQUE PANCADA", "drenagem": 0.0, "iluminacao": 1.0, "compriment": 20.525067895555534 }, "geometry": { "type": "LineString", "coordinates": [ [ -52.124401065026127, -32.040068307845274 ], [ -52.124503308203465, -32.040111352203503 ] ] } },
{ "type": "Feature", "properties": { "tipo": "rua", "nome": "VISCONDE DE PARANAGUA", "drenagem": 1.0, "iluminacao": 1.0, "compriment": 110.95869879870436 }, "geometry": { "type": "MultiLineString", "coordinates": [ [ [ -52.101339780385715, -32.033730473557419 ], [ -52.101319308034995, -32.033846208114923 ] ], [ [ -52.101303552198615, -32.033935279212621 ], [ -52.101278346903953, -32.034077770109938 ] ], [ [ -52.101274569648936, -32.03409912373678 ], [ -52.101169988393956, -32.034690343838115 ] ] ] } },
{ "type": "Feature", "properties": { "tipo": "rua", "nome": "ARTHUR ROCHA", "drenagem": 0.0, "iluminacao": 1.0, "compriment": 52.264357726422993 }, "geometry": { "type": "LineString", "coordinates": [ [ -52.13724290999933, -32.055275362486569 ], [ -52.137772345534188, -32.055412653725369 ] ] } },
{ "type": "Feature", "properties": { "tipo": "rua", "nome": "GENERAL PORTINHO", "drenagem": 1.0, "iluminacao": 0.0, "compriment": 107.51586572379415 }, "geometry": { "type": "MultiLineString", "coordinates": [ [ [ -52.103273241148038, -32.036613696112411 ], [ -52.103084478220978, -32.037457936482035 ] ], [ [ -52.103080636669702, -32.037475117783053 ], [ -52.103060278439955, -32.037566169769136 ] ] ] } },
{ "type": "Feature", "properties": { "tipo": "rua", "nome": "GARIBALDI", "drenagem": 0.0, "iluminacao": 1.0, "compriment": 112.23505097102181 }, "geometry": { "type": "MultiLineString", "coordinates": [ [ [ -52.102266649122662, -32.038127912226493 ], [ -52.103121597800744, -32.038505008414056 ] ], [ [ -52.103162220119614, -32.038522925889069 ], [ -52.103321829576565, -32.038593325574169 ] ] ] } },
{ "type": "Feature", "properties": { "tipo": "rua", "nome": "GARIBALDI", "drenagem": 0.0, "iluminacao": 1.0, "compriment": 70.892012982368328 }, "geometry": { "type": "MultiLineString", "coordinates": [ [ [ -52.103321829576565, -32.038593325574169 ], [ -52.103449286849056, -32.038649461449872 ] ], [ [ -52.103533997359925, -32.038686770413221 ], [ -52.103576070719804, -32.038705300739927 ] ], [ [ -52.103613131373216, -32.038721623325472 ], [ -52.103627000167407, -32.038727731544263 ] ], [ [ -52.103695053635299, -32.038757704263276 ], [ -52.103720002974896, -32.038768692675305 ] ], [ [ -52.103736014766334, -32.03877574473217 ], [ -52.103899859290493, -32.038847906607778 ] ], [ [ -52.103906008589853, -32.038850614937381 ], [ -52.103981781552577, -32.038883987545582 ] ] ] } },
{ "type": "Feature", "properties": { "tipo": "rua", "nome": "JOÃO DA SILVA SILVEIRA", "drenagem": 0.0, "iluminacao": 1.0, "compriment": 106.58501275233991 }, "geometry": { "type": "LineString", "coordinates": [ [ -52.165327490067149, -32.060273286471144 ], [ -52.165440976211805, -32.059768970580961 ] ] } },
{ "type": "Feature", "properties": { "tipo": "rua", "nome": "GOMES FREIRE", "drenagem": 1.0, "iluminacao": 1.0, "compriment": 102.78389584808654 }, "geometry": { "type": "MultiLineString", "coordinates": [ [ [ -52.101687958214349, -32.032905004174111 ], [ -52.10176566381886, -32.032913359265414 ] ], [ [ -52.101769880476432, -32.032913812650463 ], [ -52.102604730946112, -32.033003577757427 ] ] ] } },
{ "type": "Feature", "properties": { "tipo": "rua", "nome": "VINTE E QUATRO DE MAIO", "drenagem": 1.0, "iluminacao": 1.0, "compriment": 141.03212732738135 }, "geometry": { "type": "LineString", "coordinates": [ [ -52.099834648890834, -32.031068000039838 ], [ -52.099813351188324, -32.031122869150238 ] ] } },
{ "type": "Feature", "properties": { "tipo": "rua", "nome": "VINTE E QUATRO DE MAIO", "drenagem": 1.0, "iluminacao": 1.0, "compriment": 79.318649776889117 }, "geometry": { "type": "MultiLineString", "coordinates": [ [ [ -52.099885668448607, -32.032995459163068 ], [ -52.099906026594859, -32.033075095460788 ] ], [ [ -52.099926629579642, -32.033155689509499 ], [ -52.099931707374736, -32.033175552654058 ] ] ] } },
{ "type": "Feature", "properties": { "tipo": "rua", "nome": "VINTE E QUATRO DE MAIO", "drenagem": 1.0, "iluminacao": 1.0, "compriment": 105.31402048411613 }, "geometry": { "type": "MultiLineString", "coordinates": [ [ [ -52.100116345852349, -32.033934493634163 ], [ -52.100126020976319, -32.033976240343662 ] ], [ [ -52.100131435234843, -32.033999602057541 ], [ -52.100163993216562, -32.034140084867815 ] ], [ [ -52.100172396365885, -32.034176343197416 ], [ -52.100201965456804, -32.034303929391974 ] ], [ [ -52.100213357496926, -32.034353084337283 ], [ -52.100230444636992, -32.0344268127851 ] ], [ [ -52.100254318627961, -32.034529825477129 ], [ -52.100268416877235, -32.034590657309252 ] ], [ [ -52.100295279759003, -32.034706566616997 ], [ -52.100315882177547, -32.034795462964453 ] ] ] } },
{ "type": "Feature", "properties": { "tipo": "rua", "nome": "SEM DENOMINACAO", "drenagem": 0.0, "iluminacao": 0.0, "compriment": 41.415613103067713 }, "geometry": { "type": "LineString", "coordinates": [ [ -52.122414290520439, -32.038866165883078 ], [ -52.122252609484185, -32.039137342854659 ] ] } },
{ "type": "Feature", "properties": { "tipo": "rua", "nome": "SEM DENOMINACAO", "drenagem": 0.0, "iluminacao": 1.0, "compriment": 43.640337835830678 }, "geometry": { "type": "LineString", "coordinates": [ [ -52.122168523734203, -32.038688225021282 ], [ -52.122094620148097, -32.038817726458817 ], [ -52.121982126012227, -32.039014459461541 ] ] } },
{ "type": "Feature", "properties": { "tipo": "avenida", "nome": "PORTUGAL", "drenagem": 1.0, "iluminacao": 1.0, "compriment": 20.643648156304376 }, "geometry": { "type": "LineString", "coordinates": [ [ -52.119156770450672, -32.036893890964116 ], [ -52.119079998284882, -32.037068194735362 ] ] } },
{ "type": "Feature", "properties": { "tipo": "rua", "nome": "ISRAEL NISENSON", "drenagem": 0.0, "iluminacao": 1.0, "compriment": 116.39918205407741 }, "geometry": { "type": "LineString", "coordinates": [ [ -52.142732300816391, -32.051971609756272 ], [ -52.143822991463765, -32.052460495306846 ] ] } },
{ "type": "Feature", "properties": { "tipo": "rua", "nome": "VINTE E QUATRO DE MAIO", "drenagem": 1.0, "iluminacao": 1.0, "compriment": 107.54521097017117 }, "geometry": { "type": "MultiLineString", "coordinates": [ [ [ -52.101032580117717, -32.037806996280125 ], [ -52.101055908481094, -32.037908508923472 ] ], [ [ -52.101073541248759, -32.037985237360303 ], [ -52.101093561176071, -32.038072353447632 ] ], [ [ -52.101114502379794, -32.038163478440445 ], [ -52.101150040218535, -32.038318120233868 ] ], [ [ -52.101155463510835, -32.038341719520623 ], [ -52.101187692913513, -32.038481964758027 ] ] ] } },
{ "type": "Feature", "properties": { "tipo": "rua", "nome": "VINTE E QUATRO DE MAIO", "drenagem": 1.0, "iluminacao": 1.0, "compriment": 109.76739058271889 }, "geometry": { "type": "MultiLineString", "coordinates": [ [ [ -52.101196424641877, -32.038519391713926 ], [ -52.101207075074456, -32.038563887020103 ] ], [ [ -52.101237385772919, -32.038690518853947 ], [ -52.101246293032659, -32.038727731544263 ] ], [ [ -52.101278346903953, -32.03886164599394 ], [ -52.101295315480407, -32.038932537199464 ] ], [ [ -52.101319308034995, -32.039032773133968 ], [ -52.101324728949059, -32.039055420592582 ] ], [ [ -52.101360269166037, -32.039203900273989 ], [ -52.101363946907263, -32.039219265116742 ] ] ] } },
{ "type": "Feature", "properties": { "tipo": "avenida", "nome": "JOSE BONIFACIO", "drenagem": 1.0, "iluminacao": 1.0, "compriment": 53.838792480110961 }, "geometry": { "type": "MultiLineString", "coordinates": [ [ [ -52.138430092756963, -32.05713989923953 ], [ -52.138507063868779, -32.057160240512125 ] ], [ [ -52.138593937281122, -32.057183198680718 ], [ -52.138662060257673, -32.057201201643167 ] ], [ [ -52.13871682067424, -32.057215673261602 ], [ -52.138751480493383, -32.057224832864634 ] ], [ [ -52.138798742936316, -32.057237322982196 ], [ -52.138817056646566, -32.057242162774209 ] ] ] } },
{ "type": "Feature", "properties": { "tipo": "avenida", "nome": "JOSE BONIFACIO", "drenagem": 1.0, "iluminacao": 1.0, "compriment": 82.192615483747772 }, "geometry": { "type": "MultiLineString", "coordinates": [ [ [ -52.138921626329434, -32.057269829100257 ], [ -52.138968969747843, -32.05728312390525 ] ], [ [ -52.139085470853594, -32.057315839318186 ], [ -52.139114834238931, -32.057324085036285 ] ] ] } },
{ "type": "Feature", "properties": { "tipo": "avenida", "nome": "JOSE BONIFACIO", "drenagem": 1.0, "iluminacao": 1.0, "compriment": 95.950443716015542 }, "geometry": { "type": "LineString", "coordinates": [ [ -52.141379294191822, -32.05792679352362 ], [ -52.141424341426671, -32.057938502001882 ] ] } },
{ "type": "Feature", "properties": { "tipo": "rua", "nome": "ENGENHEIRO ELMER LAWSORENCE CORTHEILL", "drenagem": 0.0, "iluminacao": 1.0, "compriment": 97.293011625706157 }, "geometry": { "type": "LineString", "coordinates": [ [ -52.144214862383244, -32.051701947983702 ], [ -52.145126744504324, -32.052110222927723 ] ] } },
{ "type": "Feature", "properties": { "tipo": "rua", "nome": "ENGENHEIRO ELMER LAWSORENCE CORTHEILL", "drenagem": 0.0, "iluminacao": 0.0, "compriment": 98.311758794156404 }, "geometry": { "type": "LineString", "coordinates": [ [ -52.145126744504324, -32.052110222927723 ], [ -52.146054383886622, -32.052512560279929 ] ] } },
{ "type": "Feature", "properties": { "tipo": "rua", "nome": "PERU", "drenagem": 1.0, "iluminacao": 1.0, "compriment": 101.78854968789416 }, "geometry": { "type": "LineString", "coordinates": [ [ -52.138115545005071, -32.050998379315423 ], [ -52.138605646416799, -32.050180830170156 ] ] } },
{ "type": "Feature", "properties": { "tipo": "rua", "nome": "PERU", "drenagem": 1.0, "iluminacao": 1.0, "compriment": 107.02139763355642 }, "geometry": { "type": "LineString", "coordinates": [ [ -52.138605646416799, -32.050180830170156 ], [ -52.139100872806296, -32.049312738043575 ] ] } },
{ "type": "Feature", "properties": { "tipo": "rua", "nome": "PERU", "drenagem": 1.0, "iluminacao": 1.0, "compriment": 94.426925678654825 }, "geometry": { "type": "MultiLineString", "coordinates": [ [ [ -52.139100872806296, -32.049312738043575 ], [ -52.139467297513868, -32.048707639348734 ] ], [ [ -52.139483255863162, -32.048681286386909 ], [ -52.13949508216399, -32.048661756920019 ] ], [ [ -52.139532864862787, -32.048599364124833 ], [ -52.139538278090406, -32.048590424943328 ] ] ] } },
{ "type": "Feature", "properties": { "tipo": "rua", "nome": "GUARDA MARINHA LIMA BARRETO", "drenagem": 0.0, "iluminacao": 1.0, "compriment": 112.97622173966685 }, "geometry": { "type": "LineString", "coordinates": [ [ -52.158173357918095, -32.058109624741832 ], [ -52.158151626784701, -32.058154173223777 ] ] } },
{ "type": "Feature", "properties": { "tipo": "rua", "nome": "VINTE E QUATRO DE MAIO", "drenagem": 1.0, "iluminacao": 1.0, "compriment": 106.50830578197849 }, "geometry": { "type": "MultiLineString", "coordinates": [ [ [ -52.101442191428113, -32.039548460655972 ], [ -52.101460830157251, -32.039628876427138 ] ], [ [ -52.101483152559155, -32.03972518520176 ], [ -52.10150829991445, -32.039833682082339 ] ], [ [ -52.101524113690196, -32.039901909747556 ], [ -52.101546275720217, -32.039997526606491 ] ], [ [ -52.101565074821231, -32.040078634293316 ], [ -52.101565263623094, -32.040079448868575 ] ] ] } },
{ "type": "Feature", "properties": { "tipo": "rua", "nome": "ENGENHEIRO ELMER LAWSORENCE CORTHEILL", "drenagem": 0.0, "iluminacao": 1.0, "compriment": 148.83158278571128 }, "geometry": { "type": "LineString", "coordinates": [ [ -52.148859778106022, -32.053760466635836 ], [ -52.148879655558936, -32.053769415409548 ] ] } },
{ "type": "Feature", "properties": { "tipo": "avenida", "nome": "PORTUGAL", "drenagem": 1.0, "iluminacao": 1.0, "compriment": 121.82161413155056 }, "geometry": { "type": "MultiLineString", "coordinates": [ [ [ -52.115082248064333, -32.035373566089184 ], [ -52.115123209195374, -32.035389047721807 ] ], [ [ -52.115286701323718, -32.035450841061092 ], [ -52.11536897598161, -32.035481937517545 ] ], [ [ -52.115450898243694, -32.035512900782791 ], [ -52.115491859374728, -32.035528382415414 ] ], [ [ -52.115611824835604, -32.03557372445421 ], [ -52.11569666502993, -32.035605790578529 ] ], [ [ -52.115737626160971, -32.035621272211152 ], [ -52.115819548423048, -32.035652235476398 ] ], [ [ -52.115942431816165, -32.035698680374267 ], [ -52.116024354078249, -32.03572964363952 ] ], [ [ -52.116045322851448, -32.035737568978369 ], [ -52.116075544687916, -32.035748991596776 ] ] ] } },
{ "type": "Feature", "properties": { "tipo": "rua", "nome": "VINTE E QUATRO DE MAIO", "drenagem": 1.0, "iluminacao": 1.0, "compriment": 76.060369435183674 }, "geometry": { "type": "MultiLineString", "coordinates": [ [ [ -52.101946645066988, -32.040932255211381 ], [ -52.101950264950361, -32.040935497632965 ] ], [ [ -52.102015647262668, -32.040994062232656 ], [ -52.102046340429297, -32.041021554882484 ] ] ] } },
{ "type": "Feature", "properties": { "tipo": "rua", "nome": "CRISTOVAO PEREIRA", "drenagem": 1.0, "iluminacao": 1.0, "compriment": 114.9709362324995 }, "geometry": { "type": "LineString", "coordinates": [ [ -52.157462692325325, -32.054411774783588 ], [ -52.158580580596983, -32.054822398567673 ] ] } },
{ "type": "Feature", "properties": { "tipo": "rua", "nome": "GENERAL VITORINO", "drenagem": 1.0, "iluminacao": 1.0, "compriment": 6.4597371545191882 }, "geometry": { "type": "LineString", "coordinates": [ [ -52.097240597999807, -32.035446761916575 ], [ -52.097307270219297, -32.035433793643762 ] ] } },
{ "type": "Feature", "properties": { "tipo": "rua", "nome": "RODRIGUES DUARTE", "drenagem": 0.0, "iluminacao": 1.0, "compriment": 111.49589550854172 }, "geometry": { "type": "LineString", "coordinates": [ [ -52.15245452430193, -32.051589526690726 ], [ -52.152048156121239, -32.052384337166757 ] ] } },
{ "type": "Feature", "properties": { "tipo": "rua", "nome": "BENJAMIN CONSTANT", "drenagem": 1.0, "iluminacao": 1.0, "compriment": 100.51765124710326 }, "geometry": { "type": "LineString", "coordinates": [ [ -52.092982459218319, -32.031559533612317 ], [ -52.093047227834113, -32.031805300398553 ] ] } },
{ "type": "Feature", "properties": { "tipo": "rua", "nome": "BENJAMIN CONSTANT", "drenagem": 1.0, "iluminacao": 1.0, "compriment": 86.288772033637002 }, "geometry": { "type": "MultiLineString", "coordinates": [ [ [ -52.09333188748225, -32.032894774572377 ], [ -52.093357854381985, -32.032993173198705 ] ], [ [ -52.093372848613292, -32.033049992140441 ], [ -52.093517457865715, -32.033597972528433 ] ] ] } },
{ "type": "Feature", "properties": { "tipo": "rua", "nome": "NICARAGUA", "drenagem": 0.0, "iluminacao": 1.0, "compriment": 122.26297057297104 }, "geometry": { "type": "LineString", "coordinates": [ [ -52.135786915208008, -32.05096668492078 ], [ -52.135215720383243, -32.051956146926571 ] ] } },
{ "type": "Feature", "properties": { "tipo": "rua", "nome": "NICARAGUA", "drenagem": 0.0, "iluminacao": 1.0, "compriment": 116.92097081591139 }, "geometry": { "type": "LineString", "coordinates": [ [ -52.134669222204487, -32.052912125469454 ], [ -52.134103768197704, -32.053850136417338 ] ] } },
{ "type": "Feature", "properties": { "tipo": "rua", "nome": "SATURNINO DE BRITTO", "drenagem": 1.0, "iluminacao": 1.0, "compriment": 79.253344327786849 }, "geometry": { "type": "LineString", "coordinates": [ [ -52.150354398987787, -32.053061818859021 ], [ -52.15034978188951, -32.053070851326915 ] ] } },
{ "type": "Feature", "properties": { "tipo": "rua", "nome": "BENJAMIN CONSTANT", "drenagem": 1.0, "iluminacao": 1.0, "compriment": 81.425410224593108 }, "geometry": { "type": "MultiLineString", "coordinates": [ [ [ -52.0935285422295, -32.033648551295343 ], [ -52.093558299913703, -32.033771434688461 ] ], [ [ -52.093577654268493, -32.033851357869707 ], [ -52.093607896054046, -32.033976240343662 ] ], [ [ -52.093618615399535, -32.034020505533682 ], [ -52.093637653738249, -32.03409912373678 ] ], [ [ -52.09365957653057, -32.034189653197622 ], [ -52.093701495290809, -32.034362755360348 ] ] ] } },
{ "type": "Feature", "properties": { "tipo": "rua", "nome": "BENJAMIN CONSTANT", "drenagem": 1.0, "iluminacao": 1.0, "compriment": 98.616419171710291 }, "geometry": { "type": "LineString", "coordinates": [ [ -52.094132816987084, -32.036032345455261 ], [ -52.094335504366285, -32.036802558385396 ] ] } },
{ "type": "Feature", "properties": { "tipo": "rua", "nome": "PADRE ALIEVI", "drenagem": 0.0, "iluminacao": 1.0, "compriment": 99.33887294432337 }, "geometry": { "type": "MultiLineString", "coordinates": [ [ [ -52.161859859711669, -32.058635109323575 ], [ -52.1618696863761, -32.05859388009852 ] ], [ [ -52.16190082084271, -32.058463250835722 ], [ -52.161918500207676, -32.058389074443319 ] ] ] } },
{ "type": "Feature", "properties": { "tipo": "rua", "nome": "DOUTOR OTHELO GONCALVES", "drenagem": 0.0, "iluminacao": 1.0, "compriment": 171.27722642318494 }, "geometry": { "type": "LineString", "coordinates": [ [ -52.170725092671454, -32.06199392890467 ], [ -52.17160834789383, -32.060644843400937 ] ] } },
{ "type": "Feature", "properties": { "tipo": "rua", "nome": "DOUTOR OTHELO GONCALVES", "drenagem": 0.0, "iluminacao": 1.0, "compriment": 115.6359058796011 }, "geometry": { "type": "LineString", "coordinates": [ [ -52.17160834789383, -32.060644843400937 ], [ -52.17218466093707, -32.059724734183433 ] ] } },
{ "type": "Feature", "properties": { "tipo": "rua", "nome": "RIO AMAZONAS", "drenagem": 1.0, "iluminacao": 1.0, "compriment": 119.37784607263642 }, "geometry": { "type": "MultiLineString", "coordinates": [ [ [ -52.135872492429847, -32.050011298643938 ], [ -52.136955492039533, -32.050469119881299 ] ], [ [ -52.136995806645302, -32.050486162253733 ], [ -52.137004731825947, -32.050489935235007 ] ] ] } },
{ "type": "Feature", "properties": { "tipo": "rua", "nome": "PADRE VIEIRA", "drenagem": 1.0, "iluminacao": 1.0, "compriment": 41.576236970336851 }, "geometry": { "type": "LineString", "coordinates": [ [ -52.144328495626674, -32.053701150462125 ], [ -52.144209251526661, -32.054009716565929 ] ] } },
{ "type": "Feature", "properties": { "tipo": "rua", "nome": "GUARDA MARINHA LIMA BARRETO", "drenagem": 0.0, "iluminacao": 1.0, "compriment": 159.92149344886289 }, "geometry": { "type": "MultiLineString", "coordinates": [ [ [ -52.160298524347496, -32.05403575117419 ], [ -52.159811803159684, -32.055014157804024 ] ], [ [ -52.159803792066754, -32.055030261698064 ], [ -52.159697804568339, -32.055243317701638 ] ] ] } },
{ "type": "Feature", "properties": { "tipo": "rua", "nome": "GUARDA MARINHA LIMA BARRETO", "drenagem": 0.0, "iluminacao": 0.0, "compriment": 86.782817898266046 }, "geometry": { "type": "LineString", "coordinates": [ [ -52.159522379533897, -32.0554587794052 ], [ -52.159155413445362, -32.056176290493681 ] ] } },
{ "type": "Feature", "properties": { "tipo": "rua", "nome": "GUARDA MARINHA LIMA BARRETO", "drenagem": 0.0, "iluminacao": 1.0, "compriment": 111.09614680601619 }, "geometry": { "type": "LineString", "coordinates": [ [ -52.159155413445362, -32.056176290493681 ], [ -52.158755873651735, -32.056971385472906 ] ] } },
{ "type": "Feature", "properties": { "tipo": "rua", "nome": "COELHO NETO", "drenagem": 0.0, "iluminacao": 1.0, "compriment": 58.741559428764745 }, "geometry": { "type": "LineString", "coordinates": [ [ -52.161818067204102, -32.056013328843015 ], [ -52.161596897479583, -32.056430500305297 ] ] } },
{ "type": "Feature", "properties": { "tipo": "rua", "nome": "ALBERTO DE OLIVEIRA", "drenagem": 0.0, "iluminacao": 1.0, "compriment": 110.85238599100877 }, "geometry": { "type": "LineString", "coordinates": [ [ -52.157919636045236, -32.053555660980635 ], [ -52.157462692325325, -32.054411774783588 ] ] } },
{ "type": "Feature", "properties": { "tipo": "rua", "nome": "FELIPE CAMARAO", "drenagem": 0.0, "iluminacao": 1.0, "compriment": 109.84095490944667 }, "geometry": { "type": "LineString", "coordinates": [ [ -52.159138338304345, -32.053953162601374 ], [ -52.158580580596983, -32.054822398567673 ] ] } },
{ "type": "Feature", "properties": { "tipo": "rua", "nome": "ALBERTO DE OLIVEIRA", "drenagem": 0.0, "iluminacao": 1.0, "compriment": 59.650691002539837 }, "geometry": { "type": "LineString", "coordinates": [ [ -52.157462692325325, -32.054411774783588 ], [ -52.15720876671876, -32.054904330117253 ] ] } },
{ "type": "Feature", "properties": { "tipo": "rua", "nome": "DOUTOR NASCIMENTO", "drenagem": 1.0, "iluminacao": 1.0, "compriment": 124.1137071881262 }, "geometry": { "type": "LineString", "coordinates": [ [ -52.094560721413444, -32.036865465061204 ], [ -52.095648647873631, -32.036676364953209 ] ] } },
{ "type": "Feature", "properties": { "tipo": "rua", "nome": "GENERAL CAMISAO", "drenagem": 0.0, "iluminacao": 1.0, "compriment": 110.76235351841861 }, "geometry": { "type": "LineString", "coordinates": [ [ -52.154489009010341, -32.052696015450259 ], [ -52.154225592777792, -32.053206906723346 ] ] } },
{ "type": "Feature", "properties": { "tipo": "rua", "nome": "GENERAL CAMISAO", "drenagem": 0.0, "iluminacao": 0.0, "compriment": 113.10405726287983 }, "geometry": { "type": "LineString", "coordinates": [ [ -52.154225592777792, -32.053206906723346 ], [ -52.153772737730421, -32.054151166952479 ] ] } },
{ "type": "Feature", "properties": { "tipo": "rua", "nome": "BARÃO DO LADÁRIO", "drenagem": 0.0, "iluminacao": 1.0, "compriment": 113.04414834807393 }, "geometry": { "type": "LineString", "coordinates": [ [ -52.159155413445362, -32.056176290493681 ], [ -52.160259617674242, -32.056569953009365 ] ] } },
{ "type": "Feature", "properties": { "tipo": "rua", "nome": "MARECHAL EURICO GASPAR DUTRA", "drenagem": 0.0, "iluminacao": 1.0, "compriment": 171.73099179345439 }, "geometry": { "type": "LineString", "coordinates": [ [ -52.171590030104596, -32.062409342081665 ], [ -52.172454084354982, -32.061046615182434 ] ] } },
{ "type": "Feature", "properties": { "tipo": "rua", "nome": "DOUTOR NASCIMENTO", "drenagem": 1.0, "iluminacao": 1.0, "compriment": 47.588337311964374 }, "geometry": { "type": "LineString", "coordinates": [ [ -52.095648647873631, -32.036676364953209 ], [ -52.096140129675106, -32.03658198079502 ] ] } },
{ "type": "Feature", "properties": { "tipo": "rua", "nome": "DOUTOR NASCIMENTO", "drenagem": 1.0, "iluminacao": 1.0, "compriment": 125.69515269557849 }, "geometry": { "type": "LineString", "coordinates": [ [ -52.096140129675106, -32.03658198079502 ], [ -52.097437255509234, -32.036328848068941 ] ] } },
{ "type": "Feature", "properties": { "tipo": "rua", "nome": "VEIGA CABRAL", "drenagem": 1.0, "iluminacao": 1.0, "compriment": 84.460701330472773 }, "geometry": { "type": "MultiLineString", "coordinates": [ [ [ -52.11689333587843, -32.048435519600673 ], [ -52.116884537830082, -32.048450564017749 ] ], [ [ -52.116845427340728, -32.048517441862749 ], [ -52.11684357669904, -32.048520606408374 ] ], [ [ -52.11682147307188, -32.048558402993791 ], [ -52.116802615567998, -32.048590648799006 ] ], [ [ -52.116797518803025, -32.048599364124833 ], [ -52.116537386567359, -32.049044182986101 ] ] ] } },
{ "type": "Feature", "properties": { "tipo": "rua", "nome": "ERNESTO ALVES", "drenagem": 1.0, "iluminacao": 1.0, "compriment": 28.758367231669933 }, "geometry": { "type": "MultiLineString", "coordinates": [ [ [ -52.118195294023351, -32.048758023352406 ], [ -52.118113371761268, -32.048911708653037 ] ], [ [ -52.118105192333616, -32.048927053173152 ], [ -52.118075831973137, -32.0489821329001 ] ] ] } },
{ "type": "Feature", "properties": { "tipo": "rua", "nome": "INTENDENTE MESQUITA", "drenagem": 0.0, "iluminacao": 1.0, "compriment": 29.120064079907468 }, "geometry": { "type": "MultiLineString", "coordinates": [ [ [ -52.119216040292521, -32.049311881748878 ], [ -52.119144803872807, -32.049418586745624 ] ], [ [ -52.119117458158811, -32.049459547876666 ], [ -52.119063635845841, -32.049540168291799 ] ] ] } },
{ "type": "Feature", "properties": { "tipo": "rua", "nome": "ERNESTO ALVES", "drenagem": 0.0, "iluminacao": 1.0, "compriment": 75.507403395211298 }, "geometry": { "type": "LineString", "coordinates": [ [ -52.117678459527689, -32.0495730066908 ], [ -52.118075831973137, -32.0489821329001 ] ] } },
{ "type": "Feature", "properties": { "tipo": "rua", "nome": "GENERAL CAMISAO", "drenagem": 0.0, "iluminacao": 1.0, "compriment": 112.10556397839794 }, "geometry": { "type": "MultiLineString", "coordinates": [ [ [ -52.153772737730421, -32.054151166952479 ], [ -52.153717761324657, -32.054252000208308 ] ], [ [ -52.153708594634764, -32.054268813005983 ], [ -52.153673095589284, -32.054333922470391 ] ], [ [ -52.153628429853917, -32.054415844732468 ], [ -52.153626672372688, -32.054419068161721 ] ], [ [ -52.153561431250864, -32.054538728125586 ], [ -52.153544750110612, -32.054569323317459 ] ], [ [ -52.153494432647811, -32.054661611518704 ], [ -52.153472099780124, -32.054702572649745 ] ], [ [ -52.153462827848529, -32.054719578473204 ], [ -52.153421866717487, -32.054794706051084 ] ], [ [ -52.153382768309392, -32.054866417173905 ], [ -52.153360435441705, -32.054907378304947 ] ] ] } },
{ "type": "Feature", "properties": { "tipo": "rua", "nome": "GENERAL CAMISAO", "drenagem": 0.0, "iluminacao": 1.0, "compriment": 113.01257150641251 }, "geometry": { "type": "MultiLineString", "coordinates": [ [ [ -52.152930333145015, -32.055726337658108 ], [ -52.152930196170097, -32.055726600925738 ] ], [ [ -52.152889372013973, -32.055805065503655 ], [ -52.152887573023371, -32.055808523187821 ] ], [ [ -52.152848410882932, -32.05588379334921 ], [ -52.152844949876652, -32.055890445449897 ] ] ] } },
{ "type": "Feature", "properties": { "tipo": "rua", "nome": "GENERAL CAMISAO", "drenagem": 0.0, "iluminacao": 1.0, "compriment": 109.40510091467705 }, "geometry": { "type": "MultiLineString", "coordinates": [ [ [ -52.152766488620856, -32.056043149175508 ], [ -52.15276094690433, -32.056054289974057 ] ], [ [ -52.152725527489814, -32.056125495449827 ], [ -52.15272019668776, -32.056136212236133 ] ], [ [ -52.152699821579475, -32.056177173367175 ], [ -52.152684566358772, -32.056207841724145 ] ] ] } },
{ "type": "Feature", "properties": { "tipo": "rua", "nome": "EDUARDO ARAÚJO", "drenagem": 0.0, "iluminacao": 1.0, "compriment": 107.11120635695124 }, "geometry": { "type": "LineString", "coordinates": [ [ -52.152029188262141, -32.055724652276197 ], [ -52.15203456021554, -32.055726600925738 ] ] } },
{ "type": "Feature", "properties": { "tipo": "rua", "nome": "EDUARDO ARAÚJO", "drenagem": 0.0, "iluminacao": 1.0, "compriment": 112.71804216167162 }, "geometry": { "type": "MultiLineString", "coordinates": [ [ [ -52.154934699148036, -32.056814497211107 ], [ -52.155789143514497, -32.057123513782741 ] ], [ [ -52.155802066339639, -32.057128187424794 ], [ -52.155920495710909, -32.057171018344775 ] ], [ [ -52.155961456841951, -32.057185832262192 ], [ -52.156003953854068, -32.057201201643167 ] ] ] } },
{ "type": "Feature", "properties": { "tipo": "rua", "nome": "JURAI XAVIER DA SILVA", "drenagem": 0.0, "iluminacao": 1.0, "compriment": 171.25051549031619 }, "geometry": { "type": "MultiLineString", "coordinates": [ [ [ -52.172362031218107, -32.062763577645072 ], [ -52.172953496224466, -32.061870770581692 ] ], [ [ -52.173197718845024, -32.061502120402338 ], [ -52.173206093009661, -32.061489479733396 ] ], [ [ -52.173224854691753, -32.061461159271296 ], [ -52.173253113463957, -32.061418503102033 ] ] ] } },
{ "type": "Feature", "properties": { "tipo": "rua", "nome": "DOUTOR NASCIMENTO", "drenagem": 1.0, "iluminacao": 1.0, "compriment": 8.7390913485258022 }, "geometry": { "type": "LineString", "coordinates": [ [ -52.097437255509234, -32.036328848068941 ], [ -52.097528345706444, -32.036315044599561 ] ] } },
{ "type": "Feature", "properties": { "tipo": "avenida", "nome": "PRESIDENTE VARGAS", "drenagem": 1.0, "iluminacao": 1.0, "compriment": 21.589042449801894 }, "geometry": { "type": "LineString", "coordinates": [ [ -52.110178811186664, -32.04716129165805 ], [ -52.110216079166698, -32.047231348419992 ], [ -52.110227719915244, -32.047268803663208 ], [ -52.110222325037569, -32.047312574215709 ], [ -52.110202001481959, -32.047343022208914 ] ] } },
{ "type": "Feature", "properties": { "tipo": "rua", "nome": "SEM DENOMINACAO", "drenagem": 0.0, "iluminacao": 1.0, "compriment": 165.58211372929514 }, "geometry": { "type": "LineString", "coordinates": [ [ -52.107540773635186, -32.045828083937032 ], [ -52.10697194411847, -32.046418933461737 ] ] } },
{ "type": "Feature", "properties": { "tipo": "rua", "nome": "EDUARDO ARAÚJO", "drenagem": 0.0, "iluminacao": 1.0, "compriment": 111.48456605411522 }, "geometry": { "type": "MultiLineString", "coordinates": [ [ [ -52.153954361421007, -32.056441900740083 ], [ -52.154227792480576, -32.056545823546536 ] ], [ [ -52.154241089338285, -32.056550877276614 ], [ -52.154335565219235, -32.05658678467757 ] ], [ [ -52.154363972731403, -32.056597581506551 ], [ -52.154443337957908, -32.056627745808612 ] ], [ [ -52.154445894993479, -32.056628717659848 ], [ -52.154934699148036, -32.056814497211107 ] ] ] } },
{ "type": "Feature", "properties": { "tipo": "rua", "nome": "EDUARDO ARAÚJO", "drenagem": 0.0, "iluminacao": 1.0, "compriment": 112.44599873378134 }, "geometry": { "type": "LineString", "coordinates": [ [ -52.158173357918095, -32.057978903091993 ], [ -52.158174942190882, -32.057979463132924 ] ] } },
{ "type": "Feature", "properties": { "tipo": "rua", "nome": "EDUARDO ARAÚJO", "drenagem": 0.0, "iluminacao": 1.0, "compriment": 112.61429566166102 }, "geometry": { "type": "MultiLineString", "coordinates": [ [ [ -52.159606997504483, -32.058511563743039 ], [ -52.159608084191973, -32.058511957836437 ] ], [ [ -52.159688919766566, -32.058541273317346 ], [ -52.159721031906315, -32.058552918967479 ] ], [ [ -52.160057059388151, -32.058674781245053 ], [ -52.160059875049328, -32.058675802360597 ] ], [ [ -52.160139492208003, -32.058704675976045 ], [ -52.160172822763677, -32.058716763491638 ] ] ] } },
{ "type": "Feature", "properties": { "tipo": "rua", "nome": "DOUTOR NASCIMENTO", "drenagem": 1.0, "iluminacao": 1.0, "compriment": 127.56032024290482 }, "geometry": { "type": "LineString", "coordinates": [ [ -52.097528345706444, -32.036315044599561 ], [ -52.098846326401947, -32.036064220303835 ] ] } },
{ "type": "Feature", "properties": { "tipo": "rua", "nome": "DOUTOR NASCIMENTO", "drenagem": 1.0, "iluminacao": 1.0, "compriment": 164.74272921516609 }, "geometry": { "type": "MultiLineString", "coordinates": [ [ [ -52.098846326401947, -32.036064220303835 ], [ -52.100500085414204, -32.035750297844942 ] ], [ [ -52.100541046545239, -32.035742522456339 ], [ -52.100548685108869, -32.035741072476831 ] ] ] } },
{ "type": "Feature", "properties": { "tipo": "rua", "nome": "MONTEIRO LOBATO", "drenagem": 1.0, "iluminacao": 1.0, "compriment": 61.028834461467518 }, "geometry": { "type": "LineString", "coordinates": [ [ -52.083333314298997, -32.036713784163474 ], [ -52.083964582086182, -32.036596488772233 ] ] } },
{ "type": "Feature", "properties": { "tipo": "avenida", "nome": "PRESIDENTE VARGAS", "drenagem": 1.0, "iluminacao": 1.0, "compriment": 274.26154395614435 }, "geometry": { "type": "LineString", "coordinates": [ [ -52.107540773635186, -32.045828083937032 ], [ -52.106181909632141, -32.044897722601334 ], [ -52.106076845380059, -32.044806207354924 ], [ -52.105367657752147, -32.044193537491346 ] ] } },
{ "type": "Feature", "properties": { "tipo": "avenida", "nome": "RHEINGANTZ", "drenagem": 1.0, "iluminacao": 1.0, "compriment": 6.9614063758949882 }, "geometry": { "type": "LineString", "coordinates": [ [ -52.106107302738131, -32.044647151786236 ], [ -52.106033599843592, -32.044647794854022 ] ] } },
{ "type": "Feature", "properties": { "tipo": "rua", "nome": "DOIS DE NOVEMBRO", "drenagem": 1.0, "iluminacao": 0.0, "compriment": 27.17999730218045 }, "geometry": { "type": "LineString", "coordinates": [ [ -52.106107302738131, -32.044647151786236 ], [ -52.106106418170128, -32.044675546060802 ], [ -52.106126149148267, -32.044729187244009 ], [ -52.106164736058325, -32.044791072237643 ], [ -52.106250076433156, -32.044844861966574 ] ] } },
{ "type": "Feature", "properties": { "tipo": "avenida", "nome": "PRESIDENTE VARGAS", "drenagem": 1.0, "iluminacao": 1.0, "compriment": 266.30773072436341 }, "geometry": { "type": "LineString", "coordinates": [ [ -52.108493764833788, -32.046297355243574 ], [ -52.107220789696932, -32.045521460367091 ], [ -52.106250076433156, -32.044844861966574 ] ] } },
{ "type": "Feature", "properties": { "tipo": "rua", "nome": "EDUARDO ARAÚJO", "drenagem": 0.0, "iluminacao": 1.0, "compriment": 93.626006958207881 }, "geometry": { "type": "MultiLineString", "coordinates": [ [ [ -52.160835831435676, -32.058934806527596 ], [ -52.160955819528134, -32.058956739676546 ] ], [ [ -52.161122559352954, -32.058987218779421 ], [ -52.161163520483996, -32.058994706243965 ] ], [ [ -52.161451715464665, -32.059047386666734 ], [ -52.161542854329355, -32.059064046338982 ] ] ] } },
{ "type": "Feature", "properties": { "tipo": "rua", "nome": "BARÃO DO LADÁRIO", "drenagem": 0.0, "iluminacao": 1.0, "compriment": 114.94919663648768 }, "geometry": { "type": "MultiLineString", "coordinates": [ [ [ -52.156984426453, -32.055331929481476 ], [ -52.157477018690422, -32.055527255312882 ] ], [ [ -52.157804707738734, -32.055657192674744 ], [ -52.1580878958992, -32.055769484259315 ] ] ] } },
{ "type": "Feature", "properties": { "tipo": "rua", "nome": "BARÃO DO LADÁRIO", "drenagem": 0.0, "iluminacao": 1.0, "compriment": 110.69888416755586 }, "geometry": { "type": "LineString", "coordinates": [ [ -52.160259617674242, -32.056569953009365 ], [ -52.161334648643013, -32.056967962830981 ] ] } },
{ "type": "Feature", "properties": { "tipo": "rua", "nome": "BERNARDO TAVEIRA", "drenagem": 1.0, "iluminacao": 1.0, "compriment": 103.5427294833662 }, "geometry": { "type": "MultiLineString", "coordinates": [ [ [ -52.159852764290726, -32.057523592581568 ], [ -52.159868299127474, -32.057528890691486 ] ], [ [ -52.159975647683844, -32.057565501597708 ], [ -52.159988403182197, -32.057569851822528 ] ], [ [ -52.160180453339038, -32.057635349957955 ], [ -52.160228611291615, -32.057651774084604 ] ], [ [ -52.160303336732156, -32.057677258974095 ], [ -52.160348715346331, -32.057692735215646 ] ], [ [ -52.160426220125281, -32.05771916799025 ], [ -52.160549103518399, -32.05776107700639 ] ], [ [ -52.160671986911517, -32.057802986022537 ], [ -52.160712948042558, -32.057816955694584 ] ], [ [ -52.160753909173593, -32.05783092536663 ], [ -52.160783788868379, -32.05784111574777 ] ] ] } },
{ "type": "Feature", "properties": { "tipo": "rua", "nome": "BERNARDO TAVEIRA", "drenagem": 1.0, "iluminacao": 1.0, "compriment": 17.033529131976543 }, "geometry": { "type": "LineString", "coordinates": [ [ -52.160917753697753, -32.057895298105286 ], [ -52.160924264174248, -32.05789754087084 ] ] } },
{ "type": "Feature", "properties": { "tipo": "avenida", "nome": "PRESIDENTE VARGAS", "drenagem": 1.0, "iluminacao": 1.0, "compriment": 19.152412551950682 }, "geometry": { "type": "LineString", "coordinates": [ [ -52.108493764833788, -32.046297355243574 ], [ -52.108481548900649, -32.046335625451803 ], [ -52.108488349875891, -32.046408438186987 ], [ -52.1085134383666, -32.046464522305598 ] ] } },
{ "type": "Feature", "properties": { "tipo": "avenida", "nome": "PRESIDENTE VARGAS", "drenagem": 1.0, "iluminacao": 1.0, "compriment": 115.97553703016504 }, "geometry": { "type": "LineString", "coordinates": [ [ -52.1085134383666, -32.046464522305598 ], [ -52.108330409564644, -32.046368701301176 ], [ -52.107540773635186, -32.045828083937032 ] ] } },
{ "type": "Feature", "properties": { "tipo": "avenida", "nome": "PRESIDENTE VARGAS", "drenagem": 1.0, "iluminacao": 1.0, "compriment": 13.077403569499721 }, "geometry": { "type": "LineString", "coordinates": [ [ -52.109394481449989, -32.046908255596747 ], [ -52.109471243424743, -32.046810103175559 ] ] } },
{ "type": "Feature", "properties": { "tipo": "rua", "nome": "BERNARDO TAVEIRA", "drenagem": 1.0, "iluminacao": 1.0, "compriment": 91.099075086026559 }, "geometry": { "type": "MultiLineString", "coordinates": [ [ [ -52.161113116999132, -32.057960578425281 ], [ -52.16120448161503, -32.057989037091616 ] ], [ [ -52.161245442746072, -32.058001795851119 ], [ -52.161327365008148, -32.058027313370111 ] ], [ [ -52.161436750930534, -32.058061385395 ], [ -52.161450248401273, -32.058065589648606 ] ], [ [ -52.161655054056467, -32.058129383446101 ], [ -52.161696015187509, -32.058142142205597 ] ], [ [ -52.161818898580627, -32.058180418484092 ], [ -52.161831259720259, -32.058184268788118 ] ] ] } },
{ "type": "Feature", "properties": { "tipo": "rua", "nome": "BARÃO DO LADÁRIO", "drenagem": 0.0, "iluminacao": 1.0, "compriment": 83.092503955017321 }, "geometry": { "type": "LineString", "coordinates": [ [ -52.161338384667715, -32.056970770664421 ], [ -52.162154468025776, -32.057250932231554 ] ] } },
{ "type": "Feature", "properties": { "tipo": "rua", "nome": "MARECHAL EURICO GASPAR DUTRA", "drenagem": 0.0, "iluminacao": 1.0, "compriment": 115.11422954248127 }, "geometry": { "type": "LineString", "coordinates": [ [ -52.172454084354982, -32.061046615182434 ], [ -52.17303374807814, -32.060133376867981 ] ] } },
{ "type": "Feature", "properties": { "tipo": "rua", "nome": "MARECHAL EURICO GASPAR DUTRA", "drenagem": 0.0, "iluminacao": 1.0, "compriment": 102.2657068016685 }, "geometry": { "type": "MultiLineString", "coordinates": [ [ [ -52.17303374807814, -32.060133376867981 ], [ -52.173264282801263, -32.059781752898665 ] ], [ [ -52.173288015271744, -32.059745554857173 ], [ -52.173291138089368, -32.059740791767631 ] ] ] } },
{ "type": "Feature", "properties": { "tipo": "avenida", "nome": "PRESIDENTE VARGAS", "drenagem": 1.0, "iluminacao": 0.0, "compriment": 4.7716720396963996 }, "geometry": { "type": "LineString", "coordinates": [ [ -52.109471243424743, -32.046810103175559 ], [ -52.109428224379251, -32.046787537307253 ] ] } },
{ "type": "Feature", "properties": { "tipo": "avenida", "nome": "PRESIDENTE VARGAS", "drenagem": 1.0, "iluminacao": 1.0, "compriment": 103.65082017807802 }, "geometry": { "type": "LineString", "coordinates": [ [ -52.109428224379251, -32.046787537307253 ], [ -52.108493764833788, -32.046297355243574 ] ] } },
{ "type": "Feature", "properties": { "tipo": "avenida", "nome": "PRESIDENTE VARGAS", "drenagem": 1.0, "iluminacao": 1.0, "compriment": 46.013244763764149 }, "geometry": { "type": "LineString", "coordinates": [ [ -52.113894375264181, -32.049093588931363 ], [ -52.114232144058406, -32.04922258834241 ] ] } },
{ "type": "Feature", "properties": { "tipo": "rua", "nome": "DOUTOR NASCIMENTO", "drenagem": 1.0, "iluminacao": 1.0, "compriment": 152.05100667206167 }, "geometry": { "type": "MultiLineString", "coordinates": [ [ [ -52.100558451473255, -32.035780554199128 ], [ -52.101851802738508, -32.035526872896121 ] ], [ [ -52.10189276386955, -32.035518838672644 ], [ -52.102127146920822, -32.035472866167382 ] ] ] } },
{ "type": "Feature", "properties": { "tipo": "rua", "nome": "DOUTOR NASCIMENTO", "drenagem": 1.0, "iluminacao": 1.0, "compriment": 75.607253563419235 }, "geometry": { "type": "LineString", "coordinates": [ [ -52.104932605837284, -32.035787660011501 ], [ -52.105695726265381, -32.035986547160036 ] ] } },
{ "type": "Feature", "properties": { "tipo": "rua", "nome": "JOAO ALFREDO", "drenagem": 1.0, "iluminacao": 1.0, "compriment": 126.88094054711743 }, "geometry": { "type": "LineString", "coordinates": [ [ -52.097673767372463, -32.039202316419804 ], [ -52.098087120122351, -32.039120650543339 ] ] } },
{ "type": "Feature", "properties": { "tipo": "rua", "nome": "JOAO ALFREDO", "drenagem": 1.0, "iluminacao": 1.0, "compriment": 70.98375134815474 }, "geometry": { "type": "MultiLineString", "coordinates": [ [ [ -52.098159742290925, -32.039101937648596 ], [ -52.098206262075976, -32.039093237785664 ] ], [ [ -52.09828818433806, -32.03907791715487 ], [ -52.098893782580404, -32.038964661650901 ] ] ] } },
{ "type": "Feature", "properties": { "tipo": "rua", "nome": "TEIXEIRA DE FREITAS", "drenagem": 0.0, "iluminacao": 1.0, "compriment": 106.69382081473267 }, "geometry": { "type": "LineString", "coordinates": [ [ -52.155579441261963, -32.053105088539198 ], [ -52.155333166600634, -32.053583047549886 ] ] } },
{ "type": "Feature", "properties": { "tipo": "rua", "nome": "JOAO ALFREDO", "drenagem": 1.0, "iluminacao": 1.0, "compriment": 57.270905745056346 }, "geometry": { "type": "LineString", "coordinates": [ [ -52.098893782580404, -32.038964661650901 ], [ -52.099484802497514, -32.038849290127729 ] ] } },
{ "type": "Feature", "properties": { "tipo": "rua", "nome": "JOAO ALFREDO", "drenagem": 1.0, "iluminacao": 1.0, "compriment": 165.79608260241881 }, "geometry": { "type": "MultiLineString", "coordinates": [ [ [ -52.099484802497514, -32.038849290127729 ], [ -52.100704891069398, -32.038603905606777 ] ], [ [ -52.10074585220044, -32.038595667493787 ], [ -52.100903869473079, -32.038563887020103 ] ], [ [ -52.101032580117717, -32.038538000702829 ], [ -52.101114502379794, -32.038521524476842 ] ] ] } },
{ "type": "Feature", "properties": { "tipo": "rua", "nome": "VICE ALMIRANTE ABREU", "drenagem": 1.0, "iluminacao": 1.0, "compriment": 126.25003758574306 }, "geometry": { "type": "LineString", "coordinates": [ [ -52.09664973909647, -32.038387433071122 ], [ -52.097865823438788, -32.03814246433037 ] ] } },
{ "type": "Feature", "properties": { "tipo": "avenida", "nome": "PRESIDENTE VARGAS", "drenagem": 1.0, "iluminacao": 1.0, "compriment": 125.34258702390498 }, "geometry": { "type": "LineString", "coordinates": [ [ -52.115464269627068, -32.049693436415239 ], [ -52.116671221567536, -32.050163571521765 ] ] } },
{ "type": "Feature", "properties": { "tipo": "avenida", "nome": "PRESIDENTE VARGAS", "drenagem": 1.0, "iluminacao": 1.0, "compriment": 16.987727083230496 }, "geometry": { "type": "LineString", "coordinates": [ [ -52.115483156436717, -32.049547709418789 ], [ -52.115462544022186, -32.049570485260418 ], [ -52.115453650275107, -32.049596909589596 ], [ -52.115457403118604, -32.049634994282485 ], [ -52.115464269627068, -32.049693436415239 ] ] } },
{ "type": "Feature", "properties": { "tipo": "rua", "nome": "VICE ALMIRANTE ABREU", "drenagem": 1.0, "iluminacao": 1.0, "compriment": 129.09230550157918 }, "geometry": { "type": "LineString", "coordinates": [ [ -52.097941848685856, -32.038128150495233 ], [ -52.09927404267129, -32.037868133669356 ] ] } },
{ "type": "Feature", "properties": { "tipo": "rua", "nome": "VICE ALMIRANTE ABREU", "drenagem": 1.0, "iluminacao": 1.0, "compriment": 164.34423829728289 }, "geometry": { "type": "MultiLineString", "coordinates": [ [ [ -52.09927404267129, -32.037868133669356 ], [ -52.100418163152121, -32.037656705695369 ] ], [ [ -52.100541046545239, -32.037633997434064 ], [ -52.100607154473451, -32.037621781006195 ] ], [ [ -52.10074585220044, -32.037596150331886 ], [ -52.100909696724599, -32.037565872650141 ] ] ] } },
{ "type": "Feature", "properties": { "tipo": "rua", "nome": "VICE ALMIRANTE ABREU", "drenagem": 1.0, "iluminacao": 1.0, "compriment": 42.471479622900986 }, "geometry": { "type": "MultiLineString", "coordinates": [ [ [ -52.102752947621383, -32.037524601265474 ], [ -52.102865751619277, -32.037539858744111 ] ], [ [ -52.10303967553866, -32.037563383091957 ], [ -52.103060278439955, -32.037566169769136 ] ] ] } },
{ "type": "Feature", "properties": { "tipo": "avenida", "nome": "PRESIDENTE VARGAS", "drenagem": 1.0, "iluminacao": 1.0, "compriment": 85.348959758232965 }, "geometry": { "type": "LineString", "coordinates": [ [ -52.116946799745051, -32.050125367631225 ], [ -52.1161286223413, -32.049798497779143 ] ] } },
{ "type": "Feature", "properties": { "tipo": "avenida", "nome": "PRESIDENTE VARGAS", "drenagem": 1.0, "iluminacao": 1.0, "compriment": 121.05196406446761 }, "geometry": { "type": "LineString", "coordinates": [ [ -52.11693928990595, -32.050266818583928 ], [ -52.118107192901633, -32.050716629328008 ] ] } },
{ "type": "Feature", "properties": { "tipo": "rua", "nome": "1 VELHA", "drenagem": 1.0, "iluminacao": 1.0, "compriment": 253.51696754003626 }, "geometry": { "type": "MultiLineString", "coordinates": [ [ [ -52.086603449653175, -32.038599489506048 ], [ -52.086451835528138, -32.040406428886612 ] ], [ [ -52.086450417467582, -32.040423329353295 ], [ -52.086414167694912, -32.040855354679145 ] ] ] } },
{ "type": "Feature", "properties": { "tipo": "avenida", "nome": "PRESIDENTE VARGAS", "drenagem": 1.0, "iluminacao": 1.0, "compriment": 16.055986074772246 }, "geometry": { "type": "LineString", "coordinates": [ [ -52.116946799745051, -32.050125367631225 ], [ -52.116934149446685, -32.050148701344057 ], [ -52.116927949752217, -32.05018014701767 ], [ -52.116933759241626, -32.050224940176157 ], [ -52.11693928990595, -32.050266818583928 ] ] } },
{ "type": "Feature", "properties": { "tipo": "avenida", "nome": "PRESIDENTE VARGAS", "drenagem": 1.0, "iluminacao": 1.0, "compriment": 87.721407848066562 }, "geometry": { "type": "LineString", "coordinates": [ [ -52.11813189124944, -32.050574763025686 ], [ -52.117280425690325, -32.050258652231953 ] ] } },
{ "type": "Feature", "properties": { "tipo": "avenida", "nome": "PRESIDENTE VARGAS", "drenagem": 1.0, "iluminacao": 1.0, "compriment": 23.086591028353563 }, "geometry": { "type": "LineString", "coordinates": [ [ -52.118107192901633, -32.050716629328008 ], [ -52.118329932423954, -32.050802414362266 ] ] } },
{ "type": "Feature", "properties": { "tipo": "avenida", "nome": "PRESIDENTE VARGAS", "drenagem": 1.0, "iluminacao": 1.0, "compriment": 15.913463382142355 }, "geometry": { "type": "LineString", "coordinates": [ [ -52.118131511550999, -32.050574622057354 ], [ -52.118107192901633, -32.050716629328008 ] ] } },
{ "type": "Feature", "properties": { "tipo": "avenida", "nome": "PRESIDENTE VARGAS", "drenagem": 1.0, "iluminacao": 1.0, "compriment": 128.14350513525775 }, "geometry": { "type": "LineString", "coordinates": [ [ -52.122044848575804, -32.052146541494594 ], [ -52.120821897820811, -32.051645926474919 ] ] } },
{ "type": "Feature", "properties": { "tipo": "avenida", "nome": "PRESIDENTE VARGAS", "drenagem": 1.0, "iluminacao": 1.0, "compriment": 62.467469126998957 }, "geometry": { "type": "LineString", "coordinates": [ [ -52.122017981039122, -32.052303418071027 ], [ -52.122614914482483, -32.05254609745402 ] ] } },
{ "type": "Feature", "properties": { "tipo": "avenida", "nome": "PRESIDENTE VARGAS", "drenagem": 1.0, "iluminacao": 1.0, "compriment": 143.90203279603946 }, "geometry": { "type": "LineString", "coordinates": [ [ -52.120821897820811, -32.051645926474919 ], [ -52.119448569912883, -32.051083733709646 ] ] } },
{ "type": "Feature", "properties": { "tipo": "avenida", "nome": "PRESIDENTE VARGAS", "drenagem": 1.0, "iluminacao": 1.0, "compriment": 19.3738239197627 }, "geometry": { "type": "LineString", "coordinates": [ [ -52.120822961690102, -32.051646361973319 ], [ -52.120821897820811, -32.051645926474919 ], [ -52.12083154200468, -32.051819442575116 ] ] } },
{ "type": "Feature", "properties": { "tipo": "avenida", "nome": "PRESIDENTE VARGAS", "drenagem": 1.0, "iluminacao": 1.0, "compriment": 17.579763726901746 }, "geometry": { "type": "LineString", "coordinates": [ [ -52.122044848575804, -32.052146541494594 ], [ -52.122017981039122, -32.052303418071027 ] ] } },
{ "type": "Feature", "properties": { "tipo": "avenida", "nome": "PRESIDENTE VARGAS", "drenagem": 1.0, "iluminacao": 1.0, "compriment": 17.066959780363664 }, "geometry": { "type": "LineString", "coordinates": [ [ -52.123725441688023, -32.052834463950823 ], [ -52.123685960913171, -32.052984658261316 ] ] } },
{ "type": "Feature", "properties": { "tipo": "rua", "nome": "CORONEL PILLAR", "drenagem": 0.0, "iluminacao": 1.0, "compriment": 21.930587022390029 }, "geometry": { "type": "LineString", "coordinates": [ [ -52.134402445846007, -32.045199590248536 ], [ -52.13434124156084, -32.045321379379537 ] ] } },
{ "type": "Feature", "properties": { "tipo": "rua", "nome": "VISCONDE DE MAUA", "drenagem": 1.0, "iluminacao": 1.0, "compriment": 94.318964252339882 }, "geometry": { "type": "LineString", "coordinates": [ [ -52.135514638434984, -32.045784425543289 ], [ -52.135102290015006, -32.045649082274821 ], [ -52.134612488644137, -32.045423640337923 ] ] } },
{ "type": "Feature", "properties": { "tipo": "rua", "nome": "BARAO DE COTEGIPE", "drenagem": 1.0, "iluminacao": 1.0, "compriment": 128.22537755576903 }, "geometry": { "type": "LineString", "coordinates": [ [ -52.096485894572311, -32.037535177682798 ], [ -52.097679982690465, -32.037289504467132 ] ] } },
{ "type": "Feature", "properties": { "tipo": "rua", "nome": "BARAO DE COTEGIPE", "drenagem": 1.0, "iluminacao": 1.0, "compriment": 7.2205310481789517 }, "geometry": { "type": "LineString", "coordinates": [ [ -52.097679982690465, -32.037289504467132 ], [ -52.097753829281558, -32.037272673947022 ] ] } },
{ "type": "Feature", "properties": { "tipo": "rua", "nome": "BARAO DE COTEGIPE", "drenagem": 1.0, "iluminacao": 1.0, "compriment": 127.55631129465489 }, "geometry": { "type": "LineString", "coordinates": [ [ -52.097753829281558, -32.037272673947022 ], [ -52.099073019343152, -32.03702662143565 ] ] } },
{ "type": "Feature", "properties": { "tipo": "travessa", "nome": "SENADOR TEOTONIO VILELA", "drenagem": 1.0, "iluminacao": 1.0, "compriment": 118.97506135254558 }, "geometry": { "type": "LineString", "coordinates": [ [ -52.112296874774138, -32.044217231415004 ], [ -52.111737150300598, -32.045178432272493 ] ] } },
{ "type": "Feature", "properties": { "tipo": "rua", "nome": "COMENDADOR HENRIQUE PANCADA", "drenagem": 0.0, "iluminacao": 1.0, "compriment": 74.184164246242389 }, "geometry": { "type": "LineString", "coordinates": [ [ -52.13487107769285, -32.045400879581123 ], [ -52.135514638434984, -32.045784425543289 ] ] } },
{ "type": "Feature", "properties": { "tipo": "rua", "nome": "VISCONDE DE MAUA", "drenagem": 1.0, "iluminacao": 1.0, "compriment": 28.015780660211487 }, "geometry": { "type": "LineString", "coordinates": [ [ -52.134612488644137, -32.045423640337923 ], [ -52.13434124156084, -32.045321379379537 ] ] } },
{ "type": "Feature", "properties": { "tipo": "rua", "nome": "VISCONDE DE MAUA", "drenagem": 1.0, "iluminacao": 0.0, "compriment": 24.801627151245508 }, "geometry": { "type": "LineString", "coordinates": [ [ -52.13487107769285, -32.045400879581123 ], [ -52.134804525097316, -32.045419083578537 ], [ -52.134707228934857, -32.045427802273132 ], [ -52.134612488644137, -32.045423640337923 ] ] } },
{ "type": "Feature", "properties": { "tipo": "rua", "nome": "CORONEL PILLAR", "drenagem": 0.0, "iluminacao": 1.0, "compriment": 99.281466913974569 }, "geometry": { "type": "LineString", "coordinates": [ [ -52.133922671591229, -32.046018812869328 ], [ -52.13434124156084, -32.045321379379537 ] ] } },
{ "type": "Feature", "properties": { "tipo": "avenida", "nome": "CIDADE DE PELOTAS", "drenagem": 1.0, "iluminacao": 1.0, "compriment": 51.067651177774813 }, "geometry": { "type": "LineString", "coordinates": [ [ -52.131122692331942, -32.045934307531851 ], [ -52.131600791524669, -32.046149419124426 ] ] } },
{ "type": "Feature", "properties": { "tipo": "rua", "nome": "MEXICO", "drenagem": 0.0, "iluminacao": 1.0, "compriment": 96.722906052413521 }, "geometry": { "type": "MultiLineString", "coordinates": [ [ [ -52.138547280022195, -32.053307153221766 ], [ -52.138514912222867, -32.053391816456475 ] ], [ [ -52.138512015019039, -32.053399394563506 ], [ -52.138476875123331, -32.053491308666409 ] ], [ [ -52.138380070615163, -32.053744516575698 ], [ -52.138348170494879, -32.053827956519925 ] ], [ [ -52.138341348811899, -32.053845799739406 ], [ -52.13824869314368, -32.054088155684148 ] ] ] } },
{ "type": "Feature", "properties": { "tipo": "rua", "nome": "CHILE", "drenagem": 0.0, "iluminacao": 1.0, "compriment": 54.597920395268631 }, "geometry": { "type": "MultiLineString", "coordinates": [ [ [ -52.138547280022195, -32.053307153221766 ], [ -52.138623204183645, -32.053327466868403 ] ], [ [ -52.139016812883362, -32.053432777587517 ], [ -52.139098835908094, -32.053454722996051 ] ] ] } },
{ "type": "Feature", "properties": { "tipo": "rua", "nome": "BARAO DE COTEGIPE", "drenagem": 1.0, "iluminacao": 1.0, "compriment": 165.81942389948799 }, "geometry": { "type": "MultiLineString", "coordinates": [ [ [ -52.099073019343152, -32.03702662143565 ], [ -52.099721532115403, -32.036885064265569 ] ], [ [ -52.099724205832224, -32.03688448064748 ], [ -52.100704891069398, -32.036670416973095 ] ], [ [ -52.10074585220044, -32.036661475989909 ], [ -52.100773604561113, -32.036655418213087 ] ] ] } },
{ "type": "Feature", "properties": { "tipo": "rua", "nome": "BARAO DE COTEGIPE", "drenagem": 1.0, "iluminacao": 1.0, "compriment": 112.75999101916283 }, "geometry": { "type": "LineString", "coordinates": [ [ -52.100773604561113, -32.036655418213087 ], [ -52.101937577614621, -32.036429573216836 ] ] } },
{ "type": "Feature", "properties": { "tipo": "avenida", "nome": "DOS BANDEIRANTES", "drenagem": 1.0, "iluminacao": 1.0, "compriment": 13.566209508687493 }, "geometry": { "type": "LineString", "coordinates": [ [ -52.142343783484826, -32.052782941169191 ], [ -52.142465994251523, -32.052847240412255 ] ] } },
{ "type": "Feature", "properties": { "tipo": "avenida", "nome": "DOS BANDEIRANTES", "drenagem": 1.0, "iluminacao": 1.0, "compriment": 101.99020041223808 }, "geometry": { "type": "LineString", "coordinates": [ [ -52.142465994251523, -32.052847240412255 ], [ -52.14342533269344, -32.053269639771663 ] ] } },
{ "type": "Feature", "properties": { "tipo": "avenida", "nome": "DOS BANDEIRANTES", "drenagem": 1.0, "iluminacao": 1.0, "compriment": 96.884597308553126 }, "geometry": { "type": "MultiLineString", "coordinates": [ [ [ -52.14342533269344, -32.053269639771663 ], [ -52.143509273005883, -32.053304610389468 ] ], [ [ -52.143521955774013, -32.053309894194399 ], [ -52.143790498386089, -32.053421772513381 ] ], [ [ -52.143816913972074, -32.053432777587517 ], [ -52.143836962054202, -32.053441129877342 ] ], [ [ -52.143915233371438, -32.053473738718559 ], [ -52.14395984544732, -32.053492324685301 ] ], [ [ -52.144308510968841, -32.053637583242711 ], [ -52.144328495626674, -32.053645909109157 ] ] ] } },
{ "type": "Feature", "properties": { "tipo": "avenida", "nome": "QUINZE DE NOVEMBRO", "drenagem": 1.0, "iluminacao": 1.0, "compriment": 99.397572070554816 }, "geometry": { "type": "LineString", "coordinates": [ [ -52.115819548423048, -32.043359799558075 ], [ -52.115845920151578, -32.043315378220711 ] ] } },
{ "type": "Feature", "properties": { "tipo": "rua", "nome": "CHILE", "drenagem": 0.0, "iluminacao": 1.0, "compriment": 54.571582968810688 }, "geometry": { "type": "LineString", "coordinates": [ [ -52.139098835908094, -32.053454722996051 ], [ -52.139167393115677, -32.053470883488778 ] ] } },
{ "type": "Feature", "properties": { "tipo": "rua", "nome": "TEIXEIRA DE FREITAS", "drenagem": 1.0, "iluminacao": 1.0, "compriment": 115.29783244617903 }, "geometry": { "type": "LineString", "coordinates": [ [ -52.155333166600634, -32.053583047549886 ], [ -52.154839692090668, -32.054534098425911 ] ] } },
{ "type": "Feature", "properties": { "tipo": "rua", "nome": "TEIXEIRA DE FREITAS", "drenagem": 1.0, "iluminacao": 1.0, "compriment": 113.2164307427015 }, "geometry": { "type": "MultiLineString", "coordinates": [ [ [ -52.154839692090668, -32.054534098425911 ], [ -52.154515075085875, -32.055153145091182 ] ], [ [ -52.154493595801, -32.055194106222224 ], [ -52.154486856124521, -32.055206958827569 ] ], [ [ -52.154450637231264, -32.0552760284843 ], [ -52.154445894993479, -32.055285071961514 ] ] ] } },
{ "type": "Feature", "properties": { "tipo": "rua", "nome": "BARAO DE COTEGIPE", "drenagem": 1.0, "iluminacao": 1.0, "compriment": 103.94592482402597 }, "geometry": { "type": "LineString", "coordinates": [ [ -52.103273241148038, -32.036613696112411 ], [ -52.104359524689478, -32.036763754735738 ] ] } },
{ "type": "Feature", "properties": { "tipo": "rua", "nome": "BARAO DE COTEGIPE", "drenagem": 1.0, "iluminacao": 1.0, "compriment": 78.021153819448713 }, "geometry": { "type": "LineString", "coordinates": [ [ -52.104359524689478, -32.036763754735738 ], [ -52.105169654352729, -32.036875966645979 ] ] } },
{ "type": "Feature", "properties": { "tipo": "rua", "nome": "ANDRADAS", "drenagem": 1.0, "iluminacao": 1.0, "compriment": 77.746270076998428 }, "geometry": { "type": "LineString", "coordinates": [ [ -52.095175138379041, -32.031325883073691 ], [ -52.095164497949398, -32.031482931565058 ] ] } },
{ "type": "Feature", "properties": { "tipo": "rua", "nome": "ANDRADAS", "drenagem": 1.0, "iluminacao": 1.0, "compriment": 80.246429883478555 }, "geometry": { "type": "MultiLineString", "coordinates": [ [ [ -52.095289414565045, -32.032870289805587 ], [ -52.095297355325549, -32.032911250936628 ] ], [ [ -52.095298021772159, -32.032914688693857 ], [ -52.095370767167054, -32.033289934068755 ] ] ] } },
{ "type": "Feature", "properties": { "tipo": "rua", "nome": "ANDRADAS", "drenagem": 1.0, "iluminacao": 1.0, "compriment": 101.23514430769964 }, "geometry": { "type": "LineString", "coordinates": [ [ -52.095939307200574, -32.035685196467277 ], [ -52.096140129675106, -32.03658198079502 ] ] } },
{ "type": "Feature", "properties": { "tipo": "avenida", "nome": "DOS BANDEIRANTES", "drenagem": 1.0, "iluminacao": 1.0, "compriment": 137.23524828209975 }, "geometry": { "type": "MultiLineString", "coordinates": [ [ [ -52.145273247185017, -32.054074355188504 ], [ -52.145287193865435, -32.054080379002805 ] ], [ [ -52.145577907459256, -32.054205943269857 ], [ -52.145598290688909, -32.054214747141934 ] ], [ [ -52.145684541125135, -32.054252000208308 ], [ -52.145721174082027, -32.054267822620744 ] ], [ [ -52.145779376685383, -32.05429296133935 ], [ -52.145844057475145, -32.054320898099554 ] ], [ [ -52.145874212245623, -32.054333922470391 ], [ -52.145940238732301, -32.054362440460544 ] ], [ [ -52.146253554486584, -32.054497766994551 ], [ -52.14625366878554, -32.054497816362257 ] ], [ [ -52.146443225607058, -32.054579689256627 ], [ -52.146499435571783, -32.054603967319885 ] ], [ [ -52.146538061167306, -32.054620650387669 ], [ -52.146569287883551, -32.054634137750561 ] ] ] } },
{ "type": "Feature", "properties": { "tipo": "rua", "nome": "CHILE", "drenagem": 0.0, "iluminacao": 1.0, "compriment": 53.754629801897856 }, "geometry": { "type": "MultiLineString", "coordinates": [ [ [ -52.13800465495676, -32.053160753420656 ], [ -52.138101976898241, -32.053187010801274 ] ], [ [ -52.138102403708643, -32.053187125954373 ], [ -52.13818432597072, -32.053209228514021 ] ], [ [ -52.138409137484381, -32.053269882477473 ], [ -52.138471053887997, -32.053286587472783 ] ], [ [ -52.138514885280905, -32.053298413146926 ], [ -52.138547280022195, -32.053307153221766 ] ] ] } },
{ "type": "Feature", "properties": { "tipo": "rua", "nome": "CHILE", "drenagem": 0.0, "iluminacao": 1.0, "compriment": 83.900003724255157 }, "geometry": { "type": "LineString", "coordinates": [ [ -52.140232382522704, -32.053750835570696 ], [ -52.14026616810159, -32.053760466635836 ] ] } },
{ "type": "Feature", "properties": { "tipo": "rua", "nome": "ALBERTO DE OLIVEIRA", "drenagem": 0.0, "iluminacao": 1.0, "compriment": 114.20500508823004 }, "geometry": { "type": "MultiLineString", "coordinates": [ [ [ -52.156984426453, -32.055331929481476 ], [ -52.156662273614025, -32.056013328843015 ] ], [ [ -52.156659344790079, -32.056019523724835 ], [ -52.156565530113944, -32.056217955191791 ], [ -52.156565434973238, -32.056218134498216 ] ] ] } },
{ "type": "Feature", "properties": { "tipo": "rua", "nome": "GENERAL VITORINO", "drenagem": 1.0, "iluminacao": 1.0, "compriment": 12.339413628372144 }, "geometry": { "type": "LineString", "coordinates": [ [ -52.087515406874616, -32.037282570200638 ], [ -52.087556368005657, -32.03727765616155 ] ] } },
{ "type": "Feature", "properties": { "tipo": "avenida", "nome": "MAJOR CARLOS PINTO", "drenagem": 1.0, "iluminacao": 1.0, "compriment": 86.360679386564826 }, "geometry": { "type": "MultiLineString", "coordinates": [ [ [ -52.10610345077226, -32.035289088822942 ], [ -52.106101762682584, -32.035291995378955 ] ], [ [ -52.105702149056242, -32.035980050881349 ], [ -52.105699460499899, -32.03598468004278 ] ] ] } },
{ "type": "Feature", "properties": { "tipo": "avenida", "nome": "MAJOR CARLOS PINTO", "drenagem": 1.0, "iluminacao": 1.0, "compriment": 25.090173681299422 }, "geometry": { "type": "MultiLineString", "coordinates": [ [ [ -52.103259706111622, -32.040127230884984 ], [ -52.103255372227117, -32.040135445048506 ] ], [ [ -52.10320352006282, -32.040233722276781 ], [ -52.10319847023505, -32.040243293392734 ] ] ] } },
{ "type": "Feature", "properties": { "tipo": "rua", "nome": "GENERAL VITORINO", "drenagem": 1.0, "iluminacao": 1.0, "compriment": 106.72229449180531 }, "geometry": { "type": "LineString", "coordinates": [ [ -52.092963237302897, -32.036247809915054 ], [ -52.093493479912802, -32.036148884316951 ] ] } },
{ "type": "Feature", "properties": { "tipo": "rua", "nome": "GENERAL VITORINO", "drenagem": 1.0, "iluminacao": 1.0, "compriment": 61.756479391242081 }, "geometry": { "type": "LineString", "coordinates": [ [ -52.093493479912802, -32.036148884316951 ], [ -52.094132816987084, -32.036032345455261 ] ] } },
{ "type": "Feature", "properties": { "tipo": "rua", "nome": "GENERAL VITORINO", "drenagem": 1.0, "iluminacao": 1.0, "compriment": 125.33704144254588 }, "geometry": { "type": "LineString", "coordinates": [ [ -52.094132816987084, -32.036032345455261 ], [ -52.095427045864049, -32.035782950865979 ] ] } },
{ "type": "Feature", "properties": { "tipo": "avenida", "nome": "PORTUGAL", "drenagem": 1.0, "iluminacao": 1.0, "compriment": 64.445225322776494 }, "geometry": { "type": "LineString", "coordinates": [ [ -52.118280062612882, -32.036778484955597 ], [ -52.118909057582371, -32.03700365237389 ] ] } },
{ "type": "Feature", "properties": { "tipo": "rua", "nome": "GENERAL VITORINO", "drenagem": 1.0, "iluminacao": 1.0, "compriment": 49.585719584622296 }, "geometry": { "type": "LineString", "coordinates": [ [ -52.095427045864049, -32.035782950865979 ], [ -52.095939307200574, -32.035685196467277 ] ] } },
{ "type": "Feature", "properties": { "tipo": "rua", "nome": "GENERAL VITORINO", "drenagem": 1.0, "iluminacao": 1.0, "compriment": 125.7269988281278 }, "geometry": { "type": "LineString", "coordinates": [ [ -52.095939307200574, -32.035685196467277 ], [ -52.097240597999807, -32.035446761916575 ] ] } },
{ "type": "Feature", "properties": { "tipo": "rua", "nome": "GENERAL VITORINO", "drenagem": 1.0, "iluminacao": 1.0, "compriment": 129.83908680164697 }, "geometry": { "type": "LineString", "coordinates": [ [ -52.097307270219297, -32.035433793643762 ], [ -52.098650064417619, -32.035183425169279 ] ] } },
{ "type": "Feature", "properties": { "tipo": "rua", "nome": "GENERAL VITORINO", "drenagem": 1.0, "iluminacao": 1.0, "compriment": 162.74393506990302 }, "geometry": { "type": "LineString", "coordinates": [ [ -52.098650064417619, -32.035183425169279 ], [ -52.100254318627961, -32.03488094884905 ] ] } },
{ "type": "Feature", "properties": { "tipo": "rua", "nome": "OITO", "drenagem": 1.0, "iluminacao": 1.0, "compriment": 91.550593998822606 }, "geometry": { "type": "MultiLineString", "coordinates": [ [ [ -52.175909527658284, -32.065267594047462 ], [ -52.175913976248509, -32.065270544457988 ] ], [ [ -52.17621373779712, -32.065469353425257 ], [ -52.176313170841034, -32.065535299777835 ] ], [ [ -52.176401061230763, -32.065593590768444 ], [ -52.176442022361798, -32.065620757161852 ] ] ] } },
{ "type": "Feature", "properties": { "tipo": "rua", "nome": "GENERAL VITORINO", "drenagem": 1.0, "iluminacao": 1.0, "compriment": 165.75738195494716 }, "geometry": { "type": "LineString", "coordinates": [ [ -52.10367193361845, -32.034764319168382 ], [ -52.105411444715443, -32.034961454248588 ] ] } },
{ "type": "Feature", "properties": { "tipo": "rua", "nome": "GENERAL VITORINO", "drenagem": 1.0, "iluminacao": 1.0, "compriment": 74.782868589468791 }, "geometry": { "type": "LineString", "coordinates": [ [ -52.105411444715443, -32.034961454248588 ], [ -52.10610345077226, -32.035289088822942 ] ] } },
{ "type": "Feature", "properties": { "tipo": "rua", "nome": "ZALONY", "drenagem": 1.0, "iluminacao": 1.0, "compriment": 83.350592996295674 }, "geometry": { "type": "LineString", "coordinates": [ [ -52.094888410461763, -32.033620062096062 ], [ -52.094895894262521, -32.033648551295343 ] ] } },
{ "type": "Feature", "properties": { "tipo": "rua", "nome": "ZALONY", "drenagem": 1.0, "iluminacao": 1.0, "compriment": 75.844079475671833 }, "geometry": { "type": "LineString", "coordinates": [ [ -52.095134177247999, -32.034612048131052 ], [ -52.095176782771489, -32.034795462964453 ] ] } },
{ "type": "Feature", "properties": { "tipo": "rua", "nome": "ZALONY", "drenagem": 1.0, "iluminacao": 1.0, "compriment": 101.25552793476518 }, "geometry": { "type": "LineString", "coordinates": [ [ -52.095427045864049, -32.035782950865979 ], [ -52.095648647873631, -32.036676364953209 ] ] } },
{ "type": "Feature", "properties": { "tipo": "rua", "nome": "RODRIGUES DUARTE", "drenagem": 0.0, "iluminacao": 1.0, "compriment": 113.60316018359535 }, "geometry": { "type": "LineString", "coordinates": [ [ -52.152048156121239, -32.052384337166757 ], [ -52.151570295094118, -32.0533245212794 ] ] } },
{ "type": "Feature", "properties": { "tipo": "rua", "nome": "RODRIGUES DUARTE", "drenagem": 0.0, "iluminacao": 1.0, "compriment": 112.95901295733448 }, "geometry": { "type": "MultiLineString", "coordinates": [ [ [ -52.151066751445605, -32.054333922470391 ], [ -52.15104612111719, -32.054372335570271 ] ], [ [ -52.151022753872475, -32.054415844732468 ], [ -52.151000755085903, -32.054456805863509 ] ], [ [ -52.150964198855107, -32.054524872552342 ], [ -52.150956757512773, -32.054538728125586 ] ], [ [ -52.150890761153065, -32.054661611518704 ], [ -52.15088227659303, -32.054677409534399 ] ] ] } },
{ "type": "Feature", "properties": { "tipo": "rua", "nome": "GENERAL CAMARA", "drenagem": 1.0, "iluminacao": 1.0, "compriment": 129.58439314363466 }, "geometry": { "type": "MultiLineString", "coordinates": [ [ [ -52.095689666955614, -32.034694244549833 ], [ -52.095748594213596, -32.034683266062842 ] ], [ [ -52.095805954179738, -32.034672579571335 ], [ -52.095912438737756, -32.034652740885896 ] ], [ [ -52.096025813905264, -32.034631618440294 ], [ -52.096403972310235, -32.034561165355065 ] ], [ [ -52.096444933441269, -32.034553534060834 ], [ -52.096526855703353, -32.034538271472357 ] ], [ [ -52.096567816834387, -32.034530640178126 ], [ -52.096608777965429, -32.034523008883887 ] ], [ [ -52.09664973909647, -32.034515377589649 ], [ -52.096895505882706, -32.034469589824234 ] ], [ [ -52.096905252807318, -32.034467773916134 ], [ -52.097018389275824, -32.034446695941526 ] ] ] } },
{ "type": "Feature", "properties": { "tipo": "rua", "nome": "GENERAL CAMARA", "drenagem": 0.0, "iluminacao": 0.0, "compriment": 7.2771306923259242 }, "geometry": { "type": "LineString", "coordinates": [ [ -52.097100311537908, -32.034432031004393 ], [ -52.097105280732343, -32.034431147372537 ] ] } },
{ "type": "Feature", "properties": { "tipo": "rua", "nome": "CONDE DE PORTO ALEGRE", "drenagem": 0.0, "iluminacao": 1.0, "compriment": 110.82371835078325 }, "geometry": { "type": "LineString", "coordinates": [ [ -52.091119986406113, -32.034844877085533 ], [ -52.092035693923876, -32.034678324528159 ] ] } },
{ "type": "Feature", "properties": { "tipo": "rua", "nome": "BARÃO DO LADÁRIO", "drenagem": 0.0, "iluminacao": 1.0, "compriment": 116.93062658354347 }, "geometry": { "type": "MultiLineString", "coordinates": [ [ [ -52.150472665282635, -32.052897050742999 ], [ -52.150554587544711, -32.052928955263944 ] ], [ [ -52.150586141765167, -32.052941244015038 ], [ -52.150595548675753, -32.05294490752442 ] ], [ [ -52.150923237724065, -32.053072525608215 ], [ -52.151570295094118, -32.0533245212794 ] ] ] } },
{ "type": "Feature", "properties": { "tipo": "rua", "nome": "CONDE DE PORTO ALEGRE", "drenagem": 0.0, "iluminacao": 1.0, "compriment": 103.35213171046045 }, "geometry": { "type": "LineString", "coordinates": [ [ -52.092035693923876, -32.034678324528159 ], [ -52.093105300761401, -32.034481967745265 ] ] } },
{ "type": "Feature", "properties": { "tipo": "rua", "nome": "CONDE DE PORTO ALEGRE", "drenagem": 0.0, "iluminacao": 1.0, "compriment": 57.845932407783771 }, "geometry": { "type": "LineString", "coordinates": [ [ -52.093105300761401, -32.034481967745265 ], [ -52.093701495290809, -32.034362755360348 ] ] } },
{ "type": "Feature", "properties": { "tipo": "rua", "nome": "CONDE DE PORTO ALEGRE", "drenagem": 0.0, "iluminacao": 1.0, "compriment": 127.39993005526037 }, "geometry": { "type": "MultiLineString", "coordinates": [ [ [ -52.093701495290809, -32.034362755360348 ], [ -52.094481353786463, -32.034222007129898 ] ], [ [ -52.094516581360381, -32.034215649285855 ], [ -52.094560721413444, -32.03420768292478 ] ], [ [ -52.094601682544486, -32.034200290292986 ], [ -52.094708311425165, -32.034181045998857 ] ], [ [ -52.09480648819968, -32.03416332713401 ], [ -52.094847449330722, -32.034155934502216 ] ] ] } },
{ "type": "Feature", "properties": { "tipo": "rua", "nome": "DOS CHARRUAS", "drenagem": 0.0, "iluminacao": 1.0, "compriment": 98.832790177372217 }, "geometry": { "type": "LineString", "coordinates": [ [ -52.156565530113944, -32.056217955191791 ], [ -52.156657796069624, -32.05619564682295 ] ] } },
{ "type": "Feature", "properties": { "tipo": "rua", "nome": "CONDE DE PORTO ALEGRE", "drenagem": 0.0, "iluminacao": 1.0, "compriment": 50.851929400054424 }, "geometry": { "type": "MultiLineString", "coordinates": [ [ [ -52.095052254985923, -32.034117879407432 ], [ -52.095139343804853, -32.03409912373678 ] ], [ [ -52.095175138379041, -32.03409141492579 ], [ -52.095202409992218, -32.034085541641467 ] ], [ [ -52.095257060641117, -32.034073771938033 ], [ -52.095542884218361, -32.034012216241855 ] ] ] } },
{ "type": "Feature", "properties": { "tipo": "rua", "nome": "CONDE DE PORTO ALEGRE", "drenagem": 0.0, "iluminacao": 1.0, "compriment": 127.98207675585867 }, "geometry": { "type": "LineString", "coordinates": [ [ -52.095542884218361, -32.034012216241855 ], [ -52.096866246225055, -32.033764625969724 ] ] } },
{ "type": "Feature", "properties": { "tipo": "rua", "nome": "CONDE DE PORTO ALEGRE", "drenagem": 0.0, "iluminacao": 1.0, "compriment": 9.9196900636591501 }, "geometry": { "type": "LineString", "coordinates": [ [ -52.096866246225055, -32.033764625969724 ], [ -52.096969959029096, -32.033750574609272 ] ] } },
{ "type": "Feature", "properties": { "tipo": "rua", "nome": "FELIPE CAMARAO", "drenagem": 0.0, "iluminacao": 0.0, "compriment": 69.857946815160503 }, "geometry": { "type": "LineString", "coordinates": [ [ -52.159289744300501, -32.053637583242711 ], [ -52.159138338304345, -32.053953162601374 ] ] } },
{ "type": "Feature", "properties": { "tipo": "rua", "nome": "CONSELHEIRO PINTO LIMA", "drenagem": 0.0, "iluminacao": 1.0, "compriment": 105.98149218915501 }, "geometry": { "type": "LineString", "coordinates": [ [ -52.099043681240687, -32.030822233253602 ], [ -52.099037409732347, -32.030929389493686 ] ] } },
{ "type": "Feature", "properties": { "tipo": "rua", "nome": "CONSELHEIRO PINTO LIMA", "drenagem": 0.0, "iluminacao": 1.0, "compriment": 66.150013360884785 }, "geometry": { "type": "LineString", "coordinates": [ [ -52.099037409732347, -32.030929389493686 ], [ -52.099017608907566, -32.031525702430677 ] ] } },
{ "type": "Feature", "properties": { "tipo": "rua", "nome": "CONSELHEIRO PINTO LIMA", "drenagem": 0.0, "iluminacao": 1.0, "compriment": 51.397216831914243 }, "geometry": { "type": "LineString", "coordinates": [ [ -52.099017608907566, -32.031525702430677 ], [ -52.098989377079342, -32.031969144922712 ] ] } },
{ "type": "Feature", "properties": { "tipo": "rua", "nome": "DUQUE DE CAXIAS", "drenagem": 1.0, "iluminacao": 1.0, "compriment": 76.323929461861127 }, "geometry": { "type": "MultiLineString", "coordinates": [ [ [ -52.096566571511822, -32.032357200438895 ], [ -52.09664973909647, -32.032785757205851 ] ], [ [ -52.096658194764636, -32.032829328674545 ], [ -52.096698357612652, -32.033036285031052 ] ] ] } },
{ "type": "Feature", "properties": { "tipo": "rua", "nome": "DUQUE DE CAXIAS", "drenagem": 1.0, "iluminacao": 1.0, "compriment": 82.30607650709355 }, "geometry": { "type": "MultiLineString", "coordinates": [ [ [ -52.096698357612652, -32.033036285031052 ], [ -52.096772622489588, -32.033358463822118 ] ], [ [ -52.096773396895031, -32.033361823378065 ], [ -52.096866246225055, -32.033764625969724 ] ] ] } },
{ "type": "Feature", "properties": { "tipo": "rua", "nome": "DUQUE DE CAXIAS", "drenagem": 1.0, "iluminacao": 1.0, "compriment": 76.963638461630438 }, "geometry": { "type": "MultiLineString", "coordinates": [ [ [ -52.096866246225055, -32.033764625969724 ], [ -52.096907312295095, -32.033935279212621 ] ], [ [ -52.096917169199351, -32.033976240343662 ], [ -52.096936467013748, -32.034056433909882 ] ], [ [ -52.096956596816376, -32.034140084867815 ], [ -52.09697742814479, -32.034226651070611 ] ], [ [ -52.097005881337658, -32.034344890523016 ], [ -52.097018389275824, -32.034396868231312 ] ] ] } },
{ "type": "Feature", "properties": { "tipo": "rua", "nome": "FELIPE CAMARAO", "drenagem": 0.0, "iluminacao": 1.0, "compriment": 22.36406945138047 }, "geometry": { "type": "LineString", "coordinates": [ [ -52.158580580596983, -32.054822398567673 ], [ -52.158477785168955, -32.055004089267761 ] ] } },
{ "type": "Feature", "properties": { "tipo": "rua", "nome": "DOUTOR MARIO WERNECK", "drenagem": 1.0, "iluminacao": 1.0, "compriment": 60.179194391287041 }, "geometry": { "type": "LineString", "coordinates": [ [ -52.090492063608991, -32.039260226247784 ], [ -52.09047736471225, -32.039301187378818 ] ] } },
{ "type": "Feature", "properties": { "tipo": "rua", "nome": "RODRIGUES DUARTE", "drenagem": 0.0, "iluminacao": 1.0, "compriment": 113.3828663138665 }, "geometry": { "type": "MultiLineString", "coordinates": [ [ [ -52.150554587544711, -32.055295324608394 ], [ -52.150543789619093, -32.055316989615342 ] ], [ [ -52.150513626413669, -32.055377509207531 ], [ -52.150502959237883, -32.055398911877418 ] ] ] } },
{ "type": "Feature", "properties": { "tipo": "rua", "nome": "JOAQUIM GONCALVES LEDO", "drenagem": 0.0, "iluminacao": 1.0, "compriment": 90.234358967023766 }, "geometry": { "type": "MultiLineString", "coordinates": [ [ [ -52.197037638049778, -32.080656263278925 ], [ -52.197066180498325, -32.080671929728915 ] ], [ [ -52.197404592963288, -32.080857678402445 ], [ -52.197439312565955, -32.080876735384109 ] ], [ [ -52.19751750216745, -32.080919652286603 ], [ -52.197588565393012, -32.080958657646192 ] ] ] } },
{ "type": "Feature", "properties": { "tipo": "rua", "nome": "REVOCATA DE MELLO", "drenagem": 1.0, "iluminacao": 1.0, "compriment": 40.964930915987658 }, "geometry": { "type": "LineString", "coordinates": [ [ -52.092003445125044, -32.039729772643852 ], [ -52.091995580679288, -32.039751759820255 ] ] } },
{ "type": "Feature", "properties": { "tipo": "rua", "nome": "AMERICO VESPUCIO", "drenagem": 1.0, "iluminacao": 1.0, "compriment": 110.50606606887115 }, "geometry": { "type": "LineString", "coordinates": [ [ -52.100295279759003, -32.04370398261036 ], [ -52.100336240890044, -32.043696607061037 ] ] } },
{ "type": "Feature", "properties": { "tipo": "rua", "nome": "FELIPE CAMARAO", "drenagem": 0.0, "iluminacao": 1.0, "compriment": 92.515446952237696 }, "geometry": { "type": "LineString", "coordinates": [ [ -52.158477785168955, -32.055004089267761 ], [ -52.1580878958992, -32.055769484259315 ] ] } },
{ "type": "Feature", "properties": { "tipo": "rua", "nome": "TIRADENTES", "drenagem": 1.0, "iluminacao": 1.0, "compriment": 119.24976596528766 }, "geometry": { "type": "MultiLineString", "coordinates": [ [ [ -52.10443274395152, -32.038666094868951 ], [ -52.104473315125048, -32.038683788580542 ] ], [ [ -52.104480152381917, -32.038686770413221 ], [ -52.104596198518173, -32.0387373799147 ] ], [ [ -52.104637159649208, -32.038755243692748 ], [ -52.104719081911291, -32.038790971248851 ] ], [ [ -52.104760043042333, -32.038808835026906 ], [ -52.105460904240175, -32.03911449135439 ], [ -52.105551070466312, -32.039106435321621 ] ] ] } },
{ "type": "Feature", "properties": { "tipo": "rua", "nome": "ANDRADE NEVES", "drenagem": 1.0, "iluminacao": 1.0, "compriment": 82.342119293808395 }, "geometry": { "type": "LineString", "coordinates": [ [ -52.092035693923876, -32.034678324528159 ], [ -52.091861005154321, -32.033950813016091 ] ] } },
{ "type": "Feature", "properties": { "tipo": "rua", "nome": "TIRADENTES", "drenagem": 1.0, "iluminacao": 1.0, "compriment": 120.17845947729148 }, "geometry": { "type": "LineString", "coordinates": [ [ -52.107835676897167, -32.040067710281114 ], [ -52.108897117277337, -32.040542591116754 ] ] } },
{ "type": "Feature", "properties": { "tipo": "rua", "nome": "TIRADENTES", "drenagem": 1.0, "iluminacao": 1.0, "compriment": 119.3932581265703 }, "geometry": { "type": "MultiLineString", "coordinates": [ [ [ -52.111272862877641, -32.041547651144228 ], [ -52.111320889958016, -32.041568181484671 ] ], [ [ -52.111395746270759, -32.041600180631249 ], [ -52.111436707401801, -32.041617690460257 ] ], [ [ -52.111477668532842, -32.041635200289271 ], [ -52.111482015973593, -32.041637058708268 ] ], [ [ -52.111671116020666, -32.041717894110164 ], [ -52.111682474188036, -32.041722749434307 ] ], [ [ -52.111763705746725, -32.041757473834409 ], [ -52.111805357581154, -32.041775278921335 ] ], [ [ -52.11186275858384, -32.04179981637224 ], [ -52.111887279843238, -32.04181029857935 ] ] ] } },
{ "type": "Feature", "properties": { "tipo": "rua", "nome": "SALDANHA MARINHO", "drenagem": 1.0, "iluminacao": 1.0, "compriment": 100.62247459727016 }, "geometry": { "type": "LineString", "coordinates": [ [ -52.12231558556379, -32.0391783039857 ], [ -52.122250445996279, -32.039288468916581 ] ] } },
{ "type": "Feature", "properties": { "tipo": "avenida", "nome": "BUARQUE DE MACEDO", "drenagem": 1.0, "iluminacao": 1.0, "compriment": 61.515480758704641 }, "geometry": { "type": "LineString", "coordinates": [ [ -52.11873028122254, -32.046960918883244 ], [ -52.118686827595823, -32.046942665734164 ] ] } },
{ "type": "Feature", "properties": { "tipo": "rua", "nome": "PADRE FEIJO", "drenagem": 1.0, "iluminacao": 1.0, "compriment": 101.71799894871022 }, "geometry": { "type": "MultiLineString", "coordinates": [ [ [ -52.112475430461402, -32.03698318897284 ], [ -52.112411418594732, -32.037089286302674 ] ], [ [ -52.112312566023682, -32.037253130826834 ], [ -52.112296891153633, -32.037279111351133 ] ], [ [ -52.112263139738154, -32.037335053088917 ], [ -52.112255930022592, -32.037347002928996 ] ], [ [ -52.11223842659539, -32.037376014219952 ], [ -52.112213713452633, -32.037416975350993 ] ], [ [ -52.112189000309868, -32.037457936482035 ], [ -52.111983189330232, -32.037799060659857 ] ] ] } },
{ "type": "Feature", "properties": { "tipo": "rua", "nome": "CAPITAO ANDRINO", "drenagem": 1.0, "iluminacao": 1.0, "compriment": 71.129980770295333 }, "geometry": { "type": "LineString", "coordinates": [ [ -52.103448939329326, -32.038378474631081 ], [ -52.104119041992632, -32.038659101324235 ] ] } },
{ "type": "Feature", "properties": { "tipo": "rua", "nome": "JOAO MANOEL", "drenagem": 1.0, "iluminacao": 1.0, "compriment": 120.70131971803379 }, "geometry": { "type": "LineString", "coordinates": [ [ -52.105886713073168, -32.036187185710823 ], [ -52.107020664771532, -32.036655382270823 ] ] } },
{ "type": "Feature", "properties": { "tipo": "rua", "nome": "JOAO MANOEL", "drenagem": 1.0, "iluminacao": 1.0, "compriment": 118.48221490704489 }, "geometry": { "type": "LineString", "coordinates": [ [ -52.107020664771532, -32.036655382270823 ], [ -52.108148719391586, -32.037122673846177 ] ] } },
{ "type": "Feature", "properties": { "tipo": "rua", "nome": "JOAO MANOEL", "drenagem": 1.0, "iluminacao": 1.0, "compriment": 120.00370689996227 }, "geometry": { "type": "LineString", "coordinates": [ [ -52.108148719391586, -32.037122673846177 ], [ -52.109285210464066, -32.037606428814385 ] ] } },
{ "type": "Feature", "properties": { "tipo": "rua", "nome": "JOAO MANOEL", "drenagem": 1.0, "iluminacao": 1.0, "compriment": 120.98615343595017 }, "geometry": { "type": "LineString", "coordinates": [ [ -52.109285210464066, -32.037606428814385 ], [ -52.110424999446103, -32.038104261093302 ] ] } },
{ "type": "Feature", "properties": { "tipo": "rua", "nome": "JOAO MANOEL", "drenagem": 1.0, "iluminacao": 1.0, "compriment": 120.67147787651615 }, "geometry": { "type": "LineString", "coordinates": [ [ -52.105870673653691, -32.03625134338872 ], [ -52.106971900892191, -32.036727873269101 ] ] } },
{ "type": "Feature", "properties": { "tipo": "avenida", "nome": "PRESIDENTE VARGAS", "drenagem": 1.0, "iluminacao": 1.0, "compriment": 59.331510496863835 }, "geometry": { "type": "LineString", "coordinates": [ [ -52.109394481449989, -32.046908255596747 ], [ -52.109922386808606, -32.047198299662817 ] ] } },
{ "type": "Feature", "properties": { "tipo": "rua", "nome": "DOUTOR MARCIANO ESPINDOLA", "drenagem": 1.0, "iluminacao": 1.0, "compriment": 69.951516490808558 }, "geometry": { "type": "LineString", "coordinates": [ [ -52.084715243685665, -32.03898010548032 ], [ -52.085438544516066, -32.038844576868122 ] ] } },
{ "type": "Feature", "properties": { "tipo": "rua", "nome": "1 VELHA", "drenagem": 1.0, "iluminacao": 1.0, "compriment": 76.212106540408627 }, "geometry": { "type": "MultiLineString", "coordinates": [ [ [ -52.086861808911429, -32.035723845404135 ], [ -52.086825196427576, -32.036065258026682 ] ], [ [ -52.086824114085367, -32.036075350903531 ], [ -52.086788410479649, -32.036408288207404 ] ] ] } },
{ "type": "Feature", "properties": { "tipo": "avenida", "nome": "PRESIDENTE VARGAS", "drenagem": 1.0, "iluminacao": 1.0, "compriment": 55.722415905349798 }, "geometry": { "type": "LineString", "coordinates": [ [ -52.120297383395979, -32.051605998202859 ], [ -52.12083154200468, -32.051819442575116 ] ] } },
{ "type": "Feature", "properties": { "tipo": "avenida", "nome": "PRESIDENTE VARGAS", "drenagem": 1.0, "iluminacao": 1.0, "compriment": 77.28600386454309 }, "geometry": { "type": "LineString", "coordinates": [ [ -52.12083154200468, -32.051819442575116 ], [ -52.121569329643393, -32.052121019048137 ] ] } },
{ "type": "Feature", "properties": { "tipo": "avenida", "nome": "PRESIDENTE VARGAS", "drenagem": 1.0, "iluminacao": 1.0, "compriment": 46.95037296137339 }, "geometry": { "type": "LineString", "coordinates": [ [ -52.121569329643393, -32.052121019048137 ], [ -52.122017981039122, -32.052303418071027 ] ] } },
{ "type": "Feature", "properties": { "tipo": "rua", "nome": "VISCONDE DE MAUA", "drenagem": 1.0, "iluminacao": 1.0, "compriment": 117.61736457041935 }, "geometry": { "type": "LineString", "coordinates": [ [ -52.127546670317649, -32.042424158233104 ], [ -52.128655751317083, -32.042906512226089 ] ] } },
{ "type": "Feature", "properties": { "tipo": "rua", "nome": "VISCONDE DE MAUA", "drenagem": 1.0, "iluminacao": 1.0, "compriment": 122.52712729317975 }, "geometry": { "type": "LineString", "coordinates": [ [ -52.128655751317083, -32.042906512226089 ], [ -52.129650570517569, -32.043315378220711 ] ] } },
{ "type": "Feature", "properties": { "tipo": "avenida", "nome": "PRESIDENTE VARGAS", "drenagem": 1.0, "iluminacao": 1.0, "compriment": 176.51669208754282 }, "geometry": { "type": "LineString", "coordinates": [ [ -52.113853414133139, -32.048914543702281 ], [ -52.113280923411594, -32.048695112803323 ], [ -52.112785650610306, -32.048486754991359 ], [ -52.112205843382931, -32.048194631369071 ] ] } },
{ "type": "Feature", "properties": { "tipo": "avenida", "nome": "PRESIDENTE VARGAS", "drenagem": 1.0, "iluminacao": 1.0, "compriment": 82.25998714832464 }, "geometry": { "type": "LineString", "coordinates": [ [ -52.112205843382931, -32.048194631369071 ], [ -52.111457882972253, -32.047814513291371 ] ] } },
{ "type": "Feature", "properties": { "tipo": "avenida", "nome": "PRESIDENTE VARGAS", "drenagem": 1.0, "iluminacao": 1.0, "compriment": 104.68938079388832 }, "geometry": { "type": "MultiLineString", "coordinates": [ [ [ -52.11125122314931, -32.047708827047941 ], [ -52.111071155879465, -32.047616296979875 ] ], [ [ -52.11106805722244, -32.047614704691917 ], [ -52.110302110038141, -32.047221112090881 ] ] ] } },
{ "type": "Feature", "properties": { "tipo": "rua", "nome": "LUIZ LOREA", "drenagem": 1.0, "iluminacao": 1.0, "compriment": 7.3835718017371041 }, "geometry": { "type": "LineString", "coordinates": [ [ -52.096566571511822, -32.032357200438895 ], [ -52.096643304876096, -32.032344509804176 ] ] } },
{ "type": "Feature", "properties": { "tipo": "rua", "nome": "LUIZ LOREA", "drenagem": 1.0, "iluminacao": 1.0, "compriment": 62.467636894732529 }, "geometry": { "type": "LineString", "coordinates": [ [ -52.099316134048607, -32.031928183791678 ], [ -52.099634547879695, -32.031869599113179 ] ] } },
{ "type": "Feature", "properties": { "tipo": "rua", "nome": "LUIZ LOREA", "drenagem": 1.0, "iluminacao": 1.0, "compriment": 35.639546738028685 }, "geometry": { "type": "LineString", "coordinates": [ [ -52.099634547879695, -32.031869599113179 ], [ -52.100005353111783, -32.031810239368973 ] ] } },
{ "type": "Feature", "properties": { "tipo": "rua", "nome": "VEIGA CABRAL", "drenagem": 1.0, "iluminacao": 1.0, "compriment": 92.123156699640532 }, "geometry": { "type": "LineString", "coordinates": [ [ -52.116537386567359, -32.049044182986101 ], [ -52.1161286223413, -32.049798497779143 ] ] } },
{ "type": "Feature", "properties": { "tipo": "travessa", "nome": "SERGIPE", "drenagem": 0.0, "iluminacao": 1.0, "compriment": 87.421194612966417 }, "geometry": { "type": "LineString", "coordinates": [ [ -52.116318278011178, -32.048033192078023 ], [ -52.115925262719763, -32.048746978518921 ] ] } },
{ "type": "Feature", "properties": { "tipo": "avenida", "nome": "COMENDADOR VASCO VIEIRA DA FONSECA", "drenagem": 0.0, "iluminacao": 1.0, "compriment": 190.03033539002743 }, "geometry": { "type": "LineString", "coordinates": [ [ -52.109470573111892, -32.029408269974248 ], [ -52.109511534242934, -32.029413497199727 ] ] } },
{ "type": "Feature", "properties": { "tipo": "rua", "nome": "GENERAL NETTO", "drenagem": 1.0, "iluminacao": 1.0, "compriment": 97.658069951769761 }, "geometry": { "type": "LineString", "coordinates": [ [ -52.097652134053384, -32.030740310991526 ], [ -52.09766688053918, -32.03094669838945 ] ] } },
{ "type": "Feature", "properties": { "tipo": "rua", "nome": "GENERAL NETTO", "drenagem": 1.0, "iluminacao": 1.0, "compriment": 62.885178338493837 }, "geometry": { "type": "MultiLineString", "coordinates": [ [ [ -52.09766688053918, -32.03094669838945 ], [ -52.097784381939526, -32.031436650219199 ] ], [ [ -52.097796650765581, -32.031487808194811 ], [ -52.097800133504101, -32.031502330354598 ] ] ] } },
{ "type": "Feature", "properties": { "tipo": "rua", "nome": "GENERAL NETTO", "drenagem": 1.0, "iluminacao": 1.0, "compriment": 72.268296378639747 }, "geometry": { "type": "LineString", "coordinates": [ [ -52.097800133504101, -32.031502330354598 ], [ -52.09780411761146, -32.031518572481275 ] ] } },
{ "type": "Feature", "properties": { "tipo": "rua", "nome": "ALLAN KARDEC", "drenagem": 1.0, "iluminacao": 1.0, "compriment": 90.902134883079029 }, "geometry": { "type": "MultiLineString", "coordinates": [ [ [ -52.099926629579642, -32.044413507271713 ], [ -52.099886759330424, -32.044482225014434 ] ], [ [ -52.099844707317565, -32.044554703101653 ], [ -52.099827028423093, -32.04458517328294 ] ], [ [ -52.09978611897872, -32.044655682114175 ], [ -52.099719370763943, -32.044770724952869 ] ], [ [ -52.099680862793406, -32.044837094761533 ], [ -52.099652415337353, -32.044886124928247 ] ], [ [ -52.09959894053133, -32.044978290591473 ], [ -52.099589370659871, -32.044994784593335 ] ], [ [ -52.099557979400288, -32.045048888506443 ], [ -52.099541839107218, -32.045076706855419 ] ], [ [ -52.099517018269246, -32.04511948642142 ], [ -52.099501640923478, -32.045145989804539 ] ] ] } },
{ "type": "Feature", "properties": { "tipo": "rua", "nome": "TOBIAS BARRETO", "drenagem": 0.0, "iluminacao": 1.0, "compriment": 99.615012687997606 }, "geometry": { "type": "LineString", "coordinates": [ [ -52.128193648787331, -32.043699667330472 ], [ -52.12769607068396, -32.0444917560786 ] ] } },
{ "type": "Feature", "properties": { "tipo": "rua", "nome": "1 NOVA", "drenagem": 0.0, "iluminacao": 1.0, "compriment": 390.42193694536661 }, "geometry": { "type": "LineString", "coordinates": [ [ -52.086871687598943, -32.038973498330499 ], [ -52.086921482305542, -32.038541818308403 ] ] } },
{ "type": "Feature", "properties": { "tipo": "rua", "nome": "MONTEIRO LOBATO", "drenagem": 1.0, "iluminacao": 1.0, "compriment": 11.613269085078093 }, "geometry": { "type": "LineString", "coordinates": [ [ -52.083964582086182, -32.036596488772233 ], [ -52.08408470680483, -32.036574168099982 ] ] } },
{ "type": "Feature", "properties": { "tipo": "rua", "nome": "MEXICO", "drenagem": 0.0, "iluminacao": 1.0, "compriment": 147.96197552127919 }, "geometry": { "type": "MultiLineString", "coordinates": [ [ [ -52.138225287101761, -32.054150218827154 ], [ -52.13809279269843, -32.054519506105159 ] ], [ [ -52.137953630320681, -32.054907378304947 ], [ -52.137772345534188, -32.055412653725369 ] ] ] } },
{ "type": "Feature", "properties": { "tipo": "rua", "nome": "DA LAGOA", "drenagem": 0.0, "iluminacao": 1.0, "compriment": 117.30293131546809 }, "geometry": { "type": "LineString", "coordinates": [ [ -52.137685253059523, -32.049238031325309 ], [ -52.136608498618621, -32.048794681326591 ] ] } },
{ "type": "Feature", "properties": { "tipo": "travessa", "nome": "SAUL PORTO", "drenagem": 1.0, "iluminacao": 1.0, "compriment": 191.63651403131277 }, "geometry": { "type": "LineString", "coordinates": [ [ -52.081796521423726, -32.042823844648233 ], [ -52.081888420081334, -32.043184116780061 ] ] } },
{ "type": "Feature", "properties": { "tipo": "rua", "nome": "EDGAR FONTOURA", "drenagem": 1.0, "iluminacao": 1.0, "compriment": 55.100363180421652 }, "geometry": { "type": "LineString", "coordinates": [ [ -52.085161365834807, -32.037716406701755 ], [ -52.085731183278625, -32.037609984170743 ] ] } },
{ "type": "Feature", "properties": { "tipo": "rua", "nome": "MARCIANO ESPINDOLA", "drenagem": 1.0, "iluminacao": 1.0, "compriment": 53.878063430199298 }, "geometry": { "type": "LineString", "coordinates": [ [ -52.085438544516066, -32.038844576868122 ], [ -52.085993457692901, -32.038732055464124 ] ] } },
{ "type": "Feature", "properties": { "tipo": "rua", "nome": "OITO DE JULHO", "drenagem": 1.0, "iluminacao": 1.0, "compriment": 39.772125833815821 }, "geometry": { "type": "LineString", "coordinates": [ [ -52.085604680816047, -32.042483267768858 ], [ -52.086008347474255, -32.042381152105875 ] ] } },
{ "type": "Feature", "properties": { "tipo": "rua", "nome": "MONTEIRO LOBATO", "drenagem": 1.0, "iluminacao": 1.0, "compriment": 35.953192002673291 }, "geometry": { "type": "LineString", "coordinates": [ [ -52.086788410479649, -32.036408288207404 ], [ -52.087064834433178, -32.036404883306396 ] ] } },
{ "type": "Feature", "properties": { "tipo": "rua", "nome": "AMERICA", "drenagem": 1.0, "iluminacao": 1.0, "compriment": 89.431884277676673 }, "geometry": { "type": "LineString", "coordinates": [ [ -52.113197327752431, -32.04684257775272 ], [ -52.112686994328897, -32.047521936662186 ] ] } },
{ "type": "Feature", "properties": { "tipo": "rua", "nome": "MEXICO", "drenagem": 0.0, "iluminacao": 1.0, "compriment": 117.73478547559125 }, "geometry": { "type": "MultiLineString", "coordinates": [ [ [ -52.138921626329434, -32.052301804094718 ], [ -52.138793899423383, -32.052644829071895 ] ], [ [ -52.138647799754217, -32.053037196171609 ], [ -52.138547280022195, -32.053307153221766 ] ] ] } },
{ "type": "Feature", "properties": { "tipo": "avenida", "nome": "CIDADE DE PELOTAS", "drenagem": 1.0, "iluminacao": 1.0, "compriment": 122.06975284569164 }, "geometry": { "type": "LineString", "coordinates": [ [ -52.108590677087157, -32.036357505781453 ], [ -52.10974053335498, -32.036860005416976 ] ] } },
{ "type": "Feature", "properties": { "tipo": "avenida", "nome": "CIDADE DE PELOTAS", "drenagem": 1.0, "iluminacao": 1.0, "compriment": 59.111995708768006 }, "geometry": { "type": "LineString", "coordinates": [ [ -52.12769607068396, -32.0444917560786 ], [ -52.128257290704362, -32.044727717685376 ] ] } },
{ "type": "Feature", "properties": { "tipo": "avenida", "nome": "CIDADE DE PELOTAS", "drenagem": 1.0, "iluminacao": 1.0, "compriment": 60.81016822631792 }, "geometry": { "type": "LineString", "coordinates": [ [ -52.129380612618903, -32.045206560045479 ], [ -52.129960141627784, -32.045445498993622 ] ] } },
{ "type": "Feature", "properties": { "tipo": "avenida", "nome": "CIDADE DE PELOTAS", "drenagem": 1.0, "iluminacao": 1.0, "compriment": 12.54719652719962 }, "geometry": { "type": "LineString", "coordinates": [ [ -52.131002343308438, -32.045886388093926 ], [ -52.131122692331942, -32.045934307531851 ] ] } },
{ "type": "Feature", "properties": { "tipo": "rua", "nome": "GENERAL ABREU", "drenagem": 0.0, "iluminacao": 1.0, "compriment": 289.33474362806368 }, "geometry": { "type": "MultiLineString", "coordinates": [ [ [ -52.125867157835152, -32.048768376792758 ], [ -52.126592325886492, -32.049063852635122 ] ], [ [ -52.126633287017526, -32.049080542593643 ], [ -52.126658700906809, -32.049090897697305 ] ], [ [ -52.126674248148568, -32.049097232552164 ], [ -52.127288665114165, -32.049347581929993 ] ], [ [ -52.127329626245199, -32.049364271888514 ], [ -52.12736239946765, -32.049377625614582 ] ], [ [ -52.127370587376241, -32.049380961847035 ], [ -52.127616354162484, -32.049481101598168 ] ], [ [ -52.127657315293519, -32.049497791556689 ], [ -52.128630783509934, -32.049894439396773 ] ] ] } },
{ "type": "Feature", "properties": { "tipo": "rua", "nome": "FORTE SANTANA", "drenagem": 0.0, "iluminacao": 1.0, "compriment": 65.448069562635737 }, "geometry": { "type": "LineString", "coordinates": [ [ -52.125054523728451, -32.052777399490878 ], [ -52.12474980128799, -32.053258495507485 ] ] } },
{ "type": "Feature", "properties": { "tipo": "rua", "nome": "ROSA CRUZ", "drenagem": 0.0, "iluminacao": 1.0, "compriment": 158.87250792530659 }, "geometry": { "type": "MultiLineString", "coordinates": [ [ [ -52.127559008537759, -32.048669557995886 ], [ -52.126141753445054, -32.047997431369559 ] ], [ [ -52.126115429074062, -32.047984947159236 ], [ -52.126100792314013, -32.047978005743957 ] ] ] } },
{ "type": "Feature", "properties": { "tipo": "rua", "nome": "SOLDADO BOMBEIRO ANTONIO SILVEIRA DE AZEVEDO", "drenagem": 1.0, "iluminacao": 1.0, "compriment": 7.7694321328718976 }, "geometry": { "type": "LineString", "coordinates": [ [ -52.082926281483594, -32.041164274137756 ], [ -52.082943221595087, -32.041232838180939 ] ] } },
{ "type": "Feature", "properties": { "tipo": "rua", "nome": "PROFESSOR ANTENOR MONTEIRO", "drenagem": 1.0, "iluminacao": 1.0, "compriment": 145.34794965829192 }, "geometry": { "type": "LineString", "coordinates": [ [ -52.08408470680483, -32.036574168099982 ], [ -52.084416964428428, -32.037854018655977 ] ] } },
{ "type": "Feature", "properties": { "tipo": "avenida", "nome": "SENADOR SALGADO FILHO", "drenagem": 1.0, "iluminacao": 1.0, "compriment": 175.03276022152187 }, "geometry": { "type": "MultiLineString", "coordinates": [ [ [ -52.090423647178433, -32.03923320156855 ], [ -52.090378363687641, -32.039219265116742 ] ], [ [ -52.090300763785315, -32.039195382962781 ], [ -52.090245269337231, -32.0391783039857 ] ], [ [ -52.090136919261155, -32.039144958155084 ], [ -52.090112174986821, -32.039137342854659 ] ], [ [ -52.089850191343878, -32.039056714741626 ], [ -52.089845986286022, -32.039055420592582 ] ], [ [ -52.08972730795076, -32.03901889613585 ], [ -52.089712891935612, -32.039014459461541 ] ], [ [ -52.089481541164524, -32.038943258924313 ], [ -52.089446703234813, -32.038932537199464 ] ], [ [ -52.089317696640364, -32.038892834116623 ], [ -52.089313608884403, -32.038891576068423 ] ] ] } },
{ "type": "Feature", "properties": { "tipo": "avenida", "nome": "CIDADE DE PELOTAS", "drenagem": 1.0, "iluminacao": 1.0, "compriment": 124.04441671248676 }, "geometry": { "type": "MultiLineString", "coordinates": [ [ [ -52.136083614514362, -32.048043481874636 ], [ -52.136138094910486, -32.048066869421312 ] ], [ [ -52.136218191680818, -32.048101253660199 ], [ -52.136233512299732, -32.048107830552354 ] ], [ [ -52.13625915281186, -32.048118837606573 ], [ -52.136328929688979, -32.048148791683396 ] ], [ [ -52.136382036204978, -32.048171589445708 ], [ -52.136850863369965, -32.048372849311363 ] ] ] } },
{ "type": "Feature", "properties": { "tipo": "rua", "nome": "BERNARDO TAVEIRA", "drenagem": 0.0, "iluminacao": 1.0, "compriment": 139.53395906626537 }, "geometry": { "type": "LineString", "coordinates": [ [ -52.169133444710575, -32.060416594119729 ], [ -52.170456577382403, -32.060976777583278 ] ] } },
{ "type": "Feature", "properties": { "tipo": "rua", "nome": "MARCIANO ESPINDOLA", "drenagem": 1.0, "iluminacao": 1.0, "compriment": 38.128146387986277 }, "geometry": { "type": "LineString", "coordinates": [ [ -52.086921482305542, -32.038541818308403 ], [ -52.087064834433178, -32.038506699727947 ] ] } },
{ "type": "Feature", "properties": { "tipo": "rua", "nome": "MARCIANO ESPINDOLA", "drenagem": 1.0, "iluminacao": 1.0, "compriment": 30.712485848416044 }, "geometry": { "type": "LineString", "coordinates": [ [ -52.086603449653175, -32.038599489506048 ], [ -52.086921482305542, -32.038541818308403 ] ] } },
{ "type": "Feature", "properties": { "tipo": "rua", "nome": "MARECHAL JOAO MASCARENHAS DE MORAES", "drenagem": 1.0, "iluminacao": 1.0, "compriment": 69.79884536653401 }, "geometry": { "type": "LineString", "coordinates": [ [ -52.085877031154354, -32.040589534097151 ], [ -52.08515870119426, -32.040737339656864 ] ] } },
{ "type": "Feature", "properties": { "tipo": "rua", "nome": "1 VELHA", "drenagem": 1.0, "iluminacao": 1.0, "compriment": 95.962943236237095 }, "geometry": { "type": "LineString", "coordinates": [ [ -52.086353824767805, -32.041574503943693 ], [ -52.086314275577976, -32.041789715187569 ], [ -52.086210132756896, -32.042040708377655 ], [ -52.086008347474255, -32.042381152105875 ] ] } },
{ "type": "Feature", "properties": { "tipo": "avenida", "nome": "HONORIO BICALHO", "drenagem": 1.0, "iluminacao": 1.0, "compriment": 275.68488499403804 }, "geometry": { "type": "MultiLineString", "coordinates": [ [ [ -52.080256296654781, -32.031559533612317 ], [ -52.079732791977072, -32.03311079984087 ] ], [ [ -52.079731017985182, -32.033116056591822 ], [ -52.079691830846038, -32.033232177207616 ] ] ] } },
{ "type": "Feature", "properties": { "tipo": "rua", "nome": "FORTE SANTANA", "drenagem": 0.0, "iluminacao": 1.0, "compriment": 15.858457930247091 }, "geometry": { "type": "LineString", "coordinates": [ [ -52.12474980128799, -32.053258495507485 ], [ -52.124680147499944, -32.053388625798071 ] ] } },
{ "type": "Feature", "properties": { "tipo": "rua", "nome": "MADAME ELISA EMIL", "drenagem": 1.0, "iluminacao": 1.0, "compriment": 99.727238964658454 }, "geometry": { "type": "LineString", "coordinates": [ [ -52.110838379214684, -32.046564117273874 ], [ -52.111743039935646, -32.047027950739235 ] ] } },
{ "type": "Feature", "properties": { "tipo": "rua", "nome": "GUARDA MARINHA LIMA BARRETO", "drenagem": 0.0, "iluminacao": 1.0, "compriment": 28.175175598611219 }, "geometry": { "type": "LineString", "coordinates": [ [ -52.159656030142607, -32.055231612297646 ], [ -52.159522379533897, -32.0554587794052 ] ] } },
{ "type": "Feature", "properties": { "tipo": "rua", "nome": "TOBIAS BARRETO", "drenagem": 1.0, "iluminacao": 1.0, "compriment": 99.616296998842884 }, "geometry": { "type": "LineString", "coordinates": [ [ -52.127222783948696, -32.045316078602617 ], [ -52.126749656928546, -32.046118979368927 ] ] } },
{ "type": "Feature", "properties": { "tipo": "avenida", "nome": "DOS BANDEIRANTES", "drenagem": 0.0, "iluminacao": 1.0, "compriment": 99.628910728601866 }, "geometry": { "type": "MultiLineString", "coordinates": [ [ [ -52.143272659306298, -32.053596203283867 ], [ -52.143459158815624, -32.053678544373753 ] ], [ [ -52.143468311874841, -32.053682585525792 ], [ -52.143551934255576, -32.053719505504795 ] ], [ [ -52.143673117530042, -32.053773008931863 ], [ -52.143737485135475, -32.053801427766871 ] ], [ [ -52.144082728840438, -32.053953855744005 ], [ -52.144108586895278, -32.05396527229103 ] ], [ [ -52.14412368997148, -32.053971940425221 ], [ -52.144209251526661, -32.054009716565929 ] ] ] } },
{ "type": "Feature", "properties": { "tipo": "avenida", "nome": "DOS BANDEIRANTES", "drenagem": 0.0, "iluminacao": 1.0, "compriment": 94.996770420865488 }, "geometry": { "type": "LineString", "coordinates": [ [ -52.144209251526661, -32.054009716565929 ], [ -52.144382981767258, -32.054088155684148 ] ] } },
{ "type": "Feature", "properties": { "tipo": "avenida", "nome": "DOS BANDEIRANTES", "drenagem": 1.0, "iluminacao": 1.0, "compriment": 140.00298995109839 }, "geometry": { "type": "MultiLineString", "coordinates": [ [ [ -52.145106100514255, -32.05441453152811 ], [ -52.145109100898338, -32.054415844732468 ] ], [ [ -52.145147718247472, -32.054432746725581 ], [ -52.145202688103574, -32.054456805863509 ] ], [ [ -52.146294629916582, -32.054934725591743 ], [ -52.146352832126297, -32.054960199462165 ] ] ] } },
{ "type": "Feature", "properties": { "tipo": "avenida", "nome": "SENADOR SALGADO FILHO", "drenagem": 0.0, "iluminacao": 1.0, "compriment": 42.427380581130755 }, "geometry": { "type": "LineString", "coordinates": [ [ -52.097151554670504, -32.041185399406643 ], [ -52.097182233799984, -32.04124623359268 ] ] } },
{ "type": "Feature", "properties": { "tipo": "avenida", "nome": "DOS BANDEIRANTES", "drenagem": 1.0, "iluminacao": 1.0, "compriment": 80.70440556369249 }, "geometry": { "type": "MultiLineString", "coordinates": [ [ [ -52.141589958016709, -32.052440122322878 ], [ -52.141611041364051, -32.052449710442566 ] ], [ [ -52.141625060978058, -32.052456086172896 ], [ -52.142343783484826, -32.052782941169191 ] ] ] } },
{ "type": "Feature", "properties": { "tipo": "rua", "nome": "GUATEMALA", "drenagem": 0.0, "iluminacao": 1.0, "compriment": 67.716293914928741 }, "geometry": { "type": "MultiLineString", "coordinates": [ [ [ -52.132550358016346, -32.050801931136427 ], [ -52.132654573280362, -32.050848358840881 ] ], [ [ -52.13266325455406, -32.050852226332012 ], [ -52.13284714368389, -32.050934148594095 ] ], [ [ -52.132862885384625, -32.050941161492219 ], [ -52.133174649324523, -32.051080051742098 ] ] ] } },
{ "type": "Feature", "properties": { "tipo": "rua", "nome": "VISCONDE DE RIO BRANCO", "drenagem": 1.0, "iluminacao": 1.0, "compriment": 120.89675773172536 }, "geometry": { "type": "MultiLineString", "coordinates": [ [ [ -52.113730530740021, -32.037533504868072 ], [ -52.113745630767092, -32.037539858744111 ] ], [ [ -52.113935336395222, -32.037619684166849 ], [ -52.113940319547353, -32.037621781006195 ] ], [ [ -52.114426869967701, -32.037826514483896 ], [ -52.114427041497976, -32.037826586661389 ] ], [ [ -52.114590714491854, -32.037895457922907 ], [ -52.114621730278245, -32.037908508923472 ] ] ] } },
{ "type": "Feature", "properties": { "tipo": "avenida", "nome": "CIDADE DE PELOTAS", "drenagem": 1.0, "iluminacao": 1.0, "compriment": 65.485184553898335 }, "geometry": { "type": "MultiLineString", "coordinates": [ [ [ -52.13227509760825, -32.046426142300234 ], [ -52.13237283208462, -32.046469385310765 ] ], [ [ -52.132408806494126, -32.046485302332343 ], [ -52.132465409235117, -32.046510346441806 ] ], [ [ -52.132531689887244, -32.046539672581815 ], [ -52.132557986385613, -32.046551307572848 ] ], [ [ -52.132613612149321, -32.046575919414799 ], [ -52.132650563536096, -32.046592268703883 ] ] ] } },
{ "type": "Feature", "properties": { "tipo": "avenida", "nome": "BUARQUE DE MACEDO", "drenagem": 1.0, "iluminacao": 1.0, "compriment": 120.024426557593 }, "geometry": { "type": "MultiLineString", "coordinates": [ [ [ -52.113612910188145, -32.044765904759174 ], [ -52.113402841691709, -32.044677858730367 ] ], [ [ -52.113377161871824, -32.044667095545023 ], [ -52.113279958298584, -32.044626354602165 ] ], [ [ -52.113279432952908, -32.044626134413981 ], [ -52.113198036036508, -32.044592018516703 ] ], [ [ -52.113181704033998, -32.04458517328294 ], [ -52.113116113774424, -32.044557682431233 ] ], [ [ -52.113083975115082, -32.044544212151898 ], [ -52.112942944000949, -32.04448510176767 ] ], [ [ -52.11288851727727, -32.044462289889822 ], [ -52.112829385857147, -32.044437506132105 ] ], [ [ -52.11279078835836, -32.04442132875878 ], [ -52.112788424726112, -32.044420338089374 ] ], [ [ -52.11274746359507, -32.044403170046635 ], [ -52.112624580201953, -32.044351665918441 ] ], [ [ -52.112595330520548, -32.044339406496704 ], [ -52.112542657939869, -32.044317329832971 ] ], [ [ -52.112501696808835, -32.044300161790247 ], [ -52.11247268002893, -32.044287999984533 ] ] ] } },
{ "type": "Feature", "properties": { "tipo": "rua", "nome": "ENGENHEIRO ALFREDO HUCH", "drenagem": 1.0, "iluminacao": 1.0, "compriment": 65.714452639653672 }, "geometry": { "type": "LineString", "coordinates": [ [ -52.08874792323715, -32.038768692675305 ], [ -52.088745294927342, -32.038809653806346 ] ] } },
{ "type": "Feature", "properties": { "tipo": "avenida", "nome": "BUARQUE DE MACEDO", "drenagem": 1.0, "iluminacao": 1.0, "compriment": 60.817364743529303 }, "geometry": { "type": "MultiLineString", "coordinates": [ [ [ -52.120425752360916, -32.047462566798693 ], [ -52.120407195099496, -32.047454235063178 ] ], [ [ -52.120325272837412, -32.047417454063797 ], [ -52.120311992037948, -32.047411491324681 ] ] ] } },
{ "type": "Feature", "properties": { "tipo": "avenida", "nome": "BUARQUE DE MACEDO", "drenagem": 1.0, "iluminacao": 1.0, "compriment": 63.405214106706794 }, "geometry": { "type": "LineString", "coordinates": [ [ -52.119287470554838, -32.046960918883244 ], [ -52.119260283430386, -32.046949162534766 ] ] } },
{ "type": "Feature", "properties": { "tipo": "rua", "nome": "VISCONDE DO RIO GRANDE", "drenagem": 1.0, "iluminacao": 1.0, "compriment": 90.737804182614624 }, "geometry": { "type": "LineString", "coordinates": [ [ -52.109388650849816, -32.034962431521912 ], [ -52.109071213158408, -32.035502164143871 ] ] } },
{ "type": "Feature", "properties": { "tipo": "rua", "nome": "CRISTOVAO COLOMBO", "drenagem": 1.0, "iluminacao": 1.0, "compriment": 7.7091492483116637 }, "geometry": { "type": "LineString", "coordinates": [ [ -52.110424999446103, -32.038104261093302 ], [ -52.110386379178351, -32.038165507718482 ] ] } },
{ "type": "Feature", "properties": { "tipo": "rua", "nome": "CRISTOVAO COLOMBO", "drenagem": 1.0, "iluminacao": 1.0, "compriment": 9.1184091171222494 }, "geometry": { "type": "LineString", "coordinates": [ [ -52.109977667279487, -32.03889497808445 ], [ -52.109933584533394, -32.038968135525259 ] ] } },
{ "type": "Feature", "properties": { "tipo": "rua", "nome": "JOAO ALFREDO", "drenagem": 1.0, "iluminacao": 1.0, "compriment": 72.395901550020028 }, "geometry": { "type": "LineString", "coordinates": [ [ -52.101196424641877, -32.038506858767981 ], [ -52.101901632471538, -32.038754818470728 ] ] } },
{ "type": "Feature", "properties": { "tipo": "rua", "nome": "CRISTOVAO COLOMBO", "drenagem": 1.0, "iluminacao": 1.0, "compriment": 98.318263058898523 }, "geometry": { "type": "LineString", "coordinates": [ [ -52.109933584533394, -32.038968135525259 ], [ -52.109456116675851, -32.039751759820255 ] ] } },
{ "type": "Feature", "properties": { "tipo": "rua", "nome": "DOM PEDRO I", "drenagem": 1.0, "iluminacao": 1.0, "compriment": 98.52786907196365 }, "geometry": { "type": "MultiLineString", "coordinates": [ [ [ -52.113208574075614, -32.043028650303434 ], [ -52.113198036036508, -32.043047360768952 ] ], [ [ -52.113148478244419, -32.043135351461551 ], [ -52.113116113774424, -32.043192815121877 ] ], [ [ -52.113093224192831, -32.043233455958628 ], [ -52.11307515264339, -32.043265542298329 ] ] ] } },
{ "type": "Feature", "properties": { "tipo": "rua", "nome": "DOM PEDRO I", "drenagem": 1.0, "iluminacao": 1.0, "compriment": 100.59711986289997 }, "geometry": { "type": "MultiLineString", "coordinates": [ [ [ -52.113022940341331, -32.043356339351753 ], [ -52.11297104931878, -32.043445063601865 ] ], [ [ -52.112916718674064, -32.043537959164006 ], [ -52.112870346988188, -32.043617246348056 ] ], [ [ -52.112855245434886, -32.043643067269031 ], [ -52.112829385857147, -32.043687282463296 ] ], [ [ -52.112798218325871, -32.043740573296745 ], [ -52.11274746359507, -32.043827354693761 ] ], [ [ -52.112735463358852, -32.043847872924225 ], [ -52.112577045849342, -32.044118738173047 ] ] ] } },
{ "type": "Feature", "properties": { "tipo": "avenida", "nome": "CIDADE DE PELOTAS", "drenagem": 1.0, "iluminacao": 1.0, "compriment": 61.244074588396778 }, "geometry": { "type": "LineString", "coordinates": [ [ -52.128257290704362, -32.044727717685376 ], [ -52.128840035489482, -32.044969967361936 ] ] } },
{ "type": "Feature", "properties": { "tipo": "rua", "nome": "MONTEIRO LOBATO", "drenagem": 1.0, "iluminacao": 1.0, "compriment": 70.648576685923672 }, "geometry": { "type": "LineString", "coordinates": [ [ -52.083296819085938, -32.03672063612332 ], [ -52.083333314298997, -32.036713784163474 ] ] } },
{ "type": "Feature", "properties": { "tipo": "rua", "nome": "A ( Getulio Vargas )", "drenagem": 1.0, "iluminacao": 1.0, "compriment": 145.38 }, "geometry": { "type": "MultiLineString", "coordinates": [ [ [ -52.084537733648752, -32.036490207097714 ], [ -52.084568724688502, -32.036597752730202 ] ], [ [ -52.084580528310937, -32.036638713861237 ], [ -52.084607166570798, -32.036731154403022 ] ], [ [ -52.084635468578945, -32.036829368512365 ], [ -52.084689088832874, -32.037015442428206 ] ], [ [ -52.08469856453528, -32.037048325171639 ], [ -52.084771011094958, -32.037299730453427 ] ], [ [ -52.084781189892325, -32.037335053088917 ], [ -52.084811972225999, -32.037441874466033 ] ], [ [ -52.08481660075963, -32.037457936482035 ], [ -52.08490475339859, -32.037763845266909 ] ] ] } },
{ "type": "Feature", "properties": { "tipo": "avenida", "nome": "MODESTO REY DORNELLES", "drenagem": 0.0, "iluminacao": 1.0, "compriment": 71.241476330737143 }, "geometry": { "type": "LineString", "coordinates": [ [ -52.099486760815097, -32.045076706855419 ], [ -52.099501640923478, -32.045145989804539 ] ] } },
{ "type": "Feature", "properties": { "tipo": "rua", "nome": "MARCÍLIO DIAS", "drenagem": 0.0, "iluminacao": 1.0, "compriment": 100.20669019988851 }, "geometry": { "type": "MultiLineString", "coordinates": [ [ [ -52.111913525291328, -32.042811721167027 ], [ -52.11190663044539, -32.042823844648233 ] ], [ [ -52.111883335099513, -32.042864805779274 ], [ -52.111450996187664, -32.043625004443584 ] ] ] } },
{ "type": "Feature", "properties": { "tipo": "rua", "nome": "CARAMURÚ", "drenagem": 1.0, "iluminacao": 1.0, "compriment": 92.023191569353955 }, "geometry": { "type": "LineString", "coordinates": [ [ -52.110635144326423, -32.035286996536932 ], [ -52.11022346475351, -32.03600047632343 ] ] } },
{ "type": "Feature", "properties": { "tipo": "rua", "nome": "1 VELHA", "drenagem": 1.0, "iluminacao": 1.0, "compriment": 64.275581795560967 }, "geometry": { "type": "LineString", "coordinates": [ [ -52.086353824767805, -32.041574503943693 ], [ -52.08567803542951, -32.041506267029661 ] ] } },
{ "type": "Feature", "properties": { "tipo": "rua", "nome": "DUQUE DE CAXIAS", "drenagem": 1.0, "iluminacao": 1.0, "compriment": 6.6505033126359558 }, "geometry": { "type": "LineString", "coordinates": [ [ -52.097862063294343, -32.038125206427424 ], [ -52.097874911290646, -32.038184174725082 ] ] } },
{ "type": "Feature", "properties": { "tipo": "rua", "nome": "VINTE E QUATRO DE MAIO", "drenagem": 1.0, "iluminacao": 1.0, "compriment": 50.85423233467268 }, "geometry": { "type": "LineString", "coordinates": [ [ -52.099813351188324, -32.031122869150238 ], [ -52.099640285815262, -32.031557138133543 ] ] } },
{ "type": "Feature", "properties": { "tipo": "avenida", "nome": "PRESIDENTE VARGAS", "drenagem": 1.0, "iluminacao": 1.0, "compriment": 22.765911488745601 }, "geometry": { "type": "LineString", "coordinates": [ [ -52.111457882972253, -32.047814513291371 ], [ -52.11125122314931, -32.047708827047941 ] ] } },
{ "type": "Feature", "properties": { "tipo": "avenida", "nome": "PRESIDENTE VARGAS", "drenagem": 1.0, "iluminacao": 1.0, "compriment": 51.565581028321617 }, "geometry": { "type": "LineString", "coordinates": [ [ -52.111407164934, -32.047955713784731 ], [ -52.111876017758533, -32.048194016082427 ] ] } },
{ "type": "Feature", "properties": { "tipo": "rua", "nome": "REPUBLICA DE CUBA", "drenagem": 0.0, "iluminacao": 1.0, "compriment": 17.267016402678141 }, "geometry": { "type": "LineString", "coordinates": [ [ -52.129476005089259, -32.053907930601966 ], [ -52.129483462047482, -32.053913455172342 ] ] } },
{ "type": "Feature", "properties": { "tipo": "avenida", "nome": "PRIMEIRO DE MAIO", "drenagem": 1.0, "iluminacao": 0.0, "compriment": 45.715765061796006 }, "geometry": { "type": "LineString", "coordinates": [ [ -52.133474712176429, -32.055840421370675 ], [ -52.133012134560751, -32.055718878745701 ] ] } },
{ "type": "Feature", "properties": { "tipo": "avenida", "nome": "SANTOS DUMONT", "drenagem": 1.0, "iluminacao": 1.0, "compriment": 165.25339735442788 }, "geometry": { "type": "LineString", "coordinates": [ [ -52.130198331792556, -32.055579455323745 ], [ -52.131284834767229, -32.056004211133555 ], [ -52.131826211366509, -32.056105916807432 ] ] } },
{ "type": "Feature", "properties": { "tipo": "avenida", "nome": "ARGENTINA", "drenagem": 0.0, "iluminacao": 1.0, "compriment": 46.638058883517552 }, "geometry": { "type": "LineString", "coordinates": [ [ -52.133585462008739, -32.056300056760293 ], [ -52.133585035832525, -32.056301131083053 ] ] } },
{ "type": "Feature", "properties": { "tipo": "avenida", "nome": "SANTOS DUMONT", "drenagem": 1.0, "iluminacao": 1.0, "compriment": 24.840687864013258 }, "geometry": { "type": "LineString", "coordinates": [ [ -52.133585035832525, -32.056301131083053 ], [ -52.133637640425313, -32.056306945225643 ] ] } },
{ "type": "Feature", "properties": { "tipo": "travessa", "nome": "UM", "drenagem": 0.0, "iluminacao": 1.0, "compriment": 135.19582758199175 }, "geometry": { "type": "LineString", "coordinates": [ [ -52.160745169871028, -32.054480288389414 ], [ -52.160535229804225, -32.054782478604558 ], [ -52.160191259267705, -32.055410548825165 ] ] } },
{ "type": "Feature", "properties": { "tipo": "rua", "nome": "VINTE E QUATRO DE MAIO", "drenagem": 1.0, "iluminacao": 1.0, "compriment": 34.652213703425318 }, "geometry": { "type": "LineString", "coordinates": [ [ -52.099640285815262, -32.031557138133543 ], [ -52.099634547879695, -32.031869599113179 ] ] } },
{ "type": "Feature", "properties": { "tipo": "rua", "nome": "VINTE E QUATRO DE MAIO", "drenagem": 1.0, "iluminacao": 1.0, "compriment": 68.235642285545268 }, "geometry": { "type": "MultiLineString", "coordinates": [ [ [ -52.099634547879695, -32.031869599113179 ], [ -52.099677964170645, -32.03209202831583 ] ], [ [ -52.099680862793406, -32.032106878463914 ], [ -52.099709945229996, -32.03225587283999 ] ], [ [ -52.099721823924448, -32.032316729455751 ], [ -52.099733931024502, -32.032378756233108 ] ] ] } },
{ "type": "Feature", "properties": { "tipo": "rua", "nome": "VINTE E QUATRO DE MAIO", "drenagem": 1.0, "iluminacao": 1.0, "compriment": 77.292487617761054 }, "geometry": { "type": "MultiLineString", "coordinates": [ [ [ -52.099931707374736, -32.033175552654058 ], [ -52.09995637129893, -32.033279901115982 ] ], [ [ -52.099967590710683, -32.033327368353994 ], [ -52.0999950977818, -32.033443745640142 ] ], [ [ -52.100008551841725, -32.033500667257663 ], [ -52.100093218356818, -32.033858875487496 ] ] ] } },
{ "type": "Feature", "properties": { "tipo": "rua", "nome": "DOUTOR NAPOLEAO LAUREANO", "drenagem": 1.0, "iluminacao": 1.0, "compriment": 45.335321754196642 }, "geometry": { "type": "MultiLineString", "coordinates": [ [ [ -52.092667516047648, -32.032572252922783 ], [ -52.092676509385619, -32.032616568572386 ] ], [ [ -52.092678123646735, -32.032624523019351 ], [ -52.092749272864616, -32.032975118517882 ] ] ] } },
{ "type": "Feature", "properties": { "tipo": "rua", "nome": "DOUTOR NAPOLEAO LAUREANO", "drenagem": 1.0, "iluminacao": 1.0, "compriment": 88.214498638092607 }, "geometry": { "type": "LineString", "coordinates": [ [ -52.092749272864616, -32.032975118517882 ], [ -52.092934209853979, -32.033754896335921 ] ] } },
{ "type": "Feature", "properties": { "tipo": "rua", "nome": "UMBERTO IBRAHIM DE FARIAS", "drenagem": 0.0, "iluminacao": 0.0, "compriment": 53.04481996570631 }, "geometry": { "type": "LineString", "coordinates": [ [ -52.080224325549551, -32.044499105159417 ], [ -52.080218913652537, -32.044500545072353 ] ] } },
{ "type": "Feature", "properties": { "tipo": "rua", "nome": "MORON", "drenagem": 0.0, "iluminacao": 1.0, "compriment": 91.892511131277516 }, "geometry": { "type": "LineString", "coordinates": [ [ -52.105832789716835, -32.03421451067895 ], [ -52.105411444715443, -32.034961454248588 ] ] } },
{ "type": "Feature", "properties": { "tipo": "rua", "nome": "MORON", "drenagem": 1.0, "iluminacao": 1.0, "compriment": 121.01788032425513 }, "geometry": { "type": "LineString", "coordinates": [ [ -52.104932605837284, -32.035787660011501 ], [ -52.104359524689478, -32.036763754735738 ] ] } },
{ "type": "Feature", "properties": { "tipo": "rua", "nome": "MORON", "drenagem": 1.0, "iluminacao": 1.0, "compriment": 114.32116516478759 }, "geometry": { "type": "LineString", "coordinates": [ [ -52.104359524689478, -32.036763754735738 ], [ -52.103824924946018, -32.037688699101942 ] ] } },
{ "type": "Feature", "properties": { "tipo": "rua", "nome": "MORON", "drenagem": 0.0, "iluminacao": 1.0, "compriment": 103.20296410037628 }, "geometry": { "type": "MultiLineString", "coordinates": [ [ [ -52.102569837378169, -32.039830274572289 ], [ -52.102237927382809, -32.0404803229465 ] ], [ [ -52.102220452917869, -32.040514546825513 ], [ -52.102212551758079, -32.040530021310012 ] ], [ [ -52.102170722843944, -32.040611943572088 ], [ -52.102134058695249, -32.040683750599854 ] ] ] } },
{ "type": "Feature", "properties": { "tipo": "rua", "nome": "MORON", "drenagem": 0.0, "iluminacao": 1.0, "compriment": 32.751763166038266 }, "geometry": { "type": "LineString", "coordinates": [ [ -52.102134058695249, -32.040683750599854 ], [ -52.101946645066988, -32.040932255211381 ] ] } },
{ "type": "Feature", "properties": { "tipo": "rua", "nome": "DOUTOR NAPOLEAO LAUREANO", "drenagem": 1.0, "iluminacao": 1.0, "compriment": 82.226844056102038 }, "geometry": { "type": "LineString", "coordinates": [ [ -52.092934209853979, -32.033754896335921 ], [ -52.093105300761401, -32.034481967745265 ] ] } },
{ "type": "Feature", "properties": { "tipo": "avenida", "nome": "QUINZE DE NOVEMBRO", "drenagem": 0.0, "iluminacao": 1.0, "compriment": 22.761434544231108 }, "geometry": { "type": "LineString", "coordinates": [ [ -52.114711952408918, -32.045247281240322 ], [ -52.114821279696848, -32.045064351942223 ] ] } },
{ "type": "Feature", "properties": { "tipo": "rua", "nome": "UMBERTO IBRAHIM DE FARIAS", "drenagem": 0.0, "iluminacao": 0.0, "compriment": 83.011649163757681 }, "geometry": { "type": "MultiLineString", "coordinates": [ [ [ -52.082107708806831, -32.044024627350936 ], [ -52.081780848529057, -32.044105633136041 ] ], [ [ -52.081494120611779, -32.044176692917937 ], [ -52.081263791892773, -32.044233775286102 ] ] ] } },
{ "type": "Feature", "properties": { "tipo": "rua", "nome": "DOUTOR NAPOLEAO LAUREANO", "drenagem": 1.0, "iluminacao": 1.0, "compriment": 75.961544977161765 }, "geometry": { "type": "LineString", "coordinates": [ [ -52.093105300761401, -32.034481967745265 ], [ -52.093261940629716, -32.035153880297948 ] ] } },
{ "type": "Feature", "properties": { "tipo": "rua", "nome": "DOUTOR NAPOLEAO LAUREANO", "drenagem": 0.0, "iluminacao": 0.0, "compriment": 6.6500410265004737 }, "geometry": { "type": "LineString", "coordinates": [ [ -52.093261656755097, -32.035152662595912 ], [ -52.09327352458233, -32.0352117754882 ] ] } },
{ "type": "Feature", "properties": { "tipo": "rua", "nome": "DOUTOR NAPOLEAO LAUREANO", "drenagem": 1.0, "iluminacao": 1.0, "compriment": 105.97021329346003 }, "geometry": { "type": "LineString", "coordinates": [ [ -52.09327352458233, -32.0352117754882 ], [ -52.093493479912802, -32.036148884316951 ] ] } },
{ "type": "Feature", "properties": { "tipo": "rua", "nome": "DOUTOR NAPOLEAO LAUREANO", "drenagem": 0.0, "iluminacao": 1.0, "compriment": 100.77545740383792 }, "geometry": { "type": "LineString", "coordinates": [ [ -52.093493479912802, -32.036148884316951 ], [ -52.093673163457751, -32.036925441778514 ] ] } },
{ "type": "Feature", "properties": { "tipo": "avenida", "nome": "QUINZE DE NOVEMBRO", "drenagem": 1.0, "iluminacao": 1.0, "compriment": 100.38930499361634 }, "geometry": { "type": "MultiLineString", "coordinates": [ [ [ -52.115328014850569, -32.044219592379598 ], [ -52.115399677271029, -32.044093639710468 ] ], [ [ -52.115637176806544, -32.043676214507357 ], [ -52.115688739853141, -32.043585588160859 ] ] ] } },
{ "type": "Feature", "properties": { "tipo": "rua", "nome": "CORREDOR DO BOSQUE SILVEIRA", "drenagem": 1.0, "iluminacao": 1.0, "compriment": 76.709943227890122 }, "geometry": { "type": "LineString", "coordinates": [ [ -52.162882134585089, -32.056259095629258 ], [ -52.162892664961547, -32.056262281557245 ] ] } },
{ "type": "Feature", "properties": { "tipo": "travessa", "nome": "CINCO", "drenagem": 0.0, "iluminacao": 1.0, "compriment": 79.818023836254326 }, "geometry": { "type": "LineString", "coordinates": [ [ -52.162894314900484, -32.056259095629258 ], [ -52.162892664961547, -32.056262281557245 ] ] } },
{ "type": "Feature", "properties": { "tipo": "rua", "nome": "SEM DENOMINACAO", "drenagem": 0.0, "iluminacao": 0.0, "compriment": 63.733644662921904 }, "geometry": { "type": "MultiLineString", "coordinates": [ [ [ -52.164625337932762, -32.056325807936169 ], [ -52.164585669181477, -32.056493675004894 ] ], [ [ -52.164485176012107, -32.056791590332772 ], [ -52.164481372098209, -32.056802385513841 ] ] ] } },
{ "type": "Feature", "properties": { "tipo": "rua", "nome": "CORREDOR DO BOSQUE SILVEIRA", "drenagem": 1.0, "iluminacao": 1.0, "compriment": 10.370230387469965 }, "geometry": { "type": "LineString", "coordinates": [ [ -52.164481372098209, -32.056821614424123 ], [ -52.16452233322925, -32.05683703097737 ] ] } },
{ "type": "Feature", "properties": { "tipo": "rua", "nome": "CORREDOR DO BOSQUE SILVEIRA", "drenagem": 1.0, "iluminacao": 1.0, "compriment": 110.60420664692347 }, "geometry": { "type": "MultiLineString", "coordinates": [ [ [ -52.16461926409702, -32.056873512594848 ], [ -52.164642984725873, -32.056882440180821 ] ], [ [ -52.16468617775341, -32.056898696472722 ], [ -52.164727138884444, -32.056914112759578 ] ], [ [ -52.165628283767319, -32.057253271070465 ], [ -52.165647105826437, -32.057260355012126 ] ] ] } },
{ "type": "Feature", "properties": { "tipo": "rua", "nome": "BENJAMIN CONSTANT", "drenagem": 1.0, "iluminacao": 1.0, "compriment": 46.162794111086832 }, "geometry": { "type": "LineString", "coordinates": [ [ -52.093290926351216, -32.032739584202972 ], [ -52.093325425470702, -32.032870289805587 ] ] } },
{ "type": "Feature", "properties": { "tipo": "rua", "nome": "BARÃO DO LADÁRIO", "drenagem": 0.0, "iluminacao": 1.0, "compriment": 73.109211797781754 }, "geometry": { "type": "MultiLineString", "coordinates": [ [ [ -52.163844585190766, -32.057811839856107 ], [ -52.163918401867875, -32.05783560853137 ] ], [ [ -52.163983530652068, -32.057856579739806 ], [ -52.164071760787813, -32.057884989491193 ] ], [ [ -52.164110740711116, -32.05789754087084 ], [ -52.164112721918848, -32.057898178811818 ] ] ] } },
{ "type": "Feature", "properties": { "tipo": "rua", "nome": "RICARDO RICAMAN", "drenagem": 0.0, "iluminacao": 1.0, "compriment": 103.43316877585735 }, "geometry": { "type": "MultiLineString", "coordinates": [ [ [ -52.163129654773897, -32.058407339506026 ], [ -52.163120149332599, -32.058430035574361 ] ], [ [ -52.163088693642855, -32.058505142080335 ], [ -52.163085839105733, -32.058511957836437 ] ] ] } },
{ "type": "Feature", "properties": { "tipo": "rua", "nome": "CORREDOR DO BOSQUE SILVEIRA", "drenagem": 1.0, "iluminacao": 1.0, "compriment": 100.02001596467284 }, "geometry": { "type": "MultiLineString", "coordinates": [ [ [ -52.162892664961547, -32.056262281557245 ], [ -52.16336314757627, -32.056404621501024 ], [ -52.163457343822216, -32.056439363509881 ] ], [ [ -52.163498304953258, -32.056454471033149 ], [ -52.163554161168008, -32.05647507224807 ] ] ] } },
{ "type": "Feature", "properties": { "tipo": "rua", "nome": "BARÃO DO LADÁRIO", "drenagem": 0.0, "iluminacao": 1.0, "compriment": 129.88454991894559 }, "geometry": { "type": "MultiLineString", "coordinates": [ [ [ -52.162154468025776, -32.057250932231554 ], [ -52.162984092786452, -32.057528890691486 ] ], [ [ -52.163170615904939, -32.057591383617464 ], [ -52.163228606794362, -32.057610812953563 ] ], [ [ -52.163252538167015, -32.057618830948932 ], [ -52.163350863798321, -32.057651774084604 ] ] ] } },
{ "type": "Feature", "properties": { "tipo": "rua", "nome": "EDUARDO ARAÚJO", "drenagem": 0.0, "iluminacao": 1.0, "compriment": 104.02881610970823 }, "geometry": { "type": "MultiLineString", "coordinates": [ [ [ -52.156114677116427, -32.05724136840729 ], [ -52.156229654703274, -32.05728312390525 ] ], [ [ -52.156330107021311, -32.05731960437658 ], [ -52.156342444928057, -32.057324085036285 ] ] ] } },
{ "type": "Feature", "properties": { "tipo": "rua", "nome": "BERNARDO TAVEIRA", "drenagem": 1.0, "iluminacao": 1.0, "compriment": 10.646454868620513 }, "geometry": { "type": "LineString", "coordinates": [ [ -52.160783788868379, -32.05784111574777 ], [ -52.16082025297591, -32.057856579739806 ] ] } },
{ "type": "Feature", "properties": { "tipo": "avenida", "nome": "BUARQUE DE MACEDO", "drenagem": 1.0, "iluminacao": 1.0, "compriment": 13.031720847082113 }, "geometry": { "type": "LineString", "coordinates": [ [ -52.115674054552805, -32.045699643467415 ], [ -52.115624409735013, -32.045628385123869 ] ] } },
{ "type": "Feature", "properties": { "tipo": "avenida", "nome": "BUARQUE DE MACEDO", "drenagem": 1.0, "iluminacao": 1.0, "compriment": 21.127307987393024 }, "geometry": { "type": "LineString", "coordinates": [ [ -52.115624409735013, -32.045628385123869 ], [ -52.115719722729075, -32.045456016472997 ] ] } },
{ "type": "Feature", "properties": { "tipo": "avenida", "nome": "BUARQUE DE MACEDO", "drenagem": 1.0, "iluminacao": 1.0, "compriment": 14.223907557928065 }, "geometry": { "type": "LineString", "coordinates": [ [ -52.115819548423048, -32.045436833089575 ], [ -52.115719722729075, -32.045456016472997 ] ] } },
{ "type": "Feature", "properties": { "tipo": "rua", "nome": "GENERAL CANABARRO", "drenagem": 1.0, "iluminacao": 1.0, "compriment": 3.2418621029722292 }, "geometry": { "type": "LineString", "coordinates": [ [ -52.102142056071706, -32.035402241779614 ], [ -52.102135456042681, -32.035430931732378 ] ] } },
{ "type": "Feature", "properties": { "tipo": "rua", "nome": "GENERAL CANABARRO", "drenagem": 1.0, "iluminacao": 1.0, "compriment": 107.58732730187165 }, "geometry": { "type": "LineString", "coordinates": [ [ -52.102127146920822, -32.035472866167382 ], [ -52.101937577614621, -32.036429573216836 ] ] } },
{ "type": "Feature", "properties": { "tipo": "rua", "nome": "VINTE E QUATRO DE MAIO", "drenagem": 1.0, "iluminacao": 1.0, "compriment": 3.3643582850871789 }, "geometry": { "type": "LineString", "coordinates": [ [ -52.100541341270002, -32.035711384082489 ], [ -52.100548685108869, -32.035741072476831 ] ] } },
{ "type": "Feature", "properties": { "tipo": "rua", "nome": "VINTE E QUATRO DE MAIO", "drenagem": 1.0, "iluminacao": 1.0, "compriment": 4.4741612477532273 }, "geometry": { "type": "LineString", "coordinates": [ [ -52.100548685108869, -32.035741072476831 ], [ -52.100558451473255, -32.035780554199128 ] ] } },
{ "type": "Feature", "properties": { "tipo": "rua", "nome": "DOUTOR NASCIMENTO", "drenagem": 1.0, "iluminacao": 1.0, "compriment": 129.15109267082732 }, "geometry": { "type": "LineString", "coordinates": [ [ -52.102135456042681, -32.035430931732378 ], [ -52.103486448543009, -32.035610304534913 ] ] } },
{ "type": "Feature", "properties": { "tipo": "rua", "nome": "DOUTOR NASCIMENTO", "drenagem": 1.0, "iluminacao": 1.0, "compriment": 138.00742892417526 }, "geometry": { "type": "LineString", "coordinates": [ [ -52.103486448543009, -32.035610304534913 ], [ -52.104932605837284, -32.035787660011501 ] ] } },
{ "type": "Feature", "properties": { "tipo": "rua", "nome": "JOAO ALFREDO", "drenagem": 1.0, "iluminacao": 1.0, "compriment": 7.1663699527044704 }, "geometry": { "type": "LineString", "coordinates": [ [ -52.098087120122351, -32.039120650543339 ], [ -52.098159742290925, -32.039101937648596 ] ] } },
{ "type": "Feature", "properties": { "tipo": "avenida", "nome": "SILVA PAES", "drenagem": 1.0, "iluminacao": 1.0, "compriment": 29.054103173995319 }, "geometry": { "type": "LineString", "coordinates": [ [ -52.091559914116765, -32.03400437550156 ], [ -52.091861005154321, -32.033950813016091 ] ] } },
{ "type": "Feature", "properties": { "tipo": "avenida", "nome": "SILVA PAES", "drenagem": 1.0, "iluminacao": 1.0, "compriment": 56.104148609024897 }, "geometry": { "type": "LineString", "coordinates": [ [ -52.092353440878384, -32.033860918647783 ], [ -52.092934209853979, -32.033754896335921 ] ] } },
{ "type": "Feature", "properties": { "tipo": "avenida", "nome": "SILVA PAES", "drenagem": 1.0, "iluminacao": 1.0, "compriment": 8.8413419558934088 }, "geometry": { "type": "LineString", "coordinates": [ [ -52.096789710776285, -32.033018921694641 ], [ -52.096698357612652, -32.033036285031052 ] ] } },
{ "type": "Feature", "properties": { "tipo": "rua", "nome": "CARLOS GOMES", "drenagem": 1.0, "iluminacao": 1.0, "compriment": 122.19939756065418 }, "geometry": { "type": "MultiLineString", "coordinates": [ [ [ -52.101360839129157, -32.033638786965078 ], [ -52.101304600540537, -32.033648551295343 ] ], [ [ -52.101278346903953, -32.033653109538797 ], [ -52.100459124283162, -32.033795345687075 ] ], [ [ -52.100413590913256, -32.033803251341766 ], [ -52.100336240890044, -32.033816681109322 ] ], [ [ -52.100295279759003, -32.033823792916735 ], [ -52.100093218356818, -32.033858875487496 ] ] ] } },
{ "type": "Feature", "properties": { "tipo": "rua", "nome": "VINTE E QUATRO DE MAIO", "drenagem": 1.0, "iluminacao": 1.0, "compriment": 8.6650050898342172 }, "geometry": { "type": "LineString", "coordinates": [ [ -52.100093218356818, -32.033858875487496 ], [ -52.100116345852349, -32.033934493634163 ] ] } },
{ "type": "Feature", "properties": { "tipo": "rua", "nome": "VISCONDE DE PARANAGUA", "drenagem": 1.0, "iluminacao": 1.0, "compriment": 7.0446889787338298 }, "geometry": { "type": "LineString", "coordinates": [ [ -52.101360839129157, -32.033638786965078 ], [ -52.101358350654735, -32.033648551295343 ] ] } },
{ "type": "Feature", "properties": { "tipo": "rua", "nome": "ANDRADAS", "drenagem": 1.0, "iluminacao": 1.0, "compriment": 6.8266659478844716 }, "geometry": { "type": "LineString", "coordinates": [ [ -52.095689666955614, -32.034694244549833 ], [ -52.095707723810925, -32.034753856044667 ] ] } },
{ "type": "Feature", "properties": { "tipo": "rua", "nome": "ANDRADAS", "drenagem": 1.0, "iluminacao": 1.0, "compriment": 105.56518577384642 }, "geometry": { "type": "LineString", "coordinates": [ [ -52.095707723810925, -32.034753856044667 ], [ -52.095939307200574, -32.035685196467277 ] ] } },
{ "type": "Feature", "properties": { "tipo": "avenida", "nome": "QUINZE DE NOVEMBRO", "drenagem": 1.0, "iluminacao": 1.0, "compriment": 175.82502209606724 }, "geometry": { "type": "LineString", "coordinates": [ [ -52.119178361168302, -32.037623042185004 ], [ -52.119426802039435, -32.037199136983773 ] ] } },
{ "type": "Feature", "properties": { "tipo": "rua", "nome": "MANOEL NUNES DUARTE", "drenagem": 0.0, "iluminacao": 1.0, "compriment": 172.89039459212049 }, "geometry": { "type": "MultiLineString", "coordinates": [ [ [ -52.181903608683783, -32.067973979106611 ], [ -52.181927189921815, -32.067933017975569 ] ], [ [ -52.182021514873952, -32.06776917345141 ], [ -52.182045096111992, -32.067728212320368 ] ], [ [ -52.182135619576314, -32.067570971064455 ], [ -52.182139421064122, -32.067564367796209 ] ], [ [ -52.182176580707356, -32.067499820675586 ], [ -52.182210164778226, -32.067441484403091 ] ], [ [ -52.182217541838398, -32.067428670286716 ], [ -52.182257327254291, -32.067359562141014 ] ], [ [ -52.182258502969439, -32.067357519897847 ], [ -52.182366038367498, -32.067170728537491 ] ] ] } },
{ "type": "Feature", "properties": { "tipo": "avenida", "nome": "QUINZE DE NOVEMBRO", "drenagem": 0.0, "iluminacao": 1.0, "compriment": 21.179277719365967 }, "geometry": { "type": "LineString", "coordinates": [ [ -52.119426802039435, -32.037199136983773 ], [ -52.119525231372734, -32.037027525351384 ] ] } },
{ "type": "Feature", "properties": { "tipo": "rua", "nome": "VISCONDE DE PARANAGUA", "drenagem": 1.0, "iluminacao": 1.0, "compriment": 37.317543784469677 }, "geometry": { "type": "LineString", "coordinates": [ [ -52.101801026796416, -32.031313766826081 ], [ -52.101756570478258, -32.03152988301045 ] ] } },
{ "type": "Feature", "properties": { "tipo": "rua", "nome": "VISCONDE DE PARANAGUA", "drenagem": 1.0, "iluminacao": 1.0, "compriment": 84.741946490837762 }, "geometry": { "type": "MultiLineString", "coordinates": [ [ [ -52.101502054508757, -32.032993173198705 ], [ -52.101483152559155, -32.033079589840504 ] ], [ [ -52.101475176170794, -32.033116056591822 ], [ -52.101457257278817, -32.033197978853906 ] ], [ [ -52.101439338386847, -32.033279901115982 ], [ -52.101401230297071, -32.033454125109415 ] ], [ [ -52.101394541156907, -32.033484706771183 ], [ -52.101360839129157, -32.033638786965078 ] ] ] } },
{ "type": "Feature", "properties": { "tipo": "rua", "nome": "JOAO MANOEL", "drenagem": 1.0, "iluminacao": 1.0, "compriment": 120.74825196436444 }, "geometry": { "type": "LineString", "coordinates": [ [ -52.108091761389147, -32.037209693350626 ], [ -52.109242830806288, -32.037683403570227 ] ] } },
{ "type": "Feature", "properties": { "tipo": "rua", "nome": "JOAO MANOEL", "drenagem": 1.0, "iluminacao": 1.0, "compriment": 120.51846819911889 }, "geometry": { "type": "MultiLineString", "coordinates": [ [ [ -52.109242830806288, -32.037683403570227 ], [ -52.109921145553329, -32.037969371668616 ] ], [ [ -52.109962106684371, -32.037986640313889 ], [ -52.110386379178351, -32.038165507718482 ] ] ] } },
{ "type": "Feature", "properties": { "tipo": "avenida", "nome": "QUINZE DE NOVEMBRO", "drenagem": 0.0, "iluminacao": 1.0, "compriment": 117.63370268509408 }, "geometry": { "type": "LineString", "coordinates": [ [ -52.119525231372734, -32.037027525351384 ], [ -52.119536578149138, -32.037007364040598 ] ] } },
{ "type": "Feature", "properties": { "tipo": "avenida", "nome": "DOS BANDEIRANTES", "drenagem": 0.0, "iluminacao": 1.0, "compriment": 97.982138897528117 }, "geometry": { "type": "MultiLineString", "coordinates": [ [ [ -52.142349538286986, -32.05319285060007 ], [ -52.142690050385092, -32.053341635500168 ] ], [ [ -52.143099661695487, -32.053520612923393 ], [ -52.143272659306298, -32.053596203283867 ] ] ] } },
{ "type": "Feature", "properties": { "tipo": "avenida", "nome": "BUARQUE DE MACEDO", "drenagem": 1.0, "iluminacao": 1.0, "compriment": 62.360614345175257 }, "geometry": { "type": "MultiLineString", "coordinates": [ [ [ -52.116554612891889, -32.046018812869328 ], [ -52.116474926519686, -32.045983156068402 ] ], [ [ -52.116463072320428, -32.045977851738293 ], [ -52.116305994056894, -32.045907564834543 ] ] ] } },
{ "type": "Feature", "properties": { "tipo": "avenida", "nome": "BUARQUE DE MACEDO", "drenagem": 1.0, "iluminacao": 1.0, "compriment": 49.379682404481613 }, "geometry": { "type": "LineString", "coordinates": [ [ -52.116305994056894, -32.045907564834543 ], [ -52.115832974735206, -32.045717859641904 ] ] } },
{ "type": "Feature", "properties": { "tipo": "avenida", "nome": "BUARQUE DE MACEDO", "drenagem": 1.0, "iluminacao": 1.0, "compriment": 57.331249814532065 }, "geometry": { "type": "LineString", "coordinates": [ [ -52.116515887650721, -32.045788605517366 ], [ -52.116475194871981, -32.045773046083092 ] ] } },
{ "type": "Feature", "properties": { "tipo": "avenida", "nome": "BUARQUE DE MACEDO", "drenagem": 1.0, "iluminacao": 1.0, "compriment": 52.371221153523841 }, "geometry": { "type": "LineString", "coordinates": [ [ -52.116393004257603, -32.045740659263224 ], [ -52.115917445195308, -32.045533918829555 ] ] } },
{ "type": "Feature", "properties": { "tipo": "avenida", "nome": "BUARQUE DE MACEDO", "drenagem": 1.0, "iluminacao": 1.0, "compriment": 70.374819857529985 }, "geometry": { "type": "LineString", "coordinates": [ [ -52.115719722729075, -32.045456016472997 ], [ -52.115059193432629, -32.045162302532724 ] ] } },
{ "type": "Feature", "properties": { "tipo": "avenida", "nome": "BUARQUE DE MACEDO", "drenagem": 1.0, "iluminacao": 1.0, "compriment": 24.957609647328258 }, "geometry": { "type": "LineString", "coordinates": [ [ -52.115059193432629, -32.045162302532724 ], [ -52.114821279696848, -32.045064351942223 ] ] } },
{ "type": "Feature", "properties": { "tipo": "avenida", "nome": "BUARQUE DE MACEDO", "drenagem": 1.0, "iluminacao": 1.0, "compriment": 120.05262404091815 }, "geometry": { "type": "MultiLineString", "coordinates": [ [ [ -52.113718469051797, -32.044595146875629 ], [ -52.112811327859646, -32.044216523103586 ] ], [ [ -52.112788424726112, -32.044206963763891 ], [ -52.112577045849342, -32.044118738173047 ] ] ] } },
{ "type": "Feature", "properties": { "tipo": "avenida", "nome": "BUARQUE DE MACEDO", "drenagem": 1.0, "iluminacao": 1.0, "compriment": 119.61799606548024 }, "geometry": { "type": "LineString", "coordinates": [ [ -52.112577045849342, -32.044118738173047 ], [ -52.111450996187664, -32.043625004443584 ] ] } },
{ "type": "Feature", "properties": { "tipo": "rua", "nome": "DOUTOR OTHELO GONCALVES", "drenagem": 0.0, "iluminacao": 1.0, "compriment": 174.72812066139073 }, "geometry": { "type": "MultiLineString", "coordinates": [ [ [ -52.17218466093707, -32.059724734183433 ], [ -52.172281736090007, -32.059576947243471 ] ], [ [ -52.172304948126794, -32.059541609303906 ], [ -52.172335547449265, -32.059495024981388 ] ], [ [ -52.172362453128891, -32.059454063850353 ], [ -52.172631509925189, -32.05904445253995 ] ] ] } },
{ "type": "Feature", "properties": { "tipo": "avenida", "nome": "BUARQUE DE MACEDO", "drenagem": 1.0, "iluminacao": 1.0, "compriment": 121.77424795342314 }, "geometry": { "type": "LineString", "coordinates": [ [ -52.111450996187664, -32.043625004443584 ], [ -52.110295061092437, -32.043138570770616 ] ] } },
{ "type": "Feature", "properties": { "tipo": "avenida", "nome": "BUARQUE DE MACEDO", "drenagem": 1.0, "iluminacao": 1.0, "compriment": 118.98142647571335 }, "geometry": { "type": "LineString", "coordinates": [ [ -52.110295061092437, -32.043138570770616 ], [ -52.109171049015536, -32.042654084088078 ] ] } },
{ "type": "Feature", "properties": { "tipo": "avenida", "nome": "BUARQUE DE MACEDO", "drenagem": 1.0, "iluminacao": 1.0, "compriment": 117.28851252214514 }, "geometry": { "type": "MultiLineString", "coordinates": [ [ [ -52.108018382939541, -32.042160361172257 ], [ -52.107372304895684, -32.041881738634324 ] ], [ [ -52.107340594297831, -32.04186806337119 ], [ -52.106910487734467, -32.041682578996038 ] ] ] } },
{ "type": "Feature", "properties": { "tipo": "avenida", "nome": "BUARQUE DE MACEDO", "drenagem": 1.0, "iluminacao": 1.0, "compriment": 120.39641663475774 }, "geometry": { "type": "LineString", "coordinates": [ [ -52.106910487734467, -32.041682578996038 ], [ -52.105764027173912, -32.041207955939726 ] ] } },
{ "type": "Feature", "properties": { "tipo": "avenida", "nome": "BUARQUE DE MACEDO", "drenagem": 1.0, "iluminacao": 1.0, "compriment": 118.73211188770686 }, "geometry": { "type": "LineString", "coordinates": [ [ -52.105764027173912, -32.041207955939726 ], [ -52.104635160311979, -32.040736857126475 ] ] } },
{ "type": "Feature", "properties": { "tipo": "rua", "nome": "MARCÍLIO DIAS", "drenagem": 0.0, "iluminacao": 1.0, "compriment": 21.232944131846381 }, "geometry": { "type": "LineString", "coordinates": [ [ -52.116075544687916, -32.035748991596776 ], [ -52.115974994382071, -32.035920249451571 ] ] } },
{ "type": "Feature", "properties": { "tipo": "avenida", "nome": "BUARQUE DE MACEDO", "drenagem": 1.0, "iluminacao": 1.0, "compriment": 122.1938423127623 }, "geometry": { "type": "LineString", "coordinates": [ [ -52.104635160311979, -32.040736857126475 ], [ -52.103507307237834, -32.040243293392734 ] ] } },
{ "type": "Feature", "properties": { "tipo": "avenida", "nome": "BUARQUE DE MACEDO", "drenagem": 1.0, "iluminacao": 1.0, "compriment": 24.265331413675053 }, "geometry": { "type": "LineString", "coordinates": [ [ -52.103265928059074, -32.040130167132531 ], [ -52.103259706111622, -32.040127230884984 ] ] } },
{ "type": "Feature", "properties": { "tipo": "avenida", "nome": "QUINZE DE NOVEMBRO", "drenagem": 1.0, "iluminacao": 1.0, "compriment": 98.917360751867946 }, "geometry": { "type": "LineString", "coordinates": [ [ -52.116033588250282, -32.043479222744871 ], [ -52.116024354078249, -32.043493953813176 ] ] } },
{ "type": "Feature", "properties": { "tipo": "avenida", "nome": "QUINZE DE NOVEMBRO", "drenagem": 1.0, "iluminacao": 1.0, "compriment": 99.851068634227687 }, "geometry": { "type": "MultiLineString", "coordinates": [ [ [ -52.11595858982129, -32.043602106137989 ], [ -52.115942431816165, -32.043629622272043 ] ], [ [ -52.115936328613572, -32.043640015667734 ], [ -52.115901470685124, -32.043699376673288 ] ], [ [ -52.11588643032055, -32.043724989531107 ], [ -52.115860509554089, -32.043769131074527 ] ], [ [ -52.115838323986722, -32.043806911793183 ], [ -52.115819548423048, -32.043838885475772 ] ], [ [ -52.115621845484497, -32.044175561972544 ], [ -52.115614742767846, -32.044187657481984 ] ], [ [ -52.115601639549091, -32.044209971494205 ], [ -52.115564451875258, -32.044273299919368 ] ], [ [ -52.115549685983758, -32.044298445365662 ], [ -52.11553282050577, -32.044327166284461 ] ] ] } },
{ "type": "Feature", "properties": { "tipo": "avenida", "nome": "QUINZE DE NOVEMBRO", "drenagem": 1.0, "iluminacao": 1.0, "compriment": 99.243520561414215 }, "geometry": { "type": "MultiLineString", "coordinates": [ [ [ -52.11547888209293, -32.04442132875878 ], [ -52.115450898243694, -32.044470735141026 ] ], [ [ -52.115432481200436, -32.044503251020863 ], [ -52.115400385542834, -32.044559916932506 ] ], [ [ -52.115279554521265, -32.044773247971754 ], [ -52.115059193432629, -32.045162302532724 ] ] ] } },
{ "type": "Feature", "properties": { "tipo": "avenida", "nome": "QUINZE DE NOVEMBRO", "drenagem": 1.0, "iluminacao": 1.0, "compriment": 23.682035553246699 }, "geometry": { "type": "LineString", "coordinates": [ [ -52.115059193432629, -32.045162302532724 ], [ -52.114952066783552, -32.045355398127633 ] ] } },
{ "type": "Feature", "properties": { "tipo": "avenida", "nome": "MAJOR CARLOS PINTO", "drenagem": 1.0, "iluminacao": 1.0, "compriment": 84.105702472473695 }, "geometry": { "type": "MultiLineString", "coordinates": [ [ [ -52.106849060725352, -32.034011592267689 ], [ -52.106844422316804, -32.034019520678967 ] ], [ [ -52.106726177332234, -32.034221636309901 ], [ -52.106725870690916, -32.034222160450561 ] ] ] } },
{ "type": "Feature", "properties": { "tipo": "avenida", "nome": "MAJOR CARLOS PINTO", "drenagem": 1.0, "iluminacao": 1.0, "compriment": 118.71077190991377 }, "geometry": { "type": "MultiLineString", "coordinates": [ [ [ -52.106439449414957, -32.034712973211029 ], [ -52.106439118446104, -32.034713540702377 ] ], [ [ -52.106398488283915, -32.034783206670561 ], [ -52.106391340242745, -32.034795462964453 ] ], [ [ -52.106278388505366, -32.034989134161378 ], [ -52.10627036746434, -32.03500288733288 ] ], [ [ -52.106111760366637, -32.035274840887261 ], [ -52.10610345077226, -32.035289088822942 ] ] ] } },
{ "type": "Feature", "properties": { "tipo": "rua", "nome": "DOUTOR PAULINO DE MELLO DUTRA", "drenagem": 0.0, "iluminacao": 1.0, "compriment": 39.781698265550254 }, "geometry": { "type": "LineString", "coordinates": [ [ -52.169133444709828, -32.060416594123261 ], [ -52.169221175441862, -32.060273286471144 ] ] } },
{ "type": "Feature", "properties": { "tipo": "avenida", "nome": "MAJOR CARLOS PINTO", "drenagem": 1.0, "iluminacao": 1.0, "compriment": 108.68091178124682 }, "geometry": { "type": "MultiLineString", "coordinates": [ [ [ -52.104626782202061, -32.037779601985328 ], [ -52.104585263606054, -32.037852534682969 ] ], [ [ -52.104555237387132, -32.037905279557705 ], [ -52.104520071432894, -32.037967053031629 ] ], [ [ -52.104473315125048, -32.038049186436673 ], [ -52.104436808722483, -32.038113314578666 ] ], [ [ -52.104355830900566, -32.038255562428283 ], [ -52.104340792956705, -32.038281978490438 ] ], [ [ -52.104268509469854, -32.038408953634054 ], [ -52.104250264282832, -32.038441003626986 ] ], [ [ -52.104145626076736, -32.038624813952481 ], [ -52.104128918393933, -32.038654163123589 ] ] ] } },
{ "type": "Feature", "properties": { "tipo": "avenida", "nome": "MAJOR CARLOS PINTO", "drenagem": 1.0, "iluminacao": 1.0, "compriment": 153.79696726136228 }, "geometry": { "type": "MultiLineString", "coordinates": [ [ [ -52.103981781552577, -32.038898445774429 ], [ -52.103961748285123, -32.038932537199464 ] ], [ [ -52.103858898159459, -32.03910756143636 ], [ -52.103841397596852, -32.039137342854659 ] ], [ [ -52.103622338952242, -32.039510123848963 ], [ -52.103595522411318, -32.03955575864601 ] ], [ [ -52.103531209111139, -32.039665203201508 ], [ -52.10352848580736, -32.039669837558179 ] ], [ [ -52.103408238097096, -32.039874467971522 ], [ -52.103408135119096, -32.039874643213373 ] ], [ [ -52.10336736458698, -32.039944024084086 ], [ -52.103359994843785, -32.039956565475457 ] ], [ [ -52.103285442324903, -32.040083434525364 ], [ -52.103259706111622, -32.040127230884984 ] ] ] } },
{ "type": "Feature", "properties": { "tipo": "avenida", "nome": "MAJOR CARLOS PINTO", "drenagem": 1.0, "iluminacao": 1.0, "compriment": 72.447460435575067 }, "geometry": { "type": "LineString", "coordinates": [ [ -52.103006024143227, -32.040582704629671 ], [ -52.102985059346004, -32.040618771102899 ] ] } },
{ "type": "Feature", "properties": { "tipo": "avenida", "nome": "MAJOR CARLOS PINTO", "drenagem": 1.0, "iluminacao": 1.0, "compriment": 29.523354662683793 }, "geometry": { "type": "MultiLineString", "coordinates": [ [ [ -52.102752947621383, -32.041020223031019 ], [ -52.102752189841858, -32.041021554882484 ] ], [ [ -52.102680475901082, -32.041147597239544 ], [ -52.102674152548971, -32.041158710981108 ] ] ] } },
{ "type": "Feature", "properties": { "tipo": "avenida", "nome": "MAJOR CARLOS PINTO", "drenagem": 1.0, "iluminacao": 1.0, "compriment": 34.148475467140671 }, "geometry": { "type": "MultiLineString", "coordinates": [ [ [ -52.102674152548971, -32.041158710981108 ], [ -52.102650627864165, -32.041195598154211 ] ], [ [ -52.102589103097223, -32.041292070211 ], [ -52.102573923053022, -32.041315872821869 ] ] ] } },
{ "type": "Feature", "properties": { "tipo": "avenida", "nome": "MAJOR CARLOS PINTO", "drenagem": 1.0, "iluminacao": 1.0, "compriment": 42.631382306241079 }, "geometry": { "type": "MultiLineString", "coordinates": [ [ [ -52.102443370977035, -32.041515029296114 ], [ -52.102384297442029, -32.041617690141202 ] ], [ [ -52.102369528502891, -32.04164335631765 ], [ -52.102303067626814, -32.041758855241198 ] ], [ [ -52.102302375179946, -32.041760058608837 ], [ -52.102244722806013, -32.041860249691503 ] ] ] } },
{ "type": "Feature", "properties": { "tipo": "avenida", "nome": "MAJOR CARLOS PINTO", "drenagem": 1.0, "iluminacao": 1.0, "compriment": 95.166202783476606 }, "geometry": { "type": "MultiLineString", "coordinates": [ [ [ -52.106707993925973, -32.034743112971022 ], [ -52.10667401947093, -32.034799288754471 ] ], [ [ -52.106530437995133, -32.035036696591639 ], [ -52.106521371677033, -32.035051687487638 ] ] ] } },
{ "type": "Feature", "properties": { "tipo": "avenida", "nome": "MAJOR CARLOS PINTO", "drenagem": 1.0, "iluminacao": 1.0, "compriment": 90.444478193918883 }, "geometry": { "type": "MultiLineString", "coordinates": [ [ [ -52.104405862444622, -32.0386795356224 ], [ -52.104391392862972, -32.038703705532427 ] ], [ [ -52.104335867019991, -32.038796455596795 ], [ -52.104309470600896, -32.038840548030855 ] ], [ [ -52.104278922106715, -32.038891576068423 ], [ -52.104261043307936, -32.038921440716095 ] ], [ [ -52.104108381889951, -32.039176445513569 ], [ -52.104104664945694, -32.039182654276921 ] ] ] } },
{ "type": "Feature", "properties": { "tipo": "avenida", "nome": "PRESIDENTE VARGAS", "drenagem": 1.0, "iluminacao": 1.0, "compriment": 39.208878413393357 }, "geometry": { "type": "LineString", "coordinates": [ [ -52.116671221567536, -32.050163571521765 ], [ -52.116598900874692, -32.050298737441814 ], [ -52.116535113320595, -32.050417954717524 ], [ -52.116513474844908, -32.050457615308588 ], [ -52.116498479473734, -32.05048509990359 ] ] } },
{ "type": "Feature", "properties": { "tipo": "avenida", "nome": "BUARQUE DE MACEDO", "drenagem": 1.0, "iluminacao": 1.0, "compriment": 121.26293775421313 }, "geometry": { "type": "MultiLineString", "coordinates": [ [ [ -52.106797375705895, -32.041885236604081 ], [ -52.106398488283915, -32.041708940594212 ] ], [ [ -52.10635752715288, -32.041690837030245 ], [ -52.106152721497679, -32.041600319210374 ] ], [ [ -52.106140710498558, -32.041595010717046 ], [ -52.105657776686009, -32.04138156877957 ] ] ] } },
{ "type": "Feature", "properties": { "tipo": "avenida", "nome": "PORTUGAL", "drenagem": 1.0, "iluminacao": 1.0, "compriment": 121.29968033931506 }, "geometry": { "type": "MultiLineString", "coordinates": [ [ [ -52.114799313717249, -32.035480171272638 ], [ -52.115614742767846, -32.035785400866331 ] ], [ [ -52.115655703898888, -32.035800733346058 ], [ -52.115974994382071, -32.035920249451571 ] ] ] } },
{ "type": "Feature", "properties": { "tipo": "avenida", "nome": "PORTUGAL", "drenagem": 1.0, "iluminacao": 1.0, "compriment": 117.37572325910435 }, "geometry": { "type": "MultiLineString", "coordinates": [ [ [ -52.115974994382071, -32.035920249451571 ], [ -52.116147509068838, -32.035982792569662 ] ], [ [ -52.116149007380855, -32.035983335764605 ], [ -52.117118393633739, -32.036334775053788 ] ] ] } },
{ "type": "Feature", "properties": { "tipo": "rua", "nome": "LUIZ LOREA", "drenagem": 1.0, "iluminacao": 1.0, "compriment": 55.682071945564175 }, "geometry": { "type": "LineString", "coordinates": [ [ -52.092749272864616, -32.032975118517882 ], [ -52.093249965220174, -32.032894925918242 ] ] } },
{ "type": "Feature", "properties": { "tipo": "rua", "nome": "ENGENHEIRO ELMER LAWSORENCE CORTHEILL", "drenagem": 0.0, "iluminacao": 0.0, "compriment": 90.747205489090135 }, "geometry": { "type": "LineString", "coordinates": [ [ -52.142395538453947, -32.050891380635271 ], [ -52.141542837086675, -32.050514128860812 ] ] } },
{ "type": "Feature", "properties": { "tipo": "avenida", "nome": "PORTUGAL", "drenagem": 1.0, "iluminacao": 1.0, "compriment": 120.25247092826966 }, "geometry": { "type": "MultiLineString", "coordinates": [ [ [ -52.117118393633739, -32.036334775053788 ], [ -52.117703760450873, -32.03655836116792 ] ], [ [ -52.117785682712956, -32.036589652111829 ], [ -52.118280062612882, -32.036778484955597 ] ] ] } },
{ "type": "Feature", "properties": { "tipo": "avenida", "nome": "PORTUGAL", "drenagem": 1.0, "iluminacao": 1.0, "compriment": 25.826348112248375 }, "geometry": { "type": "LineString", "coordinates": [ [ -52.119525231372734, -32.037027525351384 ], [ -52.11958548641465, -32.037079056897852 ], [ -52.119638319635001, -32.037126808231875 ], [ -52.119687250445899, -32.037211684704076 ] ] } },
{ "type": "Feature", "properties": { "tipo": "avenida", "nome": "PORTUGAL", "drenagem": 1.0, "iluminacao": 1.0, "compriment": 117.0955896860856 }, "geometry": { "type": "MultiLineString", "coordinates": [ [ [ -52.116075544687916, -32.035748991596776 ], [ -52.116491580704142, -32.035901413502522 ] ], [ [ -52.116556848781762, -32.035925325578368 ], [ -52.116596559788192, -32.035939874384347 ] ], [ [ -52.1166033842254, -32.035942374633564 ], [ -52.116638771043839, -32.035955339199354 ] ], [ [ -52.11667973217488, -32.035970346009854 ], [ -52.116715187746649, -32.035983335764605 ] ], [ [ -52.116720693305922, -32.035985352820347 ], [ -52.1170074212232, -32.036090400493812 ] ], [ [ -52.117048382354241, -32.036105407304312 ], [ -52.117214360398975, -32.036166216198019 ] ] ] } },
{ "type": "Feature", "properties": { "tipo": "rua", "nome": "VISCONDE DE RIO BRANCO", "drenagem": 1.0, "iluminacao": 1.0, "compriment": 117.96882571771727 }, "geometry": { "type": "LineString", "coordinates": [ [ -52.137318735781363, -32.047560757671981 ], [ -52.138389131625921, -32.048033959448595 ] ] } },
{ "type": "Feature", "properties": { "tipo": "rua", "nome": "GENERAL ABREU", "drenagem": 1.0, "iluminacao": 1.0, "compriment": 120.56017727269963 }, "geometry": { "type": "LineString", "coordinates": [ [ -52.107372626318941, -32.040839386563249 ], [ -52.108516610080336, -32.041321656657175 ] ] } },
{ "type": "Feature", "properties": { "tipo": "avenida", "nome": "PORTUGAL", "drenagem": 1.0, "iluminacao": 1.0, "compriment": 120.59096630508479 }, "geometry": { "type": "MultiLineString", "coordinates": [ [ [ -52.117214360398975, -32.036166216198019 ], [ -52.117376071402553, -32.036224413949483 ] ], [ [ -52.117389099370321, -32.036229102550841 ], [ -52.117523060203098, -32.036277313365687 ] ], [ [ -52.11757206581639, -32.036294949868086 ], [ -52.11764793312603, -32.036322253556357 ] ], [ [ -52.117730548933636, -32.036351985943959 ], [ -52.117797780633552, -32.036376181785158 ] ], [ [ -52.117958181975858, -32.036433908206043 ], [ -52.11799048836815, -32.036445534869337 ] ], [ [ -52.118071998496966, -32.036474869337084 ], [ -52.118072410630234, -32.036475017658653 ] ], [ [ -52.118185815018059, -32.036515830468119 ], [ -52.118195294023351, -32.036519241842619 ] ], [ [ -52.118299631539166, -32.03655679159916 ], [ -52.118318177416469, -32.036563466026593 ] ] ] } },
{ "type": "Feature", "properties": { "tipo": "avenida", "nome": "PORTUGAL", "drenagem": 1.0, "iluminacao": 1.0, "compriment": 79.872574631949888 }, "geometry": { "type": "MultiLineString", "coordinates": [ [ [ -52.118411280638306, -32.036597752730202 ], [ -52.118448441745166, -32.036612514601352 ] ], [ [ -52.118617509367965, -32.036679674992278 ], [ -52.118652894695174, -32.036693731453056 ] ], [ [ -52.118747442719425, -32.036731289692561 ], [ -52.118768749857907, -32.036739753736271 ] ], [ [ -52.118823738097646, -32.036761597254362 ], [ -52.118891633251025, -32.036788567912417 ] ], [ [ -52.118926852462465, -32.036802558385396 ], [ -52.119014516644143, -32.036837382088564 ] ], [ [ -52.119029966827306, -32.036843519516438 ], [ -52.119156770450672, -32.036893890964116 ] ] ] } },
{ "type": "Feature", "properties": { "tipo": "rua", "nome": "GENERAL CAMARA", "drenagem": 1.0, "iluminacao": 1.0, "compriment": 103.80538572319655 }, "geometry": { "type": "MultiLineString", "coordinates": [ [ [ -52.0923488203373, -32.035378891712085 ], [ -52.093083954170872, -32.035246035405891 ] ], [ [ -52.093198640779427, -32.03522530878648 ], [ -52.09327352458233, -32.0352117754882 ] ] ] } },
{ "type": "Feature", "properties": { "tipo": "rua", "nome": "GENERAL CAMARA", "drenagem": 1.0, "iluminacao": 1.0, "compriment": 59.084176350199606 }, "geometry": { "type": "MultiLineString", "coordinates": [ [ [ -52.09327352458233, -32.0352117754882 ], [ -52.09330857162967, -32.035205074274849 ] ], [ [ -52.093372848613292, -32.035192784115949 ], [ -52.093413809744334, -32.035184952093026 ] ], [ [ -52.093536693137452, -32.035161456024255 ], [ -52.093577654268493, -32.035153624001332 ] ], [ [ -52.093618615399535, -32.035145791978408 ], [ -52.093737021411378, -32.035123152012773 ] ], [ [ -52.093782459923688, -32.035114463886714 ], [ -52.093883851453576, -32.035095077195813 ] ] ] } },
{ "type": "Feature", "properties": { "tipo": "rua", "nome": "GENERAL CAMARA", "drenagem": 1.0, "iluminacao": 1.0, "compriment": 125.9382985090037 }, "geometry": { "type": "MultiLineString", "coordinates": [ [ [ -52.093883851453576, -32.035095077195813 ], [ -52.09395367990907, -32.035082190881731 ] ], [ [ -52.094028226709931, -32.035068433832649 ], [ -52.094175640393502, -32.035041229750689 ] ], [ [ -52.094273993496166, -32.035023079428406 ], [ -52.094378187609777, -32.035003851191668 ] ], [ [ -52.094478799151368, -32.034985284091533 ], [ -52.094841521846746, -32.034918346357571 ] ], [ [ -52.094847449330722, -32.034917252485172 ], [ -52.095128205190562, -32.034865441111648 ] ] ] } },
{ "type": "Feature", "properties": { "tipo": "rua", "nome": "GENERAL CAMARA", "drenagem": 1.0, "iluminacao": 1.0, "compriment": 50.447676533897607 }, "geometry": { "type": "MultiLineString", "coordinates": [ [ [ -52.095277180940762, -32.034837144627247 ], [ -52.095338982903201, -32.034825189028375 ] ], [ [ -52.095390549334745, -32.03481521349449 ], [ -52.09550282742736, -32.034793493280688 ] ], [ [ -52.095584749689436, -32.034777645406848 ], [ -52.095707723810925, -32.034753856044667 ] ] ] } },
{ "type": "Feature", "properties": { "tipo": "rua", "nome": "GENERAL CAMARA", "drenagem": 1.0, "iluminacao": 1.0, "compriment": 126.35359241939069 }, "geometry": { "type": "MultiLineString", "coordinates": [ [ [ -52.097117226499556, -32.034493294034661 ], [ -52.097509922848303, -32.034424822227592 ] ], [ [ -52.097550883979345, -32.034417680112142 ], [ -52.098427725709286, -32.034264791148566 ] ] ] } },
{ "type": "Feature", "properties": { "tipo": "rua", "nome": "NICOLAU COELHO", "drenagem": 1.0, "iluminacao": 1.0, "compriment": 54.305924790844223 }, "geometry": { "type": "MultiLineString", "coordinates": [ [ [ -52.099926629579642, -32.044411323736817 ], [ -52.099885668448607, -32.044418825145122 ] ], [ [ -52.099871997569345, -32.04442132875878 ], [ -52.099844707317565, -32.044426326553427 ] ] ] } },
{ "type": "Feature", "properties": { "tipo": "rua", "nome": "GENERAL CAMARA", "drenagem": 1.0, "iluminacao": 1.0, "compriment": 103.92423882600957 }, "geometry": { "type": "MultiLineString", "coordinates": [ [ [ -52.092307859206258, -32.035322785768905 ], [ -52.093045159564973, -32.03519225805789 ] ], [ [ -52.093170978279119, -32.035169983785856 ], [ -52.093261940629716, -32.035153880297948 ] ] ] } },
{ "type": "Feature", "properties": { "tipo": "rua", "nome": "GENERAL CAMARA", "drenagem": 1.0, "iluminacao": 1.0, "compriment": 58.824572350906656 }, "geometry": { "type": "MultiLineString", "coordinates": [ [ [ -52.093261656755097, -32.035152662595912 ], [ -52.093372848613292, -32.035130933747624 ] ], [ [ -52.093412669663493, -32.035123152012773 ], [ -52.093536693137452, -32.035098915640674 ] ], [ [ -52.093577654268493, -32.03509091111394 ], [ -52.093868653577807, -32.035034044721506 ] ] ] } },
{ "type": "Feature", "properties": { "tipo": "rua", "nome": "PINTO DA ROCHA", "drenagem": 0.0, "iluminacao": 1.0, "compriment": 109.12552996673499 }, "geometry": { "type": "MultiLineString", "coordinates": [ [ [ -52.154934699148036, -32.056814497211107 ], [ -52.154896467434916, -32.0568899517842 ] ], [ [ -52.154884042530746, -32.05691447372589 ], [ -52.154855506303882, -32.056970793169619 ] ], [ [ -52.154821779337937, -32.057037357119007 ], [ -52.15481454517284, -32.057051634555059 ] ] ] } },
{ "type": "Feature", "properties": { "tipo": "rua", "nome": "QUINTINO BOCAIUVA", "drenagem": 1.0, "iluminacao": 1.0, "compriment": 115.0900656868972 }, "geometry": { "type": "LineString", "coordinates": [ [ -52.15345682236655, -32.052253643699629 ], [ -52.153165907923885, -32.052827230745052 ] ] } },
{ "type": "Feature", "properties": { "tipo": "rua", "nome": "NICARAGUA", "drenagem": 0.0, "iluminacao": 1.0, "compriment": 117.90258778614812 }, "geometry": { "type": "LineString", "coordinates": [ [ -52.135215720383243, -32.051956146926571 ], [ -52.134669222204487, -32.052912125469454 ] ] } },
{ "type": "Feature", "properties": { "tipo": "avenida", "nome": "SILVA PAES", "drenagem": 1.0, "iluminacao": 1.0, "compriment": 84.104827357618362 }, "geometry": { "type": "LineString", "coordinates": [ [ -52.090997103012988, -32.034104493769412 ], [ -52.091559914116765, -32.03400437550156 ] ] } },
{ "type": "Feature", "properties": { "tipo": "avenida", "nome": "SILVA PAES", "drenagem": 1.0, "iluminacao": 1.0, "compriment": 57.369700265752577 }, "geometry": { "type": "MultiLineString", "coordinates": [ [ [ -52.092934209853979, -32.033754896335921 ], [ -52.093290926351216, -32.033687955325547 ] ], [ [ -52.093454770875375, -32.03365720844932 ], [ -52.093500903277985, -32.033648551295343 ] ] ] } },
{ "type": "Feature", "properties": { "tipo": "avenida", "nome": "SILVA PAES", "drenagem": 1.0, "iluminacao": 1.0, "compriment": 126.03283568881167 }, "geometry": { "type": "MultiLineString", "coordinates": [ [ [ -52.09365957653057, -32.033617924274409 ], [ -52.09371282012151, -32.033607590164301 ] ], [ [ -52.093905343316813, -32.033570223114786 ], [ -52.093923860809348, -32.03356662903326 ] ] ] } },
{ "type": "Feature", "properties": { "tipo": "rua", "nome": "GASPAR LEMOS", "drenagem": 1.0, "iluminacao": 1.0, "compriment": 66.893192042706275 }, "geometry": { "type": "LineString", "coordinates": [ [ -52.099501640923478, -32.045145989804539 ], [ -52.099517018269246, -32.04515234955673 ] ] } },
{ "type": "Feature", "properties": { "tipo": "rua", "nome": "VENEZUELA", "drenagem": 0.0, "iluminacao": 1.0, "compriment": 109.41691565405399 }, "geometry": { "type": "MultiLineString", "coordinates": [ [ [ -52.139440776759244, -32.052531632704643 ], [ -52.139290276508795, -32.052937917357603 ] ], [ [ -52.139243524449427, -32.053064127408156 ], [ -52.139098835908094, -32.053454722996051 ] ] ] } },
{ "type": "Feature", "properties": { "tipo": "rua", "nome": "VENEZUELA", "drenagem": 0.0, "iluminacao": 1.0, "compriment": 95.97920876954305 }, "geometry": { "type": "MultiLineString", "coordinates": [ [ [ -52.139098835908094, -32.053454722996051 ], [ -52.139027755221363, -32.053637583242711 ] ], [ [ -52.138868532789118, -32.054047194553114 ], [ -52.138788921573003, -32.054252000208308 ] ] ] } },
{ "type": "Feature", "properties": { "tipo": "rua", "nome": "REPUBLICA DO HAITI", "drenagem": 0.0, "iluminacao": 1.0, "compriment": 123.11739070535282 }, "geometry": { "type": "LineString", "coordinates": [ [ -52.133488377716375, -32.050541903413517 ], [ -52.133174649324523, -32.051080051742098 ] ] } },
{ "type": "Feature", "properties": { "tipo": "rua", "nome": "PINTO DA ROCHA", "drenagem": 0.0, "iluminacao": 1.0, "compriment": 112.81417425086491 }, "geometry": { "type": "LineString", "coordinates": [ [ -52.157231251904179, -32.052330999428463 ], [ -52.156878616556178, -32.053088464319494 ] ] } },
{ "type": "Feature", "properties": { "tipo": "avenida", "nome": "RHEINGANTZ", "drenagem": 1.0, "iluminacao": 1.0, "compriment": 28.958411955733649 }, "geometry": { "type": "MultiLineString", "coordinates": [ [ [ -52.102443370977035, -32.041515029296114 ], [ -52.102466219704105, -32.041537848040726 ] ], [ [ -52.102482442537237, -32.041554049586004 ], [ -52.102548141966189, -32.041619662803136 ] ], [ [ -52.102564472440243, -32.041635971848081 ], [ -52.102642330056682, -32.041713727298536 ] ] ] } },
{ "type": "Feature", "properties": { "tipo": "avenida", "nome": "MAJOR CARLOS PINTO", "drenagem": 1.0, "iluminacao": 1.0, "compriment": 13.202668873025464 }, "geometry": { "type": "LineString", "coordinates": [ [ -52.1026537742841, -32.041683391959751 ], [ -52.102642330056682, -32.041713727298536 ] ] } },
{ "type": "Feature", "properties": { "tipo": "avenida", "nome": "MAJOR CARLOS PINTO", "drenagem": 1.0, "iluminacao": 1.0, "compriment": 32.487744402658443 }, "geometry": { "type": "LineString", "coordinates": [ [ -52.102642330056682, -32.041713727298536 ], [ -52.102468265233547, -32.041966422893481 ] ] } },
{ "type": "Feature", "properties": { "tipo": "avenida", "nome": "MAJOR CARLOS PINTO", "drenagem": 1.0, "iluminacao": 1.0, "compriment": 148.78255853768368 }, "geometry": { "type": "LineString", "coordinates": [ [ -52.102468265233547, -32.041966422893481 ], [ -52.102178839672177, -32.042455194468879 ] ] } },
{ "type": "Feature", "properties": { "tipo": "avenida", "nome": "MAJOR CARLOS PINTO", "drenagem": 1.0, "iluminacao": 1.0, "compriment": 68.324358682631512 }, "geometry": { "type": "LineString", "coordinates": [ [ -52.102244722806013, -32.041860249691503 ], [ -52.101973084363031, -32.042332311075761 ] ] } },
{ "type": "Feature", "properties": { "tipo": "rua", "nome": "REPUBLICA DO HAITI", "drenagem": 0.0, "iluminacao": 1.0, "compriment": 119.41378151080974 }, "geometry": { "type": "LineString", "coordinates": [ [ -52.132048338723351, -32.052978703679535 ], [ -52.131476383116883, -32.053939127436898 ] ] } },
{ "type": "Feature", "properties": { "tipo": "rua", "nome": "PINTO DA ROCHA", "drenagem": 0.0, "iluminacao": 1.0, "compriment": 113.20991467205674 }, "geometry": { "type": "LineString", "coordinates": [ [ -52.156878616556178, -32.053088464319494 ], [ -52.156390175126013, -32.054020815732258 ] ] } },
{ "type": "Feature", "properties": { "tipo": "avenida", "nome": "MAJOR CARLOS PINTO", "drenagem": 1.0, "iluminacao": 1.0, "compriment": 24.174260030043609 }, "geometry": { "type": "LineString", "coordinates": [ [ -52.102468265233547, -32.041966422893481 ], [ -52.102244722806013, -32.041860249691503 ] ] } },
{ "type": "Feature", "properties": { "tipo": "rua", "nome": "PINTO DA ROCHA", "drenagem": 0.0, "iluminacao": 1.0, "compriment": 110.83916371290523 }, "geometry": { "type": "LineString", "coordinates": [ [ -52.156390175126013, -32.054020815732258 ], [ -52.155912461071338, -32.054933833704276 ] ] } },
{ "type": "Feature", "properties": { "tipo": "avenida", "nome": "SILVA PAES", "drenagem": 1.0, "iluminacao": 1.0, "compriment": 128.51854283471079 }, "geometry": { "type": "MultiLineString", "coordinates": [ [ [ -52.095370767167054, -32.033289934068755 ], [ -52.09550282742736, -32.033264702674501 ] ], [ [ -52.095543788558395, -32.033256876652921 ], [ -52.096698357612652, -32.033036285031052 ] ] ] } },
{ "type": "Feature", "properties": { "tipo": "avenida", "nome": "RHEINGANTZ", "drenagem": 1.0, "iluminacao": 1.0, "compriment": 107.45697295623219 }, "geometry": { "type": "LineString", "coordinates": [ [ -52.103230049378602, -32.04209634781072 ], [ -52.104007470697987, -32.042803882016727 ] ] } },
{ "type": "Feature", "properties": { "tipo": "avenida", "nome": "RHEINGANTZ", "drenagem": 1.0, "iluminacao": 1.0, "compriment": 68.341924259409765 }, "geometry": { "type": "MultiLineString", "coordinates": [ [ [ -52.10313681044579, -32.042163675889547 ], [ -52.102834869883466, -32.041888927419073 ] ], [ [ -52.102826969618519, -32.041881738634324 ], [ -52.102642330056682, -32.041713727298536 ] ] ] } },
{ "type": "Feature", "properties": { "tipo": "avenida", "nome": "RHEINGANTZ", "drenagem": 1.0, "iluminacao": 1.0, "compriment": 80.536813442781991 }, "geometry": { "type": "LineString", "coordinates": [ [ -52.104007470697987, -32.042803882016727 ], [ -52.10459014010145, -32.043334161232835 ] ] } },
{ "type": "Feature", "properties": { "tipo": "avenida", "nome": "RHEINGANTZ", "drenagem": 1.0, "iluminacao": 1.0, "compriment": 86.750950424983557 }, "geometry": { "type": "LineString", "coordinates": [ [ -52.103764494372932, -32.042734822654488 ], [ -52.10313681044579, -32.042163675889547 ] ] } },
{ "type": "Feature", "properties": { "tipo": "avenida", "nome": "RHEINGANTZ", "drenagem": 1.0, "iluminacao": 1.0, "compriment": 79.116495480327018 }, "geometry": { "type": "LineString", "coordinates": [ [ -52.104495165212086, -32.043399666900122 ], [ -52.103922711454274, -32.042878787067089 ] ] } },
{ "type": "Feature", "properties": { "tipo": "avenida", "nome": "RHEINGANTZ", "drenagem": 1.0, "iluminacao": 1.0, "compriment": 199.51156514035284 }, "geometry": { "type": "LineString", "coordinates": [ [ -52.10459014010145, -32.043334161232835 ], [ -52.106033599843592, -32.044647794854022 ] ] } },
{ "type": "Feature", "properties": { "tipo": "avenida", "nome": "RHEINGANTZ", "drenagem": 1.0, "iluminacao": 1.0, "compriment": 11.542427710246313 }, "geometry": { "type": "LineString", "coordinates": [ [ -52.10459014010145, -32.043334161232835 ], [ -52.104495165212086, -32.043399666900122 ] ] } },
{ "type": "Feature", "properties": { "tipo": "rua", "nome": "ALTAMIR DE LACERDA NASCIMENTO", "drenagem": 1.0, "iluminacao": 1.0, "compriment": 36.960765560916244 }, "geometry": { "type": "LineString", "coordinates": [ [ -52.121442946427827, -32.049163704624739 ], [ -52.121769018351543, -32.049348028200981 ] ] } },
{ "type": "Feature", "properties": { "tipo": "avenida", "nome": "PRIMEIRO DE MAIO", "drenagem": 1.0, "iluminacao": 1.0, "compriment": 558.0404819917145 }, "geometry": { "type": "LineString", "coordinates": [ [ -52.120061093874824, -32.050081905573435 ], [ -52.122342922498063, -32.051321978288165 ], [ -52.1236485314299, -32.051999250519479 ], [ -52.125035802906979, -32.052716784752768 ] ] } },
{ "type": "Feature", "properties": { "tipo": "rua", "nome": "QUARENTA E SETE", "drenagem": 0.0, "iluminacao": 1.0, "compriment": 85.848915808016912 }, "geometry": { "type": "LineString", "coordinates": [ [ -52.128912247729914, -32.055049505497095 ], [ -52.128877089319538, -32.055112183960141 ] ] } },
{ "type": "Feature", "properties": { "tipo": "rua", "nome": "PINTO DA ROCHA", "drenagem": 0.0, "iluminacao": 1.0, "compriment": 113.89860639540704 }, "geometry": { "type": "MultiLineString", "coordinates": [ [ [ -52.155912461071338, -32.054933833704276 ], [ -52.155774554074263, -32.055194106222224 ] ], [ [ -52.155756651186749, -32.055227894425222 ], [ -52.155752850566635, -32.055235067353259 ] ], [ [ -52.155557518997988, -32.05560371753262 ], [ -52.155469923269472, -32.05576903735907 ] ] ] } },
{ "type": "Feature", "properties": { "tipo": "rua", "nome": "SEM DENOMINACAO", "drenagem": 1.0, "iluminacao": 1.0, "compriment": 357.65891171391655 }, "geometry": { "type": "MultiLineString", "coordinates": [ [ [ -52.147278743196473, -32.049787236924985 ], [ -52.146950008013221, -32.050485842499114 ] ], [ [ -52.146912525200335, -32.050565498414734 ], [ -52.146909046882179, -32.050572890299065 ] ], [ [ -52.146873975937581, -32.050647420676817 ], [ -52.146868085751137, -32.050659938099017 ] ], [ [ -52.146376552178658, -32.051704511698368 ], [ -52.146372835521802, -32.051712410083852 ] ], [ [ -52.146353560890425, -32.051753371214886 ], [ -52.146302427893865, -32.051862035569172 ] ] ] } },
{ "type": "Feature", "properties": { "tipo": "rua", "nome": "SEM DENOMINACAO", "drenagem": 1.0, "iluminacao": 1.0, "compriment": 304.89749583773562 }, "geometry": { "type": "LineString", "coordinates": [ [ -52.143432587011112, -32.050602542553037 ], [ -52.146302427893865, -32.051862035569172 ] ] } },
{ "type": "Feature", "properties": { "tipo": "rua", "nome": "SEM DENOMINACAO", "drenagem": 1.0, "iluminacao": 1.0, "compriment": 116.46931616110946 }, "geometry": { "type": "MultiLineString", "coordinates": [ [ [ -52.146302427893865, -32.051862035569172 ], [ -52.146423527106052, -32.051917215739046 ] ], [ [ -52.146458474440742, -32.051933139871252 ], [ -52.146513421006539, -32.051958176870087 ] ], [ [ -52.146540396702818, -32.051970468638764 ], [ -52.146603314907026, -32.051999138001129 ] ] ] } },
{ "type": "Feature", "properties": { "tipo": "rua", "nome": "DOIS DE NOVEMBRO", "drenagem": 1.0, "iluminacao": 1.0, "compriment": 77.252471695168722 }, "geometry": { "type": "MultiLineString", "coordinates": [ [ [ -52.108098199737405, -32.042539011315959 ], [ -52.10783212787031, -32.042856353146107 ] ], [ [ -52.107791166739268, -32.042905207166001 ], [ -52.107790697427632, -32.042905766910316 ] ], [ [ -52.107756354004927, -32.04294672804135 ], [ -52.107750205608227, -32.042954061185903 ] ] ] } },
{ "type": "Feature", "properties": { "tipo": "rua", "nome": "GAMAL ABDEL NASSER", "drenagem": 0.0, "iluminacao": 1.0, "compriment": 97.070226744621991 }, "geometry": { "type": "LineString", "coordinates": [ [ -52.141993615161894, -32.051637626604716 ], [ -52.141588835814552, -32.052442279732162 ] ] } },
{ "type": "Feature", "properties": { "tipo": "rua", "nome": "DOS MINUANO", "drenagem": 0.0, "iluminacao": 1.0, "compriment": 66.124763595454127 }, "geometry": { "type": "LineString", "coordinates": [ [ -52.153867228165012, -32.054188194116435 ], [ -52.153892705610275, -32.054252000208308 ] ] } },
{ "type": "Feature", "properties": { "tipo": "rua", "nome": "RIO AMAZONAS", "drenagem": 0.0, "iluminacao": 1.0, "compriment": 364.99881952446594 }, "geometry": { "type": "LineString", "coordinates": [ [ -52.138115545005071, -32.050998379315423 ], [ -52.141589958016709, -32.052440122322878 ] ] } },
{ "type": "Feature", "properties": { "tipo": "rua", "nome": "GAMAL ABDEL NASSER", "drenagem": 0.0, "iluminacao": 1.0, "compriment": 90.04785158389312 }, "geometry": { "type": "LineString", "coordinates": [ [ -52.143614256648512, -32.048490188092849 ], [ -52.143248924859037, -32.04924027564504 ] ] } },
{ "type": "Feature", "properties": { "tipo": "rua", "nome": "REPUBLICA DO HAITI", "drenagem": 0.0, "iluminacao": 1.0, "compriment": 146.36097809790834 }, "geometry": { "type": "LineString", "coordinates": [ [ -52.131476383116883, -32.053939127436898 ], [ -52.130793252914472, -32.055123891937939 ] ] } },
{ "type": "Feature", "properties": { "tipo": "rua", "nome": "VICE ALMIRANTE ABREU", "drenagem": 1.0, "iluminacao": 1.0, "compriment": 75.180383831439855 }, "geometry": { "type": "LineString", "coordinates": [ [ -52.101631727899353, -32.037416975350993 ], [ -52.101687958214349, -32.037405260908109 ] ] } },
{ "type": "Feature", "properties": { "tipo": "rua", "nome": "VICE ALMIRANTE ABREU", "drenagem": 1.0, "iluminacao": 1.0, "compriment": 83.000943659014922 }, "geometry": { "type": "MultiLineString", "coordinates": [ [ [ -52.101851802738508, -32.037406432336049 ], [ -52.10193265774663, -32.037416975350993 ] ], [ [ -52.101933725000592, -32.037417114514597 ], [ -52.102015647262668, -32.037427796693144 ] ], [ [ -52.102138530655786, -32.03744381996097 ], [ -52.102246791094736, -32.037457936482035 ] ], [ [ -52.102548141966189, -32.03749723085371 ], [ -52.102560924442841, -32.037498897613077 ] ] ] } },
{ "type": "Feature", "properties": { "tipo": "rua", "nome": "VICE ALMIRANTE ABREU", "drenagem": 1.0, "iluminacao": 1.0, "compriment": 73.491218464981145 }, "geometry": { "type": "LineString", "coordinates": [ [ -52.103060278439955, -32.037566169769136 ], [ -52.103824924946018, -32.037688699101942 ] ] } },
{ "type": "Feature", "properties": { "tipo": "rua", "nome": "ANDRADAS", "drenagem": 1.0, "iluminacao": 1.0, "compriment": 110.5363707869123 }, "geometry": { "type": "LineString", "coordinates": [ [ -52.096140129675106, -32.03658198079502 ], [ -52.09632799311558, -32.037416975350993 ] ] } },
{ "type": "Feature", "properties": { "tipo": "rua", "nome": "HELEN KELLER", "drenagem": 0.0, "iluminacao": 1.0, "compriment": 109.23939386222655 }, "geometry": { "type": "MultiLineString", "coordinates": [ [ [ -52.178805159407183, -32.066581300651258 ], [ -52.178791253065043, -32.0666222617823 ] ], [ [ -52.178765240779597, -32.066698880969561 ], [ -52.178749534038609, -32.066745145175418 ] ] ] } },
{ "type": "Feature", "properties": { "tipo": "rua", "nome": "CORREDOR DO BOSQUE SILVEIRA", "drenagem": 1.0, "iluminacao": 1.0, "compriment": 42.463797847016586 }, "geometry": { "type": "LineString", "coordinates": [ [ -52.166314790358456, -32.05752011732924 ], [ -52.166406545257075, -32.057556263885459 ] ] } },
{ "type": "Feature", "properties": { "tipo": "rua", "nome": "CORREDOR DO BOSQUE SILVEIRA", "drenagem": 1.0, "iluminacao": 1.0, "compriment": 69.32018246792849 }, "geometry": { "type": "MultiLineString", "coordinates": [ [ [ -52.165647105826437, -32.057260355012126 ], [ -52.165710206029402, -32.057284904113004 ] ], [ [ -52.165751167160437, -32.057300840019558 ], [ -52.166314790358456, -32.05752011732924 ] ] ] } },
{ "type": "Feature", "properties": { "tipo": "travessa", "nome": "CRISTOVAO PEREIRA", "drenagem": 0.0, "iluminacao": 1.0, "compriment": 75.848988783309238 }, "geometry": { "type": "LineString", "coordinates": [ [ -52.162328153686587, -32.056713431708516 ], [ -52.161596897479583, -32.056430500305297 ] ] } },
{ "type": "Feature", "properties": { "tipo": "rua", "nome": "ZALONY", "drenagem": 1.0, "iluminacao": 1.0, "compriment": 105.41094969016673 }, "geometry": { "type": "LineString", "coordinates": [ [ -52.095192798688977, -32.03487738522653 ], [ -52.095427045864049, -32.035782950865979 ] ] } },
{ "type": "Feature", "properties": { "tipo": "rua", "nome": "RIBEIRO COUTINHO", "drenagem": 1.0, "iluminacao": 1.0, "compriment": 127.13511464629597 }, "geometry": { "type": "LineString", "coordinates": [ [ -52.121569329643393, -32.052121019048137 ], [ -52.121520240390652, -32.052203943656323 ] ] } },
{ "type": "Feature", "properties": { "tipo": "rua", "nome": "MARECHAL FLORIANO PEIXOTO", "drenagem": 1.0, "iluminacao": 1.0, "compriment": 37.463658498882715 }, "geometry": { "type": "LineString", "coordinates": [ [ -52.097271204799519, -32.030969786781448 ], [ -52.09766688053918, -32.03094669838945 ] ] } },
{ "type": "Feature", "properties": { "tipo": "rua", "nome": "CONDE AFONSO CELSO", "drenagem": 0.0, "iluminacao": 1.0, "compriment": 99.27967020322032 }, "geometry": { "type": "LineString", "coordinates": [ [ -52.121402790274793, -32.045773046083092 ], [ -52.121379037379938, -32.045814007214133 ] ] } },
{ "type": "Feature", "properties": { "tipo": "rua", "nome": "CONDE AFONSO CELSO", "drenagem": 1.0, "iluminacao": 1.0, "compriment": 101.08433721805844 }, "geometry": { "type": "MultiLineString", "coordinates": [ [ [ -52.121349301113405, -32.045865012860936 ], [ -52.121090948486753, -32.046305540786605 ] ], [ [ -52.121062573196127, -32.046353924687637 ], [ -52.121042904241747, -32.046387463048688 ] ], [ [ -52.121021612065093, -32.046423769234295 ], [ -52.120885190535844, -32.046656387319409 ] ] ] } },
{ "type": "Feature", "properties": { "tipo": "rua", "nome": "CONDE AFONSO CELSO", "drenagem": 0.0, "iluminacao": 1.0, "compriment": 93.005829150874263 }, "geometry": { "type": "MultiLineString", "coordinates": [ [ [ -52.120285798495715, -32.047657258110917 ], [ -52.120285000258654, -32.04765863521547 ] ], [ [ -52.120119596990591, -32.047943986028194 ], [ -52.120052376505257, -32.048059953628751 ] ], [ [ -52.120024624701948, -32.048107830552354 ], [ -52.120000881629785, -32.048148791683396 ] ], [ [ -52.1199975837891, -32.048154481060223 ], [ -52.119977138557623, -32.048189752814437 ] ], [ [ -52.119956622658059, -32.048225146484 ], [ -52.119953395485467, -32.048230713945472 ] ] ] } },
{ "type": "Feature", "properties": { "tipo": "rua", "nome": "MARECHAL FLORIANO PEIXOTO", "drenagem": 1.0, "iluminacao": 1.0, "compriment": 97.425579722222594 }, "geometry": { "type": "LineString", "coordinates": [ [ -52.095298021772159, -32.030978307958712 ], [ -52.096230052765264, -32.030976576667939 ] ] } },
{ "type": "Feature", "properties": { "tipo": "rua", "nome": "CONDE AFONSO CELSO", "drenagem": 0.0, "iluminacao": 1.0, "compriment": 59.260952833665634 }, "geometry": { "type": "LineString", "coordinates": [ [ -52.119796977119123, -32.048435519600673 ], [ -52.11962547816956, -32.048569781029499 ], [ -52.11951018623062, -32.048806387442404 ] ] } },
{ "type": "Feature", "properties": { "tipo": "rua", "nome": "CONDE AFONSO CELSO", "drenagem": 0.0, "iluminacao": 1.0, "compriment": 63.05000661614865 }, "geometry": { "type": "LineString", "coordinates": [ [ -52.11951018623062, -32.048806387442404 ], [ -52.119213733377975, -32.049315846210213 ] ] } },
{ "type": "Feature", "properties": { "tipo": "rua", "nome": "BENTO GONCALVES", "drenagem": 1.0, "iluminacao": 1.0, "compriment": 123.94203666748518 }, "geometry": { "type": "LineString", "coordinates": [ [ -52.106467191307644, -32.03753948510785 ], [ -52.107647808019394, -32.03802731332857 ] ] } },
{ "type": "Feature", "properties": { "tipo": "rua", "nome": "BENTO GONCALVES", "drenagem": 1.0, "iluminacao": 1.0, "compriment": 120.92959826424323 }, "geometry": { "type": "MultiLineString", "coordinates": [ [ [ -52.108780298522881, -32.038494546588417 ], [ -52.108856156146302, -32.038525696997681 ] ], [ [ -52.108938078408379, -32.038559337808934 ], [ -52.109101922932538, -32.038626619431447 ] ], [ [ -52.109148654147489, -32.038645809282187 ], [ -52.109470573111892, -32.038778003082086 ] ], [ [ -52.109547649104741, -32.038809653806346 ], [ -52.109716339898135, -32.038878925515853 ] ], [ [ -52.109747146583366, -32.038891576068423 ], [ -52.109933584533394, -32.038968135525259 ] ] ] } },
{ "type": "Feature", "properties": { "tipo": "avenida", "nome": "DOM PEDRO II", "drenagem": 1.0, "iluminacao": 1.0, "compriment": 56.037803241169037 }, "geometry": { "type": "MultiLineString", "coordinates": [ [ [ -52.084893894488076, -32.035325791007182 ], [ -52.084759835069491, -32.035350309718908 ] ], [ [ -52.084658087372183, -32.035368918799008 ], [ -52.08464812770184, -32.035370740366552 ] ] ] } },
{ "type": "Feature", "properties": { "tipo": "rua", "nome": "BENTO MARTINS", "drenagem": 1.0, "iluminacao": 1.0, "compriment": 14.634208885466357 }, "geometry": { "type": "MultiLineString", "coordinates": [ [ [ -52.084891923788781, -32.035192016680064 ], [ -52.084893894488076, -32.035208841567481 ] ], [ [ -52.084898251002876, -32.035246035405891 ], [ -52.084903048780717, -32.035286996536932 ] ] ] } },
{ "type": "Feature", "properties": { "tipo": "rua", "nome": "BENTO GONCALVES", "drenagem": 0.0, "iluminacao": 1.0, "compriment": 59.191049446546266 }, "geometry": { "type": "LineString", "coordinates": [ [ -52.12449790931089, -32.045161328563786 ], [ -52.125031339332018, -32.04540563261569 ] ] } },
{ "type": "Feature", "properties": { "tipo": "rua", "nome": "BENTO GONCALVES", "drenagem": 0.0, "iluminacao": 1.0, "compriment": 58.161670988441323 }, "geometry": { "type": "LineString", "coordinates": [ [ -52.123970813499945, -32.044945445198813 ], [ -52.124421385941382, -32.045129191223403 ] ] } },
{ "type": "Feature", "properties": { "tipo": "rua", "nome": "BENTO GONCALVES", "drenagem": 0.0, "iluminacao": 1.0, "compriment": 60.945163818089661 }, "geometry": { "type": "MultiLineString", "coordinates": [ [ [ -52.125031339332018, -32.04540563261569 ], [ -52.125568297610492, -32.045626809527612 ] ], [ [ -52.125609258741534, -32.045643681707141 ], [ -52.125612260545878, -32.045644918171575 ] ] ] } },
{ "type": "Feature", "properties": { "tipo": "rua", "nome": "BENTO GONCALVES", "drenagem": 0.0, "iluminacao": 1.0, "compriment": 59.514402950262244 }, "geometry": { "type": "LineString", "coordinates": [ [ -52.125612260545878, -32.045644918171575 ], [ -52.126173341556857, -32.045889211058757 ] ] } },
{ "type": "Feature", "properties": { "tipo": "avenida", "nome": "MAJOR CARLOS PINTO", "drenagem": 1.0, "iluminacao": 1.0, "compriment": 20.453739796794057 }, "geometry": { "type": "LineString", "coordinates": [ [ -52.107678500605779, -32.032577230908764 ], [ -52.107652197843137, -32.032632565770861 ] ] } },
{ "type": "Feature", "properties": { "tipo": "rua", "nome": "LUIZ LOREA", "drenagem": 1.0, "iluminacao": 1.0, "compriment": 168.31699654491797 }, "geometry": { "type": "LineString", "coordinates": [ [ -52.100005353111783, -32.031810239368973 ], [ -52.101756570478258, -32.03152988301045 ] ] } },
{ "type": "Feature", "properties": { "tipo": "rua", "nome": "INTENDENTE CARVALHO", "drenagem": 1.0, "iluminacao": 1.0, "compriment": 59.367014314719711 }, "geometry": { "type": "LineString", "coordinates": [ [ -52.120061093874824, -32.050081905573435 ], [ -52.119768959220657, -32.050555958792877 ] ] } },
{ "type": "Feature", "properties": { "tipo": "rua", "nome": "INTENDENTE CARVALHO", "drenagem": 1.0, "iluminacao": 1.0, "compriment": 65.882989319163912 }, "geometry": { "type": "LineString", "coordinates": [ [ -52.119768959220657, -32.050555958792877 ], [ -52.119448569912883, -32.051083733709646 ] ] } },
{ "type": "Feature", "properties": { "tipo": "rua", "nome": "ACRE", "drenagem": 1.0, "iluminacao": 1.0, "compriment": 103.28557297032678 }, "geometry": { "type": "LineString", "coordinates": [ [ -52.13315774799625, -32.044912862331259 ], [ -52.132739832076375, -32.045663509607508 ] ] } },
{ "type": "Feature", "properties": { "tipo": "rua", "nome": "ESTADOS UNIDOS DA AMÉRICA", "drenagem": 0.0, "iluminacao": 1.0, "compriment": 50.124380686688383 }, "geometry": { "type": "LineString", "coordinates": [ [ -52.133158710516973, -32.055477234633436 ], [ -52.133474712176429, -32.055840421370675 ] ] } },
{ "type": "Feature", "properties": { "tipo": "rua", "nome": "ESTADOS UNIDOS DA AMÉRICA", "drenagem": 0.0, "iluminacao": 1.0, "compriment": 72.58615649676689 }, "geometry": { "type": "MultiLineString", "coordinates": [ [ [ -52.128639868084015, -32.051384721035532 ], [ -52.128681343569511, -32.051422527030226 ] ], [ [ -52.128684804946801, -32.051425682166567 ], [ -52.12907533581479, -32.051781661312965 ] ] ] } },
{ "type": "Feature", "properties": { "tipo": "rua", "nome": "ESTADOS UNIDOS DA AMÉRICA", "drenagem": 0.0, "iluminacao": 1.0, "compriment": 72.261184318182117 }, "geometry": { "type": "LineString", "coordinates": [ [ -52.129131916010948, -32.051832560832239 ], [ -52.129393052998765, -32.052060618807438 ] ] } },
{ "type": "Feature", "properties": { "tipo": "avenida", "nome": "PRIMEIRO DE MAIO", "drenagem": 1.0, "iluminacao": 1.0, "compriment": 111.94733334319716 }, "geometry": { "type": "LineString", "coordinates": [ [ -52.118075831973137, -32.0489821329001 ], [ -52.119063635845841, -32.049540168291799 ] ] } },
{ "type": "Feature", "properties": { "tipo": "avenida", "nome": "PRIMEIRO DE MAIO", "drenagem": 1.0, "iluminacao": 1.0, "compriment": 42.825001711840393 }, "geometry": { "type": "LineString", "coordinates": [ [ -52.128998582242268, -32.054643976949812 ], [ -52.129431435257452, -32.054759121129493 ] ] } },
{ "type": "Feature", "properties": { "tipo": "avenida", "nome": "PRIMEIRO DE MAIO", "drenagem": 1.0, "iluminacao": 1.0, "compriment": 65.364830704793619 }, "geometry": { "type": "LineString", "coordinates": [ [ -52.129431435257452, -32.054759121129493 ], [ -52.13009128194421, -32.054937111249522 ] ] } },
{ "type": "Feature", "properties": { "tipo": "rua", "nome": "JOAO DE MAGALHAES", "drenagem": 0.0, "iluminacao": 1.0, "compriment": 103.70474481652809 }, "geometry": { "type": "MultiLineString", "coordinates": [ [ [ -52.167620261461707, -32.061297314747137 ], [ -52.16764089462869, -32.061308345627985 ] ], [ [ -52.167850113782968, -32.061420198140254 ], [ -52.167892467531559, -32.061442841254362 ] ], [ [ -52.16800334866381, -32.061502120402338 ], [ -52.168004029367623, -32.061502484319455 ] ], [ [ -52.168079966104223, -32.061543081533372 ], [ -52.168126912760741, -32.061568180102824 ] ], [ [ -52.168156583544643, -32.061584042664414 ], [ -52.168167873891782, -32.061590078697279 ] ] ] } },
{ "type": "Feature", "properties": { "tipo": "rua", "nome": "JOAO DE MAGALHAES", "drenagem": 0.0, "iluminacao": 1.0, "compriment": 138.16858032164112 }, "geometry": { "type": "MultiLineString", "coordinates": [ [ [ -52.168577485202178, -32.061808813297837 ], [ -52.168616836976454, -32.06182980945065 ] ], [ [ -52.168659407464254, -32.061852522949174 ], [ -52.168693607859083, -32.061870770581692 ] ], [ [ -52.169307774920064, -32.062198459630011 ], [ -52.169314785560893, -32.062202200159852 ] ], [ [ -52.169384545802693, -32.062239420761053 ], [ -52.169396707822969, -32.062245909811189 ] ], [ [ -52.169437668954011, -32.062267764636857 ], [ -52.169489508118346, -32.062295423440965 ] ], [ [ -52.169519591216094, -32.062311474288194 ], [ -52.169538087567929, -32.062321343023129 ] ] ] } },
{ "type": "Feature", "properties": { "tipo": "rua", "nome": "JOAO ALFREDO", "drenagem": 1.0, "iluminacao": 1.0, "compriment": 165.69816981071679 }, "geometry": { "type": "MultiLineString", "coordinates": [ [ [ -52.101177632153814, -32.038438232917628 ], [ -52.101155463510835, -32.038442738075211 ] ], [ [ -52.101114502379794, -32.038451062281169 ], [ -52.100950657855641, -32.038484359105013 ] ], [ [ -52.100909696724599, -32.03849268331097 ], [ -52.099471241952102, -32.038785009071702 ] ] ] } },
{ "type": "Feature", "properties": { "tipo": "rua", "nome": "VALPORTO", "drenagem": 1.0, "iluminacao": 1.0, "compriment": 74.464185011045529 }, "geometry": { "type": "MultiLineString", "coordinates": [ [ [ -52.101810841607474, -32.040908892013881 ], [ -52.101793618934984, -32.040898671489366 ] ], [ [ -52.101769880476432, -32.040884584273932 ], [ -52.101724595066067, -32.040857710358331 ] ], [ [ -52.101671849264093, -32.04082549245782 ], [ -52.101591010501252, -32.040775788096248 ] ], [ [ -52.101553562094701, -32.040752762643187 ], [ -52.10146225087265, -32.040696619206095 ], [ -52.101451791356382, -32.040693865834172 ] ], [ [ -52.101360269166037, -32.040669773455257 ], [ -52.10129618810754, -32.04065290470313 ] ] ] } },
{ "type": "Feature", "properties": { "tipo": "rua", "nome": "1 VELHA", "drenagem": 1.0, "iluminacao": 1.0, "compriment": 131.10054074783119 }, "geometry": { "type": "LineString", "coordinates": [ [ -52.086692356982766, -32.037539858744111 ], [ -52.086603449653175, -32.038599489506048 ] ] } },
{ "type": "Feature", "properties": { "tipo": "rua", "nome": "MARECHAL JOAO MASCARENHAS DE MORAES", "drenagem": 1.0, "iluminacao": 1.0, "compriment": 71.123280933218737 }, "geometry": { "type": "MultiLineString", "coordinates": [ [ [ -52.082943221595087, -32.041232838180939 ], [ -52.082804876805049, -32.041258069018788 ] ], [ [ -52.082754143019621, -32.041267321668727 ], [ -52.08264103228089, -32.041287950408751 ] ] ] } },
{ "type": "Feature", "properties": { "tipo": "avenida", "nome": "QUINZE DE NOVEMBRO", "drenagem": 1.0, "iluminacao": 1.0, "compriment": 99.064312170003802 }, "geometry": { "type": "MultiLineString", "coordinates": [ [ [ -52.114821279696848, -32.045064351942223 ], [ -52.114887794629823, -32.044953823462301 ] ], [ [ -52.114913822915547, -32.044910572018942 ], [ -52.115036988114923, -32.044705907266874 ] ], [ [ -52.115041286933291, -32.044698763880589 ], [ -52.11506034462068, -32.044667095545023 ] ], [ [ -52.115082248064333, -32.044630698389916 ], [ -52.115121436102704, -32.044565579263754 ] ], [ [ -52.115155401818342, -32.044509138119615 ], [ -52.115282194608923, -32.044298445365662 ] ] ] } },
{ "type": "Feature", "properties": { "tipo": "rua", "nome": "ENGENHEIRO HEITOR AMARO BARCELOS", "drenagem": 0.0, "iluminacao": 1.0, "compriment": 171.64644775029436 }, "geometry": { "type": "MultiLineString", "coordinates": [ [ [ -52.081409480972916, -32.044603101805848 ], [ -52.081576042873863, -32.044563093166161 ] ], [ [ -52.081617004004897, -32.044553254186631 ], [ -52.081825174600262, -32.044503251020863 ] ] ] } },
{ "type": "Feature", "properties": { "tipo": "rua", "nome": "REVOCATA DE MELLO", "drenagem": 1.0, "iluminacao": 1.0, "compriment": 21.468155368941829 }, "geometry": { "type": "LineString", "coordinates": [ [ -52.092011251927467, -32.039710798689214 ], [ -52.092003445125044, -32.039729772643852 ] ] } },
{ "type": "Feature", "properties": { "tipo": "rua", "nome": "PADRE FEIJO", "drenagem": 1.0, "iluminacao": 1.0, "compriment": 142.65874068141653 }, "geometry": { "type": "MultiLineString", "coordinates": [ [ [ -52.113507171512822, -32.035205074274849 ], [ -52.113238997167549, -32.035657338034341 ] ], [ [ -52.113215711736942, -32.035696607847328 ], [ -52.113198036036508, -32.035726417107135 ] ], [ [ -52.113167135107631, -32.035778530109404 ], [ -52.113157074905466, -32.035795496179922 ] ], [ [ -52.11311855847832, -32.035860452371487 ], [ -52.113116113774424, -32.035864575252717 ] ], [ [ -52.11305054075968, -32.035975161140939 ], [ -52.113034191512348, -32.036002733398291 ] ], [ [ -52.112997116905042, -32.036065258026682 ], [ -52.11292622504287, -32.036184813907653 ] ] ] } },
{ "type": "Feature", "properties": { "tipo": "avenida", "nome": "MAJOR CARLOS PINTO", "drenagem": 1.0, "iluminacao": 1.0, "compriment": 88.349966804751588 }, "geometry": { "type": "MultiLineString", "coordinates": [ [ [ -52.107145175443627, -32.034017201474697 ], [ -52.107025291965719, -32.034213421396117 ] ], [ [ -52.106995020572114, -32.03426296826094 ], [ -52.10697194411847, -32.034300738769431 ] ], [ [ -52.106919943136361, -32.034385851654058 ], [ -52.106890021856394, -32.034434825468516 ] ] ] } },
{ "type": "Feature", "properties": { "tipo": "avenida", "nome": "MAJOR CARLOS PINTO", "drenagem": 1.0, "iluminacao": 1.0, "compriment": 9.5796209577784488 }, "geometry": { "type": "LineString", "coordinates": [ [ -52.106826070444718, -32.034540710753014 ], [ -52.106796834277098, -32.034594757447103 ] ] } },
{ "type": "Feature", "properties": { "tipo": "avenida", "nome": "MAJOR CARLOS PINTO", "drenagem": 1.0, "iluminacao": 1.0, "compriment": 99.568134088390678 }, "geometry": { "type": "MultiLineString", "coordinates": [ [ [ -52.106121104272916, -32.035737568978369 ], [ -52.106111760366637, -32.035754105376689 ] ], [ [ -52.106074814027359, -32.035819491240446 ], [ -52.106070799235603, -32.03582659642683 ] ], [ [ -52.105915099190369, -32.03610214691826 ], [ -52.105902317796421, -32.036124766817807 ] ] ] } },
{ "type": "Feature", "properties": { "tipo": "avenida", "nome": "MAJOR CARLOS PINTO", "drenagem": 1.0, "iluminacao": 1.0, "compriment": 88.382132154027119 }, "geometry": { "type": "MultiLineString", "coordinates": [ [ [ -52.105789311444113, -32.036311024812925 ], [ -52.105784071318325, -32.036320164794901 ] ], [ [ -52.105676194132762, -32.036508327364338 ], [ -52.1056611879252, -32.036534501634257 ] ], [ [ -52.105610352371194, -32.036623170507205 ], [ -52.105579265663124, -32.036677392860476 ] ], [ [ -52.105554473476751, -32.03672063612332 ], [ -52.105538304532082, -32.036748838473592 ] ], [ [ -52.105507505883281, -32.036802558385396 ], [ -52.10548948546456, -32.036833990131328 ] ] ] } },
{ "type": "Feature", "properties": { "tipo": "avenida", "nome": "MAJOR CARLOS PINTO", "drenagem": 1.0, "iluminacao": 1.0, "compriment": 12.179731157054542 }, "geometry": { "type": "LineString", "coordinates": [ [ -52.105394956506402, -32.036997115791358 ], [ -52.105364034599951, -32.037049065672491 ] ] } },
{ "type": "Feature", "properties": { "tipo": "avenida", "nome": "MAJOR CARLOS PINTO", "drenagem": 1.0, "iluminacao": 1.0, "compriment": 96.875658020899806 }, "geometry": { "type": "MultiLineString", "coordinates": [ [ [ -52.105273053659893, -32.037201431173251 ], [ -52.105251576614805, -32.037237398640912 ] ], [ [ -52.105203314393826, -32.037318223068368 ], [ -52.105169654352729, -32.03737459332018 ] ], [ [ -52.105144347016797, -32.037416975350993 ], [ -52.105128693221687, -32.037443190659815 ] ], [ [ -52.105095429252202, -32.037498897613077 ], [ -52.105082188569249, -32.037521071698663 ] ], [ [ -52.104973134840712, -32.037703703268271 ], [ -52.104964848697527, -32.037717580018352 ] ], [ [ -52.104906922513052, -32.037814588622588 ], [ -52.104898996208163, -32.037827862753815 ] ] ] } },
{ "type": "Feature", "properties": { "tipo": "avenida", "nome": "MAJOR CARLOS PINTO", "drenagem": 1.0, "iluminacao": 1.0, "compriment": 94.267239367332252 }, "geometry": { "type": "MultiLineString", "coordinates": [ [ [ -52.104898996208163, -32.037827862753815 ], [ -52.104882926435451, -32.03785578353574 ] ], [ [ -52.10485258040147, -32.037908508923472 ], [ -52.104841965304409, -32.037926952358582 ] ], [ [ -52.104741017151824, -32.038102346958404 ], [ -52.104719081911291, -32.038140458827087 ] ], [ [ -52.104641715202327, -32.038274881326267 ], [ -52.104637159649208, -32.038282796472764 ] ], [ [ -52.104569678840505, -32.038400042495944 ], [ -52.104561950914814, -32.038413469551308 ] ], [ [ -52.10452252858034, -32.038481964758027 ], [ -52.10451427625609, -32.038496302941269 ] ], [ [ -52.104498953450261, -32.038522925889069 ], [ -52.104473315125048, -32.038567471764104 ] ] ] } },
{ "type": "Feature", "properties": { "tipo": "avenida", "nome": "PORTUGAL", "drenagem": 1.0, "iluminacao": 1.0, "compriment": 122.88769023449714 }, "geometry": { "type": "LineString", "coordinates": [ [ -52.114610451301793, -32.03540987993005 ], [ -52.114799313717249, -32.035480171272638 ] ] } },
{ "type": "Feature", "properties": { "tipo": "rua", "nome": "GENERAL CAMARA", "drenagem": 0.0, "iluminacao": 1.0, "compriment": 129.22803278532913 }, "geometry": { "type": "MultiLineString", "coordinates": [ [ [ -52.095707723810925, -32.034753856044667 ], [ -52.095748594213596, -32.034746254532976 ] ], [ [ -52.095830516475672, -32.03473101776035 ], [ -52.095871477606714, -32.034723399374037 ] ], [ [ -52.095912438737756, -32.034715780987725 ], [ -52.095924483889817, -32.034713540702377 ] ], [ [ -52.096024105949901, -32.034695011933273 ], [ -52.096076283261915, -32.034685307442466 ] ], [ [ -52.096227329915664, -32.034657214181109 ], [ -52.096403972310235, -32.034624360351955 ] ], [ [ -52.096444933441269, -32.034616741965642 ], [ -52.096608777965429, -32.034586268420384 ] ], [ [ -52.096690700227512, -32.034571031647758 ], [ -52.097018389275824, -32.034510084557247 ] ] ] } },
{ "type": "Feature", "properties": { "tipo": "rua", "nome": "GENERAL CAMARA", "drenagem": 0.0, "iluminacao": 1.0, "compriment": 7.0112938928744004 }, "geometry": { "type": "LineString", "coordinates": [ [ -52.097100311537908, -32.034496070532754 ], [ -52.097117226499556, -32.034493294034661 ] ] } },
{ "type": "Feature", "properties": { "tipo": "avenida", "nome": "SILVA PAES", "drenagem": 1.0, "iluminacao": 1.0, "compriment": 125.14580518261295 }, "geometry": { "type": "LineString", "coordinates": [ [ -52.096789710776285, -32.033018921694641 ], [ -52.098087313700525, -32.03279115658394 ] ] } },
{ "type": "Feature", "properties": { "tipo": "rua", "nome": "DOUTOR FERNANDO DUPRAT DA SILVA", "drenagem": 1.0, "iluminacao": 1.0, "compriment": 70.861906395540828 }, "geometry": { "type": "LineString", "coordinates": [ [ -52.091439734432569, -32.032214911708955 ], [ -52.091580366959114, -32.03275222304169 ] ] } },
{ "type": "Feature", "properties": { "tipo": "rua", "nome": "DOIS DE NOVEMBRO", "drenagem": 1.0, "iluminacao": 1.0, "compriment": 68.793903359185563 }, "geometry": { "type": "LineString", "coordinates": [ [ -52.106107302738131, -32.044647151786236 ], [ -52.106528662326383, -32.044141102376805 ] ] } },
{ "type": "Feature", "properties": { "tipo": "rua", "nome": "SEM DENOMINACAO", "drenagem": 0.0, "iluminacao": 0.0, "compriment": 27.477333108207198 }, "geometry": { "type": "LineString", "coordinates": [ [ -52.123561202189549, -32.039535668703962 ], [ -52.123457916808256, -32.039671236236657 ] ] } },
{ "type": "Feature", "properties": { "tipo": "rua", "nome": "VISCONDE DO RIO GRANDE", "drenagem": 1.0, "iluminacao": 1.0, "compriment": 11.04782497812338 }, "geometry": { "type": "LineString", "coordinates": [ [ -52.108148719391586, -32.037122673846177 ], [ -52.108091761389147, -32.037209693350626 ] ] } },
{ "type": "Feature", "properties": { "tipo": "rua", "nome": "DUQUE DE CAXIAS", "drenagem": 1.0, "iluminacao": 1.0, "compriment": 119.27249073518762 }, "geometry": { "type": "MultiLineString", "coordinates": [ [ [ -52.098291965392399, -32.040069418320016 ], [ -52.098329145469094, -32.040252789963759 ] ], [ [ -52.098342478655468, -32.040318549061624 ], [ -52.09838395265627, -32.040523098281945 ] ], [ [ -52.098396318935976, -32.040584088608973 ], [ -52.098501629142035, -32.041103477144567 ] ] ] } },
{ "type": "Feature", "properties": { "tipo": "rua", "nome": "DUQUE DE CAXIAS", "drenagem": 1.0, "iluminacao": 1.0, "compriment": 62.62552618158081 }, "geometry": { "type": "LineString", "coordinates": [ [ -52.096340785045676, -32.030977907624404 ], [ -52.096426215978362, -32.031354727957115 ] ] } },
{ "type": "Feature", "properties": { "tipo": "rua", "nome": "DUQUE DE CAXIAS", "drenagem": 1.0, "iluminacao": 1.0, "compriment": 76.051729549811043 }, "geometry": { "type": "LineString", "coordinates": [ [ -52.096643304876096, -32.032344509804176 ], [ -52.096789710776285, -32.033018921694641 ] ] } },
{ "type": "Feature", "properties": { "tipo": "rua", "nome": "DUQUE DE CAXIAS", "drenagem": 1.0, "iluminacao": 1.0, "compriment": 82.898367241458558 }, "geometry": { "type": "LineString", "coordinates": [ [ -52.096789710776285, -32.033018921694641 ], [ -52.096969959029096, -32.033750574609272 ] ] } },
{ "type": "Feature", "properties": { "tipo": "rua", "nome": "DUQUE DE CAXIAS", "drenagem": 1.0, "iluminacao": 1.0, "compriment": 76.541783730512293 }, "geometry": { "type": "MultiLineString", "coordinates": [ [ [ -52.096969959029096, -32.033750574609272 ], [ -52.096982217018585, -32.033812395819503 ] ], [ [ -52.096990338844599, -32.033853356950537 ], [ -52.097104914328654, -32.034431200086523 ] ] ] } },
{ "type": "Feature", "properties": { "tipo": "rua", "nome": "DUQUE DE CAXIAS", "drenagem": 1.0, "iluminacao": 1.0, "compriment": 96.492625287892508 }, "geometry": { "type": "MultiLineString", "coordinates": [ [ [ -52.097753829281558, -32.037272673947022 ], [ -52.097837611896622, -32.037653879594657 ] ], [ [ -52.097839559735007, -32.037662742137229 ], [ -52.097941815447577, -32.038127999220755 ] ] ] } },
{ "type": "Feature", "properties": { "tipo": "rua", "nome": "1 VELHA", "drenagem": 1.0, "iluminacao": 1.0, "compriment": 50.081362076062227 }, "geometry": { "type": "LineString", "coordinates": [ [ -52.086065615902463, -32.042433710176837 ], [ -52.086179080736876, -32.042290375210769 ], [ -52.086329273194337, -32.042042694340658 ] ] } },
{ "type": "Feature", "properties": { "tipo": "rua", "nome": "1 VELHA", "drenagem": 1.0, "iluminacao": 1.0, "compriment": 11.254968898637317 }, "geometry": { "type": "LineString", "coordinates": [ [ -52.086329273194337, -32.042042694340658 ], [ -52.086210132756896, -32.042040708377655 ] ] } },
{ "type": "Feature", "properties": { "tipo": "rua", "nome": "SENADOR ALBERTO PASQUALINI", "drenagem": 1.0, "iluminacao": 1.0, "compriment": 190.53327732687961 }, "geometry": { "type": "MultiLineString", "coordinates": [ [ [ -52.082424052285063, -32.042250388813677 ], [ -52.082436226625695, -32.04229990565166 ] ], [ [ -52.082444193908891, -32.042332311075761 ], [ -52.082620376990604, -32.043048902583777 ] ] ] } },
{ "type": "Feature", "properties": { "tipo": "rua", "nome": "PADRE FEIJO", "drenagem": 1.0, "iluminacao": 1.0, "compriment": 99.52125144988824 }, "geometry": { "type": "LineString", "coordinates": [ [ -52.111048562629769, -32.039436240692559 ], [ -52.110578395990515, -32.040239432361275 ] ] } },
{ "type": "Feature", "properties": { "tipo": "rua", "nome": "ABDALA NADER", "drenagem": 1.0, "iluminacao": 1.0, "compriment": 7.3013794899961564 }, "geometry": { "type": "LineString", "coordinates": [ [ -52.083684928465068, -32.041083606425531 ], [ -52.083662469429207, -32.041020601700509 ] ] } },
{ "type": "Feature", "properties": { "tipo": "rua", "nome": "BASTOS GUERRA", "drenagem": 1.0, "iluminacao": 1.0, "compriment": 6.8863683889348284 }, "geometry": { "type": "LineString", "coordinates": [ [ -52.084403906010117, -32.040884180245762 ], [ -52.084419057803764, -32.040944926693513 ] ] } },
{ "type": "Feature", "properties": { "tipo": "rua", "nome": "PROFESSOR ANTENOR MONTEIRO", "drenagem": 1.0, "iluminacao": 1.0, "compriment": 6.9398938656422144 }, "geometry": { "type": "LineString", "coordinates": [ [ -52.08515870119426, -32.040737339656864 ], [ -52.085194983481429, -32.040791762077305 ] ] } },
{ "type": "Feature", "properties": { "tipo": "rua", "nome": "ANDRADE NEVES", "drenagem": 1.0, "iluminacao": 1.0, "compriment": 143.89745264221688 }, "geometry": { "type": "MultiLineString", "coordinates": [ [ [ -52.091580366959114, -32.03275222304169 ], [ -52.091465264015689, -32.032843318496624 ], [ -52.091488636585467, -32.033130025912207 ] ], [ [ -52.091494176152231, -32.033197978853906 ], [ -52.091510626029297, -32.033399766752481 ] ], [ [ -52.091514211216023, -32.033443745640142 ], [ -52.091530907102516, -32.033648551295343 ] ], [ [ -52.091537272625402, -32.033726636102976 ], [ -52.091559914116765, -32.03400437550156 ] ] ] } },
{ "type": "Feature", "properties": { "tipo": "rua", "nome": "PERU", "drenagem": 1.0, "iluminacao": 1.0, "compriment": 62.120993632781257 }, "geometry": { "type": "MultiLineString", "coordinates": [ [ [ -52.13653454483169, -32.053673448943925 ], [ -52.136757003463345, -32.053309894194399 ] ], [ [ -52.13678206752089, -32.053268933063357 ], [ -52.136807131578429, -32.053227971932316 ] ], [ [ -52.136832195635975, -32.053187010801274 ], [ -52.136838537747181, -32.053176646156693 ] ] ] } },
{ "type": "Feature", "properties": { "tipo": "rua", "nome": "LEOPOLDO FROES", "drenagem": 0.0, "iluminacao": 1.0, "compriment": 60.770334744884217 }, "geometry": { "type": "LineString", "coordinates": [ [ -52.171433878157764, -32.059448113250781 ], [ -52.171127812035536, -32.059930197781647 ] ] } },
{ "type": "Feature", "properties": { "tipo": "rua", "nome": "LEOPOLDO FROES", "drenagem": 0.0, "iluminacao": 1.0, "compriment": 59.983354105943754 }, "geometry": { "type": "LineString", "coordinates": [ [ -52.171127812035536, -32.059930197781647 ], [ -52.170825821132176, -32.060406091357024 ] ] } },
{ "type": "Feature", "properties": { "tipo": "rua", "nome": "LEOPOLDO FROES", "drenagem": 0.0, "iluminacao": 1.0, "compriment": 72.252417567465471 }, "geometry": { "type": "LineString", "coordinates": [ [ -52.170825821132176, -32.060406091357024 ], [ -52.170456577382403, -32.060976777583278 ] ] } },
{ "type": "Feature", "properties": { "tipo": "rua", "nome": "SEM DENOMINACAO", "drenagem": 0.0, "iluminacao": 0.0, "compriment": 98.253647312092554 }, "geometry": { "type": "LineString", "coordinates": [ [ -52.170234822775711, -32.059483280825845 ], [ -52.170258915924791, -32.059514449096788 ], [ -52.171127812035536, -32.059930197781647 ] ] } },
{ "type": "Feature", "properties": { "tipo": "rua", "nome": "SEM DENOMINACAO", "drenagem": 0.0, "iluminacao": 1.0, "compriment": 140.78446765036395 }, "geometry": { "type": "LineString", "coordinates": [ [ -52.169847280264406, -32.059929361820771 ], [ -52.1700332109274, -32.060025301723968 ], [ -52.170825821132176, -32.060406091357024 ] ] } },
{ "type": "Feature", "properties": { "tipo": "rua", "nome": "BERNARDO TAVEIRA", "drenagem": 0.0, "iluminacao": 1.0, "compriment": 32.013702608815322 }, "geometry": { "type": "LineString", "coordinates": [ [ -52.170456577382403, -32.060976777583278 ], [ -52.17076145154136, -32.061103046284593 ] ] } },
{ "type": "Feature", "properties": { "tipo": "rua", "nome": "CORREDOR DO BOSQUE SILVEIRA", "drenagem": 1.0, "iluminacao": 1.0, "compriment": 77.248955392828464 }, "geometry": { "type": "LineString", "coordinates": [ [ -52.171433878157764, -32.059448113250781 ], [ -52.17218466093707, -32.059724734183433 ] ] } },
{ "type": "Feature", "properties": { "tipo": "rua", "nome": "MARECHAL EURICO GASPAR DUTRA", "drenagem": 0.0, "iluminacao": 1.0, "compriment": 172.42843787588438 }, "geometry": { "type": "MultiLineString", "coordinates": [ [ [ -52.171444764374954, -32.062639032498929 ], [ -52.17146434574645, -32.062608070940406 ] ], [ [ -52.171485725505995, -32.062574265817183 ], [ -52.171590030104596, -32.062409342081665 ] ] ] } },
{ "type": "Feature", "properties": { "tipo": "avenida", "nome": "PRESIDENTE VARGAS", "drenagem": 1.0, "iluminacao": 1.0, "compriment": 204.26568193714914 }, "geometry": { "type": "LineString", "coordinates": [ [ -52.111876017758533, -32.048194016082427 ], [ -52.112678787805656, -32.04859478183517 ], [ -52.113771491871063, -32.049046156210473 ] ] } },
{ "type": "Feature", "properties": { "tipo": "avenida", "nome": "PRESIDENTE VARGAS", "drenagem": 1.0, "iluminacao": 1.0, "compriment": 68.133231713888918 }, "geometry": { "type": "LineString", "coordinates": [ [ -52.114804209654608, -32.04944545154153 ], [ -52.115464269627068, -32.049693436415239 ] ] } },
{ "type": "Feature", "properties": { "tipo": "avenida", "nome": "PRESIDENTE VARGAS", "drenagem": 1.0, "iluminacao": 1.0, "compriment": 112.23383959555346 }, "geometry": { "type": "LineString", "coordinates": [ [ -52.122614914482483, -32.05254609745402 ], [ -52.123338741693694, -32.0528394019328 ], [ -52.123685960913171, -32.052984658261316 ] ] } },
{ "type": "Feature", "properties": { "tipo": "avenida", "nome": "PRESIDENTE VARGAS", "drenagem": 1.0, "iluminacao": 1.0, "compriment": 167.74123243676627 }, "geometry": { "type": "LineString", "coordinates": [ [ -52.115483156436717, -32.049547709418789 ], [ -52.114005870886778, -32.048973708189443 ] ] } },
{ "type": "Feature", "properties": { "tipo": "rua", "nome": "DOM PEDRO I", "drenagem": 1.0, "iluminacao": 1.0, "compriment": 101.35955247469826 }, "geometry": { "type": "MultiLineString", "coordinates": [ [ [ -52.114871066144545, -32.040185039828465 ], [ -52.114836481278097, -32.040243208550329 ] ], [ [ -52.114812076933902, -32.040284254523776 ], [ -52.114783507197174, -32.040332306323307 ] ], [ [ -52.11469778289235, -32.040476487109764 ], [ -52.114672636753937, -32.040518780716233 ] ], [ [ -52.114641599632549, -32.040570982441054 ], [ -52.114624475153882, -32.040599784317102 ] ], [ [ -52.114524499640154, -32.040767934391056 ], [ -52.114508792229778, -32.040794352882131 ] ] ] } },
{ "type": "Feature", "properties": { "tipo": "rua", "nome": "AMAPA", "drenagem": 0.0, "iluminacao": 1.0, "compriment": 61.308082616207642 }, "geometry": { "type": "MultiLineString", "coordinates": [ [ [ -52.127383218856252, -32.053187010801274 ], [ -52.127329626245199, -32.053257092767041 ] ], [ [ -52.127206742852081, -32.053417784877041 ], [ -52.127069425792811, -32.053597351598249 ] ] ] } },
{ "type": "Feature", "properties": { "tipo": "avenida", "nome": "PORTUGAL", "drenagem": 1.0, "iluminacao": 1.0, "compriment": 23.115631356330702 }, "geometry": { "type": "LineString", "coordinates": [ [ -52.10767998015745, -32.032577735774154 ], [ -52.107678500605779, -32.032577230908764 ] ] } },
{ "type": "Feature", "properties": { "tipo": "rua", "nome": "VENANCIO AYRES", "drenagem": 0.0, "iluminacao": 1.0, "compriment": 46.922108051368546 }, "geometry": { "type": "MultiLineString", "coordinates": [ [ [ -52.121195545715317, -32.038604848151145 ], [ -52.121226417720287, -32.038536489069671 ] ], [ [ -52.121232543059747, -32.038522925889069 ], [ -52.121336972143887, -32.038291691271226 ] ] ] } },
{ "type": "Feature", "properties": { "tipo": "rua", "nome": "SEM DENOMINACAO", "drenagem": 0.0, "iluminacao": 1.0, "compriment": 100.40673714939274 }, "geometry": { "type": "MultiLineString", "coordinates": [ [ [ -52.119687250445899, -32.037211684704076 ], [ -52.119820936353996, -32.037291258021348 ], [ -52.120117586148204, -32.037441669080351 ], [ -52.120407195099496, -32.037604354826541 ] ], [ [ -52.120489117361572, -32.03765004662305 ], [ -52.120585924071861, -32.037694264759949 ] ] ] } },
{ "type": "Feature", "properties": { "tipo": "rua", "nome": "SEM DENOMINACAO", "drenagem": 0.0, "iluminacao": 1.0, "compriment": 66.376598169901385 }, "geometry": { "type": "LineString", "coordinates": [ [ -52.1207246472338, -32.037845509558267 ], [ -52.120590274129732, -32.038072353447632 ] ] } },
{ "type": "Feature", "properties": { "tipo": "avenida", "nome": "PORTUGAL", "drenagem": 1.0, "iluminacao": 1.0, "compriment": 37.826406341338917 }, "geometry": { "type": "MultiLineString", "coordinates": [ [ [ -52.119156770450672, -32.036893890964116 ], [ -52.119219322299344, -32.036916577434972 ] ], [ [ -52.11924376334526, -32.036925441778514 ], [ -52.119525231372734, -32.037027525351384 ] ] ] } },
{ "type": "Feature", "properties": { "tipo": "avenida", "nome": "PORTUGAL", "drenagem": 1.0, "iluminacao": 1.0, "compriment": 35.831144366546361 }, "geometry": { "type": "LineString", "coordinates": [ [ -52.119079998284882, -32.037068194735362 ], [ -52.119426802039435, -32.037199136983773 ] ] } },
{ "type": "Feature", "properties": { "tipo": "avenida", "nome": "PORTUGAL", "drenagem": 1.0, "iluminacao": 1.0, "compriment": 17.66132610181776 }, "geometry": { "type": "LineString", "coordinates": [ [ -52.118909057582371, -32.03700365237389 ], [ -52.119079998284882, -32.037068194735362 ] ] } },
{ "type": "Feature", "properties": { "tipo": "rua", "nome": "GENERAL NETTO", "drenagem": 1.0, "iluminacao": 1.0, "compriment": 95.225388033080065 }, "geometry": { "type": "LineString", "coordinates": [ [ -52.099073019343152, -32.03702662143565 ], [ -52.09927404267129, -32.037868133669356 ] ] } },
{ "type": "Feature", "properties": { "tipo": "rua", "nome": "CORREDOR DO BOSQUE SILVEIRA", "drenagem": 1.0, "iluminacao": 1.0, "compriment": 141.61756485593182 }, "geometry": { "type": "LineString", "coordinates": [ [ -52.170338608016415, -32.059044555450185 ], [ -52.171433878157764, -32.059448113250781 ] ] } },
{ "type": "Feature", "properties": { "tipo": "rua", "nome": "CARAMURÚ", "drenagem": 1.0, "iluminacao": 1.0, "compriment": 8.9978628954728297 }, "geometry": { "type": "LineString", "coordinates": [ [ -52.11022346475351, -32.03600047632343 ], [ -52.110182153798355, -32.036073593117216 ] ] } },
{ "type": "Feature", "properties": { "tipo": "rua", "nome": "ANDRADAS", "drenagem": 1.0, "iluminacao": 1.0, "compriment": 76.888751766049623 }, "geometry": { "type": "LineString", "coordinates": [ [ -52.095542884218361, -32.034012216241855 ], [ -52.095689666955614, -32.034694244549833 ] ] } },
{ "type": "Feature", "properties": { "tipo": "rua", "nome": "CONDE AFONSO CELSO", "drenagem": 0.0, "iluminacao": 1.0, "compriment": 99.369784175615948 }, "geometry": { "type": "MultiLineString", "coordinates": [ [ [ -52.120885190535844, -32.046656387319409 ], [ -52.120837081778355, -32.046740804103166 ] ], [ [ -52.120431516480934, -32.047452452455722 ], [ -52.120425752360916, -32.047462566798693 ] ] ] } },
{ "type": "Feature", "properties": { "tipo": "rua", "nome": "CENTO E QUARENTA E CINCO", "drenagem": 0.0, "iluminacao": 1.0, "compriment": 168.07819247143041 }, "geometry": { "type": "LineString", "coordinates": [ [ -52.165647105826437, -32.057260355012126 ], [ -52.165259633587965, -32.057843630668998 ] ] } },
{ "type": "Feature", "properties": { "tipo": "rua", "nome": "JOAO PESSOA", "drenagem": 1.0, "iluminacao": 1.0, "compriment": 62.365939250399869 }, "geometry": { "type": "LineString", "coordinates": [ [ -52.086182468622155, -32.036107377511556 ], [ -52.085540397014682, -32.036238493920074 ] ] } },
{ "type": "Feature", "properties": { "tipo": "rua", "nome": "SAUL PORTO", "drenagem": 0.0, "iluminacao": 1.0, "compriment": 43.203526673498352 }, "geometry": { "type": "LineString", "coordinates": [ [ -52.081263791892773, -32.044233775286102 ], [ -52.081409480972916, -32.044603101805848 ] ] } },
{ "type": "Feature", "properties": { "tipo": "rua", "nome": "GENERAL BOEHM", "drenagem": 0.0, "iluminacao": 1.0, "compriment": 123.01873679269525 }, "geometry": { "type": "LineString", "coordinates": [ [ -52.158789767246631, -32.053820912150918 ], [ -52.159138338304345, -32.053953162601374 ] ] } },
{ "type": "Feature", "properties": { "tipo": "avenida", "nome": "PRIMEIRO DE MAIO", "drenagem": 1.0, "iluminacao": 1.0, "compriment": 67.13927583671051 }, "geometry": { "type": "LineString", "coordinates": [ [ -52.116334672483227, -32.048039584453896 ], [ -52.116859685513319, -32.048321379710032 ] ] } },
{ "type": "Feature", "properties": { "tipo": "rua", "nome": "CASIMIRO DE ABREU", "drenagem": 0.0, "iluminacao": 1.0, "compriment": 100.20169358992933 }, "geometry": { "type": "LineString", "coordinates": [ [ -52.127546670317649, -32.042424158233104 ], [ -52.127256111379552, -32.042905766910316 ] ] } },
{ "type": "Feature", "properties": { "tipo": "rua", "nome": "DOUTOR NEWTON AZEVEDO", "drenagem": 1.0, "iluminacao": 1.0, "compriment": 167.81965628600193 }, "geometry": { "type": "LineString", "coordinates": [ [ -52.114804209654608, -32.04944545154153 ], [ -52.114212528808153, -32.050565498414734 ] ] } },
{ "type": "Feature", "properties": { "tipo": "avenida", "nome": "PRESIDENTE VARGAS", "drenagem": 1.0, "iluminacao": 1.0, "compriment": 79.369667873288989 }, "geometry": { "type": "LineString", "coordinates": [ [ -52.109394481449989, -32.046908255596747 ], [ -52.108669519014789, -32.046546234781914 ] ] } },
{ "type": "Feature", "properties": { "tipo": "rua", "nome": "SEM DENOMINACAO", "drenagem": 1.0, "iluminacao": 1.0, "compriment": 121.5852289813262 }, "geometry": { "type": "LineString", "coordinates": [ [ -52.105367657752147, -32.044193537491346 ], [ -52.104533448226604, -32.045028642680897 ] ] } },
{ "type": "Feature", "properties": { "tipo": "rua", "nome": "SENADOR CORREA", "drenagem": 1.0, "iluminacao": 1.0, "compriment": 75.472676649246864 }, "geometry": { "type": "LineString", "coordinates": [ [ -52.098363943297805, -32.040057301780017 ], [ -52.099142705499155, -32.039904876813033 ] ] } },
{ "type": "Feature", "properties": { "tipo": "rua", "nome": "DOM BOSCO", "drenagem": 1.0, "iluminacao": 1.0, "compriment": 60.820735757877664 }, "geometry": { "type": "LineString", "coordinates": [ [ -52.125713746298729, -32.046675305175675 ], [ -52.126283595260347, -32.046930795409118 ] ] } },
{ "type": "Feature", "properties": { "tipo": "rua", "nome": "GENERAL CAMARA", "drenagem": 1.0, "iluminacao": 1.0, "compriment": 126.36261621036154 }, "geometry": { "type": "MultiLineString", "coordinates": [ [ [ -52.093868653577807, -32.035034044721506 ], [ -52.094683604806562, -32.03488549011616 ] ], [ [ -52.094728067176121, -32.03487738522653 ], [ -52.094929371592805, -32.034840690149423 ] ], [ [ -52.094952774609389, -32.034836424095495 ], [ -52.095100254853854, -32.034809540438239 ] ] ] } },
{ "type": "Feature", "properties": { "tipo": "rua", "nome": "GENERAL CAMARA", "drenagem": 1.0, "iluminacao": 1.0, "compriment": 49.729371480938504 }, "geometry": { "type": "MultiLineString", "coordinates": [ [ [ -52.09517743004993, -32.034795462964453 ], [ -52.095338982903201, -32.03476353999384 ] ], [ [ -52.095384722399814, -32.034754501833412 ], [ -52.095584749689436, -32.034714976283979 ] ], [ [ -52.095592014749663, -32.034713540702377 ], [ -52.095689666955614, -32.034694244549833 ] ] ] } },
{ "type": "Feature", "properties": { "tipo": "avenida", "nome": "SILVA PAES", "drenagem": 1.0, "iluminacao": 1.0, "compriment": 47.570771814985122 }, "geometry": { "type": "LineString", "coordinates": [ [ -52.091861005154321, -32.033950813016091 ], [ -52.092353440878384, -32.033860918647783 ] ] } },
{ "type": "Feature", "properties": { "tipo": "avenida", "nome": "SILVA PAES", "drenagem": 1.0, "iluminacao": 1.0, "compriment": 52.45773237779192 }, "geometry": { "type": "MultiLineString", "coordinates": [ [ [ -52.095175138379041, -32.033326412156875 ], [ -52.095216099510083, -32.033318774304782 ] ], [ [ -52.095338982903201, -32.03329586074851 ], [ -52.095370767167054, -32.033289934068755 ] ] ] } },
{ "type": "Feature", "properties": { "tipo": "rua", "nome": "CRISTOVAO COLOMBO", "drenagem": 1.0, "iluminacao": 1.0, "compriment": 4.2686201959309296 }, "geometry": { "type": "LineString", "coordinates": [ [ -52.111334823256641, -32.036515087409263 ], [ -52.111314960204091, -32.036549664795878 ] ] } },
{ "type": "Feature", "properties": { "tipo": "rua", "nome": "HONORATO CARVALHO", "drenagem": 0.0, "iluminacao": 1.0, "compriment": 74.175239275558994 }, "geometry": { "type": "LineString", "coordinates": [ [ -52.14133833306078, -32.049306985499499 ], [ -52.142000038573755, -32.049588413741674 ] ] } },
{ "type": "Feature", "properties": { "tipo": "rua", "nome": "RAFAEL ANSELMI", "drenagem": 0.0, "iluminacao": 1.0, "compriment": 100.64822441722789 }, "geometry": { "type": "MultiLineString", "coordinates": [ [ [ -52.142491307736819, -32.047943986028194 ], [ -52.14248524472989, -32.047972100600504 ] ], [ [ -52.142473640911327, -32.048025908290278 ], [ -52.142451793540218, -32.048127216024511 ] ] ] } },
{ "type": "Feature", "properties": { "tipo": "avenida", "nome": "BUARQUE DE MACEDO", "drenagem": 1.0, "iluminacao": 1.0, "compriment": 32.371992629361941 }, "geometry": { "type": "LineString", "coordinates": [ [ -52.103259706111622, -32.040127230884984 ], [ -52.103262106913348, -32.040132077705394 ] ] } },
{ "type": "Feature", "properties": { "tipo": "avenida", "nome": "BUARQUE DE MACEDO", "drenagem": 1.0, "iluminacao": 1.0, "compriment": 122.20454961559483 }, "geometry": { "type": "MultiLineString", "coordinates": [ [ [ -52.10454007470365, -32.040902460636836 ], [ -52.10385842974938, -32.040612880392239 ] ], [ [ -52.103856224561909, -32.040611943572088 ], [ -52.103776975897375, -32.040578276708544 ] ], [ [ -52.103759805870325, -32.040570982441054 ], [ -52.103695053635299, -32.040543474032255 ] ], [ [ -52.103663387178734, -32.040530021310012 ], [ -52.103470589463065, -32.040448115899707 ], [ -52.103470564255105, -32.040448099047929 ] ], [ [ -52.103449286849056, -32.040433874883959 ], [ -52.103409291999021, -32.040407137916894 ] ] ] } },
{ "type": "Feature", "properties": { "tipo": "rua", "nome": "MARECHAL DEODORO", "drenagem": 1.0, "iluminacao": 1.0, "compriment": 20.441884973984617 }, "geometry": { "type": "LineString", "coordinates": [ [ -52.104635160311979, -32.040736857126475 ], [ -52.10454007470365, -32.040902460636836 ] ] } },
{ "type": "Feature", "properties": { "tipo": "rua", "nome": "COMENDADOR HENRIQUE PANCADA", "drenagem": 0.0, "iluminacao": 1.0, "compriment": 35.953239394525653 }, "geometry": { "type": "LineString", "coordinates": [ [ -52.123121322471533, -32.03951982458149 ], [ -52.123457916808256, -32.039671236236657 ] ] } },
{ "type": "Feature", "properties": { "tipo": "rua", "nome": "SEM DENOMINACAO", "drenagem": 0.0, "iluminacao": 0.0, "compriment": 38.21892070927764 }, "geometry": { "type": "LineString", "coordinates": [ [ -52.122660057306675, -32.038977041823159 ], [ -52.122588071528689, -32.039084736733564 ], [ -52.122501707440634, -32.039219265116742 ] ] } },
{ "type": "Feature", "properties": { "tipo": "rua", "nome": "COMENDADOR HENRIQUE PANCADA", "drenagem": 0.0, "iluminacao": 1.0, "compriment": 67.384792854058333 }, "geometry": { "type": "MultiLineString", "coordinates": [ [ [ -52.122511518138623, -32.039260226247784 ], [ -52.122537173913557, -32.039271148105932 ] ], [ [ -52.122607737073579, -32.039301187378818 ], [ -52.12261909617564, -32.039306023034797 ] ], [ [ -52.122800174943528, -32.039383109640902 ], [ -52.122823901830834, -32.039393210356948 ] ], [ [ -52.122864862961876, -32.039410647821377 ], [ -52.122905824092918, -32.039428085285806 ] ], [ [ -52.122946785223952, -32.039445522750235 ], [ -52.123121322471533, -32.03951982458149 ] ] ] } },
{ "type": "Feature", "properties": { "tipo": "rua", "nome": "SEM DENOMINACAO", "drenagem": null, "iluminacao": null, "compriment": 42.117053306150709 }, "geometry": { "type": "LineString", "coordinates": [ [ -52.120601758527506, -32.037662742137229 ], [ -52.120585924067321, -32.037694264757633 ] ] } },
{ "type": "Feature", "properties": { "tipo": "avenida", "nome": "QUINZE DE NOVEMBRO", "drenagem": 0.0, "iluminacao": 1.0, "compriment": 68.605737281799051 }, "geometry": { "type": "LineString", "coordinates": [ [ -52.119807619147032, -32.037130247433716 ], [ -52.119805971388445, -32.037131281599784 ], [ -52.119687250445899, -32.037211684704076 ] ] } },
{ "type": "Feature", "properties": { "tipo": "rua", "nome": "CRISTOVAO PEREIRA", "drenagem": 1.0, "iluminacao": 1.0, "compriment": 116.6640200342469 }, "geometry": { "type": "MultiLineString", "coordinates": [ [ [ -52.150952064867951, -32.052005204994707 ], [ -52.151087082248225, -32.052051906793018 ] ], [ [ -52.151128043379266, -32.052066075031782 ], [ -52.152048156121239, -32.052384337166757 ] ] ] } },
{ "type": "Feature", "properties": { "tipo": "rua", "nome": "VISCONDE DE RIO BRANCO", "drenagem": 1.0, "iluminacao": 1.0, "compriment": 117.21711856386851 }, "geometry": { "type": "LineString", "coordinates": [ [ -52.106792973259196, -32.034610201518717 ], [ -52.107889794711298, -32.035097179367028 ] ] } },
{ "type": "Feature", "properties": { "tipo": "rua", "nome": "VISCONDE DE RIO BRANCO", "drenagem": 1.0, "iluminacao": 1.0, "compriment": 119.31417501754575 }, "geometry": { "type": "LineString", "coordinates": [ [ -52.110182153798355, -32.036073593117216 ], [ -52.111314960204091, -32.036549664795878 ] ] } },
{ "type": "Feature", "properties": { "tipo": "rua", "nome": "M", "drenagem": 0.0, "iluminacao": 1.0, "compriment": 135.2140339829852 }, "geometry": { "type": "LineString", "coordinates": [ [ -52.174954275213665, -32.064645875562455 ], [ -52.17484453825125, -32.064796517438978 ] ] } },
{ "type": "Feature", "properties": { "tipo": "rua", "nome": "MARECHAL DEODORO", "drenagem": 1.0, "iluminacao": 1.0, "compriment": 9.2644659215474316 }, "geometry": { "type": "LineString", "coordinates": [ [ -52.107020664771532, -32.036655382270823 ], [ -52.106971900892191, -32.036727873269101 ] ] } },
{ "type": "Feature", "properties": { "tipo": "rua", "nome": "BARAO DE COTEGIPE", "drenagem": 1.0, "iluminacao": 1.0, "compriment": 127.8023705632268 }, "geometry": { "type": "MultiLineString", "coordinates": [ [ [ -52.101937577614621, -32.036429573216836 ], [ -52.102358766773463, -32.036487634671367 ] ], [ [ -52.102384297442029, -32.036491154106088 ], [ -52.102793908752425, -32.036547619539668 ] ], [ [ -52.102860444667741, -32.03655679159916 ], [ -52.103080636669702, -32.036587145343177 ] ], [ [ -52.103157584731981, -32.036597752730202 ], [ -52.103273241148038, -32.036613696112411 ] ] ] } },
{ "type": "Feature", "properties": { "tipo": "travessa", "nome": "CRISTOVAO PEREIRA", "drenagem": 0.0, "iluminacao": 1.0, "compriment": 133.57943786566827 }, "geometry": { "type": "MultiLineString", "coordinates": [ [ [ -52.163621188346376, -32.057160303832994 ], [ -52.1635726731188, -32.057143536994879 ] ], [ [ -52.16353511585109, -32.057130557222152 ], [ -52.163375421560133, -32.057075366955964 ] ], [ [ -52.163265439232077, -32.057037357119007 ], [ -52.163175566481968, -32.057006297142024 ] ], [ [ -52.163156864655619, -32.056999833800297 ], [ -52.162328153686587, -32.056713431708516 ] ] ] } },
{ "type": "Feature", "properties": { "tipo": "rua", "nome": "PADRE ALIEVI", "drenagem": 0.0, "iluminacao": 1.0, "compriment": 61.817898194514967 }, "geometry": { "type": "LineString", "coordinates": [ [ -52.162328153686587, -32.056713431708516 ], [ -52.162154468025776, -32.057250932231554 ] ] } },
{ "type": "Feature", "properties": { "tipo": "rua", "nome": "QUINTINO BOCAIUVA", "drenagem": 1.0, "iluminacao": 1.0, "compriment": 110.71473962893914 }, "geometry": { "type": "LineString", "coordinates": [ [ -52.153165907923885, -32.052827230745052 ], [ -52.152689792019686, -32.053739624072691 ] ] } },
{ "type": "Feature", "properties": { "tipo": "rua", "nome": "DUQUE DE CAXIAS", "drenagem": 1.0, "iluminacao": 1.0, "compriment": 6.9829627984971676 }, "geometry": { "type": "LineString", "coordinates": [ [ -52.097104914328654, -32.034431200086523 ], [ -52.097117226499556, -32.034493294034661 ] ] } },
{ "type": "Feature", "properties": { "tipo": "rua", "nome": "1 NOVA", "drenagem": 1.0, "iluminacao": 1.0, "compriment": 132.05127390298901 }, "geometry": { "type": "MultiLineString", "coordinates": [ [ [ -52.086921482305542, -32.038541818308403 ], [ -52.08694195104006, -32.03836436289874 ] ], [ [ -52.086952009630842, -32.038277159102826 ], [ -52.086961459018923, -32.03819523684075 ] ], [ [ -52.086966183712967, -32.038154275709708 ], [ -52.087046503511694, -32.037457936482035 ] ] ] } },
{ "type": "Feature", "properties": { "tipo": "rua", "nome": "DUQUE DE CAXIAS", "drenagem": 1.0, "iluminacao": 1.0, "compriment": 109.87920693191398 }, "geometry": { "type": "LineString", "coordinates": [ [ -52.097941937189049, -32.03812855316729 ], [ -52.098159742290925, -32.039101937648596 ] ] } },
{ "type": "Feature", "properties": { "tipo": "avenida", "nome": "BRASIL", "drenagem": 1.0, "iluminacao": 1.0, "compriment": 96.024679778624986 }, "geometry": { "type": "LineString", "coordinates": [ [ -52.131422776967959, -32.052712821166175 ], [ -52.130982866135611, -32.053493542625546 ] ] } },
{ "type": "Feature", "properties": { "tipo": "rua", "nome": "MARECHAL DEODORO", "drenagem": 1.0, "iluminacao": 1.0, "compriment": 91.050913414782855 }, "geometry": { "type": "MultiLineString", "coordinates": [ [ [ -52.108267774777701, -32.034467773916134 ], [ -52.108243138002962, -32.034508735047176 ] ], [ [ -52.108241739180706, -32.034511060730729 ], [ -52.10793779258195, -32.03501640270806 ] ] ] } },
{ "type": "Feature", "properties": { "tipo": "rua", "nome": "DUQUE DE CAXIAS", "drenagem": 1.0, "iluminacao": 1.0, "compriment": 104.42507379125352 }, "geometry": { "type": "MultiLineString", "coordinates": [ [ [ -52.098363943297805, -32.040057301780017 ], [ -52.098403774449139, -32.040243293392734 ] ], [ [ -52.098411067731178, -32.040277349382656 ], [ -52.098562344254702, -32.040983735305097 ] ] ] } },
{ "type": "Feature", "properties": { "tipo": "avenida", "nome": "BRASIL", "drenagem": 1.0, "iluminacao": 1.0, "compriment": 103.24586383357827 }, "geometry": { "type": "MultiLineString", "coordinates": [ [ [ -52.135514638434984, -32.045784425543289 ], [ -52.135317046797944, -32.046130975952494 ] ], [ [ -52.135287579741323, -32.046182657393487 ], [ -52.135267110607543, -32.046218557630937 ] ] ] } },
{ "type": "Feature", "properties": { "tipo": "rua", "nome": "MARECHAL DEODORO", "drenagem": 1.0, "iluminacao": 1.0, "compriment": 10.039160586916331 }, "geometry": { "type": "LineString", "coordinates": [ [ -52.10793779258195, -32.03501640270806 ], [ -52.107889794711298, -32.035097179367028 ] ] } },
{ "type": "Feature", "properties": { "tipo": "rua", "nome": "BENTO GONCALVES", "drenagem": 1.0, "iluminacao": 1.0, "compriment": 117.53566490268619 }, "geometry": { "type": "LineString", "coordinates": [ [ -52.105364006641331, -32.037049177506979 ], [ -52.106467191307644, -32.03753948510785 ] ] } },
{ "type": "Feature", "properties": { "tipo": "rua", "nome": "BENTO GONCALVES", "drenagem": 1.0, "iluminacao": 1.0, "compriment": 118.85490550486288 }, "geometry": { "type": "MultiLineString", "coordinates": [ [ [ -52.107647808019394, -32.03802731332857 ], [ -52.108200778049664, -32.038255452980998 ] ], [ [ -52.108224563717741, -32.038265266268787 ], [ -52.108405583704865, -32.038339949949069 ] ], [ [ -52.108451954861671, -32.038359081364909 ], [ -52.108780298522881, -32.038494546588417 ] ] ] } },
{ "type": "Feature", "properties": { "tipo": "rua", "nome": "VINTE E QUATRO DE MAIO", "drenagem": 1.0, "iluminacao": 1.0, "compriment": 49.218549878022507 }, "geometry": { "type": "MultiLineString", "coordinates": [ [ [ -52.101728919345391, -32.040583653600372 ], [ -52.101761715481032, -32.04065290470313 ] ], [ [ -52.101769880476432, -32.040670145604359 ], [ -52.101839309440187, -32.04081674922729 ] ], [ [ -52.101851802738508, -32.040843129612313 ], [ -52.101878106419768, -32.040898671489366 ] ] ] } },
{ "type": "Feature", "properties": { "tipo": "rua", "nome": "DUQUE DE CAXIAS", "drenagem": 1.0, "iluminacao": 1.0, "compriment": 14.786986670964019 }, "geometry": { "type": "LineString", "coordinates": [ [ -52.098562344254702, -32.040983735305097 ], [ -52.098590786401985, -32.041103477144567 ] ] } },
{ "type": "Feature", "properties": { "tipo": "avenida", "nome": "BUARQUE DE MACEDO", "drenagem": 1.0, "iluminacao": 1.0, "compriment": 21.901482981819115 }, "geometry": { "type": "LineString", "coordinates": [ [ -52.115917445195308, -32.045533918829555 ], [ -52.115832974735206, -32.045717859641904 ] ] } },
{ "type": "Feature", "properties": { "tipo": "avenida", "nome": "BUARQUE DE MACEDO", "drenagem": 1.0, "iluminacao": 1.0, "compriment": 13.111142297135491 }, "geometry": { "type": "LineString", "coordinates": [ [ -52.115832974735206, -32.045717859641904 ], [ -52.115781054380101, -32.045722216599685 ] ] } },
{ "type": "Feature", "properties": { "tipo": "rua", "nome": "ZALONY", "drenagem": 1.0, "iluminacao": 1.0, "compriment": 82.085591734712636 }, "geometry": { "type": "LineString", "coordinates": [ [ -52.094517235860778, -32.031149922301921 ], [ -52.094519760282402, -32.03121290028237 ] ] } },
{ "type": "Feature", "properties": { "tipo": "avenida", "nome": "PRESIDENTE VARGAS", "drenagem": 1.0, "iluminacao": 1.0, "compriment": 17.303179805871611 }, "geometry": { "type": "LineString", "coordinates": [ [ -52.108669519014789, -32.046546234781914 ], [ -52.1085134383666, -32.046464522305598 ] ] } },
{ "type": "Feature", "properties": { "tipo": "avenida", "nome": "MAJOR CARLOS PINTO", "drenagem": 1.0, "iluminacao": 1.0, "compriment": 28.497593166041327 }, "geometry": { "type": "LineString", "coordinates": [ [ -52.104022742683618, -32.038830287562405 ], [ -52.104010471567122, -32.038850614937381 ] ] } },
{ "type": "Feature", "properties": { "tipo": "rua", "nome": "DOUTOR NASCIMENTO", "drenagem": 1.0, "iluminacao": 1.0, "compriment": 155.03549484732986 }, "geometry": { "type": "LineString", "coordinates": [ [ -52.102142056071706, -32.035402241779614 ], [ -52.100541341270002, -32.035711384082489 ] ] } },
{ "type": "Feature", "properties": { "tipo": "rua", "nome": "DOM BOSCO", "drenagem": 1.0, "iluminacao": 1.0, "compriment": 59.653772626836847 }, "geometry": { "type": "LineString", "coordinates": [ [ -52.124011774630986, -32.045967895781615 ], [ -52.124570224922721, -32.046202387869883 ] ] } },
{ "type": "Feature", "properties": { "tipo": "rua", "nome": "BENTO GONCALVES", "drenagem": 1.0, "iluminacao": 1.0, "compriment": 118.41761025545651 }, "geometry": { "type": "MultiLineString", "coordinates": [ [ [ -52.11333643671815, -32.040402477282782 ], [ -52.113566686215862, -32.040501516216004 ] ], [ [ -52.113607647346903, -32.040519135132712 ], [ -52.113632955948013, -32.040530021310012 ] ], [ [ -52.113728183951196, -32.040570982441054 ], [ -52.113730530740021, -32.040571991882828 ] ], [ [ -52.113812453002105, -32.040607229716244 ], [ -52.113823411954364, -32.040611943572088 ] ], [ [ -52.113894375264181, -32.040642467549652 ], [ -52.113918639957546, -32.04065290470313 ] ] ] } },
{ "type": "Feature", "properties": { "tipo": "rua", "nome": "DOM BOSCO", "drenagem": 1.0, "iluminacao": 1.0, "compriment": 58.207240039356755 }, "geometry": { "type": "LineString", "coordinates": [ [ -52.125164327687109, -32.046437474695679 ], [ -52.125713746298729, -32.046675305175675 ] ] } },
{ "type": "Feature", "properties": { "tipo": "rua", "nome": "PERO VAZ DE CAMINHA", "drenagem": 0.0, "iluminacao": 1.0, "compriment": 71.447068538652218 }, "geometry": { "type": "LineString", "coordinates": [ [ -52.098984523565733, -32.045957184083868 ], [ -52.099025484696774, -32.045950404495201 ] ] } },
{ "type": "Feature", "properties": { "tipo": "rua", "nome": "DOIS DE NOVEMBRO", "drenagem": 1.0, "iluminacao": 1.0, "compriment": 85.696143238950711 }, "geometry": { "type": "LineString", "coordinates": [ [ -52.106250076433156, -32.044844861966574 ], [ -52.106217263740234, -32.044794537762009 ], [ -52.106211298073475, -32.044736292023309 ], [ -52.106227814388525, -32.044686818994705 ], [ -52.106261656029886, -32.04465513254582 ], [ -52.10631121022125, -32.04461658230484 ], [ -52.106364753296646, -32.044576910308699 ], [ -52.10667340090199, -32.044217973068612 ] ] } },
{ "type": "Feature", "properties": { "tipo": "avenida", "nome": "MAJOR CARLOS PINTO", "drenagem": 1.0, "iluminacao": 1.0, "compriment": 112.71272105764677 }, "geometry": { "type": "MultiLineString", "coordinates": [ [ [ -52.105128693221687, -32.03695268995844 ], [ -52.10511674322013, -32.036972377910338 ] ], [ [ -52.105012638762211, -32.037143892830194 ], [ -52.104991810263343, -32.03717820834737 ] ], [ [ -52.1048907551383, -32.03734469940855 ], [ -52.104866877306556, -32.037384038784396 ] ], [ [ -52.104801004173368, -32.037492566559152 ], [ -52.104759791915029, -32.03756046487328 ] ], [ [ -52.104699223729298, -32.037660252603111 ], [ -52.104647988278224, -32.037744664399312 ] ], [ [ -52.104637159649208, -32.037762504859508 ], [ -52.104626782202061, -32.037779601985328 ] ] ] } },
{ "type": "Feature", "properties": { "tipo": "avenida", "nome": "MAJOR CARLOS PINTO", "drenagem": 1.0, "iluminacao": 1.0, "compriment": 110.32588564087122 }, "geometry": { "type": "MultiLineString", "coordinates": [ [ [ -52.105538304532082, -32.036258705451957 ], [ -52.105531623934532, -32.036270063681883 ] ], [ [ -52.105292537745846, -32.036676553652413 ], [ -52.105290701859829, -32.036679674992278 ] ], [ [ -52.105251576614805, -32.036746195019155 ], [ -52.105242517444893, -32.036761597254362 ] ] ] } },
{ "type": "Feature", "properties": { "tipo": "rua", "nome": "SEM DENOMINACAO", "drenagem": null, "iluminacao": null, "compriment": 72.838315666384759 }, "geometry": { "type": "MultiLineString", "coordinates": [ [ [ -52.121963718079002, -32.038579595639639 ], [ -52.121909986528159, -32.03855814185485 ], [ -52.12187422935952, -32.03854151484024 ] ], [ [ -52.121799873554842, -32.03850693953413 ], [ -52.121746164136667, -32.038481964758027 ] ], [ [ -52.121717951292766, -32.038468845839901 ], [ -52.121658075318301, -32.038441003626986 ] ], [ [ -52.121636029030682, -32.038430752145665 ], [ -52.121569986499935, -32.038400042495944 ] ], [ [ -52.121554106768606, -32.038392658451428 ], [ -52.121481897681583, -32.038359081364909 ] ], [ [ -52.121472184506523, -32.038354564757192 ], [ -52.121393808863218, -32.038318120233868 ] ], [ [ -52.121390262244446, -32.038316471062963 ], [ -52.121336972147702, -32.038291691270516 ] ] ] } },
{ "type": "Feature", "properties": { "tipo": "rua", "nome": "SENADOR CORREA", "drenagem": 1.0, "iluminacao": 1.0, "compriment": 73.007334736832192 }, "geometry": { "type": "LineString", "coordinates": [ [ -52.102569837378169, -32.039830274572289 ], [ -52.103259706111622, -32.040127230884984 ] ] } },
{ "type": "Feature", "properties": { "tipo": "rua", "nome": "RODRIGUES DUARTE", "drenagem": 0.0, "iluminacao": 1.0, "compriment": 112.73070590668533 }, "geometry": { "type": "MultiLineString", "coordinates": [ [ [ -52.151570295094118, -32.0533245212794 ], [ -52.151426686836722, -32.053614123792151 ] ], [ [ -52.151394741922374, -32.053678544373753 ], [ -52.151374430093611, -32.053719505504795 ] ], [ [ -52.151272870949775, -32.053924311159989 ], [ -52.151250926772384, -32.053968564109148 ] ] ] } },
{ "type": "Feature", "properties": { "tipo": "rua", "nome": "BARÃO DO LADÁRIO", "drenagem": 0.0, "iluminacao": 1.0, "compriment": 115.30895184135386 }, "geometry": { "type": "LineString", "coordinates": [ [ -52.151570295094118, -32.0533245212794 ], [ -52.152689792019686, -32.053739624072691 ] ] } },
{ "type": "Feature", "properties": { "tipo": "rua", "nome": "SENADOR CORREA", "drenagem": 1.0, "iluminacao": 1.0, "compriment": 7.291659035028494 }, "geometry": { "type": "LineString", "coordinates": [ [ -52.098288073000496, -32.0400694520401 ], [ -52.098363943297805, -32.040057301780017 ] ] } },
{ "type": "Feature", "properties": { "tipo": "avenida", "nome": "CIDADE DE PELOTAS", "drenagem": 1.0, "iluminacao": 1.0, "compriment": 123.30060111937451 }, "geometry": { "type": "LineString", "coordinates": [ [ -52.113134885430654, -32.038272049185977 ], [ -52.114292548170269, -32.038785895230376 ] ] } },
{ "type": "Feature", "properties": { "tipo": "rua", "nome": "ZALONY", "drenagem": 1.0, "iluminacao": 1.0, "compriment": 109.78585360349599 }, "geometry": { "type": "MultiLineString", "coordinates": [ [ [ -52.095648647873631, -32.036676364953209 ], [ -52.095748594213596, -32.037117405857053 ] ], [ [ -52.095751504303287, -32.037130247433716 ], [ -52.095844328236225, -32.037539858744111 ] ] ] } },
{ "type": "Feature", "properties": { "tipo": "rua", "nome": "DOM BOSCO", "drenagem": 1.0, "iluminacao": 1.0, "compriment": 44.887907699102179 }, "geometry": { "type": "LineString", "coordinates": [ [ -52.129133780061892, -32.048150672570834 ], [ -52.129566533411705, -32.048318056040571 ] ] } },
{ "type": "Feature", "properties": { "tipo": "rua", "nome": "CANADÁ", "drenagem": 0.0, "iluminacao": 1.0, "compriment": 126.67477170374433 }, "geometry": { "type": "MultiLineString", "coordinates": [ [ [ -52.137097415662787, -32.051521139077622 ], [ -52.136857088467629, -32.051945936959484 ] ], [ [ -52.136826990254654, -32.051999138001129 ], [ -52.136515186387889, -32.052550276718776 ] ] ] } },
{ "type": "Feature", "properties": { "tipo": "rua", "nome": "GENERAL CANABARRO", "drenagem": 1.0, "iluminacao": 1.0, "compriment": 88.987264885645331 }, "geometry": { "type": "LineString", "coordinates": [ [ -52.102432728765066, -32.033791896174492 ], [ -52.102329018430005, -32.034589519683045 ] ] } },
{ "type": "Feature", "properties": { "tipo": "rua", "nome": "GENERAL CANABARRO", "drenagem": 1.0, "iluminacao": 1.0, "compriment": 108.31158506973951 }, "geometry": { "type": "LineString", "coordinates": [ [ -52.101937577614621, -32.036429573216836 ], [ -52.101750892115213, -32.037376014219952 ] ] } },
{ "type": "Feature", "properties": { "tipo": "rua", "nome": "EDUARDO ARAÚJO", "drenagem": 0.0, "iluminacao": 1.0, "compriment": 110.45302404621347 }, "geometry": { "type": "MultiLineString", "coordinates": [ [ [ -52.153039667040382, -32.056095251105098 ], [ -52.153053216538133, -32.056100384307484 ] ], [ [ -52.15366763350373, -32.056333155048691 ], [ -52.153749555765806, -32.056364191147516 ] ] ] } },
{ "type": "Feature", "properties": { "tipo": "rua", "nome": "PADRE FEIJO", "drenagem": 1.0, "iluminacao": 1.0, "compriment": 99.888937081002339 }, "geometry": { "type": "LineString", "coordinates": [ [ -52.109624042028678, -32.041840087940308 ], [ -52.109171049015536, -32.042654084088078 ] ] } },
{ "type": "Feature", "properties": { "tipo": "rua", "nome": "VICE ALMIRANTE ABREU", "drenagem": 1.0, "iluminacao": 1.0, "compriment": 76.406785346781035 }, "geometry": { "type": "LineString", "coordinates": [ [ -52.103824924946018, -32.037688699101942 ], [ -52.104626782202061, -32.037779601985328 ] ] } },
{ "type": "Feature", "properties": { "tipo": "rua", "nome": "PADRE FEIJO", "drenagem": 1.0, "iluminacao": 1.0, "compriment": 98.237384742608981 }, "geometry": { "type": "MultiLineString", "coordinates": [ [ [ -52.11292622504287, -32.036184813907653 ], [ -52.112854961303931, -32.036311024812925 ] ], [ [ -52.11283183300656, -32.036351985943959 ], [ -52.112829385857147, -32.036356319942534 ] ], [ [ -52.112788424726112, -32.03642886372856 ], [ -52.112784455945445, -32.03643589259638 ] ], [ [ -52.112510530878282, -32.036921024743791 ], [ -52.112475430461402, -32.03698318897284 ] ] ] } },
{ "type": "Feature", "properties": { "tipo": "rua", "nome": "EDUARDO ARAÚJO", "drenagem": 0.0, "iluminacao": 1.0, "compriment": 8.3497084498111693 }, "geometry": { "type": "LineString", "coordinates": [ [ -52.156084340235068, -32.057230351021943 ], [ -52.156114677116427, -32.05724136840729 ] ] } },
{ "type": "Feature", "properties": { "tipo": "avenida", "nome": "PRIMEIRO DE MAIO", "drenagem": 1.0, "iluminacao": 1.0, "compriment": 223.19258412473451 }, "geometry": { "type": "LineString", "coordinates": [ [ -52.107750205608227, -32.043184074193974 ], [ -52.10954045753342, -32.044282206811985 ] ] } },
{ "type": "Feature", "properties": { "tipo": "rua", "nome": "EDUARDO ARAÚJO", "drenagem": 0.0, "iluminacao": 1.0, "compriment": 112.18044828794869 }, "geometry": { "type": "LineString", "coordinates": [ [ -52.158378163573296, -32.058054510895545 ], [ -52.158396503695187, -32.058061385395 ] ] } },
{ "type": "Feature", "properties": { "tipo": "avenida", "nome": "PRESIDENTE VARGAS", "drenagem": 1.0, "iluminacao": 1.0, "compriment": 15.663678544454221 }, "geometry": { "type": "LineString", "coordinates": [ [ -52.112785650610306, -32.048486754991359 ], [ -52.112678787805656, -32.04859478183517 ] ] } },
{ "type": "Feature", "properties": { "tipo": "rua", "nome": "EDUARDO ARAÚJO", "drenagem": 0.0, "iluminacao": 1.0, "compriment": 37.165509573806666 }, "geometry": { "type": "MultiLineString", "coordinates": [ [ [ -52.160467181256315, -32.058821682760374 ], [ -52.160508142387357, -32.058835172875312 ] ], [ [ -52.16057901817431, -32.058858515065545 ], [ -52.160646100792526, -32.058880608015798 ] ] ] } },
{ "type": "Feature", "properties": { "tipo": "rua", "nome": "DOM PEDRO I", "drenagem": 1.0, "iluminacao": 1.0, "compriment": 20.773138762350602 }, "geometry": { "type": "LineString", "coordinates": [ [ -52.117214360398975, -32.036166216198019 ], [ -52.117118393633739, -32.036334775053788 ] ] } },
{ "type": "Feature", "properties": { "tipo": "rua", "nome": "DOM PEDRO I", "drenagem": 1.0, "iluminacao": 1.0, "compriment": 100.93964595588992 }, "geometry": { "type": "LineString", "coordinates": [ [ -52.116349947618851, -32.037640910040018 ], [ -52.115868208250362, -32.038453462790741 ] ] } },
{ "type": "Feature", "properties": { "tipo": "rua", "nome": "EDUARDO ARAÚJO", "drenagem": 0.0, "iluminacao": 1.0, "compriment": 80.540010773960475 }, "geometry": { "type": "MultiLineString", "coordinates": [ [ [ -52.164809061146528, -32.059654913732842 ], [ -52.16483097751901, -32.059658869505547 ] ], [ [ -52.164988982385573, -32.059687388428515 ], [ -52.16513675019484, -32.05971405962454 ] ], [ [ -52.165284855672276, -32.059740791767631 ], [ -52.165440976211805, -32.059768970580961 ] ] ] } },
{ "type": "Feature", "properties": { "tipo": "rua", "nome": "EDUARDO ARAÚJO", "drenagem": 0.0, "iluminacao": 1.0, "compriment": 102.01281314504611 }, "geometry": { "type": "LineString", "coordinates": [ [ -52.167838497796581, -32.060507145546346 ], [ -52.168763689928923, -32.06098209202262 ] ] } },
{ "type": "Feature", "properties": { "tipo": "avenida", "nome": "PRESIDENTE VARGAS", "drenagem": 1.0, "iluminacao": 1.0, "compriment": 16.373701994093821 }, "geometry": { "type": "LineString", "coordinates": [ [ -52.111457882972253, -32.047814513291371 ], [ -52.111407164934, -32.047955713784731 ] ] } },
{ "type": "Feature", "properties": { "tipo": "rua", "nome": "CEARÁ", "drenagem": 1.0, "iluminacao": 1.0, "compriment": 120.00575193454314 }, "geometry": { "type": "MultiLineString", "coordinates": [ [ [ -52.120157127821479, -32.048517441862749 ], [ -52.120161428313253, -32.048519451281244 ] ], [ [ -52.120202389444295, -32.048538590500328 ], [ -52.120243350575336, -32.048557729719406 ] ] ] } },
{ "type": "Feature", "properties": { "tipo": "rua", "nome": "ALTAMIR DE LACERDA NASCIMENTO", "drenagem": 1.0, "iluminacao": 1.0, "compriment": 55.045987834345333 }, "geometry": { "type": "LineString", "coordinates": [ [ -52.125100324005814, -32.051202198684763 ], [ -52.125585992066227, -32.051476667962106 ] ] } },
{ "type": "Feature", "properties": { "tipo": "rua", "nome": "ALTAMIR DE LACERDA NASCIMENTO", "drenagem": 1.0, "iluminacao": 1.0, "compriment": 60.585977663263421 }, "geometry": { "type": "MultiLineString", "coordinates": [ [ [ -52.127240189425379, -32.052371545343057 ], [ -52.127378963524158, -32.052449710442566 ] ], [ [ -52.127411548507283, -32.052468064072464 ], [ -52.127524408078834, -32.052531632704643 ] ], [ [ -52.127532229247258, -32.052536038010921 ], [ -52.127597130356172, -32.052572593835684 ] ], [ [ -52.127616354162484, -32.052583421726091 ], [ -52.12766985263351, -32.052613554966719 ] ], [ [ -52.12769827642456, -32.052629564787537 ], [ -52.127775285812262, -32.052672940651668 ] ] ] } },
{ "type": "Feature", "properties": { "tipo": "rua", "nome": "ANTONIO RIBEIRO CARDOSO", "drenagem": 1.0, "iluminacao": 1.0, "compriment": 98.571834910485194 }, "geometry": { "type": "LineString", "coordinates": [ [ -52.131002343308438, -32.045886388093926 ], [ -52.130529353535742, -32.04667879648968 ] ] } },
{ "type": "Feature", "properties": { "tipo": "avenida", "nome": "ARGENTINA", "drenagem": 1.0, "iluminacao": 1.0, "compriment": 100.53104596228432 }, "geometry": { "type": "LineString", "coordinates": [ [ -52.138798742936316, -32.047407580063364 ], [ -52.138795568765985, -32.047413078409846 ] ] } },
{ "type": "Feature", "properties": { "tipo": "avenida", "nome": "ARGENTINA", "drenagem": 1.0, "iluminacao": 1.0, "compriment": 99.488966173610166 }, "geometry": { "type": "MultiLineString", "coordinates": [ [ [ -52.137482404592603, -32.049690268275256 ], [ -52.137463251975795, -32.049722331469809 ] ], [ [ -52.137414880643277, -32.049803309409349 ], [ -52.137365103349929, -32.049886641053135 ] ], [ [ -52.137351078254454, -32.049910120318103 ], [ -52.137324142218887, -32.049955213652233 ] ], [ [ -52.13730214284066, -32.049992042580179 ], [ -52.137283181087852, -32.050023786251316 ] ], [ [ -52.137253207426852, -32.050073964842262 ], [ -52.137242219956811, -32.050092358850414 ] ], [ [ -52.137188111429055, -32.05018294136822 ], [ -52.137160297694727, -32.050229504048609 ] ], [ [ -52.137130868892356, -32.050278770497457 ], [ -52.137119336563693, -32.050298076647699 ] ], [ [ -52.137081933478548, -32.05036069275954 ], [ -52.137078375432651, -32.050366649246797 ] ], [ [ -52.13701367357195, -32.05047496595197 ], [ -52.137004731825947, -32.050489935235007 ] ] ] } },
{ "type": "Feature", "properties": { "tipo": "rua", "nome": "QUARENTA E OITO", "drenagem": 0.0, "iluminacao": 0.0, "compriment": 59.98469954605676 }, "geometry": { "type": "LineString", "coordinates": [ [ -52.130404117938888, -32.055069531990867 ], [ -52.130366232721791, -32.055224190156189 ], [ -52.130198331792556, -32.055579455323745 ] ] } },
{ "type": "Feature", "properties": { "tipo": "avenida", "nome": "URUGUAI", "drenagem": 1.0, "iluminacao": 1.0, "compriment": 18.205987614877628 }, "geometry": { "type": "MultiLineString", "coordinates": [ [ [ -52.134293018521952, -32.050307234739392 ], [ -52.134333979652993, -32.050330744748166 ] ], [ [ -52.134374940784028, -32.05035425475694 ], [ -52.134386157618131, -32.05036069275954 ] ] ] } },
{ "type": "Feature", "properties": { "tipo": "avenida", "nome": "URUGUAI", "drenagem": 1.0, "iluminacao": 1.0, "compriment": 80.252715616428205 }, "geometry": { "type": "LineString", "coordinates": [ [ -52.135786915208008, -32.05096668492078 ], [ -52.136510958661809, -32.051278642518596 ] ] } },
{ "type": "Feature", "properties": { "tipo": "avenida", "nome": "URUGUAI", "drenagem": 1.0, "iluminacao": 1.0, "compriment": 79.902489085483793 }, "geometry": { "type": "MultiLineString", "coordinates": [ [ [ -52.137645705609501, -32.051760064600977 ], [ -52.138061442577602, -32.0519246744661 ] ], [ [ -52.138102403708643, -32.051940892908952 ], [ -52.138146055901629, -32.051958176870087 ] ], [ [ -52.13818432597072, -32.051973329794642 ], [ -52.138412914405677, -32.052063838732586 ] ] ] } },
{ "type": "Feature", "properties": { "tipo": "avenida", "nome": "URUGUAI", "drenagem": 1.0, "iluminacao": 1.0, "compriment": 55.045023152520884 }, "geometry": { "type": "MultiLineString", "coordinates": [ [ [ -52.139000125583152, -32.052326827049441 ], [ -52.139003548591518, -32.052328257180982 ] ], [ [ -52.139085470853594, -32.05236248426975 ], [ -52.139098165721343, -32.052367788180483 ] ], [ [ -52.139167393115677, -32.052396711358512 ], [ -52.139208354246712, -32.052413824902892 ] ], [ [ -52.139290276508795, -32.052448051991654 ], [ -52.139294245997725, -32.052449710442566 ] ], [ [ -52.139392286135902, -32.052490671573601 ], [ -52.139413159901913, -32.052499392624803 ] ] ] } },
{ "type": "Feature", "properties": { "tipo": "rua", "nome": "PANAMA", "drenagem": 0.0, "iluminacao": 1.0, "compriment": 41.05490086304453 }, "geometry": { "type": "LineString", "coordinates": [ [ -52.137835976387315, -32.053633844008658 ], [ -52.137696986749027, -32.053984649888648 ] ] } },
{ "type": "Feature", "properties": { "tipo": "avenida", "nome": "URUGUAI", "drenagem": 1.0, "iluminacao": 1.0, "compriment": 54.052301899946343 }, "geometry": { "type": "MultiLineString", "coordinates": [ [ [ -52.139491963025414, -32.052531632704643 ], [ -52.13949508216399, -32.052532887996449 ] ], [ [ -52.139577004426073, -32.052565857466064 ], [ -52.139593742900921, -32.052572593835684 ] ], [ [ -52.139777907260836, -32.052646710456891 ], [ -52.139797302651914, -32.052654516097761 ] ] ] } },
{ "type": "Feature", "properties": { "tipo": "avenida", "nome": "URUGUAI", "drenagem": 1.0, "iluminacao": 1.0, "compriment": 68.236003942566015 }, "geometry": { "type": "LineString", "coordinates": [ [ -52.13084520727574, -32.048854291983275 ], [ -52.131500177456893, -32.049114075514836 ] ] } },
{ "type": "Feature", "properties": { "tipo": "rua", "nome": "CACHOEIRA DO IGUACU", "drenagem": 1.0, "iluminacao": 1.0, "compriment": 145.35091998439216 }, "geometry": { "type": "MultiLineString", "coordinates": [ [ [ -52.13189980503774, -32.048435519600673 ], [ -52.131876311790606, -32.048475410445427 ] ], [ [ -52.131851557878257, -32.048517441862749 ], [ -52.131803310718766, -32.048599364124833 ] ], [ [ -52.13179438952853, -32.04861451204426 ], [ -52.131755063559275, -32.048681286386909 ] ], [ [ -52.131752222306524, -32.048686110750772 ], [ -52.131500177456893, -32.049114075514836 ] ] ] } },
{ "type": "Feature", "properties": { "tipo": "rua", "nome": "CACHOEIRA DO IGUACU", "drenagem": 1.0, "iluminacao": 1.0, "compriment": 121.45766664407654 }, "geometry": { "type": "MultiLineString", "coordinates": [ [ [ -52.130346688617095, -32.051033433481443 ], [ -52.130241319924778, -32.051220876511373 ] ], [ [ -52.130237866549024, -32.051227019808778 ], [ -52.129828255238621, -32.051955687721652 ] ], [ [ -52.129826855995795, -32.051958176870087 ], [ -52.12980383022196, -32.051999138001129 ] ] ] } },
{ "type": "Feature", "properties": { "tipo": "rua", "nome": "PERU", "drenagem": 1.0, "iluminacao": 1.0, "compriment": 95.407599272343091 }, "geometry": { "type": "LineString", "coordinates": [ [ -52.137645705609501, -32.051760064600977 ], [ -52.138115545005071, -32.050998379315423 ] ] } },
{ "type": "Feature", "properties": { "tipo": "rua", "nome": "CALDAS JUNIOR", "drenagem": 1.0, "iluminacao": 1.0, "compriment": 205.12709194427376 }, "geometry": { "type": "LineString", "coordinates": [ [ -52.12358424310095, -32.051003307040709 ], [ -52.125396989711327, -32.052022354170688 ] ] } },
{ "type": "Feature", "properties": { "tipo": "rua", "nome": "CARAMURÚ", "drenagem": 1.0, "iluminacao": 1.0, "compriment": 94.114339122873375 }, "geometry": { "type": "LineString", "coordinates": [ [ -52.107334624056413, -32.04091456825018 ], [ -52.106910487734467, -32.041682578996038 ] ] } },
{ "type": "Feature", "properties": { "tipo": "avenida", "nome": "PRESIDENTE VARGAS", "drenagem": 1.0, "iluminacao": 1.0, "compriment": 25.380697414114174 }, "geometry": { "type": "LineString", "coordinates": [ [ -52.110202001481959, -32.047343022208914 ], [ -52.110432699644186, -32.047460415842636 ] ] } },
{ "type": "Feature", "properties": { "tipo": "avenida", "nome": "BUARQUE DE MACEDO", "drenagem": 1.0, "iluminacao": 1.0, "compriment": 12.709787857761112 }, "geometry": { "type": "LineString", "coordinates": [ [ -52.115888060783767, -32.045472542550975 ], [ -52.115917445195308, -32.045533918829555 ] ] } },
{ "type": "Feature", "properties": { "tipo": "avenida", "nome": "CIDADE DE PELOTAS", "drenagem": 1.0, "iluminacao": 1.0, "compriment": 4.0210306412980046 }, "geometry": { "type": "LineString", "coordinates": [ [ -52.129960141627784, -32.045445498993622 ], [ -52.129998154750474, -32.045461829316132 ] ] } },
{ "type": "Feature", "properties": { "tipo": "avenida", "nome": "RHEINGANTZ", "drenagem": 1.0, "iluminacao": 1.0, "compriment": 11.54520174388956 }, "geometry": { "type": "LineString", "coordinates": [ [ -52.103230049378602, -32.04209634781072 ], [ -52.10313681044579, -32.042163675889547 ] ] } },
{ "type": "Feature", "properties": { "tipo": "avenida", "nome": "RHEINGANTZ", "drenagem": 1.0, "iluminacao": 1.0, "compriment": 21.866697552826629 }, "geometry": { "type": "LineString", "coordinates": [ [ -52.103922711454274, -32.042878787067089 ], [ -52.103764494372932, -32.042734822654488 ] ] } },
{ "type": "Feature", "properties": { "tipo": "avenida", "nome": "RHEINGANTZ", "drenagem": 1.0, "iluminacao": 1.0, "compriment": 11.535915893198524 }, "geometry": { "type": "LineString", "coordinates": [ [ -52.104007470697987, -32.042803882016727 ], [ -52.103922711454274, -32.042878787067089 ] ] } },
{ "type": "Feature", "properties": { "tipo": "rua", "nome": "SEM DENOMINACAO", "drenagem": 0.0, "iluminacao": 0.0, "compriment": 107.28341508969781 }, "geometry": { "type": "MultiLineString", "coordinates": [ [ [ -52.103128425597568, -32.04353640363221 ], [ -52.103531209111139, -32.043028811347973 ] ], [ [ -52.103531336902847, -32.043028650303434 ], [ -52.103654092504257, -32.04287395232295 ] ], [ [ -52.103661350449485, -32.042864805779274 ], [ -52.103764494372932, -32.042734822654488 ] ] ] } },
{ "type": "Feature", "properties": { "tipo": "rua", "nome": "DOUTOR OTHELO GONCALVES", "drenagem": 0.0, "iluminacao": 1.0, "compriment": 172.82037615933126 }, "geometry": { "type": "MultiLineString", "coordinates": [ [ [ -52.17030689067515, -32.062664993652319 ], [ -52.170338813836885, -32.062613768386385 ] ], [ [ -52.170367891075891, -32.062567109809365 ], [ -52.170725092671454, -32.06199392890467 ] ] ] } },
{ "type": "Feature", "properties": { "tipo": "rua", "nome": "CARLOS GOMES", "drenagem": 1.0, "iluminacao": 1.0, "compriment": 78.999593102904441 }, "geometry": { "type": "LineString", "coordinates": [ [ -52.106644255070158, -32.034264511343771 ], [ -52.105871820377686, -32.034154535169108 ] ] } },
{ "type": "Feature", "properties": { "tipo": "rua", "nome": "GENERAL PORTINHO", "drenagem": 0.0, "iluminacao": 1.0, "compriment": 7.8813007627118461 }, "geometry": { "type": "LineString", "coordinates": [ [ -52.103843266247772, -32.033893432790954 ], [ -52.103828363205828, -32.03396336465017 ] ] } },
{ "type": "Feature", "properties": { "tipo": "rua", "nome": "GENERAL CANABARRO", "drenagem": 0.0, "iluminacao": 1.0, "compriment": 8.2927776834914066 }, "geometry": { "type": "LineString", "coordinates": [ [ -52.102454905328685, -32.033719535861259 ], [ -52.102432728765066, -32.033791896174492 ] ] } },
{ "type": "Feature", "properties": { "tipo": "avenida", "nome": "BUARQUE DE MACEDO", "drenagem": 0.0, "iluminacao": 1.0, "compriment": 57.634009368455928 }, "geometry": { "type": "LineString", "coordinates": [ [ -52.123608436929331, -32.049037387380565 ], [ -52.123062268498124, -32.048805531457795 ] ] } },
{ "type": "Feature", "properties": { "tipo": "rua", "nome": "ALTAMIR DE LACERDA NASCIMENTO", "drenagem": 1.0, "iluminacao": 1.0, "compriment": 17.585579103790039 }, "geometry": { "type": "LineString", "coordinates": [ [ -52.121769018351543, -32.049348028200981 ], [ -52.12192603006644, -32.049433279897634 ] ] } },
{ "type": "Feature", "properties": { "tipo": "rua", "nome": "ALTAMIR DE LACERDA NASCIMENTO", "drenagem": 1.0, "iluminacao": 1.0, "compriment": 56.085842002141248 }, "geometry": { "type": "LineString", "coordinates": [ [ -52.12192603006644, -32.049433279897634 ], [ -52.122426790881292, -32.04970517253939 ] ] } },
{ "type": "Feature", "properties": { "tipo": "rua", "nome": "PEDRO DE SÁ FREITAS", "drenagem": 1.0, "iluminacao": 1.0, "compriment": 73.857839367413504 }, "geometry": { "type": "LineString", "coordinates": [ [ -52.143432587011112, -32.050602542553037 ], [ -52.143112967983157, -32.051210436926851 ] ] } },
{ "type": "Feature", "properties": { "tipo": "rua", "nome": "BOLIVIA", "drenagem": 1.0, "iluminacao": 1.0, "compriment": 75.530917306630144 }, "geometry": { "type": "LineString", "coordinates": [ [ -52.134669222204487, -32.052912125469454 ], [ -52.135296551290274, -32.053191942204379 ], [ -52.135345153139582, -32.053213918761493 ] ] } },
{ "type": "Feature", "properties": { "tipo": "rua", "nome": "REPUBLICA DE CUBA", "drenagem": 1.0, "iluminacao": 1.0, "compriment": 55.673960320624737 }, "geometry": { "type": "MultiLineString", "coordinates": [ [ [ -52.128855222484788, -32.053555660980635 ], [ -52.128886149224712, -32.053572168309003 ] ], [ [ -52.128931963809521, -32.053596622111677 ], [ -52.128968071486788, -32.053615894795662 ] ] ] } },
{ "type": "Feature", "properties": { "tipo": "travessa", "nome": "QUARENTA E SETE", "drenagem": 1.0, "iluminacao": 1.0, "compriment": 31.668490961801581 }, "geometry": { "type": "LineString", "coordinates": [ [ -52.129321432388231, -32.054163495059633 ], [ -52.129483462047482, -32.053913455172342 ] ] } },
{ "type": "Feature", "properties": { "tipo": "rua", "nome": "RAFAEL ANSELMI", "drenagem": 0.0, "iluminacao": 1.0, "compriment": 55.276993916619389 }, "geometry": { "type": "LineString", "coordinates": [ [ -52.141542837086675, -32.050514128860812 ], [ -52.141520045492456, -32.050591184741485 ], [ -52.141421440205043, -32.050812930308794 ], [ -52.14137493967862, -32.050990483550713 ] ] } },
{ "type": "Feature", "properties": { "tipo": "rua", "nome": "GAMAL ABDEL NASSER", "drenagem": 0.0, "iluminacao": 1.0, "compriment": 91.0399840946464 }, "geometry": { "type": "LineString", "coordinates": [ [ -52.142395538453947, -32.050891380635271 ], [ -52.141993615161894, -32.051637626604716 ] ] } },
{ "type": "Feature", "properties": { "tipo": "rua", "nome": "GAMAL ABDEL NASSER", "drenagem": 0.0, "iluminacao": 1.0, "compriment": 111.49792368430994 }, "geometry": { "type": "LineString", "coordinates": [ [ -52.142866085716477, -32.049969193254057 ], [ -52.142395538453947, -32.050891380635271 ] ] } },
{ "type": "Feature", "properties": { "tipo": "rua", "nome": "JOÃO DA SILVA SILVEIRA", "drenagem": 0.0, "iluminacao": 1.0, "compriment": 101.31963078860343 }, "geometry": { "type": "MultiLineString", "coordinates": [ [ [ -52.165546361505243, -32.059320058602104 ], [ -52.165563594634953, -32.059290219326193 ] ], [ [ -52.165587322636277, -32.059249134137936 ], [ -52.165729189115346, -32.059003491408916 ] ], [ [ -52.16575284546969, -32.058962530277874 ], [ -52.165770688145663, -32.058931635568648 ], [ -52.165792128291478, -32.058905196723913 ] ], [ [ -52.165825666884274, -32.058863838719397 ], [ -52.165837736264571, -32.0588489554031 ], [ -52.165874050553555, -32.058823549314091 ] ] ] } },
{ "type": "Feature", "properties": { "tipo": "rua", "nome": "CRISTOVAO PEREIRA", "drenagem": 0.0, "iluminacao": 1.0, "compriment": 4.153073212530785 }, "geometry": { "type": "LineString", "coordinates": [ [ -52.159656030142607, -32.055231612297646 ], [ -52.159697804568339, -32.055243317701638 ] ] } },
{ "type": "Feature", "properties": { "tipo": "rua", "nome": "BARÃO DO LADÁRIO", "drenagem": 0.0, "iluminacao": 1.0, "compriment": 99.525092586468574 }, "geometry": { "type": "MultiLineString", "coordinates": [ [ [ -52.153867228165012, -32.054188194116435 ], [ -52.154058960730048, -32.054256393171187 ] ], [ [ -52.154323011600361, -32.054350315764665 ], [ -52.154363972731403, -32.054364885592271 ] ], [ [ -52.154392080803383, -32.054374883601426 ], [ -52.154486856124521, -32.054408595075081 ] ], [ [ -52.154507237571316, -32.054415844732468 ], [ -52.154839692090668, -32.054534098425911 ] ] ] } },
{ "type": "Feature", "properties": { "tipo": "rua", "nome": "CRISTOVAO PEREIRA", "drenagem": 1.0, "iluminacao": 1.0, "compriment": 111.23788382604269 }, "geometry": { "type": "LineString", "coordinates": [ [ -52.158580580596983, -32.054822398567673 ], [ -52.159656030142607, -32.055231612297646 ] ] } },
{ "type": "Feature", "properties": { "tipo": "rua", "nome": "CRISTOVAO PEREIRA", "drenagem": 1.0, "iluminacao": 1.0, "compriment": 55.500331953870933 }, "geometry": { "type": "LineString", "coordinates": [ [ -52.160191259267705, -32.055410548825165 ], [ -52.160631025780475, -32.055559582683294 ] ] } },
{ "type": "Feature", "properties": { "tipo": "rua", "nome": "JOAQUIM GONCALVES LEDO", "drenagem": 0.0, "iluminacao": 1.0, "compriment": 173.52888385053583 }, "geometry": { "type": "LineString", "coordinates": [ [ -52.199652218955229, -32.082883237016986 ], [ -52.199380255744032, -32.08272813424427 ] ] } },
{ "type": "Feature", "properties": { "tipo": "rua", "nome": "RAFAEL ANSELMI", "drenagem": 0.0, "iluminacao": 1.0, "compriment": 168.26984881098093 }, "geometry": { "type": "LineString", "coordinates": [ [ -52.142451793540218, -32.048127216024511 ], [ -52.14221754741282, -32.049141048026947 ], [ -52.142000038573755, -32.049588413741674 ] ] } },
{ "type": "Feature", "properties": { "tipo": "rua", "nome": "SEM DENOMINACAO", "drenagem": 0.0, "iluminacao": 1.0, "compriment": 210.81002383292764 }, "geometry": { "type": "MultiLineString", "coordinates": [ [ [ -52.187637701450726, -32.073394683811827 ], [ -52.187665372266679, -32.073362335593082 ] ], [ [ -52.187684574663685, -32.073339887272809 ], [ -52.187706333397713, -32.073314450498955 ] ], [ [ -52.187870177921873, -32.073134840505801 ], [ -52.187911139052915, -32.073090626368909 ] ], [ [ -52.188021744395485, -32.072971237093448 ], [ -52.188034022446033, -32.072957983958247 ] ], [ [ -52.188097639318421, -32.072889314831372 ], [ -52.188115944708116, -32.072869555684463 ] ] ] } },
{ "type": "Feature", "properties": { "tipo": "rua", "nome": "CORREDOR DO BOSQUE SILVEIRA", "drenagem": 1.0, "iluminacao": 1.0, "compriment": 98.906959906418919 }, "geometry": { "type": "MultiLineString", "coordinates": [ [ [ -52.17378529401099, -32.060495067713724 ], [ -52.174516044084299, -32.060846742305699 ] ], [ [ -52.174516849202931, -32.060847129770274 ], [ -52.174697159771327, -32.060933904507472 ] ] ] } },
{ "type": "Feature", "properties": { "tipo": "rua", "nome": "SEM DENOMINACAO", "drenagem": 1.0, "iluminacao": 1.0, "compriment": 242.93072660789429 }, "geometry": { "type": "LineString", "coordinates": [ [ -52.150048142835743, -32.053514699849593 ], [ -52.150063053972232, -32.053521186760413 ] ] } },
{ "type": "Feature", "properties": { "tipo": "rua", "nome": "SEM DENOMINACAO", "drenagem": 0.0, "iluminacao": 1.0, "compriment": 73.572946983692546 }, "geometry": { "type": "LineString", "coordinates": [ [ -52.1207246472338, -32.037845509558267 ], [ -52.12119730058506, -32.038078768299847 ] ] } },
{ "type": "Feature", "properties": { "tipo": "rua", "nome": "SEM DENOMINACAO", "drenagem": 0.0, "iluminacao": 1.0, "compriment": 21.282868105296643 }, "geometry": { "type": "LineString", "coordinates": [ [ -52.120585924071861, -32.037694264759949 ], [ -52.1207246472338, -32.037845509558267 ] ] } },
{ "type": "Feature", "properties": { "tipo": "avenida", "nome": "PORTUGAL", "drenagem": 1.0, "iluminacao": 1.0, "compriment": 122.04239716559869 }, "geometry": { "type": "MultiLineString", "coordinates": [ [ [ -52.119687250445899, -32.037211684704076 ], [ -52.119924036487376, -32.037744664399312 ] ], [ [ -52.119942234223913, -32.037785625530354 ], [ -52.119956622658059, -32.03781801233491 ] ] ] } },
{ "type": "Feature", "properties": { "tipo": "avenida", "nome": "PORTUGAL", "drenagem": 1.0, "iluminacao": 1.0, "compriment": 30.380388721980083 }, "geometry": { "type": "LineString", "coordinates": [ [ -52.107339199013701, -32.032587089234063 ], [ -52.107399118605422, -32.032610473178096 ], [ -52.107472235694964, -32.032661633602608 ], [ -52.107570338102022, -32.03272957607858 ] ] } },
{ "type": "Feature", "properties": { "tipo": "rua", "nome": "PROFESSOR ANTENOR MONTEIRO", "drenagem": 1.0, "iluminacao": 1.0, "compriment": 120.10637778847092 }, "geometry": { "type": "MultiLineString", "coordinates": [ [ [ -52.083907356948579, -32.036351985943959 ], [ -52.083910827343125, -32.036366813715752 ] ], [ [ -52.083916943775762, -32.036392947075001 ], [ -52.083964582086182, -32.036596488772233 ] ] ] } },
{ "type": "Feature", "properties": { "tipo": "rua", "nome": "BASTOS GUERRA", "drenagem": 1.0, "iluminacao": 1.0, "compriment": 119.84294341573386 }, "geometry": { "type": "LineString", "coordinates": [ [ -52.083333314298997, -32.036713784163474 ], [ -52.083322874400835, -32.036679674992278 ] ] } },
{ "type": "Feature", "properties": { "tipo": "avenida", "nome": "PRIMEIRO DE MAIO", "drenagem": 1.0, "iluminacao": 1.0, "compriment": 244.38239732496791 }, "geometry": { "type": "LineString", "coordinates": [ [ -52.10954045753342, -32.044282206811985 ], [ -52.110455054671469, -32.044772624855554 ], [ -52.111029654246863, -32.045090134018544 ], [ -52.111719103883182, -32.045471099972708 ] ] } },
{ "type": "Feature", "properties": { "tipo": "rua", "nome": "CONSELHEIRO TEIXEIRA JUNIOR", "drenagem": 1.0, "iluminacao": 1.0, "compriment": 26.397845785918911 }, "geometry": { "type": "LineString", "coordinates": [ [ -52.109729178290515, -32.044106609413973 ], [ -52.10954045753342, -32.044282206811985 ] ] } },
{ "type": "Feature", "properties": { "tipo": "rua", "nome": "SEM DENOMINACAO", "drenagem": 0.0, "iluminacao": 1.0, "compriment": 93.652725385060478 }, "geometry": { "type": "LineString", "coordinates": [ [ -52.109729178290515, -32.044106609413973 ], [ -52.109867090120865, -32.044151572992263 ], [ -52.110584333425322, -32.044530336348984 ] ] } },
{ "type": "Feature", "properties": { "tipo": "rua", "nome": "SEM DENOMINACAO", "drenagem": 0.0, "iluminacao": 1.0, "compriment": 64.264769946020223 }, "geometry": { "type": "LineString", "coordinates": [ [ -52.110584333425322, -32.044530336348984 ], [ -52.111153494005983, -32.044847934844746 ] ] } },
{ "type": "Feature", "properties": { "tipo": "rua", "nome": "SEM DENOMINACAO", "drenagem": 0.0, "iluminacao": 1.0, "compriment": 66.19514632376692 }, "geometry": { "type": "LineString", "coordinates": [ [ -52.111153494005983, -32.044847934844746 ], [ -52.111737150303739, -32.045178432270234 ] ] } },
{ "type": "Feature", "properties": { "tipo": "avenida", "nome": "HONORIO BICALHO", "drenagem": 1.0, "iluminacao": 1.0, "compriment": 1687.0358122770754 }, "geometry": { "type": "MultiLineString", "coordinates": [ [ [ -52.079690097282878, -32.032829328674545 ], [ -52.079696997038482, -32.03280866390476 ] ], [ [ -52.079744803296329, -32.032665484150392 ], [ -52.080127745390506, -32.031518572481275 ] ] ] } },
{ "type": "Feature", "properties": { "tipo": "avenida", "nome": "SENADOR SALGADO FILHO", "drenagem": 1.0, "iluminacao": 1.0, "compriment": 191.07852574595012 }, "geometry": { "type": "MultiLineString", "coordinates": [ [ [ -52.092963237302897, -32.039999885966985 ], [ -52.0929548538003, -32.039997526606491 ] ], [ [ -52.09288131504082, -32.039976830669225 ], [ -52.092809306839833, -32.039956565475457 ] ], [ [ -52.092758431647695, -32.039942247722578 ], [ -52.092663759879343, -32.039915604344415 ] ], [ [ -52.092635548254577, -32.039907664775939 ], [ -52.092518212918854, -32.039874643213373 ] ], [ [ -52.092471703730418, -32.039861554180419 ], [ -52.092227118997897, -32.039792720951297 ] ], [ [ -52.092225936944182, -32.03979238828714 ], [ -52.092003445125044, -32.039729772643852 ] ] ] } },
{ "type": "Feature", "properties": { "tipo": "rua", "nome": "ALMIRANTE AMPHILOQUIO REIS", "drenagem": 1.0, "iluminacao": 1.0, "compriment": 275.96594091053623 }, "geometry": { "type": "MultiLineString", "coordinates": [ [ [ -52.081657965135939, -32.033598099729481 ], [ -52.08174084088698, -32.033607590164301 ] ], [ [ -52.08186277079114, -32.033621552846917 ], [ -52.083820634418068, -32.033845755667443 ] ] ] } },
{ "type": "Feature", "properties": { "tipo": "rua", "nome": "ANDRADE NEVES", "drenagem": 1.0, "iluminacao": 1.0, "compriment": 75.209037939387557 }, "geometry": { "type": "LineString", "coordinates": [ [ -52.092153523241777, -32.035205074274849 ], [ -52.092035693923876, -32.034678324528159 ] ] } },
{ "type": "Feature", "properties": { "tipo": "rua", "nome": "VASCO DA GAMA", "drenagem": 0.0, "iluminacao": 1.0, "compriment": 41.887160320374733 }, "geometry": { "type": "LineString", "coordinates": [ [ -52.098854233804531, -32.046343985685212 ], [ -52.098820679041573, -32.046349075551433 ] ] } },
{ "type": "Feature", "properties": { "tipo": "rua", "nome": "CARLOS GOMES", "drenagem": 1.0, "iluminacao": 1.0, "compriment": 103.79709513119862 }, "geometry": { "type": "MultiLineString", "coordinates": [ [ [ -52.102454905328685, -32.033719535861259 ], [ -52.101933725000592, -32.033671414568019 ] ], [ [ -52.10168610306129, -32.033648551295343 ], [ -52.101654725822833, -32.033645654191957 ], [ -52.101360839129157, -32.033638786965078 ] ] ] } },
{ "type": "Feature", "properties": { "tipo": "rua", "nome": "CARLOS GOMES", "drenagem": 1.0, "iluminacao": 1.0, "compriment": 132.55251517611828 }, "geometry": { "type": "LineString", "coordinates": [ [ -52.103843266247772, -32.033893432790954 ], [ -52.102454905328685, -32.033719535861259 ] ] } },
{ "type": "Feature", "properties": { "tipo": "rua", "nome": "CARLOS GOMES", "drenagem": 1.0, "iluminacao": 1.0, "compriment": 193.7886972662676 }, "geometry": { "type": "LineString", "coordinates": [ [ -52.105871820377686, -32.034154535169108 ], [ -52.103843266247772, -32.033893432790954 ] ] } },
{ "type": "Feature", "properties": { "tipo": "rua", "nome": "MORON", "drenagem": 0.0, "iluminacao": 1.0, "compriment": 7.6040606494604397 }, "geometry": { "type": "LineString", "coordinates": [ [ -52.105871820377686, -32.034154535169108 ], [ -52.105832789716835, -32.03421451067895 ] ] } },
{ "type": "Feature", "properties": { "tipo": "travessa", "nome": "CRISTOVAO PEREIRA", "drenagem": 0.0, "iluminacao": 0.0, "compriment": 111.6726036914216 }, "geometry": { "type": "LineString", "coordinates": [ [ -52.160570429560927, -32.055930471636586 ], [ -52.161596897479583, -32.056430500305297 ] ] } },
{ "type": "Feature", "properties": { "tipo": "travessa", "nome": "CRISTOVAO PEREIRA", "drenagem": 0.0, "iluminacao": 0.0, "compriment": 111.94455137887404 }, "geometry": { "type": "LineString", "coordinates": [ [ -52.159522379533897, -32.0554587794052 ], [ -52.160570429560927, -32.055930471636586 ] ] } },
{ "type": "Feature", "properties": { "tipo": "travessa", "nome": "CRISTOVAO PEREIRA", "drenagem": 0.0, "iluminacao": 0.0, "compriment": 110.78591917710449 }, "geometry": { "type": "LineString", "coordinates": [ [ -52.158477785168955, -32.055004089267761 ], [ -52.159522379533897, -32.0554587794052 ] ] } },
{ "type": "Feature", "properties": { "tipo": "rua", "nome": "VINTE E QUATRO DE MAIO", "drenagem": 1.0, "iluminacao": 1.0, "compriment": 76.516678505452731 }, "geometry": { "type": "MultiLineString", "coordinates": [ [ [ -52.102443370977035, -32.041515029296114 ], [ -52.102441269175543, -32.041513088454963 ] ], [ [ -52.102425258573064, -32.041498303977797 ], [ -52.102363436309716, -32.041441216192247 ] ], [ [ -52.102343336310987, -32.041422655493321 ], [ -52.102308194658505, -32.041390205061845 ] ], [ [ -52.102302375179946, -32.041384831251086 ], [ -52.102130761969121, -32.041226360537685 ] ], [ [ -52.102097569524751, -32.041195710039901 ], [ -52.102073218563497, -32.041173223926016 ] ], [ [ -52.101993004567298, -32.041099152884861 ], [ -52.101953329279738, -32.041062516013525 ] ] ] } },
{ "type": "Feature", "properties": { "tipo": "avenida", "nome": "MAJOR CARLOS PINTO", "drenagem": 1.0, "iluminacao": 1.0, "compriment": 10.979548823632083 }, "geometry": { "type": "LineString", "coordinates": [ [ -52.102444688916997, -32.041513088454963 ], [ -52.102443370977035, -32.041515029296114 ] ] } },
{ "type": "Feature", "properties": { "tipo": "rua", "nome": "VEREADOR EUGENIO PEDRO DELINGER", "drenagem": 1.0, "iluminacao": 1.0, "compriment": 106.52661324451115 }, "geometry": { "type": "LineString", "coordinates": [ [ -52.112229101621359, -32.046349801389987 ], [ -52.113197327752431, -32.04684257775272 ] ] } },
{ "type": "Feature", "properties": { "tipo": "rua", "nome": "ALTAMIR DE LACERDA NASCIMENTO", "drenagem": 1.0, "iluminacao": 1.0, "compriment": 63.017245874276817 }, "geometry": { "type": "LineString", "coordinates": [ [ -52.122426790881292, -32.04970517253939 ], [ -52.122982364770174, -32.050019920374517 ] ] } },
{ "type": "Feature", "properties": { "tipo": "rua", "nome": "ALTAMIR DE LACERDA NASCIMENTO", "drenagem": 1.0, "iluminacao": 1.0, "compriment": 64.253537372416233 }, "geometry": { "type": "LineString", "coordinates": [ [ -52.122982364770174, -32.050019920374517 ], [ -52.123556847801964, -32.050330345785945 ] ] } },
{ "type": "Feature", "properties": { "tipo": "rua", "nome": "ALTAMIR DE LACERDA NASCIMENTO", "drenagem": 1.0, "iluminacao": 0.0, "compriment": 39.782581330810459 }, "geometry": { "type": "LineString", "coordinates": [ [ -52.123556847801964, -32.050330345785945 ], [ -52.123908082246388, -32.050528402974685 ] ] } },
{ "type": "Feature", "properties": { "tipo": "avenida", "nome": "BUARQUE DE MACEDO", "drenagem": 0.0, "iluminacao": 1.0, "compriment": 63.479986555502983 }, "geometry": { "type": "LineString", "coordinates": [ [ -52.123062268498124, -32.048805531457795 ], [ -52.122463166706147, -32.04854598929083 ] ] } },
{ "type": "Feature", "properties": { "tipo": "rua", "nome": "GONCALVES DIAS", "drenagem": 1.0, "iluminacao": 1.0, "compriment": 100.56750025207863 }, "geometry": { "type": "MultiLineString", "coordinates": [ [ [ -52.121388077259809, -32.048084902110013 ], [ -52.121350854233164, -32.048148791683396 ] ], [ [ -52.121064479378916, -32.048640325255867 ], [ -52.121062573196127, -32.048643597026491 ] ], [ [ -52.121040614807725, -32.048681286386909 ], [ -52.121021612065093, -32.048713902679275 ] ], [ [ -52.120992885665345, -32.048763208648992 ], [ -52.120980650934051, -32.048784208332073 ] ] ] } },
{ "type": "Feature", "properties": { "tipo": "avenida", "nome": "BUARQUE DE MACEDO", "drenagem": 1.0, "iluminacao": 1.0, "compriment": 56.537626266647941 }, "geometry": { "type": "MultiLineString", "coordinates": [ [ [ -52.122463166706147, -32.04854598929083 ], [ -52.122212779446279, -32.048435519600673 ] ], [ [ -52.122209484865238, -32.048434066046894 ], [ -52.121931611950544, -32.048311469814145 ] ] ] } },
{ "type": "Feature", "properties": { "tipo": "rua", "nome": "CASTRO ALVES", "drenagem": 0.0, "iluminacao": 1.0, "compriment": 110.69739770802785 }, "geometry": { "type": "LineString", "coordinates": [ [ -52.122463166706147, -32.04854598929083 ], [ -52.12192603006644, -32.049433279897634 ] ] } },
{ "type": "Feature", "properties": { "tipo": "rua", "nome": "JOAQUIM GONCALVES LEDO", "drenagem": 0.0, "iluminacao": 1.0, "compriment": 150.75440538024441 }, "geometry": { "type": "LineString", "coordinates": [ [ -52.198724877647393, -32.081560450254663 ], [ -52.199918311560971, -32.082221971011535 ] ] } },
{ "type": "Feature", "properties": { "tipo": "rua", "nome": "JOAQUIM GONCALVES LEDO", "drenagem": 0.0, "iluminacao": 0.0, "compriment": 77.510505757744937 }, "geometry": { "type": "MultiLineString", "coordinates": [ [ [ -52.199918311560971, -32.082221971011535 ], [ -52.199748905923386, -32.082642960497338 ] ], [ [ -52.199734393552745, -32.082679025149858 ], [ -52.199707944792351, -32.082744752891841 ] ], [ [ -52.199684945430491, -32.082801908542976 ], [ -52.199652218955229, -32.082883237016986 ] ] ] } },
{ "type": "Feature", "properties": { "tipo": "rua", "nome": "CORREDOR DO BOSQUE SILVEIRA", "drenagem": 1.0, "iluminacao": 1.0, "compriment": 81.51833255960247 }, "geometry": { "type": "LineString", "coordinates": [ [ -52.17303374807814, -32.060133376867981 ], [ -52.17378529401099, -32.060495067713724 ] ] } }
]
}
