{
"type": "FeatureCollection",
"name": "patrimonio_ATINGIDOS_rio_grande___cenario_maio_2024_50",
"crs": { "type": "name", "properties": { "name": "urn:ogc:def:crs:OGC:1.3:CRS84" } },
"features": [
{ "type": "Feature", "properties": { "Label": "PRS/03-0007.00001", "ENDEREÇO": "RIO GRANDE, RS, Rua General Abreu, 80", "COMPLEMENT": null, "Tipologia": "6- Arquitetura Civil Privada", "Nome": null }, "geometry": { "type": "Point", "coordinates": [ -52.1058856, -32.0399993 ] } },
{ "type": "Feature", "properties": { "Label": "PRS/03-0007.00002", "ENDEREÇO": "RIO GRANDE, RS, Rua General Abreu,  82", "COMPLEMENT": null, "Tipologia": "6- Arquitetura Civil Privada", "Nome": null }, "geometry": { "type": "Point", "coordinates": [ -52.1058655, -32.0401491 ] } },
{ "type": "Feature", "properties": { "Label": "PRS/03-0007.00003", "ENDEREÇO": "RIO GRANDE, RS, Rua General Abreu,  216", "COMPLEMENT": null, "Tipologia": "6- Arquitetura Civil Privada", "Nome": null }, "geometry": { "type": "Point", "coordinates": [ -52.1088372, -32.0413442 ] } },
{ "type": "Feature", "properties": { "Label": "PRS/03-0007.00004", "ENDEREÇO": "RIO GRANDE, RS, Rua Vice Almirante Abreu, 694", "COMPLEMENT": null, "Tipologia": "6- Arquitetura Civil Privada", "Nome": null }, "geometry": { "type": "Point", "coordinates": [ -52.1029443, -32.037344 ] } },
{ "type": "Feature", "properties": { "Label": "PRS/03-0007.00005", "ENDEREÇO": "RIO GRANDE, RS, Rua Vice Almirante Abreu, 654", "COMPLEMENT": null, "Tipologia": "6- Arquitetura Civil Privada", "Nome": null }, "geometry": { "type": "Point", "coordinates": [ -52.1019735, -32.0373092 ] } },
{ "type": "Feature", "properties": { "Label": "PRS/03-0007.00006", "ENDEREÇO": "RIO GRANDE, RS, Rua Vice Almirante Abreu, 656", "COMPLEMENT": null, "Tipologia": "6- Arquitetura Civil Privada", "Nome": null }, "geometry": { "type": "Point", "coordinates": [ -52.102021, -32.0373289 ] } },
{ "type": "Feature", "properties": { "Label": "PRS/03-0007.00007", "ENDEREÇO": "RIO GRANDE, RS, Rua Engenheiro Alfredo Huch, 475", "COMPLEMENT": null, "Tipologia": "3- Arquitetura Civil Oficial", "Nome": "IFRS - Campus Rio Grande" }, "geometry": { "type": "Point", "coordinates": [ -52.0883009, -32.0400417 ] } },
{ "type": "Feature", "properties": { "Label": "PRS/03-0007.00008", "ENDEREÇO": "RIO GRANDE, RS, Rua Doutor Altamir Lacerda do Nascimento", "COMPLEMENT": "S/Nº", "Tipologia": "5- Arquitetura Civil Oficial", "Nome": "Caixa d ́água da Hidráulica" }, "geometry": { "type": "Point", "coordinates": [ -52.126168791402172, -32.04958822741186 ] } },
{ "type": "Feature", "properties": { "Label": "PRS/03-0007.00011", "ENDEREÇO": "RIO GRANDE, RS, Rua Andradas, 57", "COMPLEMENT": null, "Tipologia": "8- Arquitetura Mista", "Nome": "Caixa Econômica Federal" }, "geometry": { "type": "Point", "coordinates": [ -52.095054528028236, -32.031159876638846 ] } },
{ "type": "Feature", "properties": { "Label": "PRS/03-0007.00012", "ENDEREÇO": "RIO GRANDE, RS, Rua Andradas, 185", "COMPLEMENT": "185/187", "Tipologia": "8- Arquitetura Mista", "Nome": "Sindicato dos Varegistas" }, "geometry": { "type": "Point", "coordinates": [ -52.095195553582244, -32.032973874770008 ] } },
{ "type": "Feature", "properties": { "Label": "PRS/03-0007.00013", "ENDEREÇO": "RIO GRANDE, RS, Rua Andradas, 172", "COMPLEMENT": "172/174/176/178", "Tipologia": "6- Arquitetura Civil Privada", "Nome": null }, "geometry": { "type": "Point", "coordinates": [ -52.0953398, -32.0327212 ] } },
{ "type": "Feature", "properties": { "Label": "PRS/03-0007.00014", "ENDEREÇO": "RIO GRANDE, RS, Rua Andradas, 190", "COMPLEMENT": "190/192", "Tipologia": "8- Arquitetura Mista", "Nome": null }, "geometry": { "type": "Point", "coordinates": [ -52.095411299999988, -32.0330378 ] } },
{ "type": "Feature", "properties": { "Label": "PRS/03-0007.00015", "ENDEREÇO": "RIO GRANDE, RS, Rua Andradas, 310", "COMPLEMENT": "310/312/318/320", "Tipologia": "6- Arquitetura Civil Privada", "Nome": "Vila Helênica" }, "geometry": { "type": "Point", "coordinates": [ -52.095948159239953, -32.035147141942403 ] } },
{ "type": "Feature", "properties": { "Label": "PRS/03-0007.00016", "ENDEREÇO": "RIO GRANDE, RS, Rua Andradas, 334", "COMPLEMENT": null, "Tipologia": "6- Arquitetura Civil Privada", "Nome": null }, "geometry": { "type": "Point", "coordinates": [ -52.0960085, -32.0354298 ] } },
{ "type": "Feature", "properties": { "Label": "PRS/03-0007.00017", "ENDEREÇO": "RIO GRANDE, RS, Rua Andradas, 358", "COMPLEMENT": null, "Tipologia": "1- Arquitetura Religiosa", "Nome": "Mosteiro São José" }, "geometry": { "type": "Point", "coordinates": [ -52.0962733, -32.0359007 ] } },
{ "type": "Feature", "properties": { "Label": "PRS/03-0007.00018", "ENDEREÇO": "RIO GRANDE, RS, Rua Andradas, 169", "COMPLEMENT": null, "Tipologia": "6- Arquitetura Civil Privada", "Nome": null }, "geometry": { "type": "Point", "coordinates": [ -52.0951697, -32.0326966 ] } },
{ "type": "Feature", "properties": { "Label": "PRS/03-0007.00019", "ENDEREÇO": "RIO GRANDE, RS, Rua Andrade Neves, 335", "COMPLEMENT": null, "Tipologia": "6- Arquitetura Civil Privada", "Nome": null }, "geometry": { "type": "Point", "coordinates": [ -52.0921035, -32.0359858 ] } },
{ "type": "Feature", "properties": { "Label": "PRS/03-0007.00020", "ENDEREÇO": "RIO GRANDE, RS, Rua Marechal Andrea, 267", "COMPLEMENT": null, "Tipologia": "Arquitetura Mista", "Nome": "Sobrado da Macega" }, "geometry": { "type": "Point", "coordinates": [ -52.0860249, -32.0315756 ] } },
{ "type": "Feature", "properties": { "Label": "PRS/03-0007.00022", "ENDEREÇO": "RIO GRANDE, RS, Rua Aquidaban, 668", "COMPLEMENT": "668/670", "Tipologia": "6- Arquitetura Civil Privada", "Nome": null }, "geometry": { "type": "Point", "coordinates": [ -52.1033136, -32.0319823 ] } },
{ "type": "Feature", "properties": { "Label": "PRS/03-0007.00023", "ENDEREÇO": "RIO GRANDE, RS, Rua Aquidaban, 679", "COMPLEMENT": null, "Tipologia": "6- Arquitetura Civil Privada", "Nome": null }, "geometry": { "type": "Point", "coordinates": [ -52.1034545, -32.0322324 ] } },
{ "type": "Feature", "properties": { "Label": "PRS/03-0007.00024", "ENDEREÇO": "RIO GRANDE, RS, Rua Aquidaban, 683", "COMPLEMENT": null, "Tipologia": "6- Arquitetura Civil Privada", "Nome": null }, "geometry": { "type": "Point", "coordinates": [ -52.1034856, -32.0323895 ] } },
{ "type": "Feature", "properties": { "Label": "PRS/03-0007.00025", "ENDEREÇO": "RIO GRANDE, RS, Rua Aquidaban, 685", "COMPLEMENT": null, "Tipologia": "6- Arquitetura Civil Privada", "Nome": null }, "geometry": { "type": "Point", "coordinates": [ -52.103606199999987, -32.0322508 ] } },
{ "type": "Feature", "properties": { "Label": "PRS/03-0007.00026", "ENDEREÇO": "RIO GRANDE, RS, Rua Aquidaban, 700", "COMPLEMENT": "700/702/704", "Tipologia": "6- Arquitetura Civil Privada", "Nome": null }, "geometry": { "type": "Point", "coordinates": [ -52.1043183, -32.0320411 ] } },
{ "type": "Feature", "properties": { "Label": "PRS/03-0007.00027", "ENDEREÇO": "RIO GRANDE, RS, Rua Aquidaban, 746", "COMPLEMENT": null, "Tipologia": "6- Arquitetura Civil Privada", "Nome": null }, "geometry": { "type": "Point", "coordinates": [ -52.106342222327726, -32.032279159861197 ] } },
{ "type": "Feature", "properties": { "Label": "PRS/03-0007.00028", "ENDEREÇO": "RIO GRANDE, RS, Rua Aquidaban, 746", "COMPLEMENT": "746c", "Tipologia": "6- Arquitetura Civil Privada", "Nome": "Antigo Sanatório Espíndola" }, "geometry": { "type": "Point", "coordinates": [ -52.1066223, -32.0322816 ] } },
{ "type": "Feature", "properties": { "Label": "PRS/03-0007.00029", "ENDEREÇO": "RIO GRANDE, RS, Rua Aquidaban, 747", "COMPLEMENT": null, "Tipologia": "6- Arquitetura Civil Privada", "Nome": "Antiga Chácara" }, "geometry": { "type": "Point", "coordinates": [ -52.106274199999987, -32.0326535 ] } },
{ "type": "Feature", "properties": { "Label": "PRS/03-0007.00030", "ENDEREÇO": "RIO GRANDE, RS, Rua General Bacelar, 125", "COMPLEMENT": null, "Tipologia": "6- Arquitetura Civil Privada", "Nome": null }, "geometry": { "type": "Point", "coordinates": [ -52.0908419, -32.0322378 ] } },
{ "type": "Feature", "properties": { "Label": "PRS/03-0007.00031", "ENDEREÇO": "RIO GRANDE, RS, Rua General Bacelar, 98", "COMPLEMENT": "98A", "Tipologia": "6- Arquitetura Civil Privada", "Nome": null }, "geometry": { "type": "Point", "coordinates": [ -52.089988540688353, -32.032199084866441 ] } },
{ "type": "Feature", "properties": { "Label": "PRS/03-0007.00032", "ENDEREÇO": "RIO GRANDE, RS, Rua General Bacelar, 224", "COMPLEMENT": "224/226", "Tipologia": "Arquitetura Neogótica", "Nome": "Igreja Nossa Senhora do Carmo" }, "geometry": { "type": "Point", "coordinates": [ -52.0926865, -32.0317315 ] } },
{ "type": "Feature", "properties": { "Label": "PRS/03-0007.00033", "ENDEREÇO": "RIO GRANDE, RS, Rua General Bacelar, 288", "COMPLEMENT": null, "Tipologia": "Arquitetura Eclética", "Nome": null }, "geometry": { "type": "Point", "coordinates": [ -52.0942429, -32.0316721 ] } },
{ "type": "Feature", "properties": { "Label": "PRS/03-0007.00034", "ENDEREÇO": "RIO GRANDE, RS, Rua General Bacelar, 292", "COMPLEMENT": null, "Tipologia": "6- Arquitetura Civil Privada", "Nome": null }, "geometry": { "type": "Point", "coordinates": [ -52.094338270284858, -32.031649892035098 ] } },
{ "type": "Feature", "properties": { "Label": "PRS/03-0007.00035", "ENDEREÇO": "RIO GRANDE, RS, Rua General Bacelar, 299", "COMPLEMENT": null, "Tipologia": "6- Arquitetura Civil Privada", "Nome": null }, "geometry": { "type": "Point", "coordinates": [ -52.094455061164346, -32.03187272911952 ] } },
{ "type": "Feature", "properties": { "Label": "PRS/03-0007.00036", "ENDEREÇO": "RIO GRANDE, RS, Rua General Bacelar, 304", "COMPLEMENT": null, "Tipologia": "6- Arquitetura Civil Privada", "Nome": null }, "geometry": { "type": "Point", "coordinates": [ -52.09470841341443, -32.031627220852364 ] } },
{ "type": "Feature", "properties": { "Label": "PRS/03-0007.00037", "ENDEREÇO": "RIO GRANDE, RS, Rua General Bacelar, 310", "COMPLEMENT": "310/316", "Tipologia": "6- Arquitetura Civil Privada", "Nome": null }, "geometry": { "type": "Point", "coordinates": [ -52.09482485262776, -32.031607538793317 ] } },
{ "type": "Feature", "properties": { "Label": "PRS/03-0007.00038", "ENDEREÇO": "RIO GRANDE, RS, Rua General Bacelar, 333", "COMPLEMENT": "333/329", "Tipologia": "6- Arquitetura Civil Privada", "Nome": null }, "geometry": { "type": "Point", "coordinates": [ -52.095067351468643, -32.031757474828353 ] } },
{ "type": "Feature", "properties": { "Label": "PRS/03-0007.00039", "ENDEREÇO": "RIO GRANDE, RS, Rua General Bacelar, 355", "COMPLEMENT": null, "Tipologia": "6- Arquitetura Civil Privada", "Nome": null }, "geometry": { "type": "Point", "coordinates": [ -52.095373008366984, -32.031712641313554 ] } },
{ "type": "Feature", "properties": { "Label": "PRS/03-0007.00040", "ENDEREÇO": "RIO GRANDE, RS, Rua General Bacelar, 365", "COMPLEMENT": null, "Tipologia": "9- Arquitetura Comercial", "Nome": "Cine 7 de Setembro" }, "geometry": { "type": "Point", "coordinates": [ -52.095564549355593, -32.031790317705081 ] } },
{ "type": "Feature", "properties": { "Label": "PRS/03-0007.00041", "ENDEREÇO": "RIO GRANDE, RS, Rua General Bacelar, 369", "COMPLEMENT": null, "Tipologia": "9- Arquitetura Comercial", "Nome": "Grande Hotel" }, "geometry": { "type": "Point", "coordinates": [ -52.0956879, -32.031695 ] } },
{ "type": "Feature", "properties": { "Label": "PRS/03-0007.00042", "ENDEREÇO": "RIO GRANDE, RS, Rua General Bacelar, 391", "COMPLEMENT": null, "Tipologia": "9- Arquitetura Comercial", "Nome": "Teatro Carlos Gomes" }, "geometry": { "type": "Point", "coordinates": [ -52.0961224, -32.0318151 ] } },
{ "type": "Feature", "properties": { "Label": "PRS/03-0007.00043", "ENDEREÇO": "RIO GRANDE, RS, Rua General Bacelar, 159", "COMPLEMENT": null, "Tipologia": "Arquitetura Eclética", "Nome": "Hotel São Luiz" }, "geometry": { "type": "Point", "coordinates": [ -52.0916904, -32.0321998 ] } },
{ "type": "Feature", "properties": { "Label": "PRS/03-0007.00044", "ENDEREÇO": "RIO GRANDE, RS, Rua General Bacelar, 163", "COMPLEMENT": null, "Tipologia": "Arquitetura Eclética", "Nome": null }, "geometry": { "type": "Point", "coordinates": [ -52.0917555, -32.0321892 ] } },
{ "type": "Feature", "properties": { "Label": "PRS/03-0007.00045", "ENDEREÇO": "RIO GRANDE, RS, Rua General Bacelar, 165", "COMPLEMENT": null, "Tipologia": "6- Arquitetura Civil Privada", "Nome": null }, "geometry": { "type": "Point", "coordinates": [ -52.0918103, -32.0322144 ] } },
{ "type": "Feature", "properties": { "Label": "PRS/03-0007.00046", "ENDEREÇO": "RIO GRANDE, RS, Rua General Bacelar, 187", "COMPLEMENT": null, "Tipologia": "Arquitetura Eclética", "Nome": null }, "geometry": { "type": "Point", "coordinates": [ -52.0922323, -32.0321622 ] } },
{ "type": "Feature", "properties": { "Label": "PRS/03-0007.00047", "ENDEREÇO": "RIO GRANDE, RS, Rua General Bacelar, 218", "COMPLEMENT": null, "Tipologia": "6- Arquitetura Civil Privada", "Nome": null }, "geometry": { "type": "Point", "coordinates": [ -52.0925659, -32.0318869 ] } },
{ "type": "Feature", "properties": { "Label": "PRS/03-0007.00048", "ENDEREÇO": "RIO GRANDE, RS, Rua General Bacelar, 273", "COMPLEMENT": null, "Tipologia": "6- Arquitetura Civil Privada", "Nome": null }, "geometry": { "type": "Point", "coordinates": [ -52.09684390000001, -32.0314237 ] } },
{ "type": "Feature", "properties": { "Label": "PRS/03-0007.00049", "ENDEREÇO": "RIO GRANDE, RS, Rua General Bacelar, 301", "COMPLEMENT": null, "Tipologia": "8- Arquitetura Mista", "Nome": null }, "geometry": { "type": "Point", "coordinates": [ -52.094628564190025, -32.031840263554365 ] } },
{ "type": "Feature", "properties": { "Label": "PRS/03-0007.00050", "ENDEREÇO": "RIO GRANDE, RS, Rua General Bacelar, 309", "COMPLEMENT": null, "Tipologia": "6- Arquitetura Civil Privada", "Nome": null }, "geometry": { "type": "Point", "coordinates": [ -52.094732854449276, -32.031802624645415 ] } },
{ "type": "Feature", "properties": { "Label": "PRS/03-0007.00051", "ENDEREÇO": "RIO GRANDE, RS, Rua General Bacelar, 353", "COMPLEMENT": null, "Tipologia": "6- Arquitetura Civil Privada", "Nome": "Sobrado A Pêndula Rio-Grandense" }, "geometry": { "type": "Point", "coordinates": [ -52.095211557419205, -32.03174674329162 ] } },
{ "type": "Feature", "properties": { "Label": "PRS/03-0007.00052", "ENDEREÇO": "RIO GRANDE, RS, Rua General Bacelar, 440", "COMPLEMENT": null, "Tipologia": "Arquitetura Eclética Barroca", "Nome": "Catedral de São Pedro" }, "geometry": { "type": "Point", "coordinates": [ -52.0973886, -32.0313521 ] } },
{ "type": "Feature", "properties": { "Label": "PRS/03-0007.00053", "ENDEREÇO": "RIO GRANDE, RS, Rua General Bacelar, 105", "COMPLEMENT": null, "Tipologia": "Arquitetura Luso Brasileira", "Nome": null }, "geometry": { "type": "Point", "coordinates": [ -52.09033035679488, -32.032300187802029 ] } },
{ "type": "Feature", "properties": { "Label": "PRS/03-0007.00054", "ENDEREÇO": "RIO GRANDE, RS, Rua General Bacelar, 122", "COMPLEMENT": null, "Tipologia": "6- Arquitetura Civil Privada", "Nome": null }, "geometry": { "type": "Point", "coordinates": [ -52.090862781898586, -32.032120284876825 ] } },
{ "type": "Feature", "properties": { "Label": "PRS/03-0007.00055", "ENDEREÇO": "RIO GRANDE, RS, Rua General Bacelar, 141", "COMPLEMENT": "141/145", "Tipologia": "6- Arquitetura Civil Privada", "Nome": null }, "geometry": { "type": "Point", "coordinates": [ -52.091182783583122, -32.032218562397084 ] } },
{ "type": "Feature", "properties": { "Label": "PRS/03-0007.00056", "ENDEREÇO": "RIO GRANDE, RS, Rua Almirante Barroso, 2", "COMPLEMENT": null, "Tipologia": "6- Arquitetura Civil Privada", "Nome": null }, "geometry": { "type": "Point", "coordinates": [ -52.0884726, -32.0309633 ] } },
{ "type": "Feature", "properties": { "Label": "PRS/03-0007.00057", "ENDEREÇO": "RIO GRANDE, RS, Rua Benjamin Constant, 119", "COMPLEMENT": "119/125/133/149", "Tipologia": "6- Arquitetura Civil Privada", "Nome": null }, "geometry": { "type": "Point", "coordinates": [ -52.093042465113037, -32.032351979549027 ] } },
{ "type": "Feature", "properties": { "Label": "PRS/03-0007.00058", "ENDEREÇO": "RIO GRANDE, RS, Rua Benjamin Constant, 252", "COMPLEMENT": null, "Tipologia": "6- Arquitetura Civil Privada", "Nome": "Sociedade Germânia" }, "geometry": { "type": "Point", "coordinates": [ -52.093918194832781, -32.034474563109548 ] } },
{ "type": "Feature", "properties": { "Label": "PRS/03-0007.00059", "ENDEREÇO": "RIO GRANDE, RS, Rua Benjamin Constant, 304", "COMPLEMENT": null, "Tipologia": "6- Arquitetura Civil Privada", "Nome": "União Beneficiente Senhoras Espíritas" }, "geometry": { "type": "Point", "coordinates": [ -52.0940928, -32.0352052 ] } },
{ "type": "Feature", "properties": { "Label": "PRS/03-0007.00060", "ENDEREÇO": "RIO GRANDE, RS, Rua Benjamin Constant, 164", "COMPLEMENT": null, "Tipologia": "6- Arquitetura Civil Privada", "Nome": null }, "geometry": { "type": "Point", "coordinates": [ -52.0934848, -32.0329864 ] } },
{ "type": "Feature", "properties": { "Label": "PRS/03-0007.00061", "ENDEREÇO": "RIO GRANDE, RS, Rua Benjamin Constant, 197", "COMPLEMENT": null, "Tipologia": "6- Arquitetura Civil Privada", "Nome": null }, "geometry": { "type": "Point", "coordinates": [ -52.093367, -32.0335262 ] } },
{ "type": "Feature", "properties": { "Label": "PRS/03-0007.00062", "ENDEREÇO": "RIO GRANDE, RS, Rua Benjamin Constant, 247", "COMPLEMENT": "247/249", "Tipologia": "6- Arquitetura Civil Privada", "Nome": null }, "geometry": { "type": "Point", "coordinates": [ -52.0940063, -32.035134 ] } },
{ "type": "Feature", "properties": { "Label": "PRS/03-0007.00063", "ENDEREÇO": "RIO GRANDE, RS, Rua Benjamin Constant, 312", "COMPLEMENT": null, "Tipologia": "6- Arquitetura Civil Privada", "Nome": null }, "geometry": { "type": "Point", "coordinates": [ -52.094078949558131, -32.035396666976006 ] } },
{ "type": "Feature", "properties": { "Label": "PRS/03-0007.00064", "ENDEREÇO": "RIO GRANDE, RS, Rua Benjamin Constant, 72", "COMPLEMENT": null, "Tipologia": "6- Arquitetura Civil Privada", "Nome": "Banco do Brasil" }, "geometry": { "type": "Point", "coordinates": [ -52.0929899, -32.0312212 ] } },
{ "type": "Feature", "properties": { "Label": "PRS/03-0007.00066", "ENDEREÇO": "RIO GRANDE, RS, Rua General Canabarro, 186", "COMPLEMENT": "186/188", "Tipologia": "6- Arquitetura Civil Privada", "Nome": null }, "geometry": { "type": "Point", "coordinates": [ -52.1030149, -32.0316599 ] } },
{ "type": "Feature", "properties": { "Label": "PRS/03-0007.00067", "ENDEREÇO": "RIO GRANDE, RS, Rua General Canabarro, 401", "COMPLEMENT": null, "Tipologia": "1- Arquitetura Religiosa", "Nome": "Igreja Nossa Senhora de Fátima" }, "geometry": { "type": "Point", "coordinates": [ -52.1019107, -32.0356503 ] } },
{ "type": "Feature", "properties": { "Label": "PRS/03-0007.00068", "ENDEREÇO": "RIO GRANDE, RS, Rua General Canabarro, 194", "COMPLEMENT": null, "Tipologia": "6- Arquitetura Civil Privada", "Nome": null }, "geometry": { "type": "Point", "coordinates": [ -52.1029206, -32.0318371 ] } },
{ "type": "Feature", "properties": { "Label": "PRS/03-0007.00069", "ENDEREÇO": "RIO GRANDE, RS, Rua Carlos Gomes, 583", "COMPLEMENT": null, "Tipologia": "6- Arquitetura Civil Privada", "Nome": "Escola de Belas Artes" }, "geometry": { "type": "Point", "coordinates": [ -52.1007731, -32.0339696 ] } },
{ "type": "Feature", "properties": { "Label": "PRS/03-0007.00070", "ENDEREÇO": "RIO GRANDE, RS, Rua Carlos Gomes, 592", "COMPLEMENT": null, "Tipologia": "6- Arquitetura Civil Privada", "Nome": null }, "geometry": { "type": "Point", "coordinates": [ -52.1010932, -32.0335931 ] } },
{ "type": "Feature", "properties": { "Label": "PRS/03-0007.00073", "ENDEREÇO": "RIO GRANDE, RS, Avenida Major Carlos Pinto, 467", "COMPLEMENT": null, "Tipologia": "6- Arquitetura Civil Privada", "Nome": null }, "geometry": { "type": "Point", "coordinates": [ -52.104762, -32.0371444 ] } },
{ "type": "Feature", "properties": { "Label": "PRS/03-0007.00074", "ENDEREÇO": "RIO GRANDE, RS, Avenida Major Carlos Pinto", "COMPLEMENT": "sem nº", "Tipologia": "3- Arquitetura Civil Oficial", "Nome": "Canalete da Avenida Major Carlos Pinto" }, "geometry": { "type": "Point", "coordinates": [ -52.1054357, -32.0364277 ] } },
{ "type": "Feature", "properties": { "Label": "PRS/03-0007.00076", "ENDEREÇO": "RIO GRANDE, RS, Rua Duque de Caxias, 60", "COMPLEMENT": null, "Tipologia": "6- Arquitetura Civil Privada", "Nome": "Prédio mais estreito" }, "geometry": { "type": "Point", "coordinates": [ -52.09654247572071, -32.031305850393395 ] } },
{ "type": "Feature", "properties": { "Label": "PRS/03-0007.00077", "ENDEREÇO": "RIO GRANDE, RS, Rua Duque de Caxias, 342", "COMPLEMENT": null, "Tipologia": "6- Arquitetura Civil Privada", "Nome": null }, "geometry": { "type": "Point", "coordinates": [ -52.0974646, -32.0351714 ] } },
{ "type": "Feature", "properties": { "Label": "PRS/03-0007.00078", "ENDEREÇO": "RIO GRANDE, RS, Rua Duque de Caxias, 346", "COMPLEMENT": null, "Tipologia": "6- Arquitetura Civil Privada", "Nome": null }, "geometry": { "type": "Point", "coordinates": [ -52.09740350000002, -32.0352935 ] } },
{ "type": "Feature", "properties": { "Label": "PRS/03-0007.00079", "ENDEREÇO": "RIO GRANDE, RS, Rua Duque de Caxias, 388", "COMPLEMENT": null, "Tipologia": "6- Arquitetura Civil Privada", "Nome": null }, "geometry": { "type": "Point", "coordinates": [ -52.097497, -32.0359864 ] } },
{ "type": "Feature", "properties": { "Label": "PRS/03-0007.00080", "ENDEREÇO": "RIO GRANDE, RS, Rua Duque de Caxias, 394", "COMPLEMENT": null, "Tipologia": "6- Arquitetura Civil Privada", "Nome": null }, "geometry": { "type": "Point", "coordinates": [ -52.097662818468251, -32.036133448497893 ] } },
{ "type": "Feature", "properties": { "Label": "PRS/03-0007.00081", "ENDEREÇO": "RIO GRANDE, RS, Rua Duque de Caxias, 400", "COMPLEMENT": null, "Tipologia": "6- Arquitetura Civil Privada", "Nome": null }, "geometry": { "type": "Point", "coordinates": [ -52.097676699138148, -32.036412077312939 ] } },
{ "type": "Feature", "properties": { "Label": "PRS/03-0007.00082", "ENDEREÇO": "RIO GRANDE, RS, Rua Duque de Caxias, 416", "COMPLEMENT": null, "Tipologia": "6- Arquitetura Civil Privada", "Nome": null }, "geometry": { "type": "Point", "coordinates": [ -52.0977276, -32.0366582 ] } },
{ "type": "Feature", "properties": { "Label": "PRS/03-0007.00083", "ENDEREÇO": "RIO GRANDE, RS, Rua Duque de Caxias, 424", "COMPLEMENT": null, "Tipologia": "6- Arquitetura Civil Privada", "Nome": null }, "geometry": { "type": "Point", "coordinates": [ -52.0978035, -32.0367211 ] } },
{ "type": "Feature", "properties": { "Label": "PRS/03-0007.00084", "ENDEREÇO": "RIO GRANDE, RS, Rua Duque de Caxias, 496", "COMPLEMENT": null, "Tipologia": "6- Arquitetura Civil Privada", "Nome": "Escola Cantinho Infantil" }, "geometry": { "type": "Point", "coordinates": [ -52.0980693, -32.0380023 ] } },
{ "type": "Feature", "properties": { "Label": "PRS/03-0007.00085", "ENDEREÇO": "RIO GRANDE, RS, Rua Duque de Caxias, 542", "COMPLEMENT": "542/544", "Tipologia": "1- Arquitetura Religiosa", "Nome": "Igreja Nosso Senhor do Bom-Fim" }, "geometry": { "type": "Point", "coordinates": [ -52.0983178, -32.0388867 ] } },
{ "type": "Feature", "properties": { "Label": "PRS/03-0007.00086", "ENDEREÇO": "RIO GRANDE, RS, Rua Duque de Caxias", "COMPLEMENT": "sem nº", "Tipologia": "3- Arquitetura Civil Oficial", "Nome": "Monumento aos Obreiros Desconhecidos" }, "geometry": { "type": "Point", "coordinates": [ -52.097862941849222, -32.03895490388993 ] } },
{ "type": "Feature", "properties": { "Label": "PRS/03-0007.00087", "ENDEREÇO": "RIO GRANDE, RS, Rua Duque de Caxias, 240", "COMPLEMENT": "240/242/244/246", "Tipologia": "6- Arquitetura Civil Privada", "Nome": null }, "geometry": { "type": "Point", "coordinates": [ -52.096998105885696, -32.033573950894919 ] } },
{ "type": "Feature", "properties": { "Label": "PRS/03-0007.00088", "ENDEREÇO": "RIO GRANDE, RS, Rua Duque de Caxias, 368", "COMPLEMENT": null, "Tipologia": "6- Arquitetura Civil Privada", "Nome": null }, "geometry": { "type": "Point", "coordinates": [ -52.097574, -32.03579 ] } },
{ "type": "Feature", "properties": { "Label": "PRS/03-0007.00089", "ENDEREÇO": "RIO GRANDE, RS, Rua Duque de Caxias, 291", "COMPLEMENT": null, "Tipologia": "6- Arquitetura Civil Privada", "Nome": "Colégio Santa Joana d ́arc" }, "geometry": { "type": "Point", "coordinates": [ -52.096801, -32.034249 ] } },
{ "type": "Feature", "properties": { "Label": "PRS/03-0007.00090", "ENDEREÇO": "RIO GRANDE, RS, Rua Almirante Cerqueira e Souza, 167", "COMPLEMENT": null, "Tipologia": "4- Arquitetura Militar", "Nome": "Hotel de Trânsito de Oficiais- Vila da Marinha" }, "geometry": { "type": "Point", "coordinates": [ -52.08323116059799, -32.031403719717723 ] } },
{ "type": "Feature", "properties": { "Label": "PRS/03-0007.00091", "ENDEREÇO": "RIO GRANDE, RS, Rua Almirante Cerqueira e Souza,179", "COMPLEMENT": null, "Tipologia": "4- Arquitetura Militar", "Nome": "Museu Naval - Vila da Marinha" }, "geometry": { "type": "Point", "coordinates": [ -52.083488862812878, -32.031402516326324 ] } },
{ "type": "Feature", "properties": { "Label": "PRS/03-0007.00095", "ENDEREÇO": "RIO GRANDE, RS, Rua General Câmara, 96", "COMPLEMENT": "96A", "Tipologia": "6- Arquitetura Civil Privada", "Nome": null }, "geometry": { "type": "Point", "coordinates": [ -52.0907586, -32.0354525 ] } },
{ "type": "Feature", "properties": { "Label": "PRS/03-0007.00096", "ENDEREÇO": "RIO GRANDE, RS, Rua General Câmara, 133", "COMPLEMENT": null, "Tipologia": "6- Arquitetura Civil Privada", "Nome": null }, "geometry": { "type": "Point", "coordinates": [ -52.091822699999987, -32.0356265 ] } },
{ "type": "Feature", "properties": { "Label": "PRS/03-0007.00097", "ENDEREÇO": "RIO GRANDE, RS, Rua General Câmara, 268", "COMPLEMENT": "268/270", "Tipologia": "6- Arquitetura Civil Privada", "Nome": null }, "geometry": { "type": "Point", "coordinates": [ -52.0944449, -32.0347779 ] } },
{ "type": "Feature", "properties": { "Label": "PRS/03-0007.00098", "ENDEREÇO": "RIO GRANDE, RS, Rua Senador Corrêa", "COMPLEMENT": "sem nº", "Tipologia": "7- Arquitetura Rural ou Industrial", "Nome": "Chaminé" }, "geometry": { "type": "Point", "coordinates": [ -52.099935214504285, -32.040600159986255 ] } },
{ "type": "Feature", "properties": { "Label": "PRS/03-0007.00099", "ENDEREÇO": "RIO GRANDE, RS, Rua Senador Corrêa, 555", "COMPLEMENT": null, "Tipologia": "9- Arquitetura Comercial", "Nome": null }, "geometry": { "type": "Point", "coordinates": [ -52.101596099999988, -32.0395948 ] } },
{ "type": "Feature", "properties": { "Label": "PRS/03-0007.00100", "ENDEREÇO": "RIO GRANDE, RS, Rua Senador Corrêa, 395", "COMPLEMENT": null, "Tipologia": "6- Arquitetura Civil Privada", "Nome": null }, "geometry": { "type": "Point", "coordinates": [ -52.0982221, -32.0402002 ] } },
{ "type": "Feature", "properties": { "Label": "PRS/03-0007.00101", "ENDEREÇO": "RIO GRANDE, RS, Rua Barão de Cotegipe, 105", "COMPLEMENT": "105/107/115", "Tipologia": "6- Arquitetura Civil Privada", "Nome": null }, "geometry": { "type": "Point", "coordinates": [ -52.092073600000013, -32.0385323 ] } },
{ "type": "Feature", "properties": { "Label": "PRS/03-0007.00102", "ENDEREÇO": "RIO GRANDE, RS, Rua Barão de Cotegipe, 421", "COMPLEMENT": null, "Tipologia": "1- Arquitetura Religiosa", "Nome": "Igreja do Galo" }, "geometry": { "type": "Point", "coordinates": [ -52.0983352, -32.0373427 ] } },
{ "type": "Feature", "properties": { "Label": "PRS/03-0007.00103", "ENDEREÇO": "RIO GRANDE, RS, Rua Barão de Cotegipe, 455", "COMPLEMENT": null, "Tipologia": "6- Arquitetura Civil Privada", "Nome": null }, "geometry": { "type": "Point", "coordinates": [ -52.099358900000013, -32.0369958 ] } },
{ "type": "Feature", "properties": { "Label": "PRS/03-0007.00104", "ENDEREÇO": "RIO GRANDE, RS, Rua Barão de Cotegipe, 682", "COMPLEMENT": null, "Tipologia": "6- Arquitetura Civil Privada", "Nome": null }, "geometry": { "type": "Point", "coordinates": [ -52.1028484, -32.0363374 ] } },
{ "type": "Feature", "properties": { "Label": "PRS/03-0007.00109", "ENDEREÇO": "RIO GRANDE, RS, Rua Dezenove de Fevereiro, 581", "COMPLEMENT": null, "Tipologia": "6- Arquitetura Civil Privada", "Nome": null }, "geometry": { "type": "Point", "coordinates": [ -52.1010822, -32.0323558 ] } },
{ "type": "Feature", "properties": { "Label": "PRS/03-0007.00110", "ENDEREÇO": "RIO GRANDE, RS, Rua Dezenove de Fevereiro, 553", "COMPLEMENT": "553B", "Tipologia": "6- Arquitetura Civil Privada", "Nome": null }, "geometry": { "type": "Point", "coordinates": [ -52.1001285, -32.0325951 ] } },
{ "type": "Feature", "properties": { "Label": "PRS/03-0007.00115", "ENDEREÇO": "RIO GRANDE, RS, Travessa Monsenhor Eurico de Mello Maganhães, 145", "COMPLEMENT": null, "Tipologia": "6- Arquitetura Civil Privada", "Nome": null }, "geometry": { "type": "Point", "coordinates": [ -52.097214976288832, -32.032031783635546 ] } },
{ "type": "Feature", "properties": { "Label": "PRS/03-0007.00116", "ENDEREÇO": "RIO GRANDE, RS, Rua Doutor Fernando Duprat da Silva,10", "COMPLEMENT": null, "Tipologia": "6- Arquitetura Civil Privada", "Nome": null }, "geometry": { "type": "Point", "coordinates": [ -52.090981585693143, -32.03056337428481 ] } },
{ "type": "Feature", "properties": { "Label": "PRS/03-0007.00117", "ENDEREÇO": "RIO GRANDE, RS, Rua Doutor Fernando Duprat da Silva, 65", "COMPLEMENT": "/67", "Tipologia": "6- Arquitetura Civil Privada", "Nome": null }, "geometry": { "type": "Point", "coordinates": [ -52.091180704113548, -32.031670147734559 ] } },
{ "type": "Feature", "properties": { "Label": "PRS/03-0007.00118", "ENDEREÇO": "RIO GRANDE, RS, Rua Doutor Fernando Duprat da Silva, 94", "COMPLEMENT": null, "Tipologia": "6- Arquitetura Civil Privada", "Nome": null }, "geometry": { "type": "Point", "coordinates": [ -52.0914419, -32.031923 ] } },
{ "type": "Feature", "properties": { "Label": "PRS/03-0007.00119", "ENDEREÇO": "RIO GRANDE, RS, Rua Marechal Floriano Peixoto, 33", "COMPLEMENT": null, "Tipologia": "6- Arquitetura Civil Privada", "Nome": "Prédio São José do Norte" }, "geometry": { "type": "Point", "coordinates": [ -52.088820408713097, -32.031982813545916 ] } },
{ "type": "Feature", "properties": { "Label": "PRS/03-0007.00120", "ENDEREÇO": "RIO GRANDE, RS, Rua Marechal Floriano Peixoto, 45", "COMPLEMENT": null, "Tipologia": "8- Arquitetura Mista", "Nome": null }, "geometry": { "type": "Point", "coordinates": [ -52.0893025, -32.031855 ] } },
{ "type": "Feature", "properties": { "Label": "PRS/03-0007.00121", "ENDEREÇO": "RIO GRANDE, RS, Rua Marechal Floriano Peixoto, 72", "COMPLEMENT": null, "Tipologia": "6- Arquitetura Civil Privada", "Nome": null }, "geometry": { "type": "Point", "coordinates": [ -52.089967599999987, -32.0315534 ] } },
{ "type": "Feature", "properties": { "Label": "PRS/03-0007.00122", "ENDEREÇO": "RIO GRANDE, RS, Rua Marechal Floriano Peixoto, 91", "COMPLEMENT": null, "Tipologia": "6- Arquitetura Civil Privada", "Nome": "Centro Municipal de Cultura" }, "geometry": { "type": "Point", "coordinates": [ -52.0897438, -32.0319738 ] } },
{ "type": "Feature", "properties": { "Label": "PRS/03-0007.00123", "ENDEREÇO": "RIO GRANDE, RS, Rua Marechal Floriano Peixoto, 101", "COMPLEMENT": "101/103", "Tipologia": "8- Arquitetura Mista", "Nome": "Sobrado dos Azulejos" }, "geometry": { "type": "Point", "coordinates": [ -52.090154495581245, -32.031749149395758 ] } },
{ "type": "Feature", "properties": { "Label": "PRS/03-0007.00124", "ENDEREÇO": "RIO GRANDE, RS, Rua Marechal Floriano Peixoto, 105", "COMPLEMENT": null, "Tipologia": "6- Arquitetura Civil Privada", "Nome": null }, "geometry": { "type": "Point", "coordinates": [ -52.090250641529835, -32.0317288394874 ] } },
{ "type": "Feature", "properties": { "Label": "PRS/03-0007.00125", "ENDEREÇO": "RIO GRANDE, RS, Rua Marechal Floriano Peixoto, 113", "COMPLEMENT": "113/117", "Tipologia": "Arquitetura Mista", "Nome": "Antigo Hotel Gaúcho" }, "geometry": { "type": "Point", "coordinates": [ -52.090455753954075, -32.031667234297835 ] } },
{ "type": "Feature", "properties": { "Label": "PRS/03-0007.00126", "ENDEREÇO": "RIO GRANDE, RS, Rua Marechal Floriano Peixoto, 122", "COMPLEMENT": null, "Tipologia": "6- Arquitetura Civil Privada", "Nome": null }, "geometry": { "type": "Point", "coordinates": [ -52.09069190000001, -32.0311969 ] } },
{ "type": "Feature", "properties": { "Label": "PRS/03-0007.00127", "ENDEREÇO": "RIO GRANDE, RS, Rua Marechal Floriano Peixoto, 125", "COMPLEMENT": null, "Tipologia": "6- Arquitetura Civil Privada", "Nome": null }, "geometry": { "type": "Point", "coordinates": [ -52.0905384, -32.0316137 ] } },
{ "type": "Feature", "properties": { "Label": "PRS/03-0007.00128", "ENDEREÇO": "RIO GRANDE, RS, Rua Marechal Floriano Peixoto, 129", "COMPLEMENT": null, "Tipologia": "6- Arquitetura Civil Privada", "Nome": null }, "geometry": { "type": "Point", "coordinates": [ -52.090685699999987, -32.0316096 ] } },
{ "type": "Feature", "properties": { "Label": "PRS/03-0007.00129", "ENDEREÇO": "RIO GRANDE, RS, Rua Marechal Floriano Peixoto, 132", "COMPLEMENT": null, "Tipologia": "Arquitetura Eclética", "Nome": null }, "geometry": { "type": "Point", "coordinates": [ -52.0908385, -32.0312149 ] } },
{ "type": "Feature", "properties": { "Label": "PRS/03-0007.00130", "ENDEREÇO": "RIO GRANDE, RS, Rua Marechal Floriano Peixoto, 145", "COMPLEMENT": "145/147", "Tipologia": "Arquitetura Eclética", "Nome": null }, "geometry": { "type": "Point", "coordinates": [ -52.0909813, -32.0314918 ] } },
{ "type": "Feature", "properties": { "Label": "PRS/03-0007.00131", "ENDEREÇO": "RIO GRANDE, RS, Rua Marechal Floriano Peixoto, 171", "COMPLEMENT": null, "Tipologia": "8- Arquitetura Mista", "Nome": null }, "geometry": { "type": "Point", "coordinates": [ -52.091562103000705, -32.031387648982673 ] } },
{ "type": "Feature", "properties": { "Label": "PRS/03-0007.00132", "ENDEREÇO": "RIO GRANDE, RS, Rua Marechal Floriano Peixoto, 172", "COMPLEMENT": null, "Tipologia": "Arquitetura Eclética", "Nome": null }, "geometry": { "type": "Point", "coordinates": [ -52.091517399999987, -32.0311934 ] } },
{ "type": "Feature", "properties": { "Label": "PRS/03-0007.00133", "ENDEREÇO": "RIO GRANDE, RS, Rua Marechal Floriano Peixoto, 175", "COMPLEMENT": "175/177", "Tipologia": "Arquitetura Eclética", "Nome": null }, "geometry": { "type": "Point", "coordinates": [ -52.0916074, -32.0313549 ] } },
{ "type": "Feature", "properties": { "Label": "PRS/03-0007.00134", "ENDEREÇO": "RIO GRANDE, RS, Rua Marechal Floriano Peixoto, 197", "COMPLEMENT": "197/201", "Tipologia": "8- Arquitetura Mista", "Nome": "Secretaria Municipal da Fazenda" }, "geometry": { "type": "Point", "coordinates": [ -52.092156104968495, -32.031302661358424 ] } },
{ "type": "Feature", "properties": { "Label": "PRS/03-0007.00135", "ENDEREÇO": "RIO GRANDE, RS, Rua Marechal Floriano Peixoto, 284", "COMPLEMENT": "284/286/288", "Tipologia": "Arquitetura Eclética", "Nome": "Sindicato dos Despachantes Aduaneiros" }, "geometry": { "type": "Point", "coordinates": [ -52.093747644919731, -32.030902873259613 ] } },
{ "type": "Feature", "properties": { "Label": "PRS/03-0007.00136", "ENDEREÇO": "RIO GRANDE, RS, Rua Marechal Floriano Peixoto, 287", "COMPLEMENT": "287/289", "Tipologia": "8- Arquitetura Mista", "Nome": null }, "geometry": { "type": "Point", "coordinates": [ -52.094216606500076, -32.031152570945345 ] } },
{ "type": "Feature", "properties": { "Label": "PRS/03-0007.00137", "ENDEREÇO": "RIO GRANDE, RS, Rua Marechal Floriano Peixoto, 367", "COMPLEMENT": null, "Tipologia": "Arquitetura Mista", "Nome": null }, "geometry": { "type": "Point", "coordinates": [ -52.095590276009176, -32.03109532975062 ] } },
{ "type": "Feature", "properties": { "Label": "PRS/03-0007.00138", "ENDEREÇO": "RIO GRANDE, RS, Rua Marechal Floriano Peixoto, 387", "COMPLEMENT": null, "Tipologia": "Arquitetura Eclética", "Nome": null }, "geometry": { "type": "Point", "coordinates": [ -52.095950788477793, -32.031105094473496 ] } },
{ "type": "Feature", "properties": { "Label": "PRS/03-0007.00139", "ENDEREÇO": "RIO GRANDE, RS, Rua Marechal Floriano Peixoto, 415", "COMPLEMENT": null, "Tipologia": "Arquitetura Eclética", "Nome": null }, "geometry": { "type": "Point", "coordinates": [ -52.096683576799876, -32.031101796452646 ] } },
{ "type": "Feature", "properties": { "Label": "PRS/03-0007.00140", "ENDEREÇO": "RIO GRANDE, RS, Rua Marechal Floriano Peixoto, 431", "COMPLEMENT": null, "Tipologia": "Arquitetura Eclética", "Nome": "Antigo Jockey Clube" }, "geometry": { "type": "Point", "coordinates": [ -52.096968615772155, -32.031081103904427 ] } },
{ "type": "Feature", "properties": { "Label": "PRS/03-0007.00141", "ENDEREÇO": "RIO GRANDE, RS, Rua Marechal Floriano Peixoto, 441", "COMPLEMENT": null, "Tipologia": "6- Arquitetura Civil Privada", "Nome": null }, "geometry": { "type": "Point", "coordinates": [ -52.097207898117212, -32.031110930637503 ] } },
{ "type": "Feature", "properties": { "Label": "PRS/03-0007.00142", "ENDEREÇO": "RIO GRANDE, RS, Rua Marechal Floriano Peixoto, 458", "COMPLEMENT": null, "Tipologia": "Arquitetura Eclética", "Nome": null }, "geometry": { "type": "Point", "coordinates": [ -52.0980237, -32.0308421 ] } },
{ "type": "Feature", "properties": { "Label": "PRS/03-0007.00143", "ENDEREÇO": "RIO GRANDE, RS, Rua Marechal Floriano Peixoto, 459", "COMPLEMENT": "461", "Tipologia": "6- Arquitetura Civil Privada", "Nome": null }, "geometry": { "type": "Point", "coordinates": [ -52.0980406, -32.0310212 ] } },
{ "type": "Feature", "properties": { "Label": "PRS/03-0007.00144", "ENDEREÇO": "RIO GRANDE, RS, Rua Marechal Floriano Peixoto, 470", "COMPLEMENT": null, "Tipologia": "Arquitetura Eclética", "Nome": "Clube Caixeral" }, "geometry": { "type": "Point", "coordinates": [ -52.098221, -32.0306616 ] } },
{ "type": "Feature", "properties": { "Label": "PRS/03-0007.00145", "ENDEREÇO": "RIO GRANDE, RS, Rua Marechal Floriano Peixoto, 479", "COMPLEMENT": "479/481/483", "Tipologia": "Arquitetura Eclética", "Nome": null }, "geometry": { "type": "Point", "coordinates": [ -52.098496256485184, -32.031045690322522 ] } },
{ "type": "Feature", "properties": { "Label": "PRS/03-0007.00146", "ENDEREÇO": "RIO GRANDE, RS, Rua Marechal Floriano Peixoto, 482", "COMPLEMENT": "482/484/486/488", "Tipologia": "6- Arquitetura Civil Privada", "Nome": null }, "geometry": { "type": "Point", "coordinates": [ -52.0985543, -32.0308501 ] } },
{ "type": "Feature", "properties": { "Label": "PRS/03-0007.00147", "ENDEREÇO": "RIO GRANDE, RS, Rua Marechal Floriano Peixoto, 485", "COMPLEMENT": null, "Tipologia": "6- Arquitetura Civil Privada", "Nome": "Bolo de noiva" }, "geometry": { "type": "Point", "coordinates": [ -52.098605681250007, -32.031073027066711 ] } },
{ "type": "Feature", "properties": { "Label": "PRS/03-0007.00148", "ENDEREÇO": "RIO GRANDE, RS, Rua Marechal Floriano Peixoto, 518", "COMPLEMENT": null, "Tipologia": "6- Arquitetura Civil Privada", "Nome": "Ministério Público Federal" }, "geometry": { "type": "Point", "coordinates": [ -52.099505099999988, -32.0309564 ] } },
{ "type": "Feature", "properties": { "Label": "PRS/03-0007.00149", "ENDEREÇO": "RIO GRANDE, RS, Rua Marechal Floriano Peixoto, 554", "COMPLEMENT": null, "Tipologia": "6- Arquitetura Civil Privada", "Nome": null }, "geometry": { "type": "Point", "coordinates": [ -52.100034, -32.031169 ] } },
{ "type": "Feature", "properties": { "Label": "PRS/03-0007.00150", "ENDEREÇO": "RIO GRANDE, RS, Rua Marechal Floriano Peixoto, 560", "COMPLEMENT": null, "Tipologia": "6- Arquitetura Civil Privada", "Nome": null }, "geometry": { "type": "Point", "coordinates": [ -52.1003165, -32.0310524 ] } },
{ "type": "Feature", "properties": { "Label": "PRS/03-0007.00151", "ENDEREÇO": "RIO GRANDE, RS, Rua Marechal Floriano Peixoto, 565", "COMPLEMENT": null, "Tipologia": "6- Arquitetura Civil Privada", "Nome": null }, "geometry": { "type": "Point", "coordinates": [ -52.1000473, -32.0313759 ] } },
{ "type": "Feature", "properties": { "Label": "PRS/03-0007.00152", "ENDEREÇO": "RIO GRANDE, RS, Rua Marechal Floriano Peixoto, 582", "COMPLEMENT": null, "Tipologia": "6- Arquitetura Civil Privada", "Nome": null }, "geometry": { "type": "Point", "coordinates": [ -52.100969, -32.0313852 ] } },
{ "type": "Feature", "properties": { "Label": "PRS/03-0007.00153", "ENDEREÇO": "RIO GRANDE, RS, Rua Marechal Floriano Peixoto, 593", "COMPLEMENT": null, "Tipologia": "Arquitetura Eclética", "Nome": null }, "geometry": { "type": "Point", "coordinates": [ -52.1007431, -32.031615 ] } },
{ "type": "Feature", "properties": { "Label": "PRS/03-0007.00154", "ENDEREÇO": "RIO GRANDE, RS, Rua Marechal Floriano Peixoto", "COMPLEMENT": "sem nº", "Tipologia": "1- Arquitetura Religiosa", "Nome": "Capela São Francisco de Assis" }, "geometry": { "type": "Point", "coordinates": [ -52.097389191969441, -32.031132459864288 ] } },
{ "type": "Feature", "properties": { "Label": "PRS/03-0007.00155", "ENDEREÇO": "RIO GRANDE, RS, Rua Marechal Floriano Peixoto, 188", "COMPLEMENT": null, "Tipologia": "Arquitetura Eclética", "Nome": null }, "geometry": { "type": "Point", "coordinates": [ -52.0918994, -32.031133 ] } },
{ "type": "Feature", "properties": { "Label": "PRS/03-0007.00156", "ENDEREÇO": "RIO GRANDE, RS, Rua Marechal Floriano Peixoto, 371", "COMPLEMENT": null, "Tipologia": "6- Arquitetura Civil Privada", "Nome": null }, "geometry": { "type": "Point", "coordinates": [ -52.0956357, -32.0311036 ] } },
{ "type": "Feature", "properties": { "Label": "PRS/03-0007.00157", "ENDEREÇO": "RIO GRANDE, RS, Rua Marechal Floriano Peixoto, 413", "COMPLEMENT": null, "Tipologia": "Arquitetura Eclética", "Nome": "Antiga Estação de Bondes" }, "geometry": { "type": "Point", "coordinates": [ -52.096621557101223, -32.031134229926138 ] } },
{ "type": "Feature", "properties": { "Label": "PRS/03-0007.00158", "ENDEREÇO": "RIO GRANDE, RS, Rua Marechal Floriano Peixoto, 498", "COMPLEMENT": null, "Tipologia": "6- Arquitetura Civil Privada", "Nome": "Pacotão" }, "geometry": { "type": "Point", "coordinates": [ -52.0989185, -32.0306485 ] } },
{ "type": "Feature", "properties": { "Label": "PRS/03-0007.00159", "ENDEREÇO": "RIO GRANDE, RS, Rua Marechal Floriano Peixoto, 112", "COMPLEMENT": null, "Tipologia": "9- Arquitetura Comercial", "Nome": "Paris Hotel" }, "geometry": { "type": "Point", "coordinates": [ -52.0904614, -32.0313367 ] } },
{ "type": "Feature", "properties": { "Label": "PRS/03-0007.00160", "ENDEREÇO": "RIO GRANDE, RS, Rua Marechal Floriano Peixoto, 510", "COMPLEMENT": null, "Tipologia": "6- Arquitetura Civil Privada", "Nome": null }, "geometry": { "type": "Point", "coordinates": [ -52.0993453, -32.0307952 ] } },
{ "type": "Feature", "properties": { "Label": "PRS/03-0007.00161", "ENDEREÇO": "RIO GRANDE, RS, Rua Marechal Floriano Peixoto, 512", "COMPLEMENT": "516", "Tipologia": "6- Arquitetura Civil Privada", "Nome": null }, "geometry": { "type": "Point", "coordinates": [ -52.099407288765036, -32.030906213157188 ] } },
{ "type": "Feature", "properties": { "Label": "PRS/03-0007.00162", "ENDEREÇO": "RIO GRANDE, RS, Rua Marechal Floriano Peixoto, 580", "COMPLEMENT": null, "Tipologia": "6- Arquitetura Civil Privada", "Nome": null }, "geometry": { "type": "Point", "coordinates": [ -52.100926, -32.0314099 ] } },
{ "type": "Feature", "properties": { "Label": "PRS/03-0007.00163", "ENDEREÇO": "RIO GRANDE, RS, Rua Marechal Floriano Peixoto, 300", "COMPLEMENT": null, "Tipologia": "3- Arquitetura Civil Oficial", "Nome": "Alfândega" }, "geometry": { "type": "Point", "coordinates": [ -52.09469346562112, -32.030355533739062 ] } },
{ "type": "Feature", "properties": { "Label": "PRS/03-0007.00164", "ENDEREÇO": "RIO GRANDE, RS, Rua Marechal Floriano Peixoto, 587", "COMPLEMENT": null, "Tipologia": "6- Arquitetura Civil Privada", "Nome": null }, "geometry": { "type": "Point", "coordinates": [ -52.1005826, -32.031541 ] } },
{ "type": "Feature", "properties": { "Label": "PRS/03-0007.00165", "ENDEREÇO": "RIO GRANDE, RS, Rua Francisco Campelo, 457", "COMPLEMENT": null, "Tipologia": "6- Arquitetura Civil Privada", "Nome": null }, "geometry": { "type": "Point", "coordinates": [ -52.097870099999987, -32.0293269 ] } },
{ "type": "Feature", "properties": { "Label": "PRS/03-0007.00166", "ENDEREÇO": "RIO GRANDE, RS, Rua Francisco Marques, 171", "COMPLEMENT": null, "Tipologia": "6- Arquitetura Civil Privada", "Nome": null }, "geometry": { "type": "Point", "coordinates": [ -52.090351991658153, -32.033566799889243 ] } },
{ "type": "Feature", "properties": { "Label": "PRS/03-0007.00167", "ENDEREÇO": "RIO GRANDE, RS, Rua Francisco Marques, 178", "COMPLEMENT": null, "Tipologia": "6- Arquitetura Civil Privada", "Nome": "Antiga residência do comerciante Raffaele Anselmi" }, "geometry": { "type": "Point", "coordinates": [ -52.0908083, -32.0337208 ] } },
{ "type": "Feature", "properties": { "Label": "PRS/03-0007.00168", "ENDEREÇO": "RIO GRANDE, RS, Rua Francisco Marques, 244", "COMPLEMENT": null, "Tipologia": "6- Arquitetura Civil Privada", "Nome": null }, "geometry": { "type": "Point", "coordinates": [ -52.0910277, -32.0346256 ] } },
{ "type": "Feature", "properties": { "Label": "PRS/03-0007.00169", "ENDEREÇO": "RIO GRANDE, RS, Rua Francisco Marques, 329", "COMPLEMENT": null, "Tipologia": "6- Arquitetura Civil Privada", "Nome": null }, "geometry": { "type": "Point", "coordinates": [ -52.091078, -32.0360706 ] } },
{ "type": "Feature", "properties": { "Label": "PRS/03-0007.00170", "ENDEREÇO": "RIO GRANDE, RS, Rua Garibaldi, 555", "COMPLEMENT": null, "Tipologia": "8- Arquitetura Mista", "Nome": null }, "geometry": { "type": "Point", "coordinates": [ -52.101161, -32.037719 ] } },
{ "type": "Feature", "properties": { "Label": "PRS/03-0007.00173", "ENDEREÇO": "RIO GRANDE, RS,  Rua Gomes Freire, 653", "COMPLEMENT": null, "Tipologia": "6- Arquitetura Civil Privada", "Nome": null }, "geometry": { "type": "Point", "coordinates": [ -52.1027209, -32.0330835 ] } },
{ "type": "Feature", "properties": { "Label": "PRS/03-0007.00174", "ENDEREÇO": "RIO GRANDE, RS, Rua Capitão Heitor Perdigão", "COMPLEMENT": "sem n°", "Tipologia": "5- Arquitetura Civil Oficial", "Nome": "Museu Oceanográfico do Rio Grande" }, "geometry": { "type": "Point", "coordinates": [ -52.105945888368019, -32.026497864811645 ] } },
{ "type": "Feature", "properties": { "Label": "PRS/03-0007.00197", "ENDEREÇO": "RIO GRANDE, RS, João Alfredo, Rua 363", "COMPLEMENT": null, "Tipologia": "6- Arquitetura Civil Privada", "Nome": null }, "geometry": { "type": "Point", "coordinates": [ -52.0971994, -32.0394064 ] } },
{ "type": "Feature", "properties": { "Label": "PRS/03-0007.00198", "ENDEREÇO": "RIO GRANDE, RS, Rua João Alfredo, 224", "COMPLEMENT": null, "Tipologia": "5- Arquitetura Civil Oficial", "Nome": "Empresa de Materiais Fecais" }, "geometry": { "type": "Point", "coordinates": [ -52.1013107, -32.038396 ] } },
{ "type": "Feature", "properties": { "Label": "PRS/03-0007.00199", "ENDEREÇO": "RIO GRANDE, RS, Rua João Alfredo, 367", "COMPLEMENT": null, "Tipologia": "6- Arquitetura Civil Privada", "Nome": null }, "geometry": { "type": "Point", "coordinates": [ -52.097289, -32.039382 ] } },
{ "type": "Feature", "properties": { "Label": "PRS/03-0007.00200", "ENDEREÇO": "RIO GRANDE, RS, Rua João Alfredo, 371", "COMPLEMENT": null, "Tipologia": "6- Arquitetura Civil Privada", "Nome": null }, "geometry": { "type": "Point", "coordinates": [ -52.097406500000012, -32.039365 ] } },
{ "type": "Feature", "properties": { "Label": "PRS/03-0007.00201", "ENDEREÇO": "RIO GRANDE, RS, Rua João Alfredo, 375", "COMPLEMENT": null, "Tipologia": "6- Arquitetura Civil Privada", "Nome": null }, "geometry": { "type": "Point", "coordinates": [ -52.0974445, -32.0393363 ] } },
{ "type": "Feature", "properties": { "Label": "PRS/03-0007.00202", "ENDEREÇO": "RIO GRANDE, RS, Rua João Alfredo, 379", "COMPLEMENT": null, "Tipologia": "6- Arquitetura Civil Privada", "Nome": null }, "geometry": { "type": "Point", "coordinates": [ -52.0975323, -32.0393112 ] } },
{ "type": "Feature", "properties": { "Label": "PRS/03-0007.00203", "ENDEREÇO": "RIO GRANDE, RS, Rua João Alfredo, 383", "COMPLEMENT": null, "Tipologia": "6- Arquitetura Civil Privada", "Nome": null }, "geometry": { "type": "Point", "coordinates": [ -52.0976276, -32.0392812 ] } },
{ "type": "Feature", "properties": { "Label": "PRS/03-0007.00204", "ENDEREÇO": "RIO GRANDE, RS, Rua João Alfredo, 387", "COMPLEMENT": null, "Tipologia": "6- Arquitetura Civil Privada", "Nome": null }, "geometry": { "type": "Point", "coordinates": [ -52.0977014, -32.0392789 ] } },
{ "type": "Feature", "properties": { "Label": "PRS/03-0007.00205", "ENDEREÇO": "RIO GRANDE, RS, Rua João Alfredo, 391", "COMPLEMENT": null, "Tipologia": "6- Arquitetura Civil Privada", "Nome": null }, "geometry": { "type": "Point", "coordinates": [ -52.0977902, -32.0392884 ] } },
{ "type": "Feature", "properties": { "Label": "PRS/03-0007.00206", "ENDEREÇO": "RIO GRANDE, RS, Rua João Alfredo, 395", "COMPLEMENT": null, "Tipologia": "6- Arquitetura Civil Privada", "Nome": null }, "geometry": { "type": "Point", "coordinates": [ -52.0978916, -32.0392504 ] } },
{ "type": "Feature", "properties": { "Label": "PRS/03-0007.00207", "ENDEREÇO": "RIO GRANDE, RS, Rua João Alfredo, 399", "COMPLEMENT": null, "Tipologia": "6- Arquitetura Civil Privada", "Nome": null }, "geometry": { "type": "Point", "coordinates": [ -52.0979655, -32.039257 ] } },
{ "type": "Feature", "properties": { "Label": "PRS/03-0007.00208", "ENDEREÇO": "RIO GRANDE, RS, Rua João Alfredo, 562", "COMPLEMENT": null, "Tipologia": "6- Arquitetura Civil Privada", "Nome": null }, "geometry": { "type": "Point", "coordinates": [ -52.1016465, -32.0385395 ] } },
{ "type": "Feature", "properties": { "Label": "PRS/03-0007.00209", "ENDEREÇO": "RIO GRANDE, RS, Rua João Alfredo, 485", "COMPLEMENT": null, "Tipologia": "6- Arquitetura Civil Privada", "Nome": null }, "geometry": { "type": "Point", "coordinates": [ -52.100293099999988, -32.0387599 ] } },
{ "type": "Feature", "properties": { "Label": "PRS/03-0007.00233", "ENDEREÇO": "RIO GRANDE, RS, Rua Luiz Loréa, 267", "COMPLEMENT": null, "Tipologia": "6- Arquitetura Civil Privada", "Nome": null }, "geometry": { "type": "Point", "coordinates": [ -52.093990899999987, -32.032901 ] } },
{ "type": "Feature", "properties": { "Label": "PRS/03-0007.00234", "ENDEREÇO": "RIO GRANDE, RS, Rua Luiz Loréa,355", "COMPLEMENT": null, "Tipologia": "6- Arquitetura Civil Privada", "Nome": null }, "geometry": { "type": "Point", "coordinates": [ -52.095509877933843, -32.032694701621487 ] } },
{ "type": "Feature", "properties": { "Label": "PRS/03-0007.00235", "ENDEREÇO": "RIO GRANDE, RS, Rua Luiz Loréa, 368", "COMPLEMENT": null, "Tipologia": "6- Arquitetura Civil Privada", "Nome": null }, "geometry": { "type": "Point", "coordinates": [ -52.095723974251321, -32.032384902930495 ] } },
{ "type": "Feature", "properties": { "Label": "PRS/03-0007.00236", "ENDEREÇO": "RIO GRANDE, RS, Rua Luiz Loréa, 369", "COMPLEMENT": null, "Tipologia": "6- Arquitetura Civil Privada", "Nome": null }, "geometry": { "type": "Point", "coordinates": [ -52.0959257, -32.032629 ] } },
{ "type": "Feature", "properties": { "Label": "PRS/03-0007.00237", "ENDEREÇO": "RIO GRANDE, RS, Rua Luiz Loréa, 405", "COMPLEMENT": null, "Tipologia": "6- Arquitetura Civil Privada", "Nome": null }, "geometry": { "type": "Point", "coordinates": [ -52.0969222, -32.0324441 ] } },
{ "type": "Feature", "properties": { "Label": "PRS/03-0007.00238", "ENDEREÇO": "RIO GRANDE, RS, Rua Luiz Loréa, 581", "COMPLEMENT": null, "Tipologia": "6- Arquitetura Civil Privada", "Nome": "Casarão Trajano Lopes" }, "geometry": { "type": "Point", "coordinates": [ -52.10097883350501, -32.031713448920698 ] } },
{ "type": "Feature", "properties": { "Label": "PRS/03-0007.00239", "ENDEREÇO": "RIO GRANDE, RS, Rua Luiz Loréa, 227", "COMPLEMENT": null, "Tipologia": "6- Arquitetura Civil Privada", "Nome": null }, "geometry": { "type": "Point", "coordinates": [ -52.0930185, -32.0330151 ] } },
{ "type": "Feature", "properties": { "Label": "PRS/03-0007.00240", "ENDEREÇO": "RIO GRANDE, RS, Rua Luiz Loréa, 309", "COMPLEMENT": null, "Tipologia": "6- Arquitetura Civil Privada", "Nome": null }, "geometry": { "type": "Point", "coordinates": [ -52.094840899999987, -32.032732 ] } },
{ "type": "Feature", "properties": { "Label": "PRS/03-0007.00241", "ENDEREÇO": "RIO GRANDE, RS, Rua Luiz Loréa, 377", "COMPLEMENT": "377/377A", "Tipologia": "6- Arquitetura Civil Privada", "Nome": null }, "geometry": { "type": "Point", "coordinates": [ -52.0960094, -32.0324988 ] } },
{ "type": "Feature", "properties": { "Label": "PRS/03-0007.00242", "ENDEREÇO": "RIO GRANDE, RS, Rua Luiz Loréa", "COMPLEMENT": "s/nº", "Tipologia": "9- Arquitetura Comercial", "Nome": "Abrigolândia" }, "geometry": { "type": "Point", "coordinates": [ -52.098794740934842, -32.032113272366637 ] } },
{ "type": "Feature", "properties": { "Label": "PRS/03-0007.00243", "ENDEREÇO": "RIO GRANDE, RS, Rua Moron, 335", "COMPLEMENT": null, "Tipologia": "6- Arquitetura Civil Privada", "Nome": null }, "geometry": { "type": "Point", "coordinates": [ -52.1054391, -32.0346208 ] } },
{ "type": "Feature", "properties": { "Label": "PRS/03-0007.00244", "ENDEREÇO": "RIO GRANDE, RS, Rua Moron, 341", "COMPLEMENT": null, "Tipologia": "6- Arquitetura Civil Privada", "Nome": null }, "geometry": { "type": "Point", "coordinates": [ -52.1055151, -32.0346461 ] } },
{ "type": "Feature", "properties": { "Label": "PRS/03-0007.00245", "ENDEREÇO": "RIO GRANDE, RS, Rua Moron, 345", "COMPLEMENT": null, "Tipologia": "6- Arquitetura Civil Privada", "Nome": null }, "geometry": { "type": "Point", "coordinates": [ -52.105458, -32.034708 ] } },
{ "type": "Feature", "properties": { "Label": "PRS/03-0007.00246", "ENDEREÇO": "RIO GRANDE, RS, Rua Moron, 549", "COMPLEMENT": null, "Tipologia": "4- Arquitetura Militar", "Nome": "Quartel do Exército" }, "geometry": { "type": "Point", "coordinates": [ -52.103293099999988, -32.0383374 ] } },
{ "type": "Feature", "properties": { "Label": "PRS/03-0007.00247", "ENDEREÇO": "RIO GRANDE, RS, Rua Doutor Napoleão Laureano, 335", "COMPLEMENT": null, "Tipologia": "6- Arquitetura Civil Privada", "Nome": null }, "geometry": { "type": "Point", "coordinates": [ -52.093294507770914, -32.035837178473287 ] } },
{ "type": "Feature", "properties": { "Label": "PRS/03-0007.00248", "ENDEREÇO": "RIO GRANDE, RS, Rua Doutor Napoleão Laureano, 355", "COMPLEMENT": null, "Tipologia": "6- Arquitetura Civil Privada", "Nome": null }, "geometry": { "type": "Point", "coordinates": [ -52.093440400000013, -32.0363532 ] } },
{ "type": "Feature", "properties": { "Label": "PRS/03-0007.00249", "ENDEREÇO": "RIO GRANDE, RS, Rua Doutor Nascimento, 224", "COMPLEMENT": null, "Tipologia": "6- Arquitetura Civil Privada", "Nome": "Colégio Lemos Júnior" }, "geometry": { "type": "Point", "coordinates": [ -52.0940307, -32.0368351 ] } },
{ "type": "Feature", "properties": { "Label": "PRS/03-0007.00250", "ENDEREÇO": "RIO GRANDE, RS, Rua Doutor Nascimento, 503", "COMPLEMENT": null, "Tipologia": "6- Arquitetura Civil Privada", "Nome": null }, "geometry": { "type": "Point", "coordinates": [ -52.1001646, -32.0360748 ] } },
{ "type": "Feature", "properties": { "Label": "PRS/03-0007.00251", "ENDEREÇO": "RIO GRANDE, RS, Rua Doutor Nascimento, 743", "COMPLEMENT": null, "Tipologia": "6- Arquitetura Civil Privada", "Nome": null }, "geometry": { "type": "Point", "coordinates": [ -52.1046628, -32.0358495 ] } },
{ "type": "Feature", "properties": { "Label": "PRS/03-0007.00252", "ENDEREÇO": "RIO GRANDE, RS, Rua Doutor Nascimento, 249", "COMPLEMENT": null, "Tipologia": "6- Arquitetura Civil Privada", "Nome": "Antigo Cine Teatro Glória" }, "geometry": { "type": "Point", "coordinates": [ -52.094175112872954, -32.037049296039335 ] } },
{ "type": "Feature", "properties": { "Label": "PRS/03-0007.00253", "ENDEREÇO": "RIO GRANDE, RS, Rua Doutor Nascimento, 501", "COMPLEMENT": null, "Tipologia": "6- Arquitetura Civil Privada", "Nome": null }, "geometry": { "type": "Point", "coordinates": [ -52.100068, -32.0359397 ] } },
{ "type": "Feature", "properties": { "Label": "PRS/03-0007.00254", "ENDEREÇO": "RIO GRANDE, RS, Rua General Netto, 8", "COMPLEMENT": null, "Tipologia": "Arquitetura Eclética", "Nome": "Hotel Portugal" }, "geometry": { "type": "Point", "coordinates": [ -52.097701887987192, -32.029523340452258 ] } },
{ "type": "Feature", "properties": { "Label": "PRS/03-0007.00255", "ENDEREÇO": "RIO GRANDE, RS, Rua General Netto, 115", "COMPLEMENT": null, "Tipologia": "5- Arquitetura Civil Oficial", "Nome": "Correios e telégrafos" }, "geometry": { "type": "Point", "coordinates": [ -52.09761948007074, -32.03194840264721 ] } },
{ "type": "Feature", "properties": { "Label": "PRS/03-0007.00256", "ENDEREÇO": "RIO GRANDE, RS, Rua General Netto, 223", "COMPLEMENT": null, "Tipologia": "Arquitetura Eclética", "Nome": null }, "geometry": { "type": "Point", "coordinates": [ -52.098044350748587, -32.033221347034278 ] } },
{ "type": "Feature", "properties": { "Label": "PRS/03-0007.00257", "ENDEREÇO": "RIO GRANDE, RS, Rua General Netto, 263", "COMPLEMENT": null, "Tipologia": "Arquitetura Eclética", "Nome": null }, "geometry": { "type": "Point", "coordinates": [ -52.0982196, -32.0337896 ] } },
{ "type": "Feature", "properties": { "Label": "PRS/03-0007.00258", "ENDEREÇO": "RIO GRANDE, RS, Rua General Netto, 398", "COMPLEMENT": null, "Tipologia": "6- Arquitetura Civil Privada", "Nome": null }, "geometry": { "type": "Point", "coordinates": [ -52.099012599999988, -32.0358795 ] } },
{ "type": "Feature", "properties": { "Label": "PRS/03-0007.00259", "ENDEREÇO": "RIO GRANDE, RS, Rua General Netto, 382", "COMPLEMENT": null, "Tipologia": "1- Arquitetura Religiosa", "Nome": "Igreja do Salvador" }, "geometry": { "type": "Point", "coordinates": [ -52.0989638, -32.0353879 ] } },
{ "type": "Feature", "properties": { "Label": "PRS/03-0007.00260", "ENDEREÇO": "RIO GRANDE, RS, Rua General Netto, 382", "COMPLEMENT": "382A", "Tipologia": "1- Arquitetura Religiosa", "Nome": "Igreja do Salvador (salão paroq./casa de hóspedes)" }, "geometry": { "type": "Point", "coordinates": [ -52.098993338307118, -32.035577710308466 ] } },
{ "type": "Feature", "properties": { "Label": "PRS/03-0007.00261", "ENDEREÇO": "RIO GRANDE, RS, Rua General Osório, 430", "COMPLEMENT": null, "Tipologia": "6- Arquitetura Civil Privada", "Nome": "Câmara do Comércio" }, "geometry": { "type": "Point", "coordinates": [ -52.095352299999988, -32.0298737 ] } },
{ "type": "Feature", "properties": { "Label": "PRS/03-0007.00262", "ENDEREÇO": "RIO GRANDE, RS, Rua General Osório, 443", "COMPLEMENT": null, "Tipologia": "Arquitetura Neoclássica", "Nome": "Mercado Municipal" }, "geometry": { "type": "Point", "coordinates": [ -52.096329362016597, -32.029823158679513 ] } },
{ "type": "Feature", "properties": { "Label": "PRS/03-0007.00263", "ENDEREÇO": "RIO GRANDE, RS, Rua General Osório, 450", "COMPLEMENT": null, "Tipologia": "Arquitetura Colonial", "Nome": "Banca do Peixe" }, "geometry": { "type": "Point", "coordinates": [ -52.09695989977655, -32.029701805458018 ] } },
{ "type": "Feature", "properties": { "Label": "PRS/03-0007.00264", "ENDEREÇO": "RIO GRANDE, RS, Rua General Osório, 454", "COMPLEMENT": null, "Tipologia": "6- Arquitetura Civil Privada", "Nome": "Biblioteca Rio Grandense" }, "geometry": { "type": "Point", "coordinates": [ -52.097345399999988, -32.029881 ] } },
{ "type": "Feature", "properties": { "Label": "PRS/03-0007.00265", "ENDEREÇO": "RIO GRANDE, RS, Rua General Osório, 468", "COMPLEMENT": "468/470", "Tipologia": "6- Arquitetura Civil Privada", "Nome": null }, "geometry": { "type": "Point", "coordinates": [ -52.0981574, -32.0298654 ] } },
{ "type": "Feature", "properties": { "Label": "PRS/03-0007.00266", "ENDEREÇO": "RIO GRANDE, RS, Rua General Osório, 471", "COMPLEMENT": null, "Tipologia": "6- Arquitetura Civil Privada", "Nome": "Ferragem F. A. Nader" }, "geometry": { "type": "Point", "coordinates": [ -52.098235, -32.0301244 ] } },
{ "type": "Feature", "properties": { "Label": "PRS/03-0007.00267", "ENDEREÇO": "RIO GRANDE, RS, Rua General Osório, 472", "COMPLEMENT": null, "Tipologia": "6- Arquitetura Civil Privada", "Nome": null }, "geometry": { "type": "Point", "coordinates": [ -52.0982853, -32.0298359 ] } },
{ "type": "Feature", "properties": { "Label": "PRS/03-0007.00268", "ENDEREÇO": "RIO GRANDE, RS, Rua General Osório, 473", "COMPLEMENT": null, "Tipologia": "Arquitetura Eclética", "Nome": "Casa Nader" }, "geometry": { "type": "Point", "coordinates": [ -52.0983785, -32.0302046 ] } },
{ "type": "Feature", "properties": { "Label": "PRS/03-0007.00269", "ENDEREÇO": "RIO GRANDE, RS, Rua General Osório, 512", "COMPLEMENT": null, "Tipologia": "5- Arquitetura Civil Oficial", "Nome": "Polícia Federal" }, "geometry": { "type": "Point", "coordinates": [ -52.09957330000001, -32.0297514 ] } },
{ "type": "Feature", "properties": { "Label": "PRS/03-0007.00270", "ENDEREÇO": "RIO GRANDE, RS, Rua General Osório, 625", "COMPLEMENT": null, "Tipologia": "2- Arquitetura Hospitalar", "Nome": "Santa Casa de Misericórdia" }, "geometry": { "type": "Point", "coordinates": [ -52.1025503, -32.0307789 ] } },
{ "type": "Feature", "properties": { "Label": "PRS/03-0007.00271", "ENDEREÇO": "RIO GRANDE, RS, Rua General Osório, 548", "COMPLEMENT": null, "Tipologia": "6- Arquitetura Civil Privada", "Nome": "Antiga Usina do Gasômetro" }, "geometry": { "type": "Point", "coordinates": [ -52.100198199999987, -32.0297471 ] } },
{ "type": "Feature", "properties": { "Label": "PRS/03-0007.00272", "ENDEREÇO": "RIO GRANDE, RS, Rua Conselheiro Pinto Lima, 51", "COMPLEMENT": null, "Tipologia": "6- Arquitetura Civil Privada", "Nome": null }, "geometry": { "type": "Point", "coordinates": [ -52.099122, -32.0310095 ] } },
{ "type": "Feature", "properties": { "Label": "PRS/03-0007.00273", "ENDEREÇO": "RIO GRANDE, RS, Rua Conde de Porto Alegre, 296", "COMPLEMENT": null, "Tipologia": "1- Arquitetura Religiosa", "Nome": "Maçonaria" }, "geometry": { "type": "Point", "coordinates": [ -52.094631, -32.0339673 ] } },
{ "type": "Feature", "properties": { "Label": "PRS/03-0007.00274", "ENDEREÇO": "RIO GRANDE, RS, Rua Conde de Porto Alegre, 298", "COMPLEMENT": null, "Tipologia": "6- Arquitetura Civil Privada", "Nome": null }, "geometry": { "type": "Point", "coordinates": [ -52.094755500000012, -32.0340324 ] } },
{ "type": "Feature", "properties": { "Label": "PRS/03-0007.00275", "ENDEREÇO": "RIO GRANDE, RS, Rua Conde de Porto Alegre, 409", "COMPLEMENT": null, "Tipologia": "6- Arquitetura Civil Privada", "Nome": null }, "geometry": { "type": "Point", "coordinates": [ -52.0973724, -32.0337567 ] } },
{ "type": "Feature", "properties": { "Label": "PRS/03-0007.00277", "ENDEREÇO": "RIO GRANDE, RS, Rua República do Líbano, 330", "COMPLEMENT": null, "Tipologia": "6- Arquitetura Civil Privada", "Nome": null }, "geometry": { "type": "Point", "coordinates": [ -52.0949653, -32.0320327 ] } },
{ "type": "Feature", "properties": { "Label": "PRS/03-0007.00278", "ENDEREÇO": "RIO GRANDE, RS, Avenida Rheingantz, 4", "COMPLEMENT": null, "Tipologia": "6- Arquitetura Civil Privada", "Nome": null }, "geometry": { "type": "Point", "coordinates": [ -52.102900899999987, -32.0415961 ] } },
{ "type": "Feature", "properties": { "Label": "PRS/03-0007.00279", "ENDEREÇO": "RIO GRANDE, RS, Avenida Rheingantz, 6", "COMPLEMENT": null, "Tipologia": "6- Arquitetura Civil Privada", "Nome": null }, "geometry": { "type": "Point", "coordinates": [ -52.102980099999989, -32.0416683 ] } },
{ "type": "Feature", "properties": { "Label": "PRS/03-0007.00280", "ENDEREÇO": "RIO GRANDE, RS, Avenida Rheingantz, 46", "COMPLEMENT": null, "Tipologia": "6- Arquitetura Civil Privada", "Nome": null }, "geometry": { "type": "Point", "coordinates": [ -52.1035204, -32.0421556 ] } },
{ "type": "Feature", "properties": { "Label": "PRS/03-0007.00281", "ENDEREÇO": "RIO GRANDE, RS, Avenida Rheingantz, 51", "COMPLEMENT": null, "Tipologia": "6- Arquitetura Civil Privada", "Nome": null }, "geometry": { "type": "Point", "coordinates": [ -52.103230024594303, -32.042346987080428 ] } },
{ "type": "Feature", "properties": { "Label": "PRS/03-0007.00282", "ENDEREÇO": "RIO GRANDE, RS, Avenida Rheingantz, 60", "COMPLEMENT": null, "Tipologia": "6- Arquitetura Civil Privada", "Nome": null }, "geometry": { "type": "Point", "coordinates": [ -52.103541759065948, -32.042265147338831 ] } },
{ "type": "Feature", "properties": { "Label": "PRS/03-0007.00283", "ENDEREÇO": "RIO GRANDE, RS, Avenida Rheingantz, 62", "COMPLEMENT": null, "Tipologia": "6- Arquitetura Civil Privada", "Nome": null }, "geometry": { "type": "Point", "coordinates": [ -52.103575478697778, -32.042296953667339 ] } },
{ "type": "Feature", "properties": { "Label": "PRS/03-0007.00284", "ENDEREÇO": "RIO GRANDE, RS, Avenida Rheingantz, 64", "COMPLEMENT": null, "Tipologia": "6- Arquitetura Civil Privada", "Nome": null }, "geometry": { "type": "Point", "coordinates": [ -52.1036139, -32.0423272 ] } },
{ "type": "Feature", "properties": { "Label": "PRS/03-0007.00285", "ENDEREÇO": "RIO GRANDE, RS, Avenida Rheingantz, 66", "COMPLEMENT": null, "Tipologia": "6- Arquitetura Civil Privada", "Nome": null }, "geometry": { "type": "Point", "coordinates": [ -52.103670677469381, -32.042378843776206 ] } },
{ "type": "Feature", "properties": { "Label": "PRS/03-0007.00286", "ENDEREÇO": "RIO GRANDE, RS, Avenida Rheingantz, 68", "COMPLEMENT": null, "Tipologia": "6- Arquitetura Civil Privada", "Nome": null }, "geometry": { "type": "Point", "coordinates": [ -52.103713122789145, -32.042413043321005 ] } },
{ "type": "Feature", "properties": { "Label": "PRS/03-0007.00287", "ENDEREÇO": "RIO GRANDE, RS, Avenida Rheingantz, 70", "COMPLEMENT": null, "Tipologia": "6- Arquitetura Civil Privada", "Nome": null }, "geometry": { "type": "Point", "coordinates": [ -52.1038377, -32.0424422 ] } },
{ "type": "Feature", "properties": { "Label": "PRS/03-0007.00288", "ENDEREÇO": "RIO GRANDE, RS, Avenida Rheingantz, 61", "COMPLEMENT": null, "Tipologia": "6- Arquitetura Civil Privada", "Nome": null }, "geometry": { "type": "Point", "coordinates": [ -52.1034234, -32.042563 ] } },
{ "type": "Feature", "properties": { "Label": "PRS/03-0007.00289", "ENDEREÇO": "RIO GRANDE, RS, Avenida Rheingantz, 79", "COMPLEMENT": null, "Tipologia": "6- Arquitetura Civil Privada", "Nome": null }, "geometry": { "type": "Point", "coordinates": [ -52.1036513, -32.0427377 ] } },
{ "type": "Feature", "properties": { "Label": "PRS/03-0007.00290", "ENDEREÇO": "RIO GRANDE, RS,  Avenida Rheingantz,102", "COMPLEMENT": null, "Tipologia": "6- Arquitetura Civil Privada", "Nome": null }, "geometry": { "type": "Point", "coordinates": [ -52.104219699999987, -32.0428843 ] } },
{ "type": "Feature", "properties": { "Label": "PRS/03-0007.00291", "ENDEREÇO": "RIO GRANDE, RS, Avenida Rheingantz, 104", "COMPLEMENT": null, "Tipologia": "6- Arquitetura Civil Privada", "Nome": null }, "geometry": { "type": "Point", "coordinates": [ -52.104293399999989, -32.0429055 ] } },
{ "type": "Feature", "properties": { "Label": "PRS/03-0007.00292", "ENDEREÇO": "RIO GRANDE, RS, Avenida Rheingantz, 108", "COMPLEMENT": null, "Tipologia": "6- Arquitetura Civil Privada", "Nome": null }, "geometry": { "type": "Point", "coordinates": [ -52.104348699999989, -32.0429721 ] } },
{ "type": "Feature", "properties": { "Label": "PRS/03-0007.00293", "ENDEREÇO": "RIO GRANDE, RS, Avenida Rheingantz, 112", "COMPLEMENT": null, "Tipologia": "6- Arquitetura Civil Privada", "Nome": null }, "geometry": { "type": "Point", "coordinates": [ -52.1043673, -32.0430032 ] } },
{ "type": "Feature", "properties": { "Label": "PRS/03-0007.00294", "ENDEREÇO": "RIO GRANDE, RS, Avenida Rheingantz, 116", "COMPLEMENT": null, "Tipologia": "6- Arquitetura Civil Privada", "Nome": null }, "geometry": { "type": "Point", "coordinates": [ -52.1044384, -32.0430132 ] } },
{ "type": "Feature", "properties": { "Label": "PRS/03-0007.00295", "ENDEREÇO": "RIO GRANDE, RS, Avenida Rheingantz, 120", "COMPLEMENT": null, "Tipologia": "6- Arquitetura Civil Privada", "Nome": null }, "geometry": { "type": "Point", "coordinates": [ -52.1044879, -32.0430591 ] } },
{ "type": "Feature", "properties": { "Label": "PRS/03-0007.00296", "ENDEREÇO": "RIO GRANDE, RS, Avenida Rheingantz, 124", "COMPLEMENT": null, "Tipologia": "6- Arquitetura Civil Privada", "Nome": null }, "geometry": { "type": "Point", "coordinates": [ -52.104524399999988, -32.043102 ] } },
{ "type": "Feature", "properties": { "Label": "PRS/03-0007.00297", "ENDEREÇO": "RIO GRANDE, RS, Avenida Rheingantz, 128", "COMPLEMENT": null, "Tipologia": "6- Arquitetura Civil Privada", "Nome": null }, "geometry": { "type": "Point", "coordinates": [ -52.1046041, -32.0431472 ] } },
{ "type": "Feature", "properties": { "Label": "PRS/03-0007.00298", "ENDEREÇO": "RIO GRANDE, RS, Avenida Rheingantz, 130", "COMPLEMENT": null, "Tipologia": "6- Arquitetura Civil Privada", "Nome": null }, "geometry": { "type": "Point", "coordinates": [ -52.1047686, -32.0431783 ] } },
{ "type": "Feature", "properties": { "Label": "PRS/03-0007.00299", "ENDEREÇO": "RIO GRANDE, RS, Avenida Rheingantz, 131", "COMPLEMENT": null, "Tipologia": "6- Arquitetura Civil Privada", "Nome": null }, "geometry": { "type": "Point", "coordinates": [ -52.10447639811818, -32.043489260801437 ] } },
{ "type": "Feature", "properties": { "Label": "PRS/03-0007.00300", "ENDEREÇO": "RIO GRANDE, RS, Avenida Rheingantz, 133", "COMPLEMENT": null, "Tipologia": "6- Arquitetura Civil Privada", "Nome": null }, "geometry": { "type": "Point", "coordinates": [ -52.104534841032716, -32.043530629084565 ] } },
{ "type": "Feature", "properties": { "Label": "PRS/03-0007.00301", "ENDEREÇO": "RIO GRANDE, RS, Avenida Rheingantz, 135", "COMPLEMENT": null, "Tipologia": "6- Arquitetura Civil Privada", "Nome": null }, "geometry": { "type": "Point", "coordinates": [ -52.104574006562274, -32.043575156556464 ] } },
{ "type": "Feature", "properties": { "Label": "PRS/03-0007.00302", "ENDEREÇO": "RIO GRANDE, RS, Avenida Rheingantz, 137", "COMPLEMENT": null, "Tipologia": "6- Arquitetura Civil Privada", "Nome": null }, "geometry": { "type": "Point", "coordinates": [ -52.104623598924178, -32.043610619416782 ] } },
{ "type": "Feature", "properties": { "Label": "PRS/03-0007.00303", "ENDEREÇO": "RIO GRANDE, RS, Avenida Rheingantz, 139", "COMPLEMENT": null, "Tipologia": "6- Arquitetura Civil Privada", "Nome": "Vila dos Operários" }, "geometry": { "type": "Point", "coordinates": [ -52.1046796, -32.0436411 ] } },
{ "type": "Feature", "properties": { "Label": "PRS/03-0007.00304", "ENDEREÇO": "RIO GRANDE, RS, Avenida Rheingantz, 141", "COMPLEMENT": null, "Tipologia": "6- Arquitetura Civil Privada", "Nome": "Vila dos Operários" }, "geometry": { "type": "Point", "coordinates": [ -52.1047184, -32.0436787 ] } },
{ "type": "Feature", "properties": { "Label": "PRS/03-0007.00305", "ENDEREÇO": "RIO GRANDE, RS, Avenida Rheingantz, 143", "COMPLEMENT": null, "Tipologia": "6- Arquitetura Civil Privada", "Nome": "Vila dos Operários" }, "geometry": { "type": "Point", "coordinates": [ -52.104737521024205, -32.043698284693122 ] } },
{ "type": "Feature", "properties": { "Label": "PRS/03-0007.00306", "ENDEREÇO": "RIO GRANDE, RS, Avenida Rheingantz, 145", "COMPLEMENT": null, "Tipologia": "6- Arquitetura Civil Privada", "Nome": "Vila dos Operários" }, "geometry": { "type": "Point", "coordinates": [ -52.104774199999987, -32.043725 ] } },
{ "type": "Feature", "properties": { "Label": "PRS/03-0007.00307", "ENDEREÇO": "RIO GRANDE, RS, Avenida Rheingantz, 147", "COMPLEMENT": null, "Tipologia": "6- Arquitetura Civil Privada", "Nome": "Vila dos Operários" }, "geometry": { "type": "Point", "coordinates": [ -52.1048017, -32.0437535 ] } },
{ "type": "Feature", "properties": { "Label": "PRS/03-0007.00308", "ENDEREÇO": "RIO GRANDE, RS, Avenida Rheingantz, 149", "COMPLEMENT": null, "Tipologia": "6- Arquitetura Civil Privada", "Nome": "Vila dos Operários" }, "geometry": { "type": "Point", "coordinates": [ -52.104823791174574, -32.043769988150544 ] } },
{ "type": "Feature", "properties": { "Label": "PRS/03-0007.00309", "ENDEREÇO": "RIO GRANDE, RS, Avenida Rheingantz, 151", "COMPLEMENT": null, "Tipologia": "6- Arquitetura Civil Privada", "Nome": "Vila dos Operários" }, "geometry": { "type": "Point", "coordinates": [ -52.1047829, -32.0438374 ] } },
{ "type": "Feature", "properties": { "Label": "PRS/03-0007.00310", "ENDEREÇO": "RIO GRANDE, RS, Avenida Rheingantz, 153", "COMPLEMENT": null, "Tipologia": "6- Arquitetura Civil Privada", "Nome": "Vila dos Operários" }, "geometry": { "type": "Point", "coordinates": [ -52.1048862, -32.043828 ] } },
{ "type": "Feature", "properties": { "Label": "PRS/03-0007.00311", "ENDEREÇO": "RIO GRANDE, RS, Avenida Rheingantz, 157", "COMPLEMENT": null, "Tipologia": "6- Arquitetura Civil Privada", "Nome": "Vila dos Operários" }, "geometry": { "type": "Point", "coordinates": [ -52.1049182, -32.0438538 ] } },
{ "type": "Feature", "properties": { "Label": "PRS/03-0007.00312", "ENDEREÇO": "RIO GRANDE, RS, Avenida Rheingantz, 161", "COMPLEMENT": null, "Tipologia": "6- Arquitetura Civil Privada", "Nome": "Vila dos Operários" }, "geometry": { "type": "Point", "coordinates": [ -52.1049148, -32.0439204 ] } },
{ "type": "Feature", "properties": { "Label": "PRS/03-0007.00313", "ENDEREÇO": "RIO GRANDE, RS, Avenida Rheingantz, 165", "COMPLEMENT": null, "Tipologia": "6- Arquitetura Civil Privada", "Nome": "Vila dos Operários" }, "geometry": { "type": "Point", "coordinates": [ -52.1050052, -32.0439433 ] } },
{ "type": "Feature", "properties": { "Label": "PRS/03-0007.00314", "ENDEREÇO": "RIO GRANDE, RS, Avenida Rheingantz, 167", "COMPLEMENT": null, "Tipologia": "6- Arquitetura Civil Privada", "Nome": "Vila dos Operários" }, "geometry": { "type": "Point", "coordinates": [ -52.105027548490327, -32.043964341161519 ] } },
{ "type": "Feature", "properties": { "Label": "PRS/03-0007.00315", "ENDEREÇO": "RIO GRANDE, RS, Avenida Rheingantz, 171", "COMPLEMENT": null, "Tipologia": "6- Arquitetura Civil Privada", "Nome": "Vila dos Operários" }, "geometry": { "type": "Point", "coordinates": [ -52.105065125462588, -32.043999408425861 ] } },
{ "type": "Feature", "properties": { "Label": "PRS/03-0007.00316", "ENDEREÇO": "RIO GRANDE, RS, Avenida Rheingantz, 173", "COMPLEMENT": null, "Tipologia": "6- Arquitetura Civil Privada", "Nome": "Vila dos Operários" }, "geometry": { "type": "Point", "coordinates": [ -52.1050876, -32.0440576 ] } },
{ "type": "Feature", "properties": { "Label": "PRS/03-0007.00317", "ENDEREÇO": "RIO GRANDE, RS, Avenida Rheingantz, 175", "COMPLEMENT": null, "Tipologia": "6- Arquitetura Civil Privada", "Nome": "Vila dos Operários" }, "geometry": { "type": "Point", "coordinates": [ -52.10513830912749, -32.044068310866763 ] } },
{ "type": "Feature", "properties": { "Label": "PRS/03-0007.00318", "ENDEREÇO": "RIO GRANDE, RS, Avenida Rheingantz, 177", "COMPLEMENT": null, "Tipologia": "6- Arquitetura Civil Privada", "Nome": "Vila dos Operários" }, "geometry": { "type": "Point", "coordinates": [ -52.1051982, -32.0440948 ] } },
{ "type": "Feature", "properties": { "Label": "PRS/03-0007.00319", "ENDEREÇO": "RIO GRANDE, RS, Avenida Rheingantz, 179", "COMPLEMENT": null, "Tipologia": "6- Arquitetura Civil Privada", "Nome": "Vila dos Operários" }, "geometry": { "type": "Point", "coordinates": [ -52.1052105, -32.0441227 ] } },
{ "type": "Feature", "properties": { "Label": "PRS/03-0007.00320", "ENDEREÇO": "RIO GRANDE, RS, Avenida Rheingantz, 197", "COMPLEMENT": null, "Tipologia": "6- Arquitetura Civil Privada", "Nome": "Vila dos Operários" }, "geometry": { "type": "Point", "coordinates": [ -52.1052842, -32.0441878 ] } },
{ "type": "Feature", "properties": { "Label": "PRS/03-0007.00321", "ENDEREÇO": "RIO GRANDE, RS, Avenida Rheingantz, 188", "COMPLEMENT": null, "Tipologia": "6- Arquitetura Civil Privada", "Nome": "Grupo Escolar Comendador Rheingantz" }, "geometry": { "type": "Point", "coordinates": [ -52.10578896367381, -32.044146362229206 ] } },
{ "type": "Feature", "properties": { "Label": "PRS/03-0007.00322", "ENDEREÇO": "RIO GRANDE, RS, Avenida Rheingantz, 194", "COMPLEMENT": null, "Tipologia": "6- Arquitetura Civil Privada", "Nome": "Cassino dos Mestres" }, "geometry": { "type": "Point", "coordinates": [ -52.106024088521082, -32.044423992660796 ] } },
{ "type": "Feature", "properties": { "Label": "PRS/03-0007.00324", "ENDEREÇO": "RIO GRANDE, RS, Avenida Rheingantz, 166", "COMPLEMENT": null, "Tipologia": "6- Arquitetura Civil Privada", "Nome": null }, "geometry": { "type": "Point", "coordinates": [ -52.1052773, -32.0437151 ] } },
{ "type": "Feature", "properties": { "Label": "PRS/03-0007.00325", "ENDEREÇO": "RIO GRANDE, RS, Avenida Rheingantz, 176", "COMPLEMENT": null, "Tipologia": "6- Arquitetura Civil Privada", "Nome": "Jardim de Infância" }, "geometry": { "type": "Point", "coordinates": [ -52.1054221, -32.0439074 ] } },
{ "type": "Feature", "properties": { "Label": "PRS/03-0007.00332", "ENDEREÇO": "RIO GRANDE, RS, Avenida Rheingantz, 201", "COMPLEMENT": null, "Tipologia": "7- Arquitetura Rural ou Industrial", "Nome": null }, "geometry": { "type": "Point", "coordinates": [ -52.104070509310574, -32.045241489485583 ] } },
{ "type": "Feature", "properties": { "Label": "PRS/03-0007.00333", "ENDEREÇO": "RIO GRANDE, RS, Avenida Rheingantz, 201", "COMPLEMENT": null, "Tipologia": "7- Arquitetura Rural ou Industrial", "Nome": null }, "geometry": { "type": "Point", "coordinates": [ -52.104401015598931, -32.044850657524051 ] } },
{ "type": "Feature", "properties": { "Label": "PRS/03-0007.00334", "ENDEREÇO": "RIO GRANDE, RS, Corredor Rheingantz, 199", "COMPLEMENT": null, "Tipologia": "6- Arquitetura Civil Privada", "Nome": "Ambulatório/Vila dos Operários" }, "geometry": { "type": "Point", "coordinates": [ -52.105043042404937, -32.044400957559844 ] } },
{ "type": "Feature", "properties": { "Label": "PRS/03-0007.00335", "ENDEREÇO": "RIO GRANDE, RS, Corredor Rheingantz, 199", "COMPLEMENT": "Casa 1", "Tipologia": "6- Arquitetura Civil Privada", "Nome": "Vila dos Operários" }, "geometry": { "type": "Point", "coordinates": [ -52.104891302408049, -32.044337980763913 ] } },
{ "type": "Feature", "properties": { "Label": "PRS/03-0007.00336", "ENDEREÇO": "RIO GRANDE, RS, Corredor Rheingantz, 199", "COMPLEMENT": "Casa 2", "Tipologia": "6- Arquitetura Civil Privada", "Nome": "Vila dos Operários" }, "geometry": { "type": "Point", "coordinates": [ -52.104856590572844, -32.044317316097164 ] } },
{ "type": "Feature", "properties": { "Label": "PRS/03-0007.00337", "ENDEREÇO": "RIO GRANDE, RS, Corredor Rheingantz, 199", "COMPLEMENT": "Casa 3", "Tipologia": "6- Arquitetura Civil Privada", "Nome": "Vila dos Operários" }, "geometry": { "type": "Point", "coordinates": [ -52.104831758035445, -32.04429936094693 ] } },
{ "type": "Feature", "properties": { "Label": "PRS/03-0007.00338", "ENDEREÇO": "RIO GRANDE, RS, Corredor Rheingantz, 199", "COMPLEMENT": "Casa 4", "Tipologia": "6- Arquitetura Civil Privada", "Nome": "Vila dos Operários" }, "geometry": { "type": "Point", "coordinates": [ -52.104805234186841, -32.04427722709098 ] } },
{ "type": "Feature", "properties": { "Label": "PRS/03-0007.00339", "ENDEREÇO": "RIO GRANDE, RS, Corredor Rheingantz, 199", "COMPLEMENT": "Casa 5", "Tipologia": "6- Arquitetura Civil Privada", "Nome": "Vila dos Operários" }, "geometry": { "type": "Point", "coordinates": [ -52.104783666779269, -32.044257845661427 ] } },
{ "type": "Feature", "properties": { "Label": "PRS/03-0007.00340", "ENDEREÇO": "RIO GRANDE, RS, Corredor Rheingantz, 199", "COMPLEMENT": "Casa 6", "Tipologia": "6- Arquitetura Civil Privada", "Nome": "Vila dos Operários" }, "geometry": { "type": "Point", "coordinates": [ -52.104752236896402, -32.044237152363095 ] } },
{ "type": "Feature", "properties": { "Label": "PRS/03-0007.00341", "ENDEREÇO": "RIO GRANDE, RS, Corredor Rheingantz, 199", "COMPLEMENT": "Casa 7", "Tipologia": "6- Arquitetura Civil Privada", "Nome": "Vila dos Operários" }, "geometry": { "type": "Point", "coordinates": [ -52.104719166078809, -32.044216473356499 ] } },
{ "type": "Feature", "properties": { "Label": "PRS/03-0007.00342", "ENDEREÇO": "RIO GRANDE, RS, Corredor Rheingantz, 199", "COMPLEMENT": "Casa 8", "Tipologia": "6- Arquitetura Civil Privada", "Nome": "Vila dos Operários" }, "geometry": { "type": "Point", "coordinates": [ -52.10468775301289, -32.044197177708696 ] } },
{ "type": "Feature", "properties": { "Label": "PRS/03-0007.00343", "ENDEREÇO": "RIO GRANDE, RS, Corredor Rheingantz, 199", "COMPLEMENT": "Casa 9", "Tipologia": "6- Arquitetura Civil Privada", "Nome": "Vila dos Operários" }, "geometry": { "type": "Point", "coordinates": [ -52.10466124601632, -32.044176441488133 ] } },
{ "type": "Feature", "properties": { "Label": "PRS/03-0007.00344", "ENDEREÇO": "RIO GRANDE, RS, Corredor Rheingantz, 199", "COMPLEMENT": "Casa 10", "Tipologia": "6- Arquitetura Civil Privada", "Nome": "Vila dos Operários" }, "geometry": { "type": "Point", "coordinates": [ -52.104629749038146, -32.044150157488609 ] } },
{ "type": "Feature", "properties": { "Label": "PRS/03-0007.00345", "ENDEREÇO": "RIO GRANDE, RS, Corredor Rheingantz, 199", "COMPLEMENT": "Casa 11", "Tipologia": "6- Arquitetura Civil Privada", "Nome": "Vila dos Operários" }, "geometry": { "type": "Point", "coordinates": [ -52.104603242068173, -32.044129421255171 ] } },
{ "type": "Feature", "properties": { "Label": "PRS/03-0007.00346", "ENDEREÇO": "RIO GRANDE, RS, Corredor Rheingantz, 199", "COMPLEMENT": "Casa 12", "Tipologia": "6- Arquitetura Civil Privada", "Nome": "Vila dos Operários" }, "geometry": { "type": "Point", "coordinates": [ -52.104575110949902, -32.044110096981221 ] } },
{ "type": "Feature", "properties": { "Label": "PRS/03-0007.00347", "ENDEREÇO": "RIO GRANDE, RS, Corredor Rheingantz, 199", "COMPLEMENT": "Casa 13", "Tipologia": "6- Arquitetura Civil Privada", "Nome": "Vila dos Operários" }, "geometry": { "type": "Point", "coordinates": [ -52.104556775163871, -32.044086493912445 ] } },
{ "type": "Feature", "properties": { "Label": "PRS/03-0007.00348", "ENDEREÇO": "RIO GRANDE, RS, Corredor Rheingantz, 199", "COMPLEMENT": "Casa 14", "Tipologia": "6- Arquitetura Civil Privada", "Nome": "Vila dos Operários" }, "geometry": { "type": "Point", "coordinates": [ -52.104526986336289, -32.044065786257505 ] } },
{ "type": "Feature", "properties": { "Label": "PRS/03-0007.00349", "ENDEREÇO": "RIO GRANDE, RS, Corredor Rheingantz, 199", "COMPLEMENT": "Casa 15", "Tipologia": "6- Arquitetura Civil Privada", "Nome": "Vila dos Operários" }, "geometry": { "type": "Point", "coordinates": [ -52.104492190757433, -32.044038133148888 ] } },
{ "type": "Feature", "properties": { "Label": "PRS/03-0007.00350", "ENDEREÇO": "RIO GRANDE, RS, Corredor Rheingantz, 199", "COMPLEMENT": "Casa 16", "Tipologia": "6- Arquitetura Civil Privada", "Nome": "Vila dos Operários" }, "geometry": { "type": "Point", "coordinates": [ -52.104450814633708, -32.044009139548223 ] } },
{ "type": "Feature", "properties": { "Label": "PRS/03-0007.00351", "ENDEREÇO": "RIO GRANDE, RS, Corredor Rheingantz, 199", "COMPLEMENT": "Casa 17", "Tipologia": "6- Arquitetura Civil Privada", "Nome": "Vila dos Operários" }, "geometry": { "type": "Point", "coordinates": [ -52.104414394938523, -32.043982898380804 ] } },
{ "type": "Feature", "properties": { "Label": "PRS/03-0007.00352", "ENDEREÇO": "RIO GRANDE, RS, Corredor Rheingantz, 199", "COMPLEMENT": "Casa 18", "Tipologia": "6- Arquitetura Civil Privada", "Nome": "Vila dos Operários" }, "geometry": { "type": "Point", "coordinates": [ -52.104376351103291, -32.043958069165228 ] } },
{ "type": "Feature", "properties": { "Label": "PRS/03-0007.00353", "ENDEREÇO": "RIO GRANDE, RS, Corredor Rheingantz, 199", "COMPLEMENT": "Casa 19", "Tipologia": "6- Arquitetura Civil Privada", "Nome": "Vila dos Operários" }, "geometry": { "type": "Point", "coordinates": [ -52.10432760758718, -32.043930537518762 ] } },
{ "type": "Feature", "properties": { "Label": "PRS/03-0007.00354", "ENDEREÇO": "RIO GRANDE, RS, Corredor Rheingantz, 199", "COMPLEMENT": "Casa 20", "Tipologia": "6- Arquitetura Civil Privada", "Nome": "Vila dos Operários" }, "geometry": { "type": "Point", "coordinates": [ -52.104243239651609, -32.044021808076458 ] } },
{ "type": "Feature", "properties": { "Label": "PRS/03-0007.00355", "ENDEREÇO": "RIO GRANDE, RS, Corredor Rheingantz, 199", "COMPLEMENT": "Casa 21", "Tipologia": "6- Arquitetura Civil Privada", "Nome": "Vila dos Operários" }, "geometry": { "type": "Point", "coordinates": [ -52.104297372461062, -32.044053385619961 ] } },
{ "type": "Feature", "properties": { "Label": "PRS/03-0007.00356", "ENDEREÇO": "RIO GRANDE, RS, Corredor Rheingantz, 199", "COMPLEMENT": "Casa 22", "Tipologia": "6- Arquitetura Civil Privada", "Nome": "Vila dos Operários" }, "geometry": { "type": "Point", "coordinates": [ -52.10434066407592, -32.044077426847593 ] } },
{ "type": "Feature", "properties": { "Label": "PRS/03-0007.00357", "ENDEREÇO": "RIO GRANDE, RS, Corredor Rheingantz, 199", "COMPLEMENT": "Casa 23", "Tipologia": "6- Arquitetura Civil Privada", "Nome": "Vila dos Operários" }, "geometry": { "type": "Point", "coordinates": [ -52.104380537430863, -32.044115233161158 ] } },
{ "type": "Feature", "properties": { "Label": "PRS/03-0007.00358", "ENDEREÇO": "RIO GRANDE, RS, Corredor Rheingantz, 199", "COMPLEMENT": "Casa 24", "Tipologia": "6- Arquitetura Civil Privada", "Nome": "Vila dos Operários" }, "geometry": { "type": "Point", "coordinates": [ -52.104418545914143, -32.044146951120773 ] } },
{ "type": "Feature", "properties": { "Label": "PRS/03-0007.00359", "ENDEREÇO": "RIO GRANDE, RS, Corredor Rheingantz, 199", "COMPLEMENT": "Casa 25", "Tipologia": "6- Arquitetura Civil Privada", "Nome": "Vila dos Operários" }, "geometry": { "type": "Point", "coordinates": [ -52.104460174283048, -32.044181689824548 ] } },
{ "type": "Feature", "properties": { "Label": "PRS/03-0007.00360", "ENDEREÇO": "RIO GRANDE, RS, Corredor Rheingantz, 199", "COMPLEMENT": "Casa 26", "Tipologia": "6- Arquitetura Civil Privada", "Nome": "Vila dos Operários" }, "geometry": { "type": "Point", "coordinates": [ -52.104507122515905, -32.04421180372298 ] } },
{ "type": "Feature", "properties": { "Label": "PRS/03-0007.00361", "ENDEREÇO": "RIO GRANDE, RS, Corredor Rheingantz, 199", "COMPLEMENT": "Casa 27", "Tipologia": "6- Arquitetura Civil Privada", "Nome": "Vila dos Operários" }, "geometry": { "type": "Point", "coordinates": [ -52.104552279174449, -32.044241933213655 ] } },
{ "type": "Feature", "properties": { "Label": "PRS/03-0007.00362", "ENDEREÇO": "RIO GRANDE, RS, Corredor Rheingantz, 199", "COMPLEMENT": "Casa 28", "Tipologia": "6- Arquitetura Civil Privada", "Nome": "Vila dos Operários" }, "geometry": { "type": "Point", "coordinates": [ -52.10459564425701, -32.044272078298498 ] } },
{ "type": "Feature", "properties": { "Label": "PRS/03-0007.00363", "ENDEREÇO": "RIO GRANDE, RS, Corredor Rheingantz, 199", "COMPLEMENT": "Casa 29", "Tipologia": "6- Arquitetura Civil Privada", "Nome": "Vila dos Operários" }, "geometry": { "type": "Point", "coordinates": [ -52.104635352839765, -32.044296150642701 ] } },
{ "type": "Feature", "properties": { "Label": "PRS/03-0007.00364", "ENDEREÇO": "RIO GRANDE, RS, Corredor Rheingantz, 199", "COMPLEMENT": "Casa 30", "Tipologia": "6- Arquitetura Civil Privada", "Nome": "Vila dos Operários" }, "geometry": { "type": "Point", "coordinates": [ -52.104680527911007, -32.044327806072481 ] } },
{ "type": "Feature", "properties": { "Label": "PRS/03-0007.00365", "ENDEREÇO": "RIO GRANDE, RS, Corredor Rheingantz, 199", "COMPLEMENT": "Casa 31", "Tipologia": "6- Arquitetura Civil Privada", "Nome": "Vila dos Operários" }, "geometry": { "type": "Point", "coordinates": [ -52.104719450719109, -32.044361042117451 ] } },
{ "type": "Feature", "properties": { "Label": "PRS/03-0007.00366", "ENDEREÇO": "RIO GRANDE, RS, Corredor Rheingantz, 199", "COMPLEMENT": "Casa 32", "Tipologia": "6- Arquitetura Civil Privada", "Nome": "Vila dos Operários" }, "geometry": { "type": "Point", "coordinates": [ -52.104761042635673, -32.04439272874253 ] } },
{ "type": "Feature", "properties": { "Label": "PRS/03-0007.00367", "ENDEREÇO": "RIO GRANDE, RS, Corredor Rheingantz, 199", "COMPLEMENT": "Casa 33", "Tipologia": "6- Arquitetura Civil Privada", "Nome": "Vila dos Operários" }, "geometry": { "type": "Point", "coordinates": [ -52.104804407857102, -32.044422873752133 ] } },
{ "type": "Feature", "properties": { "Label": "PRS/03-0007.00368", "ENDEREÇO": "RIO GRANDE, RS, Corredor Rheingantz, 199", "COMPLEMENT": "Casa 34", "Tipologia": "6- Arquitetura Civil Privada", "Nome": "Vila dos Operários" }, "geometry": { "type": "Point", "coordinates": [ -52.104851392989815, -32.044456039490555 ] } },
{ "type": "Feature", "properties": { "Label": "PRS/03-0007.00369", "ENDEREÇO": "RIO GRANDE, RS, Corredor Rheingantz, 199", "COMPLEMENT": "Casa 35", "Tipologia": "6- Arquitetura Civil Privada", "Nome": "Vila dos Operários" }, "geometry": { "type": "Point", "coordinates": [ -52.104922035757667, -32.04451952194583 ] } },
{ "type": "Feature", "properties": { "Label": "PRS/03-0007.00370", "ENDEREÇO": "RIO GRANDE, RS, Corredor Rheingantz, 199", "COMPLEMENT": "Casa 36", "Tipologia": "6- Arquitetura Civil Privada", "Nome": "Vila dos Operários" }, "geometry": { "type": "Point", "coordinates": [ -52.104867302501397, -32.04458714944662 ] } },
{ "type": "Feature", "properties": { "Label": "PRS/03-0007.00371", "ENDEREÇO": "RIO GRANDE, RS, Corredor Rheingantz, 199", "COMPLEMENT": "Casa 37", "Tipologia": "6- Arquitetura Civil Privada", "Nome": "Vila dos Operários" }, "geometry": { "type": "Point", "coordinates": [ -52.104817559025051, -32.044622684356703 ] } },
{ "type": "Feature", "properties": { "Label": "PRS/03-0007.00372", "ENDEREÇO": "RIO GRANDE, RS, Corredor Rheingantz, 199", "COMPLEMENT": "Casa 38", "Tipologia": "6- Arquitetura Civil Privada", "Nome": "Vila dos Operários" }, "geometry": { "type": "Point", "coordinates": [ -52.104766353863873, -32.044685702626374 ] } },
{ "type": "Feature", "properties": { "Label": "PRS/03-0007.00373", "ENDEREÇO": "RIO GRANDE, RS, Corredor Rheingantz, 199", "COMPLEMENT": "Casa 39", "Tipologia": "6- Arquitetura Civil Privada", "Nome": "Vila dos Operários" }, "geometry": { "type": "Point", "coordinates": [ -52.104722076791276, -32.044728820594081 ] } },
{ "type": "Feature", "properties": { "Label": "PRS/03-0007.00374", "ENDEREÇO": "RIO GRANDE, RS, Rua Riachuelo", "COMPLEMENT": null, "Tipologia": "3- Arquitetura Civil Oficial", "Nome": "Cais do Porto Velho" }, "geometry": { "type": "Point", "coordinates": [ -52.0915477, -32.030311 ] } },
{ "type": "Feature", "properties": { "Label": "PRS/03-0007.00375", "ENDEREÇO": "RIO GRANDE, RS, Rua Riachuelo", "COMPLEMENT": null, "Tipologia": "3- Arquitetura Civil Oficial", "Nome": "Armazéns do Porto Velho" }, "geometry": { "type": "Point", "coordinates": [ -52.092195300131451, -32.029989680425295 ] } },
{ "type": "Feature", "properties": { "Label": "PRS/03-0007.00376", "ENDEREÇO": "RIO GRANDE, RS, Rua Riachuelo, 21", "COMPLEMENT": null, "Tipologia": "8- Arquitetura Mista", "Nome": null }, "geometry": { "type": "Point", "coordinates": [ -52.089049061841855, -32.031017773702466 ] } },
{ "type": "Feature", "properties": { "Label": "PRS/03-0007.00377", "ENDEREÇO": "RIO GRANDE, RS, Rua Riachuelo, 109", "COMPLEMENT": null, "Tipologia": "Arquitetura Eclética", "Nome": null }, "geometry": { "type": "Point", "coordinates": [ -52.0903392, -32.0306429 ] } },
{ "type": "Feature", "properties": { "Label": "PRS/03-0007.00378", "ENDEREÇO": "RIO GRANDE, RS, Rua Riachuelo, 123", "COMPLEMENT": null, "Tipologia": "6- Arquitetura Civil Privada", "Nome": null }, "geometry": { "type": "Point", "coordinates": [ -52.0904479, -32.0307396 ] } },
{ "type": "Feature", "properties": { "Label": "PRS/03-0007.00379", "ENDEREÇO": "RIO GRANDE, RS, Rua Riachuelo, 183", "COMPLEMENT": null, "Tipologia": "Arquitetura Eclética", "Nome": null }, "geometry": { "type": "Point", "coordinates": [ -52.091555137503811, -32.030458350968857 ] } },
{ "type": "Feature", "properties": { "Label": "PRS/03-0007.00380", "ENDEREÇO": "RIO GRANDE, RS, Rua Riachuelo, 197", "COMPLEMENT": null, "Tipologia": "6- Arquitetura Civil Privada", "Nome": null }, "geometry": { "type": "Point", "coordinates": [ -52.091696948921587, -32.030426849188622 ] } },
{ "type": "Feature", "properties": { "Label": "PRS/03-0007.00381", "ENDEREÇO": "RIO GRANDE, RS, R. Riachuelo, 201", "COMPLEMENT": null, "Tipologia": "6- Arquitetura Civil Privada", "Nome": null }, "geometry": { "type": "Point", "coordinates": [ -52.0919386, -32.0303503 ] } },
{ "type": "Feature", "properties": { "Label": "PRS/03-0007.00383", "ENDEREÇO": "RIO GRANDE, RS, Rua Riachuelo, 299", "COMPLEMENT": null, "Tipologia": "6- Arquitetura Civil Privada", "Nome": null }, "geometry": { "type": "Point", "coordinates": [ -52.094042, -32.0299915 ] } },
{ "type": "Feature", "properties": { "Label": "PRS/03-0007.00384", "ENDEREÇO": "RIO GRANDE, RS, Rua Coronel Sampaio, 119", "COMPLEMENT": null, "Tipologia": "6- Arquitetura Civil Privada", "Nome": null }, "geometry": { "type": "Point", "coordinates": [ -52.0892849, -32.0327106 ] } },
{ "type": "Feature", "properties": { "Label": "PRS/03-0007.00385", "ENDEREÇO": "RIO GRANDE, RS, Rua Coronel Sampaio, 244", "COMPLEMENT": null, "Tipologia": "6- Arquitetura Civil Privada", "Nome": null }, "geometry": { "type": "Point", "coordinates": [ -52.0892753, -32.0350914 ] } },
{ "type": "Feature", "properties": { "Label": "PRS/03-0007.00386", "ENDEREÇO": "RIO GRANDE, RS, Praça Sete de Setembro, 187", "COMPLEMENT": null, "Tipologia": "1- Arquitetura Religiosa", "Nome": "Igreja Nossa Senhora da Conceição" }, "geometry": { "type": "Point", "coordinates": [ -52.091352282038272, -32.033542910679131 ] } },
{ "type": "Feature", "properties": { "Label": "PRS/03-0007.00387", "ENDEREÇO": "RIO GRANDE, RS, Praça Sete de Setembro, 189", "COMPLEMENT": null, "Tipologia": "6- Arquitetura Civil Privada", "Nome": null }, "geometry": { "type": "Point", "coordinates": [ -52.091410682329148, -32.033684344265239 ] } },
{ "type": "Feature", "properties": { "Label": "PRS/03-0007.00388", "ENDEREÇO": "RIO GRANDE, RS, Praça Sete de Setembro, 191", "COMPLEMENT": null, "Tipologia": "6- Arquitetura Civil Privada", "Nome": null }, "geometry": { "type": "Point", "coordinates": [ -52.091422677921862, -32.033798997993031 ] } },
{ "type": "Feature", "properties": { "Label": "PRS/03-0007.00389", "ENDEREÇO": "RIO GRANDE, RS, Avenida Silva Paes, 403", "COMPLEMENT": null, "Tipologia": "6- Arquitetura Civil Privada", "Nome": null }, "geometry": { "type": "Point", "coordinates": [ -52.096897658688853, -32.033123166718767 ] } },
{ "type": "Feature", "properties": { "Label": "PRS/03-0007.00390", "ENDEREÇO": "RIO GRANDE, RS, Avenida Silva Paes, 429", "COMPLEMENT": null, "Tipologia": "6- Arquitetura Civil Privada", "Nome": null }, "geometry": { "type": "Point", "coordinates": [ -52.0976136, -32.0330206 ] } },
{ "type": "Feature", "properties": { "Label": "PRS/03-0007.00391", "ENDEREÇO": "RIO GRANDE, RS, Avenida Silva Paes, 425", "COMPLEMENT": null, "Tipologia": "6- Arquitetura Civil Privada", "Nome": null }, "geometry": { "type": "Point", "coordinates": [ -52.0974997, -32.0330282 ] } },
{ "type": "Feature", "properties": { "Label": "PRS/03-0007.00392", "ENDEREÇO": "RIO GRANDE, RS, Avenida Silva Paes, 20", "COMPLEMENT": "B", "Tipologia": "6- Arquitetura Civil Privada", "Nome": null }, "geometry": { "type": "Point", "coordinates": [ -52.088545971985916, -32.034447062360528 ] } },
{ "type": "Feature", "properties": { "Label": "PRS/03-0007.00393", "ENDEREÇO": "RIO GRANDE, RS, Avenida Silva Paes, 55", "COMPLEMENT": null, "Tipologia": "6- Arquitetura Civil Privada", "Nome": null }, "geometry": { "type": "Point", "coordinates": [ -52.089425, -32.0345831 ] } },
{ "type": "Feature", "properties": { "Label": "PRS/03-0007.00394", "ENDEREÇO": "RIO GRANDE, RS, Avenida Silva Paes, 115", "COMPLEMENT": null, "Tipologia": "6- Arquitetura Civil Privada", "Nome": null }, "geometry": { "type": "Point", "coordinates": [ -52.0910883, -32.034321 ] } },
{ "type": "Feature", "properties": { "Label": "PRS/03-0007.00395", "ENDEREÇO": "RIO GRANDE, RS, Avenida Silva Paes, 187", "COMPLEMENT": null, "Tipologia": "6- Arquitetura Civil Privada", "Nome": null }, "geometry": { "type": "Point", "coordinates": [ -52.092701319529823, -32.034002344721038 ] } },
{ "type": "Feature", "properties": { "Label": "PRS/03-0007.00396", "ENDEREÇO": "RIO GRANDE, RS, Avenida Silva Paes, 269", "COMPLEMENT": null, "Tipologia": "6- Arquitetura Civil Privada", "Nome": null }, "geometry": { "type": "Point", "coordinates": [ -52.0940966, -32.0336226 ] } },
{ "type": "Feature", "properties": { "Label": "PRS/03-0007.00397", "ENDEREÇO": "RIO GRANDE, RS, Avenida Silva Paes, 301", "COMPLEMENT": null, "Tipologia": "6- Arquitetura Civil Privada", "Nome": null }, "geometry": { "type": "Point", "coordinates": [ -52.0949523, -32.0334829 ] } },
{ "type": "Feature", "properties": { "Label": "PRS/03-0007.00398", "ENDEREÇO": "RIO GRANDE, RS, Avenida Silva Paes, 363", "COMPLEMENT": null, "Tipologia": "6- Arquitetura Civil Privada", "Nome": null }, "geometry": { "type": "Point", "coordinates": [ -52.095734002222976, -32.033327209373397 ] } },
{ "type": "Feature", "properties": { "Label": "PRS/03-0007.00399", "ENDEREÇO": "RIO GRANDE, RS, Avenida Silva Paes, 380", "COMPLEMENT": null, "Tipologia": "1- Arquitetura Religiosa", "Nome": "Loja Maçônica União Constante" }, "geometry": { "type": "Point", "coordinates": [ -52.0961959, -32.0328714 ] } },
{ "type": "Feature", "properties": { "Label": "PRS/03-0007.00400", "ENDEREÇO": "RIO GRANDE, RS, Avenida Silva Paes, 387", "COMPLEMENT": null, "Tipologia": "6- Arquitetura Civil Privada", "Nome": null }, "geometry": { "type": "Point", "coordinates": [ -52.0963647, -32.0331977 ] } },
{ "type": "Feature", "properties": { "Label": "PRS/03-0007.00401", "ENDEREÇO": "RIO GRANDE, RS, Praça Tamandaré", "COMPLEMENT": null, "Tipologia": "3- Arquitetura Civil Oficial", "Nome": "Coreto da Praça Tamandaré" }, "geometry": { "type": "Point", "coordinates": [ -52.098924310887433, -32.032637605166421 ] } },
{ "type": "Feature", "properties": { "Label": "PRS/03-0007.00402", "ENDEREÇO": "RIO GRANDE, RS, Praça Tamandaré", "COMPLEMENT": null, "Tipologia": "3- Arquitetura Civil Oficial", "Nome": "Praça Tamandaré" }, "geometry": { "type": "Point", "coordinates": [ -52.09922790000001, -32.0335309 ] } },
{ "type": "Feature", "properties": { "Label": "PRS/03-0007.00421", "ENDEREÇO": "RIO GRANDE, RS, Avenida Comendador Vasco Vieira da Fonseca", "COMPLEMENT": null, "Tipologia": "6- Arquitetura Civil Privada", "Nome": "Mirante do Entreposto de Pesca" }, "geometry": { "type": "Point", "coordinates": [ -52.101783595329252, -32.02759519317236 ] } },
{ "type": "Feature", "properties": { "Label": "PRS/03-0007.00422", "ENDEREÇO": "RIO GRANDE, RS, Rua Vinte e Quatro de Maio, 182", "COMPLEMENT": null, "Tipologia": "6- Arquitetura Civil Privada", "Nome": null }, "geometry": { "type": "Point", "coordinates": [ -52.099766930648101, -32.03191963609104 ] } },
{ "type": "Feature", "properties": { "Label": "PRS/03-0007.00423", "ENDEREÇO": "RIO GRANDE, RS, Rua Vinte e Quatro de Maio, 300", "COMPLEMENT": null, "Tipologia": "6- Arquitetura Civil Privada", "Nome": null }, "geometry": { "type": "Point", "coordinates": [ -52.1002785, -32.0340502 ] } },
{ "type": "Feature", "properties": { "Label": "PRS/03-0007.00424", "ENDEREÇO": "RIO GRANDE, RS, Rua Vinte e Quatro de Maio, 404", "COMPLEMENT": null, "Tipologia": "6- Arquitetura Civil Privada", "Nome": null }, "geometry": { "type": "Point", "coordinates": [ -52.100673699999987, -32.0359239 ] } },
{ "type": "Feature", "properties": { "Label": "PRS/03-0007.00425", "ENDEREÇO": "RIO GRANDE, RS, Rua Vinte e Quatro de Maio, 430", "COMPLEMENT": null, "Tipologia": "6- Arquitetura Civil Privada", "Nome": "Casa Isaac Wolf" }, "geometry": { "type": "Point", "coordinates": [ -52.1009891, -32.0364308 ] } },
{ "type": "Feature", "properties": { "Label": "PRS/03-0007.00426", "ENDEREÇO": "RIO GRANDE, RS, Rua Vinte e Quatro de Maio, 459", "COMPLEMENT": null, "Tipologia": "6- Arquitetura Civil Privada", "Nome": "Escultura do Edifício Tonietti" }, "geometry": { "type": "Point", "coordinates": [ -52.100679, -32.0370174 ] } },
{ "type": "Feature", "properties": { "Label": "PRS/03-0007.00427", "ENDEREÇO": "RIO GRANDE, RS, Rua Vinte e Quatro de Maio, 522", "COMPLEMENT": null, "Tipologia": "6- Arquitetura Civil Privada", "Nome": null }, "geometry": { "type": "Point", "coordinates": [ -52.101253899999989, -32.0381428 ] } },
{ "type": "Feature", "properties": { "Label": "PRS/03-0007.00428", "ENDEREÇO": "RIO GRANDE, RS, Rua Vinte e Quatro de Maio, 571", "COMPLEMENT": null, "Tipologia": "6- Arquitetura Civil Privada", "Nome": "Asilo de Pobres" }, "geometry": { "type": "Point", "coordinates": [ -52.1009855, -32.0390551 ] } },
{ "type": "Feature", "properties": { "Label": "PRS/03-0007.00429", "ENDEREÇO": "RIO GRANDE, RS, Rua Vinte e Quatro de Maio, 714", "COMPLEMENT": null, "Tipologia": "6- Arquitetura Civil Privada", "Nome": null }, "geometry": { "type": "Point", "coordinates": [ -52.1022051, -32.0410349 ] } },
{ "type": "Feature", "properties": { "Label": "PRS/03-0007.00430", "ENDEREÇO": "RIO GRANDE, RS, Rua General Vitorino, 441", "COMPLEMENT": null, "Tipologia": "6- Arquitetura Civil Privada", "Nome": "Câmara Municipal do Rio Grande" }, "geometry": { "type": "Point", "coordinates": [ -52.098219, -32.035439 ] } },
{ "type": "Feature", "properties": { "Label": "PRS/03-0007.00431", "ENDEREÇO": "RIO GRANDE, RS, Rua General Vitorino, 481", "COMPLEMENT": null, "Tipologia": "2- Arquitetura Hospitalar", "Nome": "Beneficiência Portuguesa" }, "geometry": { "type": "Point", "coordinates": [ -52.0996726, -32.035265 ] } },
{ "type": "Feature", "properties": { "Label": "PRS/03-0007.00432", "ENDEREÇO": "RIO GRANDE, RS, Rua General Vitorino, 495", "COMPLEMENT": null, "Tipologia": "6- Arquitetura Civil Privada", "Nome": null }, "geometry": { "type": "Point", "coordinates": [ -52.1001177, -32.0349867 ] } },
{ "type": "Feature", "properties": { "Label": "PRS/03-0007.00433", "ENDEREÇO": "RIO GRANDE, RS, Rua General Vitorino, 742", "COMPLEMENT": null, "Tipologia": "6- Arquitetura Civil Privada", "Nome": null }, "geometry": { "type": "Point", "coordinates": [ -52.104758399999987, -32.0347392 ] } },
{ "type": "Feature", "properties": { "Label": "PRS/03-0007.00434", "ENDEREÇO": "RIO GRANDE, RS, Rua General Vitorino, 382", "COMPLEMENT": null, "Tipologia": "6- Arquitetura Civil Privada", "Nome": null }, "geometry": { "type": "Point", "coordinates": [ -52.0967367, -32.0354535 ] } },
{ "type": "Feature", "properties": { "Label": "PRS/03-0007.00435", "ENDEREÇO": "RIO GRANDE, RS, Rua Zalony, 63", "COMPLEMENT": null, "Tipologia": "8- Arquitetura Mista", "Nome": null }, "geometry": { "type": "Point", "coordinates": [ -52.09440303146927, -32.031394989470769 ] } },
{ "type": "Feature", "properties": { "Label": "PRS/03-0007.00436", "ENDEREÇO": "RIO GRANDE, RS, Rua Zalony, 75", "COMPLEMENT": null, "Tipologia": "8- Arquitetura Mista", "Nome": "Edifício Emília" }, "geometry": { "type": "Point", "coordinates": [ -52.094410436737917, -32.031630899903512 ] } },
{ "type": "Feature", "properties": { "Label": "PRS/03-0007.00437", "ENDEREÇO": "RIO GRANDE, RS, Rua Zalony, 199", "COMPLEMENT": null, "Tipologia": "6- Arquitetura Civil Privada", "Nome": null }, "geometry": { "type": "Point", "coordinates": [ -52.094678822572213, -32.033301539635076 ] } },
{ "type": "Feature", "properties": { "Label": "PRS/03-0007.00438", "ENDEREÇO": "RIO GRANDE, RS, Rua Zalony, 249", "COMPLEMENT": null, "Tipologia": "6- Arquitetura Civil Privada", "Nome": null }, "geometry": { "type": "Point", "coordinates": [ -52.094874528852252, -32.034033325456967 ] } },
{ "type": "Feature", "properties": { "Label": "PRS/03-0007.00439", "ENDEREÇO": "RIO GRANDE, RS, Rua Zalony, 291", "COMPLEMENT": null, "Tipologia": "Arquitetura Eclética", "Nome": null }, "geometry": { "type": "Point", "coordinates": [ -52.0949848, -32.0347337 ] } },
{ "type": "Feature", "properties": { "Label": "PRS/03-0007.00440", "ENDEREÇO": "RIO GRANDE, RS, Rua Zalony, 319", "COMPLEMENT": null, "Tipologia": "6- Arquitetura Civil Privada", "Nome": null }, "geometry": { "type": "Point", "coordinates": [ -52.095167103230274, -32.035171178415425 ] } },
{ "type": "Feature", "properties": { "Label": "PRS/03-0007.00441", "ENDEREÇO": "RIO GRANDE, RS, Rua Zalony, 441", "COMPLEMENT": null, "Tipologia": "6- Arquitetura Civil Privada", "Nome": null }, "geometry": { "type": "Point", "coordinates": [ -52.0957393, -32.0374428 ] } },
{ "type": "Feature", "properties": { "Label": "PRS/03-0007.00499", "ENDEREÇO": "RIO GRANDE, RS, Rua Principal, 4° Secção da Barra", "COMPLEMENT": null, "Tipologia": "1- Arquitetura Religiosa", "Nome": "Igreja Nossa Senhora da Paz" }, "geometry": { "type": "Point", "coordinates": [ -52.107024776689954, -32.145019217092923 ] } },
{ "type": "Feature", "properties": { "Label": "PRS/03-0007.00510", "ENDEREÇO": "RIO GRANDE, RS, Rua General Vitorino, 666", "COMPLEMENT": null, "Tipologia": "Arquitetura Civil Privada", "Nome": null }, "geometry": { "type": "Point", "coordinates": [ -52.1030402, -32.0343506 ] } },
{ "type": "Feature", "properties": { "Label": "PRS/03-0007.00382", "ENDEREÇO": "Rua Riachuelo, 227", "COMPLEMENT": null, "Tipologia": "Arquitetura Eclética", "Nome": null }, "geometry": { "type": "Point", "coordinates": [ -52.092208074951422, -32.030308863848312 ] } }
]
}
