{
"type": "FeatureCollection",
"name": "rio_grande___nivel_da_lagoa_chuva_acumulada_16_05_2024",
"crs": { "type": "name", "properties": { "name": "urn:ogc:def:crs:OGC:1.3:CRS84" } },
"features": [
{ "type": "Feature", "properties": { }, "geometry": { "type": "MultiPolygon", "coordinates": [ [ [ [ -52.076127063332642, -32.050949854411996 ], [ -52.075632891557333, -32.050965244723606 ], [ -52.075115811535554, -32.050805624192073 ], [ -52.074692361100041, -32.050845924115876 ], [ -52.074551612602313, -32.050765324268269 ], [ -52.074240028213595, -32.050803344150147 ], [ -52.074156913477516, -32.050692943492209 ], [ -52.074264840816966, -32.050493375975691 ], [ -52.074221099378526, -32.050405686601671 ], [ -52.073916403395536, -32.050573916358879 ], [ -52.073706990859669, -32.050499981630104 ], [ -52.073603788242373, -32.050289893604948 ], [ -52.073379419044386, -32.050296630853083 ], [ -52.073265714033944, -32.050438281196499 ], [ -52.072909838980635, -32.050443758641023 ], [ -52.072948946219555, -32.050801079774757 ], [ -52.072661407917352, -32.051002391285408 ], [ -52.072541949821165, -32.050986884380173 ], [ -52.07249092697613, -32.050829943567713 ], [ -52.072303799522899, -32.050695258216749 ], [ -52.072171045445366, -32.050713088927836 ], [ -52.071710925851391, -32.052104273863122 ], [ -52.071784596111215, -32.052164086536891 ], [ -52.071978616408281, -32.052097524316238 ], [ -52.072079201903634, -32.052203594302732 ], [ -52.072158414727461, -32.052200066899523 ], [ -52.072324668981317, -32.051731224298877 ], [ -52.072507131490049, -32.05153330286246 ], [ -52.07269340447197, -32.051609514787039 ], [ -52.073061142735497, -32.051609431697251 ], [ -52.073584664303247, -32.051375104499122 ], [ -52.074157818602743, -32.051208623430099 ], [ -52.074826884866695, -32.051236367742732 ], [ -52.075615209833948, -32.051361481183065 ], [ -52.075755693392111, -32.05126442733259 ], [ -52.075836856039167, -32.051111142239762 ], [ -52.076009573661608, -32.051152588903186 ], [ -52.076128172570378, -32.051080989778143 ], [ -52.076127063332642, -32.050949854411996 ] ] ], [ [ [ -52.077148849670962, -32.035369841750864 ], [ -52.077089555194576, -32.035292567684763 ], [ -52.076998367943446, -32.035331041446085 ], [ -52.076586758618816, -32.036436397737567 ], [ -52.07654521792881, -32.036725498091812 ], [ -52.07646642924778, -32.036809462439514 ], [ -52.076379484947203, -32.0372180216307 ], [ -52.07606285960938, -32.038008094765878 ], [ -52.07601639534024, -32.03836037688513 ], [ -52.075780760142756, -32.038854393165742 ], [ -52.075733070964048, -32.039176738286088 ], [ -52.075417596387638, -32.0399332702127 ], [ -52.072959765476554, -32.047317377164354 ], [ -52.072965667883622, -32.047563353880641 ], [ -52.072798565781341, -32.047760676326185 ], [ -52.072756157976443, -32.04802967991472 ], [ -52.072811968924675, -32.048105935339279 ], [ -52.073075831432973, -32.04800504697895 ], [ -52.073094910823286, -32.047697527778084 ], [ -52.073398848876195, -32.047039884935266 ], [ -52.073485222776398, -32.046580660432554 ], [ -52.073882447961829, -32.045548787754562 ], [ -52.074049760853256, -32.044817066255476 ], [ -52.074198634788026, -32.044558571587082 ], [ -52.074267776734395, -32.04422173091524 ], [ -52.07444594641138, -32.044096880359589 ], [ -52.074452771797915, -32.043930428907558 ], [ -52.07452935462377, -32.04381569388039 ], [ -52.074571233711254, -32.0431640776604 ], [ -52.074700622424515, -32.042933841656712 ], [ -52.074694229242525, -32.042711836370671 ], [ -52.074971826163328, -32.042001518263923 ], [ -52.075009064613255, -32.041745618344542 ], [ -52.075534744837753, -32.040551597202999 ], [ -52.07554051889035, -32.040213272471696 ], [ -52.076017869591354, -32.03894913216007 ], [ -52.076225617594993, -32.038117676433941 ], [ -52.076542242932824, -32.03728730337496 ], [ -52.076664483946772, -32.036776412056597 ], [ -52.076904942247047, -32.036239505356086 ], [ -52.077148849670962, -32.035369841750864 ] ] ], [ [ [ -52.07518966512459, -32.046177191211584 ], [ -52.075405188887864, -32.04612629145921 ], [ -52.075412724690594, -32.046013227651727 ], [ -52.075233415963339, -32.04588393196353 ], [ -52.075136394747169, -32.046120939180618 ], [ -52.07518966512459, -32.046177191211584 ] ] ], [ [ [ -52.076803320085808, -32.050825719162383 ], [ -52.076829688492928, -32.050747545041745 ], [ -52.076772960701554, -32.050687641421518 ], [ -52.076521465521488, -32.050727215315348 ], [ -52.076289239367291, -32.050936024162006 ], [ -52.076395239311644, -32.051004445529628 ], [ -52.076457921051862, -32.050928127630954 ], [ -52.076803320085808, -32.050825719162383 ] ] ], [ [ [ -52.163305100560891, -32.056279301626809 ], [ -52.163053126675202, -32.056140541817626 ], [ -52.162781178168956, -32.056312985033813 ], [ -52.162589020309504, -32.056246113905466 ], [ -52.162267546298956, -32.056282309950895 ], [ -52.162205025681061, -32.056183325539621 ], [ -52.162282226063503, -32.056043396930285 ], [ -52.16217262960339, -32.055934248311118 ], [ -52.161639997812628, -32.055797533369827 ], [ -52.161432029234675, -32.055670854310968 ], [ -52.160914427757746, -32.05558551056172 ], [ -52.160864286022068, -32.055495366696768 ], [ -52.160919476284676, -32.055299264245775 ], [ -52.16103202468075, -32.055265967252396 ], [ -52.161184874015142, -32.055343507809305 ], [ -52.161263838831189, -32.055292068243105 ], [ -52.161186813921091, -32.05498008540259 ], [ -52.16126439861042, -32.054830710462184 ], [ -52.161413948820055, -32.054900109667081 ], [ -52.161466634208338, -32.055207669522488 ], [ -52.16136944855355, -32.055320244291053 ], [ -52.161384080489334, -32.055400316372101 ], [ -52.161470663495408, -32.055483504211637 ], [ -52.161743202354295, -32.055520715277012 ], [ -52.161973383364099, -32.055346579793664 ], [ -52.162599200414839, -32.055467481033318 ], [ -52.162634699549848, -32.055291373510393 ], [ -52.162775486074075, -32.055145991294651 ], [ -52.162756348042393, -32.054806501000684 ], [ -52.162423197767453, -32.054755041369226 ], [ -52.162326411288277, -32.054540241824796 ], [ -52.162002697126816, -32.054548235731922 ], [ -52.161676542777876, -32.05432748903101 ], [ -52.161518926614789, -32.054295913000026 ], [ -52.161391310302733, -32.05380307321709 ], [ -52.16115634445692, -32.053669026663172 ], [ -52.160898490970041, -32.053649968638474 ], [ -52.16082560417361, -32.053510404103527 ], [ -52.160614427644674, -32.053456730072803 ], [ -52.160509509548483, -32.053347245325554 ], [ -52.160062475965113, -32.05340571845781 ], [ -52.15991939553124, -32.053302913400053 ], [ -52.159671879967149, -32.053442835621688 ], [ -52.159659896659967, -32.05352640975471 ], [ -52.159740513432645, -32.053615180862344 ], [ -52.160117461302271, -32.053774411955764 ], [ -52.160133264926053, -32.053946836964343 ], [ -52.160012479514208, -32.054043103349748 ], [ -52.15985803684196, -32.053832113900164 ], [ -52.159553230787019, -32.053677615471649 ], [ -52.159023184106793, -32.053705526001373 ], [ -52.158723680379723, -32.053487074157026 ], [ -52.158711929341045, -32.053373300395862 ], [ -52.158853676468915, -32.053333212340242 ], [ -52.158967762880799, -32.053178016902045 ], [ -52.158688854679696, -32.052893765771415 ], [ -52.158429905233369, -32.053018523795799 ], [ -52.158522763991769, -32.053203407441714 ], [ -52.158490387258304, -32.053321115774047 ], [ -52.158272776426649, -32.053344956754721 ], [ -52.158198758593542, -32.053140935697265 ], [ -52.158417475234309, -32.053012806727637 ], [ -52.15839822858333, -32.052754170746098 ], [ -52.158572162378789, -32.05265979199649 ], [ -52.158622463690989, -32.052434090574742 ], [ -52.158500942516774, -32.05229944730668 ], [ -52.158218816700483, -32.052377057080442 ], [ -52.158088366861712, -32.052280758221755 ], [ -52.157711886562367, -32.052209515878978 ], [ -52.157704901236443, -32.052046032295024 ], [ -52.157625715960101, -32.051988589831168 ], [ -52.157499893096855, -32.052099709456265 ], [ -52.157355518618104, -32.052119580049904 ], [ -52.157344307720848, -32.052219986397951 ], [ -52.15742872837135, -32.052286372892219 ], [ -52.157648762970545, -32.052280210151153 ], [ -52.157782757437275, -32.052503327124093 ], [ -52.157998812385095, -32.052497009015788 ], [ -52.158232130041775, -32.052780989562777 ], [ -52.158116796493857, -32.052884677502789 ], [ -52.157905124606422, -32.052894742765034 ], [ -52.157974143991858, -32.053227892523353 ], [ -52.157912932117036, -32.05334239442157 ], [ -52.15776130470524, -32.053388604806422 ], [ -52.157816802511974, -32.05356097035429 ], [ -52.157772183724468, -32.053686165080698 ], [ -52.157623211541782, -32.053693275667797 ], [ -52.157547197657792, -32.053514555793676 ], [ -52.157608305775213, -32.053342959605381 ], [ -52.15745378354778, -32.053122653113469 ], [ -52.15754663442376, -32.052962256910043 ], [ -52.15780473037924, -32.052804084969189 ], [ -52.157786412568939, -32.052635641889488 ], [ -52.157713639113837, -32.0525756630351 ], [ -52.157544363341856, -32.052621845019239 ], [ -52.157156476094215, -32.052852776873252 ], [ -52.157123686114709, -32.052715523726278 ], [ -52.157217013875886, -32.052662123351141 ], [ -52.157176030481367, -32.052542480466251 ], [ -52.157265098191168, -32.052462131353643 ], [ -52.157184498343561, -32.052377609290922 ], [ -52.157106624429858, -32.052437503614911 ], [ -52.157151458825979, -32.052536147801 ], [ -52.157044621426799, -32.052642878910405 ], [ -52.156879667860991, -32.052628811083309 ], [ -52.15679605454941, -32.052428090542435 ], [ -52.156857192842956, -32.05214512964033 ], [ -52.156985085782772, -32.052085938931171 ], [ -52.157090783616049, -32.052132572401504 ], [ -52.157149100787557, -32.052050447645463 ], [ -52.156876356105265, -32.051885986444496 ], [ -52.156889511026307, -32.051692894770085 ], [ -52.156704811246463, -32.051294172334465 ], [ -52.15660088230419, -32.051302540000592 ], [ -52.156321767110576, -32.051559081437304 ], [ -52.156031239544156, -32.05156974358065 ], [ -52.155796454591133, -32.051412230930211 ], [ -52.155556499392404, -32.051403775610403 ], [ -52.155581572942928, -32.051201836638946 ], [ -52.155533851977289, -32.051139299866392 ], [ -52.155302016769291, -32.051236060001564 ], [ -52.15479226894827, -32.051025546357025 ], [ -52.154782248292257, -32.050919362177751 ], [ -52.154924976676703, -32.050826041645152 ], [ -52.154874849272439, -32.050655103624187 ], [ -52.154800895290684, -32.050617294610873 ], [ -52.15459505183204, -32.050698865243554 ], [ -52.154434916068062, -32.050627199555237 ], [ -52.154424975803849, -32.050384698102079 ], [ -52.154265057486619, -32.05016293329232 ], [ -52.15417272202604, -32.050201713329365 ], [ -52.154050721131924, -32.050465663083848 ], [ -52.153879743234548, -32.050491868676346 ], [ -52.15371124891049, -32.050625673232567 ], [ -52.153529663053689, -32.050594413080169 ], [ -52.153222138049735, -32.050382221101437 ], [ -52.153228337327469, -32.050196008652755 ], [ -52.153172271449002, -32.050135089337928 ], [ -52.153088001658297, -32.050157445959435 ], [ -52.15301124851014, -32.050312706361076 ], [ -52.152830022497476, -32.050315262951536 ], [ -52.152755350058897, -32.050235420790045 ], [ -52.152734174560628, -32.049975397205841 ], [ -52.153000031832143, -32.049788993641805 ], [ -52.152903645871312, -32.04961842695765 ], [ -52.152623340082222, -32.04981531816653 ], [ -52.152633479820267, -32.049956448101405 ], [ -52.152491030504386, -32.050128671550731 ], [ -52.152120755733989, -32.05007548402434 ], [ -52.151965651549581, -32.049921510034999 ], [ -52.151794186102926, -32.050151676657713 ], [ -52.151777866560643, -32.050291077024788 ], [ -52.151649796815946, -32.050321729121706 ], [ -52.151572545859068, -32.050250527645069 ], [ -52.151620731865073, -32.050059199871832 ], [ -52.151368060866872, -32.050007841853656 ], [ -52.151344288, -32.050365656639414 ], [ -52.151279744217227, -32.050427760251495 ], [ -52.151070612612614, -32.05039756738379 ], [ -52.150885001694043, -32.050301785675522 ], [ -52.150817410306509, -32.050171543378923 ], [ -52.15029625735599, -32.050004395593099 ], [ -52.15030793759135, -32.049900324621397 ], [ -52.150439756787819, -32.049880494724725 ], [ -52.151145430495866, -32.050112664086825 ], [ -52.151243455086821, -32.050000709661745 ], [ -52.151027928747077, -32.049856368262887 ], [ -52.15106825139398, -32.049712573145506 ], [ -52.151286491297306, -32.0497220513071 ], [ -52.151539971459933, -32.049837429407361 ], [ -52.151784100907484, -32.049787106430912 ], [ -52.151932359756806, -32.049666510067269 ], [ -52.152086682520412, -32.049789386342567 ], [ -52.152271135549057, -32.049705822676813 ], [ -52.152308953755302, -32.049551339516789 ], [ -52.152425081172794, -32.049467415230787 ], [ -52.152419033125419, -32.04935353272699 ], [ -52.152178413268587, -32.049257378973756 ], [ -52.152121986188398, -32.049095456621885 ], [ -52.151826012985097, -32.048928119721751 ], [ -52.151648269053226, -32.048989604332718 ], [ -52.151472155027541, -32.048958270969763 ], [ -52.151341144255468, -32.048857074185378 ], [ -52.151179663848431, -32.048965968520029 ], [ -52.150729283591524, -32.048909247731409 ], [ -52.150599973096668, -32.048834379559189 ], [ -52.150141619640813, -32.04891643388352 ], [ -52.150095377925751, -32.048756856317915 ], [ -52.150242416118139, -32.048588152268522 ], [ -52.150242193481766, -32.048508228611503 ], [ -52.1500854339074, -32.048445176242858 ], [ -52.149854456628745, -32.048459517235599 ], [ -52.149787331140551, -32.048310010331328 ], [ -52.149582246279273, -32.048182375803073 ], [ -52.149328799857976, -32.048340242289278 ], [ -52.149147078465504, -32.048349387317785 ], [ -52.148907227455261, -32.048898761619782 ], [ -52.148575753640621, -32.048990548457262 ], [ -52.148481370685062, -32.048896411916552 ], [ -52.148528570448889, -32.048616430882305 ], [ -52.148816215220016, -32.048519017630753 ], [ -52.148953093282273, -32.048321139020523 ], [ -52.148944008221441, -32.04822724019251 ], [ -52.148758309189461, -32.048210892064986 ], [ -52.148633366805839, -32.048062078111506 ], [ -52.148440746845637, -32.048035170926539 ], [ -52.148311838400325, -32.048138218199597 ], [ -52.148158892212194, -32.048153717520933 ], [ -52.148052862051891, -32.047866599620427 ], [ -52.147534970211531, -32.047624038092735 ], [ -52.146898912266806, -32.047517585157252 ], [ -52.146633145250753, -32.047659950093518 ], [ -52.146465306606324, -32.047632648179338 ], [ -52.146346544774474, -32.047960642615166 ], [ -52.146379377225102, -32.048131781431486 ], [ -52.146238261252137, -32.048184534375252 ], [ -52.14600871091389, -32.04812558979016 ], [ -52.146012288988722, -32.047855912348908 ], [ -52.14570595559465, -32.047694089210275 ], [ -52.145742527536548, -32.047591022253698 ], [ -52.145935614216725, -32.047590848106815 ], [ -52.145949594084271, -32.047465508215701 ], [ -52.145475429104692, -32.047190419836639 ], [ -52.145333435395017, -32.047181356983707 ], [ -52.145218617345272, -32.047258889058604 ], [ -52.144992533945889, -32.047232337529323 ], [ -52.144966859276373, -32.047422514668007 ], [ -52.14481233024101, -32.047708643917304 ], [ -52.144594672006797, -32.047700471219677 ], [ -52.144479266864167, -32.047623926412598 ], [ -52.144351555339654, -32.047659776638923 ], [ -52.144187233248189, -32.047479781422396 ], [ -52.143771151956976, -32.047457064344933 ], [ -52.143433139482866, -32.047282531484555 ], [ -52.143352738638015, -32.047195229897412 ], [ -52.143797419566269, -32.047043634906771 ], [ -52.143825680941234, -32.046946795577064 ], [ -52.143634760884851, -32.046746028577552 ], [ -52.143327852795146, -32.046731665716479 ], [ -52.143142278517011, -32.046616539997665 ], [ -52.143001316438088, -32.046622372763132 ], [ -52.1428284999756, -32.046775631811784 ], [ -52.142686566094739, -32.046618987065266 ], [ -52.142331241091661, -32.046576323163649 ], [ -52.142157649188668, -32.046840740760167 ], [ -52.141802225731382, -32.046607160317023 ], [ -52.141616400960181, -32.046697000345901 ], [ -52.140988139260443, -32.04661443211657 ], [ -52.139849390020395, -32.04661443211657 ], [ -52.139669470480172, -32.0467337527243 ], [ -52.139457076287592, -32.046686320588272 ], [ -52.139313785755739, -32.046535940150058 ], [ -52.138974166326371, -32.04649353234516 ], [ -52.138802905444187, -32.046560063961138 ], [ -52.138442486904879, -32.046447006038299 ], [ -52.138318791991288, -32.04639043896168 ], [ -52.138171247159832, -32.046173947019504 ], [ -52.13789647058114, -32.046339216614783 ], [ -52.137780174501472, -32.046264441338614 ], [ -52.137748915404465, -32.046131040677423 ], [ -52.137622843309018, -32.046013929750231 ], [ -52.137137589870377, -32.045770241597801 ], [ -52.136609324770475, -32.045687533869099 ], [ -52.136317062072443, -32.045812522994936 ], [ -52.136021103149105, -32.045572571322865 ], [ -52.135289254415447, -32.045244050481834 ], [ -52.135038789855457, -32.045000291816017 ], [ -52.134899752284056, -32.044951642455494 ], [ -52.134814327766016, -32.044814949376587 ], [ -52.134567056096003, -32.044703112740216 ], [ -52.133514635904483, -32.043878068313148 ], [ -52.13332248359842, -32.043819827379913 ], [ -52.132479668937982, -32.043118834077042 ], [ -52.132211835249663, -32.043080856449059 ], [ -52.132077081398805, -32.042915159572026 ], [ -52.131638891069827, -32.042777227979386 ], [ -52.131559587969015, -32.042675757551571 ], [ -52.131393137425263, -32.042659121879957 ], [ -52.130593729913386, -32.042335257237106 ], [ -52.130504972671638, -32.042232235753374 ], [ -52.129880971255282, -32.042022663977562 ], [ -52.12957717447717, -32.041781444841298 ], [ -52.129304132351692, -32.041730758380062 ], [ -52.129196252574864, -32.041619909897832 ], [ -52.128901168303614, -32.041569575540578 ], [ -52.128481728444584, -32.041228098642605 ], [ -52.128245017731281, -32.041372106953183 ], [ -52.128117969163931, -32.041364615830744 ], [ -52.127950660474987, -32.041102231584119 ], [ -52.127499585210849, -32.041008737392843 ], [ -52.127265561770336, -32.040820132117496 ], [ -52.127133212962782, -32.04080153159606 ], [ -52.126880194036787, -32.040498512531776 ], [ -52.126269996932912, -32.04027343408525 ], [ -52.126123823858372, -32.040031970110661 ], [ -52.125667873854304, -32.039958182534185 ], [ -52.125346994123717, -32.039731465591593 ], [ -52.124974575107302, -32.039631719107213 ], [ -52.124591493204235, -32.039357278033258 ], [ -52.124317571191597, -32.039346188679936 ], [ -52.124284801416202, -32.0391473335008 ], [ -52.124052618965067, -32.039096152753352 ], [ -52.123955269793939, -32.038848335609437 ], [ -52.123427312408204, -32.03875121444932 ], [ -52.123331974354777, -32.038605465247485 ], [ -52.123080478688564, -32.038583921088339 ], [ -52.122985644224755, -32.038332122751349 ], [ -52.122738009428971, -32.038208787808991 ], [ -52.122441710441528, -32.038309681720158 ], [ -52.122224403913542, -32.038123856730422 ], [ -52.122180673685421, -32.037977843133362 ], [ -52.122026979128236, -32.037933652734644 ], [ -52.121885655982169, -32.037719289593959 ], [ -52.121143657927483, -32.03744610998239 ], [ -52.121027946211811, -32.037247547278689 ], [ -52.120994578774201, -32.037033768219175 ], [ -52.120781023888277, -32.037077337416164 ], [ -52.120749140573139, -32.037272032057942 ], [ -52.120612832926781, -32.037322640821593 ], [ -52.120594561521273, -32.037195651503694 ], [ -52.120692294590796, -32.037042663527714 ], [ -52.120530490139188, -32.036935042040803 ], [ -52.120395400437175, -32.036726800573369 ], [ -52.120492222833725, -32.036351282330735 ], [ -52.120397990511812, -32.036250294836869 ], [ -52.12042667188372, -32.036085381901707 ], [ -52.120335401797711, -32.035938957694725 ], [ -52.120181315611589, -32.035897557148822 ], [ -52.119970548783968, -32.035664290838113 ], [ -52.119767059403287, -32.03566571101085 ], [ -52.119640248567933, -32.035590921452915 ], [ -52.119584020937161, -32.035301456081868 ], [ -52.119374552207468, -32.035070105626552 ], [ -52.119016866592005, -32.034973769974037 ], [ -52.118804801387455, -32.035088225240969 ], [ -52.118252687874566, -32.034920692058819 ], [ -52.11816454071441, -32.034838927866275 ], [ -52.118154550608395, -32.034683916956567 ], [ -52.117954826140185, -32.03452656285679 ], [ -52.117852437296406, -32.034543986144335 ], [ -52.117685717920111, -32.034742853578777 ], [ -52.117543082256311, -32.034719830240078 ], [ -52.117479672250177, -32.034574156047007 ], [ -52.117342130854581, -32.034506644304479 ], [ -52.117264187461693, -32.034275058250429 ], [ -52.117017396674328, -32.034054781855453 ], [ -52.116981154936411, -32.033903087652348 ], [ -52.116839814763026, -32.03386574620059 ], [ -52.116682510506088, -32.033686477021156 ], [ -52.11614889179446, -32.033506130689169 ], [ -52.116052388828564, -32.033320142278264 ], [ -52.115890896898385, -32.033239300983702 ], [ -52.115874340036918, -32.033012944606774 ], [ -52.115756152029697, -32.032912748694066 ], [ -52.115759842845662, -32.032798086491958 ], [ -52.1158240679855, -32.032690897911678 ], [ -52.116031406174223, -32.032568265509894 ], [ -52.116093588682091, -32.032380117795313 ], [ -52.116033412318345, -32.032310356666272 ], [ -52.115685184789314, -32.032272565352912 ], [ -52.115447687277999, -32.03207061947753 ], [ -52.115446872981558, -32.031926644528433 ], [ -52.115610762855809, -32.031836537493888 ], [ -52.115612228263565, -32.03172418065212 ], [ -52.115451661877074, -32.031668528877617 ], [ -52.115371975749298, -32.031852691937672 ], [ -52.115235139911967, -32.031929008223045 ], [ -52.115089746427856, -32.032252380034038 ], [ -52.115015826702162, -32.032295464554089 ], [ -52.114863449346821, -32.032252604837936 ], [ -52.114832776980336, -32.032165089105582 ], [ -52.11505111682466, -32.031654482197091 ], [ -52.114753222996406, -32.031614149085975 ], [ -52.114683859921357, -32.031481135704851 ], [ -52.114569632540743, -32.031423468723965 ], [ -52.114252370957182, -32.031401121411953 ], [ -52.113958433584394, -32.030860756823003 ], [ -52.113999848493137, -32.030559081894843 ], [ -52.113697260939055, -32.030386130529898 ], [ -52.113538519600553, -32.030361968773221 ], [ -52.113474971931517, -32.030213079788723 ], [ -52.113168018489787, -32.030021560199302 ], [ -52.112662594288253, -32.029828927058148 ], [ -52.112628568063322, -32.029713339990501 ], [ -52.112721421915033, -32.029546806998745 ], [ -52.112675600567698, -32.029460658612969 ], [ -52.112396255333707, -32.029322079248672 ], [ -52.112306341503896, -32.029208111851062 ], [ -52.112015465040237, -32.029278081924957 ], [ -52.111903364537241, -32.029026796872195 ], [ -52.111586512267294, -32.028916211131374 ], [ -52.111416648167449, -32.029176656461232 ], [ -52.110780982994427, -32.029094953927746 ], [ -52.110709174451877, -32.029224428201104 ], [ -52.11052252400053, -32.029336870924247 ], [ -52.110346378921811, -32.02977397007713 ], [ -52.109882454259299, -32.029621063452055 ], [ -52.109922399215627, -32.029378522505112 ], [ -52.110095156170722, -32.029181181304892 ], [ -52.110429280934113, -32.028984634562846 ], [ -52.110556217705664, -32.029063825140739 ], [ -52.110638721352323, -32.028982535706469 ], [ -52.110625800756175, -32.028856700610902 ], [ -52.110543557171731, -32.028846374588923 ], [ -52.110426433131636, -32.028940508623478 ], [ -52.110314973915173, -32.028786052440061 ], [ -52.110444474463321, -32.02851499685606 ], [ -52.110637546775763, -32.028604599494898 ], [ -52.110746461396431, -32.028536199965728 ], [ -52.110697493704542, -32.028403290581309 ], [ -52.110516904657992, -32.028364212570267 ], [ -52.110338903512215, -32.028204261523214 ], [ -52.110670065829666, -32.027632603589858 ], [ -52.110675436998925, -32.027444783266297 ], [ -52.110572020879104, -32.027390774458688 ], [ -52.110481346509793, -32.027498358239725 ], [ -52.110303860792769, -32.027548045244885 ], [ -52.110264830550484, -32.02772341812625 ], [ -52.11018282263769, -32.027764226488159 ], [ -52.110118448465379, -32.027709791990084 ], [ -52.110106561309074, -32.027565765850092 ], [ -52.109992699576004, -32.027482686277878 ], [ -52.109489128809599, -32.027444452097548 ], [ -52.109242868226787, -32.027289137149516 ], [ -52.109144883890501, -32.027073392131534 ], [ -52.109265781060799, -32.026889923033806 ], [ -52.1093955508682, -32.026220586596914 ], [ -52.10946660190492, -32.026149157375499 ], [ -52.109603767994273, -32.026142334964632 ], [ -52.110472342238666, -32.026311981895802 ], [ -52.110529208576693, -32.02656366688867 ], [ -52.110825992125172, -32.026728974940198 ], [ -52.110843597861169, -32.026891798535388 ], [ -52.110904695835295, -32.026940104074647 ], [ -52.11100102689003, -32.026893276384556 ], [ -52.11133980783594, -32.026298864030053 ], [ -52.111279990277652, -32.026225234772447 ], [ -52.110902222318323, -32.026166566185587 ], [ -52.110718121783258, -32.025868291803391 ], [ -52.11049232564686, -32.02589869211819 ], [ -52.109863202804817, -32.025762148552843 ], [ -52.109793443834256, -32.025643355882266 ], [ -52.109708462169827, -32.025114155276533 ], [ -52.109570566990563, -32.025032912746468 ], [ -52.109431659563228, -32.02515098572222 ], [ -52.109269996822988, -32.025837517777397 ], [ -52.109237074777475, -32.026345553897116 ], [ -52.109068497203971, -32.026925615720074 ], [ -52.109108794526662, -32.027064546012774 ], [ -52.109028197280168, -32.027127115339113 ], [ -52.108977071051584, -32.027467516189859 ], [ -52.108583378231579, -32.027603586049288 ], [ -52.108480921636861, -32.027737451581814 ], [ -52.108334986225636, -32.027790524366957 ], [ -52.108034030294881, -32.027792788536928 ], [ -52.107925175133133, -32.02773380629727 ], [ -52.107936477145394, -32.027435515343612 ], [ -52.10772400984159, -32.027206805058931 ], [ -52.107745213682541, -32.027033114801881 ], [ -52.107855784649438, -32.026932726086365 ], [ -52.107808673949968, -32.026716722452086 ], [ -52.107933651904837, -32.02655885066212 ], [ -52.108065633621607, -32.026521925522665 ], [ -52.108111957305155, -32.026359356952405 ], [ -52.108263791124422, -32.02632883465413 ], [ -52.108367193288331, -32.026217198667162 ], [ -52.108325926291045, -32.026151990612519 ], [ -52.107987002756104, -32.026056926559761 ], [ -52.107998530811116, -32.025968162593209 ], [ -52.108139203004875, -32.025859971358067 ], [ -52.108020632826815, -32.025714878415748 ], [ -52.108062436364868, -32.02533992766493 ], [ -52.107799285297084, -32.025260814513572 ], [ -52.107842147884959, -32.02502965342893 ], [ -52.107719920079745, -32.024976402072859 ], [ -52.107549485210733, -32.025053731657394 ], [ -52.107326815892755, -32.025288161403346 ], [ -52.106837287490968, -32.025349694616551 ], [ -52.106772524369958, -32.025477161419474 ], [ -52.106661025942451, -32.026484663108647 ], [ -52.106483494566788, -32.026499916924941 ], [ -52.106384597480059, -32.026354559109144 ], [ -52.106242606834805, -32.026346170435424 ], [ -52.106096458269, -32.026541364142737 ], [ -52.105552958100965, -32.026828536161965 ], [ -52.105529746855062, -32.026907950326219 ], [ -52.105609494358312, -32.027046124290273 ], [ -52.105570704043949, -32.027142228789216 ], [ -52.105396412028327, -32.027230130343163 ], [ -52.105430707090349, -32.027548132379927 ], [ -52.105289332130731, -32.027702427279628 ], [ -52.105007085684228, -32.027776064648627 ], [ -52.104780447188283, -32.028434433955773 ], [ -52.104662902338248, -32.028356892671042 ], [ -52.104689509499195, -32.027939801091293 ], [ -52.104794597399767, -32.027628675398823 ], [ -52.104792406428885, -32.027046083779723 ], [ -52.104707314202386, -32.026906560746042 ], [ -52.104520032673939, -32.026780082082631 ], [ -52.104458966120525, -32.026588380435484 ], [ -52.104500926627104, -32.026426047532702 ], [ -52.104368712869309, -32.026386061338386 ], [ -52.10342096368079, -32.026749519528977 ], [ -52.103265986951236, -32.026860382902321 ], [ -52.102980939471458, -32.026916413251634 ], [ -52.102710137007342, -32.027138228346388 ], [ -52.102013741300183, -32.027400012337267 ], [ -52.101751863736936, -32.027564186795068 ], [ -52.101735693879668, -32.02770644689204 ], [ -52.101931646926836, -32.028051283100204 ], [ -52.101891772465549, -32.028192033787874 ], [ -52.10117214867482, -32.028067755791319 ], [ -52.101127304333701, -32.027986975025151 ], [ -52.101186024125568, -32.027782402402202 ], [ -52.101044422373668, -32.027747731474911 ], [ -52.100516801007871, -32.027992023985966 ], [ -52.10020279735938, -32.028044107889983 ], [ -52.099452499607061, -32.028433885107631 ], [ -52.098697220712587, -32.02868364430573 ], [ -52.097620661976414, -32.029158597268143 ], [ -52.09725835029144, -32.029213508908398 ], [ -52.097151465605002, -32.029274213165912 ], [ -52.09708862286314, -32.029522828646272 ], [ -52.096970407713215, -32.029604020938088 ], [ -52.096864223786497, -32.02956301993062 ], [ -52.096852786476695, -32.029345647275839 ], [ -52.096795330016064, -32.029288190815208 ], [ -52.095197766167153, -32.029537506742813 ], [ -52.095021955346574, -32.029499673036597 ], [ -52.094920528073715, -32.029255882925206 ], [ -52.094687282450565, -32.029229557518747 ], [ -52.094249551485369, -32.029365787707853 ], [ -52.094014868019599, -32.02930255204317 ], [ -52.093876823128468, -32.029431127572828 ], [ -52.093715762792797, -32.029416634848566 ], [ -52.09358919950126, -32.029486964500329 ], [ -52.093444452421785, -32.029442911234717 ], [ -52.093262814723346, -32.029563721014284 ], [ -52.092568604630699, -32.02968680823642 ], [ -52.092321452610761, -32.029619068828637 ], [ -52.092107348345408, -32.02976678392502 ], [ -52.089707310040687, -32.030210707245857 ], [ -52.089327865323135, -32.030172063204979 ], [ -52.08916024604553, -32.030252663052586 ], [ -52.089023873880542, -32.030134489215072 ], [ -52.088450242967156, -32.030133954252058 ], [ -52.088338779761109, -32.030201285223342 ], [ -52.088235028349466, -32.03052990930523 ], [ -52.087506788998404, -32.030517894052892 ], [ -52.087485476934376, -32.031104573718771 ], [ -52.087429790094518, -32.031205951229595 ], [ -52.087273730455983, -32.031229809711803 ], [ -52.087185533664062, -32.031165817460355 ], [ -52.087172812730195, -32.030776262138218 ], [ -52.086945819457455, -32.030680145984242 ], [ -52.087018123521354, -32.030456403285456 ], [ -52.086764347141873, -32.030357232678995 ], [ -52.086596747731875, -32.030591401909064 ], [ -52.086739837504815, -32.030760947667503 ], [ -52.086693169457348, -32.03134284507064 ], [ -52.086613327295858, -32.031417517509219 ], [ -52.086341722316646, -32.031463671751766 ], [ -52.086282745511937, -32.031340266605739 ], [ -52.086322119613492, -32.031214193710035 ], [ -52.086193217276524, -32.030934475185489 ], [ -52.086097540636295, -32.030995908024188 ], [ -52.086050577704242, -32.031332133717314 ], [ -52.085627259193068, -32.031339179668024 ], [ -52.085535077155619, -32.03125415667887 ], [ -52.085620554314048, -32.030498910518133 ], [ -52.085694522402015, -32.030454085969076 ], [ -52.085952533509797, -32.030482595888323 ], [ -52.086067004583548, -32.030314528645178 ], [ -52.086030510965116, -32.030223298600461 ], [ -52.085473021771087, -32.030087999089027 ], [ -52.085405601524876, -32.030681812002932 ], [ -52.085175217162927, -32.030877611795319 ], [ -52.085248752368791, -32.031092561159454 ], [ -52.085128525254433, -32.031260185792121 ], [ -52.08433630369229, -32.031215127293692 ], [ -52.08428185783383, -32.031137222996392 ], [ -52.084325902279382, -32.03054129075899 ], [ -52.084466518197921, -32.03033799212114 ], [ -52.084639060907541, -32.030314996740842 ], [ -52.084684935422111, -32.030220801792474 ], [ -52.084563447656365, -32.030021581477463 ], [ -52.084214176458417, -32.030020985798615 ], [ -52.084203313339508, -32.02991291566498 ], [ -52.084279940937328, -32.029798598805883 ], [ -52.084207177500573, -32.029658882163233 ], [ -52.083780490755309, -32.029489072381423 ], [ -52.083579045406331, -32.029481683126505 ], [ -52.083377491517282, -32.029368172610013 ], [ -52.082968169408623, -32.029362059413799 ], [ -52.082854077328903, -32.029212939280264 ], [ -52.08253632159861, -32.029090351866095 ], [ -52.082186928140665, -32.029175283077599 ], [ -52.08204124720401, -32.029364023206107 ], [ -52.08195836281336, -32.029330211082303 ], [ -52.081941775827751, -32.029151827546919 ], [ -52.081864441266916, -32.029092521343863 ], [ -52.081714784424086, -32.029283322663659 ], [ -52.081585715484771, -32.029308914631748 ], [ -52.081488292959875, -32.028982099066802 ], [ -52.081511307053781, -32.028721624750801 ], [ -52.081335635256622, -32.028624043320363 ], [ -52.081223601828867, -32.02878795580142 ], [ -52.080995993609861, -32.028853507317677 ], [ -52.081072083102725, -32.029114013797951 ], [ -52.081017642356045, -32.029245453028039 ], [ -52.081068286221516, -32.029415718288618 ], [ -52.080893147671262, -32.029511510942768 ], [ -52.080776928661692, -32.029337326540585 ], [ -52.080597048376482, -32.029312170960083 ], [ -52.080494085185421, -32.029127461557273 ], [ -52.080507653340867, -32.029039205484686 ], [ -52.080635556715848, -32.028975000907522 ], [ -52.080743376506682, -32.028780247674305 ], [ -52.080765124845527, -32.028399454551987 ], [ -52.080349958282767, -32.02836075760473 ], [ -52.080054468744905, -32.02848213286908 ], [ -52.080117689525196, -32.02867465980458 ], [ -52.080026776307875, -32.028821868121661 ], [ -52.080027043245039, -32.0289582103943 ], [ -52.079932509024104, -32.029051004156308 ], [ -52.079205798073396, -32.029167629291692 ], [ -52.07906813015672, -32.029283808998386 ], [ -52.078832092834787, -32.02929580882298 ], [ -52.078675500091386, -32.029216111726917 ], [ -52.078376932930915, -32.029515631601413 ], [ -52.077838140641433, -32.030342656849349 ], [ -52.077878416864785, -32.030538377867771 ], [ -52.077615749388556, -32.030739377127894 ], [ -52.077700425547292, -32.031032965268849 ], [ -52.077414968589423, -32.031122392909943 ], [ -52.077391159515749, -32.031300004753071 ], [ -52.077239983314641, -32.031470720058408 ], [ -52.077239481762462, -32.031693970669586 ], [ -52.077078967791046, -32.031899118764393 ], [ -52.077030057780647, -32.032124305890655 ], [ -52.077063396609397, -32.032412408608728 ], [ -52.076832677059322, -32.032730948601092 ], [ -52.07698668598195, -32.033015127391685 ], [ -52.07732789570931, -32.033192449609103 ], [ -52.077513633060562, -32.033161019721298 ], [ -52.077682034430708, -32.033278693637335 ], [ -52.077636991912122, -32.033632538515768 ], [ -52.077393464498435, -32.034264077035317 ], [ -52.077410662004695, -32.034353499074228 ], [ -52.077486868293221, -32.034378423016214 ], [ -52.077624128311271, -32.034241791093535 ], [ -52.077623034458561, -32.033998536029856 ], [ -52.07803544799463, -32.033118167928244 ], [ -52.077955604539085, -32.032923969763893 ], [ -52.07760467423725, -32.03281983501698 ], [ -52.077632376848541, -32.032513616068108 ], [ -52.077801501646661, -32.032448474975375 ], [ -52.077967305923188, -32.032277370735628 ], [ -52.078231954731748, -32.032217086948656 ], [ -52.078483207010272, -32.032241269313182 ], [ -52.078489637617665, -32.032491056953127 ], [ -52.078682122836867, -32.032788554671093 ], [ -52.078953269472073, -32.032864430057501 ], [ -52.079099352766399, -32.032793599774983 ], [ -52.079217599097198, -32.032909732089685 ], [ -52.079496496639671, -32.03285801727688 ], [ -52.079792290672174, -32.032939931767459 ], [ -52.079958406341227, -32.032774438362672 ], [ -52.079991475802622, -32.032605337841844 ], [ -52.080154868272814, -32.032510726421869 ], [ -52.080212874300393, -32.032353592241094 ], [ -52.08039653749411, -32.0323520491675 ], [ -52.080487487823156, -32.032458139759392 ], [ -52.080590912163828, -32.032469158861744 ], [ -52.08088000081424, -32.032347633612275 ], [ -52.081615612973302, -32.032351925261835 ], [ -52.081816308497338, -32.032442148601852 ], [ -52.08176645639, -32.03290913207433 ], [ -52.081926054262127, -32.033011223317516 ], [ -52.081966872315789, -32.033186724533302 ], [ -52.082372723908556, -32.033196213373124 ], [ -52.082506698013937, -32.033299350508713 ], [ -52.08249482954249, -32.03340051696302 ], [ -52.082426120607849, -32.033436357033011 ], [ -52.082161479213369, -32.033434777869324 ], [ -52.08194962865813, -32.033317252346784 ], [ -52.081793230638333, -32.033330662358495 ], [ -52.081743040984492, -32.033405199904514 ], [ -52.081784606073036, -32.033599537085188 ], [ -52.082365386184669, -32.033796948466147 ], [ -52.083518321707203, -32.033926718273555 ], [ -52.083590869637668, -32.034001104952694 ], [ -52.083684854832981, -32.034403795643961 ], [ -52.083770296099914, -32.034442345022995 ], [ -52.083935217418016, -32.034380123746786 ], [ -52.083997728836366, -32.034224509165938 ], [ -52.083919501009802, -32.033584077066266 ], [ -52.083997728836366, -32.033418510689877 ], [ -52.084043865633937, -32.032878499068765 ], [ -52.084166488849704, -32.032745748556202 ], [ -52.084123293535526, -32.032118178988739 ], [ -52.084297740746976, -32.031806396581409 ], [ -52.084398192898917, -32.03175761195746 ], [ -52.084483435803094, -32.031855823297896 ], [ -52.084353115588812, -32.03245955608832 ], [ -52.084439292545639, -32.032596063101941 ], [ -52.084445486468951, -32.032813832776256 ], [ -52.084725799761451, -32.03302503734966 ], [ -52.084976854445365, -32.033018065102837 ], [ -52.085045332173863, -32.033085500734693 ], [ -52.084967034888727, -32.033835145985393 ], [ -52.084990466346227, -32.034214939476442 ], [ -52.085124531940039, -32.034181319518751 ], [ -52.085171016764704, -32.033770483888766 ], [ -52.085271642206095, -32.033643138025838 ], [ -52.08574159485643, -32.033587858275112 ], [ -52.08595595076001, -32.033749945077282 ], [ -52.086017463469993, -32.033697111182626 ], [ -52.086017585890545, -32.033553077541512 ], [ -52.086098278105212, -32.033516243835031 ], [ -52.086329380040098, -32.033564348156922 ], [ -52.08637725243085, -32.033634478726704 ], [ -52.086377224307221, -32.034055374234633 ], [ -52.086327884334878, -32.034126411633444 ], [ -52.085890428056906, -32.03406561881016 ], [ -52.085631983631458, -32.03387562088232 ], [ -52.085413059984454, -32.034019550518842 ], [ -52.085491498313701, -32.03415343521614 ], [ -52.085717563150688, -32.034166105279439 ], [ -52.085805853555676, -32.034270779621174 ], [ -52.086188741139082, -32.034383494711399 ], [ -52.086215996918902, -32.034585765637651 ], [ -52.086162742938903, -32.03465817237425 ], [ -52.08581426677874, -32.034604092253318 ], [ -52.085668923662716, -32.034352676616138 ], [ -52.085533861169132, -32.034394379249754 ], [ -52.085390938408679, -32.034340821032174 ], [ -52.085291542160249, -32.03454230131883 ], [ -52.085294340389339, -32.034796946479553 ], [ -52.085186678549313, -32.03487816829545 ], [ -52.085162352545744, -32.035017471050146 ], [ -52.085071827907242, -32.03504631246232 ], [ -52.085007334812531, -32.034965735056232 ], [ -52.085103899876557, -32.034818967968874 ], [ -52.085047893627674, -32.034688702547705 ], [ -52.08512035939777, -32.034505389686643 ], [ -52.085068277218312, -32.03427739246564 ], [ -52.085001717715755, -32.03423692475252 ], [ -52.084737259649472, -32.034293757382912 ], [ -52.084750730125435, -32.03447267761387 ], [ -52.084604335574504, -32.034615487690381 ], [ -52.084625659665953, -32.034797942728972 ], [ -52.084761446967335, -32.034902970520093 ], [ -52.084791983469373, -32.035043710928463 ], [ -52.084704846653544, -32.03518953680755 ], [ -52.084819311549609, -32.035374206537689 ], [ -52.085115623726672, -32.0354055014474 ], [ -52.085347513429525, -32.035575491206927 ], [ -52.085407417049709, -32.035518763415553 ], [ -52.085416516012558, -32.035321036462932 ], [ -52.085583254596138, -32.035252432498055 ], [ -52.086046296124607, -32.035169253756543 ], [ -52.086328935786497, -32.035246670929048 ], [ -52.086473948299613, -32.035092742211319 ], [ -52.08671481073636, -32.035050080046858 ], [ -52.08686236169769, -32.035148420175375 ], [ -52.086992572985892, -32.035001964408025 ], [ -52.087141216042355, -32.035042674848349 ], [ -52.087183247709206, -32.035263496398194 ], [ -52.087094648839013, -32.035456587028804 ], [ -52.087171036085458, -32.035678201422364 ], [ -52.087053489546143, -32.036061853295678 ], [ -52.087163741452173, -32.036255243645165 ], [ -52.087048032335197, -32.036426065492641 ], [ -52.087120050739799, -32.036528013169914 ], [ -52.087243891114575, -32.036567042553372 ], [ -52.087380297791221, -32.036795400920141 ], [ -52.087340185975783, -32.037215838494582 ], [ -52.086819790794195, -32.037293562107791 ], [ -52.086754578676491, -32.036706113421182 ], [ -52.086489078357346, -32.036751294726521 ], [ -52.086282457630716, -32.036647838399659 ], [ -52.086288718883914, -32.036448211220176 ], [ -52.086232300669302, -32.036391292026835 ], [ -52.085581158739245, -32.036392002171098 ], [ -52.08558544374003, -32.036293191769211 ], [ -52.085747923614782, -32.036170421985382 ], [ -52.08567049147549, -32.036045672977671 ], [ -52.08549033405054, -32.035979236807727 ], [ -52.085413059984454, -32.03603853128412 ], [ -52.085436782250191, -32.036212408718846 ], [ -52.085354769048351, -32.036354811108438 ], [ -52.085479355339558, -32.036469412868023 ], [ -52.085407943236163, -32.036710712173715 ], [ -52.085524147271151, -32.036818763976477 ], [ -52.085539877696661, -32.037063511532466 ], [ -52.085627465408386, -32.03717250664068 ], [ -52.085718798325871, -32.037128797226075 ], [ -52.085734466930674, -32.036670337249326 ], [ -52.086056513866161, -32.036793113092649 ], [ -52.086135302018832, -32.036936776879976 ], [ -52.086281485219033, -32.036935802135787 ], [ -52.086335602324809, -32.036997893640354 ], [ -52.086272607226043, -32.037101712393749 ], [ -52.086076162326123, -32.036995994392356 ], [ -52.085989412009724, -32.037046497170024 ], [ -52.086038003797952, -32.037217510745684 ], [ -52.086170699452055, -32.037306380138503 ], [ -52.086133842810909, -32.037415909357172 ], [ -52.085838754088286, -32.037464623351582 ], [ -52.085674654290621, -32.037342211429518 ], [ -52.085564753397811, -32.03755201295688 ], [ -52.085447212014117, -32.03761565776442 ], [ -52.085216379900075, -32.037580097236784 ], [ -52.085156308222921, -32.037339762046017 ], [ -52.085045852572264, -32.037260313122523 ], [ -52.085087934660137, -32.037179959142357 ], [ -52.085038990861641, -32.036982588970496 ], [ -52.084947848051186, -32.03693125416185 ], [ -52.084863696838873, -32.037140787060622 ], [ -52.085009116976593, -32.037269386466058 ], [ -52.08495048846121, -32.037404676322325 ], [ -52.084731244087948, -32.037380465174337 ], [ -52.084582622696367, -32.037492666047541 ], [ -52.084538202828398, -32.037620067458668 ], [ -52.084450638557065, -32.037631595513758 ], [ -52.084163615306579, -32.036729229934487 ], [ -52.084208382200629, -32.036543247307584 ], [ -52.083910852677334, -32.036467092915935 ], [ -52.083801673703142, -32.036636054048103 ], [ -52.083992301976664, -32.036747738307753 ], [ -52.084081251806381, -32.037199525902679 ], [ -52.084033954679263, -32.037395166554518 ], [ -52.083836860377509, -32.037493854800871 ], [ -52.083795921236607, -32.037631859285895 ], [ -52.083865085221888, -32.037784105747093 ], [ -52.083754840803465, -32.037869006812521 ], [ -52.083682169852715, -32.037814898516046 ], [ -52.083505893786516, -32.03710259105398 ], [ -52.083368917943886, -32.037098714885516 ], [ -52.083475937708023, -32.037739612173127 ], [ -52.083378676438421, -32.038068237635535 ], [ -52.08356482671136, -32.038127817095074 ], [ -52.083643548493662, -32.038339816445607 ], [ -52.083734399845156, -32.038379130071377 ], [ -52.083795358693948, -32.038322385001536 ], [ -52.083820404962246, -32.038046182273284 ], [ -52.084286518958848, -32.038004164990241 ], [ -52.084401180072561, -32.038287463746151 ], [ -52.084368274739631, -32.038481334952756 ], [ -52.084507962952031, -32.038754652906057 ], [ -52.084455302373755, -32.038826798800805 ], [ -52.084311279011168, -32.038832810665539 ], [ -52.084237091842958, -32.038948735218106 ], [ -52.084055575632142, -32.038996167354135 ], [ -52.083966623344473, -32.038919933326191 ], [ -52.083877141356481, -32.038620962992816 ], [ -52.08378881540407, -32.038589603785965 ], [ -52.083718292399979, -32.038671273410024 ], [ -52.083796681215517, -32.038891962603195 ], [ -52.083770745710908, -32.039058106934505 ], [ -52.083140263036647, -32.039215723438893 ], [ -52.083229354747445, -32.039359566908431 ], [ -52.083346455018862, -32.039292195527594 ], [ -52.083843219797018, -32.039293762551935 ], [ -52.083999559696394, -32.039749910948103 ], [ -52.083998110655735, -32.039979823813198 ], [ -52.083855533328439, -32.040384235280165 ], [ -52.083714586972768, -32.040432324863509 ], [ -52.083581207229699, -32.040378429296354 ], [ -52.083515845161571, -32.040144239197716 ], [ -52.083435592669851, -32.040094177381725 ], [ -52.083357787851554, -32.040153380642728 ], [ -52.083363921311246, -32.040425947920028 ], [ -52.083529834462077, -32.04071142226438 ], [ -52.083609279177089, -32.040697048887125 ], [ -52.083716028537673, -32.040545185647609 ], [ -52.083995410852928, -32.040578175866372 ], [ -52.08410398781907, -32.040738167168684 ], [ -52.084090081596791, -32.040825411081592 ], [ -52.083772988518255, -32.040919648247922 ], [ -52.083577621728821, -32.040796519540869 ], [ -52.083484797266635, -32.040962637053305 ], [ -52.082874120461405, -32.041096216801023 ], [ -52.082817414217274, -32.041155380917203 ], [ -52.082908391006683, -32.041291929658414 ], [ -52.083523183007578, -32.041214625772476 ], [ -52.083630050852413, -32.041332355442407 ], [ -52.083798337098443, -32.042070094473218 ], [ -52.083630930053786, -32.042201555216636 ], [ -52.083635411341504, -32.042438119165176 ], [ -52.083548974331578, -32.042709125404407 ], [ -52.08348504009426, -32.04275590250738 ], [ -52.083410197328746, -32.042722533051951 ], [ -52.083304204216738, -32.042311399561392 ], [ -52.083218533788482, -32.042269989069013 ], [ -52.08315214470516, -32.042338045445419 ], [ -52.083221643552761, -32.042760590775032 ], [ -52.083164673962926, -32.042855198629525 ], [ -52.082888070130387, -32.042879998892957 ], [ -52.082785339197954, -32.042955396929905 ], [ -52.082489685290248, -32.042661725478844 ], [ -52.082428139689142, -32.042739567852664 ], [ -52.082464434297826, -32.042931008340467 ], [ -52.082343003169768, -32.04306982098597 ], [ -52.081813720629086, -32.043046158064755 ], [ -52.081701428708072, -32.043228271536449 ], [ -52.081873363784965, -32.043529522085777 ], [ -52.081927148502729, -32.044016320905584 ], [ -52.081698196643373, -32.04418772531249 ], [ -52.081536898308912, -32.044222884888029 ], [ -52.081174650671272, -32.044159123530882 ], [ -52.081088990207029, -32.044306506185805 ], [ -52.081144793350013, -32.044464569166976 ], [ -52.081020429012028, -32.044552049451802 ], [ -52.07990665912093, -32.044803126516321 ], [ -52.07981847106376, -32.04487526374507 ], [ -52.079909560113855, -32.045029515712592 ], [ -52.080456366022467, -32.044962981776301 ], [ -52.080923508386469, -32.044801212566504 ], [ -52.081086783923389, -32.044952629900166 ], [ -52.081384801524081, -32.044935745311108 ], [ -52.081501241441678, -32.045293426925539 ], [ -52.081301849703756, -32.045745680136037 ], [ -52.081334565405044, -32.045999215291829 ], [ -52.081899462980417, -32.045938107893654 ], [ -52.081975743421857, -32.045814597894768 ], [ -52.081896720199182, -32.045583936613291 ], [ -52.082047397715456, -32.045344676307977 ], [ -52.082136934835489, -32.045386029581799 ], [ -52.082184240337376, -32.045611865288748 ], [ -52.082472730417273, -32.0456069340215 ], [ -52.083682080383596, -32.045298386355242 ], [ -52.083874067428752, -32.045404238259103 ], [ -52.08410960084354, -32.045215275356838 ], [ -52.08429705204086, -32.045165290742588 ], [ -52.08449238484048, -32.045261351085919 ], [ -52.084925348416505, -32.045135094775354 ], [ -52.084907733024281, -32.044734898429446 ], [ -52.084810567719195, -32.044625585638741 ], [ -52.084679790001665, -32.044141532781104 ], [ -52.084190451647679, -32.043970165053416 ], [ -52.083863821089267, -32.044114180957862 ], [ -52.083689280342938, -32.044113534278317 ], [ -52.083628769240519, -32.044055449171715 ], [ -52.083752491924031, -32.043881665186063 ], [ -52.084182638005458, -32.043916725480813 ], [ -52.08427610442584, -32.043795050391083 ], [ -52.084553952812868, -32.043746468964827 ], [ -52.084679714647415, -32.043429382278191 ], [ -52.084490482224972, -32.043299117456485 ], [ -52.084350038875876, -32.043319992407874 ], [ -52.084283592067003, -32.043254422584141 ], [ -52.084427336984604, -32.04309250261818 ], [ -52.084438691821184, -32.04279983828863 ], [ -52.084595498867699, -32.042745639431487 ], [ -52.084751817117578, -32.042781696448891 ], [ -52.084884779158195, -32.043163754526304 ], [ -52.084844979816495, -32.043411743583526 ], [ -52.084922253882603, -32.043471038059941 ], [ -52.085173494975152, -32.043290562621635 ], [ -52.085051723038717, -32.043132822439347 ], [ -52.085084933522829, -32.04291123077445 ], [ -52.085007334812531, -32.042784186431476 ], [ -52.085030738430142, -32.042689048154635 ], [ -52.085160410502894, -32.042630060292979 ], [ -52.08560299696277, -32.042544139812478 ], [ -52.085768300839106, -32.042598589947765 ], [ -52.085748646716731, -32.042692881270717 ], [ -52.085590014742245, -32.042733866657208 ], [ -52.085491255876619, -32.042906983625116 ], [ -52.085265243644322, -32.042907379718699 ], [ -52.085332096844027, -32.043201029636492 ], [ -52.085597647067729, -32.043229238517128 ], [ -52.08573330611344, -32.04315302190826 ], [ -52.085856248503418, -32.043222214473744 ], [ -52.086024367804335, -32.043188938593325 ], [ -52.08615174158831, -32.043237572731613 ], [ -52.086342323518551, -32.043047144769815 ], [ -52.08625169294546, -32.042796167249264 ], [ -52.086029011188863, -32.04282559521296 ], [ -52.085946727672443, -32.042730688087943 ], [ -52.086065216354378, -32.042579247506239 ], [ -52.086240118670275, -32.042657413662553 ], [ -52.086328911852704, -32.042583875320744 ], [ -52.086313800840529, -32.042487859340511 ], [ -52.086203020479289, -32.042459106104936 ], [ -52.086165237312706, -32.042381266154457 ], [ -52.086380345075483, -32.042110896715201 ], [ -52.086326421689066, -32.041866912149956 ], [ -52.0859673255639, -32.041851546531184 ], [ -52.085876390279651, -32.042033325012163 ], [ -52.086001069082073, -32.042136784395232 ], [ -52.086009507801784, -32.042239661076259 ], [ -52.085893186632759, -32.04233689418097 ], [ -52.085800624752324, -32.042322400762544 ], [ -52.085752308206423, -32.042087927245674 ], [ -52.085588149940762, -32.041998972050258 ], [ -52.085589507352147, -32.041830229734828 ], [ -52.085458646346247, -32.041732241735005 ], [ -52.085455366500042, -32.041550791928884 ], [ -52.085595227664683, -32.041500131870762 ], [ -52.08593256510386, -32.041717192202412 ], [ -52.08609291146854, -32.041601007288115 ], [ -52.08611112714263, -32.04151000248811 ], [ -52.08600398232884, -32.041417682428161 ], [ -52.085818821783519, -32.041457424192373 ], [ -52.085663767684785, -32.041276483158988 ], [ -52.085442787214305, -32.04129638825998 ], [ -52.085339445695844, -32.041201784550786 ], [ -52.085289002922849, -32.04097145560015 ], [ -52.085455178391676, -32.040819954464851 ], [ -52.085574809485053, -32.040811585033708 ], [ -52.085714218680863, -32.041066702701769 ], [ -52.085964281595665, -32.040918002037465 ], [ -52.086131288946135, -32.041032777211925 ], [ -52.086352153494552, -32.041060216011971 ], [ -52.086504819821947, -32.040756910164525 ], [ -52.086399297360948, -32.040611264658907 ], [ -52.086282723999275, -32.040685708809356 ], [ -52.086095524250268, -32.040696457175599 ], [ -52.086036544424317, -32.040491889850863 ], [ -52.085902488859148, -32.040421241275332 ], [ -52.085942022370297, -32.040040482947447 ], [ -52.086095803245819, -32.039992380614834 ], [ -52.086138657503014, -32.039908765428983 ], [ -52.086068647421698, -32.039811726621267 ], [ -52.085843381824255, -32.03985818574057 ], [ -52.085744074014357, -32.039774580715402 ], [ -52.085764377469658, -32.039614025720866 ], [ -52.085576854378665, -32.039207370141668 ], [ -52.085560967031554, -32.039004943085054 ], [ -52.085615931140872, -32.038921374216656 ], [ -52.085907644671565, -32.038889300066181 ], [ -52.085963810580843, -32.038951768227598 ], [ -52.085829187865833, -32.03914728817702 ], [ -52.086011245878794, -32.039284888924236 ], [ -52.086092523191475, -32.039226377631522 ], [ -52.086059317252698, -32.038945979313013 ], [ -52.086149882890496, -32.038800979424487 ], [ -52.086378572811299, -32.038807834509107 ], [ -52.086557369364989, -32.039017475956953 ], [ -52.086697307439984, -32.038946522630162 ], [ -52.086902565355558, -32.039023126625892 ], [ -52.08700818398183, -32.038941306261847 ], [ -52.087062630926482, -32.038639257489244 ], [ -52.08702169503389, -32.038466495614323 ], [ -52.08688181949595, -32.038414868250193 ], [ -52.086740231536055, -32.038514015094599 ], [ -52.086599195557149, -32.038447124790245 ], [ -52.086484281781757, -32.038549714830303 ], [ -52.086329513030002, -32.038505776343825 ], [ -52.086201381183074, -32.038582252667346 ], [ -52.086102519306024, -32.038516934088165 ], [ -52.086152815777851, -32.038343349534351 ], [ -52.086059103583466, -32.038229767556494 ], [ -52.086070863240053, -32.038049030620492 ], [ -52.085964178018088, -32.037892407763962 ], [ -52.086094154984231, -32.037748960004024 ], [ -52.086247097443277, -32.037717505646121 ], [ -52.086318201127, -32.037563565455905 ], [ -52.086536712835752, -32.037506649337111 ], [ -52.086679733618752, -32.037573668506376 ], [ -52.08685658689015, -32.037475060789212 ], [ -52.086901431231269, -32.037548968342207 ], [ -52.086825762881098, -32.037961147333078 ], [ -52.086866958449647, -32.038192576007184 ], [ -52.087039199468983, -32.03817385782456 ], [ -52.087111935103387, -32.037985469987312 ], [ -52.087224924504312, -32.038052442929974 ], [ -52.087183530697892, -32.038397538465112 ], [ -52.087263866405543, -32.038769426636961 ], [ -52.087096168695382, -32.039805829069252 ], [ -52.087007215145896, -32.039882688958556 ], [ -52.086878700215316, -32.039853735237784 ], [ -52.086898481955203, -32.039454160559565 ], [ -52.086795065835389, -32.039400151751948 ], [ -52.08670229291139, -32.039659130236281 ], [ -52.086684445926828, -32.040163329371687 ], [ -52.086588473557569, -32.040217519411783 ], [ -52.086513364395927, -32.040184294659518 ], [ -52.086535697327783, -32.039927038743514 ], [ -52.086451773846626, -32.039869166793856 ], [ -52.086218282129494, -32.039964772691476 ], [ -52.086181871556668, -32.040258567253254 ], [ -52.086383408436959, -32.040453973371385 ], [ -52.086537255700463, -32.040396082873386 ], [ -52.086607496375137, -32.040431784706762 ], [ -52.086617562984529, -32.040635389113092 ], [ -52.086534246924607, -32.040759466435631 ], [ -52.086589304211117, -32.040886850054662 ], [ -52.086581833901114, -32.041251476198724 ], [ -52.086660784538473, -32.041310469426584 ], [ -52.086801746194119, -32.04125770005507 ], [ -52.086857972786831, -32.041314142029314 ], [ -52.086807711490735, -32.041410636051275 ], [ -52.086666004300255, -32.041360191193405 ], [ -52.086590942507051, -32.041397888642827 ], [ -52.086575214711274, -32.041651460389183 ], [ -52.086486271344, -32.0418193244032 ], [ -52.086518293773651, -32.042052757404782 ], [ -52.086814303143875, -32.042104506822142 ], [ -52.086884888504237, -32.042176040595429 ], [ -52.086857465135964, -32.042457011725084 ], [ -52.08677063103778, -32.042585900519995 ], [ -52.086820831383662, -32.042707358588977 ], [ -52.086797693333011, -32.043013495496595 ], [ -52.086903007913314, -32.043099619507352 ], [ -52.086995969127535, -32.043081438514321 ], [ -52.087060523045388, -32.04292929270737 ], [ -52.087114003266159, -32.042493145047231 ], [ -52.087318399100994, -32.042383416386492 ], [ -52.087223830621696, -32.042051648432377 ], [ -52.087434041616611, -32.039848589334994 ], [ -52.087877521697003, -32.039803744993876 ], [ -52.088256602166368, -32.039884344841482 ], [ -52.088334362812695, -32.039823140635768 ], [ -52.08827922582303, -32.039706231539462 ], [ -52.088082217214499, -32.039604923656327 ], [ -52.087895449664387, -32.039642281158713 ], [ -52.087552758251903, -32.039598579203357 ], [ -52.087486151741793, -32.039536651224275 ], [ -52.087509596259814, -32.039004274757602 ], [ -52.087726674733702, -32.038877279519916 ], [ -52.08776796906205, -32.038622338667324 ], [ -52.087964108374251, -32.038596473341514 ], [ -52.088066781253453, -32.038672434611222 ], [ -52.088566541827994, -32.038776210252209 ], [ -52.088596870760469, -32.039336666016517 ], [ -52.088655487269577, -32.039393351271428 ], [ -52.088897198972596, -32.03936070887837 ], [ -52.088878169020425, -32.038981639764927 ], [ -52.088958746426513, -32.038917146670215 ], [ -52.090199496743324, -32.039243212232137 ], [ -52.090292738688774, -32.039320237403302 ], [ -52.090284142573758, -32.039509918061924 ], [ -52.09021067223528, -32.039604434045394 ], [ -52.089837662380063, -32.039561945451055 ], [ -52.08975940176547, -32.039625354001359 ], [ -52.089803590160642, -32.039714824700958 ], [ -52.090108021524848, -32.039783317973907 ], [ -52.090108021524848, -32.039904771861451 ], [ -52.089857318788866, -32.039903607441246 ], [ -52.089746909591099, -32.04000115631051 ], [ -52.089483688002275, -32.040031400391527 ], [ -52.089517477123174, -32.040149760995334 ], [ -52.0896868281636, -32.040220768970265 ], [ -52.089722444504815, -32.040296026726729 ], [ -52.089449743419671, -32.040885660974553 ], [ -52.089173665955109, -32.040890263772873 ], [ -52.089048661387174, -32.040826755446858 ], [ -52.089009225795344, -32.040750313877631 ], [ -52.089184770915324, -32.040550700012822 ], [ -52.08901946606197, -32.040408243850919 ], [ -52.088927145389114, -32.040448243850918 ], [ -52.088849539109177, -32.040798789769177 ], [ -52.088510023916854, -32.040748857886378 ], [ -52.088443083546991, -32.040789621161871 ], [ -52.088314841080546, -32.041049694863666 ], [ -52.088351939680145, -32.04129783125876 ], [ -52.08827162864057, -32.041433783891257 ], [ -52.088297815876572, -32.04153195670073 ], [ -52.088525501553399, -32.041649984457628 ], [ -52.08847274627302, -32.042578039443271 ], [ -52.088397843279154, -32.042713010049241 ], [ -52.088426646373783, -32.042875956191715 ], [ -52.088055013164769, -32.043026083015185 ], [ -52.087402444948275, -32.043070229792797 ], [ -52.087237364743658, -32.043148361648456 ], [ -52.086949847658076, -32.043124099126317 ], [ -52.086423937428954, -32.043565169844669 ], [ -52.086249545899605, -32.044038023649165 ], [ -52.086132294853023, -32.04413882366849 ], [ -52.086074375742953, -32.04461323093733 ], [ -52.086237565057139, -32.044570750678197 ], [ -52.08630562146449, -32.044321772237666 ], [ -52.086408919369582, -32.044235821372503 ], [ -52.086610337844817, -32.04423195277414 ], [ -52.086678636946722, -32.044736091831972 ], [ -52.086809376102586, -32.044726990888527 ], [ -52.086843096961772, -32.044463183646116 ], [ -52.086983071668342, -32.044449823841518 ], [ -52.087034696016495, -32.044878447357831 ], [ -52.087177158086085, -32.04505798591704 ], [ -52.087261095299453, -32.045000117540923 ], [ -52.087313451603571, -32.044684881975343 ], [ -52.087225966007367, -32.044558502475788 ], [ -52.087227613395569, -32.04425323761992 ], [ -52.087289366843834, -32.044198098585419 ], [ -52.087470121028133, -32.044210366826931 ], [ -52.0875038885655, -32.044494642907907 ], [ -52.087351873441868, -32.044657449062093 ], [ -52.087575189362546, -32.044789799900109 ], [ -52.087626829859722, -32.045195098076661 ], [ -52.087572379724435, -32.045279802105391 ], [ -52.087371785419407, -32.04528323248536 ], [ -52.087268150491063, -32.045091732129421 ], [ -52.087154686055143, -32.045116679745213 ], [ -52.087183266557943, -32.045378614140638 ], [ -52.087104627271167, -32.045552670860943 ], [ -52.087192174572586, -32.045808594997688 ], [ -52.087282444394219, -32.04588237084306 ], [ -52.087455282785115, -32.045803587287793 ], [ -52.087505647130698, -32.045917898022068 ], [ -52.087432887271902, -32.045981706705739 ], [ -52.087248822808064, -32.045946141508473 ], [ -52.087169380486408, -32.046166400429058 ], [ -52.086797133112427, -32.04619638773837 ], [ -52.086789814831889, -32.046296845743626 ], [ -52.086992294154769, -32.04644413003512 ], [ -52.086863857241362, -32.046594014663491 ], [ -52.086861894402531, -32.04681077413467 ], [ -52.086238779147259, -32.046908442249396 ], [ -52.086201081697837, -32.046983504042601 ], [ -52.086252842373256, -32.047202324968723 ], [ -52.086149882890496, -32.047254498371736 ], [ -52.086095774594021, -32.047094834831029 ], [ -52.08617734198144, -32.046936275945278 ], [ -52.085948053294068, -32.04673978217415 ], [ -52.08593174119175, -32.046461904606012 ], [ -52.085840656122045, -32.046402735429147 ], [ -52.085774929684227, -32.046465784308921 ], [ -52.085731793150387, -32.046843470573165 ], [ -52.085654241474472, -32.046994977773927 ], [ -52.085673511893027, -32.047701849293915 ], [ -52.085611833669574, -32.048069520177805 ], [ -52.085662613002881, -32.048234652488496 ], [ -52.085801245095652, -32.048344650558633 ], [ -52.086031839542784, -32.048385063359426 ], [ -52.086532203677258, -32.048350995011596 ], [ -52.086716324723731, -32.048580239354372 ], [ -52.086964466397319, -32.048619807614855 ], [ -52.086990041367038, -32.048732051670925 ], [ -52.086928105315359, -32.048788805605909 ], [ -52.086594470831727, -32.048829348762048 ], [ -52.086421179913728, -32.048712940670491 ], [ -52.086255885214662, -32.048710028154325 ], [ -52.08617843307831, -32.048810057297459 ], [ -52.086330145747212, -32.048989340964958 ], [ -52.08649947586661, -32.049469878083869 ], [ -52.086703127983426, -32.049435768621585 ], [ -52.086775798934177, -32.049489876918059 ], [ -52.086773769304955, -32.049759910248575 ], [ -52.086702037633621, -32.049847684105835 ], [ -52.086533236093253, -32.049851725180062 ], [ -52.086552453539532, -32.05001488009934 ], [ -52.086624998091963, -32.050046914938065 ], [ -52.086738522636146, -32.049949998661546 ], [ -52.087145314849465, -32.049925788023316 ], [ -52.087216744070879, -32.049996839060036 ], [ -52.087302774586369, -32.050337140963222 ], [ -52.087251799376347, -32.050448390775834 ], [ -52.086846015450682, -32.05052186884253 ], [ -52.086648688255529, -32.050382278852119 ], [ -52.086542977506667, -32.050447076777388 ], [ -52.086589175380446, -32.050678230543703 ], [ -52.086767453177288, -32.050739637793569 ], [ -52.086842828255485, -32.050875235374235 ], [ -52.087185661687585, -32.050834964036156 ], [ -52.087259869421864, -32.050890199902582 ], [ -52.087254419052606, -32.050994666034896 ], [ -52.087108272862793, -32.051186129894226 ], [ -52.086855126838678, -32.051285379944055 ], [ -52.086678613637346, -32.051269939999678 ], [ -52.086577801420439, -32.051364489974553 ], [ -52.086261632486448, -32.051405927167671 ], [ -52.08620567011787, -32.051323728977785 ], [ -52.086271615121078, -32.051172116580645 ], [ -52.08617065578639, -32.050936963137573 ], [ -52.086013534766941, -32.050914713796779 ], [ -52.085867682842448, -32.050741309924497 ], [ -52.085533959755864, -32.050899355894593 ], [ -52.085783875286666, -32.051548922637856 ], [ -52.086019001472984, -32.051849806862386 ], [ -52.086226866322704, -32.052287662081071 ], [ -52.086392688606502, -32.052492547295742 ], [ -52.086596878183983, -32.052576712958306 ], [ -52.086739566951564, -32.052559289670761 ], [ -52.086801982791151, -32.052434591950508 ], [ -52.086629478857404, -32.052116361146446 ], [ -52.086411303497826, -32.051940049917405 ], [ -52.086405529305324, -32.051856737191841 ], [ -52.086737444880072, -32.051659009142753 ], [ -52.086993084430638, -32.051598204238523 ], [ -52.087115388626451, -32.051419834542017 ], [ -52.087458796413522, -32.051340125642021 ], [ -52.088036714995617, -32.051784706967261 ], [ -52.088231591170199, -32.051691206617981 ], [ -52.088186099281543, -32.051533710176237 ], [ -52.087828711465299, -32.051202223137096 ], [ -52.087833610852563, -32.051029631661798 ], [ -52.088097224634872, -32.050647739773289 ], [ -52.0881054133826, -32.050478523842294 ], [ -52.088262110246802, -32.050308589707747 ], [ -52.088406979611577, -32.0502595723543 ], [ -52.088602319608519, -32.049998914899703 ], [ -52.088794939655671, -32.049948607824518 ], [ -52.088972707893383, -32.049814994563306 ], [ -52.089020486324195, -32.049660777708262 ], [ -52.089220298185055, -32.049563066444399 ], [ -52.089525470695776, -32.04928293846347 ], [ -52.090659778280404, -32.049100243681181 ], [ -52.090866399994859, -32.049185596525859 ], [ -52.090938807841681, -32.049342878999838 ], [ -52.091231369421315, -32.049433318901677 ], [ -52.092018775050803, -32.049400872871459 ], [ -52.092130709832759, -32.049488184482762 ], [ -52.092195523258312, -32.049711861106651 ], [ -52.092305426418115, -32.049713411134171 ], [ -52.092341920944662, -32.048826637121401 ], [ -52.092221298194318, -32.048159363343046 ], [ -52.092221406952774, -32.047607166108023 ], [ -52.092303294983665, -32.047530535073925 ], [ -52.092700996222689, -32.047678162430046 ], [ -52.092782308891948, -32.047619659037139 ], [ -52.092725404917971, -32.046766536763521 ], [ -52.092906431654981, -32.046574732040376 ], [ -52.092713206548126, -32.046448591514633 ], [ -52.092749552961607, -32.046300620947349 ], [ -52.092935133412702, -32.046281650101776 ], [ -52.093023236137164, -32.046378731623726 ], [ -52.092961191549833, -32.046605372792527 ], [ -52.09306704255205, -32.046882997461225 ], [ -52.093066903514782, -32.047273599274064 ], [ -52.093012316053652, -32.04738894767987 ], [ -52.093067319573116, -32.047579611206544 ], [ -52.092896511915143, -32.047747736093235 ], [ -52.092689312521451, -32.047719338155801 ], [ -52.092653153359635, -32.048035861274514 ], [ -52.092425433308442, -32.048223081300584 ], [ -52.092586386951297, -32.049310502451242 ], [ -52.092922100426065, -32.049210495706262 ], [ -52.092926359308819, -32.048979419084674 ], [ -52.093182666914679, -32.048905381588746 ], [ -52.093330750581394, -32.048644707515408 ], [ -52.093499900767249, -32.048548240464775 ], [ -52.093442686440127, -32.048160067101385 ], [ -52.093522538857052, -32.048067663985663 ], [ -52.094292889044837, -32.047981600487411 ], [ -52.094532307962638, -32.047828065402051 ], [ -52.094705507151538, -32.047828175783891 ], [ -52.094759574831045, -32.047900834419565 ], [ -52.094768805401387, -32.048371235652439 ], [ -52.094849479281372, -32.048457531921933 ], [ -52.095002006586149, -32.04846820396704 ], [ -52.09511891943135, -32.048589128382915 ], [ -52.095370169864587, -32.048531187585766 ], [ -52.095472606465023, -32.048367568271011 ], [ -52.095582783315201, -32.048323009464454 ], [ -52.095568194890831, -32.048058002429897 ], [ -52.095663817212106, -32.047977109045341 ], [ -52.095850098390891, -32.047991391680775 ], [ -52.095969886860907, -32.048178852850988 ], [ -52.096268859896682, -32.048264621111393 ], [ -52.096855464261168, -32.048160869716746 ], [ -52.096933199742026, -32.048068577141578 ], [ -52.096912680800706, -32.047945188512159 ], [ -52.096571328868592, -32.047937567447164 ], [ -52.096412485919096, -32.047756426640568 ], [ -52.096506208752288, -32.047354614491624 ], [ -52.096456982095759, -32.047162321229017 ], [ -52.096587137023903, -32.047089905307757 ], [ -52.096669263620356, -32.046943204118797 ], [ -52.09649273671139, -32.046773533304552 ], [ -52.096504407147165, -32.046653570775852 ], [ -52.096628077882578, -32.046588381479182 ], [ -52.0967010140917, -32.046380491211806 ], [ -52.096559305108677, -32.046200608106716 ], [ -52.096708360033261, -32.045928029077231 ], [ -52.096708471663547, -32.045703838111983 ], [ -52.096492813096361, -32.045564615016403 ], [ -52.09650363928781, -32.045435450208558 ], [ -52.096643739353546, -32.04529356508769 ], [ -52.0966201548611, -32.045113983093707 ], [ -52.096857736846502, -32.045073588713329 ], [ -52.096901015142393, -32.045001580700536 ], [ -52.097168806294, -32.045066480295041 ], [ -52.097345891844185, -32.044957071544687 ], [ -52.097923522607999, -32.044873167230335 ], [ -52.098059189491785, -32.04519581077863 ], [ -52.098013659111565, -32.045441498181397 ], [ -52.098207242345289, -32.045593783190732 ], [ -52.09851234595827, -32.045363352314602 ], [ -52.098611294426519, -32.045403243431608 ], [ -52.098673984638133, -32.045328460696147 ], [ -52.098821131906824, -32.045397706360212 ], [ -52.098973678281077, -32.045280946622213 ], [ -52.098880941467797, -32.045163634859662 ], [ -52.098662119911573, -32.045283040708021 ], [ -52.098547947853184, -32.045252878581934 ], [ -52.098503272614749, -32.045326616718953 ], [ -52.098231250768819, -32.045232175310495 ], [ -52.098145109972286, -32.044912943022382 ], [ -52.0982325018213, -32.04475945341175 ], [ -52.09840979480753, -32.044798744574557 ], [ -52.098709470262655, -32.044711691823167 ], [ -52.09875414550109, -32.044637953686149 ], [ -52.098910969881665, -32.044671391899364 ], [ -52.098954346660726, -32.044581656699897 ], [ -52.098876213, -32.044518836078815 ], [ -52.09874507215757, -32.044601218090499 ], [ -52.098525223917882, -32.044561326973501 ], [ -52.098273330742252, -32.04464362652277 ], [ -52.098222059064589, -32.044718858735934 ], [ -52.098028136447986, -32.044590855545252 ], [ -52.098013866259208, -32.044227382976302 ], [ -52.098072477218423, -32.044118832082347 ], [ -52.09843518476066, -32.044151752026018 ], [ -52.098521938785076, -32.044019600925175 ], [ -52.098342318786969, -32.043954637145575 ], [ -52.098104648691354, -32.044003580944043 ], [ -52.098060045955471, -32.044069068149035 ], [ -52.097910396980282, -32.043917123877755 ], [ -52.097913116160321, -32.043703978044149 ], [ -52.098067829656657, -32.043639898760127 ], [ -52.098183402004878, -32.043461582287733 ], [ -52.098570994502715, -32.043428547165263 ], [ -52.098631947270306, -32.043332359062006 ], [ -52.098575219478931, -32.04327245544178 ], [ -52.098382618710772, -32.043269538440924 ], [ -52.098070910417668, -32.043349756301971 ], [ -52.097917220423724, -32.043233698370933 ], [ -52.097904915662738, -32.043009791324806 ], [ -52.098048090009364, -32.042915812710099 ], [ -52.098118939547049, -32.042770303287284 ], [ -52.098040365301422, -32.042705339507684 ], [ -52.097635120957108, -32.042709799361496 ], [ -52.097570567097378, -32.042333286557565 ], [ -52.09767734480868, -32.042164785537359 ], [ -52.097510116922294, -32.042069400285449 ], [ -52.097363663732644, -32.041593166993181 ], [ -52.097506315660226, -32.041459885203444 ], [ -52.097837396864584, -32.041429396261584 ], [ -52.097871654380356, -32.041657702845988 ], [ -52.098025992364946, -32.04190387770339 ], [ -52.097956318889537, -32.04204030129592 ], [ -52.097791107775492, -32.042096820704955 ], [ -52.097786618139367, -32.042179199884359 ], [ -52.097857306106405, -32.04222174042205 ], [ -52.098167995264717, -32.042179249527365 ], [ -52.098309547879865, -32.042042761500277 ], [ -52.09806272796061, -32.041894804359863 ], [ -52.098104810048483, -32.041774150455893 ], [ -52.098027876372377, -32.041422270185784 ], [ -52.09811081451727, -32.041338985432041 ], [ -52.098425190357609, -32.041294842174587 ], [ -52.098503076760828, -32.041349292309874 ], [ -52.09862870905792, -32.041857022026534 ], [ -52.098572527800869, -32.041965923806416 ], [ -52.098427048081675, -32.041948284830148 ], [ -52.098383671302749, -32.042038020029644 ], [ -52.098440399094123, -32.042097923649791 ], [ -52.098591139207286, -32.042035732010874 ], [ -52.098689069474609, -32.042088132114372 ], [ -52.098749266990517, -32.042507036259849 ], [ -52.098693427572279, -32.042610722587263 ], [ -52.098402958403611, -32.042586837235994 ], [ -52.098262771531303, -32.042723118734223 ], [ -52.098340905192039, -32.042785939355291 ], [ -52.098651594350379, -32.042743448460598 ], [ -52.098712038978697, -32.042680530791721 ], [ -52.09880996924602, -32.04273293089522 ], [ -52.098920762178174, -32.043139124113843 ], [ -52.098862019387951, -32.043283559049605 ], [ -52.098982696996238, -32.04339498262965 ], [ -52.099031708295946, -32.04362340104835 ], [ -52.098981800409383, -32.043717743712946 ], [ -52.098624615859386, -32.043792818700688 ], [ -52.098524086357166, -32.044012205392697 ], [ -52.098652043182454, -32.044075536916985 ], [ -52.099047521651563, -32.043994224023784 ], [ -52.099141267493984, -32.044064401271655 ], [ -52.099202975455043, -32.044410350319282 ], [ -52.099068770007378, -32.0445769152292 ], [ -52.099302467189197, -32.044709200052502 ], [ -52.099365031650223, -32.045045359260527 ], [ -52.099155208478578, -32.045173703426144 ], [ -52.099132924263735, -32.045249043660277 ], [ -52.099299162867744, -32.045488182451848 ], [ -52.099397844152328, -32.045481958529344 ], [ -52.099550590017493, -32.045291446231992 ], [ -52.099684377699212, -32.045289768509583 ], [ -52.099942972616681, -32.045508102113892 ], [ -52.09995320225142, -32.045669873328329 ], [ -52.100034772290314, -32.045717394510135 ], [ -52.10019443106777, -32.045640221847755 ], [ -52.100205687460054, -32.045427942253198 ], [ -52.100296876957351, -32.045310962244336 ], [ -52.100441459125648, -32.045290280643577 ], [ -52.100487458656687, -32.045396092934162 ], [ -52.100260243407135, -32.04563673691348 ], [ -52.10026642239216, -32.045731209622197 ], [ -52.100424790997678, -32.045806242669627 ], [ -52.100569911605483, -32.045654664181178 ], [ -52.100790923941759, -32.045651950553918 ], [ -52.100847007677409, -32.045693002185061 ], [ -52.100814999031087, -32.045875244251611 ], [ -52.100957165224656, -32.046009933259526 ], [ -52.101172525746406, -32.045961266816597 ], [ -52.101326162974622, -32.045832831897762 ], [ -52.101321742731429, -32.045749123647951 ], [ -52.101212806685886, -32.045656048432015 ], [ -52.100997224099437, -32.045670463091945 ], [ -52.100967402990875, -32.04555340513172 ], [ -52.10115928381218, -32.045404869986946 ], [ -52.10119519564504, -32.045183874290579 ], [ -52.101464819580904, -32.045124990818785 ], [ -52.101740575272231, -32.04524804868624 ], [ -52.101729660973113, -32.04533687791826 ], [ -52.10159691611635, -32.045423510824186 ], [ -52.101610903419335, -32.04568710808212 ], [ -52.101802954180506, -32.045892844310707 ], [ -52.101874692576949, -32.045863579002734 ], [ -52.102018572244781, -32.04557520744369 ], [ -52.102122443216729, -32.045576394651356 ], [ -52.102450376923258, -32.045805309734867 ], [ -52.102770077950737, -32.045472631463987 ], [ -52.102968443179698, -32.045355420987214 ], [ -52.103149345362077, -32.045426675590463 ], [ -52.103408751100403, -32.045165512208648 ], [ -52.103580919875206, -32.04518270764887 ], [ -52.103666787527622, -32.045475316282392 ], [ -52.103895925458083, -32.04552454018495 ], [ -52.103890776118483, -32.045777318710826 ], [ -52.103799872989278, -32.045842809313861 ], [ -52.103690134978557, -32.045818390898063 ], [ -52.103584084745208, -32.045985714554206 ], [ -52.103400493178121, -32.046018822288076 ], [ -52.103245868669823, -32.046136363380676 ], [ -52.103144978805318, -32.046279944533197 ], [ -52.103132589030956, -32.04644077464517 ], [ -52.102742346217191, -32.046964412903776 ], [ -52.10265178272396, -32.047846768897344 ], [ -52.10288522177234, -32.047925661143722 ], [ -52.103000631997276, -32.048225764484194 ], [ -52.103089941899412, -32.048304308489385 ], [ -52.1032373674729, -32.048314510566101 ], [ -52.103344364558396, -32.048500208089983 ], [ -52.103770172192363, -32.048456646762496 ], [ -52.103960576189465, -32.04831885876991 ], [ -52.104141484669292, -32.047968628744272 ], [ -52.104068909655957, -32.047848385504999 ], [ -52.103879787345235, -32.047745508264512 ], [ -52.103648747318829, -32.047703703562085 ], [ -52.103462568924577, -32.047794089986574 ], [ -52.103344794220774, -32.047715811620186 ], [ -52.103146844941165, -32.047734118607146 ], [ -52.10309017778291, -32.047523063481108 ], [ -52.102951272155337, -32.047391080353897 ], [ -52.1030148696941, -32.047301457919353 ], [ -52.103280068761556, -32.047316399287524 ], [ -52.103361023100476, -32.047088846208084 ], [ -52.103812210603436, -32.046606318166162 ], [ -52.103810099597688, -32.046528774327278 ], [ -52.103701593346905, -32.046443624458597 ], [ -52.103652058710395, -32.04618138434288 ], [ -52.103667812474001, -32.046044401425092 ], [ -52.103811049147929, -32.045937082587145 ], [ -52.104840304415426, -32.046729079786047 ], [ -52.105040856796393, -32.046789541806042 ], [ -52.105100468759574, -32.046904731012617 ], [ -52.105326935072902, -32.0470577312784 ], [ -52.105433854630526, -32.047017731278416 ], [ -52.10545370832488, -32.04683845189205 ], [ -52.105636130685404, -32.046815236296865 ], [ -52.105721495647231, -32.046667475326799 ], [ -52.105488407480323, -32.046368088156434 ], [ -52.105458992452142, -32.04619876477279 ], [ -52.105262296736093, -32.046195429741623 ], [ -52.10523587542712, -32.046069811530884 ], [ -52.10542663509446, -32.045930273702538 ], [ -52.105493214048991, -32.046002488309924 ], [ -52.105461927413216, -32.046197164908207 ], [ -52.105733422060545, -32.046151755632089 ], [ -52.105701957542287, -32.045888777840176 ], [ -52.105589621465903, -32.04577292095982 ], [ -52.105710545962332, -32.045617405271976 ], [ -52.105962423255733, -32.045815287204832 ], [ -52.105946445783736, -32.046067710361164 ], [ -52.106127188114314, -32.046038070811463 ], [ -52.106267776192205, -32.046095290939519 ], [ -52.106255039688314, -32.046185300947478 ], [ -52.106117043534802, -32.046267847146538 ], [ -52.106110584891006, -32.046497992198972 ], [ -52.1059505066223, -32.046551324883538 ], [ -52.105882695342444, -32.046650239433802 ], [ -52.105955043396733, -32.046870598593948 ], [ -52.106285514440067, -32.046936394143927 ], [ -52.106385288980661, -32.047095305268307 ], [ -52.106594847652808, -32.047051387711655 ], [ -52.106885200555226, -32.046805659365361 ], [ -52.107479691365633, -32.047088901779567 ], [ -52.107824053769178, -32.046923470007798 ], [ -52.107866102984694, -32.046739876305296 ], [ -52.107995159846503, -32.046670712588536 ], [ -52.108052040916071, -32.04650313291814 ], [ -52.108281394103621, -32.046493919278817 ], [ -52.108338986214306, -32.046678462917306 ], [ -52.108199851492095, -32.046868940195658 ], [ -52.107824019180306, -32.046981516768263 ], [ -52.107860567716862, -32.047379211292352 ], [ -52.108448591309156, -32.047739505193888 ], [ -52.108537060001943, -32.047702265929829 ], [ -52.108587334654558, -32.047550041739939 ], [ -52.108760281285498, -32.047564733981645 ], [ -52.108764050425336, -32.047674938671712 ], [ -52.108616270125822, -32.047714109707776 ], [ -52.108577887869444, -32.047787604091333 ], [ -52.108712653069603, -32.047933632912518 ], [ -52.108869285947371, -32.047993043127875 ], [ -52.108793210827542, -32.048160575255238 ], [ -52.108807655848373, -32.048347433487535 ], [ -52.108703984339975, -32.048401299788168 ], [ -52.108539048758445, -32.048350281702824 ], [ -52.108427677606038, -32.048440594357864 ], [ -52.108404250392645, -32.048550103271268 ], [ -52.108481980285298, -32.048709494053448 ], [ -52.107945181209132, -32.049331373267975 ], [ -52.107660202508313, -32.049561184215868 ], [ -52.107642549576362, -32.049736113902775 ], [ -52.107059787421065, -32.049680124349649 ], [ -52.106775272176499, -32.049873007406852 ], [ -52.106646847809309, -32.049805972857058 ], [ -52.106705916776122, -32.049627741407669 ], [ -52.10717595613054, -32.049118275377758 ], [ -52.107199210159891, -32.049034524328839 ], [ -52.107123636617153, -32.048971701502246 ], [ -52.106487867758823, -32.049516118430525 ], [ -52.10631200414452, -32.049485418656438 ], [ -52.105969617210981, -32.049633817602334 ], [ -52.106204046985596, -32.050112221848501 ], [ -52.106934953215131, -32.050456834872108 ], [ -52.107011681203254, -32.050593406605358 ], [ -52.107158735361267, -32.050578427872551 ], [ -52.107203196898944, -32.050436702892256 ], [ -52.107289260127928, -32.050409452842175 ], [ -52.107345565969382, -32.050480384596291 ], [ -52.107266148284786, -32.050604651495476 ], [ -52.10730457754989, -32.050694795763775 ], [ -52.107698536803881, -32.050828033918123 ], [ -52.107903091435411, -32.050660967223891 ], [ -52.108022073747335, -32.050888242725634 ], [ -52.108123097963947, -32.05087733501113 ], [ -52.1083332858096, -32.050689708293355 ], [ -52.108325568274722, -32.050368646837093 ], [ -52.108228551845734, -32.050276829930233 ], [ -52.108203364268292, -32.050125163450787 ], [ -52.108061169721239, -32.050101541289656 ], [ -52.107948412893307, -32.049969125710149 ], [ -52.107740589308676, -32.050035698093374 ], [ -52.107687190745445, -32.049942427492205 ], [ -52.107723838150463, -32.049799317624284 ], [ -52.108012967086353, -32.049619136887095 ], [ -52.108114995714502, -32.049377163359487 ], [ -52.109090118035702, -32.048321774975449 ], [ -52.109270502892961, -32.04803438472517 ], [ -52.109256230229747, -32.047912853115221 ], [ -52.108994500851175, -32.047778585489539 ], [ -52.108925892438002, -32.047596194671449 ], [ -52.108973080939002, -32.047360070175941 ], [ -52.109131175814866, -32.047298817775626 ], [ -52.109278173059622, -32.047350656936473 ], [ -52.109507063663742, -32.047648161509265 ], [ -52.109831942026638, -32.047446589693543 ], [ -52.110038929506651, -32.047563823899907 ], [ -52.11017698632859, -32.04774838107199 ], [ -52.110353200228587, -32.047629016762457 ], [ -52.110498910172581, -32.047613919923478 ], [ -52.110597509406318, -32.047769595784885 ], [ -52.110491126962671, -32.048008200283931 ], [ -52.110530090838942, -32.048095302616439 ], [ -52.110658503804267, -32.048102803363385 ], [ -52.110835699314798, -32.047973826747281 ], [ -52.111308577392833, -32.048043844843534 ], [ -52.111826941733284, -32.04845554139893 ], [ -52.111887683912883, -32.048658722192293 ], [ -52.11196768391288, -32.048658722192293 ], [ -52.1120727768552, -32.048550869981923 ], [ -52.112216878984015, -32.048612533007606 ], [ -52.112285101853303, -32.04876812015118 ], [ -52.11216734123807, -32.048963871060522 ], [ -52.112052570247535, -32.049018929562578 ], [ -52.112011347942278, -32.049151675027673 ], [ -52.112187263223063, -32.049288539231846 ], [ -52.112351023280908, -32.049543563123279 ], [ -52.112572124946681, -32.049368987604915 ], [ -52.112877317402599, -32.049546705862319 ], [ -52.112944025588725, -32.049854223576887 ], [ -52.112784700280443, -32.049999325792214 ], [ -52.112776708246642, -32.050222430706249 ], [ -52.112947995728767, -32.050301988459843 ], [ -52.113005321677335, -32.05041370371687 ], [ -52.113238018798079, -32.050330698676973 ], [ -52.113370570588373, -32.050137966838136 ], [ -52.113316812818034, -32.049897537863984 ], [ -52.113568545398934, -32.049798409054617 ], [ -52.11363099697089, -32.049860860626495 ], [ -52.11362136070565, -32.050004851183481 ], [ -52.113460574214116, -32.050212623317869 ], [ -52.113412673150464, -32.050418437366545 ], [ -52.113456928613871, -32.050487334019181 ], [ -52.113554317384981, -32.050466675969851 ], [ -52.113733298525126, -32.050207951600989 ], [ -52.113740166792802, -32.050055289886743 ], [ -52.113880868570057, -32.049987209945463 ], [ -52.114033623892304, -32.050111171851526 ], [ -52.113918632495995, -32.050296959777292 ], [ -52.113912049300588, -32.050531700546337 ], [ -52.114269370297777, -32.050563824649259 ], [ -52.114422072192667, -32.050511826121081 ], [ -52.114416969354714, -32.050287298129469 ], [ -52.114563285712968, -32.050243466781644 ], [ -52.114627436968867, -32.050318828735264 ], [ -52.114595779619066, -32.050526810746341 ], [ -52.114761387115358, -32.050584064080176 ], [ -52.114815120387192, -32.050720318816829 ], [ -52.115376073749282, -32.050865797019711 ], [ -52.115443725771669, -32.051078123747978 ], [ -52.11541936007643, -32.051209529841209 ], [ -52.11553450659548, -32.051348794509714 ], [ -52.115675118363747, -32.051371228035784 ], [ -52.115795596522162, -32.051278715082866 ], [ -52.115875149347445, -32.051343142105118 ], [ -52.115852980609525, -32.051437618035536 ], [ -52.115693556443837, -32.051476480952694 ], [ -52.115618245291671, -32.051660948064054 ], [ -52.115484795175234, -32.051733110433879 ], [ -52.115514965125676, -32.051883004167053 ], [ -52.116078229998095, -32.051950207949567 ], [ -52.116215262344696, -32.051624388821686 ], [ -52.116390257487311, -32.051564174746098 ], [ -52.116374585525463, -32.051325063347697 ], [ -52.116673633204904, -32.051157548326429 ], [ -52.116758586427856, -32.051209900318078 ], [ -52.116761394727298, -32.051417349992697 ], [ -52.116660581385752, -32.051616964680647 ], [ -52.116514649712023, -32.051698995925875 ], [ -52.116563056454069, -32.051929415935334 ], [ -52.116667254305732, -32.051923517371172 ], [ -52.11690692689114, -32.051572927977602 ], [ -52.117111422739846, -32.051543517432961 ], [ -52.117414314714189, -32.051600904700443 ], [ -52.117808427856737, -32.051301941804724 ], [ -52.117773660267027, -32.051169505912668 ], [ -52.117502612970242, -32.051166486549768 ], [ -52.117440627410573, -32.051109346904461 ], [ -52.117524357758754, -32.050841223156489 ], [ -52.117679938840013, -32.05072790152596 ], [ -52.117836493503226, -32.050786955733727 ], [ -52.117915132404676, -32.050922467794607 ], [ -52.118097538361766, -32.050955304967687 ], [ -52.118053272330926, -32.051168923353906 ], [ -52.118112566807312, -32.051246197420006 ], [ -52.118288005507985, -32.051238205386213 ], [ -52.118362472541037, -32.051017190271452 ], [ -52.118511257775481, -32.051020778126684 ], [ -52.118546963126178, -32.051096176029887 ], [ -52.11847693888452, -32.051261761035001 ], [ -52.118532553977907, -32.051352319704321 ], [ -52.118672262505093, -32.05146125860373 ], [ -52.118800294205279, -32.051442276909654 ], [ -52.118981211167863, -32.051542610430829 ], [ -52.119065637216508, -32.051670216223243 ], [ -52.119219113321755, -32.051611240842078 ], [ -52.11936752092636, -32.051452300321905 ], [ -52.11972276763457, -32.05158329445181 ], [ -52.119759811197952, -32.051894846673818 ], [ -52.119683075670977, -32.052060263842471 ], [ -52.119436856012555, -32.052206080609977 ], [ -52.119308683011369, -32.052137775688237 ], [ -52.119053875022587, -32.052149951915403 ], [ -52.11900421614417, -32.05223166500555 ], [ -52.119077163537462, -32.052328132268038 ], [ -52.119521915930981, -32.052455813186896 ], [ -52.119911691344207, -32.052480780976126 ], [ -52.120164818729322, -32.051947587495256 ], [ -52.120057845137559, -32.051753233328242 ], [ -52.120204119636028, -32.051664417204378 ], [ -52.121344439902941, -32.052165298939762 ], [ -52.121371378095645, -32.052377923970027 ], [ -52.121288222869715, -32.052417324192916 ], [ -52.120959514096931, -32.052903408900342 ], [ -52.120606175510588, -32.05286417765241 ], [ -52.120469593796294, -32.052992615367543 ], [ -52.120347757352882, -32.052803958960233 ], [ -52.120212208854326, -32.052853483966679 ], [ -52.120243126818558, -32.053084467572859 ], [ -52.12039123232703, -32.053174999251119 ], [ -52.12073527973552, -32.053263919544051 ], [ -52.120920571389725, -32.053146863106292 ], [ -52.121329654351911, -32.053140341491172 ], [ -52.121482218153425, -32.053050375747723 ], [ -52.121516269750565, -32.052821817203821 ], [ -52.121370023516278, -32.052691573566058 ], [ -52.121423380353505, -32.052409669461973 ], [ -52.121645365452181, -32.052272964176012 ], [ -52.123499503224217, -32.052990369436998 ], [ -52.123601864624995, -32.053144671497776 ], [ -52.123818308464017, -32.053109507424736 ], [ -52.124343137933316, -32.053302508795689 ], [ -52.12457541927963, -32.053513488590013 ], [ -52.124749903195863, -32.053481751206256 ], [ -52.126423633322922, -32.054163043272162 ], [ -52.126438423175728, -32.054365655055129 ], [ -52.126195964820212, -32.054772863067896 ], [ -52.126242466996935, -32.054926059847247 ], [ -52.126324883028666, -32.054919840696023 ], [ -52.126634602726412, -32.054595437780641 ], [ -52.126814336344324, -32.054570385572049 ], [ -52.126869538654951, -32.054398499372532 ], [ -52.127024716348103, -32.054393896574211 ], [ -52.127218592557135, -32.054527861231954 ], [ -52.127436626337222, -32.054557183277247 ], [ -52.127895313297451, -32.054764822455617 ], [ -52.127990450915043, -32.054880027195018 ], [ -52.128162024965675, -32.05483928274387 ], [ -52.129540834690133, -32.055366277736709 ], [ -52.129644506161029, -32.055488510109676 ], [ -52.129467563641782, -32.056082127763354 ], [ -52.129503031578366, -32.056175311731522 ], [ -52.129665966626703, -32.056189810093336 ], [ -52.129710668277667, -32.056326125758737 ], [ -52.129821414496917, -32.056398993155355 ], [ -52.130208232642026, -32.056502514170731 ], [ -52.130370898803136, -32.056452346050165 ], [ -52.130465348938422, -32.056598095251999 ], [ -52.130765540401939, -32.056654394517324 ], [ -52.131128293986208, -32.056848504881415 ], [ -52.131328015977324, -32.056809672745821 ], [ -52.131571593148038, -32.056929104729022 ], [ -52.131783634575619, -32.056890912686313 ], [ -52.131904357926196, -32.056968834252459 ], [ -52.132138157916678, -32.05696314437121 ], [ -52.132330707412272, -32.057111479009009 ], [ -52.132550109254652, -32.05694255318349 ], [ -52.132681556677049, -32.056920494642419 ], [ -52.132767288936307, -32.056778724290808 ], [ -52.133099747892906, -32.056724567570654 ], [ -52.133282183674616, -32.056421223594938 ], [ -52.133567709640914, -32.056383976761346 ], [ -52.133575314168141, -32.056204964398916 ], [ -52.133745428375747, -32.055846229603773 ], [ -52.133971243581662, -32.055857453771495 ], [ -52.13405080974816, -32.055619233447423 ], [ -52.133982287880279, -32.055548334757425 ], [ -52.133770422754473, -32.055561452563879 ], [ -52.133623276701144, -32.055358266654807 ], [ -52.133415088768366, -32.055352363633872 ], [ -52.133368822539715, -32.055254054801274 ], [ -52.133529237108419, -32.055127114317159 ], [ -52.133550465519065, -32.05498200594991 ], [ -52.133724157161737, -32.054916264664527 ], [ -52.133697025722817, -32.054681598156904 ], [ -52.133918039523174, -32.054342494227846 ], [ -52.134011959286212, -32.054301193100748 ], [ -52.134167960478273, -32.054455125185036 ], [ -52.134193020198659, -32.054729722497918 ], [ -52.134003278910434, -32.054786133531529 ], [ -52.133924013856706, -32.054879174776389 ], [ -52.13378621605996, -32.054879927494582 ], [ -52.133737228597553, -32.054961288461058 ], [ -52.133858143674942, -32.055149213847116 ], [ -52.134026171414128, -32.055118025848678 ], [ -52.134097432514871, -32.055168464801952 ], [ -52.133980478724482, -32.055335913669538 ], [ -52.133989726719442, -32.055501382302857 ], [ -52.134074661334878, -32.055549902138303 ], [ -52.134279135926548, -32.05542033708285 ], [ -52.134419906510146, -32.055433960442372 ], [ -52.134532744795145, -32.055359857420619 ], [ -52.134616071447297, -32.055435426194833 ], [ -52.134505261934379, -32.05566435029067 ], [ -52.134224751295015, -32.055761375335059 ], [ -52.134150233792319, -32.055919711434939 ], [ -52.134183129473918, -32.055996308643216 ], [ -52.136689683471012, -32.056687305186209 ], [ -52.136857850965846, -32.056669925220483 ], [ -52.136880113227825, -32.056445493951657 ], [ -52.137027464734828, -32.056239916764383 ], [ -52.137005062709747, -32.056074630092532 ], [ -52.137264520846379, -32.0559357897599 ], [ -52.137316635908725, -32.055734958182462 ], [ -52.13723970223262, -32.055486943593003 ], [ -52.137439752582161, -32.055299838581384 ], [ -52.137399515798258, -32.055029889247805 ], [ -52.13776553873047, -32.053931154387925 ], [ -52.13770429607527, -32.053880542222636 ], [ -52.137323164148512, -32.053905052153397 ], [ -52.136787394886781, -32.053684725170008 ], [ -52.136728829172675, -32.053539818153034 ], [ -52.136811167002733, -32.053317631090813 ], [ -52.136938592130221, -32.05322096425126 ], [ -52.136853538124967, -32.053097517498074 ], [ -52.136650682781905, -32.053252226707549 ], [ -52.136474797362673, -32.053532109016416 ], [ -52.13628274788411, -32.05346987901688 ], [ -52.13622932779051, -32.053324064731889 ], [ -52.136266414715323, -32.053162841022719 ], [ -52.136406551137377, -32.052841674007432 ], [ -52.136643373366951, -32.052595325198361 ], [ -52.136585875723412, -32.052350741194147 ], [ -52.136329396893409, -32.05243643180178 ], [ -52.13632891616021, -32.052634126460163 ], [ -52.136099038251373, -32.052810470866113 ], [ -52.136051533707935, -32.053040083500719 ], [ -52.135748946966864, -32.053234063100291 ], [ -52.135583998862607, -32.05314609784773 ], [ -52.135601215661289, -32.053042665671541 ], [ -52.135786969209889, -32.052899907864472 ], [ -52.135671029860958, -32.052628083011435 ], [ -52.135589625216554, -32.052608452881515 ], [ -52.135415458907445, -32.05269654175833 ], [ -52.135318216082197, -32.052588800372789 ], [ -52.135155682201116, -32.052574497533477 ], [ -52.135100436085189, -32.052503998362454 ], [ -52.135368285273636, -32.052314925770297 ], [ -52.135375120128373, -32.052152436299664 ], [ -52.13543765534677, -32.052096877636693 ], [ -52.135666423108177, -32.05210198390867 ], [ -52.135795498737018, -32.052172871386936 ], [ -52.135837282242832, -32.052347962430815 ], [ -52.136068272602706, -32.052366099168616 ], [ -52.136097260455024, -32.052275205041923 ], [ -52.136007267650676, -32.052106311171151 ], [ -52.136128235523231, -32.051902899511425 ], [ -52.136375837566234, -32.051856706103514 ], [ -52.136511867853073, -32.051415456199877 ], [ -52.136791625095782, -32.051501215681881 ], [ -52.136899846632119, -32.051607226003838 ], [ -52.13695904352916, -32.051791478104242 ], [ -52.137182054874465, -32.051704654673927 ], [ -52.137464071778403, -32.051808766107939 ], [ -52.137468074589911, -32.051921663769718 ], [ -52.137328583844059, -32.052022006136283 ], [ -52.137212275849791, -32.052351158701605 ], [ -52.137256289044629, -32.052453376587941 ], [ -52.1373645351471, -32.052434530294114 ], [ -52.137608932410075, -32.0521294078195 ], [ -52.137756025616291, -32.052161939333423 ], [ -52.137970397502045, -32.052095219817829 ], [ -52.138216062594473, -32.052196098207411 ], [ -52.138306898564743, -32.052380623684158 ], [ -52.138479933796184, -32.052232664252216 ], [ -52.138601689053104, -32.052265132824886 ], [ -52.138806099878586, -32.0525755391674 ], [ -52.138884581775429, -32.052551135674044 ], [ -52.139008942037954, -32.052336996652123 ], [ -52.139178922820641, -32.052322913824533 ], [ -52.139421882219644, -32.052387877706821 ], [ -52.139490943913707, -32.052554842330153 ], [ -52.139654631336903, -32.0525788208394 ], [ -52.139979545816139, -32.052151007362994 ], [ -52.140215306936867, -32.052172953591281 ], [ -52.140346856325536, -32.052084683916007 ], [ -52.140567279282713, -32.052171641151681 ], [ -52.14058232564291, -32.052413015462697 ], [ -52.141122694064336, -32.05236660496211 ], [ -52.141218645171158, -32.052454507355215 ], [ -52.141404891712305, -32.05247372563089 ], [ -52.141523339008657, -32.052659826729005 ], [ -52.141743099287261, -32.052622786934705 ], [ -52.142242876885838, -32.052831176868644 ], [ -52.142353744397532, -32.052947920446641 ], [ -52.14227916236014, -32.053314313551105 ], [ -52.142622772538424, -32.053341793457761 ], [ -52.142990507793215, -32.053077280498343 ], [ -52.142918117670845, -32.052952539819721 ], [ -52.142469560257389, -32.05272768936517 ], [ -52.142733115654025, -32.052282141644582 ], [ -52.14291667302885, -32.052293657190994 ], [ -52.143105424142881, -32.052202726260788 ], [ -52.143220232084957, -32.052439383610611 ], [ -52.143350232596546, -32.052490083404791 ], [ -52.143612665179518, -32.052381609196338 ], [ -52.143593208367029, -32.052195911831042 ], [ -52.143684169718085, -32.052121380854686 ], [ -52.143838424355657, -32.052130437704847 ], [ -52.143883481965787, -32.052200014772282 ], [ -52.143895009247991, -32.052258404902425 ], [ -52.143725619294365, -32.052400612772693 ], [ -52.143781743606688, -32.05252708291966 ], [ -52.143923516668991, -32.052516199366082 ], [ -52.144002901363464, -32.052354943487863 ], [ -52.144044639166012, -32.052019992998744 ], [ -52.143742524463676, -32.051971749291482 ], [ -52.143632456676379, -32.05184046334309 ], [ -52.143436483147013, -32.051844872851461 ], [ -52.143378899268008, -32.05159747561472 ], [ -52.143183333852591, -32.051597001382667 ], [ -52.143121829416458, -32.051534603735554 ], [ -52.143128374295905, -32.051404381869219 ], [ -52.143208877155139, -32.051359731415694 ], [ -52.143540787673864, -32.051506527459622 ], [ -52.143660822429403, -32.051692251223947 ], [ -52.143995095990171, -32.051631587488011 ], [ -52.144002755373855, -32.051530871739423 ], [ -52.143838728998659, -32.051409014788106 ], [ -52.143821792107296, -32.051232054887599 ], [ -52.143611035043456, -32.051161646799684 ], [ -52.143576478605361, -32.051053729954589 ], [ -52.143646838882205, -32.050942009648907 ], [ -52.143899502429818, -32.050909231441764 ], [ -52.144180436676031, -32.0510676870121 ], [ -52.144247978301159, -32.051197892491295 ], [ -52.144648107104409, -32.051264409039305 ], [ -52.144849882598336, -32.051552167433897 ], [ -52.145099083600336, -32.051464349484732 ], [ -52.145167294317787, -32.051726271597765 ], [ -52.145591319468636, -32.051823188747512 ], [ -52.145598180781207, -32.051987030518625 ], [ -52.145281097262561, -32.052197180497132 ], [ -52.145377185084847, -32.052328700851263 ], [ -52.145572466548678, -32.052338723403096 ], [ -52.145656378309482, -32.052194971536778 ], [ -52.145789703355234, -32.05216167614671 ], [ -52.146238540136054, -32.052338109965866 ], [ -52.146314153972909, -32.052137927549332 ], [ -52.146505318459596, -32.052124803709873 ], [ -52.146663414318382, -32.051880454936104 ], [ -52.146629124428422, -32.05177793600663 ], [ -52.146501725470365, -32.051751681237548 ], [ -52.146374027054762, -32.051603170296943 ], [ -52.1467223227177, -32.050827960616388 ], [ -52.146909998130816, -32.050764059103493 ], [ -52.146984157767612, -32.050577734643518 ], [ -52.147512813582303, -32.050311068471778 ], [ -52.14773742087457, -32.049992530111517 ], [ -52.148140584546724, -32.049730149370433 ], [ -52.148298097653843, -32.049876000010713 ], [ -52.148900036022738, -32.049921284882238 ], [ -52.149527450760452, -32.050217980505785 ], [ -52.149735695789794, -32.050484433432551 ], [ -52.150230575025148, -32.050821428754972 ], [ -52.150366214038414, -32.051024037417896 ], [ -52.150487219217759, -32.051077663096386 ], [ -52.150772077933219, -32.051504873108208 ], [ -52.150736510535097, -32.051696513320067 ], [ -52.150810330640851, -32.051980773975778 ], [ -52.151118456147913, -32.052031435382283 ], [ -52.151190527664625, -32.052215533530841 ], [ -52.151368546099256, -32.052366333082396 ], [ -52.151596288596913, -32.052337285436536 ], [ -52.151713992824092, -32.05238814741184 ], [ -52.151924610689697, -32.052688758028104 ], [ -52.152085084698633, -32.052570674776092 ], [ -52.152333068496333, -32.05258040000308 ], [ -52.152465516368657, -32.052728879896783 ], [ -52.152892605934937, -32.052873668834977 ], [ -52.152899940266899, -32.053006333492533 ], [ -52.152630473063724, -32.053119166354548 ], [ -52.1527915425091, -32.053317699129813 ], [ -52.152655102314739, -32.053604282433966 ], [ -52.152539827800197, -32.053703027692144 ], [ -52.152549105977272, -32.053975578454271 ], [ -52.152636392026693, -32.053984968880407 ], [ -52.152724843663009, -32.053874413146083 ], [ -52.152912141533328, -32.053830741745706 ], [ -52.152905030123314, -32.053684361248628 ], [ -52.153010728039192, -32.053577162716131 ], [ -52.152995586309991, -32.053417892295656 ], [ -52.153119188306704, -32.053140442348223 ], [ -52.153642932694154, -32.053036188232859 ], [ -52.153766389050439, -32.053171371761117 ], [ -52.153945670832904, -32.053201800562171 ], [ -52.15395846291652, -32.053400926068356 ], [ -52.153883158555239, -32.053506940847392 ], [ -52.153917924473596, -32.053674145725658 ], [ -52.153795152392824, -32.053799530673096 ], [ -52.153815807746327, -32.053916255569646 ], [ -52.153890115664225, -32.05394666946043 ], [ -52.154014147408112, -32.053887924370585 ], [ -52.154137189819956, -32.053589433870911 ], [ -52.15423391846889, -32.053554151919712 ], [ -52.154291320130788, -32.053624266343014 ], [ -52.154213165253836, -32.053961759028269 ], [ -52.15424952398817, -32.05405500031987 ], [ -52.154403964958341, -32.054061274145418 ], [ -52.154504750708242, -32.053881657955976 ], [ -52.154583967711467, -32.053859469392251 ], [ -52.154855128018411, -32.054203209437787 ], [ -52.154792878221706, -32.05439687710571 ], [ -52.15468126808463, -32.054479014187194 ], [ -52.154712351267435, -32.054629473896682 ], [ -52.154603905422377, -32.054891785866182 ], [ -52.154446823951872, -32.055025057490745 ], [ -52.154487975119117, -32.055171413164082 ], [ -52.154589303930571, -32.055153500158234 ], [ -52.154912696913534, -32.054694938454453 ], [ -52.155483634920202, -32.054832928791704 ], [ -52.155540151654435, -32.05477703561521 ], [ -52.155539946575622, -32.054614193263212 ], [ -52.155772685877395, -32.054550317324093 ], [ -52.155855993288455, -32.054395291371023 ], [ -52.156002206708244, -32.054415022592806 ], [ -52.156027086552527, -32.054600328310528 ], [ -52.156099166942433, -32.054639289339761 ], [ -52.156322850993902, -32.054343084269917 ], [ -52.156445505870082, -32.054374722669003 ], [ -52.156463230710273, -32.054535059297109 ], [ -52.156580315072532, -32.054586427120412 ], [ -52.156855186089246, -32.054358008520538 ], [ -52.157220551342078, -32.05443708873166 ], [ -52.157274979045226, -32.05450264028039 ], [ -52.157235127787864, -32.054620811566139 ], [ -52.156856049864842, -32.054808432379559 ], [ -52.1568832068508, -32.054962254823856 ], [ -52.156993958804271, -32.055075285125476 ], [ -52.156972172533102, -32.05520860000432 ], [ -52.156855681107729, -32.055316957575549 ], [ -52.156853694672215, -32.05556887728811 ], [ -52.156929485785469, -32.05558655222589 ], [ -52.157020833933167, -32.055481000349076 ], [ -52.157163848207773, -32.055444030792067 ], [ -52.157152909795663, -32.055243160227711 ], [ -52.157323340744171, -32.055172827767421 ], [ -52.157380879652827, -32.055037529000494 ], [ -52.157603008653169, -32.055031895385085 ], [ -52.157663209172561, -32.05486407409898 ], [ -52.157636525323255, -32.054719151169415 ], [ -52.157791743898052, -32.054681481372427 ], [ -52.157976586825363, -32.054790856794753 ], [ -52.158004578364498, -32.054965376747298 ], [ -52.157906782035568, -32.055102230353583 ], [ -52.157778272523117, -32.055143713965265 ], [ -52.157760951512323, -32.055235681320262 ], [ -52.157931893843838, -32.055429126763968 ], [ -52.158091308845762, -32.055431747266702 ], [ -52.158149393952364, -32.055492258369121 ], [ -52.157944469086466, -32.05571206796791 ], [ -52.158006884018221, -32.055899813945302 ], [ -52.158323663116356, -32.055859347539879 ], [ -52.15840869440386, -32.05564588028102 ], [ -52.158724108811853, -32.05564856785913 ], [ -52.158768268741902, -32.055725055101519 ], [ -52.158689224909445, -32.056024012998307 ], [ -52.158997311724569, -32.056184665797446 ], [ -52.159018819031701, -32.056342010386452 ], [ -52.159095576862349, -32.056395688094945 ], [ -52.159372286935984, -32.056260755041066 ], [ -52.159347922188822, -32.056047096827406 ], [ -52.159677032146902, -32.055690882758284 ], [ -52.159818573118919, -32.055738504851682 ], [ -52.159803141150981, -32.055912352935366 ], [ -52.159855289265373, -32.055976806186194 ], [ -52.160012280532669, -32.055850649408235 ], [ -52.160154234928775, -32.055852826160326 ], [ -52.160197350861715, -32.055922834439244 ], [ -52.160143864463741, -32.056042645538369 ], [ -52.160163533074162, -32.056247991681204 ], [ -52.160245248823344, -32.05638320762101 ], [ -52.159997089208801, -32.056505426154345 ], [ -52.160013169306858, -32.056631670677127 ], [ -52.159935862520356, -32.056751812831841 ], [ -52.160009846798921, -32.05694444748665 ], [ -52.160109001718403, -32.05695953907879 ], [ -52.160274906999256, -32.056709553924563 ], [ -52.160432014897602, -32.056664295010684 ], [ -52.160398402852884, -32.056460711637499 ], [ -52.160471285707473, -32.05628107181677 ], [ -52.160575992580739, -32.056256844143014 ], [ -52.160747256926271, -32.056350256848425 ], [ -52.160781535503695, -32.056456967160379 ], [ -52.160513746966501, -32.05663771833273 ], [ -52.160538450249675, -32.056759478247272 ], [ -52.160847246992311, -32.056859324138415 ], [ -52.16094763776384, -32.056971955194314 ], [ -52.161169646382739, -32.056980223909825 ], [ -52.161270061241751, -32.057132269797052 ], [ -52.161440851275792, -32.05709399146901 ], [ -52.16207886692581, -32.057308809088696 ], [ -52.162053812085404, -32.057538343843653 ], [ -52.16192200954147, -32.057712318982887 ], [ -52.162021196646215, -32.057848627924287 ], [ -52.162304205937971, -32.057694396517711 ], [ -52.162416618534529, -32.057510758728398 ], [ -52.162685267384028, -32.057402062807817 ], [ -52.162727155000759, -32.057177253200642 ], [ -52.162679207517662, -32.057108332464232 ], [ -52.162484738766508, -32.057094870573799 ], [ -52.162380243185929, -32.057244338607468 ], [ -52.16227619873699, -32.057217771930553 ], [ -52.162359743761129, -32.056971574594442 ], [ -52.162505698750692, -32.05685061276251 ], [ -52.162863148818516, -32.056963698873233 ], [ -52.162857819915104, -32.056753485097893 ], [ -52.162961041762976, -32.056473227165561 ], [ -52.163036439666179, -32.056437521814864 ], [ -52.163217462193835, -32.056490178846381 ], [ -52.163338558756209, -32.056374647095538 ], [ -52.163305100560891, -32.056279301626809 ] ], [ [ -52.141992249038154, -32.052528909567222 ], [ -52.141925187364649, -32.052408664234889 ], [ -52.141808215380287, -32.052358936653334 ], [ -52.141789927450851, -32.052268333221079 ], [ -52.141922667922223, -32.051972975342132 ], [ -52.142010388072684, -32.051932973037708 ], [ -52.1422046264125, -32.052257455303348 ], [ -52.142366151522744, -32.052381185609768 ], [ -52.14224001151905, -32.052601602164877 ], [ -52.141992249038154, -32.052528909567222 ] ], [ [ -52.105135991220152, -32.045986497403625 ], [ -52.10497972727989, -32.046069967474608 ], [ -52.104864012585942, -32.045911655568474 ], [ -52.104927954947364, -32.045818145133403 ], [ -52.105070168626597, -32.045812099812011 ], [ -52.105150468825876, -32.04589296603578 ], [ -52.105135991220152, -32.045986497403625 ] ], [ [ -52.103904280715327, -32.045370083937229 ], [ -52.103719809940621, -32.045167238806144 ], [ -52.103604986273254, -32.045154599082068 ], [ -52.103575850446951, -32.045015698253806 ], [ -52.103690562684839, -32.044843166063167 ], [ -52.10391718407022, -32.044939058274466 ], [ -52.104186694400831, -32.045229449341136 ], [ -52.104045640617905, -32.045365759956738 ], [ -52.103904280715327, -32.045370083937229 ] ], [ [ -52.100184020522249, -32.045217765766758 ], [ -52.100024187179805, -32.045253349360017 ], [ -52.099749236301982, -32.045158400981151 ], [ -52.0996664143685, -32.045073337722755 ], [ -52.099681788450617, -32.04494434316755 ], [ -52.099960748761049, -32.044506792715431 ], [ -52.100088240758488, -32.044437165756776 ], [ -52.100097295734464, -32.044281757620531 ], [ -52.100387596783364, -32.043916941820306 ], [ -52.100445567161948, -32.043642239492193 ], [ -52.100678000703084, -32.043555481241199 ], [ -52.10077643524361, -32.043638453031598 ], [ -52.100763577705067, -32.043765298411493 ], [ -52.100657910441278, -32.043867334118239 ], [ -52.100545731715087, -32.044146205488239 ], [ -52.100667462444839, -32.044363036286427 ], [ -52.100478618805369, -32.044589340780654 ], [ -52.100379412169374, -32.044886877405546 ], [ -52.10013628460996, -32.044916160940794 ], [ -52.100184020522249, -32.045217765766758 ] ], [ [ -52.097666093661829, -32.043646154322921 ], [ -52.097735348579349, -32.044037321068558 ], [ -52.097664297542629, -32.044108750289972 ], [ -52.096993826813375, -32.044198627659277 ], [ -52.096875871443999, -32.044317581428423 ], [ -52.096982321737777, -32.044394949290748 ], [ -52.097216203833604, -32.044307880687597 ], [ -52.097435906420998, -32.044319380493285 ], [ -52.097577212619825, -32.044495162353904 ], [ -52.097823560164606, -32.0444045074805 ], [ -52.097977126002206, -32.044603871850093 ], [ -52.097916018965734, -32.044700096266915 ], [ -52.097744905419184, -32.044740879809531 ], [ -52.097626421167902, -32.04469378062651 ], [ -52.097508435196268, -32.044795614912545 ], [ -52.0969535268896, -32.044883726363921 ], [ -52.096891198350342, -32.044962964914717 ], [ -52.096677864098048, -32.044898376261678 ], [ -52.096600929156601, -32.044619176175118 ], [ -52.096778108478617, -32.044339053728734 ], [ -52.09654064776096, -32.044229949089299 ], [ -52.0965607044077, -32.043813676881285 ], [ -52.096692304824167, -32.043743681754357 ], [ -52.097079897322004, -32.043710646631887 ], [ -52.097142148548969, -32.043630455591078 ], [ -52.097241097017218, -32.043670346708083 ], [ -52.097303348244182, -32.043590155667275 ], [ -52.097666093661829, -32.043646154322921 ] ], [ [ -52.092856351572806, -32.046130420552714 ], [ -52.092659187121754, -32.046083860518294 ], [ -52.092624020411286, -32.045447753407579 ], [ -52.092688513505998, -32.045367176001491 ], [ -52.092978008349604, -32.045530878591208 ], [ -52.092988930131881, -32.045912056879274 ], [ -52.093044772035796, -32.046006326069822 ], [ -52.093230193231136, -32.045958838045614 ], [ -52.09330746323301, -32.046025049116309 ], [ -52.093244626021225, -32.046169091431928 ], [ -52.093080418100094, -32.046032682149068 ], [ -52.092856351572806, -32.046130420552714 ] ], [ [ -52.092504251737118, -32.045720238864078 ], [ -52.092500680624433, -32.046062162366724 ], [ -52.092548712985959, -32.046127168107404 ], [ -52.092462590712536, -32.04627607955684 ], [ -52.09238728378935, -32.04620953492951 ], [ -52.092260995037854, -32.045708679377114 ], [ -52.092392472256606, -32.045592793198608 ], [ -52.092504251737118, -32.045720238864078 ] ], [ [ -52.092463050719608, -32.04638858574306 ], [ -52.092538357642795, -32.04645513037039 ], [ -52.092596538735478, -32.04677428491344 ], [ -52.092512223026112, -32.046947094582883 ], [ -52.092431834474354, -32.046904511643291 ], [ -52.092382497889531, -32.046668266162342 ], [ -52.09238632474684, -32.046458489977582 ], [ -52.092463050719608, -32.04638858574306 ] ], [ [ -52.085790143216101, -32.047702011642777 ], [ -52.085921468932092, -32.047588377946198 ], [ -52.085988683195289, -32.047425163118312 ], [ -52.086239419919508, -32.047488396069326 ], [ -52.086392648078615, -32.047381786551753 ], [ -52.086533999391364, -32.047434580804115 ], [ -52.086540796696276, -32.047632674266382 ], [ -52.086450438490331, -32.04769610620427 ], [ -52.086454465897937, -32.047937801362281 ], [ -52.086363382010347, -32.048060496847796 ], [ -52.086096893226056, -32.048054792905631 ], [ -52.085833572719508, -32.047836138366925 ], [ -52.085790143216101, -32.047702011642777 ] ], [ [ -52.086664176105771, -32.047855018378556 ], [ -52.08661785394505, -32.047686233788177 ], [ -52.086683824859364, -32.047664271658256 ], [ -52.08687723806036, -32.047664271658256 ], [ -52.08693968963226, -32.047726723230156 ], [ -52.08687723806036, -32.047901988155452 ], [ -52.086664176105771, -32.047855018378556 ] ], [ [ -52.086981267983809, -32.046861389260307 ], [ -52.087127100064052, -32.046819937050707 ], [ -52.087236869540291, -32.046931834938526 ], [ -52.087229629279399, -32.047091914724696 ], [ -52.087154366419419, -32.047167290476438 ], [ -52.087030939777165, -32.047133737308535 ], [ -52.086981267983809, -32.046861389260307 ] ], [ [ -52.088384406039935, -32.043073359287774 ], [ -52.088499518189124, -32.043103878891905 ], [ -52.088477588113392, -32.043215328522869 ], [ -52.088352203843712, -32.043189229263817 ], [ -52.088384406039935, -32.043073359287774 ] ], [ [ -52.089609812010245, -32.040886016719192 ], [ -52.089726012051784, -32.04083217322772 ], [ -52.089772292174473, -32.040943326518686 ], [ -52.089671880487018, -32.040990592762483 ], [ -52.089609812010245, -32.040886016719192 ] ], [ [ -52.085812062809154, -32.03785931582658 ], [ -52.085648522260257, -32.037941821002953 ], [ -52.085616780975847, -32.038020792517123 ], [ -52.08579418335318, -32.038149106291492 ], [ -52.085891928656082, -32.038346453671046 ], [ -52.085639424919144, -32.038530622929486 ], [ -52.085598239824542, -32.038692941868923 ], [ -52.08549547831548, -32.038706935675293 ], [ -52.085352254900151, -32.038551209143634 ], [ -52.085275524284896, -32.038720106905011 ], [ -52.085171321163727, -32.038789160347989 ], [ -52.084748788200429, -32.038812460530544 ], [ -52.084598147077259, -32.03815982763544 ], [ -52.084525391609823, -32.038055732413568 ], [ -52.08454992965774, -32.037919873116387 ], [ -52.0848612509741, -32.037830704610457 ], [ -52.085060343272602, -32.037849288158448 ], [ -52.085096187920648, -32.03800854657122 ], [ -52.084977864711028, -32.038104051253818 ], [ -52.084971125688, -32.038201890358053 ], [ -52.08524392591476, -32.0383068454273 ], [ -52.085210477871733, -32.038424922137139 ], [ -52.085325049700479, -32.038528423851069 ], [ -52.085398135429664, -32.038403383007768 ], [ -52.085276028283317, -32.038297752970422 ], [ -52.085485261098903, -32.038023877228241 ], [ -52.085409621004963, -32.037844862083148 ], [ -52.085464994216416, -32.03767974774491 ], [ -52.08572555216125, -32.037675231988679 ], [ -52.085812062809154, -32.03785931582658 ] ], [ [ -52.087225626150747, -32.036269503488747 ], [ -52.087301721448469, -32.036196523452283 ], [ -52.087355197838576, -32.035855760549872 ], [ -52.087473842341396, -32.035820848310003 ], [ -52.087518092460172, -32.035897345613989 ], [ -52.087456918788604, -32.036333407129511 ], [ -52.087309005860071, -32.03637491970678 ], [ -52.087225626150747, -32.036269503488747 ] ], [ [ -52.085772154982315, -32.034646358689464 ], [ -52.085730454947601, -32.034827870168321 ], [ -52.085513006906126, -32.034766219434218 ], [ -52.085558387968156, -32.034622920986038 ], [ -52.085772154982315, -32.034646358689464 ] ], [ [ -52.083788725750068, -32.033475834988522 ], [ -52.083543698017124, -32.033496670095417 ], [ -52.083562473800008, -32.033236297171833 ], [ -52.083321824563626, -32.033116744298574 ], [ -52.083433697302048, -32.032780707673403 ], [ -52.083390179071259, -32.032680598139365 ], [ -52.083312836413668, -32.032651225502399 ], [ -52.083168489661141, -32.032738763715926 ], [ -52.083080025020806, -32.032673445136744 ], [ -52.083187434759409, -32.03232244444407 ], [ -52.083115241359991, -32.032213615479336 ], [ -52.083110244147989, -32.032027789990579 ], [ -52.083024114103182, -32.031926663621405 ], [ -52.083065129910395, -32.031831103613058 ], [ -52.083339221706439, -32.03182844838328 ], [ -52.083435337860415, -32.031974841808413 ], [ -52.083628426027325, -32.032030404117229 ], [ -52.083575568726651, -32.032251043047737 ], [ -52.083368775105846, -32.032209739788321 ], [ -52.08321503145401, -32.032355028931207 ], [ -52.083314729149919, -32.03249047635358 ], [ -52.083476140824295, -32.032428977962574 ], [ -52.083549385607697, -32.032476704330271 ], [ -52.083519512473927, -32.032790293268093 ], [ -52.083619775584062, -32.032969049352964 ], [ -52.083750502433844, -32.033040145317884 ], [ -52.083690832668964, -32.033253153728282 ], [ -52.083789625722538, -32.033360301602727 ], [ -52.083788725750068, -32.033475834988522 ] ], [ [ -52.086332800863829, -32.031499970371499 ], [ -52.086454274691235, -32.031639260782192 ], [ -52.086453212718972, -32.031866780005885 ], [ -52.086583937951033, -32.03199516773887 ], [ -52.0865787677009, -32.032200539057079 ], [ -52.086498340498181, -32.032314073024587 ], [ -52.08629663245042, -32.032318677134228 ], [ -52.086259358384318, -32.032408976467217 ], [ -52.086304085086354, -32.032623328514333 ], [ -52.086492993524359, -32.032665545119336 ], [ -52.086535065745544, -32.032785030012377 ], [ -52.086409591936068, -32.032858336591246 ], [ -52.086307453723109, -32.032790426070569 ], [ -52.086289834696196, -32.032610867519729 ], [ -52.086092954743542, -32.032585367232862 ], [ -52.086036984449358, -32.032772978660063 ], [ -52.085870650928342, -32.032806613945716 ], [ -52.085734987451644, -32.032986944828636 ], [ -52.085743451408675, -32.033119798806702 ], [ -52.085851591689583, -32.033218750661106 ], [ -52.085817793142404, -32.033341847191153 ], [ -52.085477936473779, -32.033387501386272 ], [ -52.085416582885316, -32.033219813484656 ], [ -52.08528940963469, -32.033154548236887 ], [ -52.085286755997686, -32.033021269602038 ], [ -52.085176288471459, -32.032861751454377 ], [ -52.084992682656889, -32.032878355411896 ], [ -52.084618245568763, -32.03275571818218 ], [ -52.084604599714453, -32.032455679199785 ], [ -52.08474359039468, -32.03143502520274 ], [ -52.085224941184443, -32.031463702289486 ], [ -52.085284701753473, -32.031516110901961 ], [ -52.085207100557902, -32.032040770587251 ], [ -52.085136573421472, -32.032147708377572 ], [ -52.085166955344064, -32.032332820099455 ], [ -52.085073029590482, -32.032507221333148 ], [ -52.085192952249812, -32.032678774557155 ], [ -52.085281113833815, -32.03262979414145 ], [ -52.085387332268702, -32.032258381064679 ], [ -52.085555605643592, -32.032213923446605 ], [ -52.085650025712283, -32.032048313280583 ], [ -52.085628702135878, -32.031929279304144 ], [ -52.085454722276744, -32.031848843774526 ], [ -52.085511173329081, -32.031529552078013 ], [ -52.085664842129646, -32.031522200121394 ], [ -52.085703151484879, -32.031744060157095 ], [ -52.085789752026663, -32.031784060157094 ], [ -52.085938777477317, -32.031550971990185 ], [ -52.086332800863829, -32.031499970371499 ] ], [ [ -52.086357224085077, -32.03299533720493 ], [ -52.08647033453969, -32.033120961337275 ], [ -52.0864559898518, -32.033206600853596 ], [ -52.086281816517442, -32.033273501454879 ], [ -52.086109026600241, -32.03325245215553 ], [ -52.086115672186125, -32.033020649258717 ], [ -52.086357224085077, -32.03299533720493 ] ], [ [ -52.120585511500941, -32.037368467344393 ], [ -52.120658560915352, -32.03751994359709 ], [ -52.120883451991254, -32.037483572370924 ], [ -52.121070491995759, -32.037790058177585 ], [ -52.121266834273278, -32.037776561532418 ], [ -52.121332974022074, -32.037826535588373 ], [ -52.121310613348257, -32.038038761710325 ], [ -52.121223817818979, -32.038081564528675 ], [ -52.121043021392843, -32.037827639467281 ], [ -52.120698700159878, -32.037753049294238 ], [ -52.120605093773051, -32.037621403214068 ], [ -52.120475695526864, -32.037663148317385 ], [ -52.120563098886336, -32.038034614213132 ], [ -52.12072974628915, -32.038135266590473 ], [ -52.120918332851929, -32.038376692536346 ], [ -52.121208099081976, -32.03856274328507 ], [ -52.121446429682614, -32.03820297375573 ], [ -52.121539814941087, -32.038166334230127 ], [ -52.121666458333209, -32.038213090053247 ], [ -52.121773922969624, -32.038116279071225 ], [ -52.121940297076009, -32.038126782120891 ], [ -52.121936774794804, -32.038350763926246 ], [ -52.122033707756366, -32.03846790851135 ], [ -52.12222027123552, -32.038435589107387 ], [ -52.122317055359325, -32.03853563930759 ], [ -52.122435766990741, -32.038548333497928 ], [ -52.122488164070681, -32.038754939030717 ], [ -52.122691966914296, -32.038945629110096 ], [ -52.12289519197504, -32.038960717085374 ], [ -52.122969563111077, -32.039149005480112 ], [ -52.123226541701811, -32.039120372350951 ], [ -52.123352622841999, -32.039226837524367 ], [ -52.123461692632411, -32.039421383335124 ], [ -52.123430355740979, -32.039506786058929 ], [ -52.123329775693129, -32.039514558976443 ], [ -52.123240189055309, -32.03937116379975 ], [ -52.123010304653285, -32.039306745945623 ], [ -52.122891032750076, -32.039406425379212 ], [ -52.122890445388926, -32.039510246572505 ], [ -52.123248473160025, -32.039710266038149 ], [ -52.123276353391354, -32.039954852653693 ], [ -52.123548499556399, -32.039844456313176 ], [ -52.124070004340957, -32.040047686754349 ], [ -52.12410897886906, -32.040247344079511 ], [ -52.124254823783353, -32.040341845330936 ], [ -52.124251088280417, -32.040665896562672 ], [ -52.124332298536629, -32.040672627923172 ], [ -52.124482527526006, -32.040530319015041 ], [ -52.124651763145046, -32.04031868094237 ], [ -52.124674504696998, -32.040176535593595 ], [ -52.12500265129809, -32.040252325529515 ], [ -52.125108095910399, -32.040398308726218 ], [ -52.125360267075521, -32.04046878320564 ], [ -52.125333408327769, -32.040605010944255 ], [ -52.12518531825458, -32.040598155859634 ], [ -52.125073870965039, -32.040435206091047 ], [ -52.124963846178844, -32.040477000038393 ], [ -52.124904259377423, -32.040605533184284 ], [ -52.124984517386217, -32.040767746793975 ], [ -52.124933730610145, -32.041021975512969 ], [ -52.125041472161932, -32.041090616621673 ], [ -52.125239498439015, -32.041073321940715 ], [ -52.125341434334999, -32.041184196639257 ], [ -52.125307903182659, -32.041328518831754 ], [ -52.12535598354139, -32.041393594258885 ], [ -52.125690320015593, -32.041403790767227 ], [ -52.125828370968911, -32.0412616288016 ], [ -52.126016744070938, -32.04127175593063 ], [ -52.126105043727733, -32.041180895213884 ], [ -52.126236240938297, -32.04118070455808 ], [ -52.126395920973671, -32.041326821653065 ], [ -52.126588144801239, -32.041379986439509 ], [ -52.126393282442173, -32.041710203148853 ], [ -52.126430371678794, -32.041796401570593 ], [ -52.12653329997562, -32.041818741184024 ], [ -52.126904682378132, -32.041777722708829 ], [ -52.126927134511682, -32.041651221973702 ], [ -52.126778174317984, -32.04154930080832 ], [ -52.126758051613599, -32.041447299657506 ], [ -52.126913855664746, -32.041271084977822 ], [ -52.127420700996339, -32.041494233912502 ], [ -52.127607518182252, -32.041498567371967 ], [ -52.127766267013023, -32.041802927828407 ], [ -52.12762518840205, -32.042102330176355 ], [ -52.127471765434834, -32.042109023061812 ], [ -52.127363072343236, -32.042219487636288 ], [ -52.127056831643237, -32.042136638551774 ], [ -52.12696537077786, -32.042201671783666 ], [ -52.127013710696431, -32.042298380432307 ], [ -52.127314940886357, -32.042458069492469 ], [ -52.127249029145297, -32.042832487627614 ], [ -52.127357499538519, -32.042860256273869 ], [ -52.127505948036713, -32.042619397647542 ], [ -52.127658133857977, -32.04258470387623 ], [ -52.128447317603069, -32.042951274372292 ], [ -52.128385506227495, -32.043087631466292 ], [ -52.128226267760638, -32.043070229792797 ], [ -52.128068281821371, -32.043150029776768 ], [ -52.128069687257899, -32.043270664858341 ], [ -52.128221816213738, -32.043330237938271 ], [ -52.128243287126509, -32.043430326823902 ], [ -52.128043928647394, -32.043594191920825 ], [ -52.127959670630091, -32.043907155942023 ], [ -52.127789040415109, -32.044135083139381 ], [ -52.12763753747015, -32.044178165922062 ], [ -52.127530658391443, -32.044303681376697 ], [ -52.126931713343758, -32.044065825424092 ], [ -52.126801384962612, -32.043954864211678 ], [ -52.126802097886774, -32.043740931955149 ], [ -52.126879196868387, -32.043698344610377 ], [ -52.126869938148644, -32.043592279130223 ], [ -52.1269964398779, -32.043507968597474 ], [ -52.126965601285214, -32.043363259683098 ], [ -52.126855609656488, -32.043386819498807 ], [ -52.126726676295974, -32.043681199984441 ], [ -52.126475810557224, -32.043847878197056 ], [ -52.125659673811953, -32.043540811716099 ], [ -52.125600531529116, -32.043345392746104 ], [ -52.125485385422955, -32.043321420213758 ], [ -52.125247920490096, -32.043546932237923 ], [ -52.124957267837495, -32.044135897333675 ], [ -52.12455439581953, -32.044155442021385 ], [ -52.124553714237088, -32.04423504330493 ], [ -52.124742415616083, -32.044412114588674 ], [ -52.124664883009132, -32.04466021452393 ], [ -52.124478766603524, -32.044927177329356 ], [ -52.124250519147218, -32.045045328181672 ], [ -52.124295407569157, -32.045219725606941 ], [ -52.124268720457771, -32.045350515771979 ], [ -52.12416993670066, -32.045441130595727 ], [ -52.124172562959494, -32.045555683288953 ], [ -52.124072056520212, -32.045603554569688 ], [ -52.123949769742424, -32.045828494133396 ], [ -52.123826879402444, -32.045889621482452 ], [ -52.123825471268688, -32.046084960160307 ], [ -52.123681270909465, -32.046171427853338 ], [ -52.123520151973864, -32.046578592046579 ], [ -52.123285295071859, -32.046658521720616 ], [ -52.123357815088724, -32.047000791375261 ], [ -52.123438936487112, -32.047018007707507 ], [ -52.123578798712721, -32.046897250046015 ], [ -52.123723103810946, -32.04690624307608 ], [ -52.12384611626895, -32.047102552678133 ], [ -52.123990257695155, -32.047086305293874 ], [ -52.124242056985921, -32.047198503953645 ], [ -52.124253549194592, -32.047409123589802 ], [ -52.12432013667177, -32.047475584722527 ], [ -52.124617667304229, -32.047501030440237 ], [ -52.124743205530706, -32.047446589693543 ], [ -52.124873917647903, -32.047571431224796 ], [ -52.125180834784203, -32.047583111370102 ], [ -52.125234994229913, -32.047520475466584 ], [ -52.125212059012767, -32.047399868334566 ], [ -52.125050879344471, -32.047283240865568 ], [ -52.125041742087262, -32.047128408997381 ], [ -52.125666842993233, -32.047194116735213 ], [ -52.125953290043476, -32.047476786188419 ], [ -52.125938147402039, -32.047626390065453 ], [ -52.125742024990593, -32.047723254414024 ], [ -52.125724264560297, -32.047804551423148 ], [ -52.125992357320101, -32.047986648607164 ], [ -52.125837089168101, -32.048502121745564 ], [ -52.12574744284084, -32.048613942621323 ], [ -52.12548091608685, -32.048579416890021 ], [ -52.125247964139035, -32.048305873615476 ], [ -52.125015508875677, -32.048336772353672 ], [ -52.124763299113127, -32.048118237833542 ], [ -52.124701100029668, -32.047989009209608 ], [ -52.124518001909792, -32.048065854851536 ], [ -52.124362128307986, -32.048009295522938 ], [ -52.124377083859876, -32.047744222764166 ], [ -52.124243044536875, -32.047471426776632 ], [ -52.124129510043943, -32.047517395828898 ], [ -52.124041105806782, -32.047702467998718 ], [ -52.123910442545203, -32.047770697748668 ], [ -52.123759496222895, -32.047719286887698 ], [ -52.123591024486245, -32.047474848105828 ], [ -52.123432290204946, -32.047589839456911 ], [ -52.123243824288792, -32.047574802715673 ], [ -52.12320521591986, -32.047384485173481 ], [ -52.123110908479099, -32.047351787600192 ], [ -52.122862365109924, -32.047486970887213 ], [ -52.122874647293294, -32.047659900140687 ], [ -52.122775622585351, -32.047904004877743 ], [ -52.12252969354676, -32.048185868097754 ], [ -52.1223953537543, -32.048175288859454 ], [ -52.122113246694148, -32.047931322814897 ], [ -52.121615796335625, -32.047900024363145 ], [ -52.121148693912225, -32.047673028402315 ], [ -52.121006077772442, -32.047719080084939 ], [ -52.120883188155588, -32.048060406980682 ], [ -52.120925616905538, -32.048151024719886 ], [ -52.121153170092576, -32.048065571212291 ], [ -52.121353633972127, -32.048098740606491 ], [ -52.121874295637632, -32.048418765239255 ], [ -52.122060507182518, -32.048430374839683 ], [ -52.122305445360787, -32.048544132288853 ], [ -52.122384074270691, -32.048672697431989 ], [ -52.122542933611911, -32.048649993939236 ], [ -52.122857822822084, -32.048800433732779 ], [ -52.122953604468591, -32.048969644103877 ], [ -52.123126419673525, -32.048925379497504 ], [ -52.123390825772397, -32.049007932183841 ], [ -52.123528348678164, -32.049189918860264 ], [ -52.123866111631706, -32.049204183726381 ], [ -52.124058694803601, -32.049456441398057 ], [ -52.124293232280593, -32.04939879303047 ], [ -52.124586560946391, -32.049511011067644 ], [ -52.124760297205157, -32.0496515704518 ], [ -52.125245905066436, -32.049774639649321 ], [ -52.125305602732524, -32.049903910011629 ], [ -52.125107866877535, -32.050380171373376 ], [ -52.125063879908957, -32.050830485124997 ], [ -52.124970709013546, -32.051002391285408 ], [ -52.12473387468809, -32.050909301005866 ], [ -52.12462294973529, -32.050744869608614 ], [ -52.124665821367472, -32.050573826386334 ], [ -52.124893239711334, -32.050321817459952 ], [ -52.124891943614927, -32.050145647747215 ], [ -52.12469395459383, -32.050075326005853 ], [ -52.124603840156034, -32.049918348247573 ], [ -52.124434404131378, -32.049957322826018 ], [ -52.124339205641085, -32.049878067841313 ], [ -52.124128861939894, -32.049851177375693 ], [ -52.124057940197147, -32.049494591500569 ], [ -52.123951156748824, -32.049512647178545 ], [ -52.123890518330214, -32.049656338707734 ], [ -52.123740234509597, -32.049746247424793 ], [ -52.123721372114431, -32.049907104890011 ], [ -52.123600349671449, -32.050057705407177 ], [ -52.123439311909031, -32.050156092885544 ], [ -52.123352709195473, -32.05013321801178 ], [ -52.123329261390253, -32.049973440349355 ], [ -52.123212061461224, -32.049880705780133 ], [ -52.123193829344814, -32.049759285255412 ], [ -52.123469464534772, -32.049556168504004 ], [ -52.123527983506534, -32.049280007394401 ], [ -52.12344672244906, -32.049205578383493 ], [ -52.123137168013407, -32.049610158415121 ], [ -52.123124605556768, -32.049719696257775 ], [ -52.123004046481185, -32.049803924754706 ], [ -52.12285588172643, -32.04982544418273 ], [ -52.122748302922986, -32.049770534709467 ], [ -52.122765362278564, -32.049601018125735 ], [ -52.122630179281522, -32.049341386380227 ], [ -52.12254065978874, -32.049371132055811 ], [ -52.122448999170466, -32.049554201584094 ], [ -52.122260741477085, -32.04961965807847 ], [ -52.12233412354577, -32.049747292377127 ], [ -52.122487562089916, -32.049769636339903 ], [ -52.123109489550089, -32.050228077371202 ], [ -52.123445053382788, -32.050394938790298 ], [ -52.123410308705516, -32.050737132108772 ], [ -52.123332920095059, -32.05079146352228 ], [ -52.12321849409274, -32.050599838309573 ], [ -52.122972977971294, -32.050628938811435 ], [ -52.122885798052458, -32.050456119644323 ], [ -52.122749083286763, -32.050471228133681 ], [ -52.122356746684275, -32.050302381181794 ], [ -52.122266522422485, -32.050334960052744 ], [ -52.122285423317827, -32.050455773699923 ], [ -52.122681581606265, -32.050675307431845 ], [ -52.122746574252126, -32.050899282897433 ], [ -52.122913535606529, -32.050807567218563 ], [ -52.123063225918287, -32.050836238004514 ], [ -52.123049818816362, -32.051113845301238 ], [ -52.122987024493369, -32.051203209233151 ], [ -52.122831171190384, -32.051203342056276 ], [ -52.122567975600361, -32.051036930949735 ], [ -52.122538655776076, -32.050859736913971 ], [ -52.122448168614476, -32.050753220154959 ], [ -52.122302457452193, -32.050773627773708 ], [ -52.122186076396439, -32.050671428047252 ], [ -52.121978495649849, -32.050721019029346 ], [ -52.12174741200851, -32.050526250659345 ], [ -52.121576015281775, -32.050541285255413 ], [ -52.121590954249676, -32.050760779850954 ], [ -52.121438194307807, -32.050805353432324 ], [ -52.121393259896386, -32.050654032459619 ], [ -52.121550714713358, -32.050508603369067 ], [ -52.121461613377214, -32.05033713421561 ], [ -52.1212806815197, -32.050260595976333 ], [ -52.121259988193714, -32.05017293764088 ], [ -52.121418754185854, -32.049976771196228 ], [ -52.121596792194566, -32.049928265230299 ], [ -52.121604946999405, -32.049699734176301 ], [ -52.121763980257242, -32.049491212391978 ], [ -52.122082488251714, -32.049523566194033 ], [ -52.122153053949859, -32.049161198358263 ], [ -52.122062534578212, -32.049124254357103 ], [ -52.121839351991945, -32.049288079095909 ], [ -52.121416932702431, -32.049128983676169 ], [ -52.121380705553513, -32.049273209414643 ], [ -52.121522584426167, -32.049308945222535 ], [ -52.12157229124422, -32.049385367853183 ], [ -52.121495522682629, -32.049532391918426 ], [ -52.120916402834837, -32.049604674333409 ], [ -52.120878218242396, -32.049864052353527 ], [ -52.121049586598161, -32.050027212969162 ], [ -52.120971236583628, -32.050140259778701 ], [ -52.120776579405728, -32.050042566615907 ], [ -52.12075595442294, -32.049869422437752 ], [ -52.120592205830597, -32.049740708157344 ], [ -52.120329870892796, -32.049808218805296 ], [ -52.119687722863716, -32.049437534663866 ], [ -52.119552290724457, -32.049458693173207 ], [ -52.119504360258325, -32.049636951046253 ], [ -52.119325077819525, -32.049631645027965 ], [ -52.119292924937163, -32.04950185863764 ], [ -52.119519609271592, -32.049471425919506 ], [ -52.119554611023766, -32.049363805551351 ], [ -52.119384790567516, -32.049276780462101 ], [ -52.119360567261822, -32.04904149192307 ], [ -52.119157019163666, -32.049151449967169 ], [ -52.119002507002712, -32.049097222829452 ], [ -52.11894051472072, -32.049018249263483 ], [ -52.118955356339988, -32.048874342785979 ], [ -52.119093509612718, -32.048826306677967 ], [ -52.119361357510151, -32.049034398526892 ], [ -52.119550675731325, -32.048924882280517 ], [ -52.119736742197531, -32.048968080555881 ], [ -52.119792696948004, -32.048890975019141 ], [ -52.119581425161257, -32.048643246466646 ], [ -52.119407100001347, -32.048689462521814 ], [ -52.119202191774647, -32.04856383415607 ], [ -52.119237009632876, -32.04838419147719 ], [ -52.11940800410455, -32.0481077516433 ], [ -52.119324941446763, -32.047984079026143 ], [ -52.119124588039561, -32.048067226948795 ], [ -52.119125644354014, -32.048291145067907 ], [ -52.118995788938719, -32.048364879626519 ], [ -52.118888744539341, -32.04868001234825 ], [ -52.118713076808731, -32.048891006196094 ], [ -52.118521225531282, -32.048903686638234 ], [ -52.118499950944539, -32.048804723544549 ], [ -52.118373987623691, -32.04871878835246 ], [ -52.118380953095176, -32.048571336309813 ], [ -52.118533963278786, -32.04829250105967 ], [ -52.118475042928573, -32.048197363235268 ], [ -52.118398712283671, -32.048218992728856 ], [ -52.118260877233254, -32.048441460624836 ], [ -52.11809371681322, -32.048855266011898 ], [ -52.117944979668003, -32.048891928126572 ], [ -52.117883301536807, -32.0487468062422 ], [ -52.117731003288419, -32.048777830830872 ], [ -52.1177707455806, -32.048926290907204 ], [ -52.117891051550437, -32.048954246378536 ], [ -52.117886516456863, -32.049162783049688 ], [ -52.11761782584999, -32.049445048200567 ], [ -52.117446196515303, -32.04948333949244 ], [ -52.117454887331938, -32.049667029290887 ], [ -52.117359605379221, -32.049755908587308 ], [ -52.117312388017048, -32.049956210855797 ], [ -52.117195246465741, -32.050037443382855 ], [ -52.116784679382938, -32.049942477383937 ], [ -52.116689674903483, -32.049862233996798 ], [ -52.116659960637044, -32.049700609817201 ], [ -52.116432888151436, -32.049536777914867 ], [ -52.116472247889504, -32.049358458094645 ], [ -52.11659886135709, -32.049195721179728 ], [ -52.11684869078352, -32.049257746792428 ], [ -52.116936094520284, -32.049480965536262 ], [ -52.117133077472197, -32.049362339189585 ], [ -52.11707711109873, -32.049244623853333 ], [ -52.116920458297763, -32.049210107535096 ], [ -52.116913539646525, -32.04912015024216 ], [ -52.116735239754895, -32.048953050610855 ], [ -52.116803974693035, -32.048772670149539 ], [ -52.116746387522596, -32.048610336879236 ], [ -52.116633711025429, -32.048645919536114 ], [ -52.116446617391361, -32.048889034237433 ], [ -52.116337075211668, -32.048937325910451 ], [ -52.116354075549246, -32.049136835368579 ], [ -52.116159334277349, -32.049348220392154 ], [ -52.116143690226785, -32.049512911693931 ], [ -52.116051539230114, -32.049566075792903 ], [ -52.115956761053482, -32.049524939406432 ], [ -52.115951285356616, -32.049389962341287 ], [ -52.115836776521768, -32.049242763870566 ], [ -52.116246076588752, -32.048928398908267 ], [ -52.11618499151048, -32.048697252567258 ], [ -52.116048358200402, -32.048518971342332 ], [ -52.115771615665039, -32.048587549219235 ], [ -52.115574008761548, -32.048429266209844 ], [ -52.115429075093807, -32.048413903949339 ], [ -52.115349097864346, -32.048301459181744 ], [ -52.115126491211186, -32.048309754850187 ], [ -52.115067196734799, -32.048387028916324 ], [ -52.115114895102053, -32.048583337665157 ], [ -52.115335802416944, -32.048649324057337 ], [ -52.115327563794835, -32.048776973686479 ], [ -52.115214837335586, -32.048788235023594 ], [ -52.115087776908169, -32.048711647362417 ], [ -52.114970390376634, -32.048798996164635 ], [ -52.114766954986287, -32.048798638290087 ], [ -52.114680291041445, -32.048683890853738 ], [ -52.114456510854723, -32.048575079343046 ], [ -52.11438824631383, -32.048639789736697 ], [ -52.114380936735593, -32.048918709445331 ], [ -52.114214495451925, -32.048941001505689 ], [ -52.114134087013745, -32.048861530560252 ], [ -52.114146572700378, -32.048692587825187 ], [ -52.114309774653897, -32.04859019481637 ], [ -52.114371355997783, -32.048314397632332 ], [ -52.114194280206895, -32.048170610998625 ], [ -52.114031243702733, -32.048174903430834 ], [ -52.113930018140721, -32.048013975391633 ], [ -52.114023425799132, -32.047930188779176 ], [ -52.114226623790962, -32.048000218493435 ], [ -52.114396361076643, -32.047953610541313 ], [ -52.114472506824846, -32.048057955941381 ], [ -52.11457174325993, -32.048036656574816 ], [ -52.114612446560628, -32.047868736024483 ], [ -52.114289088064204, -32.047759726289243 ], [ -52.114254837174769, -32.047495581072717 ], [ -52.114269084808569, -32.047315661531258 ], [ -52.114364160206783, -32.047153164732435 ], [ -52.114594330323776, -32.04713388989633 ], [ -52.114637747403265, -32.047025811031595 ], [ -52.11444008488828, -32.046860651355011 ], [ -52.114299824520231, -32.046569439288994 ], [ -52.114138688138631, -32.046595381636521 ], [ -52.113901339589759, -32.046522244658661 ], [ -52.113707888554451, -32.04634534948574 ], [ -52.113655964589213, -32.046181878407872 ], [ -52.113528077052472, -32.046160301277766 ], [ -52.113176773904286, -32.045859753230403 ], [ -52.112519431415038, -32.045536033059165 ], [ -52.112498547294102, -32.045394681486222 ], [ -52.112766130100177, -32.045225356459873 ], [ -52.112808927576609, -32.045045403242462 ], [ -52.112724005396103, -32.044929075919661 ], [ -52.112546769608514, -32.044885107274325 ], [ -52.112485897379152, -32.045051487801842 ], [ -52.11233245484928, -32.045151537724593 ], [ -52.112232492033911, -32.045192080024812 ], [ -52.112104839667865, -32.045149526480678 ], [ -52.112178194831607, -32.044845779886558 ], [ -52.11235050159646, -32.044780645337255 ], [ -52.112409175117421, -32.044581589583274 ], [ -52.112289945864049, -32.044438056090804 ], [ -52.112293349320197, -32.044353382799564 ], [ -52.112719580060443, -32.044201783315742 ], [ -52.11275519940277, -32.04412621502626 ], [ -52.112629747484121, -32.043926609905817 ], [ -52.112445196947064, -32.043978829897554 ], [ -52.111659385833491, -32.043596352006311 ], [ -52.111650885065771, -32.043453189309439 ], [ -52.111885276107984, -32.043009892554977 ], [ -52.111895912051395, -32.04271770366379 ], [ -52.111747191658495, -32.042674223465504 ], [ -52.111668910897933, -32.042713010405009 ], [ -52.111682196862368, -32.042899561329826 ], [ -52.111433258635799, -32.043400722330063 ], [ -52.111356566516683, -32.043458056221866 ], [ -52.111208401761928, -32.043436536793841 ], [ -52.110519129604945, -32.043084041959574 ], [ -52.110567197996481, -32.042878996979063 ], [ -52.110776562620401, -32.042522681862962 ], [ -52.110986607384142, -32.042504483954794 ], [ -52.111122646496156, -32.042572708353497 ], [ -52.111191587005443, -32.042512652540857 ], [ -52.111168620185985, -32.042423472275196 ], [ -52.110955019843509, -32.042290009100213 ], [ -52.110947369193703, -32.042121411921961 ], [ -52.111021241069892, -32.042019546046063 ], [ -52.110969694419893, -32.041943520084295 ], [ -52.110863099725407, -32.041958793320362 ], [ -52.11080682381828, -32.042124936641187 ], [ -52.110582934288374, -32.042216486570837 ], [ -52.110508127288035, -32.042111374446698 ], [ -52.110005745346527, -32.04192992946254 ], [ -52.109837502072054, -32.041795602718686 ], [ -52.109836093190253, -32.041633372275044 ], [ -52.109913397115662, -32.041519325556344 ], [ -52.109867217466956, -32.041437244839955 ], [ -52.109496208822748, -32.041697577272664 ], [ -52.108678007968415, -32.041340303103091 ], [ -52.108915746114086, -32.040801592815797 ], [ -52.109032489692083, -32.040690725304103 ], [ -52.109858793953904, -32.041075747814041 ], [ -52.109875566213567, -32.041410981346758 ], [ -52.109958742081048, -32.041404791902607 ], [ -52.110147574401722, -32.041179933436965 ], [ -52.110351776598918, -32.041254542250783 ], [ -52.110513162019657, -32.041211575863166 ], [ -52.110493185097567, -32.041112852559792 ], [ -52.110287899574551, -32.040986917527668 ], [ -52.110239832655651, -32.040821194376775 ], [ -52.109978507452752, -32.040929096086757 ], [ -52.10914074119723, -32.040514283780098 ], [ -52.109477429834065, -32.039916394473821 ], [ -52.109788474662743, -32.039964944689089 ], [ -52.109893822928761, -32.039924623984852 ], [ -52.109879824138268, -32.039826785555718 ], [ -52.109626943635099, -32.039668427187095 ], [ -52.109955268055614, -32.039122617041286 ], [ -52.110231550813637, -32.03918996038653 ], [ -52.110823506739692, -32.039487585629978 ], [ -52.110642313135877, -32.039961942208144 ], [ -52.110529859157168, -32.040065714562395 ], [ -52.110350775530463, -32.040079072392587 ], [ -52.110268851719766, -32.040011742943037 ], [ -52.110191773701317, -32.040066045990429 ], [ -52.110208675923161, -32.040147151274439 ], [ -52.110459417701797, -32.04029892776537 ], [ -52.110694517485655, -32.040224270169752 ], [ -52.110731403762216, -32.040010216708772 ], [ -52.111089837884215, -32.039592153665239 ], [ -52.111365569055017, -32.039649307453566 ], [ -52.111537930992945, -32.03979740142713 ], [ -52.111905616049079, -32.039940278692022 ], [ -52.111890905885517, -32.04022466642283 ], [ -52.111969054126185, -32.040312734690865 ], [ -52.112340685656392, -32.040088345086872 ], [ -52.113140296975537, -32.040404075285551 ], [ -52.113186959351651, -32.040568463083908 ], [ -52.11325696500495, -32.040609743469936 ], [ -52.113609874521991, -32.040529443546134 ], [ -52.113464210166001, -32.040196776646084 ], [ -52.113183509790559, -32.040243377984204 ], [ -52.112366867763825, -32.039876444402793 ], [ -52.112406267435759, -32.039678144263107 ], [ -52.112676751456732, -32.039284897838343 ], [ -52.112872374233454, -32.039285127358262 ], [ -52.11344678758055, -32.039527670597387 ], [ -52.113580005433271, -32.03964225462817 ], [ -52.113582930064872, -32.039790630113949 ], [ -52.113643389339096, -32.039847368973476 ], [ -52.113812021325799, -32.039710219603833 ], [ -52.114122920445119, -32.039837420754516 ], [ -52.114239348591752, -32.039758813163566 ], [ -52.114175420354101, -32.03965307909472 ], [ -52.114038644197564, -32.039643558989873 ], [ -52.11386721510403, -32.039385857664577 ], [ -52.113716693915826, -32.039441758725246 ], [ -52.11351167437806, -32.039394720685721 ], [ -52.112860764122352, -32.039087763354239 ], [ -52.112925896257657, -32.038840083122125 ], [ -52.113144722900131, -32.038465597216913 ], [ -52.114024580557924, -32.038767758693368 ], [ -52.114125898107723, -32.038993702509387 ], [ -52.114379451025073, -32.038961112765513 ], [ -52.1149278774772, -32.039194195565358 ], [ -52.115038631210709, -32.039132127012849 ], [ -52.114981418830169, -32.038967980390083 ], [ -52.114476645572829, -32.038769146155317 ], [ -52.114518973165168, -32.038469373515696 ], [ -52.114466014696916, -32.038401568106089 ], [ -52.114386567259196, -32.038403965628468 ], [ -52.114283747951795, -32.038579468071099 ], [ -52.114159618712925, -32.038633468039912 ], [ -52.113357023220274, -32.038254771391564 ], [ -52.113344098949909, -32.038152038433523 ], [ -52.113571666839178, -32.037692148174528 ], [ -52.113511562722969, -32.037596812896481 ], [ -52.113313776449218, -32.037713069278269 ], [ -52.113040965922579, -32.038149792235032 ], [ -52.112893441212591, -32.038038627617595 ], [ -52.112848342805279, -32.037875957239635 ], [ -52.112557998051606, -32.037949529126891 ], [ -52.11223481058515, -32.03779716271562 ], [ -52.112212063421431, -32.037620322164948 ], [ -52.11234249331762, -32.03734415150123 ], [ -52.112685474641566, -32.037126420164974 ], [ -52.112615091148719, -32.036895127874359 ], [ -52.11205292798833, -32.036783895701348 ], [ -52.111474147425234, -32.036423847894945 ], [ -52.111702752836372, -32.03623303232358 ], [ -52.111777310409117, -32.036005268038672 ], [ -52.111889949869393, -32.035894592818408 ], [ -52.112653057740822, -32.036169492682141 ], [ -52.11288746323298, -32.036407276941809 ], [ -52.113094574922108, -32.036337951546827 ], [ -52.113280354585548, -32.036407864232217 ], [ -52.113309812996874, -32.036298765153333 ], [ -52.113211515950695, -32.036255853050697 ], [ -52.113113495841645, -32.036076435967253 ], [ -52.113442681838464, -32.035608092803777 ], [ -52.113600220219723, -32.035196845144078 ], [ -52.11374662985147, -32.035159011437855 ], [ -52.114033105630995, -32.035210591220697 ], [ -52.114169473948827, -32.035068875562416 ], [ -52.114303987385647, -32.035079878118488 ], [ -52.114416925552767, -32.034997710119661 ], [ -52.114619889659274, -32.035101290480583 ], [ -52.114824262863934, -32.034640653787747 ], [ -52.114945976939374, -32.034504164994864 ], [ -52.115086069402253, -32.034562707144651 ], [ -52.115067072654391, -32.034790423732275 ], [ -52.114960673529424, -32.034888130404312 ], [ -52.114895968280038, -32.035173713610355 ], [ -52.114777294288388, -32.035234742657195 ], [ -52.114743294425942, -32.035378897483199 ], [ -52.114614580960897, -32.035452772455734 ], [ -52.114621016652777, -32.035614636993749 ], [ -52.114359386757414, -32.035944846081307 ], [ -52.11437709200279, -32.036038941568698 ], [ -52.114485905093488, -32.036090900880858 ], [ -52.114629553484463, -32.03601995594255 ], [ -52.114788228551099, -32.03604277344656 ], [ -52.114881005549734, -32.035892722294093 ], [ -52.114763155834559, -32.03571722733777 ], [ -52.114864281131915, -32.035625103356544 ], [ -52.115209824084054, -32.035811944656295 ], [ -52.115605261096626, -32.035865178652614 ], [ -52.115735937243244, -32.035962543696328 ], [ -52.115815954120976, -32.036134031808928 ], [ -52.116019799827932, -32.036046537195944 ], [ -52.116846358692214, -32.03634471370173 ], [ -52.116924597443379, -32.036445317196268 ], [ -52.116304085651691, -32.037480929141509 ], [ -52.115891065355378, -32.037389589029218 ], [ -52.115808064686362, -32.037307881225416 ], [ -52.1155991872646, -32.03726484979429 ], [ -52.115518401691467, -32.037307816181908 ], [ -52.11554294992991, -32.037410313865486 ], [ -52.115985518440816, -32.037596960677618 ], [ -52.116118391939018, -32.037763186428386 ], [ -52.115886775330871, -32.038244799320438 ], [ -52.115780043764836, -32.038300406506146 ], [ -52.115558887340796, -32.038232047965565 ], [ -52.115397501920057, -32.038275014353211 ], [ -52.115417478842225, -32.038373737656606 ], [ -52.115645561020479, -32.038444373776024 ], [ -52.115697130814894, -32.038547099001597 ], [ -52.115387857567626, -32.039046116143815 ], [ -52.115190258285345, -32.039124003985251 ], [ -52.115265679858837, -32.039390140100075 ], [ -52.11540967499058, -32.039377977271386 ], [ -52.115518316597232, -32.039111700293191 ], [ -52.115921190348367, -32.038585975198295 ], [ -52.116297922026732, -32.038753839093907 ], [ -52.116416854298748, -32.038724048782605 ], [ -52.116347143594069, -32.038560552639296 ], [ -52.116049694520747, -32.038428023166794 ], [ -52.116044301210913, -32.038284641326214 ], [ -52.116374312392772, -32.037835043472519 ], [ -52.116672587967535, -32.037869348651334 ], [ -52.116758786608507, -32.03782566921813 ], [ -52.116753527796632, -32.037742922816896 ], [ -52.116551452998536, -32.037626372765047 ], [ -52.116525619244669, -32.037543815310521 ], [ -52.116686436454494, -32.037234551607561 ], [ -52.116887641780487, -32.037028207065042 ], [ -52.116942375796128, -32.036817092637207 ], [ -52.11708809967913, -32.036773844739827 ], [ -52.117223692592937, -32.036861850556264 ], [ -52.117319553257147, -32.03678068629312 ], [ -52.117294817958175, -32.036672192906472 ], [ -52.117126772966969, -32.036622030848953 ], [ -52.117168954416336, -32.036503121994095 ], [ -52.117267558218629, -32.036516785032461 ], [ -52.117348960373917, -32.036657867324578 ], [ -52.11774708138141, -32.03669189832771 ], [ -52.117831251134618, -32.036766245011592 ], [ -52.117736625778456, -32.037096215100611 ], [ -52.117848208213552, -32.037254616958968 ], [ -52.117652380973993, -32.037564795604048 ], [ -52.117650696666217, -32.037721402738427 ], [ -52.117711505089396, -32.037776404498608 ], [ -52.117835089399108, -32.03771159811145 ], [ -52.118112395842239, -32.037258184489808 ], [ -52.118356480988915, -32.037220437184843 ], [ -52.118376417618137, -32.037141627737078 ], [ -52.118295249973741, -32.037022574727509 ], [ -52.118359639874434, -32.036944398824915 ], [ -52.118484157571309, -32.036952183703825 ], [ -52.118616044818779, -32.037061048838964 ], [ -52.118588377614969, -32.037217129780529 ], [ -52.118663118932488, -32.037443103174269 ], [ -52.118752975019071, -32.037420904069052 ], [ -52.118911901900233, -32.037178784048578 ], [ -52.11918637238734, -32.03723857460885 ], [ -52.119184529100608, -32.037571634405332 ], [ -52.119368409090704, -32.037698075594712 ], [ -52.119584954987445, -32.037613422341089 ], [ -52.11993028002906, -32.037715505231105 ], [ -52.11997193335911, -32.037571745417395 ], [ -52.120126547596648, -32.03746696163369 ], [ -52.120017193417389, -32.037274291511011 ], [ -52.120079930939745, -32.037186446057895 ], [ -52.120411628976498, -32.037370832900912 ], [ -52.120585511500941, -32.037368467344393 ] ], [ [ -52.116553069103922, -32.036079802497113 ], [ -52.116529389337401, -32.035880101686715 ], [ -52.116750256684824, -32.035868716572146 ], [ -52.116803974693035, -32.035983866438507 ], [ -52.116748063515523, -32.036083120229726 ], [ -52.116553069103922, -32.036079802497113 ] ], [ [ -52.116783170688294, -32.035788102867031 ], [ -52.116753907965176, -32.035573625827709 ], [ -52.116552758161404, -32.035525771108766 ], [ -52.116530564316683, -32.035415489077216 ], [ -52.117042909633646, -32.035286474280483 ], [ -52.117160927994775, -32.035492399650401 ], [ -52.117155089125603, -32.035613699382147 ], [ -52.116783170688294, -32.035788102867031 ] ], [ [ -52.115145181468826, -32.034403758368882 ], [ -52.115115639016949, -32.03420603144815 ], [ -52.115209432882835, -32.034152857178981 ], [ -52.115282938821366, -32.034212716814423 ], [ -52.115268473710152, -32.034357997724257 ], [ -52.115145181468826, -32.034403758368882 ] ], [ [ -52.111362934243047, -32.036701081876863 ], [ -52.11200393945645, -32.036859205563573 ], [ -52.112210565511546, -32.037087840934483 ], [ -52.112159771962808, -32.037292691941907 ], [ -52.111931864362575, -32.037613898654477 ], [ -52.111724100218495, -32.037580487029814 ], [ -52.111080470273329, -32.037273762570344 ], [ -52.111081293712878, -32.037183576387349 ], [ -52.111231742762023, -32.037011707787393 ], [ -52.111252296701132, -32.036834008408626 ], [ -52.111362934243047, -32.036701081876863 ] ], [ [ -52.108761304206567, -32.041559300282998 ], [ -52.109376297271126, -32.04187514999785 ], [ -52.109387112729237, -32.042151758831693 ], [ -52.109439726892056, -32.042214932870216 ], [ -52.10971133395222, -32.042006099980142 ], [ -52.110142029489388, -32.042150852067344 ], [ -52.110343898691632, -32.042299661988196 ], [ -52.110562810012567, -32.042275372966927 ], [ -52.110601343344399, -32.042415845952412 ], [ -52.110255420401536, -32.042936983490598 ], [ -52.110080415657734, -32.042943472879003 ], [ -52.109472503497351, -32.042689853822289 ], [ -52.109364490768613, -32.042564362641045 ], [ -52.109434907925632, -32.042373959199161 ], [ -52.109375079873637, -32.042294536558664 ], [ -52.109039770661923, -32.042491407730488 ], [ -52.108831771059805, -32.042456157008516 ], [ -52.108243727765526, -32.042160163768592 ], [ -52.108221821065641, -32.042060452255932 ], [ -52.108483521931291, -32.041592220849893 ], [ -52.108557606170223, -32.041538297600326 ], [ -52.108761304206567, -32.041559300282998 ] ], [ [ -52.108160153681581, -32.042273785158123 ], [ -52.108153001599817, -32.04242268064479 ], [ -52.108047979777744, -32.042404584674962 ], [ -52.108036958106084, -32.042291820031608 ], [ -52.108160153681581, -32.042273785158123 ] ], [ [ -52.108213314699249, -32.042531852065956 ], [ -52.108510995554212, -32.042703522411479 ], [ -52.108738148276977, -32.042951562734736 ], [ -52.108943159556709, -32.042921455020682 ], [ -52.109343728964745, -32.043100547620909 ], [ -52.10932599525362, -32.043274880453431 ], [ -52.109066977317212, -32.043320556332425 ], [ -52.108925182114127, -32.043530564505716 ], [ -52.109179975512113, -32.043788635358666 ], [ -52.109428500642764, -32.043702119635064 ], [ -52.109519296447466, -32.043587031721167 ], [ -52.10968659179035, -32.043596140228267 ], [ -52.109758275550426, -32.043357673029327 ], [ -52.109874723250314, -32.043357015498565 ], [ -52.109926795558032, -32.043441562907965 ], [ -52.10971789861275, -32.04361093238392 ], [ -52.109765628850418, -32.043742886138425 ], [ -52.10973426506991, -32.043923522215891 ], [ -52.109594702507273, -32.044061735529759 ], [ -52.109475704261442, -32.044075152633646 ], [ -52.109217871629575, -32.043832947278695 ], [ -52.109048597249782, -32.043868755924144 ], [ -52.108955313562674, -32.043763568310524 ], [ -52.108313148546806, -32.043501626490851 ], [ -52.107974786763393, -32.043165043533882 ], [ -52.107801118737449, -32.043208620836602 ], [ -52.107781014153566, -32.043357653678861 ], [ -52.107896112368913, -32.04365709868808 ], [ -52.107826614943868, -32.043766540312667 ], [ -52.107613668332597, -32.043865077200095 ], [ -52.10755130630065, -32.044085400891113 ], [ -52.107603337309257, -32.044282253862889 ], [ -52.107684133212942, -32.044354915956703 ], [ -52.107977425139929, -32.044396283557148 ], [ -52.108086482615342, -32.044216676119312 ], [ -52.10817260971946, -32.04420381964475 ], [ -52.108228398858607, -32.044335987467527 ], [ -52.108101382122484, -32.044501421447443 ], [ -52.10836047672548, -32.044819622342608 ], [ -52.108525998365614, -32.044847835451087 ], [ -52.108681236427984, -32.044960027359558 ], [ -52.108882222966756, -32.044973779877658 ], [ -52.108959611258186, -32.045194575315804 ], [ -52.109052703533621, -32.045156322755723 ], [ -52.109111507383687, -32.04497987613405 ], [ -52.109198171620065, -32.044978838699727 ], [ -52.109236131907366, -32.045051087432938 ], [ -52.109196812353197, -32.04513673772194 ], [ -52.109043838173648, -32.045179314577766 ], [ -52.109014863685047, -32.045316870802743 ], [ -52.108926321694597, -32.045353308128576 ], [ -52.108828388448821, -32.045254931593199 ], [ -52.108695898883845, -32.045239474882521 ], [ -52.108303685458935, -32.044890379458373 ], [ -52.107984404422737, -32.044722589708492 ], [ -52.107857599255276, -32.044731355363922 ], [ -52.107696685207159, -32.044909865026995 ], [ -52.107699072905284, -32.044985527803057 ], [ -52.107805457549723, -32.045160561935575 ], [ -52.108099011011198, -32.045203497420403 ], [ -52.108149835017073, -32.045334188190772 ], [ -52.107942415480053, -32.045466926820538 ], [ -52.107888951613155, -32.045683126929347 ], [ -52.107814857752857, -32.045727910163549 ], [ -52.107619975304708, -32.045566061425241 ], [ -52.107808202656436, -32.045348741367221 ], [ -52.107779315394438, -32.045167166447762 ], [ -52.107508274929813, -32.04520804860163 ], [ -52.107360502859244, -32.045428327010576 ], [ -52.107202754828883, -32.045377369106532 ], [ -52.107218799024807, -32.045272798844124 ], [ -52.107443334919601, -32.045006709052927 ], [ -52.107351224864999, -32.044758729079732 ], [ -52.10722273630104, -32.044700448391062 ], [ -52.107103631940603, -32.044520570043765 ], [ -52.107067373680891, -32.044340767917305 ], [ -52.106947907992691, -32.044319527430687 ], [ -52.106852897094797, -32.044399812368809 ], [ -52.106856411013482, -32.044567148449154 ], [ -52.10698312017464, -32.04470130053739 ], [ -52.106914335267284, -32.044834547910121 ], [ -52.10681070185089, -32.044847730035364 ], [ -52.106699260585316, -32.044706761271762 ], [ -52.106538182474786, -32.044702721704653 ], [ -52.106483915591632, -32.044643067459397 ], [ -52.106502998762387, -32.044541172503131 ], [ -52.107367540421222, -32.043505930891889 ], [ -52.107366778683982, -32.043360495306374 ], [ -52.107062279845294, -32.043352802503669 ], [ -52.106856352927515, -32.043598958663161 ], [ -52.106766343451675, -32.043602197764137 ], [ -52.106729257882257, -32.043497858321786 ], [ -52.106813027670064, -32.043191049895334 ], [ -52.106670096992573, -32.04316066066643 ], [ -52.106473552326243, -32.043371736665868 ], [ -52.106408729737552, -32.043309204837911 ], [ -52.106421153298676, -32.043124291027247 ], [ -52.106265576464573, -32.042998276152396 ], [ -52.105766412432793, -32.042967232977041 ], [ -52.105685522423855, -32.042800988574491 ], [ -52.105859263884945, -32.042721320055847 ], [ -52.105894789471343, -32.042579965743606 ], [ -52.105665558056451, -32.042426691674528 ], [ -52.105539648726527, -32.042498656116983 ], [ -52.105516210903787, -32.042729145493794 ], [ -52.105389484131273, -32.04282024835851 ], [ -52.105362376542438, -32.042990779572207 ], [ -52.105573004488292, -32.043047978329028 ], [ -52.105720259879426, -32.043262812868143 ], [ -52.106105558708904, -32.043602619705069 ], [ -52.106320965952023, -32.043525091424137 ], [ -52.106618889261007, -32.043714511565568 ], [ -52.106599030996151, -32.043860912315871 ], [ -52.106521947871165, -32.043905569994237 ], [ -52.106336117828739, -32.043803666741205 ], [ -52.106148997252987, -32.043842580954937 ], [ -52.105828988820917, -32.043703906123852 ], [ -52.105685985124239, -32.043485837567012 ], [ -52.105328989194341, -32.043228126713608 ], [ -52.105279623635454, -32.04302593083802 ], [ -52.104575251437616, -32.042707447388779 ], [ -52.104045390795307, -32.042739039449629 ], [ -52.103859009048662, -32.042523858783703 ], [ -52.103961424785851, -32.04237422943342 ], [ -52.103943566505933, -32.042298195579654 ], [ -52.103802123956129, -32.04224076825242 ], [ -52.103625050026736, -32.042336069020372 ], [ -52.10353104932814, -32.042169444253979 ], [ -52.103136958511342, -32.041917147419561 ], [ -52.103102399483568, -32.041776461424696 ], [ -52.103320802734657, -32.04165002100828 ], [ -52.103549759615689, -32.041711751406872 ], [ -52.103696645829139, -32.041880374615793 ], [ -52.103968161178479, -32.041705505935838 ], [ -52.103863199334803, -32.041551941557557 ], [ -52.103714739695263, -32.041459106244815 ], [ -52.103551699398579, -32.04147939165005 ], [ -52.103400719454406, -32.041297464497966 ], [ -52.103195765504985, -32.041276960177413 ], [ -52.103064793296539, -32.041375147171834 ], [ -52.102918323747843, -32.041345428601069 ], [ -52.102860201057226, -32.041428485232423 ], [ -52.102908869143739, -32.041597153819737 ], [ -52.102848358041321, -32.041655238926339 ], [ -52.102619148017844, -32.041651795476319 ], [ -52.102394942163485, -32.041512550513914 ], [ -52.102275762693068, -32.041750849872685 ], [ -52.102154400854943, -32.041800225404415 ], [ -52.102052437143534, -32.041940563696556 ], [ -52.101933644648575, -32.041862237479002 ], [ -52.102026712859796, -32.041675729489405 ], [ -52.101853158459718, -32.041584321128084 ], [ -52.101728271318102, -32.041889526147799 ], [ -52.101766537734918, -32.042077884141712 ], [ -52.101639252587326, -32.042094421558375 ], [ -52.101533210672002, -32.041919402062163 ], [ -52.101276577615607, -32.041959018278078 ], [ -52.10075994412118, -32.042909812766581 ], [ -52.100686629344139, -32.04291776309055 ], [ -52.100529892027474, -32.042829025935077 ], [ -52.10040576655161, -32.042080085025724 ], [ -52.100287028556352, -32.041866492861736 ], [ -52.100277941752047, -32.041618893853489 ], [ -52.100140211482397, -32.041558566051755 ], [ -52.100052064538907, -32.041733903181921 ], [ -52.100198750203305, -32.04207565658362 ], [ -52.100148273525413, -32.042376245278867 ], [ -52.100268908798768, -32.042461768266506 ], [ -52.10035628514855, -32.042697215502848 ], [ -52.100307395863382, -32.042911298980513 ], [ -52.100265282723434, -32.042973642112564 ], [ -52.100034915586697, -32.042947139050504 ], [ -52.099419591677197, -32.043106682862792 ], [ -52.09918372299704, -32.043091115788101 ], [ -52.099059264320232, -32.042724608991854 ], [ -52.099252768987959, -32.042602816055158 ], [ -52.09927685419121, -32.042524949202345 ], [ -52.099220170950105, -32.042466379978691 ], [ -52.099057002522684, -32.042483318311376 ], [ -52.098958194999156, -32.042345426849444 ], [ -52.098921165032763, -32.041914513118712 ], [ -52.098791564636059, -32.041642425632027 ], [ -52.098853481992421, -32.041478407791296 ], [ -52.098710964788452, -32.041320026241607 ], [ -52.098891777353515, -32.041029358902954 ], [ -52.100095701391986, -32.040813287122425 ], [ -52.100185462271952, -32.040949958689545 ], [ -52.10032021947886, -32.041006803098732 ], [ -52.100383602653267, -32.041243553585332 ], [ -52.100929468169177, -32.041371346154499 ], [ -52.10105124890341, -32.041263253626688 ], [ -52.101216798576544, -32.041239452593977 ], [ -52.101329427259856, -32.041062686886235 ], [ -52.101567407124357, -32.040972784622973 ], [ -52.10172771534549, -32.04102013551001 ], [ -52.101798893425915, -32.040867209156723 ], [ -52.101977991717739, -32.040893465245368 ], [ -52.102219999319857, -32.040693223257996 ], [ -52.102144763355398, -32.040586912097247 ], [ -52.101876408897795, -32.040549247313692 ], [ -52.101744877201291, -32.040783543964224 ], [ -52.101385231903357, -32.04069299235357 ], [ -52.101168117975476, -32.041012226459976 ], [ -52.100643788118738, -32.041063567093943 ], [ -52.100567749124473, -32.04100895385897 ], [ -52.100563105400461, -32.040812575812403 ], [ -52.100725213540841, -32.040675012467268 ], [ -52.100649409647325, -32.040569443546133 ], [ -52.100056621022397, -32.040611934440818 ], [ -52.098722718078271, -32.040876174766495 ], [ -52.098641299636121, -32.040842508317752 ], [ -52.098545430928844, -32.040396155657973 ], [ -52.098469789404632, -32.040294571023082 ], [ -52.098487748793623, -32.040153735771838 ], [ -52.099334225215649, -32.039962218755193 ], [ -52.099405849571518, -32.039860602562129 ], [ -52.099099319190373, -32.039705663216168 ], [ -52.098977258160659, -32.039839312391997 ], [ -52.098369691880173, -32.03991249333621 ], [ -52.098335893332973, -32.0398308964253 ], [ -52.098407158525568, -32.039670047181517 ], [ -52.098723401162587, -32.039610259255589 ], [ -52.098746963398874, -32.039438452699756 ], [ -52.09867237630575, -32.039378690288743 ], [ -52.098316010043597, -32.039446871624321 ], [ -52.098229553153544, -32.039314141439455 ], [ -52.09824594925081, -32.039186537600564 ], [ -52.0984915779758, -32.039193889644359 ], [ -52.098634713526707, -32.039082189699073 ], [ -52.098830499347429, -32.039078321720957 ], [ -52.098845584114137, -32.039289407359277 ], [ -52.099003197158986, -32.039616359927123 ], [ -52.099077685099779, -32.039654313428649 ], [ -52.099262789871069, -32.039440457685316 ], [ -52.099279689800767, -32.039270428995621 ], [ -52.09943027175612, -32.0392482351509 ], [ -52.099512728487674, -32.039372166682412 ], [ -52.099543136702039, -32.039657217500974 ], [ -52.099476363951872, -32.03985652988969 ], [ -52.099591079650786, -32.039960889029594 ], [ -52.09985282262879, -32.039845700800605 ], [ -52.100344191150072, -32.039801554022993 ], [ -52.100570633869289, -32.039722302880058 ], [ -52.100575186572151, -32.039603995482395 ], [ -52.100442054276499, -32.039566923332657 ], [ -52.100052740512986, -32.039642268277596 ], [ -52.099776979828235, -32.039625141688006 ], [ -52.099717084021663, -32.039414279877818 ], [ -52.099751688800218, -32.039255440799515 ], [ -52.099640050486641, -32.039112641820438 ], [ -52.099639542221993, -32.038921281992032 ], [ -52.100767809234618, -32.038672681553138 ], [ -52.100827317932158, -32.038596754022812 ], [ -52.100720014291348, -32.038473847508378 ], [ -52.100415439827216, -32.038554170334919 ], [ -52.100121821630289, -32.038522276411626 ], [ -52.099823764000185, -32.038674623649847 ], [ -52.099682689038794, -32.038644464192409 ], [ -52.09968322444454, -32.038544781119285 ], [ -52.099906189483896, -32.038460343631542 ], [ -52.099935777115732, -32.038365165876627 ], [ -52.099857530582078, -32.038312647813171 ], [ -52.099513223306154, -32.038346185582043 ], [ -52.099438550867632, -32.038266343420581 ], [ -52.099454946964897, -32.03813873958169 ], [ -52.09979462019222, -32.037876435202151 ], [ -52.100307920866456, -32.037842020564248 ], [ -52.10052698663516, -32.037737730912227 ], [ -52.100564260701262, -32.037647743356317 ], [ -52.10050051706466, -32.037589302834967 ], [ -52.100084149371462, -32.037613697384359 ], [ -52.099939056077062, -32.037530698402655 ], [ -52.099791402379417, -32.037664005698673 ], [ -52.099337816333325, -32.037684745338517 ], [ -52.099278243265587, -32.037440113179009 ], [ -52.099491862117354, -32.037362292845941 ], [ -52.099512909881867, -32.037200298835195 ], [ -52.099416145009044, -32.037122492198272 ], [ -52.099240768652081, -32.037188871194466 ], [ -52.099201619367065, -32.037067894592596 ], [ -52.099294642768996, -32.037023050251477 ], [ -52.099434035358499, -32.037069231571401 ], [ -52.09968900614755, -32.036926209362768 ], [ -52.099720045212983, -32.036844071329725 ], [ -52.099494048507694, -32.036765202322329 ], [ -52.09933899182959, -32.036860194673338 ], [ -52.099136316714308, -32.036838446938653 ], [ -52.099069329938281, -32.036446763125291 ], [ -52.098993688414069, -32.0363451784904 ], [ -52.099005318366402, -32.036172291997801 ], [ -52.099231254201122, -32.036164246823127 ], [ -52.099360112155161, -32.036059695413854 ], [ -52.099744651512438, -32.036036859278141 ], [ -52.10017522201921, -32.035896308267915 ], [ -52.100621693724236, -32.035937943079574 ], [ -52.100810909412061, -32.035777595947238 ], [ -52.10102808216039, -32.035840644462453 ], [ -52.101143120563876, -32.035737540992166 ], [ -52.101516769449759, -32.035653129863242 ], [ -52.101687428867343, -32.035678530002521 ], [ -52.101798868916383, -32.035612829939438 ], [ -52.102060459458414, -32.035920919499091 ], [ -52.102246348564286, -32.035561909052902 ], [ -52.103247761304374, -32.035654432005856 ], [ -52.103409388868421, -32.035820485358066 ], [ -52.103585745534176, -32.035719311866892 ], [ -52.104650838033692, -32.035856745439524 ], [ -52.104705151388622, -32.036014628223057 ], [ -52.104478244913203, -32.036343688959754 ], [ -52.104407970190977, -32.036588131533115 ], [ -52.104115132196625, -32.036701614685114 ], [ -52.104175748511963, -32.036962740873285 ], [ -52.104393006312868, -32.037052112802861 ], [ -52.104613171920256, -32.036929646717155 ], [ -52.104891565480038, -32.036965996506396 ], [ -52.104898642000393, -32.037103588038541 ], [ -52.104646166785933, -32.037303812969292 ], [ -52.104715456610158, -32.037447942634842 ], [ -52.105108964623739, -32.03725536254521 ], [ -52.105163055014309, -32.037417761032138 ], [ -52.105260450493432, -32.037439052242711 ], [ -52.105370388261214, -32.037210554107418 ], [ -52.105442723580829, -32.037183482704634 ], [ -52.106095703726659, -32.037445659508705 ], [ -52.106167150640879, -32.03734151223663 ], [ -52.106016710358332, -32.037076804810269 ], [ -52.105685830231614, -32.037008841876528 ], [ -52.105641311857958, -32.036807182255814 ], [ -52.10579454371576, -32.036576889424694 ], [ -52.105758754028642, -32.036446272046533 ], [ -52.105602235277246, -32.036507537612358 ], [ -52.105571459000664, -32.03665903136735 ], [ -52.10541519509988, -32.036712853263367 ], [ -52.10538932452188, -32.036889813681817 ], [ -52.105271801854514, -32.036988007844073 ], [ -52.105266734269499, -32.037128583993415 ], [ -52.105154956745231, -32.037161238607737 ], [ -52.10511886071528, -32.037047921146268 ], [ -52.10524193682744, -32.036935182379146 ], [ -52.105212979222834, -32.036797332982701 ], [ -52.104680225868144, -32.036737284613352 ], [ -52.104517164564626, -32.03660568614459 ], [ -52.104641121193261, -32.036365026041487 ], [ -52.104864823140637, -32.036319542251618 ], [ -52.104809650756046, -32.036126729771802 ], [ -52.104938846478703, -32.035949122835348 ], [ -52.105070168626597, -32.035938618480294 ], [ -52.105234548793497, -32.03605293956403 ], [ -52.105405916785344, -32.036057280202641 ], [ -52.10548560912278, -32.036184784801783 ], [ -52.105601334239523, -32.036171802205551 ], [ -52.105875615159945, -32.035824970572413 ], [ -52.105981841358528, -32.035561469633741 ], [ -52.106101379509717, -32.035526007939524 ], [ -52.106125521743202, -32.035677767939525 ], [ -52.10597037537255, -32.03584343442617 ], [ -52.105953583697165, -32.035962794456402 ], [ -52.105771101374309, -32.03621548232708 ], [ -52.105773177282217, -32.036333593414547 ], [ -52.106259283701057, -32.036511701625052 ], [ -52.10633467974256, -32.036653115150472 ], [ -52.106516859946602, -32.036622928194937 ], [ -52.106729706787903, -32.03676543735304 ], [ -52.106512008437889, -32.03722143493404 ], [ -52.106237852257195, -32.037414322681457 ], [ -52.106256557842201, -32.037768576441927 ], [ -52.105923788722045, -32.03816198594064 ], [ -52.105362144101107, -32.037872261167507 ], [ -52.104952610780465, -32.037786126377377 ], [ -52.104882293281371, -32.037923864115783 ], [ -52.105067985490479, -32.038035092763863 ], [ -52.105045331240369, -32.038271778892103 ], [ -52.105130637642766, -32.03838069350941 ], [ -52.10533652209358, -32.038453702702888 ], [ -52.10540453686221, -32.038232529525693 ], [ -52.105476395531007, -32.038191748041761 ], [ -52.105781573917554, -32.038337942039952 ], [ -52.105749947695934, -32.038457642420106 ], [ -52.10563732487077, -32.038540281961232 ], [ -52.105544491389125, -32.0388948102459 ], [ -52.105433996277789, -32.03894090386698 ], [ -52.104502375806952, -32.038515172831616 ], [ -52.10437954468361, -32.038567117246075 ], [ -52.104352552648002, -32.038706379313147 ], [ -52.104724281669888, -32.038847373014057 ], [ -52.10483088303782, -32.038977971967014 ], [ -52.105089082169528, -32.039038230667067 ], [ -52.105270661744605, -32.039286633507338 ], [ -52.1052684849925, -32.03946888782729 ], [ -52.105115677951503, -32.039527201527441 ], [ -52.105050292425048, -32.039356344249782 ], [ -52.104932205214837, -32.039311474331868 ], [ -52.104880103357559, -32.039632937335902 ], [ -52.104800997692777, -32.039682463235906 ], [ -52.104491541681746, -32.039372711397853 ], [ -52.104328863632233, -32.039451761937947 ], [ -52.104176564420754, -32.039440768658586 ], [ -52.104006599872356, -32.039319210188239 ], [ -52.103917304879317, -32.039399176307619 ], [ -52.10391630701173, -32.039580596458563 ], [ -52.103828620506718, -32.039705829803879 ], [ -52.103939673474578, -32.039872118901179 ], [ -52.104096500094123, -32.039973256727805 ], [ -52.104275158244143, -32.039978854683348 ], [ -52.10440620259736, -32.040158289638477 ], [ -52.1044900978481, -32.040115679671601 ], [ -52.104569883327187, -32.039875146002565 ], [ -52.104662021461145, -32.039844037357234 ], [ -52.104834921968035, -32.039964654018597 ], [ -52.104897534787192, -32.040296593889238 ], [ -52.105013010625605, -32.040254641338151 ], [ -52.10513211264697, -32.040087500343425 ], [ -52.105411438374418, -32.04017853988195 ], [ -52.105457335764591, -32.040286998796553 ], [ -52.105263727389364, -32.040487191169092 ], [ -52.105426883643027, -32.040635568650231 ], [ -52.105429684687728, -32.040758485388942 ], [ -52.105223116443682, -32.040888796162854 ], [ -52.104824613205842, -32.040719817049897 ], [ -52.104703360928156, -32.040607841768093 ], [ -52.104535005783845, -32.040604462096113 ], [ -52.103751009666546, -32.040247044155706 ], [ -52.103523052763897, -32.04028582462297 ], [ -52.103466890885151, -32.040753528533777 ], [ -52.103561022341175, -32.040889007530033 ], [ -52.103861476695194, -32.040920319654582 ], [ -52.103857677681475, -32.040732068708309 ], [ -52.103666843599413, -32.040595565188674 ], [ -52.103686438964203, -32.040476135162258 ], [ -52.103789183380066, -32.040455305929626 ], [ -52.103891130609796, -32.040666911860043 ], [ -52.10401361963882, -32.040711974783001 ], [ -52.104149823263384, -32.040891552266061 ], [ -52.104120539470841, -32.04107116372596 ], [ -52.104166782733031, -32.04114881212864 ], [ -52.104373321754537, -32.041125632191211 ], [ -52.10452258150525, -32.041232443721512 ], [ -52.104701289015892, -32.04103298213888 ], [ -52.10478806915998, -32.041016408879464 ], [ -52.104916085165513, -32.041203524359283 ], [ -52.105480260519954, -32.041528321272075 ], [ -52.105647139245868, -32.041575455876782 ], [ -52.1057857848228, -32.041517486024787 ], [ -52.105867441397514, -32.041603958303426 ], [ -52.106077013681713, -32.041624624521361 ], [ -52.106846545745626, -32.042017328286867 ], [ -52.107009309200201, -32.042019456487246 ], [ -52.107249544983645, -32.042178527982074 ], [ -52.107462056391817, -32.042150731301433 ], [ -52.107546793439255, -32.042297939816486 ], [ -52.107810909722986, -32.042373523128447 ], [ -52.1077768361069, -32.04260749122075 ], [ -52.107970584252818, -32.042751825894427 ], [ -52.108063210937011, -32.04273126424944 ], [ -52.108213314699249, -32.042531852065956 ] ], [ [ -52.105589764326545, -32.040628089163718 ], [ -52.105553255811373, -32.040330669946052 ], [ -52.105604409854799, -32.040298721959928 ], [ -52.105995023060139, -32.040453214535454 ], [ -52.105993834099813, -32.040557085257333 ], [ -52.105839548078833, -32.040792516796948 ], [ -52.105755479330526, -32.040786947053483 ], [ -52.105589764326545, -32.040628089163718 ] ], [ [ -52.106124501745406, -32.03826932913065 ], [ -52.106348913850368, -32.037892080983227 ], [ -52.106329027703332, -32.037793965339567 ], [ -52.1065525180911, -32.03766703379101 ], [ -52.107311156175037, -32.03796575306184 ], [ -52.107388022841633, -32.038061653158344 ], [ -52.107341327081826, -32.038239312383936 ], [ -52.107150739869027, -32.03843009043154 ], [ -52.107216174750796, -32.038655692212934 ], [ -52.107292373063714, -32.038638094882145 ], [ -52.107526688579441, -32.038394295408047 ], [ -52.107585784927323, -32.038233159769071 ], [ -52.107683421114601, -32.038181889688332 ], [ -52.107850863369002, -32.038195414213263 ], [ -52.108154506472502, -32.038376929488507 ], [ -52.108525747825205, -32.038484015375445 ], [ -52.108536572609516, -32.038594156964223 ], [ -52.108291179023702, -32.039097909532821 ], [ -52.108114630142488, -32.039117067125545 ], [ -52.107978003309668, -32.039038046441618 ], [ -52.107904100168959, -32.039080099012573 ], [ -52.108099904197196, -32.039416559111423 ], [ -52.107908186863916, -32.039643521413055 ], [ -52.107884861972138, -32.0398231884732 ], [ -52.107662420229559, -32.039880678669981 ], [ -52.107257328529606, -32.039754755979807 ], [ -52.107178228734455, -32.039653323627093 ], [ -52.106922243069825, -32.039553904177851 ], [ -52.106938056585371, -32.039396959859126 ], [ -52.107170185023044, -32.038939600250878 ], [ -52.107069128571503, -32.03879370234835 ], [ -52.106982973700632, -32.038828659175444 ], [ -52.106746800130239, -32.039244888073142 ], [ -52.106472078342705, -32.039358789949119 ], [ -52.105741735078148, -32.039091054901689 ], [ -52.105726777021054, -32.038979954444734 ], [ -52.105852106911541, -32.038728104827364 ], [ -52.106023468017689, -32.038491251119034 ], [ -52.106152266380242, -32.038416318022016 ], [ -52.106124501745406, -32.03826932913065 ] ], [ [ -52.10802994140753, -32.039890883634612 ], [ -52.108316980726329, -32.03942646595145 ], [ -52.108538280027787, -32.039481345603456 ], [ -52.108748572810832, -32.039440136912113 ], [ -52.108746084322874, -32.039341190354186 ], [ -52.108564826737755, -32.039264041421539 ], [ -52.108502473378323, -32.039145303418977 ], [ -52.108816903616308, -32.038643455941319 ], [ -52.108995330105969, -32.038685788177474 ], [ -52.109091437401709, -32.038797874137771 ], [ -52.109247305054843, -32.038773061113481 ], [ -52.109692829243379, -32.038983044479835 ], [ -52.109539162217061, -32.039411029873577 ], [ -52.109386903539203, -32.039562780971686 ], [ -52.108957577744413, -32.039403424037317 ], [ -52.108809646024326, -32.03942144785556 ], [ -52.108843901381213, -32.039579981267003 ], [ -52.109228053449414, -32.039801900420663 ], [ -52.109177577601386, -32.039992786836727 ], [ -52.108900645210348, -32.040399532475014 ], [ -52.108134790116019, -32.040090860023234 ], [ -52.108027302679908, -32.040000700195577 ], [ -52.10802994140753, -32.039890883634612 ] ], [ [ -52.106138563116893, -32.035970424587347 ], [ -52.106277191304706, -32.035494324734053 ], [ -52.106147612571277, -32.035457007666963 ], [ -52.106114554824593, -32.035193073442002 ], [ -52.105868568575012, -32.034887439841924 ], [ -52.105984631724304, -32.034711709433097 ], [ -52.105943498705138, -32.034549833589004 ], [ -52.106086639857104, -32.034413178674555 ], [ -52.106321948141506, -32.034434163706273 ], [ -52.106448913356978, -32.034363255280482 ], [ -52.106752221140397, -32.034399677489411 ], [ -52.106804508048917, -32.034473684667049 ], [ -52.106731247752968, -32.034598941780764 ], [ -52.106753133608365, -32.034725346126052 ], [ -52.106935194320705, -32.034761238955774 ], [ -52.107086209049079, -32.034915543173419 ], [ -52.107232199877899, -32.034904373334818 ], [ -52.107660846288198, -32.035099602507508 ], [ -52.107645065798323, -32.03526013772187 ], [ -52.107481215846555, -32.035390015098471 ], [ -52.107479206609078, -32.035569138058236 ], [ -52.107225536014049, -32.035659704617281 ], [ -52.106915913633152, -32.03547536319131 ], [ -52.106986757752914, -32.035291606876228 ], [ -52.106927820013425, -32.035212368898492 ], [ -52.106731922067354, -32.035257712337241 ], [ -52.106617447606794, -32.03538109731722 ], [ -52.106423349694062, -32.03526729402099 ], [ -52.106336224933344, -32.035306245402992 ], [ -52.106330354926719, -32.035414243078968 ], [ -52.106431408590247, -32.035494768083346 ], [ -52.106516591904303, -32.0357070688707 ], [ -52.106722465502521, -32.035696818937481 ], [ -52.107205640017234, -32.035926738945015 ], [ -52.107163603813873, -32.036132016149949 ], [ -52.106933006500469, -32.036514559105136 ], [ -52.106828469206327, -32.036481605590538 ], [ -52.106737535671151, -32.036295382597878 ], [ -52.106479897819838, -32.036375957934446 ], [ -52.106176249394807, -32.036192265992646 ], [ -52.106138563116893, -32.035970424587347 ] ], [ [ -52.09992805924243, -32.043222686486111 ], [ -52.100217459808746, -32.043116672334357 ], [ -52.100283789145848, -32.043042953626511 ], [ -52.100399603142776, -32.04317709557742 ], [ -52.100234588540111, -32.043245359023963 ], [ -52.100138032787143, -32.04336494297543 ], [ -52.099941252984813, -32.043373759188448 ], [ -52.099926099362676, -32.043637320079206 ], [ -52.09979825321016, -32.043651160484096 ], [ -52.099727872159448, -32.043527392931246 ], [ -52.0996254802481, -32.04349105514072 ], [ -52.099555514360567, -32.043535342731502 ], [ -52.099494038628805, -32.043736521331574 ], [ -52.099333914792837, -32.043725469650511 ], [ -52.099278840989527, -32.043552868327957 ], [ -52.099457544067356, -32.0434827074723 ], [ -52.099464611771545, -32.043320809825893 ], [ -52.099535895560862, -32.04324668392114 ], [ -52.099783872726235, -32.04318921561439 ], [ -52.09992805924243, -32.043222686486111 ] ], [ [ -52.100817916230277, -32.042965315512426 ], [ -52.100978813174756, -32.042967378481421 ], [ -52.101019919693499, -32.043138258397164 ], [ -52.100818498788307, -32.04316623341105 ], [ -52.100817916230277, -32.042965315512426 ] ], [ [ -52.101113894910739, -32.043169358916877 ], [ -52.101322866727557, -32.042941203852571 ], [ -52.101386329068347, -32.042696151740216 ], [ -52.101555775271542, -32.04263586233332 ], [ -52.101671442774055, -32.042370231580996 ], [ -52.101912422237383, -32.042368894608792 ], [ -52.101934882661581, -32.042543741859944 ], [ -52.101665057070932, -32.042734387716088 ], [ -52.101127266273977, -32.043632107912138 ], [ -52.101046628101123, -32.043549539400317 ], [ -52.101113894910739, -32.043169358916877 ] ], [ [ -52.11797022471103, -32.04922839357512 ], [ -52.118202416803157, -32.049089724766588 ], [ -52.118246791889838, -32.048880541531616 ], [ -52.118344380750443, -32.048870796369037 ], [ -52.118418663008214, -32.048950873271437 ], [ -52.11851221737804, -32.048919368908436 ], [ -52.118648129420905, -32.049112147316549 ], [ -52.11851732436223, -32.04923796887504 ], [ -52.118522890829425, -32.049315205260228 ], [ -52.118603167375042, -32.049398340125393 ], [ -52.1188090675289, -32.049440953375871 ], [ -52.118955474311981, -32.049579535546627 ], [ -52.118786397090737, -32.049808663934783 ], [ -52.118481073292756, -32.049604389787554 ], [ -52.118284410644591, -32.049727887482241 ], [ -52.118002112902623, -32.049736483260467 ], [ -52.11800086001417, -32.049845145201111 ], [ -52.118208270348546, -32.049989644431328 ], [ -52.118385025357249, -32.049948981850548 ], [ -52.118450938418199, -32.050000856136428 ], [ -52.118461177679144, -32.050151217448466 ], [ -52.118348042284758, -32.050230230536208 ], [ -52.118293311155107, -32.050440214809981 ], [ -52.118196239966139, -32.050427290951113 ], [ -52.118110474849935, -32.050317914407593 ], [ -52.117914580486435, -32.050357043656419 ], [ -52.117801535265755, -32.050209481939412 ], [ -52.117630666042942, -32.050224206213933 ], [ -52.117544907358074, -32.050123046561538 ], [ -52.117680167357896, -32.049765163361421 ], [ -52.117979100573365, -32.049711400952347 ], [ -52.117904421754375, -32.049534683638143 ], [ -52.11797022471103, -32.04922839357512 ] ], [ [ -52.123207783491232, -32.0510307827427 ], [ -52.123292081302722, -32.050948990212895 ], [ -52.123374627623726, -32.051025793165088 ], [ -52.123297516608957, -32.051127769801056 ], [ -52.123207783491232, -32.0510307827427 ] ], [ [ -52.124144701956425, -32.045825292317836 ], [ -52.124228084721082, -32.045732437523462 ], [ -52.124233521394586, -32.045586945265121 ], [ -52.124538886243172, -32.045284784738108 ], [ -52.124801323105501, -32.045380939041578 ], [ -52.124918076939053, -32.045556987166549 ], [ -52.125139610597131, -32.045530022664792 ], [ -52.125357842656982, -32.045617760212949 ], [ -52.125415663774419, -32.045702485212658 ], [ -52.125372372777655, -32.045845618627865 ], [ -52.125054986923608, -32.046256514317172 ], [ -52.124773075488285, -32.046200606687094 ], [ -52.124639728479551, -32.046014797986302 ], [ -52.124498249690433, -32.046063465072145 ], [ -52.124183275220553, -32.04596089498132 ], [ -52.124144701956425, -32.045825292317836 ] ], [ [ -52.125353583609389, -32.046143126467776 ], [ -52.125678640576901, -32.045768115109361 ], [ -52.125959928018716, -32.045853967442824 ], [ -52.126075095506863, -32.046047600009786 ], [ -52.126388828318348, -32.046053899354831 ], [ -52.126538894178175, -32.046168071934609 ], [ -52.1263592251997, -32.046537447617531 ], [ -52.126156632342848, -32.046736046980364 ], [ -52.125893793973006, -32.046638927477474 ], [ -52.125790594726929, -32.046477113806738 ], [ -52.125633261464458, -32.046519908341814 ], [ -52.125343098685441, -32.046399022503294 ], [ -52.125353583609389, -32.046143126467776 ] ], [ [ -52.126024786621485, -32.045722599914392 ], [ -52.125813194125406, -32.045631429382404 ], [ -52.125750939763847, -32.045532734466882 ], [ -52.126127808051024, -32.044966658580059 ], [ -52.126397343982376, -32.044992947847334 ], [ -52.126481965876572, -32.045082816177256 ], [ -52.126514571480087, -32.045267642350595 ], [ -52.126764232637335, -32.045172538442358 ], [ -52.12698377618468, -32.045331074581433 ], [ -52.126831235152217, -32.045761030789784 ], [ -52.126675175615716, -32.045925362659844 ], [ -52.126488414181942, -32.045919621919033 ], [ -52.126337712383261, -32.045821613534009 ], [ -52.126267652865856, -32.045684370067107 ], [ -52.126024786621485, -32.045722599914392 ] ], [ [ -52.126433673388995, -32.044891024495655 ], [ -52.126304800016236, -32.044729615361561 ], [ -52.12646802364241, -32.044385892944035 ], [ -52.126590327937357, -32.04436130255511 ], [ -52.12674933852216, -32.044568659236667 ], [ -52.126727377320044, -32.044722150135648 ], [ -52.126592268345441, -32.044872923757588 ], [ -52.126433673388995, -32.044891024495655 ] ], [ [ -52.126812656570053, -32.045087459090212 ], [ -52.126778509026295, -32.044956522974324 ], [ -52.126949856606103, -32.044707584342945 ], [ -52.127056588172003, -32.044651977157258 ], [ -52.127358583862687, -32.044673653351822 ], [ -52.127289214051267, -32.044921810516335 ], [ -52.127125814075711, -32.045126869913645 ], [ -52.126812656570053, -32.045087459090212 ] ], [ [ -52.127710008444396, -32.042202616333434 ], [ -52.127830607919442, -32.042140526499701 ], [ -52.127919067498787, -32.041948049693225 ], [ -52.128148670734745, -32.042017514869137 ], [ -52.128296649544104, -32.041848474393611 ], [ -52.128545367158367, -32.041995620002339 ], [ -52.128536828335619, -32.0421428113847 ], [ -52.128625993190184, -32.042312591657797 ], [ -52.128521644556926, -32.042468446075056 ], [ -52.128289741047404, -32.042423240041067 ], [ -52.128054053727077, -32.042503457902122 ], [ -52.127931875401877, -32.042362340612144 ], [ -52.127712545507364, -32.042362700686347 ], [ -52.127710008444396, -32.042202616333434 ] ], [ [ -52.124610205050956, -32.040108861816364 ], [ -52.124501794240174, -32.040105934279914 ], [ -52.124431560601359, -32.039991284796081 ], [ -52.124241654208646, -32.039889686853989 ], [ -52.124233994279201, -32.039701326088192 ], [ -52.124405221300911, -32.039684424386145 ], [ -52.124482418165108, -32.039740721644073 ], [ -52.124512431257521, -32.039890784307474 ], [ -52.124618071608424, -32.039980760919264 ], [ -52.124610205050956, -32.040108861816364 ] ], [ [ -52.125008963809137, -32.047097716519652 ], [ -52.124798310949558, -32.047206436361172 ], [ -52.124620813270582, -32.047166790349841 ], [ -52.124580810966158, -32.047079070199416 ], [ -52.124625132177862, -32.04701329061939 ], [ -52.124795447798931, -32.047014753073135 ], [ -52.124920102162633, -32.04693683150699 ], [ -52.124993631306516, -32.046980945409764 ], [ -52.125008963809137, -32.047097716519652 ] ], [ [ -52.143330194237848, -32.047192183248193 ], [ -52.143160871363584, -32.047253484884926 ], [ -52.14305471077413, -32.047175516113363 ], [ -52.143044506462545, -32.047080239129144 ], [ -52.143192864046831, -32.047012810106814 ], [ -52.143330194237848, -32.047192183248193 ] ], [ [ -52.155458972302, -32.051509504885139 ], [ -52.155648545622732, -32.051660592316324 ], [ -52.156049572237293, -32.051736188611045 ], [ -52.156149201794669, -32.051830736289283 ], [ -52.155910413139779, -32.05220478733083 ], [ -52.155771046323459, -32.052228537201657 ], [ -52.155690358828323, -32.052327632995222 ], [ -52.155552386917478, -32.052309370481147 ], [ -52.155568769448102, -32.052116741968419 ], [ -52.155451889690568, -32.052054921829964 ], [ -52.155340322540489, -32.052238856767424 ], [ -52.155088740948635, -32.052305365247477 ], [ -52.154992065758769, -32.052398907137956 ], [ -52.155277683397806, -32.052656375755632 ], [ -52.155627487597975, -32.052673075002602 ], [ -52.155687489883441, -32.052906643219643 ], [ -52.155873302105149, -32.052915946447975 ], [ -52.155935913751257, -32.053059628354283 ], [ -52.15582020656376, -32.053191674532037 ], [ -52.155855444970598, -32.053301935857327 ], [ -52.156163106763046, -32.053299783192806 ], [ -52.156156760817574, -32.053518427623139 ], [ -52.1558499578015, -32.053693366981712 ], [ -52.155747552810823, -32.05362197580164 ], [ -52.155793205495144, -32.053398783245271 ], [ -52.155654763867737, -32.053278987323544 ], [ -52.155674158251294, -32.052927725142716 ], [ -52.155557590784589, -32.052941239802955 ], [ -52.155384927737792, -32.053211697257986 ], [ -52.155209502153419, -32.053234337587945 ], [ -52.155141858137256, -32.053364708149964 ], [ -52.155039577765059, -32.053384822897023 ], [ -52.154926887369285, -32.053279195500046 ], [ -52.155024179562524, -32.053025619573397 ], [ -52.154989092528538, -32.052941336692733 ], [ -52.15470888816516, -32.053019891367583 ], [ -52.154567283338309, -32.052868147249605 ], [ -52.154625542651097, -32.052606412226936 ], [ -52.154958098767388, -32.052386347082468 ], [ -52.154808382002869, -32.052110660744646 ], [ -52.154857386903018, -32.052001658020743 ], [ -52.155016021321799, -32.051897486041291 ], [ -52.155114297240786, -32.051569818479123 ], [ -52.155229542325934, -32.051477939185567 ], [ -52.155458972302, -32.051509504885139 ] ], [ [ -52.15620704298361, -32.052072888914161 ], [ -52.156300031009579, -32.05200366182644 ], [ -52.156376662910972, -32.05206846140252 ], [ -52.156248970595499, -32.052272864738683 ], [ -52.156380444527308, -32.052409903061296 ], [ -52.156418799791311, -32.052668646181132 ], [ -52.156358412122238, -32.052748388697324 ], [ -52.156183182210491, -32.052709137599628 ], [ -52.156206179769065, -32.052498560992838 ], [ -52.156044374568751, -32.0523902177856 ], [ -52.156204883526314, -32.052234218638347 ], [ -52.15620704298361, -32.052072888914161 ] ], [ [ -52.154553662723004, -32.052325885651257 ], [ -52.154391345824976, -32.052649709194114 ], [ -52.154182713685955, -32.052710092908193 ], [ -52.154081470314722, -32.052564185287331 ], [ -52.153658927225777, -32.052420405678966 ], [ -52.153537219100897, -32.052793159245169 ], [ -52.153420368646955, -32.052818554152488 ], [ -52.15335804219697, -32.052756108985932 ], [ -52.153439966962807, -32.052508222728797 ], [ -52.153594670426266, -32.052422016770308 ], [ -52.153601810440222, -32.052232252235214 ], [ -52.153701948068061, -32.05207885646572 ], [ -52.154036768026899, -32.052053602502959 ], [ -52.154020113517589, -32.051955776517168 ], [ -52.153853861820032, -32.051875911463533 ], [ -52.153838372020743, -32.051748578111528 ], [ -52.154055129025281, -32.051365120935422 ], [ -52.154283203753558, -32.051359105157616 ], [ -52.154346746848908, -32.051232558065855 ], [ -52.154493003145561, -32.051168323506303 ], [ -52.154564572280336, -32.051208072693122 ], [ -52.154608423340257, -32.051355452927545 ], [ -52.154911571900563, -32.051333528516629 ], [ -52.154995807845772, -32.051475771553108 ], [ -52.154942177354108, -32.051558810206743 ], [ -52.154781231235923, -32.051611149805183 ], [ -52.154820666971716, -32.051774312779138 ], [ -52.154773990498228, -32.05192545976201 ], [ -52.154645457295466, -32.051988462805241 ], [ -52.15434308622428, -32.051896448068646 ], [ -52.154174601566901, -32.052024032780551 ], [ -52.154186460315927, -32.052120230113012 ], [ -52.154380623566858, -32.052285283376847 ], [ -52.154553662723004, -32.052325885651257 ] ], [ [ -52.162028460103649, -32.056049887845724 ], [ -52.162081355183368, -32.056151973436364 ], [ -52.161945319299932, -32.056208664714916 ], [ -52.161908300804413, -32.056089458627575 ], [ -52.162028460103649, -32.056049887845724 ] ], [ [ -52.082793206680691, -32.043039157552556 ], [ -52.083052699039072, -32.04321652998086 ], [ -52.083108868112468, -32.04336474353881 ], [ -52.083015766342328, -32.043530221800665 ], [ -52.083042706010069, -32.043805851462238 ], [ -52.082978712782669, -32.043872214901953 ], [ -52.082880150226885, -32.043829192956849 ], [ -52.082831138927176, -32.043681374385763 ], [ -52.082861476245853, -32.043504697729794 ], [ -52.082752194962495, -32.043375322355551 ], [ -52.082710495163717, -32.043142868926864 ], [ -52.082793206680691, -32.043039157552556 ] ], [ [ -52.082579695129887, -32.043270161748069 ], [ -52.082561676024099, -32.04355003005967 ], [ -52.082627938414795, -32.043720119024456 ], [ -52.082538347379106, -32.04375278686868 ], [ -52.082376486726609, -32.043691086567591 ], [ -52.082279882017509, -32.04377354240544 ], [ -52.082246700563019, -32.043967345681843 ], [ -52.082141580368713, -32.04398102707512 ], [ -52.082065717395984, -32.043686071800927 ], [ -52.082107158790912, -32.043494423434602 ], [ -52.082014880518315, -32.043266588226494 ], [ -52.082299918956757, -32.043185047904409 ], [ -52.08235207651331, -32.043106556581662 ], [ -52.082579695129887, -32.043270161748069 ] ], [ [ -52.08509605866498, -32.04249851925578 ], [ -52.084929780947554, -32.042468309841809 ], [ -52.08499688222475, -32.04225894819686 ], [ -52.084808049795328, -32.042043723921907 ], [ -52.084864246812948, -32.041983409670529 ], [ -52.085011674694435, -32.041997036629567 ], [ -52.085140692360106, -32.041828452676924 ], [ -52.085265241108246, -32.041820782706836 ], [ -52.085368378243835, -32.04207565658362 ], [ -52.085324650096155, -32.042212520128523 ], [ -52.085378402289471, -32.042362852371994 ], [ -52.08509605866498, -32.04249851925578 ] ], [ [ -52.085445313341467, -32.039271721979603 ], [ -52.085418823363042, -32.039466407840202 ], [ -52.085491928759822, -32.039620697042615 ], [ -52.085436540041158, -32.039691044092308 ], [ -52.085288153886133, -32.039593214076014 ], [ -52.085132660448487, -32.039593513054619 ], [ -52.084930711191127, -32.039425171989578 ], [ -52.084986772316896, -32.039242563632854 ], [ -52.085209629904391, -32.039345016721398 ], [ -52.085342125849223, -32.039231520805217 ], [ -52.085445313341467, -32.039271721979603 ] ], [ [ -52.084217417554953, -32.043711322662297 ], [ -52.083860815851857, -32.04364327853088 ], [ -52.083713994747256, -32.043757486682381 ], [ -52.083636096813763, -32.043741549916263 ], [ -52.083604048756335, -32.043374431836632 ], [ -52.083840288277777, -32.043343423158134 ], [ -52.083959459472503, -32.043420504066702 ], [ -52.084043441468822, -32.04330319292832 ], [ -52.084195368494711, -32.043471587046376 ], [ -52.084217417554953, -32.043711322662297 ] ], [ [ -52.084033623295312, -32.043271149762468 ], [ -52.083786234700717, -32.043085972428635 ], [ -52.083616214846522, -32.04321082156779 ], [ -52.083556293197113, -32.043194893282653 ], [ -52.083479781041675, -32.043102334276931 ], [ -52.083484649083928, -32.042991983391623 ], [ -52.083716096651415, -32.04292657893874 ], [ -52.083838933353888, -32.043074261448567 ], [ -52.08406455802816, -32.043100990030275 ], [ -52.084033623295312, -32.043271149762468 ] ], [ [ -52.097294274900662, -32.043553420071625 ], [ -52.097213920920488, -32.043511337983745 ], [ -52.097133075205448, -32.043593719995428 ], [ -52.096851221606265, -32.043551637907548 ], [ -52.096577957361283, -32.04362352637925 ], [ -52.09654182439607, -32.043153183086837 ], [ -52.096974404290791, -32.043018283125903 ], [ -52.09730391587712, -32.043074503148034 ], [ -52.09741085178522, -32.042956944781359 ], [ -52.097501609332106, -32.042958949217208 ], [ -52.097577067705394, -32.043074043290702 ], [ -52.097617544791348, -32.043383909972547 ], [ -52.097534606646455, -32.04346719472629 ], [ -52.097338950139097, -32.043479681934606 ], [ -52.097294274900662, -32.043553420071625 ] ], [ [ -52.09693812014941, -32.042916294898909 ], [ -52.096709264058994, -32.04293464443807 ], [ -52.096587322938227, -32.04287099905671 ], [ -52.096590444555048, -32.042454514492754 ], [ -52.097344108064696, -32.042329601274858 ], [ -52.097434291072034, -32.042729349475778 ], [ -52.09693812014941, -32.042916294898909 ] ], [ [ -52.096657719232311, -32.042281286765814 ], [ -52.09657379872349, -32.042196204601865 ], [ -52.096585223110672, -32.041696543271946 ], [ -52.096708462926863, -32.041581674166885 ], [ -52.097101894728176, -32.041550558284897 ], [ -52.097292893868499, -32.041940231270999 ], [ -52.097298836216886, -32.042101131321132 ], [ -52.097142958394841, -32.042202325988619 ], [ -52.096657719232311, -32.042281286765814 ] ], [ [ -52.10076755990768, -32.044528985526178 ], [ -52.1010230296421, -32.04406743561335 ], [ -52.101174004550515, -32.043955019132135 ], [ -52.101355193882256, -32.044030777139369 ], [ -52.1013896616194, -32.044306839306003 ], [ -52.101572687570908, -32.044324098614709 ], [ -52.101691161428128, -32.044435039860041 ], [ -52.101663911879406, -32.044538896571702 ], [ -52.101489267542149, -32.044594491910765 ], [ -52.101394712383474, -32.044409995833213 ], [ -52.101304450646424, -32.044384294594416 ], [ -52.101110435867398, -32.044462555606849 ], [ -52.101079853799149, -32.04463230411789 ], [ -52.101009432151685, -32.044679833864478 ], [ -52.100800202753341, -32.044625711111863 ], [ -52.10076755990768, -32.044528985526178 ] ], [ [ -52.109676967909351, -32.047375567491493 ], [ -52.109534663517344, -32.047369000326611 ], [ -52.109529927915624, -32.047246522361149 ], [ -52.109673230006315, -32.047238080908976 ], [ -52.109676967909351, -32.047375567491493 ] ], [ [ -52.079003035961954, -32.031818708754194 ], [ -52.078958740364655, -32.031954581637137 ], [ -52.078775518825388, -32.032013389096569 ], [ -52.07861966380068, -32.031924871159944 ], [ -52.078478544040188, -32.03202574067528 ], [ -52.078298838444638, -32.031805312044568 ], [ -52.078114373879423, -32.031915755218613 ], [ -52.077619203859101, -32.031863357858988 ], [ -52.077551967933623, -32.031784263273366 ], [ -52.077616342003701, -32.031705501832299 ], [ -52.07798731511393, -32.031681128597207 ], [ -52.077983938817312, -32.031415061314704 ], [ -52.077912231635622, -32.031375953605924 ], [ -52.077760695376327, -32.031425332746551 ], [ -52.077714350749915, -32.031287216173965 ], [ -52.077793648451809, -32.031219967888909 ], [ -52.07795469646171, -32.03129427210024 ], [ -52.078077878908125, -32.031208901144126 ], [ -52.078392733111933, -32.031444499308208 ], [ -52.078375650524613, -32.031649753258691 ], [ -52.078597923996007, -32.031819046917477 ], [ -52.078838371143149, -32.031743045140907 ], [ -52.078957910464233, -32.031752449323555 ], [ -52.079003035961954, -32.031818708754194 ] ], [ [ -52.079123836607799, -32.030252638408122 ], [ -52.079095954549771, -32.030595122935893 ], [ -52.07894219591531, -32.030587758203424 ], [ -52.078949711579412, -32.030272760149366 ], [ -52.079123836607799, -32.030252638408122 ] ], [ [ -52.079166950001152, -32.029936267786312 ], [ -52.079112884708152, -32.030061524666415 ], [ -52.078967078767775, -32.029996713298281 ], [ -52.079023183846203, -32.029839318636242 ], [ -52.079166950001152, -32.029936267786312 ] ], [ [ -52.079607145022941, -32.030934959185309 ], [ -52.079439545034717, -32.031098579465883 ], [ -52.07920135912893, -32.031051574977823 ], [ -52.079153279146894, -32.030985258248272 ], [ -52.079199084195665, -32.030905251143729 ], [ -52.079404700714711, -32.030894249142428 ], [ -52.079518819043976, -32.030806324148045 ], [ -52.079594594639957, -32.030843272865297 ], [ -52.079607145022941, -32.030934959185309 ] ], [ [ -52.079757004144781, -32.029919128016829 ], [ -52.079736904352963, -32.030202557397928 ], [ -52.079575681805942, -32.030252663052586 ], [ -52.079496633236694, -32.030211118976538 ], [ -52.079647154276252, -32.029889939093891 ], [ -52.079757004144781, -32.029919128016829 ] ], [ [ -52.080050082385938, -32.031465778744767 ], [ -52.079890435059248, -32.03165147875395 ], [ -52.079733304636314, -32.031672484291839 ], [ -52.07957093340152, -32.031445844536499 ], [ -52.079575394458701, -32.031254419967759 ], [ -52.079685678089795, -32.031218994941554 ], [ -52.079825764531456, -32.03136962292313 ], [ -52.080003495397463, -32.031388660862653 ], [ -52.080050082385938, -32.031465778744767 ] ], [ [ -52.080292243727591, -32.030741211892611 ], [ -52.080136386044884, -32.03095556814516 ], [ -52.079949347242255, -32.03102845431313 ], [ -52.079876460778401, -32.030958321432323 ], [ -52.079896596383605, -32.030736898107008 ], [ -52.079748151824617, -32.030668294338362 ], [ -52.079720019538946, -32.030547154165433 ], [ -52.079912938408469, -32.030498252672565 ], [ -52.079996882692143, -32.030609403339675 ], [ -52.080242374013842, -32.030661597619101 ], [ -52.080292243727591, -32.030741211892611 ] ], [ [ -52.080861790997687, -32.031861651761446 ], [ -52.080713035038677, -32.031980278402301 ], [ -52.080480263684649, -32.031985295636161 ], [ -52.08031970834427, -32.031924981090505 ], [ -52.080292510712162, -32.031810756470918 ], [ -52.080377387992513, -32.031671871761588 ], [ -52.080729142596418, -32.031582942524643 ], [ -52.08088803120873, -32.031708004726802 ], [ -52.080861790997687, -32.031861651761446 ] ], [ [ -52.081017642356045, -32.031215314499796 ], [ -52.080953240205652, -32.031298510493194 ], [ -52.080641463379855, -32.031300196931511 ], [ -52.080506393440949, -32.031178934857259 ], [ -52.080560936596484, -32.031067593007549 ], [ -52.08074902255138, -32.031058925668589 ], [ -52.080981802286054, -32.031112871446702 ], [ -52.081017642356045, -32.031215314499796 ] ], [ [ -52.080972009281481, -32.029729994463558 ], [ -52.080865796296727, -32.029940607603827 ], [ -52.080725632076913, -32.029860232969696 ], [ -52.080757174354879, -32.029744043251839 ], [ -52.080895068621828, -32.029677668829237 ], [ -52.080972009281481, -32.029729994463558 ] ], [ [ -52.081350794662725, -32.030178727652959 ], [ -52.081338705883681, -32.030403658990423 ], [ -52.081252133826538, -32.030398070254286 ], [ -52.081222631316535, -32.030199484020663 ], [ -52.081350794662725, -32.030178727652959 ] ], [ [ -52.081889709383724, -32.029579316450267 ], [ -52.081811830665394, -32.029931561802826 ], [ -52.081687138646444, -32.030046992252892 ], [ -52.081581569666717, -32.03005089267382 ], [ -52.081425374119753, -32.029875813526871 ], [ -52.081451242632575, -32.029716012688276 ], [ -52.081548928906123, -32.029650483757258 ], [ -52.081691722304775, -32.02966030003477 ], [ -52.08179545313795, -32.029550286306495 ], [ -52.081889709383724, -32.029579316450267 ] ], [ [ -52.081966782180977, -32.04504700472976 ], [ -52.081932262928959, -32.045155491426939 ], [ -52.081790293719003, -32.045131548299636 ], [ -52.081833248794858, -32.044997529054271 ], [ -52.081966782180977, -32.04504700472976 ] ], [ [ -52.082281945690895, -32.029910485315597 ], [ -52.082287000486822, -32.030225071665051 ], [ -52.082168108086329, -32.03023702912585 ], [ -52.082161844785425, -32.029952600086474 ], [ -52.082281945690895, -32.029910485315597 ] ], [ [ -52.082594463885293, -32.044674902390803 ], [ -52.082534809652294, -32.044756008119336 ], [ -52.082406134515821, -32.044746932289598 ], [ -52.082400138115503, -32.044542116752865 ], [ -52.082521712177723, -32.04452579700893 ], [ -52.082594463885293, -32.044674902390803 ] ], [ [ -52.083072806132407, -32.033396057109215 ], [ -52.082967154555369, -32.033475001073889 ], [ -52.082716138757192, -32.033428344661132 ], [ -52.082671182833366, -32.03334416346614 ], [ -52.082733722274625, -32.033277371939626 ], [ -52.082936875537712, -32.03327680187077 ], [ -52.083072806132407, -32.033396057109215 ] ], [ [ -52.083113238393793, -32.030014265913032 ], [ -52.083083346561914, -32.030285622845845 ], [ -52.083007289965998, -32.030320768287758 ], [ -52.082851378358093, -32.030265371588854 ], [ -52.082831403067125, -32.03003768377161 ], [ -52.08288575099526, -32.029952783818601 ], [ -52.083057122239815, -32.029934351964542 ], [ -52.083113238393793, -32.030014265913032 ] ], [ [ -52.083193719216766, -32.044559339118891 ], [ -52.083112676874428, -32.044639562983029 ], [ -52.083032916324342, -32.044564575986243 ], [ -52.083113295563734, -32.044478672239705 ], [ -52.083193719216766, -32.044559339118891 ] ], [ [ -52.083216670176547, -32.030605867434318 ], [ -52.083148993900281, -32.030848450533725 ], [ -52.083041250252073, -32.030812274301447 ], [ -52.083035131730512, -32.030667335909897 ], [ -52.083105552230045, -32.030583471180734 ], [ -52.083216670176547, -32.030605867434318 ] ], [ [ -52.083439194701235, -32.04418904259974 ], [ -52.083315968433219, -32.044231403461438 ], [ -52.083267318651195, -32.044132751462882 ], [ -52.083394107440007, -32.044080870067745 ], [ -52.083439194701235, -32.04418904259974 ] ], [ [ -52.083736088457172, -32.030477627614331 ], [ -52.08375645801096, -32.030761123071144 ], [ -52.083671432858246, -32.030853318575979 ], [ -52.083427612528816, -32.03072387049199 ], [ -52.08358176775257, -32.030397364349653 ], [ -52.083736088457172, -32.030477627614331 ] ], [ [ -52.084477689790603, -32.041617988068445 ], [ -52.084684935422111, -32.042471982298423 ], [ -52.084640681143554, -32.042546133906193 ], [ -52.08437664429669, -32.042624307307818 ], [ -52.084174698497449, -32.042588638261407 ], [ -52.084078810022156, -32.042254929002901 ], [ -52.084131685706211, -32.042087058287429 ], [ -52.083993048026656, -32.041975708768533 ], [ -52.083876258664581, -32.04148425360065 ], [ -52.083800617140369, -32.04138266896576 ], [ -52.083836880335113, -32.041145692967035 ], [ -52.084083632936242, -32.041093684394383 ], [ -52.084347603628999, -32.041196391975561 ], [ -52.084334493639524, -32.041401534580487 ], [ -52.084477689790603, -32.041617988068445 ] ], [ [ -52.084977049668673, -32.040683169919838 ], [ -52.084811181895866, -32.040659382949777 ], [ -52.084669980237159, -32.040729131890316 ], [ -52.084414886443149, -32.040571200233266 ], [ -52.084423099232694, -32.040476029977718 ], [ -52.08456763071527, -32.04038498090717 ], [ -52.084525026969999, -32.040127379897854 ], [ -52.084375256227098, -32.040008396630704 ], [ -52.084342390719328, -32.039856166198788 ], [ -52.084167004254432, -32.039722596159834 ], [ -52.084080713586133, -32.039333680030211 ], [ -52.084116276635058, -32.03921315613109 ], [ -52.084315988986866, -32.039239546060635 ], [ -52.084463584901393, -32.03917517749759 ], [ -52.084673594848738, -32.039309010262912 ], [ -52.084671992395911, -32.039700973334995 ], [ -52.084799867351755, -32.03980429398031 ], [ -52.084745177955313, -32.040000075068534 ], [ -52.084882591707469, -32.04013214885309 ], [ -52.084925047641988, -32.040438286850694 ], [ -52.085005678929605, -32.040544259479113 ], [ -52.084977049668673, -32.040683169919838 ] ], [ [ -52.085119764172291, -32.040937027725178 ], [ -52.085087959304602, -32.041174233073669 ], [ -52.084936061761951, -32.041355885874765 ], [ -52.085013244583706, -32.041567689557908 ], [ -52.0848889384568, -32.041658845112252 ], [ -52.08486350565822, -32.041805384649251 ], [ -52.0847737314756, -32.041822659160488 ], [ -52.084737073693034, -32.041617979048617 ], [ -52.084646938060779, -32.041524798701495 ], [ -52.084673702119353, -32.041358041269838 ], [ -52.084567878984352, -32.041208237858193 ], [ -52.084571187598634, -32.04102028817649 ], [ -52.08504568345429, -32.040891842936553 ], [ -52.085119764172291, -32.040937027725178 ] ], [ [ -52.085732733440985, -32.040446524693429 ], [ -52.085598152406725, -32.040557011387946 ], [ -52.085410671990175, -32.040453628719433 ], [ -52.085218531720827, -32.040498936406827 ], [ -52.085132077917592, -32.040402239382132 ], [ -52.085123450745883, -32.040215738151737 ], [ -52.085325032496868, -32.040156160608369 ], [ -52.085493363675056, -32.040204130555125 ], [ -52.085641879357297, -32.040132268588557 ], [ -52.085732733440985, -32.040446524693429 ] ], [ [ -52.08796193778641, -32.031723699740404 ], [ -52.087936775930373, -32.03224107085429 ], [ -52.087738806633979, -32.032367828881178 ], [ -52.08775914633565, -32.032445530935256 ], [ -52.087906887803527, -32.032533651956456 ], [ -52.087832789332545, -32.032858248105512 ], [ -52.087686890667747, -32.032818141173912 ], [ -52.087667177236973, -32.032529023986314 ], [ -52.087478087940674, -32.032499747292647 ], [ -52.087334333599507, -32.032327003246863 ], [ -52.087186445758562, -32.03242550656968 ], [ -52.087185784708552, -32.032636471599496 ], [ -52.08725798224431, -32.032733455602141 ], [ -52.08737890204344, -32.032846358513446 ], [ -52.087589852019484, -32.032868037980847 ], [ -52.087594898098629, -32.033295369516338 ], [ -52.0874274381218, -32.033494503299949 ], [ -52.087378053278506, -32.034043488266732 ], [ -52.087258155415078, -32.03411792482121 ], [ -52.087183530697892, -32.034287148039446 ], [ -52.087206962155385, -32.034406282847691 ], [ -52.087354966869306, -32.034497381238062 ], [ -52.087354040227041, -32.034599481876477 ], [ -52.087087445722041, -32.034685654670902 ], [ -52.086955623589226, -32.034565491311682 ], [ -52.086745177219683, -32.034514717789868 ], [ -52.086576791701816, -32.034552211302525 ], [ -52.086538996056994, -32.034390075542326 ], [ -52.086661210852128, -32.033089096709666 ], [ -52.08680720112018, -32.032892323382832 ], [ -52.086742540646114, -32.032561569684368 ], [ -52.086800633352532, -32.032501086774204 ], [ -52.086941143160736, -32.03249874081785 ], [ -52.087020804027325, -32.032364717685319 ], [ -52.086998941391897, -32.032215450806035 ], [ -52.086825375800977, -32.032178348019222 ], [ -52.086780873298672, -32.032109655918696 ], [ -52.086950442530977, -32.031667704802999 ], [ -52.087035810664638, -32.031623124601829 ], [ -52.087250220551233, -32.031699000455674 ], [ -52.087183530697892, -32.032128895296111 ], [ -52.087302742620679, -32.03225100885571 ], [ -52.087417009795381, -32.032146195055788 ], [ -52.087445569671623, -32.031972851239843 ], [ -52.087644368513367, -32.031926768552559 ], [ -52.087744942975149, -32.031710546860303 ], [ -52.08796193778641, -32.031723699740404 ] ], [ [ -52.086875700580599, -32.043773419038821 ], [ -52.086968121084617, -32.044120296694601 ], [ -52.086810547265934, -32.044145310573143 ], [ -52.086741887418981, -32.044060421060202 ], [ -52.086751057727504, -32.043823453256444 ], [ -52.086875700580599, -32.043773419038821 ] ], [ [ -52.087022331002679, -32.040446524693429 ], [ -52.086941701489891, -32.040529013229111 ], [ -52.086861116898667, -32.040439234125202 ], [ -52.086943366479083, -32.0403570929628 ], [ -52.087022331002679, -32.040446524693429 ] ], [ [ -52.087384911292268, -32.047944126485795 ], [ -52.087302411388002, -32.048024929449674 ], [ -52.087157380985573, -32.048020196923993 ], [ -52.087103063187868, -32.047944329602068 ], [ -52.087185549779186, -32.047863729754461 ], [ -52.087337184924571, -32.047870881702394 ], [ -52.087384911292268, -32.047944126485795 ] ], [ [ -52.08762669752214, -32.049596626477985 ], [ -52.087537472858529, -32.049677226325592 ], [ -52.087454779200193, -32.049594991153974 ], [ -52.087544210930822, -32.049516026630378 ], [ -52.08762669752214, -32.049596626477985 ] ], [ [ -52.088212627170272, -32.0377348070067 ], [ -52.088096116801076, -32.038048328113909 ], [ -52.087900712307089, -32.038070299958669 ], [ -52.087669171306338, -32.037732342127036 ], [ -52.087923880669955, -32.037640043720955 ], [ -52.088150095342293, -32.037669984417995 ], [ -52.088212627170272, -32.0377348070067 ] ], [ [ -52.087994877510802, -32.047256222654163 ], [ -52.08784078725494, -32.047289819328334 ], [ -52.087785927826275, -32.0471424993978 ], [ -52.087984984756631, -32.047106742578109 ], [ -52.087994877510802, -32.047256222654163 ] ], [ [ -52.09142758193434, -32.037316551559108 ], [ -52.091368718304608, -32.037462506079656 ], [ -52.090943066332734, -32.0374748556223 ], [ -52.090564081240665, -32.037613697384373 ], [ -52.090480645542101, -32.037582754932295 ], [ -52.090340279261703, -32.037069656394991 ], [ -52.090553413771907, -32.036803546439927 ], [ -52.090720312686329, -32.036726682147012 ], [ -52.090724169276555, -32.03664073700385 ], [ -52.090657688907669, -32.036600835320819 ], [ -52.090279679455591, -32.036619667568011 ], [ -52.090151407967866, -32.03656781548009 ], [ -52.089900726312635, -32.036760804426237 ], [ -52.08965924068125, -32.036743141755728 ], [ -52.089313859901345, -32.03686349656347 ], [ -52.089109637884697, -32.036845181655345 ], [ -52.089067650473488, -32.036671576207162 ], [ -52.088982058809052, -32.036631793241831 ], [ -52.088599758668238, -32.036852149660341 ], [ -52.088475914915563, -32.037015963700661 ], [ -52.088126559655393, -32.037059344860161 ], [ -52.087989871012759, -32.036898954108892 ], [ -52.088179240006134, -32.036759159372636 ], [ -52.088182384918269, -32.036619889656265 ], [ -52.088112557461045, -32.036552877804155 ], [ -52.087859493208548, -32.036562715671693 ], [ -52.087832005723442, -32.036344443677748 ], [ -52.087906142670356, -32.036264438250036 ], [ -52.088125544802139, -32.036218707658342 ], [ -52.088526673080878, -32.036218353921129 ], [ -52.088592266002472, -32.036282547905081 ], [ -52.088561944244837, -32.036472099767309 ], [ -52.088649947186624, -32.036514318977765 ], [ -52.088788417089063, -32.03635032760824 ], [ -52.088755397068176, -32.036175855172118 ], [ -52.088864284481708, -32.036138754490281 ], [ -52.088926771363084, -32.036207698139521 ], [ -52.088891056374848, -32.036377302674317 ], [ -52.088970313024923, -32.036532000280253 ], [ -52.089045563497073, -32.036554023827414 ], [ -52.089115819159332, -32.036481304898885 ], [ -52.089203071305349, -32.036064563456108 ], [ -52.090950074619627, -32.035725144754274 ], [ -52.091136812326731, -32.036103629012146 ], [ -52.091196151614881, -32.036434669735073 ], [ -52.091141743546096, -32.036567149057326 ], [ -52.091287036374972, -32.036697864205067 ], [ -52.09142758193434, -32.037316551559108 ] ], [ [ -52.089925456742378, -32.03684327940006 ], [ -52.090024691949786, -32.036889473852916 ], [ -52.09013365564735, -32.037083987754365 ], [ -52.090051512397906, -32.037231142854282 ], [ -52.090065975276296, -32.037428391315956 ], [ -52.089971749367692, -32.037449600743543 ], [ -52.089849107602625, -32.037348117396967 ], [ -52.089661835758506, -32.037403700847733 ], [ -52.089623000365606, -32.037492927013844 ], [ -52.089803050389541, -32.037627258438029 ], [ -52.089782437565795, -32.037731003475912 ], [ -52.089347638390308, -32.037831727008992 ], [ -52.089246053755417, -32.037907368533205 ], [ -52.089024523643069, -32.037889394553225 ], [ -52.089057566623744, -32.037090941562816 ], [ -52.089925456742378, -32.03684327940006 ] ], [ [ -52.089068915740725, -32.035334997869064 ], [ -52.089033661021325, -32.035807524297603 ], [ -52.088956178358785, -32.035888684543231 ], [ -52.088123963067325, -32.036055575059137 ], [ -52.087939875614246, -32.036066196021871 ], [ -52.087873962553296, -32.036014321735991 ], [ -52.087923079537823, -32.035899384910671 ], [ -52.088519541225928, -32.03581179852673 ], [ -52.088681371242785, -32.035661784321086 ], [ -52.08883632560255, -32.035640190962972 ], [ -52.088918785310213, -32.035295434901769 ], [ -52.089068915740725, -32.035334997869064 ] ], [ [ -52.088529735662881, -32.049424171819105 ], [ -52.088435614991759, -32.049549240003365 ], [ -52.088202756258291, -32.049553844297222 ], [ -52.088079840514446, -32.049463268930388 ], [ -52.088072611278513, -32.049326254476696 ], [ -52.088153843805607, -32.049209112925354 ], [ -52.088306918981161, -32.049167056035415 ], [ -52.08849881473428, -32.049247005446333 ], [ -52.088529735662881, -32.049424171819105 ] ], [ [ -52.102139654228488, -32.028752241841019 ], [ -52.102044497731903, -32.029415198271373 ], [ -52.10175667082089, -32.029440742181734 ], [ -52.10160635900202, -32.02976035259104 ], [ -52.101387683468623, -32.029750915584899 ], [ -52.101316020241548, -32.029507524175429 ], [ -52.10148789576683, -32.028985519071561 ], [ -52.101437772530254, -32.028870655821891 ], [ -52.101242362941001, -32.028893183610975 ], [ -52.101071023861735, -32.029026796872195 ], [ -52.100989591086169, -32.029264411256101 ], [ -52.100785058329748, -32.029385059281481 ], [ -52.100885504790881, -32.029650183276836 ], [ -52.100761644930536, -32.02982571362466 ], [ -52.100789835925269, -32.029916770693454 ], [ -52.10112562486497, -32.030019706117272 ], [ -52.101261262689796, -32.029932174206493 ], [ -52.101583848393027, -32.029931565807871 ], [ -52.101751581537251, -32.030116757584111 ], [ -52.101675869340205, -32.0305126946554 ], [ -52.1013646730011, -32.030516021243528 ], [ -52.100997181949978, -32.031180155012677 ], [ -52.101050695566514, -32.031257655220266 ], [ -52.101367661266416, -32.031311406945967 ], [ -52.101463462055321, -32.031238681605579 ], [ -52.101499110991838, -32.03107665332054 ], [ -52.101628332710355, -32.031073093832347 ], [ -52.101691503266942, -32.031154001190856 ], [ -52.10163729334888, -32.031385520772879 ], [ -52.101077778915773, -32.031461660766674 ], [ -52.100938584012823, -32.031308640329698 ], [ -52.100696287242727, -32.031398530258194 ], [ -52.100551570918768, -32.031363693718141 ], [ -52.10053321142906, -32.03123959689929 ], [ -52.100741875866134, -32.031194839544057 ], [ -52.100839471224802, -32.031042793902365 ], [ -52.100848394166533, -32.030894515240995 ], [ -52.100616852301421, -32.030819536018278 ], [ -52.100547300837562, -32.030996025180521 ], [ -52.100438914193191, -32.0310583166073 ], [ -52.100361850676556, -32.030980705209544 ], [ -52.100448533985919, -32.030837116395915 ], [ -52.100413417189422, -32.030742859364551 ], [ -52.100282962229791, -32.030746912208379 ], [ -52.100178919713187, -32.03090810549363 ], [ -52.100061274254827, -32.030881827906697 ], [ -52.100029492899559, -32.030804204336889 ], [ -52.100135291924097, -32.030457277607944 ], [ -52.100286323766753, -32.030425210946845 ], [ -52.100353169896955, -32.030341493020615 ], [ -52.100284672105339, -32.030138291520963 ], [ -52.100396563692698, -32.02995275719806 ], [ -52.100519710495739, -32.029883651322031 ], [ -52.100471339662889, -32.029734859095228 ], [ -52.100513382447595, -32.029505148602361 ], [ -52.100658698380272, -32.029349269968854 ], [ -52.100646594280093, -32.029215443567871 ], [ -52.10089633098233, -32.028590082058933 ], [ -52.101095896704365, -32.028519766329062 ], [ -52.101367873456105, -32.028565399403618 ], [ -52.101483877950002, -32.028650166832378 ], [ -52.101796964047473, -32.028601945340341 ], [ -52.102100243684866, -32.028649215460028 ], [ -52.102139654228488, -32.028752241841019 ] ], [ [ -52.099926331875018, -32.030466554317826 ], [ -52.099832180178929, -32.030927858402912 ], [ -52.099690875453447, -32.031017945546502 ], [ -52.099166758278841, -32.030892729307752 ], [ -52.099051844503421, -32.030790139267687 ], [ -52.098908789443243, -32.03085716190963 ], [ -52.097786955075371, -32.030848450533725 ], [ -52.097762350165169, -32.030522053982935 ], [ -52.098000778743376, -32.030470143219759 ], [ -52.09810035019467, -32.030105373351631 ], [ -52.098409794807502, -32.030089272386498 ], [ -52.098470747575092, -32.029993084283241 ], [ -52.098392613914356, -32.029930263662159 ], [ -52.097697350956643, -32.029956653591704 ], [ -52.097629922338754, -32.029410909070037 ], [ -52.097837826438642, -32.029327420688041 ], [ -52.098963816984607, -32.029184804540819 ], [ -52.099031419487915, -32.029812352974922 ], [ -52.098883553644782, -32.029976721901221 ], [ -52.098987618294977, -32.030108069362264 ], [ -52.098994357648209, -32.030682847334504 ], [ -52.09907648240425, -32.030741164506011 ], [ -52.099190800110065, -32.030557216099872 ], [ -52.099154187231036, -32.030268102043465 ], [ -52.099272286560542, -32.029947579004549 ], [ -52.09919539024812, -32.029700191584674 ], [ -52.09943470753398, -32.029450874862178 ], [ -52.099408520297978, -32.029370749745588 ], [ -52.099247117909222, -32.029289924735124 ], [ -52.099234787078643, -32.029180004100787 ], [ -52.09930267211724, -32.029095305835675 ], [ -52.099399878082579, -32.029091279181543 ], [ -52.099515895375916, -32.029234446989811 ], [ -52.099671962659478, -32.029253876333414 ], [ -52.099716807000597, -32.029327783886409 ], [ -52.099708095624692, -32.029804819473433 ], [ -52.099474846100605, -32.029858307689246 ], [ -52.099407223201297, -32.029994464064607 ], [ -52.099513072276842, -32.03006606841334 ], [ -52.099742956712916, -32.030015596035447 ], [ -52.099861496322134, -32.030139754052691 ], [ -52.100003450884536, -32.029979274961867 ], [ -52.100116016161458, -32.030027469514657 ], [ -52.100043976267962, -32.030289916993759 ], [ -52.099955858523543, -32.030300883046706 ], [ -52.099849312403244, -32.030196005935785 ], [ -52.099759214805495, -32.03027050939572 ], [ -52.099782419540205, -32.030391408129717 ], [ -52.099926331875018, -32.030466554317826 ] ], [ [ -52.099266758653556, -32.031053505591935 ], [ -52.09954845535745, -32.031388606387594 ], [ -52.099470972145255, -32.031562410576178 ], [ -52.099550161557275, -32.031783923691862 ], [ -52.09935606635819, -32.03186827729656 ], [ -52.099296426088912, -32.032013397483418 ], [ -52.099045338849237, -32.032110502274143 ], [ -52.09882864778276, -32.032304676817844 ], [ -52.098431419724555, -32.032187059395127 ], [ -52.098277463558517, -32.032254409782219 ], [ -52.098249345072325, -32.032349179212744 ], [ -52.09834887199284, -32.032440597518381 ], [ -52.09862204460994, -32.032458405945484 ], [ -52.09857595135793, -32.032620647064064 ], [ -52.098389190108449, -32.032558703279342 ], [ -52.098251130619587, -32.032588332571429 ], [ -52.098107524207236, -32.032513719541384 ], [ -52.097816706113072, -32.032747414994716 ], [ -52.096839405657697, -32.032910416500762 ], [ -52.096726410597192, -32.032645342068669 ], [ -52.096755886831325, -32.032315183177253 ], [ -52.096525895366312, -32.032137434279036 ], [ -52.096385490530615, -32.032368395297809 ], [ -52.096484101720456, -32.032473703279059 ], [ -52.096610572344353, -32.032836394024606 ], [ -52.096586121480236, -32.032972818440264 ], [ -52.095343109858661, -32.033156983500291 ], [ -52.095283815382274, -32.033234257566392 ], [ -52.095292459256967, -32.033396218466393 ], [ -52.095384698280895, -32.033456745725388 ], [ -52.095621330629484, -32.033317113144534 ], [ -52.096633773360658, -32.03318184895393 ], [ -52.096718647484622, -32.033328964678915 ], [ -52.096717581028102, -32.033687182047949 ], [ -52.096665928945157, -32.033752224971458 ], [ -52.096547076256918, -32.033679852996713 ], [ -52.096453301517293, -32.033751821079953 ], [ -52.09627866694877, -32.033746866952256 ], [ -52.096126875569759, -32.033897435421402 ], [ -52.096205009230488, -32.033960256042455 ], [ -52.09647228477322, -32.033917247097826 ], [ -52.096671280296185, -32.033803902838891 ], [ -52.096805104864515, -32.033892301406198 ], [ -52.096895548194446, -32.034336435018638 ], [ -52.096753038442358, -32.034543587177261 ], [ -52.096945297252304, -32.034622277780898 ], [ -52.097013377036795, -32.034730089916494 ], [ -52.097137611877208, -32.035281316821148 ], [ -52.097050212271839, -32.0354735644935 ], [ -52.097165176532592, -32.03556196889236 ], [ -52.097379572777207, -32.035483009272269 ], [ -52.097440100036202, -32.035390770248341 ], [ -52.097347822872131, -32.03528560911063 ], [ -52.097222055058467, -32.034881149821132 ], [ -52.097198151231929, -32.034552046363231 ], [ -52.097555726972026, -32.034445511011015 ], [ -52.098314598823229, -32.034379924181401 ], [ -52.098389635448996, -32.034809439792802 ], [ -52.098465467839894, -32.034911347460827 ], [ -52.098455921752404, -32.035089694498403 ], [ -52.09830177299574, -32.03521133584443 ], [ -52.098181119091763, -32.035169253756543 ], [ -52.09810027337673, -32.03525163576824 ], [ -52.097943448996041, -32.035218197555061 ], [ -52.097898773757713, -32.035291935692044 ], [ -52.097758159622792, -32.035252251103856 ], [ -52.097698464458006, -32.035349644061881 ], [ -52.097827001386186, -32.035411053299356 ], [ -52.097907847101219, -32.035328671287658 ], [ -52.098064671481907, -32.035362109500838 ], [ -52.098109346720236, -32.035288371363855 ], [ -52.098248595112352, -32.03532826248086 ], [ -52.098310846339253, -32.035248071440058 ], [ -52.098508849875977, -32.035301741138248 ], [ -52.098667353098797, -32.03578886847037 ], [ -52.098645605364112, -32.035991543585645 ], [ -52.098194246602894, -32.036096152004006 ], [ -52.097997971146739, -32.036091465215385 ], [ -52.097866968617446, -32.035998308848214 ], [ -52.097750970292864, -32.036126646196955 ], [ -52.097587439278833, -32.036132785756308 ], [ -52.09744919908831, -32.036018283035595 ], [ -52.09745980786596, -32.035738922355527 ], [ -52.097279368009261, -32.03564932464414 ], [ -52.097220402695697, -32.035756337982214 ], [ -52.097269229616316, -32.03597466423826 ], [ -52.097349020976644, -32.036053622782632 ], [ -52.097284661360938, -32.036252619173538 ], [ -52.096719496782399, -32.036376595587704 ], [ -52.096544893366172, -32.036346607441956 ], [ -52.096345147523124, -32.036458574297171 ], [ -52.096059367724507, -32.036384825797853 ], [ -52.095897150946122, -32.036539451165837 ], [ -52.095507835698534, -32.036294413410644 ], [ -52.095403484733275, -32.036614717862683 ], [ -52.095227311166056, -32.036658304428435 ], [ -52.095078663103543, -32.036553843632852 ], [ -52.094979465396356, -32.036685269102101 ], [ -52.094834511751657, -32.036737107451202 ], [ -52.094609545205792, -32.036663205154206 ], [ -52.094454431604511, -32.036748070222664 ], [ -52.094281598661013, -32.036396043543689 ], [ -52.094286123018058, -32.036208192216804 ], [ -52.094527142302141, -32.036193783462693 ], [ -52.094528834797721, -32.036459151242035 ], [ -52.094682297988541, -32.036488433274336 ], [ -52.094752844665557, -32.036412354253358 ], [ -52.094733526443292, -32.036252891845407 ], [ -52.094951809862252, -32.036060075097545 ], [ -52.094969713565234, -32.035873313902265 ], [ -52.094795904384263, -32.035814052540168 ], [ -52.094183008903329, -32.035914712877876 ], [ -52.093956496790689, -32.035197832829979 ], [ -52.093984674822615, -32.034964552762901 ], [ -52.093852555152822, -32.034723920133779 ], [ -52.093781445689523, -32.034698573694129 ], [ -52.093674182465918, -32.034767944878332 ], [ -52.093653851676009, -32.035035075075456 ], [ -52.093829174791722, -32.035336457920536 ], [ -52.09391361797298, -32.035764915906782 ], [ -52.093871734033506, -32.036068778346163 ], [ -52.094025968384898, -32.036171010671858 ], [ -52.094079723778371, -32.03657014312688 ], [ -52.093903333855252, -32.036609224821994 ], [ -52.093635413610905, -32.036303508933464 ], [ -52.093691492088496, -32.036081250885509 ], [ -52.093523144139404, -32.036003528997412 ], [ -52.09338027266481, -32.035408828863446 ], [ -52.093270040166963, -32.035375078801913 ], [ -52.09322851926833, -32.0356168437227 ], [ -52.093319914406045, -32.036013878193593 ], [ -52.093262242689882, -32.036158412292494 ], [ -52.093422932336523, -32.036335164890843 ], [ -52.093427977364527, -32.036515257994928 ], [ -52.093342473664613, -32.036579367644208 ], [ -52.093143369317879, -32.0364700638249 ], [ -52.093051024892382, -32.036504476788352 ], [ -52.093027019649313, -32.036601963523239 ], [ -52.093137668870966, -32.036834069324392 ], [ -52.09335516021963, -32.036870399915827 ], [ -52.093395754527272, -32.036968463996033 ], [ -52.092757047715168, -32.037132359100376 ], [ -52.092669819424124, -32.037080789207735 ], [ -52.092544999727359, -32.036433990385312 ], [ -52.092621233755303, -32.036345038097643 ], [ -52.092825681387424, -32.036329307672162 ], [ -52.092869058166485, -32.036239572472695 ], [ -52.092494207863822, -32.036097067243702 ], [ -52.092412453328386, -32.035922538296923 ], [ -52.092559615640859, -32.03585639649468 ], [ -52.092671633777634, -32.036007365687517 ], [ -52.092829810834623, -32.0360155521564 ], [ -52.092982628335399, -32.035964150876737 ], [ -52.093018514004306, -32.035871987501267 ], [ -52.092904923056302, -32.035695948793396 ], [ -52.092747547529967, -32.035764576659062 ], [ -52.092610016345034, -32.035667761158948 ], [ -52.092381930197973, -32.035693177410444 ], [ -52.092333552781952, -32.035511740892233 ], [ -52.092509125108663, -32.035414896633007 ], [ -52.093082435429899, -32.035291809410872 ], [ -52.093271823443686, -32.035351172990147 ], [ -52.093367653082133, -32.035104374735496 ], [ -52.093276353932929, -32.03500126653843 ], [ -52.093191175634473, -32.034689527374368 ], [ -52.093090687458222, -32.034686455976605 ], [ -52.093066734577256, -32.034889619005106 ], [ -52.092940949329304, -32.034920140294481 ], [ -52.092827470038742, -32.034822594724041 ], [ -52.092797714718934, -32.034660306090657 ], [ -52.092849964437747, -32.034497167224963 ], [ -52.09272276864094, -32.03442527553598 ], [ -52.092644638091812, -32.034226382561535 ], [ -52.092280315649639, -32.034164481595361 ], [ -52.092223747107148, -32.034221050137852 ], [ -52.092261260287522, -32.034485256499423 ], [ -52.092205034241545, -32.034648254165695 ], [ -52.092279885478064, -32.034697039383872 ], [ -52.092408412527263, -32.034645787099365 ], [ -52.092603871924588, -32.034672855189804 ], [ -52.092664320335089, -32.035124274466632 ], [ -52.092548820466497, -32.035233310877118 ], [ -52.092269905818689, -32.035254924389754 ], [ -52.092113973125997, -32.034801911385642 ], [ -52.092161125311648, -32.034650818461479 ], [ -52.092019521554242, -32.034492991758697 ], [ -52.092086409866482, -32.034013009286028 ], [ -52.092541412672468, -32.033870200422641 ], [ -52.092938379022279, -32.033939948435687 ], [ -52.093189127789692, -32.033743425573164 ], [ -52.093154574611418, -32.033649311933104 ], [ -52.092872759312769, -32.033562078667821 ], [ -52.092707406914876, -32.033711369948819 ], [ -52.092434363808174, -32.033756453860967 ], [ -52.092274120182971, -32.033574068571568 ], [ -52.092235936686315, -32.033393799365356 ], [ -52.092278964750072, -32.033277048005964 ], [ -52.09221078384742, -32.03314896106609 ], [ -52.092428673284701, -32.033031682776503 ], [ -52.092361718278177, -32.03277792987484 ], [ -52.092507763696446, -32.03268451020493 ], [ -52.092690839587739, -32.032709504971898 ], [ -52.09273077316184, -32.03252559911769 ], [ -52.092603870449366, -32.032424823625412 ], [ -52.092377577811796, -32.032535906985203 ], [ -52.092256455981804, -32.032515613772581 ], [ -52.09215652807854, -32.032588017110342 ], [ -52.091654738164635, -32.032663896325857 ], [ -52.091547087796322, -32.032517421645984 ], [ -52.091573193353945, -32.032371987256504 ], [ -52.091488673917311, -32.032282121222245 ], [ -52.091643457766793, -32.03212607850255 ], [ -52.091645599221586, -32.032044299641974 ], [ -52.091524636886902, -32.031915775943084 ], [ -52.091310616332699, -32.031908386459413 ], [ -52.091259502800852, -32.032129731756122 ], [ -52.091421254635875, -32.032291089425591 ], [ -52.091366328926952, -32.032476395105483 ], [ -52.091407909000829, -32.032622440474697 ], [ -52.091332373065029, -32.032670658480761 ], [ -52.091050324613477, -32.032630884090793 ], [ -52.090982171225228, -32.032813896630216 ], [ -52.091048676019589, -32.032883338109919 ], [ -52.09136601139749, -32.03291700244089 ], [ -52.091334422849592, -32.033597268657694 ], [ -52.091446611245097, -32.03372300091695 ], [ -52.091453743457322, -32.03386421720397 ], [ -52.091368718304608, -32.033956412708804 ], [ -52.091152363361601, -32.033944512269606 ], [ -52.090815166896824, -32.03406730408971 ], [ -52.090696710619561, -32.033922742774635 ], [ -52.090686945787283, -32.033706368306696 ], [ -52.09044948040885, -32.033098841785808 ], [ -52.090645117428522, -32.032868311349539 ], [ -52.090460837575421, -32.032611232915514 ], [ -52.090295336206623, -32.032545214292035 ], [ -52.090313471122876, -32.032231218471289 ], [ -52.090175436552201, -32.032094001771334 ], [ -52.09012570215657, -32.031878194126669 ], [ -52.090161265205495, -32.031717370303745 ], [ -52.090447741655254, -32.031652635923507 ], [ -52.090588406540611, -32.031840333028434 ], [ -52.090670629516161, -32.031861934070804 ], [ -52.090941965518574, -32.031495871037166 ], [ -52.091078415584704, -32.031479957053023 ], [ -52.091215813204137, -32.031568779291007 ], [ -52.091380727242182, -32.031384904252718 ], [ -52.091840907227656, -32.031338570024381 ], [ -52.092085802283471, -32.031249690459397 ], [ -52.092123939852961, -32.031161141425216 ], [ -52.091993073354601, -32.030942404813871 ], [ -52.092218342891783, -32.030667750483566 ], [ -52.092180008203869, -32.030357749468337 ], [ -52.092248663448117, -32.030283249484924 ], [ -52.092336587793902, -32.030334493320602 ], [ -52.092422520792269, -32.030687125507612 ], [ -52.092304346954755, -32.030870615221914 ], [ -52.092356061767546, -32.031018507453354 ], [ -52.092264678099369, -32.031181515939657 ], [ -52.092486180230253, -32.031558040170893 ], [ -52.092613923619282, -32.03159317516544 ], [ -52.092653418055974, -32.031522130775734 ], [ -52.09260535195294, -32.031194840508739 ], [ -52.092747004258065, -32.03114602353115 ], [ -52.092845724983789, -32.03131763080053 ], [ -52.092923899104427, -32.03134399920765 ], [ -52.093068228018296, -32.031083630602119 ], [ -52.093050511476577, -32.031003053867408 ], [ -52.092872906504915, -32.030900248489417 ], [ -52.092863628983217, -32.030673076921985 ], [ -52.092786875989418, -32.03051964666242 ], [ -52.092903451545077, -32.030353464174517 ], [ -52.092906095233438, -32.030212072458291 ], [ -52.093163035277506, -32.030093119240298 ], [ -52.09349487498779, -32.030094447721041 ], [ -52.093606334439336, -32.030012519392692 ], [ -52.093814842401542, -32.030074029270288 ], [ -52.093924159879975, -32.029964473932651 ], [ -52.094102592187546, -32.029982586744971 ], [ -52.094114775753177, -32.030860358280805 ], [ -52.094050624497278, -32.030935720234424 ], [ -52.093526667623486, -32.030940159256943 ], [ -52.093468354949906, -32.03099532148147 ], [ -52.093487295848533, -32.031074596863157 ], [ -52.093659282424845, -32.031153102640964 ], [ -52.093868865928854, -32.031107679876129 ], [ -52.093924353673728, -32.031299884463436 ], [ -52.093994505891118, -32.031340760995263 ], [ -52.094129721575477, -32.031295315651015 ], [ -52.094211533669771, -32.031103049754826 ], [ -52.094358589704989, -32.031110962583426 ], [ -52.094476969723353, -32.03125165608138 ], [ -52.094607381515111, -32.031094745431602 ], [ -52.094880977501425, -32.03109031757775 ], [ -52.094981354340277, -32.030997657860965 ], [ -52.09492457834515, -32.030900168315881 ], [ -52.094399236139907, -32.030937761757237 ], [ -52.094318658733819, -32.030873268662525 ], [ -52.094311065359051, -32.029902574595624 ], [ -52.094665782403261, -32.029809640911814 ], [ -52.095033466479897, -32.029843922634655 ], [ -52.095083028808851, -32.030779407412027 ], [ -52.095034598904988, -32.030901549821351 ], [ -52.095184789160143, -32.031065871684348 ], [ -52.09610592061123, -32.031060703051452 ], [ -52.096230395873022, -32.031316434018997 ], [ -52.096332213248765, -32.031340760995263 ], [ -52.096401495281064, -32.031300760995265 ], [ -52.096416945774443, -32.031113111663927 ], [ -52.096476706343473, -32.031060703051452 ], [ -52.097524480405205, -32.031062666843759 ], [ -52.097614124412033, -32.031176774644067 ], [ -52.09765946936384, -32.031397167671962 ], [ -52.097404241432407, -32.031483169287959 ], [ -52.097312164082375, -32.031647326879799 ], [ -52.097370359310673, -32.031741194339467 ], [ -52.09764409625528, -32.031741569262408 ], [ -52.097903791544454, -32.031554743990057 ], [ -52.097784066540981, -32.03120474536707 ], [ -52.097838526812033, -32.031022449907219 ], [ -52.098873704971908, -32.03101870344365 ], [ -52.099011572088472, -32.031125684170583 ], [ -52.099266758653556, -32.031053505591935 ] ], [ [ -52.092207089349657, -32.033646488883733 ], [ -52.092173933726549, -32.033831821530249 ], [ -52.091867033234934, -32.033794511929926 ], [ -52.091903199213107, -32.033686773184257 ], [ -52.092207089349657, -32.033646488883733 ] ], [ [ -52.096831177641349, -32.033301949844301 ], [ -52.096867322577296, -32.033152959425728 ], [ -52.096982416650789, -32.033077501052439 ], [ -52.097953894470997, -32.032923284215023 ], [ -52.098020366867225, -32.032999062339968 ], [ -52.098102768525671, -32.033412163862103 ], [ -52.098040893482192, -32.033491038658383 ], [ -52.097903149072224, -32.033485300831536 ], [ -52.097859811479353, -32.033569891482784 ], [ -52.097908898602185, -32.033631319624206 ], [ -52.098064043687089, -32.033597198367424 ], [ -52.098168793701099, -32.033659125404803 ], [ -52.098254153463174, -32.034132204517881 ], [ -52.097966753264508, -32.034194432487439 ], [ -52.097771861778838, -32.034063508438336 ], [ -52.097666725031289, -32.034274804756386 ], [ -52.09749356801214, -32.03423325172232 ], [ -52.097373406951242, -32.034319112023027 ], [ -52.097264299458104, -32.034309804928853 ], [ -52.097203067762315, -32.034183929764808 ], [ -52.097062528994606, -32.034109336843422 ], [ -52.097016976245754, -32.033866176532889 ], [ -52.097100550165784, -32.033700677273075 ], [ -52.096948162745861, -32.033599313415358 ], [ -52.096927468383505, -32.033436195675833 ], [ -52.096831177641349, -32.033301949844301 ] ], [ [ -52.091578230283616, -32.031229316996061 ], [ -52.091308474064718, -32.031219354803788 ], [ -52.091227693604736, -32.031156211992524 ], [ -52.091166871095446, -32.030942984680642 ], [ -52.091000371036095, -32.030783462449662 ], [ -52.091002333139059, -32.03051203150325 ], [ -52.091757482580505, -32.030401154211525 ], [ -52.091815978609176, -32.030712160562636 ], [ -52.091641996320305, -32.030873772394401 ], [ -52.091680253697511, -32.030994930147337 ], [ -52.091795954071422, -32.031033995531573 ], [ -52.091827735426691, -32.031111619101381 ], [ -52.091578230283616, -32.031229316996061 ] ], [ [ -52.090754093206314, -32.030579067758126 ], [ -52.090911201367781, -32.030818682762771 ], [ -52.090850823763958, -32.031020755983654 ], [ -52.090890867679811, -32.031265930890314 ], [ -52.090773010572335, -32.03137397436825 ], [ -52.090155473671167, -32.031516101513368 ], [ -52.089991230609492, -32.031386403492235 ], [ -52.089731419817305, -32.031466444604732 ], [ -52.08959515351431, -32.031285210242672 ], [ -52.089459401350325, -32.031380953989057 ], [ -52.089520987256513, -32.031544790004347 ], [ -52.089471099252954, -32.03162789309031 ], [ -52.08902194088585, -32.031677570255347 ], [ -52.088866472719964, -32.031554671773378 ], [ -52.0885907039752, -32.031645969088352 ], [ -52.088618029513199, -32.031724250229054 ], [ -52.088765194936123, -32.031799699351694 ], [ -52.089010816586544, -32.031751542326852 ], [ -52.089095473459764, -32.031822252199802 ], [ -52.089402110582427, -32.031831122235801 ], [ -52.08951963937389, -32.031935508548308 ], [ -52.089697241830457, -32.031826015963823 ], [ -52.089906360834931, -32.031855039312838 ], [ -52.090002869481168, -32.032121575404304 ], [ -52.089983504922827, -32.032269791331672 ], [ -52.090085125211701, -32.032390578095431 ], [ -52.090073511593602, -32.032591257968193 ], [ -52.089884685742241, -32.032715017927927 ], [ -52.089915025451141, -32.032974694815614 ], [ -52.090237613531009, -32.033078202136103 ], [ -52.090376373894252, -32.033583574755625 ], [ -52.090326051342494, -32.033738252798749 ], [ -52.090479413073822, -32.03384390068836 ], [ -52.09048943907375, -32.034089303343322 ], [ -52.090392408745338, -32.034160099778539 ], [ -52.089404570924366, -32.034314243980774 ], [ -52.089359726583247, -32.034240336427779 ], [ -52.089440326430854, -32.03407271715016 ], [ -52.08940040849361, -32.033765156716427 ], [ -52.089477461088634, -32.033619185210227 ], [ -52.08935406025595, -32.033469667658558 ], [ -52.089181390948298, -32.033748808530817 ], [ -52.089238826811837, -32.03403891415752 ], [ -52.089164003672323, -32.034153605728662 ], [ -52.089174983792681, -32.034339320644726 ], [ -52.08906251125984, -32.03440189932136 ], [ -52.088391487822513, -32.03447256744159 ], [ -52.088317261715133, -32.034082386234267 ], [ -52.088572324933139, -32.034028833893146 ], [ -52.088631602020897, -32.033899538665572 ], [ -52.088150704224695, -32.03375904709393 ], [ -52.088193331355434, -32.033166100582299 ], [ -52.088251416462036, -32.033105589479881 ], [ -52.08862571663478, -32.033071196191564 ], [ -52.08868577775803, -32.032999934446373 ], [ -52.088653161812289, -32.032928989756272 ], [ -52.088465117971417, -32.032853881692574 ], [ -52.088573685489585, -32.032690346248003 ], [ -52.088552738026671, -32.032613359223674 ], [ -52.088326078775857, -32.032585326107473 ], [ -52.088271970479383, -32.032512655156722 ], [ -52.088313507728053, -32.031799499147972 ], [ -52.088452629281832, -32.031656458342859 ], [ -52.088392872504954, -32.031377732001282 ], [ -52.088513428183383, -32.031109394319508 ], [ -52.088434869858595, -32.030953868510124 ], [ -52.088446738330042, -32.030812402132014 ], [ -52.088699488811521, -32.030778141225703 ], [ -52.088856110624825, -32.030877550602 ], [ -52.088980920516128, -32.030778603584835 ], [ -52.089551618239504, -32.030771655951838 ], [ -52.089601526126067, -32.030847936415505 ], [ -52.089563838317794, -32.031186479075522 ], [ -52.089638560484516, -32.031246158671031 ], [ -52.089758265967461, -32.031112871446702 ], [ -52.089944915775625, -32.031062311305227 ], [ -52.089968769857606, -32.030704673590321 ], [ -52.09023118590904, -32.030691087246922 ], [ -52.090519587666726, -32.030575062443006 ], [ -52.090754093206314, -32.030579067758126 ] ], [ [ -52.089553102197428, -32.034449175760983 ], [ -52.090313390632552, -32.034323232377744 ], [ -52.090618441209955, -32.034329137318679 ], [ -52.090754290769304, -32.03475125548384 ], [ -52.090687069442545, -32.034930728340129 ], [ -52.090843737213142, -32.035085867252953 ], [ -52.090911184180641, -32.03550436168323 ], [ -52.090623975564753, -32.035559758382135 ], [ -52.090397248990087, -32.035439146654959 ], [ -52.090209823031294, -32.035453696071691 ], [ -52.089998969363933, -32.035251172442862 ], [ -52.090013258621482, -32.035031681987832 ], [ -52.089780140452646, -32.035010245032211 ], [ -52.089702066646112, -32.03510891039415 ], [ -52.089798384924585, -32.03522374276163 ], [ -52.089811393907787, -32.035431265477889 ], [ -52.089638267163103, -32.035528027147869 ], [ -52.089627916055612, -32.035737912543595 ], [ -52.089256992258171, -32.035795566196008 ], [ -52.089240193910086, -32.035664126914213 ], [ -52.089329662689487, -32.035516688467219 ], [ -52.089240552873562, -32.035315574327647 ], [ -52.089379317036524, -32.035169509015361 ], [ -52.089279421585999, -32.035011146681626 ], [ -52.089321152721169, -32.034590175699194 ], [ -52.089553102197428, -32.034449175760983 ] ], [ [ -52.08836098514395, -32.045652979658293 ], [ -52.0883909492483, -32.045752694725827 ], [ -52.088323064209703, -32.04583739299094 ], [ -52.088162069442532, -32.045779269362036 ], [ -52.088189257094598, -32.045659331080373 ], [ -52.08836098514395, -32.045652979658293 ] ], [ [ -52.088551699450555, -32.044986215062231 ], [ -52.088533971496133, -32.04516199401008 ], [ -52.088386523943193, -32.045240391373618 ], [ -52.088239292469005, -32.045192709069497 ], [ -52.088166482350537, -32.045086629925478 ], [ -52.088207883963719, -32.04496219730121 ], [ -52.088323656029701, -32.044884017650006 ], [ -52.088434912411152, -32.044888297547949 ], [ -52.088551699450555, -32.044986215062231 ] ], [ [ -52.090846091238276, -32.046386782785234 ], [ -52.090888641430801, -32.046965403965466 ], [ -52.090788015989411, -32.047092749828394 ], [ -52.088773243504924, -32.047489666159933 ], [ -52.088442539828669, -32.047045273502206 ], [ -52.088311928564373, -32.046645839745906 ], [ -52.088407644268763, -32.046535488151889 ], [ -52.088748827433193, -32.046534214255523 ], [ -52.088887163676965, -32.04660114778676 ], [ -52.089092742973413, -32.046495188228086 ], [ -52.089697070746197, -32.046443553399477 ], [ -52.08973135737638, -32.046167801337965 ], [ -52.08992112948907, -32.04604903636173 ], [ -52.089919465662675, -32.045782043710965 ], [ -52.090768549953545, -32.04567673857899 ], [ -52.090845490613198, -32.045729064213312 ], [ -52.090849283524605, -32.045863119960025 ], [ -52.090749007954791, -32.045968553025396 ], [ -52.090767913164967, -32.046138217509117 ], [ -52.090701048395523, -32.046263382210711 ], [ -52.090846091238276, -32.046386782785234 ] ], [ [ -52.088804472209496, -32.047994256854231 ], [ -52.088793385432382, -32.048117572660651 ], [ -52.088647862076762, -32.048185852123815 ], [ -52.088528707392072, -32.048164497679423 ], [ -52.088450658700118, -32.048017828092057 ], [ -52.088482640006497, -32.047924766434676 ], [ -52.088620793832824, -32.047864006775526 ], [ -52.088804472209496, -32.047994256854231 ] ], [ [ -52.088712519591148, -32.046126505573902 ], [ -52.088741873219021, -32.046205126658855 ], [ -52.088687031533702, -32.046296244604498 ], [ -52.088534164939787, -32.046282520979233 ], [ -52.088548386094693, -32.046113026642999 ], [ -52.088712519591148, -32.046126505573902 ] ], [ [ -52.088848536110078, -32.037123889530001 ], [ -52.088799987503819, -32.037653939038066 ], [ -52.088527338177641, -32.03759170903853 ], [ -52.088632556256428, -32.03715604715795 ], [ -52.088848536110078, -32.037123889530001 ] ], [ [ -52.089021774320869, -32.041155764637779 ], [ -52.088994724706552, -32.041524798701495 ], [ -52.088920708150809, -32.041631327121905 ], [ -52.088958695726944, -32.041927314159977 ], [ -52.088914848257737, -32.042286901278779 ], [ -52.088782870001069, -32.042432953532533 ], [ -52.088715191942349, -32.042288860607698 ], [ -52.088797817960661, -32.042033273536617 ], [ -52.088797807691932, -32.041730914392858 ], [ -52.088873114732188, -32.041620797269303 ], [ -52.088836123558544, -32.041361830055571 ], [ -52.088908158104651, -32.041139207560782 ], [ -52.089021774320869, -32.041155764637779 ] ], [ [ -52.088961123588732, -32.043099925143714 ], [ -52.088809271489595, -32.043146635703323 ], [ -52.088746399333104, -32.043052243437316 ], [ -52.088902887848832, -32.042989275930836 ], [ -52.088961123588732, -32.043099925143714 ] ], [ [ -52.088994582590281, -32.045643355392826 ], [ -52.088934219494476, -32.0458031522667 ], [ -52.088788957562116, -32.04572207033916 ], [ -52.088840059684507, -32.045600145330688 ], [ -52.088994582590281, -32.045643355392826 ] ], [ [ -52.08899663113975, -32.047707231459121 ], [ -52.088900146692389, -32.047783816380317 ], [ -52.088825303111634, -32.047702612929918 ], [ -52.088914674497602, -32.047621930211641 ], [ -52.08899663113975, -32.047707231459121 ] ], [ [ -52.090528424373531, -32.038680132222403 ], [ -52.090504511355945, -32.038813044458628 ], [ -52.090332828282094, -32.038863051647894 ], [ -52.08993526608986, -32.038686482772725 ], [ -52.089874981718005, -32.038393086303614 ], [ -52.089802450870543, -32.038348145855601 ], [ -52.089857242236377, -32.03818716526699 ], [ -52.090020498311631, -32.038091465950878 ], [ -52.090083368524567, -32.0379216990628 ], [ -52.090295517125178, -32.037869348651334 ], [ -52.090396184028748, -32.037938812853611 ], [ -52.090488124449728, -32.038321540107631 ], [ -52.090390637321804, -32.038526009929321 ], [ -52.090528424373531, -32.038680132222403 ] ], [ [ -52.089763439690593, -32.038358164779567 ], [ -52.089614234662335, -32.038574507848871 ], [ -52.089512033983993, -32.038594747279788 ], [ -52.089075543041254, -32.038507385277278 ], [ -52.088902286598532, -32.038312501964654 ], [ -52.089123931509221, -32.038114991527806 ], [ -52.089439449040029, -32.03816089785559 ], [ -52.089559905835834, -32.038099739129862 ], [ -52.089666640288272, -32.038154563054405 ], [ -52.0896915722724, -32.038314872249082 ], [ -52.089763439690593, -32.038358164779567 ] ], [ [ -52.089248154794021, -32.048744026046286 ], [ -52.08915668978932, -32.048811162257557 ], [ -52.089003555508867, -32.048786961830444 ], [ -52.088920093592918, -32.048635956546505 ], [ -52.088987406577161, -32.048526093216864 ], [ -52.089135719113486, -32.048473509985314 ], [ -52.089271518213266, -32.048595810709863 ], [ -52.089248154794021, -32.048744026046286 ] ], [ [ -52.089597682792416, -32.044242741080986 ], [ -52.089619758186068, -32.045389800475746 ], [ -52.089364106266977, -32.045447394055024 ], [ -52.089480531389533, -32.045657775516638 ], [ -52.089384910650267, -32.04576647783378 ], [ -52.08921521900902, -32.045693734726704 ], [ -52.089283207907236, -32.045430654743271 ], [ -52.089052766183706, -32.045444155162606 ], [ -52.088960570678871, -32.045359130009892 ], [ -52.088923810377771, -32.044566317282367 ], [ -52.089041462514615, -32.044481871224022 ], [ -52.089340732030664, -32.044475810221115 ], [ -52.089397300573154, -32.044419241678625 ], [ -52.089162959489911, -32.044021086781697 ], [ -52.089244831280624, -32.043877880631619 ], [ -52.089416391795098, -32.04389758039332 ], [ -52.089597682792416, -32.044242741080986 ] ], [ [ -52.089766282738289, -32.042939744961849 ], [ -52.089529762985265, -32.043027738898111 ], [ -52.089389789181219, -32.042952435550809 ], [ -52.089434585250956, -32.042875088562461 ], [ -52.089673289266869, -32.042826239279094 ], [ -52.089756543859274, -32.04285712221408 ], [ -52.089766282738289, -32.042939744961849 ] ], [ [ -52.090322192228832, -32.041711991624098 ], [ -52.09021046125816, -32.042127247088999 ], [ -52.08997774939737, -32.042103567547471 ], [ -52.089766312510726, -32.042344663045597 ], [ -52.089604094137989, -32.042310658716332 ], [ -52.089755771981643, -32.041949099548418 ], [ -52.089846991840382, -32.041502870033383 ], [ -52.089945194269262, -32.041351758293381 ], [ -52.090032367511704, -32.041344853591276 ], [ -52.090170707832279, -32.041461393617126 ], [ -52.090322192228832, -32.041711991624098 ] ], [ [ -52.091492641262455, -32.042602114455576 ], [ -52.091558177966789, -32.042697775615629 ], [ -52.09150524185695, -32.042780990742813 ], [ -52.091156406349441, -32.042783724753477 ], [ -52.091074026208915, -32.042718931547213 ], [ -52.091286895982222, -32.042546419854403 ], [ -52.091492641262455, -32.042602114455576 ] ], [ [ -52.090981423596659, -32.042730745441247 ], [ -52.090864675924159, -32.042871553516228 ], [ -52.090706225721313, -32.042891793986513 ], [ -52.090689030064837, -32.042972904598749 ], [ -52.090818748759837, -32.043066653140848 ], [ -52.090910993854351, -32.042969819616253 ], [ -52.091111232152869, -32.042960429809838 ], [ -52.091165909235137, -32.04311380921812 ], [ -52.091077507449988, -32.043187282710399 ], [ -52.090832073985446, -32.043104347349413 ], [ -52.090715773781064, -32.043184206067643 ], [ -52.090482349402997, -32.043213582012115 ], [ -52.090362133585451, -32.04351153133306 ], [ -52.090537841362348, -32.043598119793351 ], [ -52.090568435489303, -32.043675526763131 ], [ -52.090458319857248, -32.043794413564761 ], [ -52.090434230680891, -32.043972231887103 ], [ -52.090314216218253, -32.043974697638461 ], [ -52.090207349453998, -32.043773921254058 ], [ -52.090001883980193, -32.043895370838506 ], [ -52.089868273083773, -32.043851771719851 ], [ -52.089808307118886, -32.043695045529702 ], [ -52.089988430330017, -32.043475613200513 ], [ -52.090075164860529, -32.043465043504554 ], [ -52.09019445428077, -32.043588682574651 ], [ -52.090295460479382, -32.043529061886261 ], [ -52.090238299651531, -32.043281930087112 ], [ -52.090417112226092, -32.04320502456099 ], [ -52.090475373094854, -32.043018040012811 ], [ -52.090615992835772, -32.042943368099564 ], [ -52.090589016845051, -32.042692568578204 ], [ -52.090884012344794, -32.04266341304097 ], [ -52.090981423596659, -32.042730745441247 ] ], [ [ -52.090206286879926, -32.044754144440809 ], [ -52.090184393517653, -32.044866256184356 ], [ -52.090018059486063, -32.044961858219587 ], [ -52.089874440598564, -32.044904612359232 ], [ -52.089815520357519, -32.044785984201894 ], [ -52.089866730293572, -32.044672940169519 ], [ -52.089990156987447, -32.044599851984756 ], [ -52.090143388634992, -32.044655540413125 ], [ -52.090206286879926, -32.044754144440809 ] ], [ [ -52.090446813126569, -32.030374359991931 ], [ -52.090093961918505, -32.030454162671596 ], [ -52.089993601400245, -32.030376186996264 ], [ -52.090042038631914, -32.030300049527206 ], [ -52.09019961382554, -32.030318981374016 ], [ -52.090318088047717, -32.030252663052586 ], [ -52.090436490331577, -32.030277450618478 ], [ -52.090446813126569, -32.030374359991931 ] ], [ [ -52.091443744721701, -32.04087700242183 ], [ -52.091296318163707, -32.04119129781607 ], [ -52.091287360770885, -32.041377526097563 ], [ -52.091198407221398, -32.041454385986867 ], [ -52.090985873746845, -32.041411009420308 ], [ -52.090639566495653, -32.041223395801424 ], [ -52.090486040374351, -32.04124778009588 ], [ -52.090343264589961, -32.041129266510403 ], [ -52.090107633062445, -32.041168661029367 ], [ -52.090034966934468, -32.041065813430741 ], [ -52.090193316446843, -32.040670282824657 ], [ -52.090311485763635, -32.040651622557419 ], [ -52.090509005514768, -32.04073645829147 ], [ -52.090679154670475, -32.040503399142381 ], [ -52.090959265759196, -32.040579155039033 ], [ -52.091117999786739, -32.040742510478964 ], [ -52.091255842083278, -32.040690343317543 ], [ -52.091434427517846, -32.040739748628383 ], [ -52.091443744721701, -32.04087700242183 ] ], [ [ -52.090689624068744, -32.047880463635806 ], [ -52.090546015642929, -32.047972774767217 ], [ -52.090442894385809, -32.047881189890248 ], [ -52.090530443454824, -32.047783129906854 ], [ -52.090653783998754, -32.047797039901113 ], [ -52.090689624068744, -32.047880463635806 ] ], [ [ -52.090301631313942, -32.047896051236343 ], [ -52.090215323028524, -32.047984629525871 ], [ -52.090125557473087, -32.047904029678264 ], [ -52.090208044064404, -32.047823429830657 ], [ -52.090301631313942, -32.047896051236343 ] ], [ [ -52.090528424373531, -32.048587109301621 ], [ -52.090295727217132, -32.048881490925403 ], [ -52.090127302484511, -32.048725677044423 ], [ -52.090321582742021, -32.048450422223574 ], [ -52.090446150563118, -32.048417133397592 ], [ -52.090518618642676, -32.048459369052892 ], [ -52.090528424373531, -32.048587109301621 ] ], [ [ -52.090577428351303, -32.045209759576181 ], [ -52.090606541964178, -32.045313107089548 ], [ -52.090515966597344, -32.045436022833393 ], [ -52.090307146408009, -32.045339840251941 ], [ -52.090371769095633, -32.045172346235567 ], [ -52.090577428351303, -32.045209759576181 ] ], [ [ -52.091782573811138, -32.039834720886823 ], [ -52.091651540866202, -32.040385736000175 ], [ -52.091511729297693, -32.040527102099517 ], [ -52.090414052841965, -32.040203078060422 ], [ -52.090340776478683, -32.040121501327732 ], [ -52.090535186528435, -32.039519561451883 ], [ -52.090628764469834, -32.039428261968482 ], [ -52.090785215232465, -32.039533375876196 ], [ -52.090996584468321, -32.039523224690946 ], [ -52.091403365618376, -32.039692493240686 ], [ -52.091517394971191, -32.03966016773974 ], [ -52.091733633238626, -32.03972778887028 ], [ -52.091782573811138, -32.039834720886823 ] ], [ [ -52.091097475106487, -32.041769117229364 ], [ -52.091065503276468, -32.041936835244606 ], [ -52.090856557209641, -32.041985983831367 ], [ -52.090649874881535, -32.042181009482434 ], [ -52.090416096655836, -32.042136469813713 ], [ -52.090625842566297, -32.041585873120106 ], [ -52.091048534533975, -32.041662185212822 ], [ -52.091097475106487, -32.041769117229364 ] ], [ [ -52.090934980528573, -32.03854705326733 ], [ -52.090786324567134, -32.038590731424385 ], [ -52.090733010964904, -32.038474901950487 ], [ -52.090889893267345, -32.038438880735335 ], [ -52.090934980528573, -32.03854705326733 ] ], [ [ -52.091083911930866, -32.03880079131612 ], [ -52.091016447690095, -32.039024238534139 ], [ -52.090866208170183, -32.039036458493918 ], [ -52.090781564489724, -32.038968582239342 ], [ -52.090771803080031, -32.038851985813487 ], [ -52.090848037107975, -32.038763033525818 ], [ -52.090987521091442, -32.038747103394236 ], [ -52.091083911930866, -32.03880079131612 ] ], [ [ -52.091894166343636, -32.034774971186543 ], [ -52.092041119931565, -32.035263495477388 ], [ -52.091988840942577, -32.035325504839271 ], [ -52.091359606916612, -32.035449697340233 ], [ -52.091164197682261, -32.03543432161208 ], [ -52.091052587522917, -32.03511547417078 ], [ -52.091216761290561, -32.034829075139555 ], [ -52.090942764184931, -32.034737090240036 ], [ -52.090949548682801, -32.034458304042055 ], [ -52.090846033253577, -32.034352806441319 ], [ -52.090858156674116, -32.034271763349174 ], [ -52.091188339011161, -32.034163411544391 ], [ -52.091440371277457, -32.034133950350103 ], [ -52.091548631004869, -32.034181995092382 ], [ -52.0915675110165, -32.034640810329783 ], [ -52.091523224434731, -32.034708450775135 ], [ -52.091418129425513, -32.034670413771302 ], [ -52.091281634374035, -32.034742186708492 ], [ -52.091238436818045, -32.034847760047263 ], [ -52.091362947771742, -32.034918797412374 ], [ -52.091541989828876, -32.034781101696872 ], [ -52.091894166343636, -32.034774971186543 ] ], [ [ -52.091616522316208, -32.044194417607102 ], [ -52.091417809353182, -32.044350549832792 ], [ -52.091123761130824, -32.044429571383176 ], [ -52.091064793986313, -32.044291708738314 ], [ -52.091138566413598, -32.044025515874047 ], [ -52.09096762712246, -32.043695006151708 ], [ -52.090979613969616, -32.043570046937084 ], [ -52.091089959185048, -32.043547613954168 ], [ -52.091204811702276, -32.043677082096274 ], [ -52.091226123360123, -32.044049374685798 ], [ -52.09156207218092, -32.044080269442667 ], [ -52.091616522316208, -32.044194417607102 ] ], [ [ -52.091702413935238, -32.038323323073492 ], [ -52.091652724768714, -32.038429320038134 ], [ -52.091424479769245, -32.038412532748559 ], [ -52.091431571479234, -32.038163928044973 ], [ -52.091321616542317, -32.038060306363342 ], [ -52.091204624595697, -32.037765904021853 ], [ -52.091231907645245, -32.037686136961753 ], [ -52.091401488575229, -32.037627826129587 ], [ -52.091522012474343, -32.037663389178512 ], [ -52.091702413935238, -32.038323323073492 ] ], [ [ -52.092422520792269, -32.037140547619614 ], [ -52.092246205240272, -32.037263193911365 ], [ -52.091871855980997, -32.037345172620832 ], [ -52.091674391147862, -32.037314840038199 ], [ -52.091498201438711, -32.036729229934487 ], [ -52.09153659827308, -32.036473073249489 ], [ -52.091382257514191, -32.036371463947731 ], [ -52.09143257373146, -32.036123353400832 ], [ -52.091257666335636, -32.035888647916202 ], [ -52.091275890865788, -32.035668486768913 ], [ -52.092033202817092, -32.035504085305149 ], [ -52.092165235564025, -32.035575367930981 ], [ -52.092142818825366, -32.035757703725075 ], [ -52.092259279574243, -32.036233158528312 ], [ -52.09219587980035, -32.036307987473307 ], [ -52.092084365267709, -32.036316656881297 ], [ -52.092056583265659, -32.036396030697155 ], [ -52.092332989465753, -32.036485744644331 ], [ -52.092422520792269, -32.037140547619614 ] ], [ [ -52.091938921706635, -32.046663568747178 ], [ -52.091814906998778, -32.046881045897791 ], [ -52.091562742730453, -32.046936567367041 ], [ -52.091361319987293, -32.046825454994469 ], [ -52.091294538984123, -32.046600063739923 ], [ -52.091384724510434, -32.046456593954254 ], [ -52.091630691811936, -32.046373061241717 ], [ -52.091837434241171, -32.046459475373496 ], [ -52.091938921706635, -32.046663568747178 ] ], [ [ -52.091582948472102, -32.045479517188681 ], [ -52.091453238545625, -32.045519572018989 ], [ -52.091395244350693, -32.045390428705417 ], [ -52.091538006543978, -32.045331596709779 ], [ -52.091582948472102, -32.045479517188681 ] ], [ [ -52.091898621782832, -32.038961794356013 ], [ -52.091937058404191, -32.039174372807409 ], [ -52.091836316808738, -32.039236164132653 ], [ -52.091754266280084, -32.039061507104975 ], [ -52.091515861975722, -32.038970155130279 ], [ -52.091426424444933, -32.038714919779416 ], [ -52.091698420304482, -32.038646857370296 ], [ -52.091898621782832, -32.038961794356013 ] ], [ [ -52.092105720023888, -32.04103997650909 ], [ -52.091915517081944, -32.041503437398106 ], [ -52.091771717542635, -32.041613398231355 ], [ -52.091570880379898, -32.041594748029134 ], [ -52.091531301220819, -32.04146360260691 ], [ -52.091686404196118, -32.041375741945991 ], [ -52.091747675761688, -32.04115942304 ], [ -52.091716327872142, -32.040906286785905 ], [ -52.091972693390652, -32.040895509108054 ], [ -52.092086527556816, -32.040954848042631 ], [ -52.092105720023888, -32.04103997650909 ] ], [ [ -52.091956056784419, -32.047553645710131 ], [ -52.091922375279118, -32.047802056663478 ], [ -52.091821922358669, -32.047850946517102 ], [ -52.091677564004414, -32.04781366317053 ], [ -52.091602381493317, -32.047651978747304 ], [ -52.09175256181689, -32.047503553728447 ], [ -52.091956056784419, -32.047553645710131 ] ], [ [ -52.093268819192133, -32.044879516311752 ], [ -52.093162069632207, -32.044957402714971 ], [ -52.093103685756589, -32.044831427482983 ], [ -52.093214369056845, -32.044765368147317 ], [ -52.093268819192133, -32.044879516311752 ] ], [ [ -52.092897499336566, -32.044321905666791 ], [ -52.092936353341344, -32.045096234192371 ], [ -52.092647955047042, -32.04514009176431 ], [ -52.092585376370408, -32.045027619231469 ], [ -52.092573376545815, -32.044710982061936 ], [ -52.0927421942488, -32.044579553455698 ], [ -52.092650179512198, -32.044367887771749 ], [ -52.092708117978823, -32.044248233781332 ], [ -52.092897499336566, -32.044321905666791 ] ], [ [ -52.093092519948506, -32.044508272442684 ], [ -52.093045925690809, -32.044009185678 ], [ -52.092954280800882, -32.043990781418366 ], [ -52.092690545566882, -32.044184935649454 ], [ -52.092550966032206, -32.044148984816658 ], [ -52.092475332923215, -32.044101075452829 ], [ -52.092564119405985, -32.04380623492132 ], [ -52.092429984537915, -32.04369679479781 ], [ -52.092299210441027, -32.043862946660148 ], [ -52.092409061443099, -32.044119005462022 ], [ -52.092333188927306, -32.044312910023287 ], [ -52.092259146610374, -32.044357710220496 ], [ -52.092154298787889, -32.044321749831624 ], [ -52.092085980578958, -32.044155990916096 ], [ -52.092207322122682, -32.0438533065822 ], [ -52.092061451451286, -32.043576794518771 ], [ -52.092144384225442, -32.043412050351449 ], [ -52.092061863000858, -32.043285645193819 ], [ -52.091976314344912, -32.042645335696619 ], [ -52.091916578419827, -32.042588612108091 ], [ -52.091715916311351, -32.042613586926542 ], [ -52.09170887426616, -32.042478071260852 ], [ -52.091925185803298, -32.042508343434086 ], [ -52.092061840559339, -32.042382940117264 ], [ -52.092302176582557, -32.04246484934351 ], [ -52.092518236496659, -32.042344296076386 ], [ -52.092666366386048, -32.042369690313883 ], [ -52.092786855430354, -32.042291489305342 ], [ -52.092935730467616, -32.042360975671841 ], [ -52.093042622063599, -32.042266211526524 ], [ -52.093178762272473, -32.042283055181855 ], [ -52.09321915927714, -32.042713960965642 ], [ -52.093148442125582, -32.042771196584994 ], [ -52.093088466997479, -32.042730677685483 ], [ -52.093079123835075, -32.04248246703014 ], [ -52.092929151478387, -32.042399217187921 ], [ -52.092868764994762, -32.042455954847156 ], [ -52.092865819954099, -32.042809273479826 ], [ -52.092945228151706, -32.042982442756355 ], [ -52.093148218744403, -32.042881524607779 ], [ -52.093215830841956, -32.042933055406557 ], [ -52.093208279837413, -32.043362846824799 ], [ -52.093081229567375, -32.043354598142344 ], [ -52.093110742611081, -32.043178755330253 ], [ -52.092989416013452, -32.043011875828661 ], [ -52.092851852966064, -32.043114589968283 ], [ -52.09269754004459, -32.043097201886965 ], [ -52.092641400299946, -32.043193878478064 ], [ -52.092490412103608, -32.043168699162408 ], [ -52.092379271592399, -32.042678154463793 ], [ -52.092297146836358, -32.042619837292285 ], [ -52.092223129054346, -32.042682885927036 ], [ -52.092265090431198, -32.042787646978063 ], [ -52.092221021173252, -32.042911129931028 ], [ -52.092300041857179, -32.043254099450046 ], [ -52.092182964753597, -32.043414074168361 ], [ -52.092403696696067, -32.043692682927137 ], [ -52.092651631486461, -32.043422227852062 ], [ -52.092688146165386, -32.043264625906019 ], [ -52.092834379588908, -32.043279344171779 ], [ -52.092906119877902, -32.043560863401673 ], [ -52.092815315244138, -32.04371802736663 ], [ -52.09296809137691, -32.043890441912616 ], [ -52.093064649761494, -32.043833281983197 ], [ -52.093087559004033, -32.043579229295084 ], [ -52.093208366600699, -32.043579238458882 ], [ -52.09326847735332, -32.04452203244999 ], [ -52.093185230260353, -32.04459914711839 ], [ -52.093092519948506, -32.044508272442684 ] ], [ [ -52.092870671753815, -32.038966770624867 ], [ -52.092821731181303, -32.03907370264141 ], [ -52.092558160378289, -32.039118646289225 ], [ -52.092408717840208, -32.039046759102064 ], [ -52.092311311340964, -32.039181677228981 ], [ -52.092218937097876, -32.039192483981928 ], [ -52.092143000219558, -32.039106925438858 ], [ -52.092026835473483, -32.038548976883582 ], [ -52.092104735385909, -32.03843271791051 ], [ -52.092445000542945, -32.038473847508378 ], [ -52.092550200911639, -32.038388183964798 ], [ -52.092700075841577, -32.038401959036676 ], [ -52.092821676696644, -32.038641051672379 ], [ -52.092870671753815, -32.038966770624867 ] ], [ [ -52.092506862444367, -32.038277546963499 ], [ -52.092156470214192, -32.038315045312878 ], [ -52.092094918593851, -32.038394102124684 ], [ -52.091948433453553, -32.038332210980563 ], [ -52.091881152443705, -32.038098866123285 ], [ -52.091983187624805, -32.037938995502493 ], [ -52.091789062584795, -32.037799884449058 ], [ -52.091757661518535, -32.03757454064845 ], [ -52.092275745767431, -32.037427796116717 ], [ -52.092525844065875, -32.037444891463792 ], [ -52.092577953434279, -32.037696821154633 ], [ -52.092382059511337, -32.037757092754589 ], [ -52.092338682732276, -32.037846827954056 ], [ -52.09239541052365, -32.037906731574282 ], [ -52.0925931374763, -32.037915830537138 ], [ -52.092704620258893, -32.038149429036665 ], [ -52.092506862444367, -32.038277546963499 ] ], [ [ -52.092100015811184, -32.032952704293351 ], [ -52.091991510953036, -32.033035331007746 ], [ -52.09188976222422, -32.03302355206413 ], [ -52.09184752656892, -32.032951083984571 ], [ -52.091947946146391, -32.032831858175967 ], [ -52.092100015811184, -32.032952704293351 ] ], [ [ -52.094958117201791, -32.040684873992106 ], [ -52.094853224756712, -32.040992503277046 ], [ -52.094595791980474, -32.041009642630108 ], [ -52.094745755703094, -32.041294484427524 ], [ -52.094597937410171, -32.041429809990987 ], [ -52.093497057833787, -32.041120751984913 ], [ -52.093460151302082, -32.041044188320377 ], [ -52.093525708906519, -32.04084902776281 ], [ -52.093421757577048, -32.040735575794336 ], [ -52.093159055066053, -32.040920802286983 ], [ -52.092958331573818, -32.04097244278416 ], [ -52.092646473991955, -32.040813350970041 ], [ -52.092218937097876, -32.040723881086443 ], [ -52.092134307467589, -32.040649951898665 ], [ -52.092117589864564, -32.040510165613128 ], [ -52.091929504717818, -32.040482661736526 ], [ -52.091898885922781, -32.040354464265157 ], [ -52.091993371841923, -32.040211476757584 ], [ -52.092226684462062, -32.040247044155706 ], [ -52.092297596460725, -32.040204077768081 ], [ -52.092292337648843, -32.040121331366848 ], [ -52.09210485392753, -32.039950794477605 ], [ -52.092194247397217, -32.03984432003282 ], [ -52.093046902120037, -32.040123418450406 ], [ -52.093584690342766, -32.040210410403404 ], [ -52.093792921769108, -32.04034936676662 ], [ -52.093938478905898, -32.040329223166992 ], [ -52.094535908903104, -32.04049412507235 ], [ -52.094958117201791, -32.040684873992106 ] ], [ [ -52.092807601642029, -32.041249784418397 ], [ -52.092265968349224, -32.041740330006952 ], [ -52.092073731472304, -32.041702301266426 ], [ -52.092066583632949, -32.041574857565827 ], [ -52.09227901170155, -32.041198680978574 ], [ -52.09255996858635, -32.041251564924899 ], [ -52.092738900609831, -32.04113396507384 ], [ -52.092807601642029, -32.041249784418397 ] ], [ [ -52.092341920944662, -32.047268456391542 ], [ -52.092281533275589, -32.047348198907734 ], [ -52.092168012713188, -32.047319591314107 ], [ -52.092117344359444, -32.047088846208098 ], [ -52.092270738085872, -32.0470639132404 ], [ -52.092341920944662, -32.047268456391542 ] ], [ [ -52.092979633174693, -32.039317359252259 ], [ -52.092971085798773, -32.039620477434859 ], [ -52.092893462228965, -32.039652258790127 ], [ -52.092778280382774, -32.039518195665238 ], [ -52.092453170442916, -32.039511089040836 ], [ -52.092384181712738, -32.039383511551321 ], [ -52.092436671003753, -32.039324878433924 ], [ -52.092733535633521, -32.039322344470207 ], [ -52.092890680887024, -32.039241125224315 ], [ -52.092979633174693, -32.039317359252259 ] ], [ [ -52.09379271820157, -32.037906246171872 ], [ -52.093625514037569, -32.038026705012896 ], [ -52.092945379212239, -32.038139860507655 ], [ -52.092936916155217, -32.03790498012345 ], [ -52.092829363363947, -32.03778274433494 ], [ -52.092765441759987, -32.037370743868635 ], [ -52.092831524499083, -32.037308993051745 ], [ -52.093463137531394, -32.037191632903038 ], [ -52.093683733832876, -32.03735229331955 ], [ -52.09367009009474, -32.03759084319158 ], [ -52.093785631650753, -32.037745662223948 ], [ -52.09379271820157, -32.037906246171872 ] ], [ [ -52.093147919420723, -32.048426175763886 ], [ -52.093051343420392, -32.048506871870941 ], [ -52.092877160527472, -32.048358464485425 ], [ -52.092860761064948, -32.047960944586194 ], [ -52.09309336234481, -32.048012515178037 ], [ -52.093147919420723, -32.048426175763886 ] ], [ [ -52.09391568362625, -32.041572210395586 ], [ -52.093418506592542, -32.041667609094546 ], [ -52.093296945592769, -32.041551161174539 ], [ -52.093137635302995, -32.041566115449754 ], [ -52.093079814185558, -32.041470993213338 ], [ -52.093183572092357, -32.041292653504051 ], [ -52.093374279972657, -32.041296421338266 ], [ -52.093490201281867, -32.041372716088297 ], [ -52.093866136769428, -32.041423124902344 ], [ -52.09391568362625, -32.041572210395586 ] ], [ [ -52.093188219344526, -32.045204067121048 ], [ -52.093260107816228, -32.045248779124584 ], [ -52.093268819192133, -32.045374359972804 ], [ -52.09318654538172, -32.045456529616395 ], [ -52.093114706047736, -32.045408221058466 ], [ -52.093107619496919, -32.045286553712366 ], [ -52.093188219344526, -32.045204067121048 ] ], [ [ -52.093470318811143, -32.038792844495539 ], [ -52.093431775574473, -32.03886479625875 ], [ -52.09325370333535, -32.038915490787289 ], [ -52.093149960943535, -32.038852653575503 ], [ -52.093212412515435, -32.03871768857401 ], [ -52.093411742480143, -32.038707636763036 ], [ -52.093470318811143, -32.038792844495539 ] ], [ [ -52.093905776809486, -32.039125742875449 ], [ -52.094111451420488, -32.039877816601695 ], [ -52.094017786879419, -32.039952321568052 ], [ -52.093347334964363, -32.039796982838972 ], [ -52.093232362601981, -32.039636540829875 ], [ -52.09323328950569, -32.039414721332591 ], [ -52.093311655379871, -32.039360387404045 ], [ -52.093458283105718, -32.039404650762393 ], [ -52.093549161971616, -32.039291896472101 ], [ -52.093751830283431, -32.039269128016741 ], [ -52.093814780043751, -32.039144208798021 ], [ -52.093905776809486, -32.039125742875449 ] ], [ [ -52.095139149975218, -32.042322391823227 ], [ -52.095122236357994, -32.043123231555363 ], [ -52.095030504198618, -32.043198998838179 ], [ -52.094882397413059, -32.043061146583554 ], [ -52.094961415991854, -32.04274984971714 ], [ -52.094975325986113, -32.042217280568238 ], [ -52.095092599880992, -32.042192266689696 ], [ -52.095139149975218, -32.042322391823227 ] ], [ [ -52.094836815843955, -32.043073060241987 ], [ -52.094730752094364, -32.043217897943755 ], [ -52.094522141390144, -32.043272204904774 ], [ -52.094527400202068, -32.043354951306036 ], [ -52.094674700739411, -32.043445003835437 ], [ -52.094623200371252, -32.043587849528969 ], [ -52.093484469022627, -32.04358720530567 ], [ -52.093431744949065, -32.043415859012029 ], [ -52.093549398654687, -32.043274686511559 ], [ -52.093432321449811, -32.043136795653616 ], [ -52.093434751413021, -32.043001589185792 ], [ -52.093516978535561, -32.042889678378188 ], [ -52.093407474198813, -32.0426433134134 ], [ -52.093481694127227, -32.042584746547725 ], [ -52.093990120349282, -32.042588667282722 ], [ -52.094045441708232, -32.042662415411613 ], [ -52.093988281576202, -32.04290539936887 ], [ -52.094212084447456, -32.042947139050504 ], [ -52.09429201248625, -32.042863746615588 ], [ -52.094212260166636, -32.042659639681055 ], [ -52.094350388894966, -32.042588105907761 ], [ -52.094510582089228, -32.04267182710678 ], [ -52.094484521967992, -32.042922639935036 ], [ -52.094712435169285, -32.042954522006859 ], [ -52.094836815843955, -32.043073060241987 ] ], [ [ -52.093837980916277, -32.043785407055545 ], [ -52.09473967694192, -32.043780728914101 ], [ -52.094748575799464, -32.043925472867102 ], [ -52.094555092698016, -32.044058345619661 ], [ -52.094672164577297, -32.044203982156922 ], [ -52.094687684687941, -32.044337548638339 ], [ -52.094607942171749, -32.044397936307412 ], [ -52.093947588168021, -32.044369168094519 ], [ -52.093909109554417, -32.044442433160221 ], [ -52.093962286059494, -32.044700247952562 ], [ -52.093847168336858, -32.044755903095954 ], [ -52.093781536791425, -32.044557852336617 ], [ -52.093828288419282, -32.044400949374854 ], [ -52.093506158881134, -32.04434372638935 ], [ -52.093475051336824, -32.044170286976076 ], [ -52.093534811905855, -32.0441178783636 ], [ -52.093880138084401, -32.044104257192259 ], [ -52.093918520340779, -32.044030762808703 ], [ -52.093837980916277, -32.043785407055545 ] ], [ [ -52.093833386369816, -32.042444250368057 ], [ -52.093532686598749, -32.042407606114331 ], [ -52.093524528729205, -32.042217280568238 ], [ -52.094348080428006, -32.042020240803033 ], [ -52.094547088952332, -32.042026007856236 ], [ -52.094755183847155, -32.042155290785928 ], [ -52.09474597333476, -32.042347226157077 ], [ -52.094592712208836, -32.042419396707416 ], [ -52.094392926254287, -32.042382940117264 ], [ -52.093833386369816, -32.042444250368057 ] ], [ [ -52.094697548585231, -32.044574769929355 ], [ -52.094699377018117, -32.044773344157903 ], [ -52.094562778823459, -32.044844177955234 ], [ -52.094316749548589, -32.044680035774029 ], [ -52.094361461552126, -32.044608147302327 ], [ -52.094589879970826, -32.044559136002619 ], [ -52.094697548585231, -32.044574769929355 ] ], [ [ -52.094554440517612, -32.044878734503214 ], [ -52.094599790831722, -32.045101591259083 ], [ -52.094519547815757, -32.045189544621152 ], [ -52.093601165383895, -32.045170828676085 ], [ -52.093472360333955, -32.04509914176495 ], [ -52.093490605596344, -32.04498959562595 ], [ -52.093646634363139, -32.044923491199775 ], [ -52.094554440517612, -32.044878734503214 ] ], [ [ -52.093606230984271, -32.045318699048011 ], [ -52.094594271170266, -32.045333556477395 ], [ -52.094639019804909, -32.045482779286537 ], [ -52.094591929154724, -32.0455590993569 ], [ -52.09390795468417, -32.045566634097696 ], [ -52.093828115757589, -32.045651708129832 ], [ -52.093909407687327, -32.045727833792903 ], [ -52.094662710520339, -32.045731623870068 ], [ -52.094710905073129, -32.045924788994604 ], [ -52.094227125068933, -32.045969633335723 ], [ -52.093555463076065, -32.045920622036014 ], [ -52.093512660257758, -32.045752026963811 ], [ -52.093595195674538, -32.045625411927709 ], [ -52.093510907581987, -32.045402445158821 ], [ -52.093606230984271, -32.045318699048011 ] ], [ [ -52.093639179796419, -32.046089393641225 ], [ -52.094265226649384, -32.046173543534579 ], [ -52.094655384834091, -32.046154379133462 ], [ -52.094665406530972, -32.046296492579955 ], [ -52.094512112361237, -32.046368789240098 ], [ -52.094268576996228, -32.046317793534783 ], [ -52.094034885988826, -32.046393642900739 ], [ -52.093805833081483, -32.046375581849816 ], [ -52.093747515909975, -32.046457706605857 ], [ -52.093810564544725, -32.046531724387869 ], [ -52.094522576683836, -32.046547742263222 ], [ -52.094552234791827, -32.046744748876797 ], [ -52.094299097287269, -32.046787038460003 ], [ -52.094264358226589, -32.046880887415057 ], [ -52.094376647553126, -32.046998847580028 ], [ -52.094537065804396, -32.046903988730115 ], [ -52.0946341615048, -32.046919932522904 ], [ -52.094655108229084, -32.047074823840475 ], [ -52.094510559798827, -32.047110104572219 ], [ -52.094382711525014, -32.047049707666282 ], [ -52.094245242857525, -32.047138331126007 ], [ -52.093538210122482, -32.04711809169509 ], [ -52.09352454536883, -32.047012868782822 ], [ -52.093727369182751, -32.046862604271148 ], [ -52.093510960573759, -32.046698228335352 ], [ -52.093621447265619, -32.046431384427763 ], [ -52.093507360454588, -32.046284604273275 ], [ -52.093512660257758, -32.046155026201845 ], [ -52.093639179796419, -32.046089393641225 ] ], [ [ -52.093918387849918, -32.038793200916174 ], [ -52.093797781122454, -32.038754049025968 ], [ -52.093839805648273, -32.038602282020584 ], [ -52.093949185371102, -32.038649197415076 ], [ -52.093918387849918, -32.038793200916174 ] ], [ [ -52.09471952148391, -32.038524689003516 ], [ -52.094643476455239, -32.03870173705694 ], [ -52.094379999423687, -32.038743795545926 ], [ -52.094346390603135, -32.038456043197939 ], [ -52.09413037790312, -32.038397578953351 ], [ -52.094086405278489, -32.038110107604687 ], [ -52.094280696230058, -32.037986523033297 ], [ -52.094479115046887, -32.038042358513252 ], [ -52.09471952148391, -32.038524689003516 ] ], [ [ -52.094271928643444, -32.037951936815439 ], [ -52.094033219603716, -32.037897838408433 ], [ -52.093959885738542, -32.037788199817292 ], [ -52.093921711274589, -32.03738264319842 ], [ -52.093834674008299, -32.037249733937507 ], [ -52.093877862466492, -32.037112361474989 ], [ -52.09417235373116, -32.037050868179492 ], [ -52.094306905718121, -32.037156407799088 ], [ -52.094408141022463, -32.037670473204592 ], [ -52.094271928643444, -32.037951936815439 ] ], [ [ -52.09480021629664, -32.039116627207932 ], [ -52.094745766161353, -32.03919451361115 ], [ -52.094363378398825, -32.039277752044669 ], [ -52.094258557962867, -32.039006112660971 ], [ -52.094695423278125, -32.038878888269224 ], [ -52.09480021629664, -32.039116627207932 ] ], [ [ -52.094719338670878, -32.039637105315038 ], [ -52.094463609184103, -32.039825748631344 ], [ -52.094297967025575, -32.039764331872604 ], [ -52.094351575122261, -32.03962473891076 ], [ -52.094483821375007, -32.039565788784707 ], [ -52.094664146234933, -32.039566295069029 ], [ -52.094719338670878, -32.039637105315038 ] ], [ [ -52.094981567429265, -32.039952145208332 ], [ -52.094996956090874, -32.040214535356753 ], [ -52.094892535585466, -32.040244487109049 ], [ -52.094545010156104, -32.040117212905393 ], [ -52.094502513172635, -32.040028453605338 ], [ -52.094780513940229, -32.039885255457435 ], [ -52.094981567429265, -32.039952145208332 ] ], [ [ -52.097665399982809, -32.037635026116661 ], [ -52.097742110734252, -32.037981156923891 ], [ -52.097706270664261, -32.038097238199896 ], [ -52.097438333669537, -32.038044256345287 ], [ -52.097172074793249, -32.038191498196568 ], [ -52.096986800167166, -32.037948704346697 ], [ -52.096967005386908, -32.037785069063723 ], [ -52.096812590840209, -32.037760224325041 ], [ -52.096687879894702, -32.037854337529289 ], [ -52.096783819147547, -32.038055341365236 ], [ -52.096764846102623, -32.038285547069684 ], [ -52.096628992076461, -32.038291016347713 ], [ -52.096562879147925, -32.038039607638332 ], [ -52.096451505179111, -32.037988183819188 ], [ -52.096392997556137, -32.038062483507566 ], [ -52.09641699708682, -32.038303653893337 ], [ -52.096259850260353, -32.038393247660771 ], [ -52.096047834722881, -32.038308102784896 ], [ -52.096089813858335, -32.038227757161238 ], [ -52.096047322963649, -32.03804796297792 ], [ -52.095914422456936, -32.037914446695346 ], [ -52.095820469440525, -32.038066697601842 ], [ -52.096010901487332, -32.03831725247538 ], [ -52.095941322699389, -32.038453608077461 ], [ -52.095530607806985, -32.038524419802449 ], [ -52.095363242150327, -32.038483000386925 ], [ -52.095246302114454, -32.038587660728972 ], [ -52.095015250037626, -32.038634770182526 ], [ -52.094882472027173, -32.038539331499202 ], [ -52.094868032433077, -32.038412987909467 ], [ -52.09495186455316, -32.038239577730998 ], [ -52.094760302152359, -32.038125912297772 ], [ -52.094768605463102, -32.037994684200605 ], [ -52.094878029488264, -32.037916735125954 ], [ -52.095416514782109, -32.037813413057272 ], [ -52.095451428876835, -32.037725965208217 ], [ -52.095338025300336, -32.037632008962333 ], [ -52.095341338263694, -32.037537764266794 ], [ -52.095580065060382, -32.037350182167579 ], [ -52.095797170364527, -32.037352763114228 ], [ -52.095816425767623, -32.037148494440203 ], [ -52.09598410981944, -32.036975926871911 ], [ -52.095942540578314, -32.036911853587497 ], [ -52.095760907460331, -32.036886847791131 ], [ -52.095728394857339, -32.036809677847053 ], [ -52.095915080041152, -32.036700927882116 ], [ -52.096111832764947, -32.036786678489634 ], [ -52.096022798138215, -32.03696251899531 ], [ -52.096128072259326, -32.037119756851972 ], [ -52.095992345544424, -32.037207681404183 ], [ -52.095979632054622, -32.037305449641899 ], [ -52.096246657010376, -32.03740107626043 ], [ -52.096112429370052, -32.03760736804881 ], [ -52.096275526968647, -32.037680615185877 ], [ -52.096370639134179, -32.037920973751127 ], [ -52.096472497708824, -32.037928890332324 ], [ -52.096516734548771, -32.037842680557389 ], [ -52.096452855011371, -32.037664652661149 ], [ -52.096523080832085, -32.03750705120602 ], [ -52.096290030910161, -32.037391676503347 ], [ -52.096331613401155, -32.037321557798862 ], [ -52.096291313477352, -32.037105403022899 ], [ -52.096339158869682, -32.037030202199411 ], [ -52.09648452159248, -32.037022247576921 ], [ -52.096513083255921, -32.036931315802924 ], [ -52.096452813096363, -32.036791968676354 ], [ -52.096288224076176, -32.03682123673984 ], [ -52.096190230907368, -32.036766751847146 ], [ -52.096254139014697, -32.036669788406421 ], [ -52.096585501136914, -32.036617372731975 ], [ -52.096700713008367, -32.036539833152396 ], [ -52.097298720077362, -32.03653333730778 ], [ -52.097470355209303, -32.036951804039767 ], [ -52.097394175523647, -32.037022664471955 ], [ -52.097138199871544, -32.036993468295371 ], [ -52.097033608411991, -32.037321441071143 ], [ -52.096655296825475, -32.037396402179162 ], [ -52.096557692188462, -32.037466960986066 ], [ -52.096557441849832, -32.037547104824895 ], [ -52.096738903443509, -32.037587249184718 ], [ -52.097097229082735, -32.037496124874934 ], [ -52.097217460271494, -32.037550681343319 ], [ -52.09735326170771, -32.037430782015186 ], [ -52.097534082875455, -32.037429715661006 ], [ -52.097665399982809, -32.037635026116661 ] ], [ [ -52.095611511263044, -32.036898299321841 ], [ -52.0956025486012, -32.037056821935494 ], [ -52.095521037494819, -32.037175633338258 ], [ -52.095237591179057, -32.037136301183196 ], [ -52.09511940813406, -32.037255457828422 ], [ -52.09501836893206, -32.037238393749277 ], [ -52.095031890864682, -32.037121715036484 ], [ -52.095219989428664, -32.037073643191675 ], [ -52.095248059875793, -32.036830262008365 ], [ -52.095510175934216, -32.03682312979614 ], [ -52.095611511263044, -32.036898299321841 ] ], [ [ -52.094905240154247, -32.037332502539421 ], [ -52.094904199959238, -32.037471815680782 ], [ -52.094760433224629, -32.037468405220856 ], [ -52.094712992642719, -32.037312784716626 ], [ -52.09452520338084, -32.03722733652647 ], [ -52.094536958804312, -32.037000326825478 ], [ -52.094653483702878, -32.036990231977484 ], [ -52.094719233691585, -32.037276371895658 ], [ -52.094905240154247, -32.037332502539421 ] ], [ [ -52.095036952918576, -32.04714022907504 ], [ -52.095037271997953, -32.047648188331529 ], [ -52.094894852592475, -32.047697760136309 ], [ -52.094840805028475, -32.047498041356064 ], [ -52.09488258492437, -32.047152985406655 ], [ -52.094941753647326, -32.047089800690308 ], [ -52.095036952918576, -32.04714022907504 ] ], [ [ -52.095041821295226, -32.045607868710604 ], [ -52.094963349074689, -32.045687247473644 ], [ -52.094880945207166, -32.04560677403542 ], [ -52.094959011888562, -32.04552658341234 ], [ -52.095041821295226, -32.045607868710604 ] ], [ [ -52.09628901091488, -32.044611278942327 ], [ -52.096203926106845, -32.045035200347463 ], [ -52.095801802891103, -32.045044718005194 ], [ -52.095712964332627, -32.045118602410177 ], [ -52.095485803557267, -32.045148845714621 ], [ -52.095418012715207, -32.04523233125586 ], [ -52.095660894717405, -32.04545004166296 ], [ -52.095995679888759, -32.045365411499745 ], [ -52.096203168161217, -32.045412586350416 ], [ -52.096228520017647, -32.045612276034049 ], [ -52.09610592061123, -32.04572579227009 ], [ -52.095391875482747, -32.045788154331753 ], [ -52.095351646094635, -32.045603204445285 ], [ -52.095248247984152, -32.045512183962408 ], [ -52.095199425854169, -32.045165303915397 ], [ -52.095304054813191, -32.044707627161564 ], [ -52.095586127027431, -32.044711967535122 ], [ -52.095804104178107, -32.044829051243696 ], [ -52.096019237330658, -32.044730359017763 ], [ -52.096071581798334, -32.044574769929355 ], [ -52.096220067265641, -32.044548792060951 ], [ -52.09628901091488, -32.044611278942327 ] ], [ [ -52.095101538840936, -32.045146326971015 ], [ -52.094952247030918, -32.04520468615501 ], [ -52.094935026062309, -32.045038275234447 ], [ -52.095043193682685, -32.045014039491313 ], [ -52.095101538840936, -32.045146326971015 ] ], [ [ -52.094933003848503, -32.04674046486322 ], [ -52.094884920022622, -32.046619689672795 ], [ -52.094984273449285, -32.046566455895679 ], [ -52.095036682688701, -32.046693801543768 ], [ -52.094933003848503, -32.04674046486322 ] ], [ [ -52.095122273848254, -32.043467841688766 ], [ -52.095059610580989, -32.044263442690969 ], [ -52.094951749755154, -32.044270319168255 ], [ -52.094921380208, -32.043497858321786 ], [ -52.095028481717492, -32.0433907152334 ], [ -52.095122273848254, -32.043467841688766 ] ], [ [ -52.096170183609352, -32.039315379510512 ], [ -52.096043509465744, -32.039437202346001 ], [ -52.095179046320908, -32.039557940135936 ], [ -52.095086159096915, -32.039435041210865 ], [ -52.094993690660239, -32.038889238392677 ], [ -52.095377660127376, -32.038757249120714 ], [ -52.095469170955759, -32.03889987363209 ], [ -52.095641924622548, -32.038997746517815 ], [ -52.095710638860751, -32.038958714230326 ], [ -52.095749182407914, -32.038811880825541 ], [ -52.095995063799243, -32.038760679500683 ], [ -52.096045508619412, -32.038860716036375 ], [ -52.095939109494459, -32.038958422708383 ], [ -52.095833884816948, -32.039214882204838 ], [ -52.095912459062575, -32.039279845984439 ], [ -52.096117462011556, -32.039244774294559 ], [ -52.096170183609352, -32.039315379510512 ] ], [ [ -52.095606214772701, -32.041056445035032 ], [ -52.095520971868424, -32.041200390602832 ], [ -52.095293834910485, -32.041128776468355 ], [ -52.095138722439962, -32.041252500727971 ], [ -52.095019471150934, -32.041195668573664 ], [ -52.095187108781779, -32.040772984687962 ], [ -52.095446313218154, -32.040863353179454 ], [ -52.095606214772701, -32.041056445035032 ] ], [ [ -52.096216005401168, -32.046826606995907 ], [ -52.096166316234644, -32.046932603960549 ], [ -52.09588569006705, -32.046947755470839 ], [ -52.095749649186658, -32.046818247473752 ], [ -52.095556561213002, -32.046866575601058 ], [ -52.095421161468536, -32.046790345979623 ], [ -52.095252509378305, -32.046861015497448 ], [ -52.095203215534674, -32.046785166708517 ], [ -52.095284434137241, -32.046601739480245 ], [ -52.095247486210546, -32.046415212906588 ], [ -52.095340548139205, -32.046344573956972 ], [ -52.095439085989113, -32.046395037026095 ], [ -52.095401679859734, -32.046607047222295 ], [ -52.095472409996361, -32.046672714052555 ], [ -52.096160805743182, -32.046609526006385 ], [ -52.096216005401168, -32.046826606995907 ] ], [ [ -52.095525976830977, -32.047496065102777 ], [ -52.095479407411169, -32.047584645287017 ], [ -52.095389379349463, -32.047570380555165 ], [ -52.095238609348286, -32.047410822629871 ], [ -52.095263778537905, -32.047246417393907 ], [ -52.095457857041851, -32.047239218103456 ], [ -52.095525976830977, -32.047496065102777 ] ], [ [ -52.095469184291254, -32.029773069282065 ], [ -52.095562248677396, -32.029964035346175 ], [ -52.095488101657274, -32.030044076882753 ], [ -52.095252226834376, -32.03000631909245 ], [ -52.095288359799589, -32.029777775342851 ], [ -52.095469184291254, -32.029773069282065 ] ], [ [ -52.096268231188489, -32.042596591165371 ], [ -52.096326880875473, -32.042973288762823 ], [ -52.096154962653827, -32.043104906136051 ], [ -52.096255797391606, -32.043238232436956 ], [ -52.096248878167877, -32.043349504761707 ], [ -52.096056641111517, -32.043460226600942 ], [ -52.096089558889844, -32.043678314680939 ], [ -52.096033891359603, -32.043791046002546 ], [ -52.096072974832715, -32.043862815293977 ], [ -52.096283778736556, -32.043921124744671 ], [ -52.096282602101446, -32.04431279204249 ], [ -52.096074698001551, -32.044396280424486 ], [ -52.095660584244079, -32.044399672541807 ], [ -52.095479310532504, -32.044514992745164 ], [ -52.095322925780657, -32.044507224507463 ], [ -52.09528589028006, -32.044381582893521 ], [ -52.095368258061207, -32.044255128351686 ], [ -52.095284110232633, -32.044118929461085 ], [ -52.095308688544719, -32.043568553510774 ], [ -52.0957027790881, -32.043230691865439 ], [ -52.095643841348618, -32.043151453887667 ], [ -52.095389951050066, -32.043188552813803 ], [ -52.095315747143367, -32.043128550924251 ], [ -52.095283815382274, -32.042696447213217 ], [ -52.095378253905807, -32.042113384075151 ], [ -52.095345746771535, -32.041874320316516 ], [ -52.095419831010467, -32.04182039706695 ], [ -52.095915020318088, -32.041801146442495 ], [ -52.095908374732204, -32.041952349491702 ], [ -52.095507449392628, -32.04231603659958 ], [ -52.095525576121659, -32.042584739660107 ], [ -52.095736804864217, -32.042642308567928 ], [ -52.09584427368268, -32.042842897656065 ], [ -52.095942032600895, -32.04279708172843 ], [ -52.095974050142658, -32.042616921953758 ], [ -52.096084413955516, -32.042560682539509 ], [ -52.096268231188489, -32.042596591165371 ] ], [ [ -52.096172384982438, -32.045973949795254 ], [ -52.096175319816126, -32.04616152499198 ], [ -52.09606122689577, -32.046238712187559 ], [ -52.0959857104233, -32.04641072298724 ], [ -52.095852558732837, -32.046404221121648 ], [ -52.095767714391719, -32.046262450770044 ], [ -52.095601663974406, -32.04623791375262 ], [ -52.095539466649264, -32.046085890050563 ], [ -52.095671465670506, -32.045960700118911 ], [ -52.096054963301988, -32.045919091093232 ], [ -52.096172384982438, -32.045973949795254 ] ], [ [ -52.095920018576422, -32.040130765810275 ], [ -52.095870680448975, -32.040428528214569 ], [ -52.095756522384256, -32.0404412108646 ], [ -52.095728759077069, -32.040262207316601 ], [ -52.095812258809033, -32.040094555836404 ], [ -52.095920018576422, -32.040130765810275 ] ], [ [ -52.096190450352537, -32.047433244313439 ], [ -52.095967240124118, -32.047592425577946 ], [ -52.095843230477456, -32.047532336444206 ], [ -52.095889996406207, -32.047336136045146 ], [ -52.095833873492623, -32.047218785125118 ], [ -52.095885527583334, -32.047145417676823 ], [ -52.095973373940737, -32.047152241120266 ], [ -52.096033928898699, -32.047272471706286 ], [ -52.096205380478985, -32.047341061165433 ], [ -52.096190450352537, -32.047433244313439 ] ], [ [ -52.095828983144493, -32.039659161493653 ], [ -52.096114479855402, -32.039664613162465 ], [ -52.096092849003355, -32.039801620023788 ], [ -52.095771386435615, -32.039810128976477 ], [ -52.095757457773622, -32.039732424809998 ], [ -52.095828983144493, -32.039659161493653 ] ], [ [ -52.096015257563074, -32.030575393295678 ], [ -52.095898119970173, -32.030543622077815 ], [ -52.095920400799343, -32.030380515634697 ], [ -52.09608110248243, -32.030418407165108 ], [ -52.09608243090198, -32.030527581239454 ], [ -52.096015257563074, -32.030575393295678 ] ], [ [ -52.097017061545827, -32.03053991804876 ], [ -52.096956324436732, -32.030664030453323 ], [ -52.096657428076114, -32.03063453308431 ], [ -52.096654031183277, -32.030409710005635 ], [ -52.096453259675997, -32.030408116735302 ], [ -52.096349657826799, -32.030300526868444 ], [ -52.096392808428106, -32.030221468515819 ], [ -52.096550282749234, -32.030192158175289 ], [ -52.096569205462657, -32.030093703971261 ], [ -52.096017255283968, -32.030059413725098 ], [ -52.09596919110799, -32.029984097707931 ], [ -52.095978980547287, -32.029634965015227 ], [ -52.096237479431579, -32.029567841369001 ], [ -52.096626421404039, -32.029587803778853 ], [ -52.096654012791575, -32.029968544504669 ], [ -52.096596610979503, -32.030131721549203 ], [ -52.096712159058512, -32.030210255247688 ], [ -52.096952576453667, -32.030195707486719 ], [ -52.096938916316873, -32.030394131956484 ], [ -52.097017061545827, -32.03053991804876 ] ], [ [ -52.096326963334285, -32.041752302186325 ], [ -52.096294071137159, -32.04237040403661 ], [ -52.096144023776397, -32.042347100047273 ], [ -52.096063674604295, -32.042060898473899 ], [ -52.096184563917426, -32.041702573938295 ], [ -52.096326963334285, -32.041752302186325 ] ], [ [ -52.097813999205954, -32.038317192230487 ], [ -52.097914753784622, -32.038705573595649 ], [ -52.09787785396253, -32.038783721494362 ], [ -52.097634703918935, -32.038690024047995 ], [ -52.097116870112806, -32.039189479476704 ], [ -52.096967140480466, -32.039227288504669 ], [ -52.096862826329833, -32.039164416685431 ], [ -52.096723894671484, -32.038716235045534 ], [ -52.096629004421565, -32.038673402570822 ], [ -52.096700317184165, -32.038517990765833 ], [ -52.096921253916953, -32.038570895013144 ], [ -52.09716011972791, -32.038398529034595 ], [ -52.097418351016451, -32.038420851699009 ], [ -52.09772857661229, -32.038272624910434 ], [ -52.097813999205954, -32.038317192230487 ] ], [ [ -52.096582818259662, -32.038706760829108 ], [ -52.096523505057405, -32.038881752856597 ], [ -52.096295956533922, -32.038903294946046 ], [ -52.096214556963396, -32.038830542353821 ], [ -52.096260621516308, -32.038630141093407 ], [ -52.096582818259662, -32.038706760829108 ] ], [ [ -52.098303730773587, -32.040419964701286 ], [ -52.098352723449338, -32.040851451517696 ], [ -52.098268796399672, -32.04092505630954 ], [ -52.097890601893198, -32.040952203353243 ], [ -52.097826694932209, -32.040889365978153 ], [ -52.097920178130842, -32.040514213037355 ], [ -52.09779184812723, -32.040405118389771 ], [ -52.09780228356189, -32.040264447766361 ], [ -52.097883085625682, -32.040239112327029 ], [ -52.098005135590178, -32.040306676694321 ], [ -52.098113250897455, -32.040213679766822 ], [ -52.098200145349267, -32.040228687665525 ], [ -52.098303730773587, -32.040419964701286 ] ], [ [ -52.097757077455313, -32.040898586644971 ], [ -52.097534606646455, -32.041049199298115 ], [ -52.097266552921859, -32.041061292923295 ], [ -52.097087877567013, -32.040531162129284 ], [ -52.097114534911022, -32.040399058856799 ], [ -52.097233327581598, -32.040329299886238 ], [ -52.09755002810406, -32.040333825965313 ], [ -52.097757077455313, -32.040898586644971 ] ], [ [ -52.096985854436824, -32.040567467072329 ], [ -52.096965585990553, -32.040740927359074 ], [ -52.096863759418937, -32.040811243088946 ], [ -52.096337954370142, -32.040686614324862 ], [ -52.096277126615064, -32.040609249080411 ], [ -52.096377917793745, -32.040492687032177 ], [ -52.096846675703787, -32.040408243850919 ], [ -52.096985854436824, -32.040567467072329 ] ], [ [ -52.096549321461069, -32.039069593832082 ], [ -52.09664662983522, -32.039232364780887 ], [ -52.096544248665495, -32.039308805334869 ], [ -52.09634032477706, -32.039275301567123 ], [ -52.096363699961181, -32.039085299176129 ], [ -52.096549321461069, -32.039069593832082 ] ], [ [ -52.09813802342147, -32.039720358490285 ], [ -52.098123042108483, -32.039989610686156 ], [ -52.097966800830299, -32.040013975819939 ], [ -52.09786762683612, -32.039950680659473 ], [ -52.097852929667312, -32.039735166988727 ], [ -52.097585446564075, -32.039736752828503 ], [ -52.097529949972248, -32.03979820805138 ], [ -52.097527844961689, -32.040070057951795 ], [ -52.097113917958296, -32.04016265423094 ], [ -52.096886356562187, -32.039644553189873 ], [ -52.096899817649515, -32.039497476313493 ], [ -52.097022716574592, -32.0394045890895 ], [ -52.097527076993273, -32.039280123005504 ], [ -52.097765233421946, -32.039406266174552 ], [ -52.097969760065588, -32.039244278586317 ], [ -52.098062854241753, -32.039415861612632 ], [ -52.098028987889514, -32.039622638667588 ], [ -52.09813802342147, -32.039720358490285 ] ], [ [ -52.096784368335193, -32.039680837331254 ], [ -52.096868330037729, -32.040153154644202 ], [ -52.096547174205305, -32.040282607690216 ], [ -52.09647867227347, -32.040045690385192 ], [ -52.096530387086268, -32.039863039470262 ], [ -52.096385823319217, -32.039767904923885 ], [ -52.096378675479862, -32.039640461223286 ], [ -52.096521977374834, -32.039492686176828 ], [ -52.09665720916275, -32.039481687442269 ], [ -52.096784368335193, -32.039680837331254 ] ], [ [ -52.097549269986288, -32.030282691898364 ], [ -52.097467312072283, -32.030373562823989 ], [ -52.097349208280889, -32.030374958391235 ], [ -52.097287540179664, -32.030295994776033 ], [ -52.097371173230229, -32.030212363128783 ], [ -52.097502568018115, -32.030219775205218 ], [ -52.097549269986288, -32.030282691898364 ] ], [ [ -52.097316190757887, -32.030523655016054 ], [ -52.097410779864923, -32.030581805807195 ], [ -52.097416045172331, -32.030729733898433 ], [ -52.0973435091338, -32.030843371240451 ], [ -52.097229949493396, -32.03085483778797 ], [ -52.097170797216698, -32.030753158868102 ], [ -52.097233686957914, -32.030556888089677 ], [ -52.097316190757887, -32.030523655016054 ] ], [ [ -52.097468715321604, -32.029815188683465 ], [ -52.097461782966, -32.029958466450893 ], [ -52.097352645618194, -32.0300105864887 ], [ -52.097232121719074, -32.029975023439775 ], [ -52.097254051794806, -32.029782973961204 ], [ -52.097468715321604, -32.029815188683465 ] ], [ [ -52.098738268255957, -32.036286515977693 ], [ -52.098899217602032, -32.036849723023792 ], [ -52.098857863389391, -32.036932342781597 ], [ -52.098731829061968, -32.036887838335787 ], [ -52.098668420987387, -32.036711368828747 ], [ -52.09850900610811, -32.036703446888467 ], [ -52.098438408732633, -32.036817053381327 ], [ -52.098439841486652, -32.037002943221211 ], [ -52.098331493734513, -32.037061694292355 ], [ -52.098051586788827, -32.037058090742292 ], [ -52.097931698581171, -32.03714395002288 ], [ -52.097750710517538, -32.037098951319898 ], [ -52.097621210962849, -32.036588587796444 ], [ -52.097729453085314, -32.036489437750568 ], [ -52.097917008412587, -32.036549482488375 ], [ -52.098039819111868, -32.036342120724875 ], [ -52.098303113296325, -32.036257693538033 ], [ -52.098463117714957, -32.036294650485715 ], [ -52.098590162057931, -32.036217051775417 ], [ -52.098738268255957, -32.036286515977693 ] ], [ [ -52.098982696996238, -32.037229094287802 ], [ -52.099072599339166, -32.037828590177334 ], [ -52.098562259421797, -32.037904916049456 ], [ -52.098502944855191, -32.037771800755031 ], [ -52.098610358388179, -32.037728577255784 ], [ -52.09868565811405, -32.03757212598795 ], [ -52.098487319907463, -32.037454505632866 ], [ -52.098430653937051, -32.0375110811014 ], [ -52.098432730524358, -32.037724962846163 ], [ -52.098249141277392, -32.037771880337424 ], [ -52.098214445277542, -32.037960959839182 ], [ -52.098126102421077, -32.038000738939402 ], [ -52.097910396980282, -32.037751235535907 ], [ -52.097854702570068, -32.037367098557979 ], [ -52.097917054269054, -32.037307152684292 ], [ -52.098139683540865, -32.037336055864436 ], [ -52.098847144892268, -32.037131468027084 ], [ -52.098982696996238, -32.037229094287802 ] ], [ [ -52.099201820767178, -32.038311732573447 ], [ -52.099313543622621, -32.038688826789354 ], [ -52.099235994570947, -32.038789160347989 ], [ -52.098222513448718, -32.038957104755198 ], [ -52.098149842497968, -32.038902996458724 ], [ -52.097984166285023, -32.038306878070514 ], [ -52.098151114441073, -32.038195591375413 ], [ -52.098516668845122, -32.038161253848813 ], [ -52.098546805373076, -32.038366346363325 ], [ -52.09842295031342, -32.038465525469526 ], [ -52.098426731681748, -32.038594784856571 ], [ -52.098481089435154, -32.038650178279646 ], [ -52.098696560017594, -32.03864576856818 ], [ -52.098780249238644, -32.038491292449557 ], [ -52.098940390480642, -32.038432959590239 ], [ -52.098952855047798, -32.038322803460055 ], [ -52.098842703289371, -32.038166399461574 ], [ -52.098954304819515, -32.038071190109164 ], [ -52.099022996920041, -32.03811569261147 ], [ -52.099043386567544, -32.038271009467252 ], [ -52.099201820767178, -32.038311732573447 ] ], [ [ -52.098915268378349, -32.03280546824643 ], [ -52.098979598205439, -32.033155555707062 ], [ -52.098773251919866, -32.033258965156605 ], [ -52.098718885260013, -32.033359818049767 ], [ -52.098775998758875, -32.033602016582037 ], [ -52.098613593201136, -32.033676500692906 ], [ -52.09842274958509, -32.033664246581573 ], [ -52.098255740646835, -32.033180666087929 ], [ -52.098280110378219, -32.033068459755114 ], [ -52.098439601085133, -32.03290443276817 ], [ -52.098667551484802, -32.032958767209237 ], [ -52.098773839376292, -32.032780880993329 ], [ -52.098915268378349, -32.03280546824643 ] ], [ [ -52.099802258647728, -32.034009879997171 ], [ -52.09967923301069, -32.034181638132189 ], [ -52.099676531721258, -32.034363545950974 ], [ -52.09957285391657, -32.034461753395931 ], [ -52.099646274616873, -32.034698068682779 ], [ -52.099521339306854, -32.034872171534431 ], [ -52.099267394796222, -32.034889408300579 ], [ -52.099142137682506, -32.034962668596535 ], [ -52.098682918975982, -32.034851314219928 ], [ -52.09870141061991, -32.034651999906053 ], [ -52.098869376419138, -32.034655876095989 ], [ -52.098978986823973, -32.034814152671984 ], [ -52.099055401893679, -32.03483110769654 ], [ -52.099150724750885, -32.034617085609732 ], [ -52.099441565608934, -32.034609801172827 ], [ -52.099556973216735, -32.034484003465685 ], [ -52.099429570112036, -32.034211194047089 ], [ -52.09911883638334, -32.03423868933757 ], [ -52.098965018442598, -32.034085615667671 ], [ -52.098979633530952, -32.033724741022731 ], [ -52.099093827277827, -32.033733290106063 ], [ -52.099109491539068, -32.033916769976926 ], [ -52.099210754334294, -32.033998448085164 ], [ -52.099401126425896, -32.034008894935745 ], [ -52.099434682889516, -32.033839065600553 ], [ -52.099524199676047, -32.033799056347242 ], [ -52.099734770500085, -32.033855160833944 ], [ -52.099802258647728, -32.034009879997171 ] ], [ [ -52.110718686198794, -32.031097208528628 ], [ -52.110457471297217, -32.031257061609701 ], [ -52.110361032703487, -32.031206820428338 ], [ -52.110367824952242, -32.031057315722556 ], [ -52.110554269827567, -32.030913183646717 ], [ -52.110699773914938, -32.030966262891823 ], [ -52.110718686198794, -32.031097208528628 ] ], [ [ -52.110318658521102, -32.031377896506321 ], [ -52.110367174585733, -32.031539643591231 ], [ -52.110502689307438, -32.031596058571779 ], [ -52.110533557441492, -32.031676686923255 ], [ -52.110457353794587, -32.031743409575405 ], [ -52.110312788390402, -32.031660156743165 ], [ -52.110198811749484, -32.031706126773301 ], [ -52.110204070561359, -32.031788873174527 ], [ -52.110339384087183, -32.031840710163571 ], [ -52.110396166735256, -32.031945446971818 ], [ -52.110199252586355, -32.032338538571672 ], [ -52.110572492200603, -32.032409080591421 ], [ -52.110664476280732, -32.032464699007932 ], [ -52.110676106233065, -32.032556985652924 ], [ -52.110398342615952, -32.033032840943157 ], [ -52.110260424151981, -32.033095279842279 ], [ -52.110282329422823, -32.033298528254448 ], [ -52.110120791062187, -32.033450770250361 ], [ -52.110098382778851, -32.033615520227713 ], [ -52.109864146426553, -32.03368411491067 ], [ -52.109865625644034, -32.033922040194028 ], [ -52.109659388389012, -32.034129355446034 ], [ -52.109664317006832, -32.034283505015622 ], [ -52.109480524206234, -32.034553414326126 ], [ -52.108613439887662, -32.034231799022514 ], [ -52.108521826722288, -32.034044377236555 ], [ -52.108272110288034, -32.034078598767202 ], [ -52.107876040316718, -32.03392208622445 ], [ -52.107783287689998, -32.03399578912763 ], [ -52.107795375650028, -32.03407459434257 ], [ -52.108157454574894, -32.034258160071971 ], [ -52.108207596310578, -32.034348303936866 ], [ -52.108148964141499, -32.034466703834497 ], [ -52.107989416348723, -32.034528930939061 ], [ -52.107914586831697, -32.034733050199222 ], [ -52.107823331711543, -32.034750175288011 ], [ -52.107716609366662, -32.034648080681002 ], [ -52.107526661392932, -32.034628654547163 ], [ -52.10747163623337, -32.034502419771144 ], [ -52.107364380054584, -32.034442677020145 ], [ -52.107499311718733, -32.034220206238224 ], [ -52.107283775686732, -32.034155573699465 ], [ -52.107204940437263, -32.033963209800397 ], [ -52.107318724226289, -32.033919079163908 ], [ -52.107481474154419, -32.03395753250534 ], [ -52.107540777558491, -32.033880311617196 ], [ -52.107510672842722, -32.033741887957135 ], [ -52.107176601798727, -32.03359369660825 ], [ -52.107180189011849, -32.033462504275327 ], [ -52.107330556559859, -32.033354282898415 ], [ -52.107310504491913, -32.033113051704838 ], [ -52.107217613572175, -32.033100135260106 ], [ -52.107103131052469, -32.033211677379697 ], [ -52.107092827376661, -32.03340691747924 ], [ -52.106852390749189, -32.033504407254313 ], [ -52.106750026654581, -32.033254207314805 ], [ -52.106671419029695, -32.033275897882149 ], [ -52.106606281447782, -32.033426173286045 ], [ -52.106494805220962, -32.033389380402596 ], [ -52.106553575610924, -32.033089184949617 ], [ -52.106690977759605, -32.033005093162551 ], [ -52.10681830496582, -32.032675202898076 ], [ -52.106886997066347, -32.032630700395771 ], [ -52.107318213390663, -32.032692289946219 ], [ -52.10737450556875, -32.032775744896554 ], [ -52.107322797272992, -32.033102876151034 ], [ -52.10753377884668, -32.033274564278365 ], [ -52.107617118377334, -32.03326978474194 ], [ -52.107750379698494, -32.033035896831628 ], [ -52.107577594704637, -32.032900615007669 ], [ -52.107642711503182, -32.032537834242063 ], [ -52.107480316474451, -32.032457215420877 ], [ -52.107095668919413, -32.032464897738109 ], [ -52.107042494650244, -32.032371103872215 ], [ -52.107096286874004, -32.032276268017213 ], [ -52.107248191045642, -32.03225737554299 ], [ -52.107519244670677, -32.032353619394605 ], [ -52.107635955678283, -32.032295087388619 ], [ -52.107852954788036, -32.032308677629359 ], [ -52.107963159469271, -32.03240935914836 ], [ -52.107881904131816, -32.032616874186509 ], [ -52.107948915420245, -32.032753882500636 ], [ -52.107890895558569, -32.032930923969097 ], [ -52.108104670529201, -32.033091287907631 ], [ -52.108423674617406, -32.033161019721298 ], [ -52.108575794660865, -32.033300430968659 ], [ -52.108737037121742, -32.033347543821634 ], [ -52.108766614570222, -32.033661705041595 ], [ -52.108604298758536, -32.033702986588203 ], [ -52.108519105898175, -32.033869246245153 ], [ -52.108552388911384, -32.034018504614629 ], [ -52.10865275989493, -32.034028187348099 ], [ -52.108820360500765, -32.033908034204536 ], [ -52.108792207255441, -32.033678902355973 ], [ -52.108884054741189, -32.033656123059316 ], [ -52.109083202798999, -32.033255911039213 ], [ -52.109272488359146, -32.033107256982014 ], [ -52.109219017603017, -32.032902154368792 ], [ -52.108920628618542, -32.032910878859894 ], [ -52.108731383624125, -32.032777868554859 ], [ -52.108299650181152, -32.032739670718065 ], [ -52.108188508349407, -32.032499935551499 ], [ -52.108223452455881, -32.032317960903605 ], [ -52.10852985826569, -32.031965366882574 ], [ -52.108790139772424, -32.031917122596795 ], [ -52.108875515397187, -32.031707350768031 ], [ -52.108718549476976, -32.031599754082343 ], [ -52.108714954550997, -32.031490949350236 ], [ -52.108831526710006, -32.031463286695498 ], [ -52.108935817550616, -32.031637955432878 ], [ -52.109113436905041, -32.031610096333971 ], [ -52.109218235382194, -32.031491616748809 ], [ -52.109512637596218, -32.031588682072297 ], [ -52.10947312572862, -32.031717860621086 ], [ -52.109266245631538, -32.031720960538237 ], [ -52.109160341680429, -32.031848826498802 ], [ -52.109183413854531, -32.031923143821196 ], [ -52.10934978693016, -32.031957070019011 ], [ -52.109492996363713, -32.03210025868988 ], [ -52.109378232226874, -32.032398209287301 ], [ -52.109275115885445, -32.032507178743622 ], [ -52.109102867716466, -32.032463053173714 ], [ -52.108970424764202, -32.032657823264806 ], [ -52.109011144626542, -32.032741579306489 ], [ -52.109282172760572, -32.032850967394488 ], [ -52.109422836535167, -32.032745851236513 ], [ -52.109628163181846, -32.032353577386694 ], [ -52.109771014471413, -32.032294882483335 ], [ -52.109812027382247, -32.032093751011253 ], [ -52.109977948352082, -32.032024767216264 ], [ -52.109936254687149, -32.031837725136313 ], [ -52.110169972950949, -32.031424475779318 ], [ -52.110318658521102, -32.031377896506321 ] ], [ [ -52.107273375557071, -32.03448211228789 ], [ -52.107230455876461, -32.034591655072802 ], [ -52.10710341249775, -32.034602497776646 ], [ -52.10698505043726, -32.034526794266405 ], [ -52.106972834807934, -32.034427748375194 ], [ -52.107151063159414, -32.034272154173166 ], [ -52.107273375557071, -32.03448211228789 ] ], [ [ -52.106834712783709, -32.033569071512609 ], [ -52.106912889281979, -32.033769195521593 ], [ -52.107096441252068, -32.033813008482753 ], [ -52.107171975638529, -32.033953160471896 ], [ -52.106955314009909, -32.034073580831006 ], [ -52.106840534446782, -32.033895230662743 ], [ -52.106740119329118, -32.03387666788776 ], [ -52.106639030811223, -32.033960032178229 ], [ -52.106657160297765, -32.034100690140427 ], [ -52.106561393754085, -32.034201673598709 ], [ -52.106354806316979, -32.034098385180521 ], [ -52.106187503463467, -32.034149900902811 ], [ -52.106066620061789, -32.03410358312 ], [ -52.106091758185485, -32.033916170221985 ], [ -52.106212792697683, -32.033819491903458 ], [ -52.10623070837395, -32.033611211043819 ], [ -52.106362330202643, -32.033653769875514 ], [ -52.106344466706062, -32.033796501114999 ], [ -52.106233016705431, -32.033879043304417 ], [ -52.106343556747738, -32.033982609403829 ], [ -52.106499540586661, -32.03386035248294 ], [ -52.106635685358434, -32.033617796159142 ], [ -52.106834712783709, -32.033569071512609 ] ], [ [ -52.106057147593887, -32.033619266917214 ], [ -52.105798355908256, -32.033820265324749 ], [ -52.105797667795727, -32.034047396009157 ], [ -52.105672303428967, -32.034081155813858 ], [ -52.105100890037292, -32.033998514443446 ], [ -52.104994913536459, -32.033923266954432 ], [ -52.104584183317222, -32.033960256657764 ], [ -52.103992387772699, -32.033875012470837 ], [ -52.103934718504796, -32.033788536843318 ], [ -52.103945263753864, -32.033599874351758 ], [ -52.103883335220303, -32.033543127305855 ], [ -52.103757555300199, -32.033617745749225 ], [ -52.103790345694271, -32.033769742727465 ], [ -52.103722606209985, -32.033837314748233 ], [ -52.103452857517077, -32.033763644680079 ], [ -52.103335042989272, -32.033799056347242 ], [ -52.102674140429087, -32.033716877335955 ], [ -52.102571987732546, -32.033637765156968 ], [ -52.102567290981639, -32.033464378037031 ], [ -52.102476771610007, -32.033427434035865 ], [ -52.102388549906927, -32.033484041186938 ], [ -52.102320012092079, -32.03365243638023 ], [ -52.102136144916209, -32.033640533054509 ], [ -52.102079644971781, -32.033696224212505 ], [ -52.102105126339495, -32.033787548663888 ], [ -52.102293650575518, -32.033883790822934 ], [ -52.102199597713479, -32.034461818627577 ], [ -52.102119686571989, -32.03452279909277 ], [ -52.101749217822089, -32.034526645946585 ], [ -52.101690594821747, -32.034580085749887 ], [ -52.101744992845965, -32.034682737670053 ], [ -52.10207030933406, -32.034687696193714 ], [ -52.10213006990309, -32.03474010480619 ], [ -52.102050536409664, -32.035243325364355 ], [ -52.101977218082119, -32.035374921940928 ], [ -52.100645379210874, -32.035623348208482 ], [ -52.100419356279453, -32.035448859104612 ], [ -52.100361630425908, -32.035653143512668 ], [ -52.100234701541247, -32.035729609356132 ], [ -52.099831773304565, -32.035738415446374 ], [ -52.099732913753492, -32.035812011014578 ], [ -52.099085542341719, -32.035934675287727 ], [ -52.098949024372963, -32.035928190153889 ], [ -52.098876476442499, -32.035853803474751 ], [ -52.098914296451106, -32.035532956757407 ], [ -52.098859984138571, -32.0352499364746 ], [ -52.098905067344788, -32.035177803116028 ], [ -52.099985372345252, -32.034968031158591 ], [ -52.100190798123471, -32.034962848027341 ], [ -52.100317723198941, -32.03511481281398 ], [ -52.10043890190704, -32.035047375633937 ], [ -52.100449019334825, -32.034843364885326 ], [ -52.100223111268505, -32.034792960597279 ], [ -52.100149566154293, -32.034478619930688 ], [ -52.100040438747016, -32.034374761942495 ], [ -52.100080273660375, -32.034293392197561 ], [ -52.100232899528827, -32.034253382453876 ], [ -52.100232695721871, -32.034018832373455 ], [ -52.100343081802883, -32.033860319472801 ], [ -52.100129038794094, -32.033724475001058 ], [ -52.099967960179313, -32.033809400288909 ], [ -52.099879662578736, -32.033743640566655 ], [ -52.099840910843845, -32.033369965042226 ], [ -52.100021295171423, -32.033326391631206 ], [ -52.100115598757306, -32.033116198256451 ], [ -52.09995464577338, -32.033077569544403 ], [ -52.099652020508607, -32.033356470231006 ], [ -52.099551021341767, -32.033341814147335 ], [ -52.099315463645496, -32.033139141709611 ], [ -52.09933083937365, -32.033024332322867 ], [ -52.099472945383511, -32.032911462129562 ], [ -52.09939471505146, -32.032535257530839 ], [ -52.099565882982077, -32.032410731473853 ], [ -52.099526647954953, -32.03209532390219 ], [ -52.099706674142119, -32.032057535870727 ], [ -52.099769873077953, -32.031920746437208 ], [ -52.100004764772187, -32.031803608536784 ], [ -52.099824188827419, -32.03154970556384 ], [ -52.099933166461753, -32.031294213098228 ], [ -52.100246548355962, -32.031420721326533 ], [ -52.100230994517148, -32.031570102761876 ], [ -52.10010777763987, -32.031720269909691 ], [ -52.100162872698739, -32.031821502245101 ], [ -52.100514872669564, -32.031863857254201 ], [ -52.100727501466842, -32.031744102072103 ], [ -52.100895073138986, -32.031887790829956 ], [ -52.101124517677718, -32.0316702469365 ], [ -52.101525847485064, -32.031631576787433 ], [ -52.101546503107592, -32.031932459996604 ], [ -52.101416944590767, -32.031968421934856 ], [ -52.101322799483924, -32.032102616213869 ], [ -52.100885343433703, -32.032155403346017 ], [ -52.100809876906077, -32.032228232439735 ], [ -52.100827808595916, -32.032322946474508 ], [ -52.101415173542975, -32.032267915250678 ], [ -52.101593082080122, -32.03242988342479 ], [ -52.10168817265501, -32.03234768731469 ], [ -52.101727130716995, -32.032068850371218 ], [ -52.101918618974814, -32.032119798741654 ], [ -52.102128274188985, -32.032029525871415 ], [ -52.102266240022864, -32.032145966015527 ], [ -52.102235415414981, -32.03224019885743 ], [ -52.102115636814531, -32.032309995932508 ], [ -52.102110102501442, -32.032433713423792 ], [ -52.102255414129651, -32.032469158861744 ], [ -52.102396342220288, -32.032375775302967 ], [ -52.102546939681211, -32.032405595885081 ], [ -52.102537801666806, -32.032720238626659 ], [ -52.102597924576436, -32.032797729924745 ], [ -52.102675296357106, -32.032777993231996 ], [ -52.102737193404721, -32.032652812137627 ], [ -52.102739788640747, -32.03244350846461 ], [ -52.102819469942979, -32.032307323486556 ], [ -52.102781642732431, -32.032170952642232 ], [ -52.102834051344907, -32.032111192073202 ], [ -52.103171266253298, -32.032171547037215 ], [ -52.103151796622342, -32.032610669879411 ], [ -52.103271559421714, -32.032774148954935 ], [ -52.103424869164698, -32.032766870796003 ], [ -52.103624796664448, -32.032877764714989 ], [ -52.103731817696911, -32.032807309225795 ], [ -52.103706463296348, -32.032574199155839 ], [ -52.103430581952466, -32.032397976002954 ], [ -52.103433111366371, -32.032272203660042 ], [ -52.103631793602432, -32.032227614770399 ], [ -52.103772728957523, -32.032301249527293 ], [ -52.103958583117631, -32.032238185510373 ], [ -52.104078674386678, -32.032390519036333 ], [ -52.103914004900062, -32.032602433845312 ], [ -52.103879076192875, -32.032790353179472 ], [ -52.103950915726401, -32.032981766315679 ], [ -52.10388486061079, -32.033068243521832 ], [ -52.103798478630253, -32.03313538242714 ], [ -52.103656146091296, -32.032974829555833 ], [ -52.103503325875266, -32.033044153085093 ], [ -52.103239445499938, -32.032954834216234 ], [ -52.103025504667514, -32.03303606403982 ], [ -52.103062265091694, -32.033145937121027 ], [ -52.103428953454404, -32.033208474532728 ], [ -52.103528175156313, -32.03335898007164 ], [ -52.103793333678219, -32.033165121876792 ], [ -52.103926658324902, -32.033336669512529 ], [ -52.104213719600395, -32.033249857348814 ], [ -52.104221049053677, -32.033149390854604 ], [ -52.104094314819406, -32.033052679254681 ], [ -52.104109762835066, -32.032778078590212 ], [ -52.104180667266249, -32.032426847669498 ], [ -52.104294916865314, -32.032309916936143 ], [ -52.104546289137595, -32.032311630781265 ], [ -52.104713353486034, -32.032443037219203 ], [ -52.10466706732074, -32.032555619053475 ], [ -52.104380424714698, -32.032625613014531 ], [ -52.104359844556598, -32.032832241247668 ], [ -52.10443812123701, -32.032911524839058 ], [ -52.104649519929282, -32.032849267866851 ], [ -52.104709824817505, -32.032663744327756 ], [ -52.104932365637453, -32.03263515365326 ], [ -52.10499434033165, -32.032400609501799 ], [ -52.10515111475199, -32.032419441949123 ], [ -52.105172152668786, -32.032557307592249 ], [ -52.105277603018834, -32.03266476907055 ], [ -52.105276617321721, -32.032856719108892 ], [ -52.105210273264944, -32.03297292453307 ], [ -52.104994343819683, -32.03301771824313 ], [ -52.104705502878531, -32.032827193863987 ], [ -52.104626406570965, -32.03290651351265 ], [ -52.104782102787325, -32.033088609062332 ], [ -52.104662901002783, -32.033235065129858 ], [ -52.104676773006496, -32.033317985620847 ], [ -52.105074777539151, -32.033455999905875 ], [ -52.105223788296591, -32.033396489461474 ], [ -52.105605848078135, -32.033436357033011 ], [ -52.105676674158772, -32.033393554698279 ], [ -52.105611676273078, -32.033136797211505 ], [ -52.105449004143374, -32.033118863752776 ], [ -52.105399096256811, -32.033042583289109 ], [ -52.105486458259321, -32.032668574405385 ], [ -52.105643340695273, -32.032478782332014 ], [ -52.106077666721674, -32.032513124957049 ], [ -52.106226592109799, -32.03268470159697 ], [ -52.106561197753692, -32.032597681982956 ], [ -52.106601331815995, -32.032713042479941 ], [ -52.106428212850624, -32.032852697884543 ], [ -52.106448027603115, -32.033035358442838 ], [ -52.106316884029312, -32.03310682594401 ], [ -52.106227246274621, -32.033337177593303 ], [ -52.105885194755466, -32.03340458375741 ], [ -52.105893547033979, -32.033483149729307 ], [ -52.106025614907551, -32.033535443062135 ], [ -52.106057147593887, -32.033619266917214 ] ], [ [ -52.099923110982019, -32.044106062963998 ], [ -52.099845263803203, -32.044248809982214 ], [ -52.099637293549051, -32.0441058200974 ], [ -52.099555483644437, -32.044117257066901 ], [ -52.099521401576808, -32.044200527517596 ], [ -52.099583550975957, -32.044341265114994 ], [ -52.099489185738975, -32.044397292241271 ], [ -52.099426682278519, -32.044340527911643 ], [ -52.099457281423604, -32.044201767529792 ], [ -52.099356149209186, -32.043978830316483 ], [ -52.099408557821661, -32.043919069747453 ], [ -52.099855109024766, -32.043836119914026 ], [ -52.099915752893203, -32.04389590014577 ], [ -52.099923110982019, -32.044106062963998 ] ], [ [ -52.10021495964466, -32.029567436974922 ], [ -52.100205175963318, -32.029806317908026 ], [ -52.100094365783185, -32.029786257511255 ], [ -52.100116856024187, -32.029557304415157 ], [ -52.10021495964466, -32.029567436974922 ] ], [ [ -52.100442073291468, -32.029245164957509 ], [ -52.100359586700151, -32.029325764805115 ], [ -52.10016389501142, -32.029321121081104 ], [ -52.100109268415942, -32.029245958413306 ], [ -52.100202494971064, -32.029124188483586 ], [ -52.100331616204976, -32.029135105471525 ], [ -52.100442073291468, -32.029245164957509 ] ], [ [ -52.100844927088943, -32.045037295105068 ], [ -52.100764451760526, -32.045123205413518 ], [ -52.100684282950027, -32.045048175071905 ], [ -52.100764758278437, -32.044962264762994 ], [ -52.100844927088943, -32.045037295105068 ] ], [ [ -52.102497506001761, -32.043399180424615 ], [ -52.102076524645113, -32.043686657990058 ], [ -52.102092287903147, -32.044052053798126 ], [ -52.101963003543005, -32.044097311639263 ], [ -52.101851940606338, -32.043951042076117 ], [ -52.101941989502116, -32.043689685366303 ], [ -52.101693783308868, -32.043518564927311 ], [ -52.101749026148362, -32.043340953294411 ], [ -52.101900229829511, -32.04327181848285 ], [ -52.102155520225054, -32.043403293484602 ], [ -52.102270314814724, -32.043277768717694 ], [ -52.102420179687641, -32.043269880934254 ], [ -52.102497506001761, -32.043399180424615 ] ], [ [ -52.102253011452682, -32.031336088521513 ], [ -52.10226165688951, -32.031421605201395 ], [ -52.102160924071313, -32.03150131662435 ], [ -52.101952149932281, -32.031516747452066 ], [ -52.101854358845081, -32.031406244986087 ], [ -52.101917196056867, -32.031302502594272 ], [ -52.102253011452682, -32.031336088521513 ] ], [ [ -52.103510132813305, -32.04434574860317 ], [ -52.103398937335037, -32.04454006943547 ], [ -52.103424143982515, -32.044927605059506 ], [ -52.103377312543763, -32.04499490042366 ], [ -52.10292270709639, -32.044906322946829 ], [ -52.1029276674332, -32.044654057840177 ], [ -52.102853222326537, -32.044594845173755 ], [ -52.102668952826349, -32.04469417659692 ], [ -52.102396484442316, -32.044642461784122 ], [ -52.102060424566652, -32.045011831093532 ], [ -52.101936156300603, -32.044974243003907 ], [ -52.102024452975584, -32.044560215666955 ], [ -52.102253277909249, -32.044485438071618 ], [ -52.102327981602464, -32.044357071968072 ], [ -52.102416901895396, -32.044103093554355 ], [ -52.10234703228533, -32.043867736660268 ], [ -52.102591598686253, -32.043584073606915 ], [ -52.102876616806782, -32.043695963305424 ], [ -52.103093591862319, -32.044067850753237 ], [ -52.103091444113623, -32.044165787037748 ], [ -52.102977707748046, -32.044310677758538 ], [ -52.103017787067138, -32.044421290111188 ], [ -52.103202496697747, -32.044474854220496 ], [ -52.103396861152888, -32.044237676902796 ], [ -52.10349140599304, -32.044259441794473 ], [ -52.103510132813305, -32.04434574860317 ] ], [ [ -52.105560176927391, -32.031099164568715 ], [ -52.10550339002333, -32.031175771222884 ], [ -52.105320547953944, -32.03117956130005 ], [ -52.10523819403047, -32.031093207651274 ], [ -52.10528417484867, -32.0310263344196 ], [ -52.105427069385158, -32.031016393223112 ], [ -52.105560176927391, -32.031099164568715 ] ], [ [ -52.105107859744471, -32.031210491281868 ], [ -52.104991364493102, -32.031890809717019 ], [ -52.104833666903161, -32.032141426320564 ], [ -52.104527936924022, -32.032145180307644 ], [ -52.104315635127357, -32.032051958296094 ], [ -52.104301509211524, -32.031902976835553 ], [ -52.104378889625472, -32.031723699740404 ], [ -52.104506003867222, -32.031705464789603 ], [ -52.104624131245721, -32.031775553985369 ], [ -52.104707129491288, -32.031680407073004 ], [ -52.104474141034501, -32.031276164285316 ], [ -52.104512497933143, -32.031093298163633 ], [ -52.104470092729329, -32.031022784664209 ], [ -52.104552797856947, -32.030941972042882 ], [ -52.104489389306622, -32.030853837853826 ], [ -52.104393706042828, -32.030915308176596 ], [ -52.104434003365547, -32.031013938545456 ], [ -52.104269024427524, -32.031150056666355 ], [ -52.104115680657117, -32.03110837844126 ], [ -52.104036404082905, -32.030815358214291 ], [ -52.103824926587812, -32.030876479791786 ], [ -52.103789819731603, -32.03123191992448 ], [ -52.103900912525283, -32.031378274263083 ], [ -52.103920021073009, -32.031520557516409 ], [ -52.10409421948642, -32.031604192003535 ], [ -52.104189454476597, -32.031757938514552 ], [ -52.104113958548929, -32.032052249629459 ], [ -52.103972492170811, -32.032064118100905 ], [ -52.103866477391776, -32.031988813739623 ], [ -52.103592127925467, -32.032022193528412 ], [ -52.103441591287769, -32.031821036025093 ], [ -52.103279307048147, -32.031983518253298 ], [ -52.102982331249045, -32.031939926701547 ], [ -52.102930005614724, -32.031862986041894 ], [ -52.103042315861344, -32.031265734094482 ], [ -52.103227928923701, -32.031193314740442 ], [ -52.103383512072327, -32.031209143256156 ], [ -52.103413682022769, -32.031098661528638 ], [ -52.103047375002035, -32.030944683454251 ], [ -52.102788954845515, -32.031189905241717 ], [ -52.101987196578591, -32.031076256270168 ], [ -52.102143519096806, -32.029934719101355 ], [ -52.102217461218181, -32.029889886055095 ], [ -52.102825342333375, -32.029930263662159 ], [ -52.102896169877361, -32.029886596182742 ], [ -52.103037692105488, -32.029993967203573 ], [ -52.103061056610116, -32.030198184847521 ], [ -52.102946376176519, -32.030657076370922 ], [ -52.103031595399116, -32.0308486835971 ], [ -52.103131317056835, -32.03086210037727 ], [ -52.103217498164604, -32.030763319247939 ], [ -52.103184188395346, -32.030550146925428 ], [ -52.103347466314361, -32.029654692435329 ], [ -52.103459819016372, -32.029410757633975 ], [ -52.103468366085771, -32.029050193578286 ], [ -52.10352523926899, -32.028869757107017 ], [ -52.103627983684859, -32.028848927874385 ], [ -52.103716592165391, -32.028932462856368 ], [ -52.103746499457074, -32.029136119765823 ], [ -52.104498587938885, -32.029240705103696 ], [ -52.104505411382327, -32.029368851384902 ], [ -52.104386565583688, -32.029518605340698 ], [ -52.104417988091278, -32.029733223896955 ], [ -52.104317526553977, -32.029765397795465 ], [ -52.104170084159989, -32.029674438684616 ], [ -52.104095391472832, -32.029796273573389 ], [ -52.104193806062156, -32.029977535655384 ], [ -52.10436045043614, -32.02993024819903 ], [ -52.104437449937492, -32.029983174443231 ], [ -52.104351298237937, -32.030511031565027 ], [ -52.104436804195721, -32.030624970329569 ], [ -52.104442887028199, -32.030782360968978 ], [ -52.104513514409255, -32.030821878925714 ], [ -52.104651841911107, -32.030768044506999 ], [ -52.104845491897571, -32.030868173894426 ], [ -52.10487238295714, -32.031097731754606 ], [ -52.105107859744471, -32.031210491281868 ] ], [ [ -52.102905127255269, -32.029851482918602 ], [ -52.102798719298406, -32.029685083488609 ], [ -52.102593052934161, -32.029756569354511 ], [ -52.10234103457347, -32.029634013984058 ], [ -52.102327549514463, -32.029188656592758 ], [ -52.102423664050299, -32.028840081644105 ], [ -52.102513104157289, -32.028725437128742 ], [ -52.10288506199015, -32.028722845111751 ], [ -52.103190625703057, -32.028854557365747 ], [ -52.103182600447646, -32.029119031644356 ], [ -52.103240369710576, -32.029257447028378 ], [ -52.10314543394702, -32.029388158280696 ], [ -52.103114818227191, -32.029755774303034 ], [ -52.102905127255269, -32.029851482918602 ] ], [ [ -52.102898018724069, -32.042394667582592 ], [ -52.102936038108567, -32.042933154905604 ], [ -52.102816556274391, -32.042987092881809 ], [ -52.102608984525588, -32.042900657164701 ], [ -52.102517919196082, -32.042748365365384 ], [ -52.102184316557278, -32.042785603747575 ], [ -52.102107495532124, -32.042701932006075 ], [ -52.102247855440126, -32.042502293803281 ], [ -52.102450692786562, -32.042556165300404 ], [ -52.1026087111943, -32.042360209101311 ], [ -52.102779243462557, -32.042276201015596 ], [ -52.102898018724069, -32.042394667582592 ] ], [ [ -52.102900223202873, -32.028283406769866 ], [ -52.102817991717046, -32.028358566633848 ], [ -52.102437141326313, -32.028290675322509 ], [ -52.102180383726399, -32.027852459697492 ], [ -52.102238945371731, -32.027616802717347 ], [ -52.102543806135593, -32.027475811643832 ], [ -52.102680601699539, -32.027486847109486 ], [ -52.102677703378852, -32.027699205121387 ], [ -52.102777558427007, -32.027850858042555 ], [ -52.102561246931032, -32.02793872419177 ], [ -52.102540527600702, -32.028097772538445 ], [ -52.10279061254986, -32.028168331557183 ], [ -52.102900223202873, -32.028283406769866 ] ], [ [ -52.105797270203496, -32.035242945797968 ], [ -52.105775566745528, -32.035358208644219 ], [ -52.105517164790641, -32.035413776608749 ], [ -52.10540483880731, -32.035507029490098 ], [ -52.105376974098419, -32.035758199741615 ], [ -52.105213035628672, -32.035772173449907 ], [ -52.105134959886591, -32.035713842740179 ], [ -52.105148010963688, -32.035535489370282 ], [ -52.105260006441, -32.035441982952193 ], [ -52.105416906928028, -32.035102911061045 ], [ -52.105519405712656, -32.035094571612859 ], [ -52.105797270203496, -32.035242945797968 ] ], [ [ -52.105224044837449, -32.035084010852266 ], [ -52.104844250959466, -32.035663196783844 ], [ -52.103802538295575, -32.03557067383089 ], [ -52.103589927921021, -32.03552316896063 ], [ -52.103485020803312, -32.035424675807768 ], [ -52.103254308000785, -32.035491653146963 ], [ -52.102381146388907, -32.035362041999647 ], [ -52.102250796089997, -32.035199945717586 ], [ -52.102256420663004, -32.035012490882103 ], [ -52.102372169205758, -32.034860667809319 ], [ -52.102513805848929, -32.034823929662338 ], [ -52.102593724165537, -32.034647746194921 ], [ -52.102378643494404, -32.034500261804787 ], [ -52.102421640202785, -32.034256411704142 ], [ -52.102514759049299, -32.034146441085852 ], [ -52.102465913195104, -32.033924500535967 ], [ -52.102752780947775, -32.033879920334797 ], [ -52.103237933237189, -32.034007333828008 ], [ -52.10339299236113, -32.033960256042455 ], [ -52.103624087086367, -32.034010739713224 ], [ -52.103686664415974, -32.034361461222737 ], [ -52.103625899609483, -32.034449518416906 ], [ -52.103689308159787, -32.0345277790315 ], [ -52.103778778859386, -32.034483590636327 ], [ -52.103766636635498, -32.03438577149533 ], [ -52.103861601195945, -32.034307884294478 ], [ -52.103869740675108, -32.034105348984767 ], [ -52.103932192247008, -32.034042897412867 ], [ -52.104698558561282, -32.034123034901341 ], [ -52.104851862028617, -32.034253571804655 ], [ -52.104999504520393, -32.03418482366957 ], [ -52.105596280166694, -32.034251143843832 ], [ -52.105640915366351, -32.034331670358029 ], [ -52.105593212919473, -32.034517273695947 ], [ -52.105377464791353, -32.034831575157426 ], [ -52.105202291913123, -32.0349231935717 ], [ -52.105224044837449, -32.035084010852266 ] ], [ [ -52.102739301285816, -32.031712685803612 ], [ -52.102657027475402, -32.031794855447203 ], [ -52.10248929257385, -32.031722588317436 ], [ -52.102670544454114, -32.031423663405342 ], [ -52.102777559686807, -32.031485853937582 ], [ -52.102739301285816, -32.031712685803612 ] ], [ [ -52.102820250573444, -32.041934485425863 ], [ -52.102759320180873, -32.04202893090666 ], [ -52.10266089754942, -32.041968278460558 ], [ -52.102722210354457, -32.041843437450439 ], [ -52.102820250573444, -32.041934485425863 ] ], [ [ -52.103248248951637, -32.027242663379802 ], [ -52.103406737915286, -32.027434729406522 ], [ -52.103343166616007, -32.027510132848313 ], [ -52.103155193957377, -32.027387210426035 ], [ -52.102990949398468, -32.027471968310181 ], [ -52.102889920896494, -32.027403437644644 ], [ -52.102964731089777, -32.027291034323682 ], [ -52.103112758147034, -32.027333412291171 ], [ -52.103248248951637, -32.027242663379802 ] ], [ [ -52.103424821501441, -32.042544134840547 ], [ -52.10341898579351, -32.042641901118571 ], [ -52.103295784069935, -32.042774621544083 ], [ -52.103214687073589, -32.042778902563263 ], [ -52.103102452486731, -32.042390221595973 ], [ -52.103210979393104, -32.04235682966619 ], [ -52.103424821501441, -32.042544134840547 ] ], [ [ -52.103997624395824, -32.043085070432994 ], [ -52.103984054506391, -32.043260827065019 ], [ -52.103815420531241, -32.04328438697214 ], [ -52.103745483706426, -32.043449364902514 ], [ -52.103576679548162, -32.043426940095756 ], [ -52.103602454856464, -32.043269600501461 ], [ -52.103801372996188, -32.043200758787862 ], [ -52.103872282591652, -32.043076729579084 ], [ -52.103997624395824, -32.043085070432994 ] ], [ [ -52.104477489780763, -32.027845342884731 ], [ -52.104406060856491, -32.027955262401612 ], [ -52.103720467140562, -32.027910495070515 ], [ -52.103666139966712, -32.027832101744202 ], [ -52.103710470209151, -32.027554848566858 ], [ -52.103789714004115, -32.027497807669867 ], [ -52.103978990960947, -32.027547662047603 ], [ -52.104158376217363, -32.027739599566864 ], [ -52.104436357939349, -32.02772767784726 ], [ -52.104477489780763, -32.027845342884731 ] ], [ [ -52.104392391444549, -32.044157235944553 ], [ -52.104339442094698, -32.044244722043473 ], [ -52.104143701237632, -32.044227654606502 ], [ -52.104054797880025, -32.044353011506495 ], [ -52.103910279118026, -32.044284263479561 ], [ -52.103935234511809, -32.044089395641855 ], [ -52.104011443705602, -32.044026338510697 ], [ -52.10415213800777, -32.044096952272739 ], [ -52.104288376233733, -32.044064352255546 ], [ -52.104392391444549, -32.044157235944553 ] ], [ [ -52.103873820938958, -32.04394350896154 ], [ -52.10375391390172, -32.043947222150258 ], [ -52.103706035025766, -32.043875881871188 ], [ -52.103850957381923, -32.043671912200899 ], [ -52.103958457711293, -32.043741172975146 ], [ -52.103873820938958, -32.04394350896154 ] ], [ [ -52.104837576809594, -32.04383761687987 ], [ -52.104819518490515, -32.043940058758032 ], [ -52.104657144207302, -32.043988624544838 ], [ -52.10443633096493, -32.043905646616125 ], [ -52.104331620972729, -32.043603100922986 ], [ -52.104496005985432, -32.043517937965639 ], [ -52.104837576809594, -32.04383761687987 ] ], [ [ -52.104633754227351, -32.045571681565093 ], [ -52.104599414021287, -32.045663237833615 ], [ -52.104513097940966, -32.045667351647637 ], [ -52.104363573205219, -32.045540415618369 ], [ -52.104354423622198, -32.045404279778296 ], [ -52.104481848282497, -32.045375690965102 ], [ -52.104633754227351, -32.045571681565093 ] ], [ [ -52.10483489732357, -32.043104334176412 ], [ -52.104723980880756, -32.043182708951441 ], [ -52.104668743329931, -32.043038687496683 ], [ -52.104780447188283, -32.042992171499989 ], [ -52.10483489732357, -32.043104334176412 ] ], [ [ -52.106366369359833, -32.045243726884266 ], [ -52.106690082212403, -32.045480307850816 ], [ -52.106661796680804, -32.045576157356578 ], [ -52.106498643401068, -32.045660484708122 ], [ -52.106446832215084, -32.045791578469782 ], [ -52.106320594601456, -32.045832190837281 ], [ -52.106119152872758, -32.04570534025703 ], [ -52.10603869447889, -32.045551018341918 ], [ -52.105901537316655, -32.045508757675996 ], [ -52.105852267809887, -32.045336881793212 ], [ -52.105601342379266, -32.045319088542385 ], [ -52.105244096241755, -32.045065984890229 ], [ -52.105151539049842, -32.045081182878988 ], [ -52.105095781755644, -32.045234984412552 ], [ -52.10498806662396, -32.045239271916365 ], [ -52.104947786806818, -32.045101311419259 ], [ -52.10505180340904, -32.044958129399767 ], [ -52.104922097153015, -32.044824743521403 ], [ -52.104922259326081, -32.044718251622456 ], [ -52.105242751658224, -32.04442133724713 ], [ -52.105379275006712, -32.044435813056687 ], [ -52.105525733441148, -32.044593389022559 ], [ -52.10611268489032, -32.044975022690735 ], [ -52.106108934413633, -32.045059505878577 ], [ -52.105926245047989, -32.045274128431096 ], [ -52.105959369570925, -32.045366906262259 ], [ -52.106054124574833, -32.045381103304749 ], [ -52.106366369359833, -32.045243726884266 ] ], [ [ -52.105274317513384, -32.043585782785193 ], [ -52.105254655629551, -32.043701002213254 ], [ -52.105138137916008, -32.043675830744419 ], [ -52.105160411650338, -32.043567123593022 ], [ -52.105274317513384, -32.043585782785193 ] ], [ [ -52.106468310790227, -32.039652952587907 ], [ -52.106268471622876, -32.040054729530802 ], [ -52.106167581465051, -32.040119057833486 ], [ -52.105684732022951, -32.040054830286998 ], [ -52.105514530130115, -32.039952613519645 ], [ -52.105528707404126, -32.039808289411191 ], [ -52.105640895799624, -32.039683133292989 ], [ -52.105464682944664, -32.039561547498522 ], [ -52.105476929410628, -32.039387108187441 ], [ -52.105652185171074, -32.039280679249593 ], [ -52.10586773359644, -32.039381593256408 ], [ -52.105937343169764, -32.039547237060148 ], [ -52.106099146305077, -32.03949384021589 ], [ -52.106343786577369, -32.039526926901083 ], [ -52.106468310790227, -32.039652952587907 ] ], [ [ -52.105929037587877, -32.028344842305771 ], [ -52.105855146773536, -32.028610065061926 ], [ -52.105667996543112, -32.028630599640103 ], [ -52.105600860015777, -32.028425686819496 ], [ -52.105708744292357, -32.028187668053334 ], [ -52.105786656503959, -32.028158646178511 ], [ -52.105882633281887, -32.028214222109391 ], [ -52.105929037587877, -32.028344842305771 ] ], [ [ -52.105835308867825, -32.032063372967734 ], [ -52.105803136084305, -32.032256071632425 ], [ -52.105696634714306, -32.032266080079047 ], [ -52.105587812164657, -32.032136305335897 ], [ -52.105668707172867, -32.03200553385448 ], [ -52.105751161394345, -32.031988436957604 ], [ -52.105835308867825, -32.032063372967734 ] ], [ [ -52.105962673962047, -32.044105995826179 ], [ -52.10595483836547, -32.044215910591802 ], [ -52.105830113347771, -32.044254205951326 ], [ -52.105681022709064, -32.044072050565013 ], [ -52.105786656503959, -32.043996516233058 ], [ -52.105962673962047, -32.044105995826179 ] ], [ [ -52.105812110274783, -32.029600690874034 ], [ -52.105691001454282, -32.029576423906548 ], [ -52.105721204976739, -32.029446639932061 ], [ -52.105831054845268, -32.029475828854999 ], [ -52.105812110274783, -32.029600690874034 ] ], [ [ -52.107533542985124, -32.031072412317727 ], [ -52.10739828788406, -32.031358724494751 ], [ -52.107212446979446, -32.031475801589565 ], [ -52.106945932352197, -32.031460081602994 ], [ -52.106716285206041, -32.03136082148815 ], [ -52.106646997988555, -32.030982667362522 ], [ -52.106345798524551, -32.031019768019661 ], [ -52.106287904986843, -32.031116237985088 ], [ -52.106281689265352, -32.031526129904243 ], [ -52.106182952150242, -32.031644654497697 ], [ -52.106161134152252, -32.032089424177016 ], [ -52.106099365358126, -32.032144981986249 ], [ -52.106017505108113, -32.032110919401333 ], [ -52.106040859791619, -32.031302778694993 ], [ -52.105956922578294, -32.031244910318868 ], [ -52.105767053127259, -32.031296357193085 ], [ -52.105710644682915, -32.031218225899842 ], [ -52.105774055081795, -32.031141446438028 ], [ -52.10595935562683, -32.031202697949837 ], [ -52.106035899185407, -32.031169737206547 ], [ -52.106102550010228, -32.030790226421892 ], [ -52.106240850239352, -32.030785273437928 ], [ -52.1063531959011, -32.030915012867695 ], [ -52.106513343911807, -32.030861894435311 ], [ -52.106628257687227, -32.030964484475376 ], [ -52.106985744628737, -32.030869656522064 ], [ -52.107481152722038, -32.030939598713779 ], [ -52.107533542985124, -32.031072412317727 ] ], [ [ -52.106850464502706, -32.031593112344652 ], [ -52.107122351213278, -32.031825240156849 ], [ -52.106879201000595, -32.032024495227887 ], [ -52.106882042527737, -32.032218423235776 ], [ -52.106798495477385, -32.032275983827525 ], [ -52.106599068498781, -32.032210327707844 ], [ -52.106568176033655, -32.032112859840531 ], [ -52.106716185645645, -32.031820327672776 ], [ -52.106651340074329, -32.031614852570577 ], [ -52.106850464502706, -32.031593112344652 ] ], [ [ -52.107098166301711, -32.041001088579272 ], [ -52.106922949138792, -32.041471130314868 ], [ -52.106843493220701, -32.04153625973084 ], [ -52.106296210282117, -32.041262183407504 ], [ -52.106122410809888, -32.04124778009588 ], [ -52.105937550710109, -32.041103811953832 ], [ -52.10614689933761, -32.040776872253517 ], [ -52.106329581800402, -32.040771814831047 ], [ -52.106443801655388, -32.040650338244099 ], [ -52.106635936118515, -32.040700054810436 ], [ -52.106704763006718, -32.040789166234156 ], [ -52.106648393894702, -32.040972730854691 ], [ -52.106688359353029, -32.041042243931308 ], [ -52.106825604518193, -32.041029580794152 ], [ -52.106848654118899, -32.040904616476276 ], [ -52.106927525240181, -32.040851743431666 ], [ -52.107079201614361, -32.040907951826576 ], [ -52.107098166301711, -32.041001088579272 ] ], [ [ -52.106843711551718, -32.030404445758975 ], [ -52.106826489896108, -32.030671953643662 ], [ -52.106654922134489, -32.030692296042915 ], [ -52.106357109433958, -32.03055783948539 ], [ -52.106221963199168, -32.030357582275819 ], [ -52.106096245449123, -32.030294719663523 ], [ -52.106084536800275, -32.029846467443377 ], [ -52.106139048417091, -32.029721195624681 ], [ -52.10608445910141, -32.02959438460978 ], [ -52.106188123100807, -32.02942777649497 ], [ -52.106074771932398, -32.02926728077928 ], [ -52.106096218120449, -32.02909649066676 ], [ -52.106247478732044, -32.029090727417206 ], [ -52.106361341620392, -32.029194317672506 ], [ -52.106216310735626, -32.029405582442436 ], [ -52.106316818549743, -32.0295701916951 ], [ -52.106201505313706, -32.029718967994654 ], [ -52.106256164584337, -32.03013201827595 ], [ -52.10665200924327, -32.030248494487218 ], [ -52.106723000509575, -32.030360685770148 ], [ -52.106843711551718, -32.030404445758975 ] ], [ [ -52.106893027000346, -32.045922983712138 ], [ -52.107138935366187, -32.046067162190475 ], [ -52.107104444411412, -32.046180831840019 ], [ -52.107017493501914, -32.046211050891984 ], [ -52.106814617997749, -32.046143133761419 ], [ -52.106781852252503, -32.046213465267229 ], [ -52.106850883765219, -32.046421845404147 ], [ -52.106701050153468, -32.046496984145499 ], [ -52.106678137332082, -32.046624082389727 ], [ -52.106524379186844, -32.046800446050185 ], [ -52.106388630852393, -32.046800127172688 ], [ -52.10633352924507, -32.046661519563273 ], [ -52.106527792712797, -32.046531644743894 ], [ -52.106366134269543, -32.046412996263015 ], [ -52.106383561349652, -32.046282793207119 ], [ -52.106543103034284, -32.046135002208985 ], [ -52.106791247893213, -32.046158248075216 ], [ -52.106893027000346, -32.045922983712138 ] ], [ [ -52.107621646251026, -32.040241514051417 ], [ -52.107296389046724, -32.040730301402533 ], [ -52.107124089239747, -32.040591673712214 ], [ -52.106933539343949, -32.040574213423071 ], [ -52.106931555267778, -32.04048668766351 ], [ -52.107086170903059, -32.040320256792086 ], [ -52.106868320061345, -32.040134744632347 ], [ -52.106772922378227, -32.040153680239911 ], [ -52.106643849477386, -32.040439832398818 ], [ -52.106557865679029, -32.040437675439669 ], [ -52.10643810961691, -32.040324911671441 ], [ -52.106617805463792, -32.039896802617669 ], [ -52.106761560313558, -32.039789644414888 ], [ -52.107598293294075, -32.040113651514289 ], [ -52.107621646251026, -32.040241514051417 ] ], [ [ -52.10676660291864, -32.027829995150697 ], [ -52.106717985059461, -32.028087056252637 ], [ -52.106607849612374, -32.028122721780356 ], [ -52.106520979409481, -32.028020694793327 ], [ -52.106538320314741, -32.02790498335429 ], [ -52.106622244182383, -32.027799100226289 ], [ -52.10676660291864, -32.027829995150697 ] ], [ [ -52.107447211091007, -32.037473732369662 ], [ -52.107625750777359, -32.037655884480913 ], [ -52.107553154395482, -32.037761504628826 ], [ -52.107259420991532, -32.037704482784626 ], [ -52.106799309472187, -32.037495823145662 ], [ -52.106714852919417, -32.037396000953841 ], [ -52.106780119857561, -32.037173965828956 ], [ -52.106962175396895, -32.037023050251477 ], [ -52.107149361422699, -32.037167751908612 ], [ -52.107333401104292, -32.037137836164824 ], [ -52.10737869863334, -32.037255241831531 ], [ -52.10721237139019, -32.037346565393307 ], [ -52.107204044533397, -32.037430987620063 ], [ -52.107447211091007, -32.037473732369662 ] ], [ [ -52.10824298723594, -32.041395314925836 ], [ -52.10826101980966, -32.041616768181584 ], [ -52.107937443546312, -32.042017986754651 ], [ -52.107053487072491, -32.041691380148599 ], [ -52.107265405289333, -32.041240067507275 ], [ -52.107418735503593, -32.041066894355929 ], [ -52.108061968716932, -32.041293131502421 ], [ -52.10824298723594, -32.041395314925836 ] ], [ [ -52.108340990694423, -32.036462253721503 ], [ -52.108331279201522, -32.036567293313475 ], [ -52.108007214643507, -32.037005252929589 ], [ -52.107739606773826, -32.036886664794672 ], [ -52.107651250239797, -32.036768521397327 ], [ -52.107380320762942, -32.036737284613352 ], [ -52.107132334819148, -32.036582947460815 ], [ -52.107482727743154, -32.036045693368813 ], [ -52.10817131287363, -32.036293462552266 ], [ -52.108340990694423, -32.036462253721503 ] ], [ [ -52.107539762095449, -32.026703223775201 ], [ -52.107419155367865, -32.026664071885136 ], [ -52.10746484120974, -32.026499979628611 ], [ -52.10757022922126, -32.026546968011701 ], [ -52.107539762095449, -32.026703223775201 ] ], [ [ -52.107469885593602, -32.026860974061549 ], [ -52.107540544070318, -32.026920380234209 ], [ -52.107528573126096, -32.02700031998036 ], [ -52.107448387901968, -32.027065125738503 ], [ -52.10732903274554, -32.027055059077895 ], [ -52.107305344104624, -32.026890551742014 ], [ -52.107469885593602, -32.026860974061549 ] ], [ [ -52.107457429927898, -32.030661207149876 ], [ -52.107422952005571, -32.030766756331168 ], [ -52.107301904051454, -32.030731717720904 ], [ -52.107342834067801, -32.030610409262927 ], [ -52.107457429927898, -32.030661207149876 ] ], [ [ -52.108038451975936, -32.031323513897341 ], [ -52.107818628181029, -32.031512061164875 ], [ -52.107816008207415, -32.03177095425216 ], [ -52.107930382934022, -32.031871342331648 ], [ -52.107910890712908, -32.032015793239552 ], [ -52.107478878938906, -32.032026572745494 ], [ -52.107347086444385, -32.031962854593836 ], [ -52.107343204092246, -32.03179651793328 ], [ -52.107507720386366, -32.031681482040497 ], [ -52.1075518069146, -32.031513669446632 ], [ -52.107844498084113, -32.031451024331652 ], [ -52.107728345774071, -32.031281784393421 ], [ -52.107766864957796, -32.031146221123706 ], [ -52.108019926024035, -32.031191263150497 ], [ -52.108038451975936, -32.031323513897341 ] ], [ [ -52.10757532203074, -32.046121275348973 ], [ -52.107475225185482, -32.046239161833782 ], [ -52.107378261446357, -32.046187442775533 ], [ -52.107389278208558, -32.046093648043581 ], [ -52.10747322501846, -32.046041786805453 ], [ -52.10757532203074, -32.046121275348973 ] ], [ [ -52.108824589780056, -32.035656255245442 ], [ -52.108646576608727, -32.035994498531188 ], [ -52.108465540700237, -32.036187492217799 ], [ -52.107815007609609, -32.035928190153889 ], [ -52.107616835667372, -32.035785346332865 ], [ -52.107968937744303, -32.035239509662482 ], [ -52.108076854727258, -32.035265658167027 ], [ -52.108189284347972, -32.035395251201692 ], [ -52.108334462454636, -32.035374419547054 ], [ -52.108705774084022, -32.03553871522567 ], [ -52.108824589780056, -32.035656255245442 ] ], [ [ -52.108650932308642, -32.040538855115216 ], [ -52.10869397851576, -32.040839085236556 ], [ -52.108419571460736, -32.04121424232698 ], [ -52.108056283121655, -32.041095326268866 ], [ -52.10765900692622, -32.040876357251157 ], [ -52.107601131501852, -32.040768328465738 ], [ -52.107888468985706, -32.040250339415856 ], [ -52.108650932308642, -32.040538855115216 ] ], [ [ -52.107813702001764, -32.050281725182636 ], [ -52.10789776144285, -32.050364689029024 ], [ -52.107817829546832, -32.050453462150415 ], [ -52.107722336013737, -32.050372394447223 ], [ -52.107813702001764, -32.050281725182636 ] ], [ [ -52.109066738762898, -32.03778359327417 ], [ -52.108692313348158, -32.038294850491283 ], [ -52.107846959449525, -32.037879312679046 ], [ -52.10790105306549, -32.037677850769363 ], [ -52.108177117179181, -32.037345699748933 ], [ -52.109021544981758, -32.037676560408229 ], [ -52.109066738762898, -32.03778359327417 ] ], [ [ -52.108510508615623, -32.045503775618357 ], [ -52.108227708880818, -32.0459243539933 ], [ -52.108103832814813, -32.045905218079533 ], [ -52.108110402142415, -32.045776137272398 ], [ -52.108288169049437, -32.045623599786481 ], [ -52.108355234368105, -32.045450352722305 ], [ -52.108510508615623, -32.045503775618357 ] ], [ [ -52.109311068216002, -32.034837274985883 ], [ -52.10915792735068, -32.035020718236545 ], [ -52.108864404346939, -32.034913672317614 ], [ -52.10882461442452, -32.035169544427035 ], [ -52.108668217730099, -32.035276085296324 ], [ -52.108576261232422, -32.035245334707305 ], [ -52.10851557172316, -32.035118371857102 ], [ -52.108218006847636, -32.035081891754032 ], [ -52.108125350252514, -32.034978005525666 ], [ -52.108272002486721, -32.034644165111139 ], [ -52.108399070175267, -32.034579715650352 ], [ -52.10849463335844, -32.034431781758073 ], [ -52.109139772700786, -32.034652720847731 ], [ -52.109311068216002, -32.034837274985883 ] ], [ [ -52.10854249031344, -32.030974659277767 ], [ -52.108495402866737, -32.031051126787844 ], [ -52.108388471897975, -32.031051278572285 ], [ -52.108295784660434, -32.030866769872389 ], [ -52.108499404537561, -32.030812815580646 ], [ -52.10854249031344, -32.030974659277767 ] ], [ [ -52.10852457192518, -32.047335072912638 ], [ -52.108350598657182, -32.047385036779012 ], [ -52.108303400838487, -32.047260991616056 ], [ -52.108478200286633, -32.047223399896815 ], [ -52.10852457192518, -32.047335072912638 ] ], [ [ -52.109321362545309, -32.037196446663849 ], [ -52.10928794943478, -32.037438758025772 ], [ -52.109121640590224, -32.037494154724669 ], [ -52.108787450110995, -32.037296763554728 ], [ -52.10837554943847, -32.037175700587198 ], [ -52.108330898984789, -32.037095197728028 ], [ -52.108419167367494, -32.03680107195877 ], [ -52.108675233100755, -32.036541753728308 ], [ -52.109029166888206, -32.036658640265081 ], [ -52.109232495128275, -32.03683115859522 ], [ -52.109190085121703, -32.037102453277477 ], [ -52.109321362545309, -32.037196446663849 ] ], [ [ -52.109960098472428, -32.036163688272481 ], [ -52.109788426418433, -32.036529449428798 ], [ -52.109633784627292, -32.036700309022237 ], [ -52.108854605586131, -32.036367425279181 ], [ -52.108783474614938, -32.036272627655215 ], [ -52.108806783392154, -32.036171409839064 ], [ -52.108958687312423, -32.036063132615219 ], [ -52.108983366300734, -32.035833873787503 ], [ -52.109070236187861, -32.035777700451945 ], [ -52.109632672331493, -32.035901414539893 ], [ -52.109890351298425, -32.036031356719299 ], [ -52.109960098472428, -32.036163688272481 ] ], [ [ -52.110106718338955, -32.038294133473507 ], [ -52.109909326189872, -32.038745945237928 ], [ -52.10979511415195, -32.038806987384426 ], [ -52.109691070401404, -32.038755346967207 ], [ -52.109630418725381, -32.03854932915867 ], [ -52.10936254498457, -32.038590008972399 ], [ -52.109267685374355, -32.038492424668874 ], [ -52.109096905456092, -32.038503382704853 ], [ -52.10895965022123, -32.038353305484037 ], [ -52.109321192235392, -32.037829911899635 ], [ -52.109957447500349, -32.03808475826461 ], [ -52.110106718338955, -32.038294133473507 ] ], [ [ -52.109507243805865, -32.031175682747438 ], [ -52.109474035813072, -32.031302649741995 ], [ -52.109308935369135, -32.031294715058969 ], [ -52.109205960075201, -32.031073607116433 ], [ -52.109072447750087, -32.031020200255206 ], [ -52.109177316356387, -32.030695621106311 ], [ -52.109254391846243, -32.03068809798998 ], [ -52.109383644212514, -32.030801338307583 ], [ -52.109575355929628, -32.030799011634407 ], [ -52.109576378338055, -32.030901921687246 ], [ -52.109413010536713, -32.031010737262676 ], [ -52.109507243805865, -32.031175682747438 ] ], [ [ -52.110351760231971, -32.035498835410586 ], [ -52.110278390618042, -32.035574129055959 ], [ -52.110258164079347, -32.035742637683903 ], [ -52.110076678988712, -32.03585506550678 ], [ -52.10984454565132, -32.035804341044496 ], [ -52.109336146671758, -32.03556015742064 ], [ -52.109297337901381, -32.035490017822951 ], [ -52.109523364555344, -32.035322521848137 ], [ -52.109620933694579, -32.035510071930034 ], [ -52.109813093322551, -32.035569527060673 ], [ -52.10999609488735, -32.035379664370609 ], [ -52.109952914634711, -32.03519738858666 ], [ -52.109805560279632, -32.035208833308211 ], [ -52.109682706955873, -32.035124122044039 ], [ -52.109538445048798, -32.03520203347734 ], [ -52.109483919856885, -32.035157501654218 ], [ -52.109479100053804, -32.035020511837494 ], [ -52.109633215603289, -32.03485603032064 ], [ -52.109745561789723, -32.03497493485613 ], [ -52.109908613498078, -32.035002523966952 ], [ -52.109985423263936, -32.035128968900253 ], [ -52.110170284821635, -32.035120110251974 ], [ -52.110302920807221, -32.035185040265262 ], [ -52.110351760231971, -32.035498835410586 ] ], [ [ -52.109549904797518, -32.04468980927917 ], [ -52.109453230466876, -32.044834547910114 ], [ -52.109320072007776, -32.044803198796089 ], [ -52.109432931789613, -32.044617741111935 ], [ -52.109549904797518, -32.04468980927917 ] ], [ [ -52.109510417032944, -32.046010357313492 ], [ -52.109424510191275, -32.046125335354439 ], [ -52.109326842501922, -32.046078187970082 ], [ -52.109406090725692, -32.045921197128905 ], [ -52.109510417032944, -32.046010357313492 ] ], [ [ -52.110855692723099, -32.036783292231469 ], [ -52.110979641434227, -32.036966439655636 ], [ -52.110812320414588, -32.037140385441511 ], [ -52.110562745878426, -32.037104686961122 ], [ -52.110495585003058, -32.037146280747912 ], [ -52.110638086351187, -32.037434941783971 ], [ -52.110470209949384, -32.037781137782247 ], [ -52.110327008658423, -32.037747456292429 ], [ -52.110409012270473, -32.037553175273182 ], [ -52.11025754069383, -32.037428157370599 ], [ -52.110059169668091, -32.037497805076612 ], [ -52.110155103010491, -32.03773214046312 ], [ -52.110089953496008, -32.03782709385839 ], [ -52.109887289657102, -32.037807056320489 ], [ -52.109834364668167, -32.03759577618451 ], [ -52.109581270965577, -32.037667852423311 ], [ -52.109463274702847, -32.037587157689657 ], [ -52.109561798575214, -32.037303851577427 ], [ -52.109762441573451, -32.037016560901549 ], [ -52.110293233380098, -32.037222441989393 ], [ -52.110458327503814, -32.037147875856476 ], [ -52.110397313476518, -32.036996268072265 ], [ -52.110183105568062, -32.036938944797726 ], [ -52.110126640756569, -32.036765787541235 ], [ -52.109967608932003, -32.036677441868598 ], [ -52.11023122031748, -32.036210299335671 ], [ -52.110326409112474, -32.036218228118919 ], [ -52.11036542829396, -32.036376621662718 ], [ -52.110505351190263, -32.036442092250262 ], [ -52.110608033911113, -32.036774274216299 ], [ -52.110855692723099, -32.036783292231469 ] ], [ [ -52.111042439289911, -32.034484037687108 ], [ -52.110912110513262, -32.034492043212531 ], [ -52.110949350096284, -32.034334295930051 ], [ -52.111067475518766, -32.03435879542667 ], [ -52.111042439289911, -32.034484037687108 ] ], [ [ -52.110822338868843, -32.034581606060591 ], [ -52.110787475879697, -32.034888452430586 ], [ -52.110571020625549, -32.035048076964067 ], [ -52.110166945041719, -32.034917742720822 ], [ -52.10973818249159, -32.034647577614322 ], [ -52.110026491889634, -32.03410456043855 ], [ -52.110367898656669, -32.033960256042455 ], [ -52.110493970028344, -32.034033961305539 ], [ -52.110366007675779, -32.034242311952205 ], [ -52.110377588709717, -32.034325464649854 ], [ -52.110518333062977, -32.034357567866984 ], [ -52.110822338868843, -32.034581606060591 ] ], [ [ -52.110958792716872, -32.045924953291127 ], [ -52.110926680383947, -32.04617002469373 ], [ -52.110735552837696, -32.046431328991567 ], [ -52.110375315080624, -32.046330919169051 ], [ -52.11029914053325, -32.046512459101784 ], [ -52.110194641340861, -32.046588273015658 ], [ -52.109903882684193, -32.046396058448416 ], [ -52.109980614992949, -32.046231562776647 ], [ -52.110157085914928, -32.046175031549701 ], [ -52.11011431727686, -32.046009896604929 ], [ -52.110159129774239, -32.045937918936886 ], [ -52.110364879179038, -32.045889033488116 ], [ -52.11055076114026, -32.045954094969019 ], [ -52.11070984949199, -32.045768133716706 ], [ -52.110958792716872, -32.045924953291127 ] ], [ [ -52.110843956769145, -32.0438253928086 ], [ -52.110541884089336, -32.044353465202931 ], [ -52.110446194694937, -32.044362542493793 ], [ -52.10991695487175, -32.044084682738358 ], [ -52.110215424768633, -32.043543407395653 ], [ -52.110706228422607, -32.043641949248048 ], [ -52.110834826145457, -32.043745346401757 ], [ -52.110843956769145, -32.0438253928086 ] ], [ [ -52.11059273457348, -32.030115132272769 ], [ -52.110586960235935, -32.030303247094118 ], [ -52.110500455714742, -32.030360939702959 ], [ -52.110046045270309, -32.030202651635882 ], [ -52.109907161911963, -32.030069212330226 ], [ -52.109943677812595, -32.029895536685174 ], [ -52.110040814437717, -32.029851943856478 ], [ -52.110438670807554, -32.030017625664669 ], [ -52.11059273457348, -32.030115132272769 ] ], [ [ -52.113231748576077, -32.035297635177798 ], [ -52.113001865288062, -32.035939535083564 ], [ -52.112864833548493, -32.036029692979291 ], [ -52.112504340622316, -32.035925240815907 ], [ -52.112259627247511, -32.035741232346254 ], [ -52.112143584325388, -32.035746847954172 ], [ -52.111886447108702, -32.035608658554203 ], [ -52.111726772288208, -32.03562327088607 ], [ -52.111258588345891, -32.036336008521666 ], [ -52.111143990681043, -32.036322125732099 ], [ -52.111055118718959, -32.036201237454065 ], [ -52.11081368683989, -32.036190147116002 ], [ -52.110634897848357, -32.036040806488778 ], [ -52.11043613901878, -32.036035590189954 ], [ -52.110375314510875, -32.035974159574238 ], [ -52.110471544643431, -32.035796246149488 ], [ -52.110688285329807, -32.035637751142374 ], [ -52.110742089816405, -32.035394761946307 ], [ -52.110938311264711, -32.035428405469489 ], [ -52.111015385480144, -32.035382375778745 ], [ -52.111025558800783, -32.035305598126463 ], [ -52.110885751820568, -32.035089065221172 ], [ -52.11097294351778, -32.034977465630426 ], [ -52.111272167164337, -32.034887454213724 ], [ -52.111367512820479, -32.034665544444977 ], [ -52.111275822386425, -32.034503928418481 ], [ -52.111369946243684, -32.034325049296442 ], [ -52.112273433083544, -32.03461145445997 ], [ -52.112295544782214, -32.034717519300266 ], [ -52.112059604286472, -32.03493039957818 ], [ -52.111929791793976, -32.03530799987108 ], [ -52.112004095733397, -32.035460279199569 ], [ -52.112633607603158, -32.035467134413032 ], [ -52.112818773389634, -32.035146179506732 ], [ -52.112747178026638, -32.035067181121498 ], [ -52.112602850518989, -32.035179429220605 ], [ -52.112499196765363, -32.035134424305141 ], [ -52.112481790137821, -32.034937151503001 ], [ -52.112614456580339, -32.0347554592284 ], [ -52.112902167844304, -32.034923356985779 ], [ -52.113119116945413, -32.03491783352186 ], [ -52.113114613763166, -32.0350730199822 ], [ -52.113030263661649, -32.035115406933294 ], [ -52.112911805906421, -32.035026680552896 ], [ -52.112826705879449, -32.035132493466634 ], [ -52.112867478152111, -32.035199288061754 ], [ -52.113012368211955, -32.035170388052663 ], [ -52.113074503536609, -32.035273554189658 ], [ -52.113231748576077, -32.035297635177798 ] ], [ [ -52.11072381917397, -32.032013971919632 ], [ -52.110616053151553, -32.032103066929494 ], [ -52.110562262017076, -32.031959279343845 ], [ -52.110677155854582, -32.031910293079264 ], [ -52.11072381917397, -32.032013971919632 ] ], [ [ -52.111242103894376, -32.047172718416192 ], [ -52.111098977302341, -32.047367053855176 ], [ -52.110939926066507, -32.047392914379998 ], [ -52.110680528492622, -32.047271274260801 ], [ -52.110618239581321, -32.047011819088269 ], [ -52.110673926421178, -32.046910441577452 ], [ -52.110774096853632, -32.046898224287574 ], [ -52.110920773812147, -32.047087313234506 ], [ -52.111178092113519, -32.047100072725016 ], [ -52.111242103894376, -32.047172718416192 ] ], [ [ -52.111967552820872, -32.044195885951801 ], [ -52.111930107087417, -32.044700514447719 ], [ -52.111646377902062, -32.045053272910941 ], [ -52.111366599916089, -32.044946649555257 ], [ -52.111198622676682, -32.044729187028672 ], [ -52.110811743822588, -32.044630024357332 ], [ -52.110731078447301, -32.044500621439354 ], [ -52.111120891981031, -32.043863499475286 ], [ -52.111493697118107, -32.044013623512171 ], [ -52.111284993013129, -32.044456082574349 ], [ -52.111321575170713, -32.044542912846147 ], [ -52.111430172640212, -32.044521038588648 ], [ -52.11173756095436, -32.044093334238873 ], [ -52.111967552820872, -32.044195885951801 ] ], [ [ -52.111650717421441, -32.037938060718659 ], [ -52.111445856525613, -32.038179650906692 ], [ -52.111214004725646, -32.038189190995105 ], [ -52.110776401728899, -32.03799153051704 ], [ -52.110778520010058, -32.037704760643713 ], [ -52.11085204374637, -32.037596960677618 ], [ -52.110988024579193, -32.037588189475315 ], [ -52.111614144081074, -32.037838854458386 ], [ -52.111650717421441, -32.037938060718659 ] ], [ [ -52.111214993820695, -32.033013297302098 ], [ -52.111104462479211, -32.033485841950935 ], [ -52.110956253630903, -32.033644645342839 ], [ -52.110814066549715, -32.033615745961562 ], [ -52.110789196651488, -32.033530054993633 ], [ -52.110915232713921, -32.033203898958661 ], [ -52.111059233971268, -32.033011637463289 ], [ -52.111214993820695, -32.033013297302098 ] ], [ [ -52.111245684051369, -32.031335782327361 ], [ -52.111167455833012, -32.031414046923629 ], [ -52.111076799549409, -32.031407417804793 ], [ -52.11101627135082, -32.031182676236497 ], [ -52.111163965196134, -32.031139660259761 ], [ -52.111245684051369, -32.031335782327361 ] ], [ [ -52.1114427198359, -32.045482513381359 ], [ -52.111438155738874, -32.045584529569155 ], [ -52.1111932913646, -32.045732617630961 ], [ -52.111048172140038, -32.045650020601279 ], [ -52.111061325020138, -32.045553925561428 ], [ -52.11123429279052, -32.045426460615545 ], [ -52.1114427198359, -32.045482513381359 ] ], [ [ -52.11144779226867, -32.030930014192883 ], [ -52.111345692906596, -32.030972780307238 ], [ -52.11129769027626, -32.030868639347787 ], [ -52.111402554483035, -32.030822195136587 ], [ -52.11144779226867, -32.030930014192883 ] ], [ [ -52.111564984598658, -32.039318392984427 ], [ -52.111445053080018, -32.039400745755849 ], [ -52.111363755231807, -32.039314765868937 ], [ -52.111484301880381, -32.039229021598459 ], [ -52.111564984598658, -32.039318392984427 ] ], [ [ -52.112487461606186, -32.03162939472071 ], [ -52.112289522450865, -32.031703124701771 ], [ -52.112123895154909, -32.031594868007787 ], [ -52.111887971983414, -32.031673878353381 ], [ -52.111764731293853, -32.031824360080897 ], [ -52.111475525192439, -32.031733954502435 ], [ -52.111433289537139, -32.031661486422877 ], [ -52.111629671170519, -32.031312919308427 ], [ -52.111818159096131, -32.031297122451051 ], [ -52.11196847822621, -32.031125074513959 ], [ -52.112057574810024, -32.031197345706723 ], [ -52.112059819527211, -32.031363385519974 ], [ -52.112206233720578, -32.031487584209671 ], [ -52.112466057665827, -32.031474173304261 ], [ -52.112518402887332, -32.031548363856992 ], [ -52.112487461606186, -32.03162939472071 ] ], [ [ -52.111530866973105, -32.02980784922822 ], [ -52.111623118055611, -32.029889778332766 ], [ -52.11151547124657, -32.030000767598608 ], [ -52.111444373756775, -32.029886974157627 ], [ -52.111530866973105, -32.02980784922822 ] ], [ [ -52.113255136719538, -32.046449353868745 ], [ -52.113230716873296, -32.046583650586498 ], [ -52.113134550637263, -32.04662539219629 ], [ -52.113003087317153, -32.046491256366089 ], [ -52.112748633732487, -32.046521337656522 ], [ -52.112483950942448, -32.046463199190079 ], [ -52.112442751906926, -32.046528651657873 ], [ -52.112480923699437, -32.046689529465567 ], [ -52.112605468698291, -32.046810461263185 ], [ -52.112611203453852, -32.046921392516111 ], [ -52.112522485480646, -32.047027524062898 ], [ -52.112387113784756, -32.047013426039477 ], [ -52.112293110870532, -32.046839363193087 ], [ -52.112118751372634, -32.046745295915692 ], [ -52.112169667681137, -32.046561746889637 ], [ -52.112353033028405, -32.046452068134094 ], [ -52.112327623214, -32.04633539258684 ], [ -52.111911290801423, -32.046059122211879 ], [ -52.111595634249305, -32.0459590768493 ], [ -52.111556530572365, -32.045864647772525 ], [ -52.11169228400675, -32.045664184088864 ], [ -52.111941458526488, -32.045652087159255 ], [ -52.112038138497283, -32.045790659915944 ], [ -52.112222491915773, -32.045828673071426 ], [ -52.112299835227745, -32.045996659572772 ], [ -52.112703032738295, -32.046101089593556 ], [ -52.112867732961163, -32.046308781251561 ], [ -52.113255136719538, -32.046449353868745 ] ], [ [ -52.112008506911089, -32.046417706077307 ], [ -52.111816137777367, -32.046665075982041 ], [ -52.111594940580794, -32.046462586057253 ], [ -52.111634448800935, -32.046383973147123 ], [ -52.111790970785819, -32.046331619604366 ], [ -52.111962553889065, -32.046329481916693 ], [ -52.112008506911089, -32.046417706077307 ] ], [ [ -52.112287084437085, -32.047737360657671 ], [ -52.11229238495936, -32.047828401886783 ], [ -52.112207168680101, -32.047878190318578 ], [ -52.112063863929116, -32.047739597302829 ], [ -52.111878524430466, -32.047773324175999 ], [ -52.111843533904157, -32.047537876332918 ], [ -52.111619344594274, -32.047479327474491 ], [ -52.111625439237336, -32.047340472221194 ], [ -52.111738515463387, -32.04721346507548 ], [ -52.11193796803061, -32.047229757165063 ], [ -52.112021067471659, -32.047319271069917 ], [ -52.11193673833597, -32.047487206393598 ], [ -52.112019001728186, -32.047703607217834 ], [ -52.112287084437085, -32.047737360657671 ] ], [ [ -52.112048583684292, -32.033460321804718 ], [ -52.111969363453305, -32.033656686930918 ], [ -52.112048333577256, -32.033796382527214 ], [ -52.111997457569039, -32.033970540160183 ], [ -52.111910092643498, -32.034029001131408 ], [ -52.111711514234798, -32.033989835633157 ], [ -52.111622503567354, -32.033860049144891 ], [ -52.111782790437246, -32.03375243497959 ], [ -52.111901293983337, -32.033391597255402 ], [ -52.112003739343173, -32.033364468561317 ], [ -52.112048583684292, -32.033460321804718 ] ], [ [ -52.112249985325583, -32.029879465634259 ], [ -52.112020772311048, -32.03027298889802 ], [ -52.111852498262195, -32.030229524587249 ], [ -52.111879015826368, -32.029950351407429 ], [ -52.111991721959093, -32.029781290397139 ], [ -52.111930561094375, -32.029618498448428 ], [ -52.111999370984435, -32.029526349184437 ], [ -52.112196950278971, -32.029606275393419 ], [ -52.112180404144311, -32.029757598581597 ], [ -52.112249985325583, -32.029879465634259 ] ], [ [ -52.112226239130038, -32.039553717575785 ], [ -52.112058835072432, -32.039656686121553 ], [ -52.11189117283817, -32.039637901574686 ], [ -52.111836846739457, -32.039567241951573 ], [ -52.11188164280918, -32.039489894963019 ], [ -52.112141095304004, -32.039400745755849 ], [ -52.112260343236095, -32.039438095465215 ], [ -52.112226239130038, -32.039553717575785 ] ], [ [ -52.112998082685301, -32.033229727864601 ], [ -52.112900963183783, -32.033271340208231 ], [ -52.112553070437826, -32.033068296116589 ], [ -52.112416753470903, -32.033187243570957 ], [ -52.112315572419881, -32.033192864785818 ], [ -52.11211383000925, -32.033067275715126 ], [ -52.112204767816763, -32.032827157216595 ], [ -52.112359963408629, -32.032670450834274 ], [ -52.112544838368244, -32.032319966551327 ], [ -52.112788349454796, -32.032383958599823 ], [ -52.112834658564758, -32.032454150464545 ], [ -52.112792650771091, -32.032574779424465 ], [ -52.112608751514806, -32.032684093182951 ], [ -52.112599524443354, -32.032962716316824 ], [ -52.112899583043543, -32.033068642156053 ], [ -52.112998082685301, -32.033229727864601 ] ], [ [ -52.113456636338555, -32.048464350058893 ], [ -52.113395222940142, -32.048589753860973 ], [ -52.112981659927087, -32.048474056649695 ], [ -52.112775094116252, -32.04837713597874 ], [ -52.112678790622581, -32.048207965925009 ], [ -52.112519797466796, -32.048185944919446 ], [ -52.112456864296142, -32.048047437300376 ], [ -52.112621470114647, -32.047962224127737 ], [ -52.112753718710707, -32.04811819643983 ], [ -52.113052545479846, -32.048176843394579 ], [ -52.113181271048077, -32.048367838611796 ], [ -52.113456636338555, -32.048464350058893 ] ], [ [ -52.112638615439813, -32.033524438530492 ], [ -52.112824440947925, -32.033585592176742 ], [ -52.112755496506409, -32.033690806274564 ], [ -52.112612004172149, -32.033596533909176 ], [ -52.112638615439813, -32.033524438530492 ] ], [ [ -52.112820789838494, -32.038502420967085 ], [ -52.11278095064867, -32.038589866451495 ], [ -52.1127027037125, -32.03859958303206 ], [ -52.112660421956008, -32.038425039215291 ], [ -52.112779571208733, -32.038394850684782 ], [ -52.112820789838494, -32.038502420967085 ] ], [ [ -52.114550372147974, -32.033108808183165 ], [ -52.114497163214224, -32.033185931966692 ], [ -52.114378686938892, -32.033168287606976 ], [ -52.114363852008971, -32.032993954342288 ], [ -52.114520768080659, -32.0330056082542 ], [ -52.114550372147974, -32.033108808183165 ] ], [ [ -52.114286895053205, -32.0329084665347 ], [ -52.114111608944206, -32.03294212607225 ], [ -52.114019174348577, -32.032863236494919 ], [ -52.114239895426437, -32.032632014439884 ], [ -52.114343704515058, -32.032694651854925 ], [ -52.114286895053205, -32.0329084665347 ] ], [ [ -52.113948002447337, -32.032864190182821 ], [ -52.113796287642508, -32.033117194946307 ], [ -52.113871043316351, -32.03322416072443 ], [ -52.113999271379882, -32.033258261031612 ], [ -52.114021700786957, -32.033340318194533 ], [ -52.113899018646336, -32.03362785491499 ], [ -52.113786754014811, -32.033703235668526 ], [ -52.113772391177292, -32.03385996971199 ], [ -52.113813055796896, -32.033931217965694 ], [ -52.113970196778475, -32.03397571307287 ], [ -52.1139761028168, -32.034204391036646 ], [ -52.113861835896898, -32.0342483101984 ], [ -52.113692058005654, -32.034082857047814 ], [ -52.113519392190511, -32.034229849776345 ], [ -52.113446658610506, -32.034429140131124 ], [ -52.113655166439486, -32.03450729351723 ], [ -52.113623067368586, -32.034638268196289 ], [ -52.113526710396627, -32.034624952606023 ], [ -52.113449080928703, -32.034500473120389 ], [ -52.11328733975084, -32.034564659934375 ], [ -52.113134597551593, -32.034517692820792 ], [ -52.113056424280906, -32.034412120753075 ], [ -52.113148491793673, -32.034160457520798 ], [ -52.113368782284489, -32.033826604916172 ], [ -52.113721244873915, -32.033690056587332 ], [ -52.113780661047258, -32.033495010403499 ], [ -52.113755293171813, -32.033400742125885 ], [ -52.113584191074452, -32.033315457261608 ], [ -52.113459745601851, -32.033334988430283 ], [ -52.113318714136902, -32.033544685835857 ], [ -52.113250466491245, -32.033543862243327 ], [ -52.113224844698628, -32.033432571136295 ], [ -52.113593890783065, -32.032746798474555 ], [ -52.11373513358015, -32.032664921067834 ], [ -52.113842059640376, -32.032416019267004 ], [ -52.113968028683288, -32.032360753702775 ], [ -52.11406357987444, -32.032467352080687 ], [ -52.113905058460695, -32.032739170135422 ], [ -52.113948002447337, -32.032864190182821 ] ], [ [ -52.113184096457907, -32.033651251213122 ], [ -52.113206724988096, -32.033768406696687 ], [ -52.113096855086461, -32.033799685310015 ], [ -52.113065793272249, -32.033690614352032 ], [ -52.113184096457907, -32.033651251213122 ] ], [ [ -52.113502978761552, -32.031307928198274 ], [ -52.113477313077397, -32.031405726916134 ], [ -52.113324011750258, -32.031420932174903 ], [ -52.113164938187374, -32.031348693758559 ], [ -52.113137063613529, -32.031266561440646 ], [ -52.113247960706516, -32.031116526133999 ], [ -52.113347531228605, -32.031088988153286 ], [ -52.113502978761552, -32.031307928198274 ] ], [ [ -52.113663618193584, -32.04670057682354 ], [ -52.113654398674406, -32.046785048800601 ], [ -52.113555029814805, -32.046824864952399 ], [ -52.113420011514002, -32.046810598584827 ], [ -52.113368137228122, -32.046744685523876 ], [ -52.113475136689381, -32.046613199469391 ], [ -52.113663618193584, -32.04670057682354 ] ], [ [ -52.114144099799738, -32.034772105065748 ], [ -52.114022430367889, -32.034840283193027 ], [ -52.113949766653846, -32.034682868014926 ], [ -52.114062955703695, -32.034639057231182 ], [ -52.114144099799738, -32.034772105065748 ] ], [ [ -52.114166561257584, -32.046981889263179 ], [ -52.114120189619037, -32.047093562279002 ], [ -52.113945765308472, -32.047053270646558 ], [ -52.114001656704872, -32.046928685443682 ], [ -52.114166561257584, -32.046981889263179 ] ], [ [ -52.114446436780476, -32.049503339417804 ], [ -52.114420533176173, -32.04987797944117 ], [ -52.114312606360819, -32.049997345674086 ], [ -52.114027070027802, -32.049781520092111 ], [ -52.114054162885623, -32.049683408287592 ], [ -52.114214340395556, -32.049631549585371 ], [ -52.114281390165466, -32.049416271090173 ], [ -52.114446436780476, -32.049503339417804 ] ], [ [ -52.11450894468954, -32.034277924187258 ], [ -52.114328937570662, -32.034323580834737 ], [ -52.114243962647286, -32.034254655190317 ], [ -52.114375064059921, -32.033977628430335 ], [ -52.114499792485454, -32.034038069234079 ], [ -52.11450894468954, -32.034277924187258 ] ], [ [ -52.114816512273144, -32.032484945370463 ], [ -52.114782578866269, -32.032734308184786 ], [ -52.114587518598384, -32.032711630293413 ], [ -52.114618493057378, -32.032512995085071 ], [ -52.114693372958328, -32.032449380515182 ], [ -52.114816512273144, -32.032484945370463 ] ], [ [ -52.115458365941961, -32.048996251580704 ], [ -52.115673441440883, -32.049394493332116 ], [ -52.115576934319513, -32.049455884953467 ], [ -52.115245871509757, -32.049291821829094 ], [ -52.115229049856467, -32.049150518998502 ], [ -52.115350838145424, -32.04900638477308 ], [ -52.115458365941961, -32.048996251580704 ] ], [ [ -52.11508575801961, -32.049128414596936 ], [ -52.11502957681337, -32.049190403336105 ], [ -52.114856044228532, -32.049193350218893 ], [ -52.114776905132878, -32.04910547036117 ], [ -52.114830670857089, -32.049035401505236 ], [ -52.114983366778944, -32.049030801001834 ], [ -52.11508575801961, -32.049128414596936 ] ], [ [ -52.116199475835991, -32.035367350972287 ], [ -52.116061505287426, -32.03566203330503 ], [ -52.115907124981234, -32.035707293588871 ], [ -52.115655246150162, -32.035575861410862 ], [ -52.115357613213995, -32.035523263980501 ], [ -52.115076040760414, -32.03529818392277 ], [ -52.115082244944965, -32.035158321931704 ], [ -52.115357232045547, -32.034872674623834 ], [ -52.115371482621775, -32.034729797746941 ], [ -52.115568313916711, -32.034409549949274 ], [ -52.115775023736603, -32.034447669107074 ], [ -52.115750006592116, -32.034717614857961 ], [ -52.116126271689332, -32.034804297178596 ], [ -52.116078576064581, -32.035135094920655 ], [ -52.116190764460086, -32.035254398021465 ], [ -52.116199475835991, -32.035367350972287 ] ], [ [ -52.115762365016778, -32.033546832826701 ], [ -52.115479547679925, -32.033993242047018 ], [ -52.115160389193022, -32.033875111777533 ], [ -52.115161389310011, -32.033771214199625 ], [ -52.115469259148583, -32.033338016252991 ], [ -52.115667613074301, -32.033366982899366 ], [ -52.115762365016778, -32.033546832826701 ] ], [ [ -52.11682375303954, -32.050387619256981 ], [ -52.116791424310016, -32.050577713693642 ], [ -52.116715648713836, -32.050614662410815 ], [ -52.116582149228641, -32.050576313199862 ], [ -52.116552238810065, -32.050441244634364 ], [ -52.116748235778353, -32.050323604270119 ], [ -52.11682375303954, -32.050387619256981 ] ], [ [ -52.116470886548761, -32.050405688841856 ], [ -52.116341208422121, -32.050510953756891 ], [ -52.116235927758652, -32.050458669171263 ], [ -52.116298752361637, -32.050273579119327 ], [ -52.116431131905713, -32.050301612489406 ], [ -52.116470886548761, -32.050405688841856 ] ], [ [ -52.116108403489335, -32.050496598792002 ], [ -52.116024366146526, -32.050689184274475 ], [ -52.115902726842705, -32.050764836913338 ], [ -52.115665509362671, -32.050576238661129 ], [ -52.115679680704929, -32.050367582586468 ], [ -52.115747074287924, -32.050311762030546 ], [ -52.116108403489335, -32.050496598792002 ] ], [ [ -52.118775696998888, -32.03553334550115 ], [ -52.118622486826908, -32.035979953191976 ], [ -52.118486038667719, -32.036074997530122 ], [ -52.118489994082893, -32.036217918206276 ], [ -52.118339071430228, -32.036494298028074 ], [ -52.11806742254241, -32.036494418716352 ], [ -52.117863860904855, -32.036300329904492 ], [ -52.11735206687338, -32.036255310176408 ], [ -52.11729230630435, -32.036202901563932 ], [ -52.117310977396279, -32.036079860650958 ], [ -52.117584624588908, -32.035907146997424 ], [ -52.117830123796175, -32.03588634444948 ], [ -52.117951181850842, -32.036042816208614 ], [ -52.118402307679645, -32.03607173258407 ], [ -52.118458935642444, -32.03601549619399 ], [ -52.118465983061846, -32.03578621038978 ], [ -52.11867487965992, -32.035483627891516 ], [ -52.118775696998888, -32.03553334550115 ] ], [ [ -52.118339337904558, -32.035318934532135 ], [ -52.118230676113896, -32.035599747980989 ], [ -52.118141219026853, -32.035616524822053 ], [ -52.117941691304878, -32.035469295465241 ], [ -52.117928851530102, -32.03525630659275 ], [ -52.117996036191755, -32.035197071684557 ], [ -52.118161714326142, -32.035219265173232 ], [ -52.118339337904558, -32.035318934532135 ] ], [ [ -52.119504069587833, -32.03621994289999 ], [ -52.119418826683656, -32.036324099822657 ], [ -52.119157199262119, -32.036311170491174 ], [ -52.118935326237278, -32.036772539332752 ], [ -52.118660051597004, -32.036736980032778 ], [ -52.118545467224024, -32.036655729973674 ], [ -52.118547459083764, -32.036529741253574 ], [ -52.118767232963442, -32.036280531733524 ], [ -52.118982055752575, -32.035853516940527 ], [ -52.119159333773062, -32.035870157024071 ], [ -52.119252890443626, -32.03607826505656 ], [ -52.119465692437942, -32.036148605619992 ], [ -52.119504069587833, -32.03621994289999 ] ], [ [ -52.119101203972996, -32.050528212269754 ], [ -52.118993460242308, -32.050596792238302 ], [ -52.118839438026995, -32.050445271195947 ], [ -52.118692772131816, -32.050603878123276 ], [ -52.118617858592501, -32.050489433156379 ], [ -52.118824765106908, -32.050230762850084 ], [ -52.119101366417006, -32.050389498173054 ], [ -52.119101203972996, -32.050528212269754 ] ], [ [ -52.120068268521074, -32.036858528322348 ], [ -52.119823066574988, -32.037023050251477 ], [ -52.119387305138211, -32.036979415258664 ], [ -52.119251732772447, -32.03686258841811 ], [ -52.119312502067359, -32.036771075244594 ], [ -52.119608576247785, -32.036732061756304 ], [ -52.119805020415924, -32.036510646912447 ], [ -52.119932021564622, -32.036572881186224 ], [ -52.120068268521074, -32.036858528322348 ] ], [ [ -52.119584597134221, -32.050714155767857 ], [ -52.119471090420653, -32.050823171497385 ], [ -52.11937273194048, -32.050764251900546 ], [ -52.119484535261229, -32.050635658093796 ], [ -52.119584597134221, -32.050714155767857 ] ], [ [ -52.119773670683237, -32.050055228821194 ], [ -52.119714481982868, -32.050202040574746 ], [ -52.119601285630431, -32.050179856582254 ], [ -52.119606737299243, -32.050015259642748 ], [ -52.119773670683237, -32.050055228821194 ] ], [ [ -52.120267098779827, -32.05068007959801 ], [ -52.120247529830678, -32.05079704988286 ], [ -52.120121513551972, -32.050778967076319 ], [ -52.120141169747008, -32.050625093233897 ], [ -52.120267098779827, -32.05068007959801 ] ], [ [ -52.120112768431497, -32.050566870660418 ], [ -52.119951182728634, -32.05055244676884 ], [ -52.11990706882586, -32.050478917624957 ], [ -52.120101673860354, -32.050224341886469 ], [ -52.120242953469727, -32.050355338525804 ], [ -52.120112768431497, -32.050566870660418 ] ], [ [ -52.120833967073331, -32.051044021331627 ], [ -52.12074750245182, -32.051129486011483 ], [ -52.120655300329375, -32.051058671037026 ], [ -52.120752487149922, -32.050936165730548 ], [ -52.120833967073331, -32.051044021331627 ] ], [ [ -52.12164256048856, -32.051482171377124 ], [ -52.121401816240976, -32.051743262805729 ], [ -52.121209632664424, -32.051574441688601 ], [ -52.121074092653338, -32.051622417958242 ], [ -52.120828625060781, -32.051548829208429 ], [ -52.120779467824725, -32.051437989300645 ], [ -52.120855598538789, -32.051304502486396 ], [ -52.121058351984772, -32.051287032306824 ], [ -52.12113566266558, -32.051209858701426 ], [ -52.121040199218022, -32.051073573447212 ], [ -52.121017044146406, -32.050831390224957 ], [ -52.121114822387703, -32.050816012177236 ], [ -52.121286576069103, -32.050972396834112 ], [ -52.121199741765622, -32.051251451713057 ], [ -52.121304116537836, -32.051336895782086 ], [ -52.121598349951114, -32.05139149628274 ], [ -52.12164256048856, -32.051482171377124 ] ], [ [ -52.122535112029539, -32.051779980103881 ], [ -52.12253073243842, -32.052018237254728 ], [ -52.122401119684326, -32.052126810301665 ], [ -52.122255971130329, -32.052066351818937 ], [ -52.12227547857993, -32.051897258434266 ], [ -52.122369960859302, -32.051781425191464 ], [ -52.122535112029539, -32.051779980103881 ] ], [ [ -52.123298078585265, -32.051980104558758 ], [ -52.123312266968831, -32.052069131570171 ], [ -52.12308151072299, -32.052423530915377 ], [ -52.122780821192038, -32.052327309803687 ], [ -52.122677115867269, -32.052204184433116 ], [ -52.122714864311753, -32.052064988290326 ], [ -52.122928975116743, -32.052044203862266 ], [ -52.123064613093973, -32.051858154736628 ], [ -52.123298078585265, -32.051980104558758 ] ], [ [ -52.123614661815729, -32.048513075259365 ], [ -52.123542974744176, -32.048670643470217 ], [ -52.123413752512285, -32.048663810526598 ], [ -52.123239919138122, -32.048586986165283 ], [ -52.123185411527736, -32.048406393557563 ], [ -52.123000512685437, -32.048377072277418 ], [ -52.122964909931049, -32.048276070460808 ], [ -52.123085505250067, -32.048230532947059 ], [ -52.123190223359778, -32.048352625691273 ], [ -52.123350354422193, -32.048352610213918 ], [ -52.12357891269022, -32.048441747737428 ], [ -52.123614661815729, -32.048513075259365 ] ], [ [ -52.124498535989872, -32.052693812639355 ], [ -52.124525980234637, -32.052782777952551 ], [ -52.124418302402979, -32.052936238779807 ], [ -52.124132819645268, -32.052852370946461 ], [ -52.124051411744233, -32.052500612894633 ], [ -52.124221244748149, -32.052464683222894 ], [ -52.124498535989872, -32.052693812639355 ] ], [ [ -52.123919343273144, -32.052434425108508 ], [ -52.123753004053512, -32.052586497136488 ], [ -52.123577042192657, -32.052357446941635 ], [ -52.123699348106022, -32.052259797438268 ], [ -52.123831040558855, -32.052258147510706 ], [ -52.123919343273144, -32.052434425108508 ] ], [ [ -52.136886088101782, -32.047531631478769 ], [ -52.136947174439591, -32.047906113753641 ], [ -52.136755223631468, -32.048219342517868 ], [ -52.13664399498024, -32.048216717575784 ], [ -52.136434682816031, -32.048046417245956 ], [ -52.136285116352447, -32.048127535925275 ], [ -52.136309013178419, -32.048220905891441 ], [ -52.136631612109568, -32.048470371495668 ], [ -52.136313341612052, -32.049003267343394 ], [ -52.136184622693676, -32.04899629618631 ], [ -52.136092800878401, -32.048874514631329 ], [ -52.135881277642696, -32.048869648685852 ], [ -52.135565892842052, -32.048752435959223 ], [ -52.135437966408503, -32.048815594322072 ], [ -52.135552402322325, -32.04898143093137 ], [ -52.135826453967709, -32.049104114616298 ], [ -52.135941130396994, -32.049594347264602 ], [ -52.135841338765758, -32.049682287608029 ], [ -52.135811944882981, -32.049815720838531 ], [ -52.135701442585436, -32.049838084181992 ], [ -52.135578081944175, -32.049678103054688 ], [ -52.135554191600221, -32.049518306331464 ], [ -52.135467049699443, -32.049475726706575 ], [ -52.135320702269766, -32.049516008650841 ], [ -52.135270736979756, -32.049812385637352 ], [ -52.135523332629916, -32.04998698054397 ], [ -52.135603416450408, -32.050189962243394 ], [ -52.135361294342715, -32.050280084546579 ], [ -52.135337318216408, -32.05063582891016 ], [ -52.134931508399724, -32.0505193215091 ], [ -52.13485379656256, -32.050600050487532 ], [ -52.135031136961288, -32.05082184571701 ], [ -52.135194897692919, -32.050791118251311 ], [ -52.135353983005764, -32.050848066333508 ], [ -52.135462864058255, -32.050966533216794 ], [ -52.135567822666879, -32.051274268120238 ], [ -52.13547659658235, -32.051310311673134 ], [ -52.135268598964245, -32.051772797562833 ], [ -52.134680327385411, -32.052718966909403 ], [ -52.13443252994584, -32.052807436553813 ], [ -52.134453762155026, -32.053087280857994 ], [ -52.134339783559817, -32.053281725931981 ], [ -52.134136536841666, -32.053409365757901 ], [ -52.133916351335849, -32.053349655356755 ], [ -52.133773029270053, -32.053498632536055 ], [ -52.13365781325431, -32.053460534298246 ], [ -52.133718807044936, -32.053315560041227 ], [ -52.133938853185953, -32.053304577793348 ], [ -52.133969741119877, -32.053170909452653 ], [ -52.133858377202465, -32.053055632402135 ], [ -52.133870715365504, -32.052958923764287 ], [ -52.134052213769834, -32.052931047668963 ], [ -52.134220511346676, -32.052721262046482 ], [ -52.134007012288137, -32.052471648763451 ], [ -52.133783200719819, -32.052538495243361 ], [ -52.133823625515042, -32.052726095411579 ], [ -52.133518238859402, -32.053177176109195 ], [ -52.133108099582152, -32.052914400123342 ], [ -52.133112488147113, -32.052715216696221 ], [ -52.133055314838039, -32.052656507189567 ], [ -52.132969774487755, -32.052682388985382 ], [ -52.132808103331946, -32.052924905169498 ], [ -52.132619740440113, -32.052942328900443 ], [ -52.132366396108601, -32.053198970981818 ], [ -52.13240102396415, -32.053691789711337 ], [ -52.13235099171046, -32.053731333181616 ], [ -52.132184747116639, -32.053666918782078 ], [ -52.131936148475546, -32.053786907937535 ], [ -52.131758735765423, -32.053679797890233 ], [ -52.131759740676394, -32.053578840026894 ], [ -52.131935836145736, -32.05349099952717 ], [ -52.131956640589387, -32.053228119198181 ], [ -52.131903437387116, -32.05316486205443 ], [ -52.131693781254221, -32.053176760342772 ], [ -52.131357846240675, -32.053464575493955 ], [ -52.131226887560672, -32.053451509168809 ], [ -52.131198430447036, -32.053311400747603 ], [ -52.13144970220425, -32.052860982366589 ], [ -52.131663928608617, -32.052780620382222 ], [ -52.131720692512609, -32.052378067723829 ], [ -52.131925370167451, -32.052099825484312 ], [ -52.131978906996501, -32.051901209322757 ], [ -52.131844201402423, -32.051838579937211 ], [ -52.131515929108808, -32.052087403386288 ], [ -52.131506063924746, -32.052289540093035 ], [ -52.131185945684678, -32.052793228134107 ], [ -52.131180221299232, -32.052951804271359 ], [ -52.13103430764928, -32.053129109778382 ], [ -52.130913083345845, -32.053139684703631 ], [ -52.130787760182116, -32.053062419925034 ], [ -52.130634029837175, -32.053095336892483 ], [ -52.130510568334408, -32.052868949859288 ], [ -52.130275838493638, -32.052894250744508 ], [ -52.130211719317849, -32.053366904558445 ], [ -52.130460749304468, -32.053456613998492 ], [ -52.13050569906688, -32.053793650432254 ], [ -52.130409154226939, -32.053920769827009 ], [ -52.130458886707324, -32.054112302019291 ], [ -52.13038948852801, -32.054217299894567 ], [ -52.130229433094485, -32.054271157033483 ], [ -52.130220183147905, -32.054466389018351 ], [ -52.1301335521825, -32.054563609814039 ], [ -52.129955659847049, -32.054477377111951 ], [ -52.129938871302102, -32.054314572789536 ], [ -52.129806955326977, -32.054093350068811 ], [ -52.129597832755344, -32.054153294234958 ], [ -52.129568182203506, -32.05432164593099 ], [ -52.129470921484817, -32.054360100389836 ], [ -52.129419619623469, -32.05424577199598 ], [ -52.129574724558879, -32.054142383313867 ], [ -52.129554731162919, -32.054012749630004 ], [ -52.129381761205202, -32.053949018248701 ], [ -52.129128524433149, -32.053987038130572 ], [ -52.128811418427681, -32.053826162140631 ], [ -52.128741470990839, -32.053890834880235 ], [ -52.12876489208238, -32.054086907802962 ], [ -52.128909464191821, -32.054161852062066 ], [ -52.129027787393468, -32.054345211574713 ], [ -52.128962093905322, -32.054463205765252 ], [ -52.128813942301875, -32.054466999554215 ], [ -52.128652669142923, -32.054394373218109 ], [ -52.128576049976047, -32.054269177392761 ], [ -52.128199202856109, -32.054139961381296 ], [ -52.127691780385781, -32.053795700512374 ], [ -52.127505962351513, -32.053782537179664 ], [ -52.127238039609423, -32.053630787423657 ], [ -52.127162780657308, -32.053470523967817 ], [ -52.126871691225396, -32.053432953721739 ], [ -52.126526510036136, -32.053233563834596 ], [ -52.126335037739274, -32.053353209495285 ], [ -52.126233568868585, -32.053153737740338 ], [ -52.125893965399406, -32.053097438475014 ], [ -52.125802945894044, -32.053024798282706 ], [ -52.125695007024703, -32.053109092460645 ], [ -52.125790882345555, -32.053385109985953 ], [ -52.125593902499389, -32.053416407863359 ], [ -52.125405899963383, -32.053288895837845 ], [ -52.125348526666734, -32.053154635634286 ], [ -52.125065163005466, -32.053035246782244 ], [ -52.125096295036535, -32.052799621846411 ], [ -52.124978175875256, -32.052617912132305 ], [ -52.124761901656449, -32.052480644493933 ], [ -52.124716315350653, -32.052367353391382 ], [ -52.124420095876253, -32.052184142046698 ], [ -52.124215545324212, -32.052179990166749 ], [ -52.124040908975083, -32.051882567028208 ], [ -52.12361799688474, -32.051567187422542 ], [ -52.123634844037205, -32.051330123209311 ], [ -52.123830185033817, -32.051222965842669 ], [ -52.124184692056147, -32.05151287848944 ], [ -52.124338682171086, -32.051458415184996 ], [ -52.124196695504523, -32.051133318654273 ], [ -52.124105702223929, -32.051084869484463 ], [ -52.123866822228401, -32.05114013989283 ], [ -52.123795260352473, -32.051020231813503 ], [ -52.123796383088184, -32.050790618495114 ], [ -52.123943717777564, -32.05067424582959 ], [ -52.124131220694693, -32.050754916176416 ], [ -52.124196788485115, -32.050956664542838 ], [ -52.12443796414469, -32.050955516620505 ], [ -52.124583052809719, -32.051109540325292 ], [ -52.124944534500663, -32.051201364260606 ], [ -52.125329410157207, -32.051549602412635 ], [ -52.12534079638435, -32.051654006667313 ], [ -52.125220654299056, -32.051809278953499 ], [ -52.125128095420756, -32.051797317724251 ], [ -52.12498134030141, -32.051642643482644 ], [ -52.124802052896577, -32.051716416313397 ], [ -52.12483671085932, -32.051826398674763 ], [ -52.12502472813302, -32.051933471321959 ], [ -52.125027884813043, -32.052081746471906 ], [ -52.125137436013993, -32.052180385864759 ], [ -52.125186012181899, -32.052401930054167 ], [ -52.125312059291744, -32.052397159293442 ], [ -52.125421062782351, -32.052239526149869 ], [ -52.125588040655728, -32.052144260898245 ], [ -52.125579941093257, -32.05189990409675 ], [ -52.125869805260209, -32.051930957876763 ], [ -52.126079879002369, -32.0517851599636 ], [ -52.126036036695737, -32.051625718210801 ], [ -52.125674594742904, -32.051395921721493 ], [ -52.125784566839521, -32.050763147272377 ], [ -52.125701182455366, -32.050723280127713 ], [ -52.125458703083709, -32.050798703265286 ], [ -52.12542815838686, -32.050514632430989 ], [ -52.125627550124783, -32.049901179525278 ], [ -52.125618669340433, -32.049779823045021 ], [ -52.125468458310664, -32.049652411530033 ], [ -52.125606171558196, -32.049375880560383 ], [ -52.125926308432007, -32.049198150579365 ], [ -52.126146313545789, -32.049190331296721 ], [ -52.126243498331384, -32.049067774364659 ], [ -52.126462881776973, -32.049069880046538 ], [ -52.126519570434574, -32.049011181867442 ], [ -52.126468100419622, -32.048912008129996 ], [ -52.126023344876849, -32.048691341711532 ], [ -52.126113323862853, -32.04830482143349 ], [ -52.126218343507304, -32.04822571602309 ], [ -52.126297291538414, -32.048257237731093 ], [ -52.126322659624201, -32.048405702306283 ], [ -52.126416293484844, -32.048472034177465 ], [ -52.126650635762907, -32.048347592980043 ], [ -52.126971940794505, -32.048508712760743 ], [ -52.126984943186855, -32.048802793938059 ], [ -52.127063186289853, -32.048804883311441 ], [ -52.127214012683126, -32.048660014739056 ], [ -52.127767638042805, -32.048837690080632 ], [ -52.127953274000198, -32.048987747093349 ], [ -52.127963013770582, -32.049097011481862 ], [ -52.127832233049197, -32.049359385712513 ], [ -52.127683141391969, -32.049454157641037 ], [ -52.127837650393758, -32.049641828265784 ], [ -52.127828455948197, -32.049785152079835 ], [ -52.12793709760431, -32.049909672232516 ], [ -52.127736522940602, -32.050127802567324 ], [ -52.127675471990869, -32.050268834035606 ], [ -52.127725818459176, -32.050354004584925 ], [ -52.1278305509408, -32.050339399981127 ], [ -52.127975983950911, -32.050085132621561 ], [ -52.128038816727248, -32.050080225563619 ], [ -52.12818491849351, -32.050144068582775 ], [ -52.128287488322364, -32.050339834673345 ], [ -52.12857296741722, -32.050342720049812 ], [ -52.12861637424065, -32.050273242387441 ], [ -52.128576833817299, -32.050102733414363 ], [ -52.12890943751934, -32.049559441490594 ], [ -52.129069329810385, -32.049436070848898 ], [ -52.12925046918614, -32.049506609641561 ], [ -52.129204541057632, -32.050081523704286 ], [ -52.129080591610716, -32.050167073384479 ], [ -52.128941635987843, -32.050172773346553 ], [ -52.128868677846064, -32.050300159216654 ], [ -52.128702379009404, -32.05039358676305 ], [ -52.128849015096897, -32.050578025976918 ], [ -52.128883142365773, -32.050833674093568 ], [ -52.128993712212647, -32.050815771284825 ], [ -52.129109077264637, -32.050660042915268 ], [ -52.12929930063865, -32.050646889249563 ], [ -52.129506596754268, -32.050824300870111 ], [ -52.129200865538941, -32.051487607960276 ], [ -52.128970358547072, -32.051683481032249 ], [ -52.12901498256344, -32.051802140875076 ], [ -52.129215011713917, -32.05185929106252 ], [ -52.129360895277486, -32.051635458396468 ], [ -52.129469623018998, -32.05158725638816 ], [ -52.129505212845885, -32.05136773904988 ], [ -52.129765461712495, -32.050934068186024 ], [ -52.130064733699577, -32.051013885965993 ], [ -52.130298336124469, -32.051166069495643 ], [ -52.130501085342168, -32.051153711203206 ], [ -52.13050843104299, -32.050897951505007 ], [ -52.130569907246752, -32.050795372064485 ], [ -52.130878684907529, -32.050673238821567 ], [ -52.130930853169126, -32.050584687203852 ], [ -52.130843834743523, -32.050355415840123 ], [ -52.130948957277369, -32.050241400614368 ], [ -52.131144244358758, -32.050178112547187 ], [ -52.131062137431108, -32.050021649232619 ], [ -52.13108137343324, -32.049926989620651 ], [ -52.13127500524589, -32.049859160316267 ], [ -52.131436954197824, -32.049692526558445 ], [ -52.131443290180407, -32.049381467260474 ], [ -52.131601010906117, -32.049355198178148 ], [ -52.131670004995009, -32.04940918612558 ], [ -52.131579090029703, -32.049717901898426 ], [ -52.131641186231555, -32.04985735701095 ], [ -52.131575432083871, -32.049988821537887 ], [ -52.131650637377966, -32.050055404845963 ], [ -52.13178928883746, -32.050000172903601 ], [ -52.131800827721548, -32.049780334023907 ], [ -52.131969670622468, -32.049679353730319 ], [ -52.131993795321506, -32.049500653504602 ], [ -52.132272398555223, -32.049480478159801 ], [ -52.132265486831088, -32.049373079211151 ], [ -52.132060453744813, -32.049226660292149 ], [ -52.131818054198426, -32.049188345866135 ], [ -52.131681674566657, -32.049075715804115 ], [ -52.131755246423921, -32.048754538363774 ], [ -52.131719353799397, -32.048665841921476 ], [ -52.13143745041566, -32.048680696875316 ], [ -52.131338621346174, -32.048869405453516 ], [ -52.131198361409922, -32.048796098474313 ], [ -52.131198000301389, -32.048621214942941 ], [ -52.131315219860461, -32.048520538857709 ], [ -52.131278409493191, -32.048345244764718 ], [ -52.131663208580377, -32.047725710093552 ], [ -52.131755246423921, -32.047452291852743 ], [ -52.131670172391836, -32.047334928377225 ], [ -52.131547742336117, -32.047416587258979 ], [ -52.131262657143282, -32.047453290268599 ], [ -52.131218563703314, -32.047198371298506 ], [ -52.131368768076605, -32.047006976344534 ], [ -52.131324441874533, -32.046881580239635 ], [ -52.131363319601768, -32.046764936970341 ], [ -52.131485123909378, -32.04669547585118 ], [ -52.131500674840993, -32.046536314809927 ], [ -52.131660953744138, -32.046379496050335 ], [ -52.131820407280649, -32.04637421173743 ], [ -52.132362223292631, -32.046538523669255 ], [ -52.132451171320021, -32.046281748608422 ], [ -52.132776363091956, -32.045798195660318 ], [ -52.133347797725705, -32.045886077099055 ], [ -52.133404538430625, -32.045825495665007 ], [ -52.133388139501299, -32.045678410566097 ], [ -52.133542735478109, -32.045637409598726 ], [ -52.133863670823757, -32.045788410322743 ], [ -52.133895040652924, -32.045953036454094 ], [ -52.133975513773379, -32.0460024567357 ], [ -52.134246746095194, -32.045630338646191 ], [ -52.134442458973574, -32.045498937733342 ], [ -52.135225615707881, -32.045822369575347 ], [ -52.135235431233369, -32.046069194126567 ], [ -52.135332568801367, -32.046153457282514 ], [ -52.13555535103351, -32.045969633335723 ], [ -52.135933849585122, -32.046184994772581 ], [ -52.136132286392865, -32.046052111051374 ], [ -52.136345901437934, -32.046121547280634 ], [ -52.136509907509684, -32.04626028719796 ], [ -52.136254645590931, -32.046545233828404 ], [ -52.136258281403428, -32.046704682237333 ], [ -52.136077342967759, -32.046925872144776 ], [ -52.135869184112991, -32.046894072885742 ], [ -52.13581775106146, -32.046997370012079 ], [ -52.13594727402009, -32.047099916376382 ], [ -52.135989349058029, -32.047356492167019 ], [ -52.136173632791994, -32.047303901102552 ], [ -52.136358610318396, -32.047347442495742 ], [ -52.136466029506025, -32.047448428291744 ], [ -52.136694098612942, -32.047421316628352 ], [ -52.136886088101782, -32.047531631478769 ] ], [ [ -52.135611973820005, -32.051304882603411 ], [ -52.135865692803321, -32.051154182683412 ], [ -52.13617194227794, -32.051273237618517 ], [ -52.136186581377864, -32.051546998973265 ], [ -52.136084933012363, -32.051718928594511 ], [ -52.135853130115549, -32.051712283008627 ], [ -52.135634595595427, -32.051460073246083 ], [ -52.135611973820005, -32.051304882603411 ] ], [ [ -52.130451609477674, -32.050705612189965 ], [ -52.130298444698226, -32.050801780858421 ], [ -52.130197317422109, -32.050769645703888 ], [ -52.130132682757591, -32.050571021216491 ], [ -52.130151098383621, -32.050290629459155 ], [ -52.130218498459179, -32.050228812039229 ], [ -52.130459546219619, -32.050254909171429 ], [ -52.130528653968305, -32.050053519484848 ], [ -52.130660620241457, -32.050043591811317 ], [ -52.130743743013731, -32.050184994624992 ], [ -52.130634083799038, -32.050276082094207 ], [ -52.130621567183631, -32.050420417027105 ], [ -52.130451609477674, -32.050705612189965 ] ], [ [ -52.133345375408879, -32.045653286828596 ], [ -52.133195589545402, -32.04570031758027 ], [ -52.133000084208, -32.045633323951044 ], [ -52.132964244138009, -32.045564615016403 ], [ -52.133042420811087, -32.045304355881157 ], [ -52.133307098188197, -32.044962925065114 ], [ -52.133592913835344, -32.045058965867071 ], [ -52.133619567381025, -32.045123417806316 ], [ -52.133554833000794, -32.045288994484885 ], [ -52.133343760438997, -32.045517202990261 ], [ -52.133345375408879, -32.045653286828596 ] ], [ [ -52.133822603055364, -32.044986098077771 ], [ -52.133448242107164, -32.044762615457159 ], [ -52.133496106899685, -32.044610661640391 ], [ -52.133651426918036, -32.044606198081325 ], [ -52.133988135344552, -32.044872646364496 ], [ -52.134129826991845, -32.044897021078441 ], [ -52.134246233177329, -32.045009117491404 ], [ -52.134250051622537, -32.045147028854771 ], [ -52.134171488928281, -32.045203934783466 ], [ -52.13389523985677, -32.045159407313221 ], [ -52.133822603055364, -32.044986098077771 ] ], [ [ -52.129325307157607, -32.050584886636535 ], [ -52.129246255461887, -32.050472253340423 ], [ -52.129258931190066, -32.050355098086676 ], [ -52.129427399309826, -32.050254342787284 ], [ -52.12943809027427, -32.050027217103548 ], [ -52.129704695852411, -32.050001541124374 ], [ -52.129873337670716, -32.049787604397615 ], [ -52.130047869120887, -32.049820236787468 ], [ -52.130013638324492, -32.0500353812225 ], [ -52.129807986992098, -32.050145809583938 ], [ -52.129817803307752, -32.050336805224113 ], [ -52.129664245511407, -32.050574903166876 ], [ -52.129325307157607, -32.050584886636535 ] ], [ [ -52.129937106571155, -32.049640057961582 ], [ -52.129806749502393, -32.049483460059129 ], [ -52.129916401272602, -32.049327021623803 ], [ -52.130062388146115, -32.04943228113099 ], [ -52.130048830574474, -32.04960117727628 ], [ -52.129937106571155, -32.049640057961582 ] ], [ [ -52.129217129213082, -32.049304945531667 ], [ -52.129178928482027, -32.049204261416648 ], [ -52.129272437656844, -32.049045193698298 ], [ -52.129448007294094, -32.049052314851536 ], [ -52.129472970629145, -32.049134347792005 ], [ -52.12939447090865, -32.049281275342068 ], [ -52.129217129213082, -32.049304945531667 ] ], [ [ -52.132519957279108, -32.053742479940489 ], [ -52.132733398141113, -32.053458929813139 ], [ -52.132946846137948, -32.053536424725237 ], [ -52.132932850798767, -32.053803325458603 ], [ -52.132855345255749, -32.053920683406567 ], [ -52.13294863114956, -32.054055093403143 ], [ -52.13290512062671, -32.05419748309599 ], [ -52.132770828790278, -32.054194421571502 ], [ -52.13281455538943, -32.053938775370703 ], [ -52.132559915414724, -32.053856719813233 ], [ -52.132519957279108, -32.053742479940489 ] ], [ [ -52.124345193419359, -32.050390737173764 ], [ -52.124243404924592, -32.050484457448832 ], [ -52.12406337517448, -32.050419786412512 ], [ -52.124125380931666, -32.05012333119825 ], [ -52.124245004919921, -32.050135154961204 ], [ -52.124345193419359, -32.050390737173764 ] ], [ [ -52.124989711024746, -32.046564808161911 ], [ -52.124855067159153, -32.046695031964177 ], [ -52.124679768470351, -32.046555531813368 ], [ -52.124716468693222, -32.046459356775991 ], [ -52.124805693609765, -32.046430273649008 ], [ -52.124959245583952, -32.046466886736951 ], [ -52.124989711024746, -32.046564808161911 ] ], [ [ -52.126056340972717, -32.04421770544117 ], [ -52.126086040144877, -32.044545210879576 ], [ -52.125946565812882, -32.044660985293994 ], [ -52.125692294353996, -32.044543331439719 ], [ -52.125596483476805, -32.044417082971847 ], [ -52.125422758484042, -32.044461993427987 ], [ -52.125172469799658, -32.04434508600059 ], [ -52.125135521082484, -32.04426931040441 ], [ -52.12525250468029, -32.044118675125979 ], [ -52.125294550079182, -32.043934576652688 ], [ -52.125565799928665, -32.043913711743713 ], [ -52.125682865927253, -32.044015549048332 ], [ -52.125591465963169, -32.044214283031529 ], [ -52.125613992529296, -32.044300326182849 ], [ -52.12569383186905, -32.044318744223858 ], [ -52.125860321903367, -32.044167477337965 ], [ -52.125965537058256, -32.044156400904541 ], [ -52.126056340972717, -32.04421770544117 ] ], [ [ -52.125513541177952, -32.040888789319112 ], [ -52.125397172145142, -32.040859523072854 ], [ -52.125429970909977, -32.040740826988312 ], [ -52.12554060166385, -32.040775847787067 ], [ -52.125513541177952, -32.040888789319112 ] ], [ [ -52.127615893658394, -32.046766888297519 ], [ -52.127463651671889, -32.047027524062898 ], [ -52.127195955131363, -32.047000888627558 ], [ -52.127092811515993, -32.046920460238297 ], [ -52.127171150921868, -32.046721493807574 ], [ -52.127343426721453, -32.046565923023614 ], [ -52.12761214539703, -32.046578892017514 ], [ -52.127615893658394, -32.046766888297519 ] ], [ [ -52.127068856713592, -32.046642781249012 ], [ -52.126972903379006, -32.046713758707973 ], [ -52.12682450550848, -32.047012698828915 ], [ -52.126479177002146, -32.046851892139827 ], [ -52.126647982292397, -32.046442948303628 ], [ -52.126808053085441, -32.046241640094046 ], [ -52.127107104732538, -32.04640875204786 ], [ -52.127068856713592, -32.046642781249012 ] ], [ [ -52.126764400322266, -32.047416863941088 ], [ -52.126875981683277, -32.047462122946818 ], [ -52.126818118039658, -32.047591975466148 ], [ -52.126711462440937, -32.047526315078223 ], [ -52.126764400322266, -32.047416863941088 ] ], [ [ -52.128126590796242, -32.045933661748634 ], [ -52.127957445623686, -32.046095439217318 ], [ -52.127729732465497, -32.046097250292846 ], [ -52.127566733599132, -32.04633208700568 ], [ -52.127489440972504, -32.046301205909458 ], [ -52.127435017192219, -32.046140780491065 ], [ -52.127225285219133, -32.046231167169829 ], [ -52.127027770035838, -32.046130648805487 ], [ -52.126972178612412, -32.046033502318345 ], [ -52.127136559749481, -32.045669570369618 ], [ -52.127365607300426, -32.045471640118805 ], [ -52.12759050254806, -32.045611577078134 ], [ -52.127445875003914, -32.045917274711286 ], [ -52.127463856676719, -32.046065176939059 ], [ -52.127638110459614, -32.046037737682781 ], [ -52.127785294216125, -32.045795649929339 ], [ -52.128047063118487, -32.045774051420629 ], [ -52.128133520912428, -32.04584668619178 ], [ -52.128126590796242, -32.045933661748634 ] ], [ [ -52.128456571410297, -32.045230224257168 ], [ -52.128379673516335, -32.045468469568533 ], [ -52.128038427939927, -32.045566634097696 ], [ -52.127956258296337, -32.045484360287283 ], [ -52.128045545552958, -32.045306988211742 ], [ -52.12802393844143, -32.045080517957508 ], [ -52.127893713367648, -32.045103908862977 ], [ -52.127746877289312, -32.045373280542009 ], [ -52.127576512124584, -32.045355422985779 ], [ -52.127469441242425, -32.045202710481696 ], [ -52.127563065536322, -32.044951898877365 ], [ -52.127734099408826, -32.044841235469242 ], [ -52.127974326045567, -32.044885734098166 ], [ -52.1280505912801, -32.04509217214666 ], [ -52.128212453558206, -32.045041966709888 ], [ -52.1283803369422, -32.045093861203505 ], [ -52.128456571410297, -32.045230224257168 ] ], [ [ -52.128168553205462, -32.046933506912751 ], [ -52.128016969156306, -32.047061988804096 ], [ -52.128047646573812, -32.047302549580536 ], [ -52.127939412454872, -32.047440612324394 ], [ -52.127700233328518, -32.047398799127173 ], [ -52.127657277317063, -32.047323099880039 ], [ -52.127692337076184, -32.047185812329545 ], [ -52.127950158287341, -32.046768536207267 ], [ -52.128059705472964, -32.046762780391141 ], [ -52.128168553205462, -32.046933506912751 ] ], [ [ -52.12957905053856, -32.043473929184515 ], [ -52.129377056530025, -32.043807624312656 ], [ -52.128875003240147, -32.043627289815518 ], [ -52.12874683578265, -32.043780749023995 ], [ -52.128627291358171, -32.043791858286689 ], [ -52.12850324603275, -32.043747112456444 ], [ -52.128392798708404, -32.043603761990333 ], [ -52.128429176335771, -32.043504672679276 ], [ -52.128576339710754, -32.043437428214133 ], [ -52.128623078081262, -32.04315660242176 ], [ -52.128758683685859, -32.043068454880249 ], [ -52.128931136821265, -32.043083524507317 ], [ -52.129060983117455, -32.043195401677636 ], [ -52.129114027046839, -32.043338051297745 ], [ -52.129352675048395, -32.043325623810517 ], [ -52.12957905053856, -32.043473929184515 ] ], [ [ -52.128284053074076, -32.043850280101196 ], [ -52.128669958679026, -32.044029894980675 ], [ -52.128769534843343, -32.044193562807529 ], [ -52.129028350727317, -32.044156405470908 ], [ -52.129105796631237, -32.044216974368702 ], [ -52.128962741514812, -32.044641033990892 ], [ -52.128768591430607, -32.044797850340011 ], [ -52.128634360217994, -32.044795654171615 ], [ -52.128166469130086, -32.044592673771518 ], [ -52.12793547101284, -32.044388413073364 ], [ -52.127957767836143, -32.044240272911722 ], [ -52.128109584823314, -32.044010216278068 ], [ -52.128284053074076, -32.043850280101196 ] ], [ [ -52.128733101578725, -32.046135988560494 ], [ -52.12868284425214, -32.046216338988728 ], [ -52.128350278867615, -32.046309073806029 ], [ -52.128312151849997, -32.046451433442989 ], [ -52.128378078079884, -32.046602040470304 ], [ -52.128318317510804, -32.046654449082759 ], [ -52.12822165806665, -32.046630636204327 ], [ -52.128158839713997, -32.046359974924812 ], [ -52.128323076748792, -32.046227785510254 ], [ -52.128356853644156, -32.045899099948478 ], [ -52.128535712373498, -32.045902943482375 ], [ -52.128733101578725, -32.046135988560494 ] ], [ [ -52.128657750913135, -32.049623860279112 ], [ -52.128631748438487, -32.049730494010539 ], [ -52.128541886696375, -32.049754948991705 ], [ -52.128239968058949, -32.049619703444172 ], [ -52.128200484966555, -32.049495814451845 ], [ -52.128432959550118, -32.049346523429733 ], [ -52.128657750913135, -32.049623860279112 ] ], [ [ -52.128692452214899, -32.047342721869597 ], [ -52.128605847898505, -32.047456887182783 ], [ -52.128495040898265, -32.047404614362456 ], [ -52.128575687765277, -32.047262565966427 ], [ -52.128692452214899, -32.047342721869597 ] ], [ [ -52.129578972242733, -32.043033577090995 ], [ -52.129462584488181, -32.043103936586625 ], [ -52.129373325165361, -32.042918032239363 ], [ -52.128862182164063, -32.042821480670661 ], [ -52.128868009974852, -32.042722996017481 ], [ -52.129002974809929, -32.042648214564267 ], [ -52.129204051543091, -32.042281223423494 ], [ -52.12945106421634, -32.042380153461281 ], [ -52.129371731993459, -32.042565052032678 ], [ -52.12942658901467, -32.042860415052495 ], [ -52.129578972242733, -32.043033577090995 ] ], [ [ -52.129107633653732, -32.045521356870523 ], [ -52.128898496251232, -32.045557922721791 ], [ -52.12885949433408, -32.045416564537625 ], [ -52.129108448877311, -32.045373690201622 ], [ -52.129152983292428, -32.045449141827888 ], [ -52.129107633653732, -32.045521356870523 ] ], [ [ -52.129898403946356, -32.044514066201877 ], [ -52.129905421832667, -32.044592089078101 ], [ -52.129804933402248, -32.044709440376153 ], [ -52.129871945295292, -32.044842909432049 ], [ -52.129816305664065, -32.045235523331364 ], [ -52.12909855835634, -32.044940177150281 ], [ -52.129104162828831, -32.044765180038951 ], [ -52.129381955673324, -32.044379656365138 ], [ -52.129898403946356, -32.044514066201877 ] ], [ [ -52.130238636080996, -32.055340668459259 ], [ -52.13014876124678, -32.055410142355655 ], [ -52.129996450570083, -32.055372910846195 ], [ -52.129510908467147, -32.055188604393699 ], [ -52.129349301582536, -32.055092633371082 ], [ -52.129332415243475, -32.055006137514937 ], [ -52.129501107314908, -32.054963542191466 ], [ -52.130196546819988, -32.055247171533338 ], [ -52.130238636080996, -32.055340668459259 ] ], [ [ -52.130029198138793, -32.047246767980312 ], [ -52.129900703425548, -32.04741468458014 ], [ -52.129722870667301, -32.047438272291394 ], [ -52.129690231408809, -32.047371973653597 ], [ -52.129823184523737, -32.047103246239175 ], [ -52.129998210607646, -32.04714568772161 ], [ -52.130029198138793, -32.047246767980312 ] ], [ [ -52.129680023947024, -32.047518871861222 ], [ -52.129791130242126, -32.04765016095341 ], [ -52.129727489147555, -32.047741889692446 ], [ -52.129540627963742, -32.047637579101703 ], [ -52.129569134568833, -32.04754827718542 ], [ -52.129680023947024, -32.047518871861222 ] ], [ [ -52.129816970795666, -32.046527678323429 ], [ -52.12979734809948, -32.046642844434423 ], [ -52.129673560380425, -32.046618891970382 ], [ -52.129695490456157, -32.046507442339419 ], [ -52.129816970795666, -32.046527678323429 ] ], [ [ -52.129865919882121, -32.048908481790704 ], [ -52.129749563915858, -32.048879207909636 ], [ -52.129779327244037, -32.048762192987482 ], [ -52.129892057963119, -32.048793835554939 ], [ -52.129865919882121, -32.048908481790704 ] ], [ [ -52.130210255474374, -32.045911738670391 ], [ -52.130171628417216, -32.046076343634425 ], [ -52.130024618469569, -32.046055133229849 ], [ -52.129915742531921, -32.046129281424605 ], [ -52.12979925170405, -32.046063875056575 ], [ -52.129844255087193, -32.045978080794718 ], [ -52.130025709581808, -32.045983016834853 ], [ -52.130127142718912, -32.045891075010928 ], [ -52.130210255474374, -32.045911738670391 ] ], [ [ -52.130022103840943, -32.04370772534557 ], [ -52.129947092289285, -32.043792913626085 ], [ -52.129850912679352, -32.043718134103067 ], [ -52.129933150156035, -32.043632237755155 ], [ -52.130022103840943, -32.04370772534557 ] ], [ [ -52.130586548633637, -32.044159539167858 ], [ -52.130529025752217, -32.044326521453925 ], [ -52.130435803073887, -32.044370420094779 ], [ -52.130281969416338, -32.044317336459805 ], [ -52.130074377089528, -32.044395454050452 ], [ -52.129961591605884, -32.044295079195443 ], [ -52.130138789617995, -32.044089446911244 ], [ -52.130335026934837, -32.044009990425657 ], [ -52.130548005396967, -32.044087587404647 ], [ -52.130586548633637, -32.044159539167858 ] ], [ [ -52.131166788944391, -32.043070062827454 ], [ -52.131227086290849, -32.043184962730443 ], [ -52.131058653685137, -32.043281200300477 ], [ -52.131026873834976, -32.043550245477164 ], [ -52.13096711326596, -32.043602654089646 ], [ -52.130755096683259, -32.043613491819706 ], [ -52.130391577254407, -32.043507671812243 ], [ -52.12999420721011, -32.043261391396157 ], [ -52.130039204871153, -32.043148700730079 ], [ -52.130144569838244, -32.043096929681433 ], [ -52.13025749622922, -32.043181583621632 ], [ -52.130658717831743, -32.043245972115308 ], [ -52.130677692299145, -32.04306301506125 ], [ -52.13046866988072, -32.042927412133878 ], [ -52.130529431904897, -32.042828453880908 ], [ -52.130725680465048, -32.042882173129634 ], [ -52.130777113883056, -32.043050127602307 ], [ -52.130934600854225, -32.043134455946564 ], [ -52.131166788944391, -32.043070062827454 ] ], [ [ -52.130304199220575, -32.046607290107829 ], [ -52.130231406350603, -32.046707105334193 ], [ -52.130103235943459, -32.046612499033735 ], [ -52.130185458811987, -32.046533832268963 ], [ -52.130304199220575, -32.046607290107829 ] ], [ [ -52.130394897584452, -32.047783129906854 ], [ -52.130476424042108, -32.047873171471181 ], [ -52.130358927372285, -32.04798398545978 ], [ -52.130265036324325, -32.047852209218831 ], [ -52.130394897584452, -32.047783129906854 ] ], [ [ -52.130875099792668, -32.054793309118232 ], [ -52.130646498946383, -32.054794984053153 ], [ -52.130490832929247, -32.054954860460846 ], [ -52.130376839845475, -32.054895044504164 ], [ -52.130394760507521, -32.054646574729517 ], [ -52.130606636378907, -32.054383949247821 ], [ -52.130786916071052, -32.054402838759415 ], [ -52.130934815745071, -32.054581476026321 ], [ -52.130875099792668, -32.054793309118232 ] ], [ [ -52.131387567691064, -32.045156016901849 ], [ -52.131382835616805, -32.045312376778682 ], [ -52.131076932625845, -32.045790915042119 ], [ -52.130876611852507, -32.045716608078948 ], [ -52.130782388845127, -32.04559205674277 ], [ -52.130507431557483, -32.045531702353223 ], [ -52.130510721187534, -32.045379102162137 ], [ -52.13058387481361, -32.045325084661911 ], [ -52.130720156941315, -32.045385373909596 ], [ -52.130807042805237, -32.045523920017068 ], [ -52.130953891004431, -32.045459586050455 ], [ -52.131111059343958, -32.045475316282392 ], [ -52.131151059343956, -32.045406034250092 ], [ -52.131070791785397, -32.04527035634981 ], [ -52.131090387150188, -32.045110626399591 ], [ -52.131215908423606, -32.045084614175735 ], [ -52.131387567691064, -32.045156016901849 ] ], [ [ -52.130790482975698, -32.048468262439094 ], [ -52.130850176802014, -32.04851676763775 ], [ -52.13084174344084, -32.048615027513229 ], [ -52.130716491046478, -32.048673963568071 ], [ -52.130671376027685, -32.048512626006605 ], [ -52.130790482975698, -32.048468262439094 ] ], [ [ -52.131097794153703, -32.055536694049067 ], [ -52.131087116025306, -32.05574721916399 ], [ -52.13094202100428, -32.0557602347779 ], [ -52.130722727613737, -32.055619983582964 ], [ -52.130669111324984, -32.055503423072622 ], [ -52.13073168225079, -32.055442070298554 ], [ -52.13090245116107, -32.055443790352953 ], [ -52.131097794153703, -32.055536694049067 ] ], [ [ -52.131308648472064, -32.053943548923321 ], [ -52.131318557279847, -32.054025807700562 ], [ -52.13116853963998, -32.054225836341502 ], [ -52.130923899367602, -32.054258923026687 ], [ -52.130756459704756, -32.054186273374206 ], [ -52.130751414500331, -32.054076446259955 ], [ -52.130835024883048, -32.053956629270182 ], [ -52.131030263114603, -32.053970309849092 ], [ -52.131152421529684, -32.053897923034789 ], [ -52.131308648472064, -32.053943548923321 ] ], [ [ -52.131848222822448, -32.044466948824386 ], [ -52.131557927254597, -32.044948484786609 ], [ -52.131251529635968, -32.044840635461448 ], [ -52.131240791151768, -32.044722147575662 ], [ -52.131343901359848, -32.044640165983871 ], [ -52.131361958678781, -32.044490993931213 ], [ -52.131542611159574, -32.044248077185571 ], [ -52.13165213872557, -32.044242017986008 ], [ -52.131835329419715, -32.044355580576045 ], [ -52.131848222822448, -32.044466948824386 ] ], [ [ -52.131101009331225, -32.044648363869591 ], [ -52.13097422298042, -32.044668905431742 ], [ -52.130857724136405, -32.044440860403483 ], [ -52.130879474291703, -32.04422645249447 ], [ -52.131060794083375, -32.044065192975317 ], [ -52.131241691356152, -32.044267682900106 ], [ -52.131101009331225, -32.044648363869591 ] ], [ [ -52.131034980770643, -32.04966533854531 ], [ -52.130991319570029, -32.049745729038129 ], [ -52.130878256063014, -32.049762732283384 ], [ -52.130831454480727, -32.049597834608598 ], [ -52.130988317451255, -32.049561659704942 ], [ -52.131034980770643, -32.04966533854531 ] ], [ [ -52.13106972361112, -32.048060060717063 ], [ -52.130987183872932, -32.048145899131335 ], [ -52.130898097059742, -32.048063594049616 ], [ -52.130980249826301, -32.047984629525871 ], [ -52.13106972361112, -32.048060060717063 ] ], [ [ -52.13103870735408, -32.046422738228408 ], [ -52.131049908288354, -32.046667440576641 ], [ -52.130936539411593, -32.04667479253326 ], [ -52.130932351641668, -32.046436941068308 ], [ -52.13103870735408, -32.046422738228408 ] ], [ [ -52.131311562432181, -32.047660524991855 ], [ -52.131336493704531, -32.047746424896424 ], [ -52.131269317343531, -32.047808813936676 ], [ -52.13103188931828, -32.047718636812142 ], [ -52.131095867536168, -32.04758320857831 ], [ -52.131311562432181, -32.047660524991855 ] ], [ [ -52.131399444274592, -32.046325853042667 ], [ -52.131335755238432, -32.046406332515538 ], [ -52.131257172594921, -32.046400419960058 ], [ -52.131180954782387, -32.046322635360646 ], [ -52.131204983425519, -32.046206857041632 ], [ -52.131362577820973, -32.046181984150607 ], [ -52.131399444274592, -32.046325853042667 ] ], [ [ -52.133292638388156, -32.044474595903282 ], [ -52.133021458683878, -32.044606555364226 ], [ -52.132734902371382, -32.044509124585929 ], [ -52.132550731633089, -32.044353335659729 ], [ -52.132306689466169, -32.044304974702406 ], [ -52.132260878640693, -32.044154125078627 ], [ -52.132567893953379, -32.044167499094286 ], [ -52.132569891431267, -32.044059515152185 ], [ -52.132431928827529, -32.043956989660842 ], [ -52.132541157154712, -32.043865669135258 ], [ -52.133286126676616, -32.044355580576045 ], [ -52.133292638388156, -32.044474595903282 ] ], [ [ -52.132207954194321, -32.044118443236641 ], [ -52.132042857665077, -32.044166463614673 ], [ -52.131894993317957, -32.044130623602399 ], [ -52.131761428385921, -32.044044653981999 ], [ -52.131709619575339, -32.043885792469737 ], [ -52.131488585948176, -32.043953057981895 ], [ -52.131198387621154, -32.043803845542222 ], [ -52.131181761740372, -32.043676073978489 ], [ -52.131456515948891, -32.043274590294828 ], [ -52.131636430727887, -32.043276300595828 ], [ -52.131828532352287, -32.043425267663736 ], [ -52.131828941925832, -32.043524463726143 ], [ -52.131648200332258, -32.043640990142883 ], [ -52.131725402869129, -32.04385952769379 ], [ -52.131870040911998, -32.043779905513261 ], [ -52.131984166858672, -32.043555127248986 ], [ -52.132125041342654, -32.043575042532247 ], [ -52.132138580543433, -32.043750384733549 ], [ -52.132236803986743, -32.04385793054508 ], [ -52.132207954194321, -32.044118443236641 ] ], [ [ -52.131639598729059, -32.056314524580877 ], [ -52.131577756772998, -32.056421893328881 ], [ -52.131374270702494, -32.056495923736449 ], [ -52.131236079940166, -32.056433463312999 ], [ -52.131283766232528, -32.056171031022863 ], [ -52.131592816308299, -32.056211147132423 ], [ -52.131639598729059, -32.056314524580877 ] ], [ [ -52.131525756695176, -32.055071261208148 ], [ -52.131302921789974, -32.055060384504102 ], [ -52.131289795720335, -32.054894496088281 ], [ -52.131575691679956, -32.054889580856049 ], [ -52.131603668100198, -32.054998630705434 ], [ -52.131525756695176, -32.055071261208148 ] ], [ [ -52.131656338583547, -32.045603446630899 ], [ -52.131507463487594, -32.045695370332226 ], [ -52.131493207450184, -32.045901742024384 ], [ -52.131365841030927, -32.045906628229645 ], [ -52.131363255868749, -32.045757544631286 ], [ -52.131486289714083, -32.045682195243351 ], [ -52.131511023706565, -32.045465555576399 ], [ -52.131624904935791, -32.045394659222602 ], [ -52.131712750388907, -32.045457396744958 ], [ -52.131656338583547, -32.045603446630899 ] ], [ [ -52.131634346652511, -32.054226893371499 ], [ -52.131559704988959, -32.054311116397251 ], [ -52.131445988603993, -32.054238012299898 ], [ -52.13153826167666, -32.054110217943915 ], [ -52.131614107221594, -32.054137809331451 ], [ -52.131634346652511, -32.054226893371499 ] ], [ [ -52.132525594265033, -32.045692761390654 ], [ -52.132523368150707, -32.045828912314207 ], [ -52.132234228647796, -32.046271826728884 ], [ -52.132043462368038, -32.04625753146005 ], [ -52.131757246901508, -32.046096967664909 ], [ -52.131760006248669, -32.046002142134718 ], [ -52.131941740345916, -32.045869255141596 ], [ -52.132179306692684, -32.045926672535174 ], [ -52.132392369893012, -32.04566346210968 ], [ -52.132525594265033, -32.045692761390654 ] ], [ [ -52.132807712576103, -32.044873842427052 ], [ -52.13260914294316, -32.044989883213496 ], [ -52.132662499092895, -32.045168598582968 ], [ -52.132773176678256, -32.045274570603361 ], [ -52.132673997626618, -32.045473876816573 ], [ -52.132523069946267, -32.045408469547503 ], [ -52.132349029022663, -32.045055883580751 ], [ -52.132389807067511, -32.044955529696878 ], [ -52.132557477749444, -32.04493129434713 ], [ -52.132481935809729, -32.044757036973934 ], [ -52.132343658137927, -32.044851189276685 ], [ -52.13213354861238, -32.044864160518358 ], [ -52.131993231987693, -32.045172406941184 ], [ -52.131904402755701, -32.045161492641988 ], [ -52.13184969799569, -32.045038092031618 ], [ -52.131885857688218, -32.044813393321633 ], [ -52.132018085279078, -32.044726170594828 ], [ -52.132189191949855, -32.044468192213344 ], [ -52.132740408094676, -32.044736140260731 ], [ -52.132807712576103, -32.044873842427052 ] ], [ [ -52.132417128577124, -32.056360119092311 ], [ -52.132263511506622, -32.056707645127297 ], [ -52.132185887936814, -32.056739426482565 ], [ -52.131969038373185, -32.056542430004143 ], [ -52.131958325206625, -32.056382452667719 ], [ -52.132052461747321, -32.056288069712195 ], [ -52.132353251215008, -32.056288418309379 ], [ -52.132417128577124, -32.056360119092311 ] ], [ [ -52.132440276242413, -32.055913709713401 ], [ -52.132378913137963, -32.055992488012507 ], [ -52.132103030389906, -32.056002579390402 ], [ -52.131971970174547, -32.05583218123715 ], [ -52.132125172681718, -32.055724494937955 ], [ -52.132440276242413, -32.055913709713401 ] ], [ [ -52.132244193846411, -32.055356507338551 ], [ -52.132105237201877, -32.055379576074692 ], [ -52.132101049431952, -32.055222324457347 ], [ -52.132251554045823, -32.055218555317509 ], [ -52.132244193846411, -32.055356507338551 ] ], [ [ -52.133004900584609, -32.055485462820613 ], [ -52.132984304630895, -32.055573723737083 ], [ -52.132899083281281, -32.055599735960939 ], [ -52.132744781019504, -32.055545210637916 ], [ -52.132669360960215, -32.055429661293985 ], [ -52.132732141884468, -32.055349422873505 ], [ -52.132908505223327, -32.055361094745486 ], [ -52.133004900584609, -32.055485462820613 ] ], [ [ -52.133309244281989, -32.054991686718132 ], [ -52.133079744006594, -32.055101173311947 ], [ -52.132830959063469, -32.05499663204214 ], [ -52.132753123147516, -32.054833802134461 ], [ -52.132880679679694, -32.054707377983128 ], [ -52.132966058575867, -32.054705095429469 ], [ -52.133215228674942, -32.054812539606182 ], [ -52.133309244281989, -32.054991686718132 ] ], [ [ -52.133811272494611, -32.053868819711539 ], [ -52.133767398401226, -32.053953071139759 ], [ -52.133561803568583, -32.053983703008143 ], [ -52.133518731578391, -32.054299259786674 ], [ -52.133305513890861, -32.054343825577966 ], [ -52.133259026109087, -32.054573601258333 ], [ -52.133064962828129, -32.05452587674035 ], [ -52.133050210544525, -32.054393453551015 ], [ -52.133170289361217, -32.054305966341516 ], [ -52.133182557233148, -32.054131271569119 ], [ -52.133392543412057, -32.054095243733542 ], [ -52.133497007215063, -32.053992402777688 ], [ -52.133433702400751, -32.053838369865431 ], [ -52.133467943709192, -32.053760267158601 ], [ -52.133723414450479, -32.053751184801186 ], [ -52.133811272494611, -32.053868819711539 ] ], [ [ -52.135183465704273, -32.053299192278061 ], [ -52.134944732021914, -32.053622774128229 ], [ -52.134627810820611, -32.053676447123379 ], [ -52.134627258981624, -32.053827530482955 ], [ -52.134809329257038, -32.053913262742213 ], [ -52.134781356057658, -32.054033786661705 ], [ -52.134300438314639, -32.053905258642402 ], [ -52.134356736124374, -32.053600829620777 ], [ -52.134575441031501, -32.053612681643521 ], [ -52.134738029180738, -32.053424872775288 ], [ -52.134728445427037, -32.053330092346336 ], [ -52.134594942636603, -32.053237261493479 ], [ -52.134687723872716, -32.053068601887034 ], [ -52.135149167599074, -32.053192965137747 ], [ -52.135183465704273, -32.053299192278061 ] ], [ [ -52.134241298276379, -32.053977940907252 ], [ -52.134251616121333, -32.054113381853945 ], [ -52.134128391129998, -32.054136698817992 ], [ -52.134108709861259, -32.054011309146702 ], [ -52.134241298276379, -32.053977940907252 ] ], [ [ -52.135019422887176, -32.054390963709842 ], [ -52.135039318598466, -32.054487922955204 ], [ -52.134810113951033, -32.054770712479474 ], [ -52.134904730133812, -32.055026574284504 ], [ -52.134794346714031, -32.055073626038016 ], [ -52.134595131234406, -32.054941931908338 ], [ -52.134579907261624, -32.054842144812156 ], [ -52.134856477659589, -32.054369812004971 ], [ -52.135019422887176, -32.054390963709842 ] ], [ [ -52.135180468168244, -32.054115814200777 ], [ -52.135070927035358, -32.054190817791522 ], [ -52.134988882095222, -32.054109337868113 ], [ -52.135096135530254, -32.054029618096308 ], [ -52.135180468168244, -32.054115814200777 ] ], [ [ -52.135540393278674, -32.053541249133588 ], [ -52.135542377355023, -32.053628774893163 ], [ -52.135410969334103, -32.053693524873182 ], [ -52.135362057583485, -32.053857900193542 ], [ -52.135228630385029, -32.053847870984342 ], [ -52.135214635942845, -32.053758300960354 ], [ -52.135355017390729, -32.053681591713818 ], [ -52.135395833411216, -32.053528424269146 ], [ -52.135540393278674, -32.053541249133588 ] ], [ [ -52.136772441519042, -32.050549614909137 ], [ -52.136656489942837, -32.050893093943095 ], [ -52.13647175280208, -32.051099859771838 ], [ -52.136322291692515, -32.050895102425216 ], [ -52.136129320246489, -32.050989767352952 ], [ -52.135705229272176, -32.050840006411953 ], [ -52.135571125965591, -32.050730375204687 ], [ -52.135983542052053, -32.050161167250039 ], [ -52.136219826590143, -32.050286269599951 ], [ -52.136220336488897, -32.050683973940217 ], [ -52.136324487899266, -32.050860445572205 ], [ -52.136440067516276, -32.050823173216308 ], [ -52.136417253873887, -32.050674270285199 ], [ -52.136474931326333, -32.050572433423746 ], [ -52.136701502874992, -32.050486101983147 ], [ -52.136772441519042, -32.050549614909137 ] ], [ [ -52.136507591450034, -32.049551556677244 ], [ -52.13643661916516, -32.049897550284683 ], [ -52.13633545950217, -32.049958633897745 ], [ -52.136090043453109, -32.049945731947183 ], [ -52.136077049763735, -32.049850883796971 ], [ -52.13625695978164, -32.049684097031587 ], [ -52.136291331425724, -32.049510684617871 ], [ -52.136375132410976, -32.049480096987899 ], [ -52.136507591450034, -32.049551556677244 ] ], [ [ -52.1367561942835, -32.046768741330766 ], [ -52.136573005220271, -32.046800297808851 ], [ -52.136568240044781, -32.04663512118541 ], [ -52.136721660310563, -32.046641329254271 ], [ -52.1367561942835, -32.046768741330766 ] ], [ [ -52.13724489561973, -32.04916313304701 ], [ -52.13726452487446, -32.049371785808574 ], [ -52.137182816029551, -32.049405949995126 ], [ -52.13662885324532, -32.049226888580471 ], [ -52.136580746763613, -32.049134319764946 ], [ -52.136885925037333, -32.049020240902699 ], [ -52.13724489561973, -32.04916313304701 ] ], [ [ -52.137242933225991, -32.049831946413555 ], [ -52.137059885022289, -32.050067730951184 ], [ -52.13690092813443, -32.050019686208898 ], [ -52.136822753123354, -32.049843127726909 ], [ -52.13688112605719, -32.04963186481254 ], [ -52.136951312422227, -32.049585702514136 ], [ -52.137220756852429, -32.04969885779105 ], [ -52.137242933225991, -32.049831946413555 ] ], [ [ -52.137355159277945, -32.04727431786236 ], [ -52.13718994191359, -32.047431093001379 ], [ -52.136926094446899, -32.047330119252138 ], [ -52.13688297851396, -32.04726011097322 ], [ -52.137030780094776, -32.047136858929157 ], [ -52.137058138707843, -32.04700100818534 ], [ -52.137134097292531, -32.046976082409948 ], [ -52.137355159277945, -32.04727431786236 ] ], [ [ -52.137354491153687, -32.046691153411565 ], [ -52.137322857894247, -32.046825327664649 ], [ -52.137213407576183, -32.046814047671198 ], [ -52.137170744305465, -32.046697032323088 ], [ -52.137354491153687, -32.046691153411565 ] ], [ [ -52.137089545341496, -32.046663880863797 ], [ -52.136957733679608, -32.046697180756475 ], [ -52.136923116918013, -32.046577176121616 ], [ -52.137033480595399, -32.046544321889428 ], [ -52.137089545341496, -32.046663880863797 ] ], [ [ -52.137554646602545, -32.048795271725936 ], [ -52.137598760019806, -32.049032718215237 ], [ -52.137493274594817, -32.049071148304868 ], [ -52.137338703772528, -32.049016793618009 ], [ -52.13725973050942, -32.048878890441991 ], [ -52.136983647432849, -32.048860219166663 ], [ -52.136941246798337, -32.048769570331785 ], [ -52.137014475949215, -32.04861671977045 ], [ -52.137099697298829, -32.048590707546595 ], [ -52.137263569831376, -32.04868551473924 ], [ -52.137336581817578, -32.048826059013898 ], [ -52.137554646602545, -32.048795271725936 ] ], [ [ -52.13750043635747, -32.050810753741473 ], [ -52.137474822367992, -32.050912842227369 ], [ -52.137236181909614, -32.050980964710178 ], [ -52.137015131621439, -32.050917418576446 ], [ -52.136971598669675, -32.050848985136021 ], [ -52.137105782653812, -32.050674380478995 ], [ -52.137294128057981, -32.050690005794472 ], [ -52.13750043635747, -32.050810753741473 ] ], [ [ -52.138148261507922, -32.048293877387636 ], [ -52.137885827723856, -32.04868000060079 ], [ -52.137649101759507, -32.048602327563231 ], [ -52.137676789721112, -32.048400039466188 ], [ -52.137567552055586, -32.048277225779756 ], [ -52.137449877585453, -32.048274273755368 ], [ -52.137304908443397, -32.048425446430741 ], [ -52.137195736137315, -32.048345575916279 ], [ -52.137238821913193, -32.048222382663504 ], [ -52.137466715893559, -32.048211727146246 ], [ -52.137565443445716, -32.047971612690183 ], [ -52.137681354304242, -32.047863729754461 ], [ -52.138179302211462, -32.048048475215396 ], [ -52.138148261507922, -32.048293877387636 ] ], [ [ -52.137639035299145, -32.051326120798244 ], [ -52.137600492062475, -32.051398072561454 ], [ -52.137393455533221, -32.051476205630259 ], [ -52.1372899201397, -32.051405289915223 ], [ -52.137414458713948, -32.051159138512183 ], [ -52.137501237227731, -32.051119022414369 ], [ -52.137586282055572, -32.051154611970937 ], [ -52.137639035299145, -32.051326120798244 ] ], [ [ -52.13760743942931, -32.050045750432531 ], [ -52.137611934555657, -32.050191058874667 ], [ -52.137457635438359, -32.050173467878011 ], [ -52.137465181365378, -32.0500198158214 ], [ -52.13760743942931, -32.050045750432531 ] ], [ [ -52.138202499790999, -32.05020403098959 ], [ -52.138231908455545, -32.050513525836053 ], [ -52.138054223993592, -32.050552223396089 ], [ -52.137960801162727, -32.050722888958795 ], [ -52.137596651299909, -32.050597362418131 ], [ -52.137487876519131, -32.050496611073939 ], [ -52.137551208507965, -32.050404904995972 ], [ -52.137959302977158, -32.050378772345432 ], [ -52.137995629983791, -32.050273124170793 ], [ -52.137870039551856, -32.050081899526425 ], [ -52.137932977781674, -32.050001928278483 ], [ -52.138020980911968, -32.050016439192134 ], [ -52.138202499790999, -32.05020403098959 ] ], [ [ -52.141906600569669, -32.047750012246702 ], [ -52.141682475127524, -32.047813445592965 ], [ -52.141669139659754, -32.047890413742493 ], [ -52.141762109522837, -32.048007993234307 ], [ -52.141742865372144, -32.048147913296454 ], [ -52.141483176950487, -32.048345451491109 ], [ -52.141180028691011, -32.048330786113063 ], [ -52.140684037435072, -32.048180847771057 ], [ -52.140411291377859, -32.048024929449674 ], [ -52.140242549798174, -32.048048360907174 ], [ -52.140163689619619, -32.048221805182443 ], [ -52.139908380756118, -32.04816563974294 ], [ -52.1397776571946, -32.048286611463212 ], [ -52.1397346313369, -32.048484837390035 ], [ -52.139820697082612, -32.048601459552359 ], [ -52.13982529864839, -32.048762742089998 ], [ -52.139721151674941, -32.048830663785779 ], [ -52.139509781937655, -32.048743928441468 ], [ -52.139520731817775, -32.04843530801616 ], [ -52.138618691246585, -32.048055517880577 ], [ -52.13851822011214, -32.047835888906569 ], [ -52.138299273070871, -32.047902450514584 ], [ -52.137886407788791, -32.047752139817 ], [ -52.137768537651887, -32.047436984584387 ], [ -52.137558832777351, -32.047458548013338 ], [ -52.137495888811408, -32.047372469521235 ], [ -52.137589036490041, -32.04720617961874 ], [ -52.137807173669003, -32.047179269308081 ], [ -52.137946854582665, -32.046978709721266 ], [ -52.138083249700678, -32.047048818502347 ], [ -52.138084731960696, -32.047202882085102 ], [ -52.138181928861165, -32.047377404734931 ], [ -52.138333741966555, -32.047254324787232 ], [ -52.138600975914194, -32.047182734928185 ], [ -52.138657384358538, -32.047260866221428 ], [ -52.138574183996525, -32.047382349219831 ], [ -52.138566324483214, -32.047734795721887 ], [ -52.138656845296232, -32.047799025521044 ], [ -52.138934465578927, -32.047732092287255 ], [ -52.139224882538947, -32.047465463042116 ], [ -52.139511679057833, -32.047521074956897 ], [ -52.139544719328185, -32.04725819030795 ], [ -52.139777941709667, -32.047084799313389 ], [ -52.139971016682765, -32.047161469591323 ], [ -52.139987481800802, -32.047346148384896 ], [ -52.140093226491196, -32.047436251517837 ], [ -52.140078365493792, -32.047523902211744 ], [ -52.139889534237263, -32.047687025992431 ], [ -52.140001491919278, -32.047824743568832 ], [ -52.140177342504394, -32.047772411939157 ], [ -52.140318570518836, -32.04760914650047 ], [ -52.140859729270957, -32.047652575162715 ], [ -52.140866695374882, -32.047386658908614 ], [ -52.140961220320385, -32.047311385579874 ], [ -52.141127090231294, -32.047340716780759 ], [ -52.141218816916641, -32.047455713228445 ], [ -52.14109487043244, -32.047647579082145 ], [ -52.141134796622417, -32.047732897986222 ], [ -52.141414468693043, -32.047695542744783 ], [ -52.141420996545975, -32.047515198479395 ], [ -52.141505036413463, -32.047460017470847 ], [ -52.141848190874136, -32.047597434850736 ], [ -52.141920919930556, -32.047671927424723 ], [ -52.141906600569669, -32.047750012246702 ] ], [ [ -52.138877015654799, -32.048347119956595 ], [ -52.139198274551276, -32.048477940104398 ], [ -52.139261807431147, -32.048579686666194 ], [ -52.139179393900697, -32.048711997867869 ], [ -52.139194189600431, -32.049037827447563 ], [ -52.139016459652019, -32.049191347198033 ], [ -52.138765557104236, -32.049035431125823 ], [ -52.138391612010089, -32.048933081620817 ], [ -52.138357864277182, -32.048756854849401 ], [ -52.13820509190684, -32.048656254408961 ], [ -52.138223473663302, -32.048576419846647 ], [ -52.138307527998904, -32.048552618536277 ], [ -52.138389988364999, -32.048727897508023 ], [ -52.13852750348758, -32.048737170967264 ], [ -52.138710254830485, -32.048371217062041 ], [ -52.138877015654799, -32.048347119956595 ] ], [ [ -52.138587928284828, -32.049318370163725 ], [ -52.138568275373039, -32.049416276847381 ], [ -52.138410700944867, -32.049472110662983 ], [ -52.138359661526096, -32.049824458337348 ], [ -52.13828650790002, -32.049878475837573 ], [ -52.13812736691046, -32.049783975885518 ], [ -52.138193485454494, -32.049607127800464 ], [ -52.138163907962038, -32.049530996977047 ], [ -52.137857140923053, -32.049471936629409 ], [ -52.137800529844718, -32.049398219479265 ], [ -52.138053411197667, -32.049050224866633 ], [ -52.13819613588521, -32.049188485205697 ], [ -52.138228887759212, -32.04943301444348 ], [ -52.138376243884586, -32.049431467569939 ], [ -52.138465121520476, -32.049265858924855 ], [ -52.138587928284828, -32.049318370163725 ] ], [ [ -52.138973290087243, -32.051683390424479 ], [ -52.138921956154242, -32.051886111113269 ], [ -52.138453524192187, -32.051948129530608 ], [ -52.138054492313373, -32.05184371071806 ], [ -52.137973675996598, -32.051716089606415 ], [ -52.138059257494774, -32.051521837826421 ], [ -52.138285853161285, -32.051289223277706 ], [ -52.138710561484196, -32.051487693858263 ], [ -52.138898617054764, -32.051501549088172 ], [ -52.138973290087243, -32.051683390424479 ] ], [ [ -52.139946210946164, -32.050120545524592 ], [ -52.139877220038457, -32.050221647687572 ], [ -52.139775208281769, -32.050134059609391 ], [ -52.139846317680025, -32.050050021550973 ], [ -52.139946210946164, -32.050120545524592 ] ], [ [ -52.140497965606613, -32.049632904587249 ], [ -52.140506882625417, -32.04971640434853 ], [ -52.140407272265385, -32.049828714527905 ], [ -52.140113700389982, -32.049979060083501 ], [ -52.139997596985964, -32.04989535419773 ], [ -52.140059024131347, -32.049727528754595 ], [ -52.14039454597453, -32.049598282360911 ], [ -52.140497965606613, -32.049632904587249 ] ], [ [ -52.140263183662235, -32.049069942928931 ], [ -52.140147087646966, -32.049051712632519 ], [ -52.14015969843873, -32.048927161700071 ], [ -52.140271281701217, -32.048942128811859 ], [ -52.140263183662235, -32.049069942928931 ] ], [ [ -52.142842577269505, -32.051279899246879 ], [ -52.142753636280638, -32.051624501776253 ], [ -52.142490129873437, -32.051771060334829 ], [ -52.142156628097609, -32.051633670571185 ], [ -52.142069543299797, -32.051447741751318 ], [ -52.141926859069173, -32.051529074399483 ], [ -52.141720522636589, -32.051521974154134 ], [ -52.141613093828902, -32.051831354347144 ], [ -52.141474195667428, -32.051882318330385 ], [ -52.141286240619941, -32.052184189764084 ], [ -52.141143968523551, -32.052057383491842 ], [ -52.140902003224319, -32.052043095418121 ], [ -52.140689045797011, -32.051833681962236 ], [ -52.140739342775987, -32.05173960899036 ], [ -52.140942956796643, -32.05175993451271 ], [ -52.141055175186501, -32.051681878574072 ], [ -52.141225219762639, -32.051776983347722 ], [ -52.141344035903771, -32.051762960503773 ], [ -52.141417811147804, -32.05157750470633 ], [ -52.141664538019256, -32.051524793271838 ], [ -52.14159008371476, -32.05135470726853 ], [ -52.141612070633094, -32.051192160679193 ], [ -52.141811758956585, -32.051202875934742 ], [ -52.142051814738934, -32.051039055572183 ], [ -52.14227820901214, -32.051176888277148 ], [ -52.142480426058292, -32.051023666538121 ], [ -52.14266869616231, -32.051167325412642 ], [ -52.142812111828427, -32.051181977821749 ], [ -52.142842577269505, -32.051279899246879 ] ], [ [ -52.140770241038346, -32.049449482585963 ], [ -52.140802055427912, -32.049654345452069 ], [ -52.140713750486569, -32.049663036852884 ], [ -52.140661177291761, -32.049483881973195 ], [ -52.140770241038346, -32.049449482585963 ] ], [ [ -52.141431877425518, -32.048594355904541 ], [ -52.141429651311142, -32.048730506828058 ], [ -52.141233758912428, -32.049067764677645 ], [ -52.141071057062184, -32.049069061297047 ], [ -52.140902014503169, -32.048959975226609 ], [ -52.140908610501008, -32.048813135852647 ], [ -52.141092877990388, -32.048514947627574 ], [ -52.141431877425518, -32.048594355904541 ] ], [ [ -52.141715482649403, -32.048947948725122 ], [ -52.141591279198373, -32.048909802726136 ], [ -52.141645284669352, -32.04874255661403 ], [ -52.141746599866948, -32.048791961871572 ], [ -52.141715482649403, -32.048947948725122 ] ], [ [ -52.141908241129109, -32.048463362066407 ], [ -52.141888377649884, -32.048574195980216 ], [ -52.141776317492194, -32.048553887348362 ], [ -52.141795719321919, -32.048443802189787 ], [ -52.141908241129109, -32.048463362066407 ] ], [ [ -52.142947291046788, -32.047485518082325 ], [ -52.1429586498856, -32.04782372050115 ], [ -52.142806145024018, -32.04794396252381 ], [ -52.142776296339619, -32.048102114012742 ], [ -52.142679008315476, -32.048118301337396 ], [ -52.142595925926905, -32.047975737231404 ], [ -52.142685631161548, -32.047441325695772 ], [ -52.142785313316267, -32.04740315255119 ], [ -52.142947291046788, -32.047485518082325 ] ], [ [ -52.142473591634321, -32.047690948856435 ], [ -52.142276934833269, -32.04802311592681 ], [ -52.142380567753477, -32.048190544629215 ], [ -52.142324818939244, -32.048333315918441 ], [ -52.14193841860979, -32.048246489561571 ], [ -52.141928050179871, -32.048136644226965 ], [ -52.142112375789289, -32.048019595796767 ], [ -52.142061594758204, -32.047873693782172 ], [ -52.142097540079718, -32.047721377181681 ], [ -52.142323078543576, -32.047280187742111 ], [ -52.142434904479394, -32.047329595976244 ], [ -52.142473591634321, -32.047690948856435 ] ], [ [ -52.143804581802179, -32.04959343010681 ], [ -52.143612223807814, -32.049828583260293 ], [ -52.143535575529263, -32.050049624525087 ], [ -52.143440140251393, -32.050073463408715 ], [ -52.143328822920381, -32.049992694469886 ], [ -52.143321261184745, -32.049817023267778 ], [ -52.143168736566032, -32.049712938565015 ], [ -52.143125745676443, -32.049517727537065 ], [ -52.142897761068994, -32.049545920601801 ], [ -52.142866774188747, -32.049348766747165 ], [ -52.142794862813325, -32.049309738978707 ], [ -52.14271940791145, -32.049363141369092 ], [ -52.142661695627346, -32.049572263594328 ], [ -52.14247957057281, -32.049547615178277 ], [ -52.142411294774192, -32.049378258392672 ], [ -52.142278144128639, -32.049300280875507 ], [ -52.142301928369875, -32.049014649280004 ], [ -52.142226925612469, -32.048976925202503 ], [ -52.142062194856884, -32.049027405970222 ], [ -52.142014473378445, -32.048923573659344 ], [ -52.142124396023341, -32.048860647764997 ], [ -52.14228228163897, -32.048965933605146 ], [ -52.142389966454083, -32.048804537996183 ], [ -52.142523638249244, -32.048797870913504 ], [ -52.142586314620722, -32.048966096335008 ], [ -52.142757397244687, -32.04899239838069 ], [ -52.142842748128743, -32.049131176461721 ], [ -52.143013710531079, -32.049076131610441 ], [ -52.143114410739422, -32.049136165857689 ], [ -52.143145316456, -32.049441794454182 ], [ -52.143410783961578, -32.049404932589823 ], [ -52.143505762149886, -32.049633921532575 ], [ -52.143749456274712, -32.049520337805184 ], [ -52.143804581802179, -32.04959343010681 ] ], [ [ -52.142434593894109, -32.050201125335029 ], [ -52.142352107302791, -32.050281725182636 ], [ -52.142233345637315, -32.050201328451301 ], [ -52.142315845541582, -32.050120525487422 ], [ -52.142434593894109, -32.050201125335029 ] ], [ [ -52.142434726231691, -32.050607684080987 ], [ -52.14235249106023, -32.050695575384978 ], [ -52.142273526536485, -32.050613422618419 ], [ -52.142348510153525, -32.050523353928448 ], [ -52.142434726231691, -32.050607684080987 ] ], [ [ -52.142837595626709, -32.048589166442639 ], [ -52.14279283172845, -32.048661119456035 ], [ -52.14265040413197, -32.048669084164395 ], [ -52.142547257840391, -32.048528616280578 ], [ -52.142697085449619, -32.048455444900334 ], [ -52.142837595626709, -32.048589166442639 ] ], [ [ -52.143279046225963, -32.050467203529649 ], [ -52.143304781828327, -32.050569224552049 ], [ -52.143166346845668, -32.050815020121121 ], [ -52.142893659320265, -32.050743256404466 ], [ -52.142896313322957, -32.050622509140119 ], [ -52.143088650353995, -32.05058228685477 ], [ -52.143142274508726, -32.050417557356731 ], [ -52.143279046225963, -32.050467203529649 ] ], [ [ -52.143401924402966, -32.048713430557591 ], [ -52.143336156075101, -32.04888941555911 ], [ -52.143225984732879, -32.048889573423914 ], [ -52.143260964138669, -32.048657019694254 ], [ -52.143354836956263, -32.048636963047514 ], [ -52.143401924402966, -32.048713430557591 ] ], [ [ -52.144427194484706, -32.048141791312808 ], [ -52.14439898603019, -32.04850706806446 ], [ -52.144179448410569, -32.048661420856099 ], [ -52.144198211386133, -32.048939369920951 ], [ -52.144096721992895, -32.049085478823429 ], [ -52.14400503536109, -32.049101269851874 ], [ -52.14387389984622, -32.048820628896927 ], [ -52.143921410040583, -32.048723905616562 ], [ -52.144111045960763, -32.048646696630037 ], [ -52.144019777767191, -32.048461922391816 ], [ -52.144066325783243, -32.048280361857195 ], [ -52.143875144020647, -32.048186438989489 ], [ -52.143971003328716, -32.047920623655827 ], [ -52.144039496240254, -32.047866009796387 ], [ -52.144185586454711, -32.04787953431736 ], [ -52.144277408721727, -32.048075188221098 ], [ -52.144427194484706, -32.048141791312808 ] ], [ [ -52.143742002586023, -32.04882661788713 ], [ -52.143654673630728, -32.048921206484749 ], [ -52.143565051196298, -32.048857608945902 ], [ -52.143633964939987, -32.048737402535693 ], [ -52.143742002586023, -32.04882661788713 ] ], [ [ -52.143841642749003, -32.04786010317757 ], [ -52.14369187655047, -32.048115150715077 ], [ -52.143506390361217, -32.048109107515984 ], [ -52.143256358634488, -32.048002861585871 ], [ -52.143244390879254, -32.047709058299034 ], [ -52.143331021844638, -32.047611837503339 ], [ -52.143475996010785, -32.047625596383142 ], [ -52.143806680328126, -32.047754880470713 ], [ -52.143841642749003, -32.04786010317757 ] ], [ [ -52.144973403780909, -32.050309497726872 ], [ -52.144960027586244, -32.050420219695575 ], [ -52.144827860726949, -32.050441345714169 ], [ -52.144348066268044, -32.050219206372773 ], [ -52.144199301421068, -32.050232065267643 ], [ -52.144158932851589, -32.050140806516197 ], [ -52.144230180143381, -32.050059767392924 ], [ -52.144359909675195, -32.050104378983477 ], [ -52.144514883278568, -32.050041504803495 ], [ -52.144822072009227, -32.050131081973845 ], [ -52.144973403780909, -32.050309497726872 ] ], [ [ -52.146896742322525, -32.048997910630881 ], [ -52.146856891658565, -32.0494457109005 ], [ -52.146595497599172, -32.049716170519339 ], [ -52.146547302172891, -32.049921633974563 ], [ -52.146288659074543, -32.050368573003496 ], [ -52.145414836517737, -32.050113763332519 ], [ -52.144896864917321, -32.049711521780608 ], [ -52.144919432463084, -32.049568876937201 ], [ -52.145122909354377, -32.049556326554182 ], [ -52.145243632704954, -32.04963424812032 ], [ -52.145996963907706, -32.049755172362744 ], [ -52.146157408896229, -32.049514004935943 ], [ -52.146130318091615, -32.049407304092817 ], [ -52.145264711541166, -32.049026391625382 ], [ -52.145300309934136, -32.048752154885484 ], [ -52.145457220516917, -32.048629716377249 ], [ -52.145407509769491, -32.04855174018973 ], [ -52.145246303909083, -32.048542646497111 ], [ -52.145219211051263, -32.048444534692592 ], [ -52.145503524909508, -32.048310872249942 ], [ -52.14568240386474, -32.048368597592869 ], [ -52.14574592364437, -32.048623738382297 ], [ -52.145977970918651, -32.048627357586625 ], [ -52.146090501120739, -32.04879160173936 ], [ -52.146249446664683, -32.048751048450264 ], [ -52.146746227763039, -32.048917445477258 ], [ -52.146896742322525, -32.048997910630881 ] ], [ [ -52.145094521202687, -32.048305009834998 ], [ -52.145030028107975, -32.048385587241086 ], [ -52.144906839404428, -32.048351768353484 ], [ -52.144926351826733, -32.048080689082695 ], [ -52.1450356751104, -32.048094745936439 ], [ -52.145094521202687, -32.048305009834998 ] ], [ [ -52.146107367634613, -32.050762316025015 ], [ -52.145996558517233, -32.050804045028393 ], [ -52.145820352803888, -32.050654630440413 ], [ -52.145625338675082, -32.050671742582587 ], [ -52.145469279217536, -32.050566545076165 ], [ -52.145259953008612, -32.050570613340071 ], [ -52.145180867062784, -32.050482478298214 ], [ -52.145170167946404, -32.050331366574902 ], [ -52.145310911562149, -32.050283454099166 ], [ -52.145521499345783, -32.050349954646968 ], [ -52.145678602606651, -32.050480498867756 ], [ -52.145875308200026, -32.050490769024194 ], [ -52.146122079790644, -32.050631715960591 ], [ -52.146107367634613, -32.050762316025015 ] ], [ [ -52.147189864153425, -32.047949463267067 ], [ -52.147080515704985, -32.048022262015898 ], [ -52.146863257996202, -32.047930419607809 ], [ -52.146831423241331, -32.047839560540694 ], [ -52.147022634273064, -32.047745539915063 ], [ -52.147189864153425, -32.047949463267067 ] ], [ [ -52.147391616859451, -32.049715507168102 ], [ -52.147310987346671, -32.049797995703784 ], [ -52.147230402755447, -32.049708216599925 ], [ -52.147312652335707, -32.049626075437473 ], [ -52.147391616859451, -32.049715507168102 ] ], [ [ -52.149384186757501, -32.049100187487724 ], [ -52.149347573312902, -32.049181101835465 ], [ -52.149250670910611, -32.049189523361584 ], [ -52.149103599522128, -32.049095904023062 ], [ -52.149088317537526, -32.048997385177259 ], [ -52.149187670964039, -32.048944151400001 ], [ -52.149384186757501, -32.049100187487724 ] ], [ [ -52.150008065924013, -32.049753056296261 ], [ -52.150003778996485, -32.049849318104506 ], [ -52.149904866415881, -32.049876957164486 ], [ -52.149565728669437, -32.049791363942099 ], [ -52.149446690494493, -32.04965112374709 ], [ -52.149540010441662, -32.049585789247601 ], [ -52.150008065924013, -32.049753056296261 ] ], [ [ -52.15065591068749, -32.049593224074719 ], [ -52.150608823240788, -32.049669691584796 ], [ -52.150486497628499, -32.049670273514884 ], [ -52.150464122561374, -32.04948818448274 ], [ -52.150617590599211, -32.049435825666293 ], [ -52.15065591068749, -32.049593224074719 ] ], [ [ -52.151421608369759, -32.051686985646896 ], [ -52.151343097052866, -32.051772586066171 ], [ -52.151260409544534, -32.051683465362153 ], [ -52.151342644716152, -32.051600771703818 ], [ -52.151421608369759, -32.051686985646896 ] ], [ [ -52.152600387512081, -32.051114580312181 ], [ -52.152517639945721, -32.051341566564908 ], [ -52.152354036860203, -32.051409968885359 ], [ -52.152335963911582, -32.051614088590249 ], [ -52.15219851005449, -32.051703056363941 ], [ -52.152173364753928, -32.051858008174563 ], [ -52.152001914925883, -32.051972280459545 ], [ -52.151907249848193, -32.051909828887645 ], [ -52.151945508249185, -32.051769540976252 ], [ -52.151882421051823, -32.051454859345604 ], [ -52.151679780051211, -32.051478366643501 ], [ -52.151383350838756, -32.051305330030601 ], [ -52.151395219310203, -32.051204163576294 ], [ -52.15147538882551, -32.051168587646252 ], [ -52.151765953505212, -32.051302887637576 ], [ -52.151859015679463, -32.051434794836752 ], [ -52.15218426235208, -32.051378095034096 ], [ -52.152181659710344, -32.051286646875589 ], [ -52.152057444959652, -32.05117902019586 ], [ -52.151871436641365, -32.051164657334802 ], [ -52.151748741155849, -32.051073573447212 ], [ -52.15175559624047, -32.050965783297819 ], [ -52.151881729852676, -32.050862222219564 ], [ -52.151770201081916, -32.05065291491384 ], [ -52.151869551458148, -32.050497076525822 ], [ -52.152061972242734, -32.050532213815721 ], [ -52.152130440467047, -32.050638850545702 ], [ -52.152010168823935, -32.050845081628331 ], [ -52.152026218199651, -32.050926721035907 ], [ -52.152238268659168, -32.051021498124562 ], [ -52.152394648575125, -32.050996405843399 ], [ -52.152534136147736, -32.050890295293257 ], [ -52.152600387512081, -32.051114580312181 ] ], [ [ -52.153900317208738, -32.051027342265101 ], [ -52.15370321921111, -32.051527907884079 ], [ -52.153502467729005, -32.051732038390178 ], [ -52.153151904341456, -32.051655320997767 ], [ -52.153153905595346, -32.051432902942096 ], [ -52.152896415067403, -32.051346419507702 ], [ -52.152796446434259, -32.051194431185571 ], [ -52.152792190098175, -32.051053769776672 ], [ -52.15298913770269, -32.050681109072094 ], [ -52.153087385777624, -32.050644688636808 ], [ -52.153290092017407, -32.050698378736257 ], [ -52.153386901009817, -32.050831502067922 ], [ -52.153561371997043, -32.050798871752356 ], [ -52.153697052475572, -32.050990287304387 ], [ -52.153900317208738, -32.051027342265101 ] ], [ [ -52.153110255942671, -32.051703917369991 ], [ -52.153078365969478, -32.051879812140491 ], [ -52.152789188227921, -32.051899621705587 ], [ -52.15272391533771, -32.052115282246653 ], [ -52.152502270228439, -32.052154785504591 ], [ -52.152433503999113, -32.052403831105622 ], [ -52.152314655886521, -32.052413932653295 ], [ -52.152226692476106, -32.05234593407264 ], [ -52.152260990025027, -32.052180173374914 ], [ -52.152456529491516, -32.052171992630534 ], [ -52.152512278048071, -32.052116348739993 ], [ -52.15239341235651, -32.051960023023938 ], [ -52.152419435849858, -32.05184064580866 ], [ -52.152516013402121, -32.051786176870529 ], [ -52.1526738251778, -32.051806938702669 ], [ -52.152776353541981, -32.051653713793392 ], [ -52.153110255942671, -32.051703917369991 ] ], [ [ -52.15296171772016, -32.052099766171082 ], [ -52.153345773239415, -32.052008491014888 ], [ -52.15339551568163, -32.052075376489732 ], [ -52.153370035622856, -32.052183113927363 ], [ -52.153018600494796, -32.052235899871683 ], [ -52.15296171772016, -32.052099766171082 ] ], [ [ -52.15249200801216, -32.05044805442725 ], [ -52.152488566056661, -32.050526817790811 ], [ -52.152409304505923, -32.050573917357553 ], [ -52.152301114711605, -32.050506720049214 ], [ -52.15234973790762, -32.050407958104806 ], [ -52.15249200801216, -32.05044805442725 ] ], [ [ -52.156014239675081, -32.054026282446657 ], [ -52.155963838210802, -32.054148321756507 ], [ -52.155675348669298, -32.054104476628488 ], [ -52.155625191599235, -32.05433836102047 ], [ -52.155386007469495, -32.054532995528447 ], [ -52.15509820660769, -32.054429429178747 ], [ -52.155136585185971, -32.054157699147467 ], [ -52.155380188064697, -32.053783487146802 ], [ -52.15595299277873, -32.053954299622511 ], [ -52.156014239675081, -32.054026282446657 ] ], [ [ -52.156498388239562, -32.053143816940583 ], [ -52.156383044284823, -32.053174608320539 ], [ -52.156346911319609, -32.053066964342356 ], [ -52.156464161304363, -32.053029909311533 ], [ -52.156498388239562, -32.053143816940583 ] ], [ [ -52.157305403121036, -32.053635009654165 ], [ -52.157022490725808, -32.053813285141239 ], [ -52.156920485079993, -32.054038322222318 ], [ -52.156615346306431, -32.053899376856435 ], [ -52.156627451358254, -32.053755064098212 ], [ -52.156785731216246, -32.05349893039606 ], [ -52.156953820466214, -32.053580406286947 ], [ -52.157248616033854, -32.053509508129665 ], [ -52.157305403121036, -32.053635009654165 ] ], [ [ -52.157506799756263, -32.054099719839812 ], [ -52.157361507203376, -32.054231899847366 ], [ -52.15725481407344, -32.054220291523876 ], [ -52.15717035752067, -32.054120469332055 ], [ -52.157300708880392, -32.053909187891527 ], [ -52.157439006422649, -32.053928957755815 ], [ -52.157506799756263, -32.054099719839812 ] ], [ [ -52.158551648135656, -32.053783045879072 ], [ -52.158547362842704, -32.053879310484795 ], [ -52.158387756995239, -32.053963977250213 ], [ -52.158389829886147, -32.054143989627931 ], [ -52.158324031855372, -32.054219777141952 ], [ -52.158165706799416, -32.054258901697047 ], [ -52.15800089118801, -32.054193888535266 ], [ -52.157907111119968, -32.054396363815698 ], [ -52.157681747883245, -32.054356197936421 ], [ -52.157725973850866, -32.05420965976576 ], [ -52.157886595807106, -32.054198427961772 ], [ -52.157973303275355, -32.054044477564638 ], [ -52.158316007577966, -32.053922475671484 ], [ -52.158389099393354, -32.053761308668257 ], [ -52.158551648135656, -32.053783045879072 ] ], [ [ -52.158635770950184, -32.054551741618802 ], [ -52.158530398966718, -32.054712773775798 ], [ -52.158343545860696, -32.054663860390733 ], [ -52.158299044201698, -32.054595930206013 ], [ -52.158408611914432, -32.054474573141064 ], [ -52.158581012419255, -32.054477633023055 ], [ -52.158635770950184, -32.054551741618802 ] ], [ [ -52.159367921172496, -32.053991598214431 ], [ -52.159475404387841, -32.054158097393668 ], [ -52.159362107434831, -32.054340268460813 ], [ -52.159090475528579, -32.054273053782616 ], [ -52.15908392637391, -32.054172878071938 ], [ -52.159207230223963, -32.054003575324629 ], [ -52.159367921172496, -32.053991598214431 ] ], [ [ -52.160045613637806, -32.055118171911765 ], [ -52.159963174004673, -32.055198315886592 ], [ -52.159861955389722, -32.055120777059123 ], [ -52.159955710383244, -32.0550356216892 ], [ -52.160045613637806, -32.055118171911765 ] ], [ [ -52.160969645198406, -32.054508447305004 ], [ -52.1609495848015, -32.054619257485022 ], [ -52.160816035903146, -32.054625405577447 ], [ -52.160747760104528, -32.054496348715638 ], [ -52.160623901861072, -32.054437077188147 ], [ -52.160618222143583, -32.054326330177467 ], [ -52.160726133805838, -32.054289336027388 ], [ -52.160793603979599, -32.054437544824559 ], [ -52.160969645198406, -32.054508447305004 ] ], [ [ -52.162388733373504, -32.055034078634201 ], [ -52.16250178572308, -32.055089259131087 ], [ -52.162442656294935, -32.055226789460256 ], [ -52.162320644045664, -32.055158272755904 ], [ -52.162388733373504, -32.055034078634201 ] ] ], [ [ [ -52.077286919171556, -32.050704819390873 ], [ -52.077305841884815, -32.050606365186887 ], [ -52.077235153917812, -32.050563824649259 ], [ -52.077027788542424, -32.050612768447721 ], [ -52.076982663968543, -32.050680970757213 ], [ -52.077062545424099, -32.050765324268269 ], [ -52.077286919171556, -32.050704819390873 ] ] ], [ [ [ -52.077390649213783, -32.034679991382092 ], [ -52.077327240663479, -32.034601730767498 ], [ -52.07723776996388, -32.034645919162671 ], [ -52.07707035770445, -32.03510650025207 ], [ -52.077111216210973, -32.035245829044023 ], [ -52.077259031474675, -32.035168665762207 ], [ -52.077390649213783, -32.034679991382092 ] ] ], [ [ [ -52.078054239397133, -32.035184723667975 ], [ -52.077985426555777, -32.034751558712699 ], [ -52.077842453826655, -32.034730729731628 ], [ -52.077746034608765, -32.035013524533731 ], [ -52.077556976050403, -32.035283670000808 ], [ -52.077589376144878, -32.035491095145161 ], [ -52.077712460609867, -32.035521235103069 ], [ -52.077780449271494, -32.035300219988308 ], [ -52.078054239397133, -32.035184723667975 ] ] ], [ [ [ -52.07769706805604, -32.047356699211328 ], [ -52.077906132039182, -32.04736727131688 ], [ -52.07791454822322, -32.04716206208019 ], [ -52.077750250092571, -32.046992253930789 ], [ -52.077683053912317, -32.047032938455722 ], [ -52.077634639727478, -32.047241816266045 ], [ -52.07769706805604, -32.047356699211328 ] ] ], [ [ [ -52.078046898191808, -32.046509603368811 ], [ -52.077877836082649, -32.046459511841825 ], [ -52.07784414869505, -32.046630541793789 ], [ -52.078042268029854, -32.046643152391844 ], [ -52.078046898191808, -32.046509603368811 ] ] ], [ [ [ -52.082273576282127, -32.048882729391252 ], [ -52.082052241194603, -32.048861161389169 ], [ -52.081961160603434, -32.048727980265838 ], [ -52.082025140451115, -32.048593338668567 ], [ -52.081906282202517, -32.048444035440596 ], [ -52.08196425176434, -32.048273276466503 ], [ -52.081814185059883, -32.048147837112303 ], [ -52.081767099867164, -32.047931830531276 ], [ -52.081684961834128, -32.047900791465899 ], [ -52.081624332183971, -32.048007514818302 ], [ -52.08171219683291, -32.048184121253662 ], [ -52.081745231955374, -32.048531413827739 ], [ -52.081872034362171, -32.048739884491518 ], [ -52.081836403467982, -32.048920043673391 ], [ -52.081410357476344, -32.049021601353296 ], [ -52.081171557550348, -32.048520738736819 ], [ -52.081097724092814, -32.048487599499403 ], [ -52.081017642356045, -32.048646638149542 ], [ -52.081048230786962, -32.049019969768544 ], [ -52.080896959102255, -32.049107309264095 ], [ -52.080812265022153, -32.049055654942833 ], [ -52.080813951766146, -32.048808042633297 ], [ -52.080320061655605, -32.046510468560527 ], [ -52.080330352680512, -32.046349747281319 ], [ -52.080131104841911, -32.046008831811996 ], [ -52.080277775517651, -32.04584015596587 ], [ -52.080278532192224, -32.045619387341269 ], [ -52.080465770218233, -32.045564665715972 ], [ -52.080758428181852, -32.045604743050617 ], [ -52.080841084170579, -32.045548711942487 ], [ -52.080855527421136, -32.045396521626429 ], [ -52.081014916422149, -32.045264652160348 ], [ -52.081003011133873, -32.045022885871276 ], [ -52.080793257444597, -32.045004626135338 ], [ -52.080011818223774, -32.045214730073575 ], [ -52.079872284096361, -32.045098773398806 ], [ -52.079675418075091, -32.045165603241387 ], [ -52.079528055650719, -32.045092095106497 ], [ -52.079344928027041, -32.045126060869755 ], [ -52.079053664057398, -32.045325422549212 ], [ -52.079068630119522, -32.045483704255332 ], [ -52.07900433150661, -32.045594823390566 ], [ -52.078627706310733, -32.045412579818922 ], [ -52.078473117963959, -32.045526132261045 ], [ -52.078329066380846, -32.04585269967135 ], [ -52.078133564546363, -32.045814337309793 ], [ -52.078014679239466, -32.045929997996403 ], [ -52.078036035988966, -32.046079815139436 ], [ -52.078452476984907, -32.04615767526861 ], [ -52.078398147308853, -32.046359889287324 ], [ -52.078481892113665, -32.046469975370833 ], [ -52.078616560534677, -32.046420529680013 ], [ -52.078717922527005, -32.046240808838498 ], [ -52.078892030512215, -32.046262558993796 ], [ -52.079056399401985, -32.046410206563664 ], [ -52.079275365046776, -32.04639991678399 ], [ -52.079326922891845, -32.046469545321045 ], [ -52.078757180451575, -32.048300500676504 ], [ -52.078401176347313, -32.049217355406128 ], [ -52.078364826694738, -32.049521168751056 ], [ -52.078736856520074, -32.04952049555358 ], [ -52.078816290509394, -32.049655052222249 ], [ -52.078944931610721, -32.04967503535471 ], [ -52.079052398316854, -32.04960011852944 ], [ -52.079045912182714, -32.049431173198855 ], [ -52.079132771431432, -32.049395126858968 ], [ -52.07927621915227, -32.049598050956575 ], [ -52.079589730391568, -32.049594435507103 ], [ -52.07975950801135, -32.049516026630378 ], [ -52.080023610810855, -32.049517343828917 ], [ -52.080089159976076, -32.049582011995973 ], [ -52.080059597654618, -32.049671255591406 ], [ -52.079802824494244, -32.049768593283574 ], [ -52.079723500377035, -32.049870014568704 ], [ -52.079462712969608, -32.049862259751414 ], [ -52.07944686093559, -32.050006334557445 ], [ -52.079579688265966, -32.050060208124371 ], [ -52.079632942363688, -32.050176061280929 ], [ -52.079578669123229, -32.050274318695841 ], [ -52.079381961675111, -32.050220156506057 ], [ -52.079356268256426, -32.049989650986902 ], [ -52.079238849166195, -32.049964078465429 ], [ -52.079045093754665, -32.050079161476752 ], [ -52.079077727933999, -32.050391864448315 ], [ -52.079441735042074, -32.050483224801653 ], [ -52.079601592593093, -32.05043677869326 ], [ -52.079762257293446, -32.050324925729385 ], [ -52.079775106873058, -32.050078141488243 ], [ -52.079961999159451, -32.049870378931047 ], [ -52.080283805063893, -32.049959325792216 ], [ -52.080750658746204, -32.049759482056125 ], [ -52.081075474374693, -32.049838426020806 ], [ -52.081724920887581, -32.049787408129298 ], [ -52.081922051350922, -32.049570583706291 ], [ -52.082103889292995, -32.049504058321212 ], [ -52.081959345747791, -32.049124504830374 ], [ -52.082267101351114, -32.049023783670052 ], [ -52.082312185624467, -32.048955625485732 ], [ -52.082273576282127, -32.048882729391252 ] ], [ [ -52.081662158179277, -32.049245362553613 ], [ -52.081509559576617, -32.049475077205173 ], [ -52.081362951658605, -32.049431744695866 ], [ -52.081147378834252, -32.049596626477985 ], [ -52.081020546294049, -32.049518768543969 ], [ -52.080856151990339, -32.049516051274843 ], [ -52.080805218773179, -32.0493925026867 ], [ -52.080870068500545, -32.049316349407384 ], [ -52.081319353259637, -32.04932508686796 ], [ -52.081425186011387, -32.049202338615864 ], [ -52.081579001083796, -32.049181553869936 ], [ -52.081662158179277, -32.049245362553613 ] ] ], [ [ [ -52.078384604229257, -32.050202742514571 ], [ -52.078382793407719, -32.050052580483126 ], [ -52.078260403851068, -32.05004301439223 ], [ -52.078234482860928, -32.050243774825539 ], [ -52.078097688799041, -32.050409192586308 ], [ -52.078124117090319, -32.050501260354679 ], [ -52.078241440220211, -32.050563824649259 ], [ -52.078331802015043, -32.050520386989625 ], [ -52.078296485473984, -32.050269781344504 ], [ -52.078384604229257, -32.050202742514571 ] ] ], [ [ [ -52.078913322945318, -32.050024059416515 ], [ -52.078799462417855, -32.049978915858794 ], [ -52.078539093228436, -32.050197906695004 ], [ -52.078543690936939, -32.050396147610968 ], [ -52.078623549821188, -32.05041454732217 ], [ -52.078818150201805, -32.050300945339572 ], [ -52.078933045341287, -32.050114590808612 ], [ -52.078913322945318, -32.050024059416515 ] ] ], [ [ [ -52.081278489864154, -32.046079085024139 ], [ -52.081268365153868, -32.046000185874206 ], [ -52.081125728406647, -32.045949370058516 ], [ -52.081058186781519, -32.045819164579314 ], [ -52.080881718497835, -32.045884614139098 ], [ -52.080897546046778, -32.046120353621426 ], [ -52.081197195821964, -32.046150993376386 ], [ -52.081278489864154, -32.046079085024139 ] ] ], [ [ [ -52.081633973408074, -32.03303249679508 ], [ -52.081585422158753, -32.03291522950169 ], [ -52.081432705803635, -32.032966481000749 ], [ -52.081489890827918, -32.033141877263709 ], [ -52.081566638561782, -32.033133855714389 ], [ -52.081633973408074, -32.03303249679508 ] ] ], [ [ [ -52.081646147230671, -32.047660753892423 ], [ -52.081636538681977, -32.0473667281045 ], [ -52.081523872017705, -32.047368806772447 ], [ -52.081481519662219, -32.047579493419981 ], [ -52.081536347818052, -32.047665890746053 ], [ -52.081646147230671, -32.047660753892423 ] ] ], [ [ [ -52.082551560780956, -32.049615288561959 ], [ -52.082586389537106, -32.049512590320703 ], [ -52.082472832594199, -32.049400007756866 ], [ -52.082244149430238, -32.049388227393379 ], [ -52.082111285367908, -32.049503336745907 ], [ -52.082135001243834, -32.049578998303261 ], [ -52.082325086260873, -32.049675118444497 ], [ -52.082551560780956, -32.049615288561959 ] ] ], [ [ [ -52.082439994268888, -32.048265829221044 ], [ -52.082391417760171, -32.048148555154967 ], [ -52.082185431701163, -32.048201459995155 ], [ -52.082239829725317, -32.048304111915435 ], [ -52.082439994268888, -32.048265829221044 ] ] ], [ [ [ -52.083079593660635, -32.048721483435379 ], [ -52.082948540978663, -32.048779130832813 ], [ -52.082465602040266, -32.048793353261622 ], [ -52.082376632966032, -32.048937834144276 ], [ -52.082452390306656, -32.048992127620942 ], [ -52.082703779909281, -32.048919960769659 ], [ -52.082866095619153, -32.048957560662558 ], [ -52.082966113390604, -32.048842428964662 ], [ -52.083055523838645, -32.048869036878642 ], [ -52.083114146838987, -32.04881559707534 ], [ -52.083079593660635, -32.048721483435379 ] ] ], [ [ [ -52.08307950307411, -32.048160954393488 ], [ -52.083205018251533, -32.048109176660674 ], [ -52.08313666948353, -32.047952518484529 ], [ -52.082996341815893, -32.048056325200413 ], [ -52.08307950307411, -32.048160954393488 ] ] ], [ [ [ -52.085300109539475, -32.051646630820514 ], [ -52.085442467199783, -32.051631027708794 ], [ -52.085457143321456, -32.051516760285089 ], [ -52.085258845848244, -32.051196165653913 ], [ -52.085200190556854, -32.050845762758698 ], [ -52.085036518785408, -32.050527842436601 ], [ -52.084936325691913, -32.050450588898912 ], [ -52.084916462594656, -32.05032701798833 ], [ -52.08496931493066, -32.049629699458208 ], [ -52.085044621970908, -32.049519582334675 ], [ -52.08502377777566, -32.049151634754594 ], [ -52.084718923770986, -32.049164635334478 ], [ -52.084542766897926, -32.049418810587781 ], [ -52.084376686243168, -32.04943069425709 ], [ -52.084326974415269, -32.049328583206439 ], [ -52.084502626595807, -32.049248959382389 ], [ -52.084517743912699, -32.049067079537522 ], [ -52.083997313630803, -32.048865600587469 ], [ -52.083929636495185, -32.048906133989732 ], [ -52.083864786734566, -32.049148594790474 ], [ -52.083589500310019, -32.049130362788375 ], [ -52.083430994727649, -32.049300675287199 ], [ -52.083050528763387, -32.049257358621261 ], [ -52.08301215459737, -32.049373617650296 ], [ -52.083113595417643, -32.049464859983161 ], [ -52.083979597286543, -32.049664517789324 ], [ -52.084003183008299, -32.049849058335738 ], [ -52.084424293905002, -32.050178401909029 ], [ -52.084637038315847, -32.050540438332263 ], [ -52.084797123817609, -32.050608668990378 ], [ -52.084798452237159, -32.050758142988535 ], [ -52.084591242516787, -32.05098536108342 ], [ -52.084599305057758, -32.051067221435211 ], [ -52.084713219674022, -32.051229456772674 ], [ -52.085027395305417, -32.051397414512849 ], [ -52.085072656416138, -32.051548593590994 ], [ -52.085300109539475, -32.051646630820514 ] ] ], [ [ [ -52.083093143423483, -32.042198610227317 ], [ -52.083209145978813, -32.042204932325525 ], [ -52.083208235710288, -32.042087438086313 ], [ -52.083095569046016, -32.04208951675426 ], [ -52.083093143423483, -32.042198610227317 ] ] ], [ [ [ -52.083339938388207, -32.048538264822987 ], [ -52.083205293522468, -32.04854217326843 ], [ -52.083138287488815, -32.048743955466321 ], [ -52.083175984938237, -32.048819017259525 ], [ -52.083337623305241, -32.048828736954846 ], [ -52.083509245380398, -32.048752412275675 ], [ -52.083499260594436, -32.048653792896005 ], [ -52.083339938388207, -32.048538264822987 ] ] ], [ [ [ -52.083466537284799, -32.036757082932489 ], [ -52.083470475147891, -32.036646003796811 ], [ -52.083338169470309, -32.036644370389084 ], [ -52.083340690796177, -32.036775788148525 ], [ -52.083466537284799, -32.036757082932489 ] ] ], [ [ [ -52.084105054821485, -32.048642894137792 ], [ -52.084120643391635, -32.048532454248218 ], [ -52.083939986327302, -32.048411677829442 ], [ -52.083551551548418, -32.048665974567101 ], [ -52.083610027134618, -32.048747411077272 ], [ -52.083895435424154, -32.048748306868035 ], [ -52.084105054821485, -32.048642894137792 ] ] ], [ [ [ -52.083773652414742, -32.036721254699344 ], [ -52.083763894033936, -32.036591297178276 ], [ -52.083605534596863, -32.036616031067759 ], [ -52.083630482212534, -32.036729495503778 ], [ -52.083773652414742, -32.036721254699344 ] ] ], [ [ [ -52.084404940137361, -32.042271273004957 ], [ -52.084431854077032, -32.042099598533902 ], [ -52.084251833866745, -32.042083823885498 ], [ -52.08426628011695, -32.042295862926586 ], [ -52.084404940137361, -32.042271273004957 ] ] ], [ [ [ -52.084964450156001, -32.036726921275601 ], [ -52.084869307512349, -32.03637825147063 ], [ -52.084484657563614, -32.036381505434143 ], [ -52.084379104384759, -32.036497514332261 ], [ -52.08456653806163, -32.036776729144009 ], [ -52.084726909308721, -32.036730155494745 ], [ -52.084890350072349, -32.036786681378537 ], [ -52.084964450156001, -32.036726921275601 ] ] ], [ [ [ -52.084601803428782, -32.043087880851083 ], [ -52.084445224218243, -32.043085194016399 ], [ -52.084443491882588, -32.043217556448063 ], [ -52.084554614690276, -32.043234899070285 ], [ -52.084601803428782, -32.043087880851083 ] ] ], [ [ [ -52.084754014462945, -32.048457786322778 ], [ -52.084576748060734, -32.048329747445457 ], [ -52.084502300597073, -32.048508507754889 ], [ -52.084685096779289, -32.048540184584418 ], [ -52.084754014462945, -32.048457786322778 ] ] ], [ [ [ -52.084978806873146, -32.048379480593148 ], [ -52.084903597542265, -32.048357949742112 ], [ -52.084822209788953, -32.048426748988327 ], [ -52.084923387196824, -32.048586215866742 ], [ -52.085044908802438, -32.048528945988387 ], [ -52.084978806873146, -32.048379480593148 ] ] ], [ [ [ -52.086223625449392, -32.043282132062615 ], [ -52.085185522453834, -32.043553419917608 ], [ -52.085234578911489, -32.043723307001024 ], [ -52.085104896516917, -32.043931240275164 ], [ -52.085105076152047, -32.044038653838705 ], [ -52.085361742549217, -32.044236025795875 ], [ -52.085611824806662, -32.044540153570644 ], [ -52.085796799147808, -32.044459106120513 ], [ -52.085994123060011, -32.044125141763047 ], [ -52.086023554524829, -32.043797885820119 ], [ -52.086148152154273, -32.043727496944939 ], [ -52.086173843932279, -32.043587290579183 ], [ -52.086330750244123, -32.043419749972919 ], [ -52.086223625449392, -32.043282132062615 ] ] ], [ [ [ -52.08570536477616, -32.049338656617422 ], [ -52.085591376992788, -32.049130410533472 ], [ -52.085511453556968, -32.049140622979188 ], [ -52.085450531927627, -32.049361777794168 ], [ -52.08529247921053, -32.049463008179558 ], [ -52.085292160213051, -32.049962211142699 ], [ -52.085428636533422, -32.050165661325813 ], [ -52.085504902793758, -32.050152070513604 ], [ -52.085606108415348, -32.0500078024712 ], [ -52.085573112909451, -32.049491165697454 ], [ -52.08570536477616, -32.049338656617422 ] ] ], [ [ [ -52.085519072529692, -32.035865984055746 ], [ -52.085470728944614, -32.035716282960649 ], [ -52.085354726389326, -32.03570996086254 ], [ -52.08538539608854, -32.035893438769797 ], [ -52.085519072529692, -32.035865984055746 ] ] ], [ [ [ -52.085706563015748, -32.0525138570598 ], [ -52.085565066797393, -32.052348515938796 ], [ -52.085479825844949, -32.0524850228907 ], [ -52.085540293113681, -32.052568287043314 ], [ -52.085649815969845, -32.052575785593362 ], [ -52.085706563015748, -32.0525138570598 ] ] ], [ [ [ -52.085761085429453, -32.048984743390818 ], [ -52.085884836009043, -32.048620688274333 ], [ -52.08583688775942, -32.048553767083902 ], [ -52.085708468520565, -32.048509372961838 ], [ -52.085582251713461, -32.048583287218804 ], [ -52.085507488615185, -32.048960933204143 ], [ -52.085557454478192, -32.049072559035558 ], [ -52.085761085429453, -32.048984743390818 ] ] ], [ [ [ -52.085872537750106, -32.046386358652953 ], [ -52.085953612450808, -32.046182720664909 ], [ -52.085874175104877, -32.046147889021874 ], [ -52.08577727895441, -32.046328180750407 ], [ -52.085872537750106, -32.046386358652953 ] ] ], [ [ [ -52.085987000092949, -32.036253211160876 ], [ -52.085947152452796, -32.036141485995664 ], [ -52.085816821828494, -32.036179362486422 ], [ -52.085885156900432, -32.036312665526943 ], [ -52.085987000092949, -32.036253211160876 ] ] ], [ [ [ -52.08613628228791, -32.039668249361398 ], [ -52.086147644990355, -32.039592102732648 ], [ -52.086039672781183, -32.03944651258545 ], [ -52.085915967846574, -32.039443687435927 ], [ -52.085904767201797, -32.039614307232675 ], [ -52.086053999120018, -32.039703557464321 ], [ -52.08613628228791, -32.039668249361398 ] ] ], [ [ [ -52.086558902916487, -32.036481016035566 ], [ -52.086570101189039, -32.036097014874912 ], [ -52.086475477230884, -32.035878264665165 ], [ -52.08634135625779, -32.035798341271814 ], [ -52.086348428222927, -32.035613754781842 ], [ -52.086417400955192, -32.035531317390799 ], [ -52.086321069812058, -32.035443663361896 ], [ -52.08616200620714, -32.035606187152638 ], [ -52.086075586141682, -32.036117457375248 ], [ -52.086152860207783, -32.036176751851613 ], [ -52.08634441456168, -32.036140678580395 ], [ -52.086396793910133, -32.036294033882413 ], [ -52.086341753862683, -32.036456348907301 ], [ -52.086558902916487, -32.036481016035566 ] ] ], [ [ [ -52.086617189413552, -32.038348736121378 ], [ -52.086758210178743, -32.037686874546374 ], [ -52.086679951175256, -32.037607319857742 ], [ -52.086529123954286, -32.037793654913912 ], [ -52.086280377765689, -32.037778323329533 ], [ -52.086146499454109, -32.03805060601141 ], [ -52.086244077430919, -32.038124982810821 ], [ -52.086475349704365, -32.038082999699427 ], [ -52.086525044164397, -32.038149289188091 ], [ -52.086507151471366, -32.038313014891472 ], [ -52.086617189413552, -32.038348736121378 ] ] ], [ [ [ -52.086608613796955, -32.045647533869101 ], [ -52.086404329932712, -32.045408167003586 ], [ -52.086212839641675, -32.045408158658518 ], [ -52.086156273233215, -32.045464697566615 ], [ -52.086199514439201, -32.04562377497296 ], [ -52.086449456224834, -32.045706269455707 ], [ -52.086608613796955, -32.045647533869101 ] ] ], [ [ [ -52.08637791622089, -32.0413206250795 ], [ -52.086300745275089, -32.041231475825285 ], [ -52.086202370693229, -32.041295922185959 ], [ -52.086240077096171, -32.041415949189059 ], [ -52.086156303163669, -32.041558304193231 ], [ -52.086295025511518, -32.041694496764705 ], [ -52.086415636907716, -32.041599886152113 ], [ -52.08637791622089, -32.0413206250795 ] ] ], [ [ [ -52.086579031840849, -32.039297052312754 ], [ -52.086519799526371, -32.039219794929686 ], [ -52.086405123471401, -32.039256021557939 ], [ -52.086276643894784, -32.03954203953932 ], [ -52.08630793832566, -32.039629501613796 ], [ -52.086449717946998, -32.039705372453341 ], [ -52.086523979493435, -32.039681639445305 ], [ -52.086579031840849, -32.039297052312754 ] ] ], [ [ [ -52.086909199792274, -32.035669916867654 ], [ -52.086877999773776, -32.035411912209447 ], [ -52.086553170964507, -32.035387031679157 ], [ -52.086495516761062, -32.035543225169341 ], [ -52.0865680351734, -32.035749435908272 ], [ -52.086810826173533, -32.035838294981993 ], [ -52.086909199792274, -32.035669916867654 ] ] ], [ [ [ -52.086562984640125, -32.051159068143498 ], [ -52.086690216051373, -32.051141975163482 ], [ -52.086659931612296, -32.050973660620294 ], [ -52.086511410567724, -32.051031098534345 ], [ -52.086562984640125, -32.051159068143498 ] ] ], [ [ [ -52.086865466543756, -32.036467683464863 ], [ -52.0868947485761, -32.036358401432537 ], [ -52.086781279443144, -32.036270928904891 ], [ -52.086628946690077, -32.036411688682762 ], [ -52.086733103338553, -32.036564894431365 ], [ -52.086865466543756, -32.036467683464863 ] ] ], [ [ [ -52.086872897628325, -32.035989454227575 ], [ -52.086773954400073, -32.03596794033578 ], [ -52.086692544620462, -32.036065283676372 ], [ -52.086723137078849, -32.036214265214298 ], [ -52.08685100649754, -32.036181095481417 ], [ -52.086872897628325, -32.035989454227575 ] ] ], [ [ [ -52.086855834238555, -32.044869624003972 ], [ -52.086777329761013, -32.04481494064671 ], [ -52.086702546427759, -32.044874612043728 ], [ -52.086751745904557, -32.045162654191373 ], [ -52.086859023426371, -32.045105488592725 ], [ -52.086855834238555, -32.044869624003972 ] ] ], [ [ [ -52.086941731155072, -32.039163637560449 ], [ -52.086878844519219, -32.039085489414163 ], [ -52.086789818191853, -32.03912704232031 ], [ -52.08682349784749, -32.039356421271926 ], [ -52.086933410709761, -32.039319581492677 ], [ -52.086941731155072, -32.039163637560449 ] ] ], [ [ [ -52.086895767942451, -32.032831858175967 ], [ -52.086817507327858, -32.032895266726271 ], [ -52.08686169572303, -32.03298473742587 ], [ -52.087092598938483, -32.032949997760262 ], [ -52.087063762278234, -32.032828125845171 ], [ -52.086895767942451, -32.032831858175967 ] ] ], [ [ [ -52.089492160744335, -32.032674132197322 ], [ -52.08966934176263, -32.032273673259255 ], [ -52.08955855973845, -32.032029884260041 ], [ -52.089324451024815, -32.032170552900602 ], [ -52.089194227404796, -32.032175447718551 ], [ -52.089168944931927, -32.032387971019801 ], [ -52.089379787076133, -32.032456450325476 ], [ -52.0894287647995, -32.032656530484033 ], [ -52.089283586589453, -32.032817948181709 ], [ -52.089120767245873, -32.032884231469787 ], [ -52.089049478621874, -32.032849075810844 ], [ -52.089011139956824, -32.032715643421234 ], [ -52.088865839761169, -32.032680828323883 ], [ -52.088835428690295, -32.032874137935281 ], [ -52.088708761795665, -32.032965205657852 ], [ -52.088724549122752, -32.033047704935399 ], [ -52.089253832508902, -32.033094179296086 ], [ -52.089331006307972, -32.03332227729684 ], [ -52.089445139448323, -32.033346473813388 ], [ -52.089489337730562, -32.033118502059907 ], [ -52.089587948920403, -32.033013194078656 ], [ -52.089492160744335, -32.032674132197322 ] ] ], [ [ [ -52.088952138853514, -32.033799056347242 ], [ -52.089024938457712, -32.033685886818624 ], [ -52.088841462211668, -32.033606512346147 ], [ -52.08881092346887, -32.033758296195771 ], [ -52.088952138853514, -32.033799056347242 ] ] ], [ [ [ -52.089222659554189, -32.037435260757462 ], [ -52.089248996607289, -32.037545636209003 ], [ -52.089363536224887, -32.037519317585463 ], [ -52.089337230969896, -32.037396276097382 ], [ -52.089222659554189, -32.037435260757462 ] ] ], [ [ [ -52.089896895744609, -32.033276009461112 ], [ -52.089869447697929, -32.032955508814318 ], [ -52.089624535426907, -32.032978545589508 ], [ -52.089703871239287, -32.033333958211088 ], [ -52.089806462054753, -32.033352807338161 ], [ -52.089896895744609, -32.033276009461112 ] ] ], [ [ [ -52.09018751847114, -32.033784322623603 ], [ -52.090113845486975, -32.03355043676919 ], [ -52.089999712346625, -32.033526240252641 ], [ -52.089974943407988, -32.033799356271047 ], [ -52.090107604962377, -32.033839356271045 ], [ -52.09018751847114, -32.033784322623603 ] ] ], [ [ [ -52.090504588963569, -32.035023861495901 ], [ -52.090525461651104, -32.034946554147062 ], [ -52.090468886020446, -32.034889885872992 ], [ -52.090245416461748, -32.034942785063997 ], [ -52.090299814485903, -32.035045436984277 ], [ -52.090504588963569, -32.035023861495901 ] ] ], [ [ [ -52.090853660122853, -32.036405055730754 ], [ -52.090889504282202, -32.036197475761597 ], [ -52.090673125590641, -32.036138473137903 ], [ -52.090440721375963, -32.036322758143349 ], [ -52.090553632423429, -32.036422387723505 ], [ -52.090684370384324, -32.036338205263796 ], [ -52.090853660122853, -32.036405055730754 ] ] ], [ [ [ -52.090981943292995, -32.036661989527168 ], [ -52.091024228110037, -32.036547061644981 ], [ -52.090915009720121, -32.036454857382139 ], [ -52.090837511035005, -32.036467224983298 ], [ -52.090775686476483, -32.036674698077682 ], [ -52.090981943292995, -32.036661989527168 ] ] ], [ [ [ -52.090948593340741, -32.032932552993785 ], [ -52.090954915438786, -32.032816550438518 ], [ -52.090831262690962, -32.03281348185709 ], [ -52.090827500877545, -32.032928393358091 ], [ -52.090948593340741, -32.032932552993785 ] ] ], [ [ [ -52.091344270838903, -32.031712362144908 ], [ -52.091208182183976, -32.031717312650066 ], [ -52.091246950086123, -32.031864385113103 ], [ -52.091362812107199, -32.031842213384053 ], [ -52.091344270838903, -32.031712362144908 ] ] ], [ [ [ -52.092338334758018, -32.032109580603382 ], [ -52.092292810902151, -32.031988440718692 ], [ -52.091819102738725, -32.031918185470452 ], [ -52.091681871335027, -32.03205978701196 ], [ -52.091739739711151, -32.032143724225286 ], [ -52.092034632285277, -32.032148452175704 ], [ -52.09213593281617, -32.03220833278489 ], [ -52.092286413815536, -32.032192760290719 ], [ -52.092338334758018, -32.032109580603382 ] ] ], [ [ [ -52.091881452053649, -32.03635815650042 ], [ -52.091875129955604, -32.036474159055686 ], [ -52.091998782703435, -32.036477227637114 ], [ -52.092002544516852, -32.036362316136113 ], [ -52.091881452053649, -32.03635815650042 ] ] ], [ [ [ -52.092111587639693, -32.038021441044606 ], [ -52.092235150671819, -32.037894012507131 ], [ -52.092178403625915, -32.037832083973569 ], [ -52.092029272858241, -32.037908361670567 ], [ -52.092111587639693, -32.038021441044606 ] ] ], [ [ [ -52.092479838173986, -32.032089396911388 ], [ -52.092588089715818, -32.032084395185159 ], [ -52.092587792559932, -32.031968284987265 ], [ -52.092468283276204, -32.031971212635675 ], [ -52.092479838173986, -32.032089396911388 ] ] ], [ [ [ -52.092883570100923, -32.032956547744405 ], [ -52.092652964555128, -32.032821084098472 ], [ -52.092569076878071, -32.032959849262568 ], [ -52.092745519243223, -32.033122814498562 ], [ -52.092883570100923, -32.032956547744405 ] ] ], [ [ [ -52.092867367447795, -32.033299889931186 ], [ -52.092752944062013, -32.03324744618692 ], [ -52.092706727019696, -32.033360387284645 ], [ -52.092827501471149, -32.033420858362021 ], [ -52.092867367447795, -32.033299889931186 ] ] ], [ [ [ -52.093067319573116, -32.031663448456214 ], [ -52.092986431654985, -32.031582560538084 ], [ -52.092877555018596, -32.031658796691715 ], [ -52.092982339849698, -32.031769383705459 ], [ -52.093067319573116, -32.031663448456214 ] ] ], [ [ [ -52.093232725900982, -32.034516740478615 ], [ -52.093235322438069, -32.034400208514484 ], [ -52.093036318803215, -32.034288754010802 ], [ -52.092899519054797, -32.034478229753411 ], [ -52.093103796242829, -32.034665647053416 ], [ -52.093232725900982, -32.034516740478615 ] ] ], [ [ [ -52.093568257699026, -32.033681295439237 ], [ -52.093508427764064, -32.033292571969177 ], [ -52.093430018887339, -32.033082494425592 ], [ -52.093485714717801, -32.032856464926589 ], [ -52.093343156718667, -32.032775941354892 ], [ -52.093144690988851, -32.032895319112697 ], [ -52.093347763156814, -32.033491772813598 ], [ -52.093265440508929, -32.033719528637242 ], [ -52.093439726753886, -32.033794106876009 ], [ -52.093537643024426, -32.033755205801832 ], [ -52.093568257699026, -32.033681295439237 ] ] ], [ [ [ -52.093490626417911, -32.034395514424858 ], [ -52.093775321217215, -32.03448785984974 ], [ -52.093842261232979, -32.03432814385171 ], [ -52.093571365723442, -32.034248743701333 ], [ -52.093490626417911, -32.034395514424858 ] ] ], [ [ [ -52.093706455065153, -32.043188938593325 ], [ -52.093630924502477, -32.043295303989233 ], [ -52.093758908134937, -32.043347542122731 ], [ -52.093816810011297, -32.043252882774809 ], [ -52.093706455065153, -32.043188938593325 ] ] ], [ [ [ -52.094151403005498, -32.046909619289458 ], [ -52.094168945936666, -32.04680951156832 ], [ -52.09407425325265, -32.046743652333305 ], [ -52.09387240960401, -32.046790962662058 ], [ -52.093926807628165, -32.046893614582338 ], [ -52.094151403005498, -32.046909619289458 ] ] ], [ [ [ -52.094017348015313, -32.043974842099068 ], [ -52.094011025917105, -32.044090844654399 ], [ -52.094138815863232, -32.044090582057159 ], [ -52.094131416033541, -32.043974147149775 ], [ -52.094017348015313, -32.043974842099068 ] ] ], [ [ [ -52.094310953922189, -32.043994937069378 ], [ -52.094231114995608, -32.044080011101485 ], [ -52.094339502503409, -32.044153945793717 ], [ -52.094400455271, -32.04405775769046 ], [ -52.094310953922189, -32.043994937069378 ] ] ], [ [ [ -52.094284388916599, -32.041015438447111 ], [ -52.094484210308828, -32.041031630759186 ], [ -52.09449081965942, -32.040949888852296 ], [ -52.094310557023, -32.040903094141335 ], [ -52.094284388916599, -32.041015438447111 ] ] ], [ [ [ -52.094587732388888, -32.035591034868311 ], [ -52.094575327821467, -32.035462580385712 ], [ -52.094405714056947, -32.035491981544084 ], [ -52.094454784340314, -32.035635446380475 ], [ -52.094587732388888, -32.035591034868311 ] ] ], [ [ [ -52.094500947100954, -32.034867059319609 ], [ -52.094511461639328, -32.034996598780253 ], [ -52.094672481361769, -32.034966282483701 ], [ -52.094641857453183, -32.034857212512186 ], [ -52.094500947100954, -32.034867059319609 ] ] ], [ [ [ -52.09528356884384, -32.035069142877674 ], [ -52.095160286045633, -32.03500933166665 ], [ -52.095114852079028, -32.035175759201941 ], [ -52.095287518449197, -32.035241897390726 ], [ -52.09528356884384, -32.035069142877674 ] ] ], [ [ [ -52.09550248473036, -32.038211843012071 ], [ -52.095521407443783, -32.038113388808043 ], [ -52.095450719476744, -32.038070848270351 ], [ -52.095203054177496, -32.038119792068848 ], [ -52.095121656227974, -32.038209010860413 ], [ -52.095233082591399, -32.038312647813171 ], [ -52.09550248473036, -32.038211843012071 ] ] ], [ [ [ -52.095499722452217, -32.035951380927642 ], [ -52.095400762151293, -32.035932728738096 ], [ -52.095221632794818, -32.036066101083009 ], [ -52.095216109976313, -32.036187750057906 ], [ -52.095502215513783, -32.036204639293125 ], [ -52.095499722452217, -32.035951380927642 ] ] ], [ [ [ -52.09551854300107, -32.035829966843608 ], [ -52.095536389002589, -32.035722096909822 ], [ -52.095394901809513, -32.035622086962533 ], [ -52.095246519224936, -32.035756420844542 ], [ -52.095383794591193, -32.035915969876811 ], [ -52.09551854300107, -32.035829966843608 ] ] ], [ [ [ -52.095356983958133, -32.034004705850847 ], [ -52.095580939163369, -32.03415072842116 ], [ -52.095673836583224, -32.034006841251468 ], [ -52.095472905905133, -32.033856497453044 ], [ -52.095356983958133, -32.034004705850847 ] ] ], [ [ [ -52.095712014995705, -32.034554191263375 ], [ -52.095608455386561, -32.034528662457021 ], [ -52.095545675417981, -32.034658063283366 ], [ -52.095389230716087, -32.034759560171409 ], [ -52.095426067878641, -32.034834014298106 ], [ -52.095686859734677, -32.034959421216293 ], [ -52.095764664552973, -32.03490021795529 ], [ -52.09578326507485, -32.034681390913974 ], [ -52.095712014995705, -32.034554191263375 ] ] ], [ [ [ -52.095508445195911, -32.037647754062114 ], [ -52.095502123097866, -32.03776375661738 ], [ -52.095623384501884, -32.037768543850135 ], [ -52.095629706599929, -32.037652541294868 ], [ -52.095508445195911, -32.037647754062114 ] ] ], [ [ [ -52.095545819878588, -32.034461024857158 ], [ -52.095661822433918, -32.034467346955367 ], [ -52.095663521826296, -32.034347996365092 ], [ -52.095549092679519, -32.034346605503352 ], [ -52.095545819878588, -32.034461024857158 ] ] ], [ [ [ -52.095986083816108, -32.043894132268179 ], [ -52.095992405914153, -32.043778129712912 ], [ -52.09580443757033, -32.043699478538478 ], [ -52.095637933391622, -32.043870080357124 ], [ -52.095774288245302, -32.043986834598918 ], [ -52.095986083816108, -32.043894132268179 ] ] ], [ [ [ -52.095980646956555, -32.037706683023131 ], [ -52.095974289659836, -32.037615364930517 ], [ -52.09581679812802, -32.037529672626931 ], [ -52.095684947611502, -32.037646408190234 ], [ -52.095704864634236, -32.037724595982972 ], [ -52.095881729488568, -32.037806269942557 ], [ -52.095980646956555, -32.037706683023131 ] ] ], [ [ [ -52.096057687189663, -32.036049337778515 ], [ -52.095998091355192, -32.035841072224557 ], [ -52.096076946526019, -32.035657700025283 ], [ -52.095842804939643, -32.035546890269053 ], [ -52.095751560948592, -32.035736118745895 ], [ -52.095883119059849, -32.035863910751608 ], [ -52.095926964402778, -32.036059477377592 ], [ -52.096057687189663, -32.036049337778515 ] ] ], [ [ [ -52.096092540480207, -32.043204746055579 ], [ -52.096112762780514, -32.043106800153225 ], [ -52.095985176595512, -32.043035495611946 ], [ -52.095755356417797, -32.043190271116117 ], [ -52.095811300096614, -32.043271942975707 ], [ -52.095984347687931, -32.043282653489818 ], [ -52.096092540480207, -32.043204746055579 ] ] ], [ [ [ -52.096057444516283, -32.036140895087776 ], [ -52.095988283885937, -32.036097242419892 ], [ -52.09591690772109, -32.036137169745068 ], [ -52.095964894141289, -32.036288954505622 ], [ -52.096078358577266, -32.036264006889901 ], [ -52.096057444516283, -32.036140895087776 ] ] ], [ [ [ -52.096618327135566, -32.034577899400048 ], [ -52.096580906935031, -32.03449032216875 ], [ -52.096488522292034, -32.034484155051892 ], [ -52.09625085219637, -32.034533098850389 ], [ -52.096194592313054, -32.034624161249283 ], [ -52.096295361758798, -32.034706539708999 ], [ -52.096495037532321, -32.034676208372154 ], [ -52.096618327135566, -32.034577899400048 ] ] ], [ [ [ -52.096670593187348, -32.03510492252763 ], [ -52.096691298710951, -32.035027648461522 ], [ -52.096634130320851, -32.034970480071422 ], [ -52.096433752477566, -32.035025694193152 ], [ -52.096482674535473, -32.035122864195337 ], [ -52.096670593187348, -32.03510492252763 ] ] ], [ [ [ -52.097491409356017, -32.045616782010811 ], [ -52.097502703569532, -32.045492879155397 ], [ -52.097295778372718, -32.045397542112688 ], [ -52.097163924321919, -32.045554752775502 ], [ -52.096993826813375, -32.045528525144775 ], [ -52.09681505112956, -32.045575277972411 ], [ -52.096769926555787, -32.04564348028196 ], [ -52.096808557296143, -32.045716378511848 ], [ -52.096940403062526, -32.045727833792903 ], [ -52.097181734594201, -32.045618902704533 ], [ -52.097491409356017, -32.045616782010811 ] ] ], [ [ [ -52.097307749527126, -32.046858992772947 ], [ -52.097354037710154, -32.046753485496637 ], [ -52.097241568102334, -32.046695031964177 ], [ -52.096932105533206, -32.046851951512345 ], [ -52.097011956554816, -32.04693683150699 ], [ -52.097307749527126, -32.046858992772947 ] ] ], [ [ [ -52.09743688107293, -32.046271827772635 ], [ -52.097426366534521, -32.046142288312005 ], [ -52.097189694171973, -32.046099239045901 ], [ -52.097025045027024, -32.046251777916709 ], [ -52.097105043103696, -32.046332332649946 ], [ -52.09743688107293, -32.046271827772635 ] ] ], [ [ [ -52.097267458817427, -32.037665834505169 ], [ -52.097101337083288, -32.037671843688102 ], [ -52.097063812620675, -32.037788979481959 ], [ -52.097264238361241, -32.037812166294408 ], [ -52.097306143816951, -32.037745273003416 ], [ -52.097267458817427, -32.037665834505169 ] ] ], [ [ [ -52.097422357311579, -32.03209810634538 ], [ -52.097286157649059, -32.032065912573167 ], [ -52.097248599500922, -32.032232590980854 ], [ -52.097432834956606, -32.032222985254315 ], [ -52.097422357311579, -32.03209810634538 ] ] ], [ [ [ -52.09756882404826, -32.033901380524739 ], [ -52.097627147207227, -32.033598996486056 ], [ -52.097556889481396, -32.033557256804421 ], [ -52.097298650215244, -32.033606200602918 ], [ -52.097241913825769, -32.033690157271934 ], [ -52.09743473510062, -32.033944672122651 ], [ -52.09756882404826, -32.033901380524739 ] ] ], [ [ [ -52.097598080768115, -32.035431148269666 ], [ -52.097604402866324, -32.035315145714335 ], [ -52.097483141462369, -32.035310358481439 ], [ -52.097476819364161, -32.03542636103677 ], [ -52.097598080768115, -32.035431148269666 ] ] ], [ [ [ -52.09779753582972, -32.045560069494876 ], [ -52.097765464361771, -32.045440461792801 ], [ -52.09764955615465, -32.045477601836652 ], [ -52.097686270325816, -32.045592787000636 ], [ -52.09779753582972, -32.045560069494876 ] ] ], [ [ [ -52.099193291990218, -32.045874516469226 ], [ -52.099116121044418, -32.045785367215011 ], [ -52.098452630238597, -32.045927607350194 ], [ -52.098342259561576, -32.045804211972722 ], [ -52.098327604332916, -32.045671777734832 ], [ -52.098248230517086, -32.045643995732945 ], [ -52.098188326896938, -32.04570072352432 ], [ -52.098217730634602, -32.045842589798823 ], [ -52.098150451984836, -32.045987439723625 ], [ -52.097799825289428, -32.045971824306605 ], [ -52.097648022063517, -32.046152053466045 ], [ -52.097730114492741, -32.046211619206055 ], [ -52.098238418356161, -32.046191372385657 ], [ -52.098280773496867, -32.046396159962043 ], [ -52.098134123036402, -32.046455419116256 ], [ -52.097938624346064, -32.046650978376924 ], [ -52.098018505801619, -32.04673533188798 ], [ -52.098272122786234, -32.046692777953517 ], [ -52.098537333692875, -32.046385197515619 ], [ -52.098481103207739, -32.046113238289408 ], [ -52.098778473363282, -32.046050516140944 ], [ -52.098871453199116, -32.046207320871069 ], [ -52.098948935465536, -32.046220049730266 ], [ -52.099193291990218, -32.045874516469226 ] ] ], [ [ [ -52.097778265930067, -32.046812252112737 ], [ -52.097876620906263, -32.046770886468032 ], [ -52.097838665974798, -32.046660963273951 ], [ -52.097718997021495, -32.046714333538603 ], [ -52.097778265930067, -32.046812252112737 ] ] ], [ [ [ -52.098004893819919, -32.039698502237847 ], [ -52.097997678122034, -32.039588411968218 ], [ -52.097887768138371, -32.03958897290503 ], [ -52.097895410883169, -32.039712722770382 ], [ -52.098004893819919, -32.039698502237847 ] ] ], [ [ [ -52.098210986164084, -32.036688157299686 ], [ -52.098088577489825, -32.036683154310722 ], [ -52.098090947857784, -32.036833013524969 ], [ -52.098228895885306, -32.03679335749225 ], [ -52.098210986164084, -32.036688157299686 ] ] ], [ [ [ -52.098651839252653, -32.029910168691849 ], [ -52.098662353791028, -32.030039708152493 ], [ -52.098873395704672, -32.030007067368011 ], [ -52.098834151081185, -32.029897459115404 ], [ -52.098651839252653, -32.029910168691849 ] ] ], [ [ [ -52.098743184693241, -32.046288344215938 ], [ -52.098719325975438, -32.046424577911147 ], [ -52.098886642999844, -32.046441347989195 ], [ -52.09888889587635, -32.046272574371287 ], [ -52.098743184693241, -32.046288344215938 ] ] ], [ [ [ -52.099340882171454, -32.047224860428386 ], [ -52.099155943136367, -32.047134195804219 ], [ -52.099150071636323, -32.046894092319064 ], [ -52.099013270985871, -32.046842736733225 ], [ -52.098965460913078, -32.046700573442308 ], [ -52.098721333169664, -32.046770324870103 ], [ -52.098737869069993, -32.046893777425225 ], [ -52.098929124308754, -32.046938553805894 ], [ -52.099040072068199, -32.04736211735073 ], [ -52.099330676228874, -32.047327156058671 ], [ -52.099340882171454, -32.047224860428386 ] ] ], [ [ [ -52.098950552886606, -32.031664469764316 ], [ -52.099139030861686, -32.031501212707191 ], [ -52.099069058943684, -32.031273276027569 ], [ -52.09896564282387, -32.031219267219953 ], [ -52.09882889929829, -32.031542816175978 ], [ -52.098950552886606, -32.031664469764316 ] ] ], [ [ [ -52.099176609549644, -32.031603350457715 ], [ -52.099390228071499, -32.031580341540554 ], [ -52.099371358775947, -32.031481901354539 ], [ -52.099169209719918, -32.03148691555031 ], [ -52.099176609549644, -32.031603350457715 ] ] ], [ [ [ -52.099840425532392, -32.046358809993315 ], [ -52.099661753581849, -32.046212394036246 ], [ -52.099542513337269, -32.046304524513872 ], [ -52.099607929226096, -32.046512129171091 ], [ -52.099694353419927, -32.046572024311672 ], [ -52.09982941606772, -32.046516189173111 ], [ -52.099840425532392, -32.046358809993315 ] ] ], [ [ [ -52.100096676043897, -32.042443335011377 ], [ -52.100102998142106, -32.042327332456047 ], [ -52.099981736738151, -32.042322545223151 ], [ -52.099975414639943, -32.042438547778481 ], [ -52.100096676043897, -32.042443335011377 ] ] ], [ [ [ -52.100246594324254, -32.044437539991378 ], [ -52.100177092363246, -32.044513864284731 ], [ -52.100218579879531, -32.044603438150475 ], [ -52.1003963140694, -32.044568270469775 ], [ -52.100381254599064, -32.044438036059567 ], [ -52.100246594324254, -32.044437539991378 ] ] ], [ [ [ -52.10118130174115, -32.030210778074547 ], [ -52.101134126358289, -32.03012419034696 ], [ -52.100981907587823, -32.030148461357037 ], [ -52.10092562146022, -32.030202020181875 ], [ -52.100936332999822, -32.030343135275636 ], [ -52.100788126950363, -32.030371359082487 ], [ -52.100643770381595, -32.030273220404098 ], [ -52.100546747748368, -32.030402434453499 ], [ -52.100677749648419, -32.030564043340654 ], [ -52.100918014639277, -32.03060934926296 ], [ -52.10118130174115, -32.030210778074547 ] ] ], [ [ [ -52.101305673758098, -32.03659984605985 ], [ -52.101311995856143, -32.036483843504584 ], [ -52.101162791636504, -32.036458851318237 ], [ -52.100927812605896, -32.036548906938044 ], [ -52.100758671552001, -32.036504113998639 ], [ -52.100555139261232, -32.036676834989862 ], [ -52.100675293795966, -32.036785795125972 ], [ -52.100733735496355, -32.037060065948893 ], [ -52.100833479816899, -32.037104114033376 ], [ -52.100902605288418, -32.037030743914514 ], [ -52.100890918987801, -32.036723789326388 ], [ -52.100964096747276, -32.036650895165039 ], [ -52.101305673758098, -32.03659984605985 ] ] ], [ [ [ -52.100897359370684, -32.033798156575699 ], [ -52.100884645880761, -32.033701588033296 ], [ -52.100800614138947, -32.033678156575832 ], [ -52.100603105400459, -32.033729174467332 ], [ -52.100563105400461, -32.033799656194851 ], [ -52.100603105400459, -32.033868938227151 ], [ -52.100728595899994, -32.033879656194848 ], [ -52.100897359370684, -32.033798156575699 ] ] ], [ [ [ -52.100626563924365, -32.041919521877951 ], [ -52.100620231583022, -32.042035513614572 ], [ -52.100741165660267, -32.042037094815861 ], [ -52.100741173561971, -32.041923660407264 ], [ -52.100626563924365, -32.041919521877951 ] ] ], [ [ [ -52.100926705622044, -32.037580469449743 ], [ -52.100836157964544, -32.037495254428329 ], [ -52.100721308425967, -32.037598905228663 ], [ -52.100858179284621, -32.037665667046568 ], [ -52.100926705622044, -32.037580469449743 ] ] ], [ [ [ -52.101341257272487, -32.038701935515832 ], [ -52.101503300204001, -32.038615968716684 ], [ -52.101491007905274, -32.038534971920512 ], [ -52.101270697641013, -32.038398589673321 ], [ -52.101193952515182, -32.038193852353366 ], [ -52.101085311265976, -32.038184540903771 ], [ -52.101008373249165, -32.038461049846568 ], [ -52.101123969264691, -32.03863918252538 ], [ -52.101138611385117, -32.038813128148234 ], [ -52.101296796591143, -32.03887332280879 ], [ -52.101341257272487, -32.038701935515832 ] ] ], [ [ [ -52.101121599934459, -32.034766254518509 ], [ -52.101475500751732, -32.03468893856337 ], [ -52.101469870272325, -32.034595203131964 ], [ -52.10131609541645, -32.034544515468582 ], [ -52.101277021226693, -32.03436763112073 ], [ -52.101163407908054, -32.034342849246286 ], [ -52.101050911967441, -32.034723713980853 ], [ -52.101121599934459, -32.034766254518509 ] ] ], [ [ [ -52.103144414450782, -32.040215685734388 ], [ -52.103254879849928, -32.040125579968766 ], [ -52.103240920752377, -32.040014935945358 ], [ -52.102731258559579, -32.039783353754956 ], [ -52.102819901133422, -32.039516411985524 ], [ -52.102781327271344, -32.039305266784133 ], [ -52.102892180535704, -32.039158381797492 ], [ -52.102875284008391, -32.039060388210004 ], [ -52.102697112909823, -32.038990472284752 ], [ -52.102553908419694, -32.039116604766413 ], [ -52.102267265637302, -32.03906917069591 ], [ -52.102194697140547, -32.039276087901591 ], [ -52.102068603374654, -32.039293241248828 ], [ -52.101939293843579, -32.039165859076938 ], [ -52.101945801180975, -32.03889214992779 ], [ -52.102304013773661, -32.038788167318842 ], [ -52.102343220762037, -32.038652008060708 ], [ -52.102156281079537, -32.038578245983956 ], [ -52.102021586560362, -32.038427865133833 ], [ -52.101914479222266, -32.038561112660453 ], [ -52.10171022627172, -32.038651144328128 ], [ -52.101714284592354, -32.038843331729183 ], [ -52.101481768055969, -32.039322606792446 ], [ -52.101498971332596, -32.039457573496662 ], [ -52.101386957470361, -32.039623246221971 ], [ -52.101398837275021, -32.039703919785843 ], [ -52.101514708644324, -32.03975249411009 ], [ -52.101705940855219, -32.039642956694159 ], [ -52.102177186427951, -32.039810507148779 ], [ -52.102362951517549, -32.039920464315593 ], [ -52.102335331232091, -32.040103010606956 ], [ -52.102382546738149, -32.040166619166691 ], [ -52.102632044308457, -32.040005527601579 ], [ -52.103144414450782, -32.040215685734388 ] ] ], [ [ [ -52.101554559216488, -32.036553532433764 ], [ -52.10155084574513, -32.036428576561562 ], [ -52.101417475429749, -32.036456155579046 ], [ -52.101443643536108, -32.036568499884851 ], [ -52.101554559216488, -32.036553532433764 ] ] ], [ [ [ -52.101645360111824, -32.037952934241353 ], [ -52.101738883471732, -32.037875145340458 ], [ -52.101720191399636, -32.03774172268222 ], [ -52.101646693672201, -32.037703307745353 ], [ -52.101467700184365, -32.037860074314011 ], [ -52.101645360111824, -32.037952934241353 ] ] ], [ [ [ -52.101868742909367, -32.037274134564946 ], [ -52.101861299887766, -32.037028103021299 ], [ -52.101968337265198, -32.036595546486716 ], [ -52.102152965624249, -32.03647505839163 ], [ -52.101985199447924, -32.036275551597804 ], [ -52.101650789058191, -32.036440755837809 ], [ -52.101772103114548, -32.036621803937258 ], [ -52.101764119527907, -32.037028103021299 ], [ -52.101581892185685, -32.037355308770465 ], [ -52.101653865117832, -32.037663821708314 ], [ -52.101763779145109, -32.037626991928178 ], [ -52.101750485446885, -32.037507901389425 ], [ -52.101868742909367, -32.037274134564946 ] ] ], [ [ [ -52.10230715107982, -32.041507571163123 ], [ -52.102405266607803, -32.0414968934546 ], [ -52.102468368518117, -32.041323841795823 ], [ -52.102287661271795, -32.041138363508004 ], [ -52.10200750495008, -32.040983570736557 ], [ -52.101701648496139, -32.041082764922422 ], [ -52.101651203343138, -32.041257823637878 ], [ -52.101729405850101, -32.041443657259769 ], [ -52.101913789250219, -32.041502171122268 ], [ -52.101974754946745, -32.04132892367933 ], [ -52.102053179762123, -32.041294063729204 ], [ -52.10230715107982, -32.041507571163123 ] ] ], [ [ [ -52.101905317910386, -32.046064113622485 ], [ -52.101815132677572, -32.046092888811941 ], [ -52.101773999433981, -32.046223984766137 ], [ -52.10178279980412, -32.046323369589018 ], [ -52.101867019247919, -32.046374198158119 ], [ -52.101965282288248, -32.046291468310592 ], [ -52.102003534846027, -32.046151753934843 ], [ -52.101905317910386, -32.046064113622485 ] ] ], [ [ [ -52.102094502504968, -32.036090488715196 ], [ -52.101988137109061, -32.036014958152521 ], [ -52.101936252085828, -32.03612333704789 ], [ -52.10203966820567, -32.036177345855492 ], [ -52.102094502504968, -32.036090488715196 ] ] ], [ [ [ -52.102502832651659, -32.038120295510581 ], [ -52.102436459013312, -32.037951798795184 ], [ -52.102566059637489, -32.037703512768971 ], [ -52.10245748988973, -32.037627549108521 ], [ -52.102344622493113, -32.037749013295461 ], [ -52.102347985908203, -32.0379165972316 ], [ -52.102058459630378, -32.038105890948749 ], [ -52.102043001206766, -32.038383710988391 ], [ -52.102364182453861, -32.038398340234764 ], [ -52.102461488639847, -32.038537853295111 ], [ -52.10254327631597, -32.038540584986897 ], [ -52.102744117937007, -32.038348430420193 ], [ -52.102502832651659, -32.038120295510581 ] ] ], [ [ [ -52.102326786305547, -32.03289627123381 ], [ -52.102203841038801, -32.032866431530998 ], [ -52.102162483210428, -32.032975299611927 ], [ -52.102313778870091, -32.033021454636234 ], [ -52.102326786305547, -32.03289627123381 ] ] ], [ [ [ -52.102386341946143, -32.040259437319023 ], [ -52.102340787662527, -32.040152098775245 ], [ -52.102236477420249, -32.040200360318238 ], [ -52.102281315967467, -32.040302704795138 ], [ -52.102386341946143, -32.040259437319023 ] ] ], [ [ [ -52.102682693882514, -32.041104597519237 ], [ -52.102685306857872, -32.040948277515128 ], [ -52.102460114250569, -32.040883199134306 ], [ -52.102401049449085, -32.040776744272513 ], [ -52.102285142619493, -32.040789900176222 ], [ -52.102296113710061, -32.040914998505038 ], [ -52.102416956232553, -32.040942001752903 ], [ -52.102557056836432, -32.041143514655623 ], [ -52.102682693882514, -32.041104597519237 ] ] ], [ [ [ -52.102461790310912, -32.036418551394434 ], [ -52.102383050564974, -32.036512695382889 ], [ -52.102498066158539, -32.036611730568119 ], [ -52.10265176153635, -32.036617004576506 ], [ -52.102734828321374, -32.036554804856713 ], [ -52.102658137022672, -32.036426871839758 ], [ -52.102461790310912, -32.036418551394434 ] ] ], [ [ [ -52.102575860976984, -32.03327094985633 ], [ -52.102672358425011, -32.032971978262871 ], [ -52.102565581683081, -32.032893101600607 ], [ -52.102429965535727, -32.032926933172369 ], [ -52.102399350861127, -32.033000843534964 ], [ -52.102476913268376, -32.033251445649391 ], [ -52.102575860976984, -32.03327094985633 ] ] ], [ [ [ -52.102755220716965, -32.038851288989122 ], [ -52.102677139097104, -32.038755946975002 ], [ -52.102578689584938, -32.038766664942699 ], [ -52.102537801666806, -32.038836834893132 ], [ -52.102649490157248, -32.038995035987881 ], [ -52.102755220716965, -32.038851288989122 ] ] ], [ [ [ -52.102814237844605, -32.032952757947378 ], [ -52.102743325845935, -32.032995724335009 ], [ -52.102748584657839, -32.033078470736257 ], [ -52.102907319039979, -32.033102379045431 ], [ -52.10293152192876, -32.032988251514134 ], [ -52.102814237844605, -32.032952757947378 ] ] ], [ [ [ -52.103202410374536, -32.034620130908074 ], [ -52.102937965928795, -32.034527179434981 ], [ -52.102734486801026, -32.034690179861094 ], [ -52.102797447552717, -32.034764146637407 ], [ -52.103179689646041, -32.034763428232218 ], [ -52.1032363622055, -32.034705098276632 ], [ -52.103202410374536, -32.034620130908074 ] ] ], [ [ [ -52.103660348833507, -32.038406975868114 ], [ -52.103501737420444, -32.038154615987587 ], [ -52.103228290466603, -32.038149928587821 ], [ -52.10320159276376, -32.038244917559041 ], [ -52.103301504322843, -32.038374466961272 ], [ -52.103187428092888, -32.038500079200553 ], [ -52.102919588431995, -32.038352223087642 ], [ -52.102797374678872, -32.038358053653553 ], [ -52.102850589751014, -32.038568715993833 ], [ -52.103029445256034, -32.038648297867731 ], [ -52.102977636560311, -32.038975358721096 ], [ -52.103110224019893, -32.038987267108297 ], [ -52.103245393907322, -32.038790904886298 ], [ -52.10342204174728, -32.038683547085043 ], [ -52.103484666549697, -32.038524302992087 ], [ -52.103638292787529, -32.038483741899256 ], [ -52.103660348833507, -32.038406975868114 ] ] ], [ [ [ -52.103839269025883, -32.0368531092167 ], [ -52.104035331668179, -32.036715661983102 ], [ -52.103988034508191, -32.036628371458775 ], [ -52.103681638524165, -32.036618471849764 ], [ -52.103309395002675, -32.036475949570864 ], [ -52.103121897912168, -32.036652900410353 ], [ -52.103202545448482, -32.036766181594601 ], [ -52.103368661075784, -32.03670223002473 ], [ -52.103839269025883, -32.0368531092167 ] ] ], [ [ [ -52.10338199478668, -32.03601997521578 ], [ -52.103464699914269, -32.035929289019975 ], [ -52.103379625882162, -32.035849450093394 ], [ -52.10330560810015, -32.035912498728145 ], [ -52.103345905422842, -32.03601112909702 ], [ -52.103265308176347, -32.036073698423358 ], [ -52.103326608845556, -32.036220375831221 ], [ -52.103422292109371, -32.036158905508458 ], [ -52.10338199478668, -32.03601997521578 ] ] ], [ [ [ -52.103378436777845, -32.037546949260914 ], [ -52.103302906215156, -32.037653314656794 ], [ -52.103411285110553, -32.037705199680062 ], [ -52.10346529391817, -32.037601783560248 ], [ -52.103378436777845, -32.037546949260914 ] ] ], [ [ [ -52.103530718940078, -32.031773994525665 ], [ -52.103561946268826, -32.031660706647038 ], [ -52.103446103088331, -32.031634882458789 ], [ -52.103416974804091, -32.031750579003877 ], [ -52.103530718940078, -32.031773994525665 ] ] ], [ [ [ -52.103688352786037, -32.034555175771764 ], [ -52.103464724285018, -32.034767018449742 ], [ -52.103585566154194, -32.034908418678533 ], [ -52.103870817992977, -32.03478478091035 ], [ -52.103688352786037, -32.034555175771764 ] ] ], [ [ [ -52.103699685854323, -32.039534232049824 ], [ -52.103661761052358, -32.039443872844245 ], [ -52.103524445488404, -32.039444002068713 ], [ -52.103467704783483, -32.039579007475545 ], [ -52.103606017138759, -32.039639819364766 ], [ -52.103699685854323, -32.039534232049824 ] ] ], [ [ [ -52.104190098542723, -32.030430990276564 ], [ -52.104130804066358, -32.030353716210463 ], [ -52.103885156895942, -32.030342939006879 ], [ -52.103860697651946, -32.030021227295904 ], [ -52.10363661757718, -32.030050863509764 ], [ -52.103545299761876, -32.03040965246214 ], [ -52.103607691021701, -32.030563273656178 ], [ -52.103881108325048, -32.03055043068926 ], [ -52.104097813447574, -32.030629079795325 ], [ -52.104190098542723, -32.030430990276564 ] ] ], [ [ [ -52.104673086781439, -32.037524602074292 ], [ -52.104424054584797, -32.037501044441797 ], [ -52.104339455222032, -32.037665546469853 ], [ -52.104016190311242, -32.037607309677604 ], [ -52.103988224511227, -32.037475826357159 ], [ -52.104162857737784, -32.037384338514322 ], [ -52.104190098542723, -32.037148160308533 ], [ -52.104150098542718, -32.037068205445301 ], [ -52.104064161055135, -32.037069911173447 ], [ -52.10395179887098, -32.037218113681476 ], [ -52.103907102298813, -32.037422200084471 ], [ -52.103757935026223, -32.037575908611345 ], [ -52.103578627616258, -32.037631256627968 ], [ -52.103625959176057, -32.037791314683936 ], [ -52.103578826665597, -32.037988805045458 ], [ -52.103698305932362, -32.03802748992404 ], [ -52.103804395313823, -32.037819773188858 ], [ -52.103884881274801, -32.037788150719081 ], [ -52.104191259807244, -32.037880942702138 ], [ -52.104253304074625, -32.038011986583953 ], [ -52.104426406013616, -32.038081705490626 ], [ -52.104711730873909, -32.037611892856027 ], [ -52.104673086781439, -32.037524602074292 ] ] ], [ [ [ -52.103787099304697, -32.041993680387272 ], [ -52.103672792400218, -32.041921409810236 ], [ -52.103596015592892, -32.041994457729281 ], [ -52.103595309018722, -32.042098029906803 ], [ -52.103742308220546, -32.04214020298371 ], [ -52.103787099304697, -32.041993680387272 ] ] ], [ [ [ -52.104349329856213, -32.03884768015488 ], [ -52.104221083528259, -32.038764999440794 ], [ -52.10414819452955, -32.038574869593425 ], [ -52.10381266948022, -32.038440538189192 ], [ -52.103727327091633, -32.038482051743038 ], [ -52.103747387375229, -32.038866128778714 ], [ -52.103935639736378, -32.038959979943606 ], [ -52.104157202532988, -32.038868773968375 ], [ -52.104265077688034, -32.039028770164443 ], [ -52.10433935030256, -32.03899036228777 ], [ -52.104349329856213, -32.03884768015488 ] ] ], [ [ [ -52.103846566751393, -32.033380053426967 ], [ -52.103852654012123, -32.033500355228057 ], [ -52.103969088919506, -32.033492955398366 ], [ -52.103963667289818, -32.033372574658763 ], [ -52.103846566751393, -32.033380053426967 ] ] ], [ [ [ -52.103964048720449, -32.034703381581018 ], [ -52.103941253451666, -32.034802742687368 ], [ -52.10405453355942, -32.034835743514741 ], [ -52.104081521097889, -32.034724153225945 ], [ -52.103964048720449, -32.034703381581018 ] ] ], [ [ [ -52.1058441455653, -32.047808412622601 ], [ -52.106031499591367, -32.047499277211472 ], [ -52.105846519378403, -32.047364419403252 ], [ -52.105910192421078, -32.047119714491977 ], [ -52.105871389613604, -32.046999450250993 ], [ -52.105592583885496, -32.046958308102525 ], [ -52.105512692157248, -32.047027998646463 ], [ -52.105487053475017, -32.047261844950818 ], [ -52.105595863350146, -32.047394280880312 ], [ -52.105577174363098, -32.047557742066161 ], [ -52.105237735204419, -32.047549974238727 ], [ -52.104970900812916, -32.047902267649746 ], [ -52.10486239658313, -32.047883778281474 ], [ -52.104811837814445, -32.047708561369291 ], [ -52.104714633521105, -32.047695178165107 ], [ -52.104650992446082, -32.047971035680838 ], [ -52.104364429529298, -32.048031340540106 ], [ -52.10425759283585, -32.048210482693392 ], [ -52.104487037813932, -32.048274355188155 ], [ -52.104572680327671, -32.048505802601412 ], [ -52.104806685592713, -32.048505850253839 ], [ -52.105041888526003, -32.048366379320136 ], [ -52.105376451025343, -32.048598488581646 ], [ -52.10583659431127, -32.048129976774774 ], [ -52.105903107207979, -32.047980754528893 ], [ -52.1058441455653, -32.047808412622601 ] ] ], [ [ [ -52.104673697628357, -32.03360721400189 ], [ -52.104492733071645, -32.033479421401118 ], [ -52.104386233806622, -32.03353553810053 ], [ -52.104416350431293, -32.033656494448302 ], [ -52.104570644200081, -32.03371634861854 ], [ -52.104650266170857, -32.033694137123994 ], [ -52.104673697628357, -32.03360721400189 ] ] ], [ [ [ -52.104916556314826, -32.040387883588821 ], [ -52.104808683885288, -32.040303912387067 ], [ -52.104741550969436, -32.040434650679423 ], [ -52.10485531477665, -32.04048611776463 ], [ -52.104916556314826, -32.040387883588821 ] ] ], [ [ [ -52.104992465585639, -32.036579343446959 ], [ -52.104895324842389, -32.036358454986633 ], [ -52.104805318609557, -32.036395717561263 ], [ -52.104864949636926, -32.036606846067912 ], [ -52.104992465585639, -32.036579343446959 ] ] ], [ [ [ -52.105424246866015, -32.049261814106771 ], [ -52.105855925979924, -32.048818574783375 ], [ -52.105791735443134, -32.048726932646311 ], [ -52.105464816980309, -32.048788901940199 ], [ -52.105308978373046, -32.048630098497185 ], [ -52.105100433345996, -32.048761416964588 ], [ -52.105160607924873, -32.049078771793738 ], [ -52.105311361107837, -32.049285910774643 ], [ -52.105424246866015, -32.049261814106771 ] ] ], [ [ [ -52.105462685852309, -32.036475025361291 ], [ -52.105468153093945, -32.036351473623803 ], [ -52.105346242581767, -32.036354278430991 ], [ -52.105340019203332, -32.036479338263554 ], [ -52.105199704518888, -32.036597597432774 ], [ -52.105219446560049, -32.036721403379772 ], [ -52.105381837933727, -32.036720602954126 ], [ -52.105377812668024, -32.036501652205175 ], [ -52.105462685852309, -32.036475025361291 ] ] ], [ [ [ -52.106002871111244, -32.048699391953448 ], [ -52.106243426274943, -32.048373498029996 ], [ -52.106160033840048, -32.048293569991202 ], [ -52.105982557789488, -32.048423774121176 ], [ -52.105891546418938, -32.048666819648503 ], [ -52.106002871111244, -32.048699391953448 ] ] ], [ [ [ -52.106366266229635, -32.034904597215274 ], [ -52.106262417390134, -32.034828156049784 ], [ -52.106191496190142, -32.03495162501472 ], [ -52.106306935983369, -32.035005331519862 ], [ -52.106366266229635, -32.034904597215274 ] ] ], [ [ [ -52.10669114755715, -32.048968474204088 ], [ -52.106755903805251, -32.048585629801764 ], [ -52.106657857180402, -32.048584928436405 ], [ -52.106473072672969, -32.048790044950074 ], [ -52.106477771618664, -32.048883980219607 ], [ -52.10669114755715, -32.048968474204088 ] ] ], [ [ [ -52.107252888851463, -32.048146258246199 ], [ -52.107193736002685, -32.048067838528922 ], [ -52.107103018131035, -32.048099867780309 ], [ -52.106855247623201, -32.048411588955595 ], [ -52.106874961618743, -32.048509187279592 ], [ -52.107082587549527, -32.048572573665901 ], [ -52.107188201657841, -32.048529197024806 ], [ -52.107209788769268, -32.04844765947901 ], [ -52.107131495756839, -32.04830660442591 ], [ -52.107252888851463, -32.048146258246199 ] ] ], [ [ [ -52.107294677047896, -32.035497280146942 ], [ -52.107403271896672, -32.035316684360396 ], [ -52.107264306606751, -32.035189784109946 ], [ -52.107067728313986, -32.035331129928586 ], [ -52.107140814632857, -32.035487073341685 ], [ -52.107294677047896, -32.035497280146942 ] ] ], [ [ [ -52.10738262945133, -32.048895379030384 ], [ -52.107776791761182, -32.048427502900722 ], [ -52.107691976111191, -32.04830300485348 ], [ -52.107597785453244, -32.048332402856069 ], [ -52.107562701451009, -32.048455372859607 ], [ -52.107265114263519, -32.048678616534737 ], [ -52.107217516424399, -32.048911158762664 ], [ -52.10738262945133, -32.048895379030384 ] ] ], [ [ [ -52.107430672842732, -32.048041198068368 ], [ -52.107430361065653, -32.047927749206295 ], [ -52.107316352473269, -32.047928620713684 ], [ -52.107316315807836, -32.048041721109463 ], [ -52.107430672842732, -32.048041198068368 ] ] ], [ [ [ -52.108329958745735, -32.026961884694707 ], [ -52.10815645687466, -32.026867469453137 ], [ -52.107996392000366, -32.026926431084753 ], [ -52.107967869587817, -32.02700482821367 ], [ -52.108024616106313, -32.027065979423625 ], [ -52.108272255573965, -32.027087490071906 ], [ -52.108339317927822, -32.027038044939019 ], [ -52.108329958745735, -32.026961884694707 ] ] ], [ [ [ -52.108327591254465, -32.033409354945256 ], [ -52.108305197600856, -32.033332064268542 ], [ -52.108184123175555, -32.033275157337805 ], [ -52.1080794949726, -32.033287750067259 ], [ -52.108011081880917, -32.03340332546798 ], [ -52.108200029827543, -32.033577948678989 ], [ -52.108327591254465, -32.033409354945256 ] ] ], [ [ [ -52.110689873538313, -32.048331446535592 ], [ -52.110377983756393, -32.048277717657932 ], [ -52.109922386608005, -32.048843679280623 ], [ -52.109689290012341, -32.048841818386933 ], [ -52.109547715075351, -32.048982128235842 ], [ -52.109393556537071, -32.049014324179495 ], [ -52.109297632379274, -32.049324177284525 ], [ -52.109219855665536, -32.049368927514159 ], [ -52.109121305140661, -32.049271897092808 ], [ -52.109163802646606, -32.04909378109376 ], [ -52.109366337130417, -32.048957275072354 ], [ -52.109410057466071, -32.048807244196915 ], [ -52.109769317524091, -32.048590881611688 ], [ -52.109693482238008, -32.048414154321428 ], [ -52.109226205161107, -32.048330026543589 ], [ -52.109189477764822, -32.048513175787477 ], [ -52.10892863438071, -32.04883086586517 ], [ -52.108453598888296, -32.049355537751488 ], [ -52.108191741755022, -32.04959020738572 ], [ -52.10805820391586, -32.049635123304832 ], [ -52.108028318790772, -32.049902020064579 ], [ -52.108154533269499, -32.049967303359089 ], [ -52.108224182256251, -32.050098350520173 ], [ -52.108307296889194, -32.050092418505926 ], [ -52.108478758932137, -32.049975306340379 ], [ -52.108559345484196, -32.04979818815756 ], [ -52.108948377046353, -32.04939650694628 ], [ -52.10908738243895, -32.049445613817042 ], [ -52.10914739504927, -32.049581664804329 ], [ -52.1092988985733, -32.04960280345631 ], [ -52.109614673071171, -32.049807152685382 ], [ -52.109692519645378, -32.049450705991461 ], [ -52.109794462082284, -32.049394410273109 ], [ -52.109996539648961, -32.049438009052857 ], [ -52.110101847440923, -32.049283286767064 ], [ -52.110046082106585, -32.049138375972611 ], [ -52.11008850086705, -32.049045505827316 ], [ -52.110466168688284, -32.048910939778999 ], [ -52.110446967037035, -32.0487304167114 ], [ -52.110709099087131, -32.048433453957017 ], [ -52.110689873538313, -32.048331446535592 ] ] ], [ [ [ -52.108916444591316, -32.032042167179405 ], [ -52.108770065351415, -32.032018748805363 ], [ -52.108750136117038, -32.032141207041477 ], [ -52.108905182858912, -32.032179694625448 ], [ -52.108916444591316, -32.032042167179405 ] ] ], [ [ [ -52.109141325881673, -32.032146759471324 ], [ -52.109061486955085, -32.032231833503417 ], [ -52.109152047294074, -32.032316971228987 ], [ -52.109240550658974, -32.032229669516262 ], [ -52.109141325881673, -32.032146759471324 ] ] ], [ [ [ -52.109415478275331, -32.030896156052357 ], [ -52.10930873244542, -32.030835698996398 ], [ -52.109241077256435, -32.030963375377254 ], [ -52.109366787234499, -32.03100406850718 ], [ -52.109415478275331, -32.030896156052357 ] ] ], [ [ [ -52.109804508109939, -32.048353092133361 ], [ -52.109781232140904, -32.048238159951211 ], [ -52.109665955449891, -32.048267921530353 ], [ -52.10969082583437, -32.048375115956034 ], [ -52.109804508109939, -32.048353092133361 ] ] ], [ [ [ -52.110272707957861, -32.032803647806041 ], [ -52.110204999198238, -32.032421492764698 ], [ -52.109915914273039, -32.032464521766656 ], [ -52.109726535876867, -32.032794474073626 ], [ -52.109814119663611, -32.033025524838088 ], [ -52.109995371645716, -32.033040119949888 ], [ -52.11011606340314, -32.033151253985316 ], [ -52.110229545663024, -32.033128325151061 ], [ -52.110194780566474, -32.032924164624021 ], [ -52.110272707957861, -32.032803647806041 ] ] ], [ [ [ -52.110091347657807, -32.040126868451303 ], [ -52.110162755873915, -32.040097675787422 ], [ -52.110167526509919, -32.040003676847846 ], [ -52.109948540261776, -32.039894630607421 ], [ -52.109916821280393, -32.040001284730295 ], [ -52.110091347657807, -32.040126868451303 ] ] ], [ [ [ -52.111871914592513, -32.049899843322947 ], [ -52.1119042943021, -32.049504118117483 ], [ -52.111649560309111, -32.049471465582926 ], [ -52.111595125811071, -32.049407091410387 ], [ -52.111596440941696, -32.049177829683877 ], [ -52.111697568057146, -32.048999262922308 ], [ -52.111716041365462, -32.04876403180635 ], [ -52.111604568006356, -32.048598942237426 ], [ -52.111434731191352, -32.048639772248386 ], [ -52.111262068392762, -32.048579219351637 ], [ -52.111047337691154, -32.048836335017583 ], [ -52.110629397260922, -32.049713090471535 ], [ -52.110487583345538, -32.049847389081748 ], [ -52.110424999121875, -32.050081266153086 ], [ -52.110283035636535, -32.05020099415156 ], [ -52.110235087113161, -32.05035151591624 ], [ -52.110290477890679, -32.050521381953345 ], [ -52.110089306326906, -32.050588820516722 ], [ -52.109960636246107, -32.050765193084807 ], [ -52.109948296246259, -32.05088870205136 ], [ -52.110523299622322, -32.050924269952823 ], [ -52.110793886143576, -32.050620667300095 ], [ -52.111161397366288, -32.050674006452965 ], [ -52.11128077725094, -32.050384778610912 ], [ -52.11127013377714, -32.050191426449764 ], [ -52.111442538140587, -32.050013796250141 ], [ -52.111623130865595, -32.050078117682524 ], [ -52.111761799200998, -32.050054038327616 ], [ -52.111871914592513, -32.049899843322947 ] ] ], [ [ [ -52.110351647409203, -32.036571949377205 ], [ -52.110241529535983, -32.036504707080958 ], [ -52.110160085887593, -32.03663311713612 ], [ -52.110259221476802, -32.036690312749023 ], [ -52.110351647409203, -32.036571949377205 ] ] ], [ [ [ -52.110297095454584, -32.046154809868099 ], [ -52.110175317128004, -32.046179334603409 ], [ -52.110209280181749, -32.046292273950755 ], [ -52.110327852896845, -32.046266645030656 ], [ -52.110297095454584, -32.046154809868099 ] ] ], [ [ [ -52.110616074097415, -32.041172692383817 ], [ -52.110527164098336, -32.041245568266696 ], [ -52.110600964969244, -32.041361725983016 ], [ -52.110855335099096, -32.04138197345241 ], [ -52.110847683231263, -32.041266199067088 ], [ -52.110616074097415, -32.041172692383817 ] ] ], [ [ [ -52.111095171272112, -32.040364420913718 ], [ -52.110833922681387, -32.040247044155706 ], [ -52.110754083754799, -32.040332118187791 ], [ -52.110920750233348, -32.040480523253201 ], [ -52.111075728055809, -32.04047173743924 ], [ -52.111095171272112, -32.040364420913718 ] ] ], [ [ [ -52.111219900923295, -32.048308922377608 ], [ -52.110795104887899, -32.048358046807785 ], [ -52.110765822855569, -32.048467328840061 ], [ -52.110880173964539, -32.048548828459111 ], [ -52.111218404376373, -32.048474865203289 ], [ -52.111219900923295, -32.048308922377608 ] ] ], [ [ [ -52.111266492020576, -32.041424630974539 ], [ -52.111019336154136, -32.041378180901567 ], [ -52.110962907115528, -32.041476485145679 ], [ -52.111219580139092, -32.041641754401269 ], [ -52.111320031094401, -32.041491966180672 ], [ -52.111266492020576, -32.041424630974539 ] ] ], [ [ [ -52.111995218681727, -32.050495283869026 ], [ -52.111947876697734, -32.050396068403096 ], [ -52.11174257740533, -32.050411513982596 ], [ -52.111644134024445, -32.050505359144793 ], [ -52.111631038300395, -32.050709499398806 ], [ -52.111886795994742, -32.050714306376769 ], [ -52.111995218681727, -32.050495283869026 ] ] ], [ [ [ -52.11215900175111, -32.04101548292924 ], [ -52.112254680945945, -32.040957682634904 ], [ -52.112209528043721, -32.040843747847326 ], [ -52.111938461573523, -32.040773128370169 ], [ -52.111859172258214, -32.040693021599004 ], [ -52.111719376168651, -32.04071955064515 ], [ -52.111735959588522, -32.040853428584199 ], [ -52.11215900175111, -32.04101548292924 ] ] ], [ [ [ -52.112561948897657, -32.050030866348081 ], [ -52.11262764015072, -32.049695293962259 ], [ -52.112510877398705, -32.049639652335685 ], [ -52.11233279103201, -32.04997717213535 ], [ -52.112370683150914, -32.050190407367332 ], [ -52.112467563470481, -32.050177693877529 ], [ -52.112561948897657, -32.050030866348081 ] ] ], [ [ [ -52.112701479726205, -32.043079695638227 ], [ -52.112568745215874, -32.043082692416149 ], [ -52.112486649304394, -32.042987438974308 ], [ -52.112379315995938, -32.043067993707581 ], [ -52.112439494729387, -32.04314596038806 ], [ -52.112550536696581, -32.043122726681489 ], [ -52.112648872255683, -32.043229238517128 ], [ -52.112736996493979, -32.043167692916029 ], [ -52.112701479726205, -32.043079695638227 ] ] ], [ [ [ -52.11316490818075, -32.05132668299602 ], [ -52.113245184341757, -32.051027884542641 ], [ -52.113156287185397, -32.050980470545404 ], [ -52.112936476031607, -32.051288644815315 ], [ -52.11267220685739, -32.051268369344328 ], [ -52.11264876756055, -32.051675755205011 ], [ -52.113024887362585, -32.051796567570136 ], [ -52.113178149132672, -32.051699731494182 ], [ -52.113224152959461, -32.051444018821719 ], [ -52.11316490818075, -32.05132668299602 ] ] ], [ [ [ -52.112965466913884, -32.044210982731684 ], [ -52.112811477526947, -32.044156074959808 ], [ -52.112742037318931, -32.044241710903862 ], [ -52.112796116655886, -32.044318786881625 ], [ -52.112910027404958, -32.044336959816512 ], [ -52.112965466913884, -32.044210982731684 ] ] ], [ [ [ -52.113546736763162, -32.040074147208585 ], [ -52.113645016344591, -32.039904028557032 ], [ -52.113578790096199, -32.039864749832226 ], [ -52.113464952931359, -32.03999990777892 ], [ -52.113546736763162, -32.040074147208585 ] ] ], [ [ [ -52.114122650975084, -32.051668496042019 ], [ -52.114133016356853, -32.051161928146591 ], [ -52.113995253059954, -32.051076204265335 ], [ -52.113540268859332, -32.051179041474001 ], [ -52.113517032426877, -32.051580392623364 ], [ -52.11379932675095, -32.051730414558449 ], [ -52.114023806544843, -32.051760450795392 ], [ -52.114122650975084, -32.051668496042019 ] ], [ [ -52.113942622394852, -32.051489584272147 ], [ -52.113862080255423, -32.051571190406747 ], [ -52.113781612745399, -32.051490722896723 ], [ -52.113862080255423, -32.051410255386699 ], [ -52.113942622394852, -32.051489584272147 ] ] ], [ [ [ -52.116394309698634, -32.045679594240212 ], [ -52.116117577847717, -32.045595123854795 ], [ -52.115802207427365, -32.045344313842115 ], [ -52.115213849041638, -32.045147475075559 ], [ -52.115194818592734, -32.044851593615348 ], [ -52.114928828557595, -32.044808627595394 ], [ -52.114808009673915, -32.044985818969465 ], [ -52.114675260011232, -32.044995052208101 ], [ -52.114507010219739, -32.044848884068813 ], [ -52.113863964319819, -32.044581764487532 ], [ -52.113900510818276, -32.044381033274057 ], [ -52.113827635512592, -32.044308190251613 ], [ -52.113537974291795, -32.044518082026343 ], [ -52.113580568783142, -32.044790217577741 ], [ -52.113860015798409, -32.044837422264251 ], [ -52.114024256065022, -32.045072539680731 ], [ -52.114345587845996, -32.045117221077803 ], [ -52.114512814234196, -32.045278597405904 ], [ -52.114745563642643, -32.045340320240278 ], [ -52.114905932525105, -32.045506455591671 ], [ -52.115036177948532, -32.045502576977128 ], [ -52.115477692556105, -32.045683365303724 ], [ -52.115562142981588, -32.045810840013338 ], [ -52.115711764839254, -32.045781936837315 ], [ -52.116341680978621, -32.04600720732563 ], [ -52.116437880135059, -32.045780024296043 ], [ -52.116394309698634, -32.045679594240212 ] ] ], [ [ [ -52.114144179722047, -32.039077434740733 ], [ -52.11408488524566, -32.039000160674632 ], [ -52.1140023663528, -32.039026111024988 ], [ -52.113874863939493, -32.039257621302838 ], [ -52.113899624523313, -32.039337518965475 ], [ -52.114087400158517, -32.039314548769319 ], [ -52.114144179722047, -32.039077434740733 ] ] ], [ [ [ -52.114668196607994, -32.047377995562982 ], [ -52.114588243625406, -32.047293585614071 ], [ -52.114501154760056, -32.047382184773134 ], [ -52.114588078731487, -32.047460730516434 ], [ -52.114668196607994, -32.047377995562982 ] ] ], [ [ [ -52.114990478121904, -32.046210833030933 ], [ -52.114878017014185, -32.046130833030936 ], [ -52.114689587252769, -32.046236262890922 ], [ -52.114670269702366, -32.046314918018574 ], [ -52.114751659726636, -32.046452755920988 ], [ -52.114859001433906, -32.046459653607258 ], [ -52.114990478121904, -32.046210833030933 ] ] ], [ [ [ -52.114947679503295, -32.051699162343006 ], [ -52.11498120934791, -32.051572505556301 ], [ -52.114847464800498, -32.051541727919471 ], [ -52.114786427261329, -32.051696063330148 ], [ -52.114947679503295, -32.051699162343006 ] ] ], [ [ [ -52.115426552109163, -32.036844635260238 ], [ -52.115319437442913, -32.036801972573429 ], [ -52.115197319753428, -32.037000556715604 ], [ -52.115074972803292, -32.037058772605249 ], [ -52.115097265205513, -32.037300464701424 ], [ -52.115351934319911, -32.037262494714334 ], [ -52.115340393724978, -32.037083090423991 ], [ -52.115426552109163, -32.036844635260238 ] ] ], [ [ [ -52.115312877512331, -32.051421596571529 ], [ -52.115207487783941, -32.051341382703306 ], [ -52.115138098040717, -32.051429204350661 ], [ -52.115229191803216, -32.05153614107892 ], [ -52.115312877512331, -32.051421596571529 ] ] ], [ [ [ -52.115373594889213, -32.046732605954084 ], [ -52.11546335923984, -32.046533532345158 ], [ -52.115354459891925, -32.046496578199012 ], [ -52.115275303522424, -32.046676037411594 ], [ -52.115373594889213, -32.046732605954084 ] ] ], [ [ [ -52.115748279562482, -32.036377319159485 ], [ -52.115713749473223, -32.036276510603528 ], [ -52.115601702551729, -32.036296415855212 ], [ -52.11552460545802, -32.036526540651266 ], [ -52.115630900377745, -32.036558577190576 ], [ -52.115748279562482, -32.036377319159485 ] ] ], [ [ [ -52.116294298743469, -32.044645850349404 ], [ -52.11610102964525, -32.04452094395991 ], [ -52.116003317221008, -32.044573948787445 ], [ -52.11600999821389, -32.044658332676178 ], [ -52.11615305910744, -32.044781635432798 ], [ -52.116276621978763, -32.044748437478191 ], [ -52.116294298743469, -32.044645850349404 ] ] ], [ [ [ -52.116198758502975, -32.048058830053506 ], [ -52.116280631519096, -32.048128836089326 ], [ -52.116365387157515, -32.04804021244491 ], [ -52.116271000634185, -32.047949629820373 ], [ -52.116198758502975, -32.048058830053506 ] ] ], [ [ [ -52.116401575302618, -32.044841235469242 ], [ -52.116481575302615, -32.044760035774026 ], [ -52.116400063830319, -32.044680035774029 ], [ -52.116320063830322, -32.044760035774026 ], [ -52.116401575302618, -32.044841235469242 ] ] ], [ [ [ -52.117021756301313, -32.052293877959798 ], [ -52.117143286882815, -32.05201585844241 ], [ -52.116908260348637, -32.051918850325478 ], [ -52.116828093668481, -32.051998605639724 ], [ -52.116802547153306, -32.05225284965983 ], [ -52.11686731698132, -32.052306482439256 ], [ -52.117021756301313, -32.052293877959798 ] ] ], [ [ [ -52.117436405371706, -32.048761700035698 ], [ -52.117529285269498, -32.048676196906307 ], [ -52.117422144733148, -32.048575322527284 ], [ -52.117344041909895, -32.048659672066883 ], [ -52.117436405371706, -32.048761700035698 ] ] ], [ [ [ -52.118295541440375, -32.050125214722001 ], [ -52.118228076434256, -32.050019076460529 ], [ -52.118136357194388, -32.050078020836821 ], [ -52.118189503746059, -32.050231130196764 ], [ -52.11827239177348, -32.050214504647101 ], [ -52.118295541440375, -32.050125214722001 ] ] ], [ [ [ -52.118704184154318, -32.052375067209731 ], [ -52.118979563033449, -32.052116643121657 ], [ -52.118951140849589, -32.051995626810779 ], [ -52.118879406284954, -32.051963580081917 ], [ -52.118612926846851, -32.052167110225469 ], [ -52.118465452197725, -32.052179404364558 ], [ -52.118424262349443, -32.052319378200735 ], [ -52.118480727111411, -32.052374667409936 ], [ -52.118704184154318, -32.052375067209731 ] ] ], [ [ [ -52.118648512193587, -32.051705052131616 ], [ -52.118582035485339, -32.051636352420175 ], [ -52.118475802737599, -32.051692887100224 ], [ -52.11848474016584, -32.051901990743104 ], [ -52.118634384870973, -32.051861019393407 ], [ -52.118648512193587, -32.051705052131616 ] ] ], [ [ [ -52.120418707264598, -32.049185333141281 ], [ -52.120346571845914, -32.049025381680586 ], [ -52.120164999078717, -32.049068722153429 ], [ -52.120019270015412, -32.04893717236078 ], [ -52.119893967525179, -32.048998431657992 ], [ -52.12004099088719, -32.049271617635341 ], [ -52.120269141404627, -32.049294388046555 ], [ -52.120363108413009, -32.049471172414528 ], [ -52.120672868638565, -32.049466799231034 ], [ -52.120676622009526, -32.04935621304071 ], [ -52.120418707264598, -32.049185333141281 ] ] ], [ [ [ -52.120286216672092, -32.046586057888668 ], [ -52.120381129189198, -32.046395117209983 ], [ -52.120289226353549, -32.04630151293901 ], [ -52.120109451702312, -32.04632780946995 ], [ -52.120193018398417, -32.046581763665039 ], [ -52.120286216672092, -32.046586057888668 ] ] ], [ [ [ -52.120511567682904, -32.052297632997472 ], [ -52.120591567682901, -32.052377632997469 ], [ -52.120673079155196, -32.052296121525174 ], [ -52.120591567682901, -32.052216121525177 ], [ -52.120511567682904, -32.052297632997472 ] ] ], [ [ [ -52.120913976262926, -32.04673463038187 ], [ -52.120995159055873, -32.046683378960502 ], [ -52.120953955665343, -32.046570683547984 ], [ -52.120777392682385, -32.046576301969509 ], [ -52.120781554756576, -32.046701751144482 ], [ -52.120913976262926, -32.04673463038187 ] ] ], [ [ [ -52.121563246936489, -32.046897131430761 ], [ -52.121409689974882, -32.046741956941432 ], [ -52.121289714531926, -32.046803541709572 ], [ -52.121275601564122, -32.046879150559988 ], [ -52.121359742144165, -32.046974127849715 ], [ -52.121503952460102, -32.046974405496897 ], [ -52.121563246936489, -32.046897131430761 ] ] ], [ [ [ -52.121594129701897, -32.050070682373814 ], [ -52.121672387519908, -32.050168633649918 ], [ -52.121830081631458, -32.050153570310904 ], [ -52.121878773652533, -32.050089954713428 ], [ -52.121715068129141, -32.049900836994418 ], [ -52.121594810712132, -32.049932128218266 ], [ -52.121594129701897, -32.050070682373814 ] ] ], [ [ [ -52.122347624833019, -32.053700216508084 ], [ -52.122448176434631, -32.053631640343085 ], [ -52.122486263949249, -32.053187812303008 ], [ -52.122443238091549, -32.052880802776748 ], [ -52.122176979438748, -32.05274296981068 ], [ -52.122118662267226, -32.0528250945667 ], [ -52.122245299927094, -32.05294340532781 ], [ -52.122227609235644, -32.053062357864505 ], [ -52.122019331689721, -32.053126289581357 ], [ -52.121971224498424, -32.053334713660803 ], [ -52.121895129286436, -32.053369936760603 ], [ -52.121751249519775, -32.05320793447337 ], [ -52.121682519483848, -32.053350632434203 ], [ -52.121769828381723, -32.053454722473496 ], [ -52.121876840068801, -32.053438399949684 ], [ -52.121973684377117, -32.053616492598408 ], [ -52.122347624833019, -32.053700216508084 ] ] ], [ [ [ -52.122577733838575, -32.039129229494037 ], [ -52.122539585973342, -32.039012970338909 ], [ -52.12236350203851, -32.038931360978069 ], [ -52.122284523105613, -32.038971939586403 ], [ -52.122315123670354, -32.039111388922777 ], [ -52.122505358419211, -32.039180655632713 ], [ -52.122577733838575, -32.039129229494037 ] ] ], [ [ [ -52.122596583293422, -32.047399593317749 ], [ -52.122553546674631, -32.047199984480692 ], [ -52.122375797044903, -32.04717863104981 ], [ -52.122284467789484, -32.047253099135453 ], [ -52.122455106820745, -32.047420430592631 ], [ -52.122596583293422, -32.047399593317749 ] ] ], [ [ [ -52.123516008871277, -32.053587046609557 ], [ -52.123528921721224, -32.053321009983762 ], [ -52.123420983024282, -32.053281565766596 ], [ -52.123228061756635, -32.053510179201467 ], [ -52.123010100898128, -32.053932163077945 ], [ -52.122629831085099, -32.053970053528595 ], [ -52.122668988353773, -32.054204996569005 ], [ -52.12284402041346, -32.05430550670097 ], [ -52.123317959352846, -32.054371085101963 ], [ -52.123322472954221, -32.054203915904466 ], [ -52.123453462120516, -32.053943784706959 ], [ -52.123364494110206, -32.053808030732021 ], [ -52.123375142314842, -32.053699991762322 ], [ -52.123516008871277, -32.053587046609557 ] ] ], [ [ [ -52.124380950683552, -32.054317635266848 ], [ -52.124992949655656, -32.054263409394288 ], [ -52.125111356690624, -32.054048932383502 ], [ -52.125054714557294, -32.053828689422545 ], [ -52.124868169739273, -32.053747518629685 ], [ -52.124631153830634, -32.053792602391546 ], [ -52.124568056055971, -32.053631560545462 ], [ -52.124495537032693, -32.053599236437719 ], [ -52.124284509250401, -32.053775002780135 ], [ -52.124228470506722, -32.054064345073286 ], [ -52.124076992148588, -32.054214501520335 ], [ -52.123867438938468, -32.054323321274197 ], [ -52.123507103988864, -32.054339155465044 ], [ -52.123460240082792, -32.054420635070414 ], [ -52.123615226231266, -32.05454519666042 ], [ -52.12390105208668, -32.054634116953352 ], [ -52.124380950683552, -32.054317635266848 ] ] ], [ [ [ -52.12378313061263, -32.047336336460077 ], [ -52.123711158990645, -32.047229341919852 ], [ -52.123577292124018, -32.047312114500187 ], [ -52.123644519223639, -32.047433254503545 ], [ -52.12378313061263, -32.047336336460077 ] ] ], [ [ [ -52.123984749495726, -32.053663092731846 ], [ -52.123901195383056, -32.05355645829345 ], [ -52.123789846230054, -32.053706962303508 ], [ -52.123902008420373, -32.053769108513123 ], [ -52.123984749495726, -32.053663092731846 ] ] ], [ [ [ -52.12443862333852, -32.044031468899782 ], [ -52.124264321044329, -32.043997339894389 ], [ -52.124201314329639, -32.043916445102866 ], [ -52.124094936845559, -32.043977745772075 ], [ -52.124326900081321, -32.04422034814921 ], [ -52.124490708741781, -32.044174369804779 ], [ -52.12443862333852, -32.044031468899782 ] ] ], [ [ [ -52.124572875421059, -32.051485009583239 ], [ -52.124509435658112, -32.051585271478963 ], [ -52.124617634432795, -32.051649349651839 ], [ -52.124673480472211, -32.051544558406995 ], [ -52.124572875421059, -32.051485009583239 ] ] ], [ [ [ -52.12554112624661, -32.052981820077434 ], [ -52.12561841406994, -32.05292247418997 ], [ -52.125593512648571, -32.052839882981637 ], [ -52.125440246579807, -32.052742698816083 ], [ -52.12535539149615, -32.052762352246894 ], [ -52.125370989996753, -32.052957500701794 ], [ -52.12554112624661, -32.052981820077434 ] ] ], [ [ [ -52.125548331474079, -32.047794884554634 ], [ -52.125561672916717, -32.047665981297051 ], [ -52.125402411306823, -32.04764165086192 ], [ -52.125424796684328, -32.04780280466651 ], [ -52.125548331474079, -32.047794884554634 ] ] ], [ [ [ -52.126007806531398, -32.05497531934617 ], [ -52.125969861706736, -32.054886443027854 ], [ -52.125818462769288, -32.054887259556523 ], [ -52.1257554861442, -32.055021523373526 ], [ -52.125812050195321, -32.055113292015314 ], [ -52.12595588840761, -32.055155057224027 ], [ -52.126007806531398, -32.05497531934617 ] ] ], [ [ [ -52.127028914991634, -32.050452247809005 ], [ -52.126992369434831, -32.050374760102819 ], [ -52.126888955329875, -32.050360717502542 ], [ -52.126786024626718, -32.050569290547365 ], [ -52.126511763722966, -32.050523524725456 ], [ -52.126345702469955, -32.050563283467007 ], [ -52.126220669043192, -32.050488660951501 ], [ -52.126126903786997, -32.050599730090482 ], [ -52.126275021202261, -32.050716703899141 ], [ -52.126841292971179, -32.050876587880786 ], [ -52.126948074677436, -32.050797264068763 ], [ -52.127028914991634, -32.050452247809005 ] ] ], [ [ [ -52.126494618489716, -32.05185090089055 ], [ -52.12625661044359, -32.051734630320638 ], [ -52.126138091101389, -32.051804088952437 ], [ -52.126267757334617, -32.051978501190831 ], [ -52.126473505879027, -32.05197086105963 ], [ -52.126494618489716, -32.05185090089055 ] ] ], [ [ [ -52.126977860932257, -32.049135176308127 ], [ -52.126811869826319, -32.049071679395595 ], [ -52.126762405164449, -32.049199412312802 ], [ -52.126949642031626, -32.049268089023244 ], [ -52.126977860932257, -32.049135176308127 ] ] ], [ [ [ -52.127162431223411, -32.055195254284605 ], [ -52.1271960334808, -32.054982333679661 ], [ -52.127119914941574, -32.054969581392029 ], [ -52.126936818453991, -32.055056505439445 ], [ -52.126909324492736, -32.055134804096092 ], [ -52.126966064843067, -32.055195360930405 ], [ -52.127162431223411, -32.055195254284605 ] ] ], [ [ [ -52.127524508545321, -32.05529611153932 ], [ -52.127476065192965, -32.055192345156222 ], [ -52.127343696428596, -32.055223181234737 ], [ -52.127163162991479, -32.05557886154395 ], [ -52.127185374486025, -32.05569878343853 ], [ -52.127315495708871, -32.055699791639775 ], [ -52.127524508545321, -32.05529611153932 ] ] ], [ [ [ -52.127575303345573, -32.049371131633123 ], [ -52.127358466142219, -32.049303545259491 ], [ -52.127292707753199, -32.04939360250944 ], [ -52.127356939489509, -32.049508994013628 ], [ -52.127529417380231, -32.049516026630378 ], [ -52.127607676543597, -32.04945262492393 ], [ -52.127575303345573, -32.049371131633123 ] ] ], [ [ [ -52.127903623467859, -32.043612032801704 ], [ -52.127909945566131, -32.043496030246345 ], [ -52.127595294980509, -32.043320372160814 ], [ -52.127501574597723, -32.043320556332432 ], [ -52.12742946455166, -32.043403430064608 ], [ -52.127538728136166, -32.043770745141799 ], [ -52.1276916210835, -32.043639732325978 ], [ -52.127903623467859, -32.043612032801704 ] ] ], [ [ [ -52.127862011777268, -32.055255783809088 ], [ -52.127796174046708, -32.055157252072398 ], [ -52.127669971041669, -32.055230229890498 ], [ -52.127750166274609, -32.05536476011514 ], [ -52.127862011777268, -32.055255783809088 ] ] ], [ [ [ -52.128933663763377, -32.05232630332889 ], [ -52.129019804593163, -32.051974883725663 ], [ -52.128895779961738, -32.051960626302154 ], [ -52.128729785651863, -32.052279813019048 ], [ -52.128809265498582, -32.052345310147537 ], [ -52.128933663763377, -32.05232630332889 ] ] ], [ [ [ -52.131033617276579, -32.051035221172178 ], [ -52.13114002959918, -32.050845312414992 ], [ -52.131030747566882, -32.050816030382691 ], [ -52.130848775196611, -32.051110619971624 ], [ -52.130660328446034, -32.051139603231022 ], [ -52.130636131929435, -32.051253736371329 ], [ -52.130816259983526, -32.051367144843852 ], [ -52.13100282557879, -32.05136519893766 ], [ -52.131033617276579, -32.051035221172178 ] ] ], [ [ [ -52.130888880605617, -32.052504409493558 ], [ -52.130882931758563, -32.052076414189628 ], [ -52.130788239707051, -32.052064706435054 ], [ -52.130715768850372, -32.052136086093107 ], [ -52.130734111207886, -32.052546237263435 ], [ -52.130888880605617, -32.052504409493558 ] ] ], [ [ [ -52.131502100636332, -32.050307132654346 ], [ -52.131406549974365, -32.050217060643483 ], [ -52.131318409169424, -32.050388072152472 ], [ -52.13103139934988, -32.050426056411574 ], [ -52.130992481228425, -32.050520586041237 ], [ -52.131093791532749, -32.05078258231481 ], [ -52.131190837967438, -32.050794681116628 ], [ -52.131383897574366, -32.050638068979772 ], [ -52.131402264033611, -32.050461354193104 ], [ -52.131497133133173, -32.050409257397611 ], [ -52.131502100636332, -32.050307132654346 ] ] ], [ [ [ -52.131518556474994, -32.051523754625691 ], [ -52.131402112998678, -32.051361777666365 ], [ -52.131255093315637, -32.05138015570563 ], [ -52.131196898190453, -32.051476994689324 ], [ -52.131288884861213, -32.051585966794335 ], [ -52.131453358046038, -32.05160009618826 ], [ -52.131518556474994, -32.051523754625691 ] ] ], [ [ [ -52.131592495733841, -32.050751147135465 ], [ -52.13139522786232, -32.050899843229487 ], [ -52.131390045546446, -32.051004576980162 ], [ -52.131472146299302, -32.051077443433442 ], [ -52.131804470396034, -32.050850527846428 ], [ -52.131780853357611, -32.050714025867705 ], [ -52.131592495733841, -32.050751147135465 ] ] ], [ [ [ -52.132149633107453, -32.05038294296395 ], [ -52.132279106193387, -32.050112314680803 ], [ -52.132208449618375, -32.050008899015275 ], [ -52.13202032925323, -32.050108642211583 ], [ -52.131981560281311, -32.050318910170027 ], [ -52.131763189780685, -32.050487965945912 ], [ -52.131780029525956, -32.050680944587455 ], [ -52.131897917492367, -32.050691464310873 ], [ -52.132149633107453, -32.05038294296395 ] ] ], [ [ [ -52.131917116833165, -32.053102094905285 ], [ -52.132143155248173, -32.052995618377594 ], [ -52.132101304634013, -32.052808878639105 ], [ -52.131841497171514, -32.052902271298059 ], [ -52.131917116833165, -32.053102094905285 ] ] ], [ [ [ -52.132199576411459, -32.049781165468893 ], [ -52.132241297129148, -32.049995415809526 ], [ -52.132340277132336, -32.049975573540664 ], [ -52.132351664966855, -32.049779927419415 ], [ -52.132199576411459, -32.049781165468893 ] ] ], [ [ [ -52.13333261492069, -32.05241692307537 ], [ -52.133413139316531, -32.052337091252653 ], [ -52.133322438024422, -32.052211305923187 ], [ -52.133210063699799, -32.052333413135806 ], [ -52.13333261492069, -32.05241692307537 ] ] ], [ [ [ -52.136296641657616, -32.052363746628806 ], [ -52.136197660508195, -32.052307052790397 ], [ -52.136133699977208, -32.052402251294581 ], [ -52.136259570602824, -32.052495145935609 ], [ -52.136296641657616, -32.052363746628806 ] ] ], [ [ [ -52.137486450796338, -32.056775920967738 ], [ -52.137409195839531, -32.056553658947784 ], [ -52.13731141528347, -32.056542109714243 ], [ -52.137214994149957, -32.056794497093222 ], [ -52.137447656630442, -32.056844373064166 ], [ -52.137486450796338, -32.056775920967738 ] ] ], [ [ [ -52.137913870617204, -32.055465862071344 ], [ -52.137910793924917, -32.05516310865756 ], [ -52.137823011370735, -32.055124528121105 ], [ -52.137574615880773, -32.055308345174886 ], [ -52.13756014409946, -32.055387954869076 ], [ -52.137667086181118, -32.055558704894757 ], [ -52.137743515693366, -32.055572962989089 ], [ -52.137913870617204, -32.055465862071344 ] ] ], [ [ [ -52.137750114658274, -32.056957785826846 ], [ -52.137905384997687, -32.056958777763569 ], [ -52.137887894348857, -32.056780780653469 ], [ -52.137729713258878, -32.05683873415559 ], [ -52.137750114658274, -32.056957785826846 ] ] ], [ [ [ -52.13830781240604, -32.056940817895899 ], [ -52.138254665071521, -32.05707526430232 ], [ -52.138408797216783, -32.057105243754954 ], [ -52.138433149135224, -32.056953730673079 ], [ -52.13830781240604, -32.056940817895899 ] ] ], [ [ [ -52.139009232708446, -32.057046336116308 ], [ -52.138949938232038, -32.0569690620502 ], [ -52.13870671578875, -32.056974238467816 ], [ -52.138627596387934, -32.057156058723947 ], [ -52.138909638308256, -32.057246901491524 ], [ -52.139009232708446, -32.057046336116308 ] ] ], [ [ [ -52.140110300438337, -32.062396401764531 ], [ -52.140070404501962, -32.062286048339544 ], [ -52.139946848923607, -32.062308529928494 ], [ -52.13998842026853, -32.062440535206385 ], [ -52.140110300438337, -32.062396401764531 ] ] ], [ [ [ -52.141108540562158, -32.062958320035072 ], [ -52.140865613969488, -32.062671081182238 ], [ -52.140703641616412, -32.062759409763906 ], [ -52.140715488110438, -32.062877349056969 ], [ -52.140982412221121, -32.063132190641355 ], [ -52.141131901870757, -32.063131297386533 ], [ -52.141108540562158, -32.062958320035072 ] ] ], [ [ [ -52.141395580846265, -32.063291363011658 ], [ -52.141361735025647, -32.063189869500732 ], [ -52.141171450977417, -32.063190720529853 ], [ -52.14112242271716, -32.063386562177413 ], [ -52.141182999044538, -32.063514504895387 ], [ -52.141298273745861, -32.063505416747908 ], [ -52.141395580846265, -32.063291363011658 ] ] ], [ [ [ -52.141467816130955, -32.063862799504221 ], [ -52.141686852458157, -32.063697395717156 ], [ -52.14158964865306, -32.063594375869258 ], [ -52.141386928212818, -32.063776149848955 ], [ -52.141467816130955, -32.063862799504221 ] ] ], [ [ [ -52.143453479290436, -32.053239927099746 ], [ -52.143310365655942, -32.053178283033276 ], [ -52.143242782713948, -32.053219232307576 ], [ -52.143238998646027, -32.053439998363373 ], [ -52.143168002137337, -32.053565102484413 ], [ -52.143248429170718, -32.053717559996002 ], [ -52.143396544276541, -32.053644715743054 ], [ -52.143408686557869, -32.053503635011495 ], [ -52.143519415877591, -32.053346332914529 ], [ -52.143453479290436, -32.053239927099746 ] ] ], [ [ [ -52.144259777766692, -32.051818869017353 ], [ -52.144290028734446, -32.05169245636683 ], [ -52.144106533930035, -32.05166044923125 ], [ -52.144120803605645, -32.051835017693193 ], [ -52.144259777766692, -32.051818869017353 ] ] ], [ [ [ -52.144319592798958, -32.053962073235333 ], [ -52.144204193363905, -32.053900920683979 ], [ -52.144136750747535, -32.054029316850411 ], [ -52.144257547465578, -32.054099612236676 ], [ -52.144319592798958, -32.053962073235333 ] ] ], [ [ [ -52.144928352613896, -32.051924838753983 ], [ -52.144848668232676, -32.051809255721786 ], [ -52.144628955158517, -32.051931294930888 ], [ -52.144668341930256, -32.052003183910166 ], [ -52.144859996951766, -32.052031141863559 ], [ -52.144928352613896, -32.051924838753983 ] ] ], [ [ [ -52.145094521202687, -32.067458329429485 ], [ -52.145144880759226, -32.067188075668255 ], [ -52.144969092970747, -32.067001391102835 ], [ -52.144733017592515, -32.067327744004693 ], [ -52.145033803825804, -32.067728866255408 ], [ -52.145164544411678, -32.067658731849853 ], [ -52.145094521202687, -32.067458329429485 ] ] ], [ [ [ -52.145038288329033, -32.052552507700241 ], [ -52.145004523936691, -32.052338304601065 ], [ -52.144913343472773, -32.052359210505742 ], [ -52.144885776607566, -32.052573459498554 ], [ -52.145038288329033, -32.052552507700241 ] ] ], [ [ [ -52.145115098517742, -32.052054921829964 ], [ -52.145036358865077, -32.052120777322237 ], [ -52.145100810972345, -32.052274798474159 ], [ -52.145266497518485, -32.052172539753307 ], [ -52.145115098517742, -32.052054921829964 ] ] ], [ [ [ -52.146081295388001, -32.066621431736166 ], [ -52.146041836903237, -32.06648502048531 ], [ -52.145676134767299, -32.066484485522295 ], [ -52.145440352050613, -32.066587213774653 ], [ -52.145379298950772, -32.066816782134772 ], [ -52.145480651974417, -32.067023062027154 ], [ -52.145560705656948, -32.067044302513771 ], [ -52.145646931349098, -32.066984102224829 ], [ -52.145689399367868, -32.06682225862339 ], [ -52.146020831455822, -32.066753676050332 ], [ -52.146081295388001, -32.066621431736166 ] ] ], [ [ [ -52.146776996843627, -32.054729335777651 ], [ -52.14652747211646, -32.054595924910643 ], [ -52.146427144622081, -32.054653111505935 ], [ -52.1465170405327, -32.0549348132459 ], [ -52.146603464726532, -32.054994708386481 ], [ -52.146695309116488, -32.054957655018669 ], [ -52.146776996843627, -32.054729335777651 ] ] ], [ [ [ -52.146636286315037, -32.05213552167757 ], [ -52.146546377460645, -32.052284057328293 ], [ -52.146645848861716, -32.052366539989414 ], [ -52.146776081388602, -32.052241670916374 ], [ -52.146636286315037, -32.05213552167757 ] ] ], [ [ [ -52.15082248493151, -32.052667813638891 ], [ -52.150938010154114, -32.052591564125827 ], [ -52.150807607425698, -32.052467919014632 ], [ -52.150727380765311, -32.052578781271755 ], [ -52.15082248493151, -32.052667813638891 ] ] ], [ [ [ -52.151950382995537, -32.053383419131812 ], [ -52.151939369563074, -32.053231283323214 ], [ -52.151813183565416, -32.053127415934831 ], [ -52.151795283846553, -32.052899861037616 ], [ -52.151717964989984, -32.052902195041547 ], [ -52.151507802007664, -32.053086127726587 ], [ -52.151346092567437, -32.053030152672356 ], [ -52.151330629924182, -32.052860610461423 ], [ -52.151414942197533, -32.052742292586494 ], [ -52.151363075829721, -32.052638575639847 ], [ -52.151018368777123, -32.052835113374577 ], [ -52.150949301589705, -32.05301513647175 ], [ -52.150983635624236, -32.053119014529571 ], [ -52.151426310319387, -32.053318243424222 ], [ -52.151506365517903, -32.053430963151143 ], [ -52.151879862536482, -32.053486289992598 ], [ -52.151950382995537, -32.053383419131812 ] ] ], [ [ [ -52.152323889724123, -32.052873242973789 ], [ -52.152094799431502, -32.052844009993002 ], [ -52.152022232857036, -32.053201503589136 ], [ -52.152325075506468, -32.053214096363803 ], [ -52.152456060558947, -32.052999857730043 ], [ -52.152323889724123, -32.052873242973789 ] ] ], [ [ [ -52.153089351253676, -32.084022171053462 ], [ -52.153054501158792, -32.083879907586734 ], [ -52.152894664475191, -32.083770961862861 ], [ -52.15275236284522, -32.083775589726592 ], [ -52.15257805413809, -32.083961043370493 ], [ -52.152751794795776, -32.084254560948501 ], [ -52.15297505399208, -32.084200602422428 ], [ -52.153089351253676, -32.084022171053462 ] ] ], [ [ [ -52.153394135901046, -32.049909318001873 ], [ -52.153315836841955, -32.049765474772769 ], [ -52.153199016172728, -32.049717526249395 ], [ -52.153107238658841, -32.049761615466466 ], [ -52.153197465190551, -32.050116474272109 ], [ -52.153296208872248, -32.050096507996329 ], [ -52.153394135901046, -32.049909318001873 ] ] ], [ [ [ -52.153660819531382, -32.053515715103671 ], [ -52.153512914473168, -32.053304219467854 ], [ -52.153384956126608, -32.053423215507365 ], [ -52.153561567130211, -32.053614114505876 ], [ -52.153660819531382, -32.053515715103671 ] ] ], [ [ [ -52.16165754334726, -32.102410315552355 ], [ -52.161350668739267, -32.101928656727516 ], [ -52.16089827329543, -32.101754144867783 ], [ -52.160842902381077, -32.101438721599997 ], [ -52.160466123797015, -32.100903959828834 ], [ -52.160311499288738, -32.100786418736249 ], [ -52.160092274819377, -32.100746646772713 ], [ -52.160115674813483, -32.100415418387804 ], [ -52.159965493009771, -32.100224048742156 ], [ -52.159783932897867, -32.100185739386923 ], [ -52.159672363684294, -32.099909118409307 ], [ -52.15945886298438, -32.099739422008923 ], [ -52.159478529818543, -32.099489584434487 ], [ -52.159236371164582, -32.099192919491784 ], [ -52.158875797002622, -32.09911342266507 ], [ -52.158693160205829, -32.098893053980824 ], [ -52.158531914427449, -32.098648418652715 ], [ -52.158545806724312, -32.098375927390983 ], [ -52.158379665215904, -32.098156612499011 ], [ -52.158196036967048, -32.098176343336256 ], [ -52.158032926849224, -32.098539382682659 ], [ -52.158104232955267, -32.098876029441428 ], [ -52.158033730102289, -32.098923533644601 ], [ -52.157927420199094, -32.098893003581743 ], [ -52.157763313170797, -32.098397504208634 ], [ -52.157776596993621, -32.098258458448768 ], [ -52.157482578358348, -32.097818766803776 ], [ -52.157196442368672, -32.097716478101376 ], [ -52.15710048295869, -32.097315105646921 ], [ -52.156865184158569, -32.096984876238324 ], [ -52.156892706927103, -32.096733546967691 ], [ -52.156778773171638, -32.096404720483903 ], [ -52.156680193734317, -32.096347552093803 ], [ -52.156525318393918, -32.096539784838733 ], [ -52.156552181558524, -32.096724173618931 ], [ -52.156476906103045, -32.096873779111313 ], [ -52.156375382494815, -32.096918871497444 ], [ -52.156218829867065, -32.09686624006028 ], [ -52.156146164898857, -32.096923424539838 ], [ -52.156187210925239, -32.097156340645974 ], [ -52.156096400400884, -32.097432210245074 ], [ -52.156187260181298, -32.097637085865507 ], [ -52.155911652298826, -32.09769382908005 ], [ -52.155778933511073, -32.097860843868254 ], [ -52.155769188305314, -32.097999061663302 ], [ -52.15604991851508, -32.098188917595493 ], [ -52.156048717520726, -32.098312053075972 ], [ -52.155935346554188, -32.098373675102408 ], [ -52.155809808327703, -32.098319234355721 ], [ -52.155583219359144, -32.098359234355719 ], [ -52.15558517253826, -32.098487199715045 ], [ -52.155757145839708, -32.098601395882895 ], [ -52.155794902092737, -32.098735341596161 ], [ -52.155421538059514, -32.099085921720075 ], [ -52.155200233793977, -32.09907457302851 ], [ -52.155114413084583, -32.09916602131154 ], [ -52.155049598995454, -32.099364494823369 ], [ -52.155125196914497, -32.099713600978781 ], [ -52.154875596401141, -32.100046825837644 ], [ -52.154889593657678, -32.100357115838293 ], [ -52.154994141788464, -32.100536087911941 ], [ -52.154892521930677, -32.10102017956806 ], [ -52.1552045207034, -32.101525436186868 ], [ -52.155321990472721, -32.102022282928274 ], [ -52.154870547516012, -32.102671564065901 ], [ -52.154408222920409, -32.103101120565775 ], [ -52.154209530925719, -32.103193245093948 ], [ -52.154002823444429, -32.103195525135874 ], [ -52.153860022121002, -32.103037051374557 ], [ -52.153661491365902, -32.103067028182004 ], [ -52.153702842815676, -32.103295005079744 ], [ -52.153559902276875, -32.103574065022656 ], [ -52.153900022294089, -32.103921523772179 ], [ -52.153841795638805, -32.104185608599572 ], [ -52.15409925055387, -32.104483014816473 ], [ -52.155154602880359, -32.104482378631552 ], [ -52.155213828704184, -32.104404703041297 ], [ -52.155174234679102, -32.104217173442429 ], [ -52.155250289120531, -32.104162843380259 ], [ -52.155448045808647, -32.10439426414586 ], [ -52.15565852091401, -32.104392206323652 ], [ -52.15572728925433, -32.104321214498242 ], [ -52.15569804837407, -32.104088734041873 ], [ -52.155777408512073, -32.104034666600981 ], [ -52.155898739226821, -32.104084444208546 ], [ -52.155897505214924, -32.104315636207751 ], [ -52.156154546667821, -32.10444271489267 ], [ -52.156524543178051, -32.10439884915391 ], [ -52.156595030929836, -32.10431515160375 ], [ -52.156588778733472, -32.104126760771486 ], [ -52.15666312872419, -32.104082062481481 ], [ -52.15674623181016, -32.104131950485041 ], [ -52.156723555070734, -32.104299628971816 ], [ -52.156810265419871, -32.10444165033423 ], [ -52.157254665324089, -32.104485122697568 ], [ -52.158940280359523, -32.104442631802883 ], [ -52.159055865608963, -32.104379501170158 ], [ -52.159151506328037, -32.104215502973197 ], [ -52.15902858134703, -32.104029165886793 ], [ -52.159196217393927, -32.103878764964072 ], [ -52.159106110974932, -32.103577964698793 ], [ -52.159170782220208, -32.103355684241613 ], [ -52.159292935487429, -32.103265998660973 ], [ -52.159241424430753, -32.103009168829438 ], [ -52.159390473914677, -32.102689992928518 ], [ -52.159480349848089, -32.1026820141116 ], [ -52.159568877197721, -32.102834034452556 ], [ -52.159717623821109, -32.102876236078593 ], [ -52.159789307108028, -32.102765880289631 ], [ -52.159917060205252, -32.102729894261763 ], [ -52.159938803156422, -32.102546266501214 ], [ -52.160148241037241, -32.102348231874352 ], [ -52.160313494560135, -32.102412010882048 ], [ -52.160369930408045, -32.102568405560902 ], [ -52.160506407623153, -32.10259102627883 ], [ -52.16062890907326, -32.102579074794058 ], [ -52.160750631886934, -32.102457342796264 ], [ -52.161269741991205, -32.102402021272255 ], [ -52.16161470926594, -32.102548134282415 ], [ -52.16165754334726, -32.102410315552355 ] ], [ [ -52.155643493276294, -32.103392118644699 ], [ -52.15593520070567, -32.103717405064017 ], [ -52.155845708563604, -32.103800023992918 ], [ -52.155635294851123, -32.103684466234014 ], [ -52.155539515386884, -32.103431854206285 ], [ -52.155643493276294, -32.103392118644699 ] ], [ [ -52.158836922403239, -32.100126050860744 ], [ -52.15869476338127, -32.100403004043329 ], [ -52.158486086588908, -32.100234455001392 ], [ -52.158217180505659, -32.100332574662936 ], [ -52.157931600069887, -32.100305952618967 ], [ -52.157734787282543, -32.100741689637708 ], [ -52.157573361068657, -32.100830023166637 ], [ -52.157348763773591, -32.101283473476272 ], [ -52.157547035702088, -32.101825827799857 ], [ -52.157468851820845, -32.101980414379241 ], [ -52.15748526626853, -32.10233394752732 ], [ -52.157361828748812, -32.102385521344694 ], [ -52.15721115306696, -32.102232434734354 ], [ -52.157004844989871, -32.102173725823896 ], [ -52.156863855640275, -32.102377476172151 ], [ -52.156643004592596, -32.10237593281478 ], [ -52.156623965581822, -32.10215425535678 ], [ -52.15678560980438, -32.101963130093189 ], [ -52.156742500055017, -32.10177164429173 ], [ -52.156833638490177, -32.101624606511663 ], [ -52.156566514233077, -32.101173542441288 ], [ -52.15661625300514, -32.100941515254981 ], [ -52.156760425632108, -32.100796649801438 ], [ -52.156617539223205, -32.100465462229074 ], [ -52.15649597372397, -32.100458074279111 ], [ -52.156375172467293, -32.100536497406928 ], [ -52.15626894066947, -32.100466265962602 ], [ -52.156191312392757, -32.099913451540488 ], [ -52.156434906544206, -32.099892972906844 ], [ -52.15653385839861, -32.100001113187751 ], [ -52.156620460767499, -32.100003187280748 ], [ -52.156715762593237, -32.09987013616697 ], [ -52.156566270052821, -32.099793857496209 ], [ -52.15654007411581, -32.099682561781805 ], [ -52.156654139920327, -32.099561511161781 ], [ -52.156744149396168, -32.099558272060804 ], [ -52.156835684562068, -32.099674044074852 ], [ -52.157164615872837, -32.099686705831118 ], [ -52.157245037698281, -32.099475223609737 ], [ -52.157395351598474, -32.099437288280534 ], [ -52.157644428513805, -32.099492983999909 ], [ -52.15771334794416, -32.09975372444039 ], [ -52.157779093167996, -32.099801058237169 ], [ -52.157916297265025, -32.099730113675378 ], [ -52.158252713815521, -32.099767305678725 ], [ -52.158367346345337, -32.099653864366893 ], [ -52.158712081469105, -32.099600059835929 ], [ -52.158805428512494, -32.099794982586623 ], [ -52.158836922403239, -32.100126050860744 ] ], [ [ -52.156579604649352, -32.102595714150461 ], [ -52.156447378864748, -32.102709347156328 ], [ -52.156341668735081, -32.102653514431104 ], [ -52.156465104183901, -32.102514269764875 ], [ -52.156579604649352, -32.102595714150461 ] ], [ [ -52.156620299410321, -32.103838570992899 ], [ -52.156563393481626, -32.103917133687155 ], [ -52.156423762582214, -32.103888654235341 ], [ -52.156452783474506, -32.103622820409434 ], [ -52.156564513801037, -32.103641939234038 ], [ -52.156620299410321, -32.103838570992899 ] ], [ [ -52.156862560311701, -32.103113062616139 ], [ -52.156794156754472, -32.103205238627339 ], [ -52.156703201820399, -32.103143382196166 ], [ -52.156769905386255, -32.103035569042063 ], [ -52.156862560311701, -32.103113062616139 ] ], [ [ -52.15709932044124, -32.098923820817276 ], [ -52.157178957394635, -32.098976092533341 ], [ -52.157156906956025, -32.099104993400857 ], [ -52.156966980137604, -32.099141041648359 ], [ -52.15686499112757, -32.099285022151641 ], [ -52.156741914690912, -32.099253107860285 ], [ -52.156727977268957, -32.099175800073141 ], [ -52.15684942232599, -32.098984166474679 ], [ -52.15709932044124, -32.098923820817276 ] ], [ [ -52.158654972865676, -32.099176695847213 ], [ -52.158514466237961, -32.099413372514867 ], [ -52.158378616933547, -32.099405606236672 ], [ -52.158221635921024, -32.09918497310867 ], [ -52.158542968287534, -32.099087415164931 ], [ -52.158654972865676, -32.099176695847213 ] ], [ [ -52.159275787204628, -32.101220828869529 ], [ -52.159356291954403, -32.101317654069149 ], [ -52.159314549468107, -32.101465221643927 ], [ -52.159240806214051, -32.101500593593023 ], [ -52.159121941854472, -32.101393095035995 ], [ -52.159100960560629, -32.101284866304667 ], [ -52.159153118271703, -32.101223143270118 ], [ -52.159275787204628, -32.101220828869529 ] ] ], [ [ [ -52.153882910602533, -32.054057893976854 ], [ -52.153809665723237, -32.053958610381386 ], [ -52.153640898145014, -32.054044339313286 ], [ -52.153663164094269, -32.054233438781381 ], [ -52.153871558923861, -32.054209116001267 ], [ -52.153882910602533, -32.054057893976854 ] ] ], [ [ [ -52.154130984356641, -32.05652821337209 ], [ -52.154208475654727, -32.056468090462445 ], [ -52.154174896171476, -32.056019134652132 ], [ -52.154225578338739, -32.055859677699125 ], [ -52.154138267166239, -32.05577954038705 ], [ -52.153960504439333, -32.056040404000804 ], [ -52.154014289616576, -32.056198827477225 ], [ -52.153962758449993, -32.056413426643225 ], [ -52.154130984356641, -32.05652821337209 ] ] ], [ [ [ -52.155070707765184, -32.093066301289788 ], [ -52.155112726546257, -32.092917776929816 ], [ -52.154886170039617, -32.092741789198932 ], [ -52.155045876448114, -32.092448898792775 ], [ -52.154854790907159, -32.092342984976625 ], [ -52.15464832907788, -32.092535927798814 ], [ -52.154688674154087, -32.092933582951289 ], [ -52.155070707765184, -32.093066301289788 ] ] ], [ [ [ -52.15503636029009, -32.056921361522555 ], [ -52.155101577694772, -32.056809385972748 ], [ -52.154875261326531, -32.056576487905197 ], [ -52.154790951371844, -32.056570961938867 ], [ -52.154680748999965, -32.056669821521623 ], [ -52.154685233248578, -32.056770240056252 ], [ -52.154824766338677, -32.056826117401606 ], [ -52.154901677915767, -32.056939300283972 ], [ -52.15503636029009, -32.056921361522555 ] ] ], [ [ [ -52.15569716925625, -32.093021981290782 ], [ -52.155608392052663, -32.092980195170099 ], [ -52.155203069901788, -32.093119580191328 ], [ -52.155208421221353, -32.093227595391944 ], [ -52.155397391701975, -32.093398183797952 ], [ -52.155451622400442, -32.093544978552984 ], [ -52.155549084323511, -32.093531564368178 ], [ -52.155614045467495, -32.093413031636928 ], [ -52.155778164436427, -32.093373601815479 ], [ -52.15569716925625, -32.093021981290782 ] ] ], [ [ [ -52.155659630978619, -32.094326842889217 ], [ -52.155641079242145, -32.094149745378083 ], [ -52.15549924167437, -32.094057850524521 ], [ -52.155425048165874, -32.093919777870106 ], [ -52.155220520044921, -32.094007730503144 ], [ -52.155220520044921, -32.094127454285875 ], [ -52.155329940070878, -32.094263539563052 ], [ -52.155585102157232, -32.094363494922703 ], [ -52.155659630978619, -32.094326842889217 ] ] ], [ [ [ -52.15561913104402, -32.05708088059442 ], [ -52.155685419011057, -32.056656308773263 ], [ -52.155631773502016, -32.056586211167918 ], [ -52.155447707920359, -32.056630285521265 ], [ -52.155220341883428, -32.056929832225869 ], [ -52.155358913579484, -32.057049434100058 ], [ -52.15561913104402, -32.05708088059442 ] ] ], [ [ [ -52.155500038724789, -32.093758805278206 ], [ -52.155480083295473, -32.093578938402388 ], [ -52.155373183138735, -32.093551528677708 ], [ -52.15533934572332, -32.093725204399362 ], [ -52.155410014791663, -32.093795891585792 ], [ -52.155500038724789, -32.093758805278206 ] ] ], [ [ [ -52.15570865766621, -32.09449951234344 ], [ -52.155823538371294, -32.094483175714792 ], [ -52.155804867857725, -32.094371553763047 ], [ -52.155694333964952, -32.094387632707388 ], [ -52.15570865766621, -32.09449951234344 ] ] ], [ [ [ -52.156027752486288, -32.054891412074184 ], [ -52.155957032966484, -32.05480581751786 ], [ -52.155820150450126, -32.0548525725142 ], [ -52.155838740544546, -32.055065800750199 ], [ -52.156031149540823, -32.055043578647108 ], [ -52.156027752486288, -32.054891412074184 ] ] ], [ [ [ -52.15593771206283, -32.094522194418566 ], [ -52.155827664346234, -32.094539889800444 ], [ -52.155814333557842, -32.09470602022968 ], [ -52.155942326059666, -32.094811174976755 ], [ -52.156015800553277, -32.094728250332935 ], [ -52.15593771206283, -32.094522194418566 ] ] ], [ [ [ -52.156588562479065, -32.095233109801235 ], [ -52.156265211117578, -32.095088563744888 ], [ -52.156257575451633, -32.094974050009583 ], [ -52.15641853008929, -32.094853886330014 ], [ -52.156337773700763, -32.09467621359471 ], [ -52.156244715488235, -32.09468688323301 ], [ -52.156143000962416, -32.094842710671116 ], [ -52.155956210904137, -32.094876505037469 ], [ -52.156008448659222, -32.095175204330296 ], [ -52.156156893218224, -32.09524380809895 ], [ -52.15638563796503, -32.095668706371896 ], [ -52.156467707469034, -32.095662093166958 ], [ -52.156609280307968, -32.095504495212957 ], [ -52.156588562479065, -32.095233109801235 ] ] ], [ [ [ -52.156512164239558, -32.056433149014623 ], [ -52.156466779740597, -32.056290638415469 ], [ -52.156354610559056, -32.05630540576842 ], [ -52.156259707977192, -32.05650575979142 ], [ -52.156281031553611, -32.056671844307481 ], [ -52.156427851473886, -32.056663520399894 ], [ -52.156512164239558, -32.056433149014623 ] ] ], [ [ [ -52.156660599334124, -32.056092846121928 ], [ -52.156559821850557, -32.05601559137336 ], [ -52.156499443984671, -32.056148265618653 ], [ -52.156601304857737, -32.056203088047766 ], [ -52.156660599334124, -32.056092846121928 ] ] ], [ [ [ -52.157912622905911, -32.098057552342176 ], [ -52.158172767163734, -32.098107523604249 ], [ -52.158187153363713, -32.098021819972757 ], [ -52.15804796458211, -32.097838741725219 ], [ -52.157966143271111, -32.0978225297156 ], [ -52.157912622905911, -32.098057552342176 ] ] ], [ [ [ -52.158874635288065, -32.052467628934529 ], [ -52.158800042000465, -32.052387592470275 ], [ -52.158712623180271, -32.052463164546467 ], [ -52.158790947335575, -32.052551853152188 ], [ -52.158874635288065, -32.052467628934529 ] ] ], [ [ [ -52.158917395067093, -32.056844949473692 ], [ -52.158811029671213, -32.056769418911003 ], [ -52.158759144647945, -32.056877797806401 ], [ -52.158862560767759, -32.056931806614017 ], [ -52.158917395067093, -32.056844949473692 ] ] ], [ [ [ -52.159330630011056, -32.053062859191115 ], [ -52.159208012084918, -32.053054750946515 ], [ -52.159112330753629, -32.053204598699487 ], [ -52.159139805869984, -32.05328215790955 ], [ -52.159263767497151, -32.053276473295291 ], [ -52.159345714885433, -32.053152022691279 ], [ -52.159330630011056, -32.053062859191115 ] ] ], [ [ [ -52.159667925429325, -32.056269933033008 ], [ -52.159544788577641, -32.056248074401211 ], [ -52.159514703306201, -32.056354448408911 ], [ -52.159649350139887, -32.056397622485761 ], [ -52.159667925429325, -32.056269933033008 ] ] ], [ [ [ -52.160125804786844, -32.104393804882264 ], [ -52.160111817097608, -32.103825174730368 ], [ -52.159978101606413, -32.103823715217466 ], [ -52.159904653731246, -32.103973932224392 ], [ -52.159727424558298, -32.104095930626336 ], [ -52.159701887426166, -32.104235259787778 ], [ -52.159913026657279, -32.104233421617081 ], [ -52.160039027269455, -32.104391851703149 ], [ -52.160125804786844, -32.104393804882264 ] ] ], [ [ [ -52.160530049265752, -32.102813550344948 ], [ -52.16032238237581, -32.102555222416854 ], [ -52.160137110748877, -32.102590726355025 ], [ -52.160128583752062, -32.102815411190271 ], [ -52.160186166524575, -32.102891104209384 ], [ -52.160370532923103, -32.102852374672338 ], [ -52.160494234216294, -32.102906446359434 ], [ -52.160530049265752, -32.102813550344948 ] ] ], [ [ [ -52.160567514179817, -32.104081734947719 ], [ -52.16063975343522, -32.104020130924695 ], [ -52.160606931929912, -32.103923983701215 ], [ -52.160458961769521, -32.103819687634257 ], [ -52.160382518358233, -32.103834106747037 ], [ -52.160378910291691, -32.104000935617591 ], [ -52.160567514179817, -32.104081734947719 ] ] ], [ [ [ -52.16071143192584, -32.103138933596902 ], [ -52.160586256586534, -32.103142940596015 ], [ -52.160596348367179, -32.103260058190237 ], [ -52.160705278299218, -32.103262276356169 ], [ -52.16071143192584, -32.103138933596902 ] ] ], [ [ [ -52.160812770958394, -32.058000406576241 ], [ -52.16070487708118, -32.05793650725515 ], [ -52.160653017724513, -32.058040927701093 ], [ -52.160750997314224, -32.058097496243583 ], [ -52.160812770958394, -32.058000406576241 ] ] ], [ [ [ -52.161688024178048, -32.103854904738512 ], [ -52.161335229138089, -32.103768367943808 ], [ -52.161184887489625, -32.103889586901452 ], [ -52.161146576852559, -32.104021686832006 ], [ -52.160953280251896, -32.104063735470326 ], [ -52.160936257985014, -32.104156712109841 ], [ -52.161111437295581, -32.104281515197457 ], [ -52.161375851776249, -32.104274979203858 ], [ -52.161453286685592, -32.104201147169547 ], [ -52.161470200260929, -32.103997063758115 ], [ -52.161664608656253, -32.103968648874513 ], [ -52.161688024178048, -32.103854904738512 ] ] ], [ [ [ -52.161198562108872, -32.057518335447128 ], [ -52.16120429879593, -32.057242390498601 ], [ -52.161062275972597, -32.057275180405334 ], [ -52.161037215337423, -32.057546943370077 ], [ -52.161198562108872, -32.057518335447128 ] ] ], [ [ [ -52.161905252717325, -32.104082123459534 ], [ -52.161976164715995, -32.104039157071902 ], [ -52.161970905904091, -32.103956410670655 ], [ -52.161812169545669, -32.10393250341285 ], [ -52.161787973029121, -32.1040466365532 ], [ -52.161905252717325, -32.104082123459534 ] ] ], [ [ [ -52.162870555693175, -32.057593974437694 ], [ -52.162895065526669, -32.057476814717425 ], [ -52.162742279547132, -32.057432978913504 ], [ -52.162734440561593, -32.057603427461274 ], [ -52.162870555693175, -32.057593974437694 ] ] ], [ [ [ -52.162932665425188, -32.05587940388407 ], [ -52.163062254072905, -32.055480727601982 ], [ -52.162967269918106, -32.055442841363309 ], [ -52.162740824606253, -32.055670125880667 ], [ -52.162821778149471, -32.055909533559934 ], [ -52.162932665425188, -32.05587940388407 ] ] ], [ [ [ -52.163573806871639, -32.056135323829565 ], [ -52.163441704500713, -32.056165214134055 ], [ -52.163463587290707, -32.056289461729548 ], [ -52.163616947722858, -32.056250346372607 ], [ -52.163573806871639, -32.056135323829565 ] ] ], [ [ [ -52.163874285694845, -32.055880915416786 ], [ -52.163828095155807, -32.05580841079383 ], [ -52.163709804612544, -32.055802814743636 ], [ -52.16360511397167, -32.055906488258266 ], [ -52.163733637734111, -32.056037775542073 ], [ -52.163874285694845, -32.055880915416786 ] ] ], [ [ [ -52.164381011295617, -32.05640731360068 ], [ -52.164461011081812, -32.056327498556904 ], [ -52.164375289686092, -32.056246113905466 ], [ -52.164295317974343, -32.056323986625408 ], [ -52.164381011295617, -32.05640731360068 ] ] ], [ [ [ -52.165284831710501, -32.056809173861041 ], [ -52.165208369809918, -32.056725832673941 ], [ -52.165088155502779, -32.056776662615839 ], [ -52.165053701452834, -32.056970924539584 ], [ -52.165203518595852, -32.056992281289084 ], [ -52.165284831710501, -32.056809173861041 ] ] ], [ [ [ -52.165486282646967, -32.060068943377928 ], [ -52.165379917251087, -32.059993412815238 ], [ -52.165328032227819, -32.060101791710636 ], [ -52.165431448347633, -32.060155800518253 ], [ -52.165486282646967, -32.060068943377928 ] ] ], [ [ [ -52.203677038427038, -32.079886161562527 ], [ -52.203619186519063, -32.078937598353676 ], [ -52.203690610412139, -32.078801327948675 ], [ -52.203690610412139, -32.078187359944465 ], [ -52.203518615426816, -32.077966098872437 ], [ -52.203690610412139, -32.077672930082194 ], [ -52.203623505345028, -32.075759295145311 ], [ -52.202713128123136, -32.075377751520406 ], [ -52.202315005910982, -32.075032130499565 ], [ -52.201542329147451, -32.07458239501036 ], [ -52.201137908045752, -32.074223910936723 ], [ -52.200247153389398, -32.073720476273039 ], [ -52.199936980085539, -32.073419928349374 ], [ -52.19957083319013, -32.073275758716505 ], [ -52.199233299418175, -32.072913413893573 ], [ -52.199028277027161, -32.07283997101937 ], [ -52.198782311285711, -32.072648893709577 ], [ -52.198669100484935, -32.07242981480794 ], [ -52.198530922024695, -32.072394573183736 ], [ -52.198088256419048, -32.072022915281053 ], [ -52.197613613495434, -32.071762295385916 ], [ -52.197386885430845, -32.071456122047202 ], [ -52.197103628018844, -32.071238078030412 ], [ -52.196897961728176, -32.071196499600632 ], [ -52.196395759788267, -32.07088330669125 ], [ -52.196040153129424, -32.070831020150642 ], [ -52.195917881931734, -32.070710719310874 ], [ -52.195748917316813, -32.070675470340213 ], [ -52.195367032985466, -32.07027735735543 ], [ -52.19484243784671, -32.070054730617763 ], [ -52.194743524540712, -32.06987827349942 ], [ -52.194419543862089, -32.069780126148345 ], [ -52.194088992183744, -32.069586377496336 ], [ -52.192926070642159, -32.0686748896157 ], [ -52.192348539750455, -32.068492009367745 ], [ -52.191984386210699, -32.068278977646422 ], [ -52.191531373997023, -32.067702427910831 ], [ -52.191557304308994, -32.06747322088885 ], [ -52.191383752171667, -32.067219938066224 ], [ -52.190550751177007, -32.06703973132975 ], [ -52.189938100032037, -32.066725082906316 ], [ -52.189370282180846, -32.066163854998337 ], [ -52.188676777272399, -32.065917209582452 ], [ -52.188013375637262, -32.06548311690166 ], [ -52.187755204294646, -32.065487278452132 ], [ -52.1875670255424, -32.065398365174097 ], [ -52.187489453049025, -32.06524371488122 ], [ -52.187070362818105, -32.06504767882199 ], [ -52.186904273705345, -32.064718082848053 ], [ -52.18648565788471, -32.064532412523448 ], [ -52.185886267511059, -32.063953878761332 ], [ -52.185583856431684, -32.06394607763329 ], [ -52.185151898959354, -32.064219752805954 ], [ -52.184958327123525, -32.06421811586209 ], [ -52.184287100764337, -32.063845986028099 ], [ -52.18406395952578, -32.063591418005295 ], [ -52.183780363978116, -32.063573937882694 ], [ -52.182898964666251, -32.063162215114147 ], [ -52.18263765707556, -32.062783590590094 ], [ -52.182303070314006, -32.062772144514888 ], [ -52.1819004398277, -32.062535580300192 ], [ -52.181653733371689, -32.062525519062369 ], [ -52.181234589792965, -32.062221199317861 ], [ -52.18107799441816, -32.062196741709776 ], [ -52.180878739548966, -32.06198365584919 ], [ -52.18064558223665, -32.061965036913982 ], [ -52.180364918282486, -32.061836577600104 ], [ -52.180202841385849, -32.06164909035104 ], [ -52.180196356662826, -32.061450269254948 ], [ -52.179864170450486, -32.061387281194627 ], [ -52.179767442981181, -32.061185608262065 ], [ -52.179534109797586, -32.061089294514559 ], [ -52.179316243062182, -32.060762492027379 ], [ -52.179356218590073, -32.060515821753199 ], [ -52.179580760646665, -32.060234830247566 ], [ -52.179627853257891, -32.060013570676425 ], [ -52.179629364930911, -32.059850221755298 ], [ -52.179496848963581, -32.059635338520067 ], [ -52.179192708860285, -32.059622589081229 ], [ -52.179106144228022, -32.059436636274789 ], [ -52.178748513282457, -32.059311920879921 ], [ -52.178287488920567, -32.059348779370325 ], [ -52.177991977552878, -32.059191053274454 ], [ -52.177807775212983, -32.059177182151657 ], [ -52.177726439816965, -32.058946416446751 ], [ -52.177356953780901, -32.058588851498541 ], [ -52.177293572326889, -32.058433027758525 ], [ -52.176936005424309, -32.058373298491119 ], [ -52.176749210991467, -32.058138066975765 ], [ -52.176326397734393, -32.057947031150505 ], [ -52.176057320459527, -32.057969299136104 ], [ -52.17584279864878, -32.057745531531502 ], [ -52.175594336577923, -32.057775230968055 ], [ -52.175323674340532, -32.057656611238571 ], [ -52.175093771264955, -32.057735169563365 ], [ -52.174825580851518, -32.057726384894728 ], [ -52.174756921004565, -32.057641495381787 ], [ -52.174778996089557, -32.057418063787587 ], [ -52.174656858886102, -32.05733955386065 ], [ -52.174509005464223, -32.057108811484262 ], [ -52.174294119616668, -32.057013920338818 ], [ -52.174061274122522, -32.057052112381527 ], [ -52.173843805865047, -32.057010233294044 ], [ -52.173503883408372, -32.056924450455213 ], [ -52.173246321597794, -32.056772120795998 ], [ -52.173062759816972, -32.056776126772945 ], [ -52.172823128074356, -32.05641687485074 ], [ -52.172665242030718, -32.056416623434629 ], [ -52.172274225959974, -32.056125066778691 ], [ -52.172095951710773, -32.056086190258824 ], [ -52.172014282308702, -32.055934432482744 ], [ -52.171414915863309, -32.055794103367731 ], [ -52.171188989356267, -32.055483141287112 ], [ -52.171075952995608, -32.055522868668497 ], [ -52.171007662878459, -32.055641639692887 ], [ -52.170790756732167, -32.0556802590893 ], [ -52.170192481437439, -32.055722214896029 ], [ -52.169847733709418, -32.055652148844494 ], [ -52.169566248646547, -32.055986858479926 ], [ -52.169385524835064, -32.056041146656398 ], [ -52.169444110668742, -32.056230121499901 ], [ -52.169365620783374, -32.056284348561128 ], [ -52.169112529896537, -32.056245556123244 ], [ -52.16900653405731, -32.055968719966479 ], [ -52.168776786930451, -32.055909219905111 ], [ -52.168350363892955, -32.056198727430846 ], [ -52.167980234866178, -32.056312862028904 ], [ -52.167465189198964, -32.05608491421026 ], [ -52.16731488293604, -32.056284651800752 ], [ -52.16719753284189, -32.056294444500018 ], [ -52.16708750503512, -32.056217705883135 ], [ -52.166538105225968, -32.056289080293084 ], [ -52.166597118934341, -32.056563230482432 ], [ -52.166689137173471, -32.056657526360375 ], [ -52.167046134661788, -32.056594598293181 ], [ -52.167183522503358, -32.056461465248631 ], [ -52.167374591256248, -32.056501063876127 ], [ -52.167405573035289, -32.056701270539534 ], [ -52.167571694937749, -32.05677182543802 ], [ -52.167546299570624, -32.056924445156213 ], [ -52.167599647530828, -32.056987608228098 ], [ -52.167870307550906, -32.056920152808075 ], [ -52.168049429435001, -32.056731664516107 ], [ -52.168368136912079, -32.056757229203733 ], [ -52.168488537501268, -32.056837904226242 ], [ -52.168413359125402, -32.057206791611399 ], [ -52.168656163184195, -32.057370079006112 ], [ -52.168769070261469, -32.057754751643017 ], [ -52.168973674471339, -32.057844468984356 ], [ -52.16885756625215, -32.058225270025623 ], [ -52.168597794151545, -32.05840744921737 ], [ -52.16863873599533, -32.058492375842363 ], [ -52.16886099140509, -32.058597878096847 ], [ -52.168826443796924, -32.05881115881737 ], [ -52.168626553483186, -32.05889124719711 ], [ -52.168639298075092, -32.059109222933287 ], [ -52.168534862172088, -32.059253123565369 ], [ -52.168381194833827, -32.059381899439721 ], [ -52.16820052775325, -32.059384775436413 ], [ -52.168149412686944, -32.059232443588726 ], [ -52.168260797314275, -32.059114139231461 ], [ -52.168424620917719, -32.058664542026868 ], [ -52.168342385006916, -32.05847269323764 ], [ -52.168578438204435, -32.058362568441659 ], [ -52.168556513195327, -32.058284150657457 ], [ -52.168365785824754, -32.058151999111033 ], [ -52.168117513326948, -32.058137755729867 ], [ -52.167625236064822, -32.057975846405313 ], [ -52.167570367930622, -32.058032872199909 ], [ -52.167609751529525, -32.05816523263659 ], [ -52.167546429082982, -32.05834669947631 ], [ -52.167386907305492, -32.058378343695523 ], [ -52.167306865768914, -32.058304196675401 ], [ -52.167302336264754, -32.058192229689226 ], [ -52.167467896059563, -32.057915812373352 ], [ -52.167202235824206, -32.057777511009981 ], [ -52.167102974874425, -32.057813550291741 ], [ -52.167124727798722, -32.057974367572356 ], [ -52.167043829463793, -32.058095177874719 ], [ -52.166872332144116, -32.058055739046715 ], [ -52.166608072510961, -32.058150504627179 ], [ -52.166231781760949, -32.058046861947659 ], [ -52.166206897437362, -32.057947704625022 ], [ -52.166326534142961, -32.057852373444668 ], [ -52.166434812359888, -32.05755099067585 ], [ -52.166545370037298, -32.057496244808512 ], [ -52.166744199566629, -32.057600756063735 ], [ -52.166854372175173, -32.057356665428813 ], [ -52.166805462164767, -32.05713330022347 ], [ -52.166686912198344, -32.057032024636257 ], [ -52.166710512726674, -32.056790642453585 ], [ -52.166616380292588, -32.056731769793792 ], [ -52.166304989659288, -32.057193072645823 ], [ -52.1659718603063, -32.057375499394318 ], [ -52.166076929779841, -32.057580654447534 ], [ -52.166046815408706, -32.057811282693997 ], [ -52.165615638458057, -32.058444286611213 ], [ -52.165647100492016, -32.058519332406277 ], [ -52.165872914610389, -32.058589941671599 ], [ -52.16603109525424, -32.058514845055065 ], [ -52.166166611474679, -32.058264156078245 ], [ -52.166277421654698, -32.058284216475151 ], [ -52.166295007056924, -32.058442727243914 ], [ -52.166399020224674, -32.058583151738972 ], [ -52.166242061991198, -32.058864731686548 ], [ -52.16640699893243, -32.058977091735251 ], [ -52.166417084090178, -32.059058943387001 ], [ -52.166113964559955, -32.059112499386011 ], [ -52.166006001479332, -32.058986656421929 ], [ -52.165929581808797, -32.059108008343081 ], [ -52.16627204169211, -32.059336499502024 ], [ -52.166368111047689, -32.059576971132884 ], [ -52.166267420190103, -32.059629728341235 ], [ -52.1660290052439, -32.059517073037973 ], [ -52.16589817510097, -32.059262438151961 ], [ -52.165667356394692, -32.059078328674957 ], [ -52.16560990163439, -32.059135649042467 ], [ -52.165596906619577, -32.059357472783915 ], [ -52.165717122827566, -32.059460103112777 ], [ -52.165783542477548, -32.059691565820465 ], [ -52.165709412835753, -32.059753972627135 ], [ -52.165435475252373, -32.059712310425809 ], [ -52.165367490756651, -32.059850653467059 ], [ -52.165405657376816, -32.059947988039944 ], [ -52.165695009209557, -32.059915687013465 ], [ -52.165974341586413, -32.060048216737201 ], [ -52.166033613113903, -32.060171187062515 ], [ -52.166224389811688, -32.060256045792876 ], [ -52.166274906248368, -32.060381403182973 ], [ -52.166533519152729, -32.060614026428766 ], [ -52.16662904999599, -32.060582755858427 ], [ -52.166790192352941, -32.060298626442204 ], [ -52.166910259642023, -32.060276370425711 ], [ -52.167675187068589, -32.060538145259493 ], [ -52.167698773141005, -32.060662974813752 ], [ -52.16757318554793, -32.060834777842324 ], [ -52.167614455176178, -32.060925449729275 ], [ -52.167965326754384, -32.060926385785756 ], [ -52.168080515963624, -32.06076014841036 ], [ -52.168268275530032, -32.060811815461904 ], [ -52.168478766648661, -32.06097246842679 ], [ -52.168480387674578, -32.061382057531596 ], [ -52.168730469843524, -32.061391858980187 ], [ -52.168778435372438, -32.061692201741479 ], [ -52.168838824590296, -32.061743197669848 ], [ -52.168989357258823, -32.061646310555247 ], [ -52.169268923054602, -32.061640157510467 ], [ -52.169333925343651, -32.061482762173405 ], [ -52.169416208070572, -32.061457375044611 ], [ -52.169577625271373, -32.061608147119692 ], [ -52.169862684385777, -32.061672023890658 ], [ -52.169958242322899, -32.061839634891683 ], [ -52.170235145415923, -32.061811169561771 ], [ -52.170534057240062, -32.061979529276933 ], [ -52.170626871757243, -32.062189300692154 ], [ -52.170859815306805, -32.062130185769384 ], [ -52.171054963352461, -32.062223419448351 ], [ -52.171132678986403, -32.06242070639572 ], [ -52.171300154007774, -32.062259703186101 ], [ -52.171140213908188, -32.062131450650433 ], [ -52.171142584123643, -32.06199122324194 ], [ -52.171655082958473, -32.061974919554849 ], [ -52.171717744647111, -32.062140437719478 ], [ -52.171489189986886, -32.062325602722865 ], [ -52.171476354953462, -32.062419460918811 ], [ -52.171557405746512, -32.062536472947599 ], [ -52.171710262985719, -32.062538183392547 ], [ -52.171934225597035, -32.062653117379007 ], [ -52.172003358239657, -32.062561923628387 ], [ -52.1717998597519, -32.062165059782266 ], [ -52.171954509886348, -32.061955994549216 ], [ -52.172149987725597, -32.061812019997397 ], [ -52.172533216882627, -32.061761057281878 ], [ -52.172601774418553, -32.061619597616293 ], [ -52.172955387454117, -32.061366131326565 ], [ -52.173596204819418, -32.061599696479519 ], [ -52.173611110698481, -32.061357470196505 ], [ -52.173299561754547, -32.06111279672286 ], [ -52.173311444903057, -32.060837672842474 ], [ -52.173557288617566, -32.060511773391489 ], [ -52.173634782426376, -32.060519695773429 ], [ -52.173753991676172, -32.060665588596862 ], [ -52.17396421058347, -32.060596135890876 ], [ -52.173994286520561, -32.060521799339391 ], [ -52.173890165671033, -32.060354270185435 ], [ -52.173447704060457, -32.06022000179906 ], [ -52.173179042382245, -32.059886526942378 ], [ -52.172999468023775, -32.06000647672419 ], [ -52.172778954166638, -32.059972713883354 ], [ -52.172713740182232, -32.060182961706801 ], [ -52.172370699713852, -32.060260759100721 ], [ -52.172189874720743, -32.060119325909795 ], [ -52.172179116771858, -32.059938926777718 ], [ -52.172354244652723, -32.059856049953098 ], [ -52.17248539475991, -32.059950859473325 ], [ -52.172531591590754, -32.059830533943042 ], [ -52.172378105709015, -32.059801774248548 ], [ -52.172267755672564, -32.059593743455217 ], [ -52.172148652419651, -32.059618404021677 ], [ -52.171788349968914, -32.059529076191851 ], [ -52.171601676926372, -32.059339009685495 ], [ -52.171621582557904, -32.059039266424058 ], [ -52.171759554004957, -32.058949682630477 ], [ -52.171987217976032, -32.059090746974867 ], [ -52.172173284146176, -32.059063062166494 ], [ -52.172239801379554, -32.059244288815044 ], [ -52.172448573680875, -32.059386520748639 ], [ -52.172644888965969, -32.059231355040581 ], [ -52.172839171831079, -32.059257619525241 ], [ -52.172915846481146, -32.059122156818695 ], [ -52.17315788537784, -32.059027270881444 ], [ -52.173341420020435, -32.059104495979305 ], [ -52.173654709402761, -32.059117119988365 ], [ -52.173822184912169, -32.059218891278064 ], [ -52.173874043614397, -32.059379068788004 ], [ -52.174277491571708, -32.059437390025664 ], [ -52.174396285223466, -32.059685051802603 ], [ -52.174653928517642, -32.059802018947053 ], [ -52.174726486574329, -32.060138875723254 ], [ -52.17491194147744, -32.060330957169079 ], [ -52.174907001044375, -32.06064489640098 ], [ -52.175183215333668, -32.060549272535567 ], [ -52.175381775973058, -32.060576590319442 ], [ -52.175398295122363, -32.060825650938355 ], [ -52.175324295437811, -32.060982442131724 ], [ -52.17536248991258, -32.06124618980752 ], [ -52.175530585045372, -32.061483289561963 ], [ -52.175513804454944, -32.061674522969881 ], [ -52.175852326125245, -32.061917706472109 ], [ -52.176053166188773, -32.061986396207445 ], [ -52.176011228063999, -32.062111079193201 ], [ -52.175833316481679, -32.062230834313624 ], [ -52.175963912177842, -32.062391235184904 ], [ -52.175953706349304, -32.062502252368077 ], [ -52.175825107865542, -32.062671718118345 ], [ -52.175893922920913, -32.062858251623581 ], [ -52.175285139834109, -32.063362415473691 ], [ -52.17513820386678, -32.063311309107249 ], [ -52.175119657140243, -32.063162590068536 ], [ -52.175287127883315, -32.062987426894523 ], [ -52.175503051728228, -32.062974798629753 ], [ -52.175556101417165, -32.062918455032658 ], [ -52.175506822851005, -32.062774555713027 ], [ -52.175598559940418, -32.062651925728744 ], [ -52.17563400204471, -32.062297023198674 ], [ -52.175520375679554, -32.062060020900788 ], [ -52.175193114916013, -32.062099845175581 ], [ -52.174997563019375, -32.062049540006143 ], [ -52.174876019044532, -32.062103743679778 ], [ -52.174626718390009, -32.062035299287281 ], [ -52.174412578946011, -32.062344241938213 ], [ -52.174115719043762, -32.062569717600496 ], [ -52.173833732534078, -32.062609596742256 ], [ -52.173812491831491, -32.062818012733068 ], [ -52.173896472109334, -32.063001549760813 ], [ -52.173710145384227, -32.063326812301838 ], [ -52.173732488782562, -32.063437071112858 ], [ -52.173896878528822, -32.063537721832326 ], [ -52.174075153454382, -32.063541146305688 ], [ -52.17437094896551, -32.063858485271695 ], [ -52.174609071123385, -32.063883321081462 ], [ -52.174751511458219, -32.06402898520664 ], [ -52.174824409688178, -32.06399035446632 ], [ -52.174899569517741, -32.063694504204499 ], [ -52.175024867432299, -32.063610845918276 ], [ -52.175107965495421, -32.06365031266153 ], [ -52.175101110549903, -32.06381729611941 ], [ -52.175236937109148, -32.063936868293538 ], [ -52.17520261068865, -32.064383912661583 ], [ -52.174940033875686, -32.064454675240228 ], [ -52.174752308572153, -32.064426103354208 ], [ -52.174684577351698, -32.06449848818071 ], [ -52.174881543562044, -32.064786956840159 ], [ -52.175234319789958, -32.064838709051394 ], [ -52.175514850631352, -32.065069543207649 ], [ -52.175660750690689, -32.065077639874552 ], [ -52.17574453115671, -32.064926231449832 ], [ -52.175871011217538, -32.064915825757019 ], [ -52.176176975210041, -32.065306616672551 ], [ -52.176553322701928, -32.065274876001013 ], [ -52.176957198199183, -32.065415494591889 ], [ -52.177308795873316, -32.065112163246063 ], [ -52.177318780334673, -32.064974411712093 ], [ -52.17747792873989, -32.064824244589687 ], [ -52.177517291405692, -32.064643777265168 ], [ -52.177720853478164, -32.064551688286038 ], [ -52.177932257301904, -32.06476340584242 ], [ -52.178226507936145, -32.064739155509194 ], [ -52.178499621735789, -32.064820711925186 ], [ -52.178601063287545, -32.06493681716114 ], [ -52.179006003419609, -32.065128910618292 ], [ -52.179037215756104, -32.065204661541387 ], [ -52.178912238372966, -32.065269479707752 ], [ -52.177926837037667, -32.064821968098336 ], [ -52.177612831597791, -32.064829997675488 ], [ -52.177533568155845, -32.064920828500505 ], [ -52.177658543733116, -32.065063037020195 ], [ -52.177616559711645, -32.06522878662787 ], [ -52.177656559711643, -32.065302878793425 ], [ -52.177820143406038, -32.065320358916026 ], [ -52.17802468943313, -32.06547973281603 ], [ -52.178198569316088, -32.065247254065646 ], [ -52.178367645649431, -32.06524122719032 ], [ -52.1784120869372, -32.065324546446128 ], [ -52.178303441743161, -32.065582050969404 ], [ -52.178441045794649, -32.065716595999156 ], [ -52.178711759011939, -32.065613526592088 ], [ -52.178886873518152, -32.065665833119041 ], [ -52.179099039004129, -32.065515096380139 ], [ -52.179258956840478, -32.065574744416274 ], [ -52.179437283226356, -32.065517376422072 ], [ -52.179684443840294, -32.065638194425595 ], [ -52.17977450990842, -32.06546006687504 ], [ -52.17986555420859, -32.065441609385786 ], [ -52.179911337937902, -32.065562814818215 ], [ -52.179714804785426, -32.066103467210347 ], [ -52.179974537129475, -32.066260816066759 ], [ -52.180348654725378, -32.065917849820252 ], [ -52.180570671347837, -32.065543352940558 ], [ -52.180852665845535, -32.065336618643478 ], [ -52.18096145338729, -32.065413361602282 ], [ -52.180949865776988, -32.065556436893409 ], [ -52.180803095776461, -32.065660027015916 ], [ -52.180870242556239, -32.065799304674655 ], [ -52.181099094929088, -32.065756270444901 ], [ -52.181307186258955, -32.06581051620357 ], [ -52.18142055711202, -32.065577732728258 ], [ -52.181705787125686, -32.065288713021729 ], [ -52.181802062104047, -32.065337680927897 ], [ -52.18172715193954, -32.06558295294132 ], [ -52.181835993010317, -32.06571387557225 ], [ -52.182080953345164, -32.065747106647862 ], [ -52.182147374135191, -32.065546211309822 ], [ -52.182311847967632, -32.065464703748034 ], [ -52.182367427526223, -32.065643590444054 ], [ -52.182058859209583, -32.06580780652061 ], [ -52.182051805340627, -32.065964508584507 ], [ -52.18212050941051, -32.066078415237577 ], [ -52.182059633524844, -32.066232535495644 ], [ -52.182161739725473, -32.066325639273515 ], [ -52.182183126628814, -32.066562153259291 ], [ -52.182319156184143, -32.066819645285378 ], [ -52.182271111441864, -32.066978602173315 ], [ -52.18209055275512, -32.067063074471164 ], [ -52.182092647281188, -32.06720649635826 ], [ -52.182271860963461, -32.067414306925592 ], [ -52.182602619920992, -32.067434167831514 ], [ -52.182608004250717, -32.067569645990652 ], [ -52.182495576425694, -32.06779230956618 ], [ -52.182730439748966, -32.06789279188451 ], [ -52.182874930792657, -32.067877896954229 ], [ -52.183187646485727, -32.0676811995572 ], [ -52.183338560897326, -32.067680574297803 ], [ -52.183480046315594, -32.067421022134148 ], [ -52.183709130593769, -32.067362982101429 ], [ -52.183835205753489, -32.067136804825147 ], [ -52.184337810279928, -32.067046493484654 ], [ -52.184787165452619, -32.067124501259649 ], [ -52.184898011872306, -32.066886491984619 ], [ -52.185105424886224, -32.066976047565809 ], [ -52.185031745691383, -32.067135125098844 ], [ -52.185058766334144, -32.067394964842507 ], [ -52.18531958014249, -32.067398491265834 ], [ -52.185545640003895, -32.067138052694474 ], [ -52.185814379348379, -32.067105583474287 ], [ -52.18588626728274, -32.066900714438681 ], [ -52.186124118767552, -32.066767976009267 ], [ -52.186074555809746, -32.066583342731796 ], [ -52.186166905712767, -32.066198111009413 ], [ -52.186392526111867, -32.06588397765637 ], [ -52.18655572110297, -32.065884947778152 ], [ -52.186605976402689, -32.066318527131571 ], [ -52.186543386184844, -32.066520953625627 ], [ -52.186311634032059, -32.066794330968364 ], [ -52.186298068896484, -32.066989630529164 ], [ -52.186588163511004, -32.067189024721515 ], [ -52.186629890919349, -32.067283649970797 ], [ -52.186490863393615, -32.067450057138217 ], [ -52.186460911482833, -32.067635713133008 ], [ -52.186213152017935, -32.067912852377397 ], [ -52.186012291750281, -32.067992118475914 ], [ -52.185953826675309, -32.068184874036206 ], [ -52.185994623122873, -32.068252406066975 ], [ -52.186203453930631, -32.068201959386123 ], [ -52.186446184316324, -32.068275939921968 ], [ -52.186656503729722, -32.068175831641732 ], [ -52.187014775054202, -32.068174891351134 ], [ -52.187541807204937, -32.068447883515795 ], [ -52.187789008976281, -32.068352959512644 ], [ -52.18793643236237, -32.068009316349645 ], [ -52.187911757294536, -32.067934690333665 ], [ -52.187808435684758, -32.067858581594599 ], [ -52.187648251654402, -32.067932803000282 ], [ -52.187243027355926, -32.067804341360429 ], [ -52.187196981497017, -32.067733723178996 ], [ -52.187224831340984, -32.067513314252217 ], [ -52.186935553603007, -32.067477334870283 ], [ -52.186934773589044, -32.067194286582122 ], [ -52.187137052028469, -32.067084642735182 ], [ -52.187279985701402, -32.067114095907876 ], [ -52.187347790513186, -32.067254393412263 ], [ -52.187272067572657, -32.067276214216896 ], [ -52.187250833573152, -32.06736611217913 ], [ -52.187325100715327, -32.067425851175855 ], [ -52.187406437614676, -32.067367016813684 ], [ -52.187358695952696, -32.067258244821083 ], [ -52.187550319593022, -32.06716851211398 ], [ -52.187750297344074, -32.067277514002868 ], [ -52.187891247165332, -32.067086321160886 ], [ -52.188177302144574, -32.067172063256471 ], [ -52.188186521707948, -32.067356360495452 ], [ -52.188281455754229, -32.067489559230225 ], [ -52.18849770049561, -32.067440848847987 ], [ -52.188602290280492, -32.067306545048211 ], [ -52.188684888545964, -32.067293025553148 ], [ -52.188766432793081, -32.067403391609609 ], [ -52.188965182164303, -32.067470317755628 ], [ -52.189094951444659, -32.067648205685714 ], [ -52.189119331178247, -32.067833711006941 ], [ -52.189339788110537, -32.067892261763731 ], [ -52.189592245083418, -32.067842197657725 ], [ -52.189894442626503, -32.067915497066785 ], [ -52.19008201987792, -32.06832563691092 ], [ -52.190043638785767, -32.068497590665359 ], [ -52.190204610681619, -32.068550103202924 ], [ -52.190271448831353, -32.068642677081151 ], [ -52.190243144398224, -32.068759150777261 ], [ -52.189756704343765, -32.069114691083477 ], [ -52.189657408060683, -32.069038084201424 ], [ -52.189734278189931, -32.06886202244447 ], [ -52.189701512444685, -32.06879169093866 ], [ -52.189391420538193, -32.068685512115351 ], [ -52.189183384346521, -32.068733344271884 ], [ -52.188987457739131, -32.06852971172124 ], [ -52.188873815658326, -32.068598054305497 ], [ -52.188940291663769, -32.068693537607551 ], [ -52.188929250689966, -32.068820730721448 ], [ -52.188779730100116, -32.068866103913841 ], [ -52.188690892694147, -32.06871746703861 ], [ -52.188853761109591, -32.068633846580092 ], [ -52.188872160820793, -32.068553987695836 ], [ -52.188567343695929, -32.068216865237744 ], [ -52.188695741305281, -32.068107216460469 ], [ -52.188815304078183, -32.067851810722878 ], [ -52.188600592566694, -32.067733700070399 ], [ -52.188474070446063, -32.067743431876949 ], [ -52.187886121347617, -32.068403854764419 ], [ -52.187734566520078, -32.068719207813658 ], [ -52.188582598839851, -32.069075399669053 ], [ -52.188642758285482, -32.069239557836312 ], [ -52.188847688069643, -32.069289400173226 ], [ -52.188829816542679, -32.069528264145248 ], [ -52.188877305848536, -32.069591780490541 ], [ -52.189104960438939, -32.069634244330985 ], [ -52.189428614551588, -32.069884557929015 ], [ -52.189494907960956, -32.069843600516243 ], [ -52.189518631078542, -32.069688693714113 ], [ -52.189937882259876, -32.069451705201658 ], [ -52.190127499590041, -32.069520593399531 ], [ -52.190216026353305, -32.069667368669606 ], [ -52.190291556584178, -32.069685616447522 ], [ -52.190380917589479, -32.069631529772145 ], [ -52.190388831498495, -32.06952451962794 ], [ -52.190103046740624, -32.069252035747887 ], [ -52.190177427401892, -32.069081729105712 ], [ -52.190403356407536, -32.068943168797297 ], [ -52.190665296360102, -32.068980889827188 ], [ -52.190823847859406, -32.068900289979588 ], [ -52.190939622662981, -32.069058782920166 ], [ -52.191082534070432, -32.069131283094372 ], [ -52.191448393358201, -32.068917444929617 ], [ -52.191537256381267, -32.068649305442648 ], [ -52.19175822950789, -32.068511214668703 ], [ -52.192170569617424, -32.068813643228118 ], [ -52.19265813017541, -32.069008438396104 ], [ -52.192775068474468, -32.069297242313752 ], [ -52.193472393265679, -32.069560893323334 ], [ -52.19384194331883, -32.069951202934909 ], [ -52.193930431669401, -32.070126201300518 ], [ -52.194100269136506, -32.070161175227781 ], [ -52.194180464363434, -32.070318139206741 ], [ -52.194539412772457, -32.070487472693323 ], [ -52.194630511786599, -32.070621238767778 ], [ -52.195064966247465, -32.070804822866172 ], [ -52.195211645865356, -32.070972454559836 ], [ -52.195395921713242, -32.071059590565831 ], [ -52.195509725880143, -32.071276178702902 ], [ -52.19537723849843, -32.07152082561624 ], [ -52.195258152281525, -32.071588466658831 ], [ -52.195112068654609, -32.07185999080513 ], [ -52.194706599557918, -32.072191510873957 ], [ -52.194487915640792, -32.072504762965409 ], [ -52.194202619732366, -32.072647882969456 ], [ -52.194072472351607, -32.072871670023254 ], [ -52.194149241962307, -32.073038524482349 ], [ -52.19413271471285, -32.073155517086803 ], [ -52.194485656027439, -32.073370552483247 ], [ -52.194920106147208, -32.073375307583433 ], [ -52.195109890552452, -32.073456406947876 ], [ -52.195111277440766, -32.073601562014552 ], [ -52.194883921651879, -32.073577807074621 ], [ -52.194824627175493, -32.073655081140721 ], [ -52.194848058632992, -32.073793449226045 ], [ -52.195084521531726, -32.073897088060889 ], [ -52.195527572223277, -32.074056572345263 ], [ -52.195670337581021, -32.074047962258661 ], [ -52.195687505971129, -32.073921511836254 ], [ -52.195432240968984, -32.073801394998142 ], [ -52.195349032604994, -32.073681629773205 ], [ -52.195398434071492, -32.07357017503054 ], [ -52.195607435174523, -32.073566349933678 ], [ -52.195873013188702, -32.073806162715847 ], [ -52.1961076964974, -32.073820546855046 ], [ -52.196237000569994, -32.07393477687387 ], [ -52.196435877624168, -32.073903226543635 ], [ -52.196519412645749, -32.073973433126582 ], [ -52.196547222821664, -32.074115478835715 ], [ -52.196812031978105, -32.074199819428685 ], [ -52.196848267240334, -32.074421540897767 ], [ -52.197061183477537, -32.074529570775724 ], [ -52.197069831086985, -32.074664336750033 ], [ -52.196810004694967, -32.074691525184427 ], [ -52.196673780613757, -32.07485082697827 ], [ -52.196375906750724, -32.074827104712512 ], [ -52.1963184502901, -32.074926283997442 ], [ -52.196618149668204, -32.075134289618433 ], [ -52.196632533334785, -32.075337052144562 ], [ -52.197175831493922, -32.075827847949533 ], [ -52.197346107743705, -32.075869985826607 ], [ -52.197547229921, -32.075716258476106 ], [ -52.197896904087237, -32.075628882752497 ], [ -52.198068138100787, -32.07569300818426 ], [ -52.19812639862046, -32.075636338878461 ], [ -52.197891297128756, -32.075272828659884 ], [ -52.197566154175689, -32.075176556743955 ], [ -52.197316126846786, -32.074962173849151 ], [ -52.197268792886291, -32.074852134545537 ], [ -52.197336649319759, -32.074778108357904 ], [ -52.197577407297231, -32.074905162851671 ], [ -52.197910569879902, -32.075229823014617 ], [ -52.198072921780451, -32.075243129326921 ], [ -52.198285845481969, -32.075493382449189 ], [ -52.198282519418996, -32.075676087177371 ], [ -52.198105418435368, -32.075735100636926 ], [ -52.198027796046773, -32.07597712050913 ], [ -52.197782628365999, -32.076071634893694 ], [ -52.197439831418357, -32.076033376492703 ], [ -52.197335011238103, -32.076095767752527 ], [ -52.197312103678875, -32.076283666590363 ], [ -52.197533907064397, -32.076332698916922 ], [ -52.197637012871439, -32.076440969138567 ], [ -52.197645277052473, -32.076560629198667 ], [ -52.197580989398041, -32.076635939760514 ], [ -52.197348124212851, -32.076603416520697 ], [ -52.197323247095738, -32.076839665639255 ], [ -52.197164748689957, -32.076939857287094 ], [ -52.197199704279249, -32.077115509603793 ], [ -52.19746984699843, -32.077042174217709 ], [ -52.197793395357081, -32.077272151468982 ], [ -52.197870482727254, -32.077441061375858 ], [ -52.198286039889055, -32.077403102580583 ], [ -52.198516029605862, -32.077480051223965 ], [ -52.198657664354087, -32.077291385506499 ], [ -52.198837204924409, -32.077280483159711 ], [ -52.19932042656832, -32.077046155961597 ], [ -52.199551286646461, -32.077018686232499 ], [ -52.19953382916168, -32.076879973100802 ], [ -52.199275896393232, -32.076714730472375 ], [ -52.199278759919657, -32.07663458228425 ], [ -52.199354031997096, -32.076596862380356 ], [ -52.200309999587461, -32.077095091079073 ], [ -52.200442168354243, -32.077329304559434 ], [ -52.200811901190754, -32.077401382931122 ], [ -52.201026114481763, -32.077237358644048 ], [ -52.20113539419377, -32.077230003823495 ], [ -52.201299012771585, -32.077408148727095 ], [ -52.20123893922333, -32.077704714015468 ], [ -52.201269605615366, -32.077892412462454 ], [ -52.201603024662546, -32.078147248937654 ], [ -52.201511626049623, -32.078370667852298 ], [ -52.201640104808568, -32.078502120683844 ], [ -52.201632965920894, -32.078674890206564 ], [ -52.201830339613188, -32.078894077565224 ], [ -52.202150569321695, -32.078795271909627 ], [ -52.202173989799512, -32.07887585677549 ], [ -52.20208529024994, -32.07906469860972 ], [ -52.202248998149351, -32.079113393659341 ], [ -52.202361807919793, -32.079259567991166 ], [ -52.202170820357964, -32.079701178564768 ], [ -52.202451596891969, -32.079792095597824 ], [ -52.202592702322015, -32.07995009154569 ], [ -52.20274068702971, -32.079946541174039 ], [ -52.202771562841157, -32.079735755337929 ], [ -52.202842181022568, -32.079689709479048 ], [ -52.202981424434235, -32.079723887562984 ], [ -52.203048617886836, -32.079891823176887 ], [ -52.203224857669632, -32.079940361220494 ], [ -52.203471696161749, -32.07998057805451 ], [ -52.203677038427038, -32.079886161562527 ] ], [ [ -52.18753700932772, -32.067019341739382 ], [ -52.187256952876446, -32.066880749372125 ], [ -52.187333385765463, -32.066652205622525 ], [ -52.187510139692833, -32.066761725685204 ], [ -52.187811237981109, -32.066803079161843 ], [ -52.187789334054244, -32.066910734244914 ], [ -52.18753700932772, -32.067019341739382 ] ], [ [ -52.186705635477949, -32.066338110990252 ], [ -52.186809486756026, -32.066208906460695 ], [ -52.18691737169847, -32.066245379873415 ], [ -52.186840697845199, -32.066473583175508 ], [ -52.186744581922021, -32.066454703163878 ], [ -52.186705635477949, -32.066338110990252 ] ], [ [ -52.168049003730147, -32.059456378376005 ], [ -52.168088975392799, -32.059566979797303 ], [ -52.168254464851778, -32.05965713268521 ], [ -52.168293519012401, -32.059809903610002 ], [ -52.16853661861871, -32.059857193771656 ], [ -52.168534684903321, -32.059974752910996 ], [ -52.168371627050519, -32.059991947979569 ], [ -52.168197840100831, -32.059884130367855 ], [ -52.16782318383801, -32.060249993224247 ], [ -52.16768736740967, -32.060171758044113 ], [ -52.167548891548357, -32.060204874321812 ], [ -52.167453594683181, -32.060086554602073 ], [ -52.167317343899654, -32.060043927434805 ], [ -52.167279718725212, -32.059860398511461 ], [ -52.167553299611285, -32.059754786170231 ], [ -52.16765774600664, -32.059806657411613 ], [ -52.1676019384985, -32.059950891010963 ], [ -52.167649025805083, -32.06003193879382 ], [ -52.167860408930665, -32.059937008187255 ], [ -52.168019661679132, -32.059699125643938 ], [ -52.167770669767464, -32.059611068073998 ], [ -52.167749840534832, -32.059468023734325 ], [ -52.16783862957115, -32.059402002574529 ], [ -52.168049003730147, -32.059456378376005 ] ], [ [ -52.168644359938405, -32.059340405930691 ], [ -52.168740329337133, -32.059318810994206 ], [ -52.168847233859495, -32.059468812182331 ], [ -52.169122811623112, -32.059532463608043 ], [ -52.169268224450569, -32.059529939141868 ], [ -52.169440135811548, -32.05935229324372 ], [ -52.169602426726819, -32.059402118819364 ], [ -52.169356749613144, -32.05999971013042 ], [ -52.169189003039619, -32.060015197270438 ], [ -52.169228024007296, -32.060192972837719 ], [ -52.169029074859012, -32.060358905953635 ], [ -52.16894108361506, -32.060342693211716 ], [ -52.168705323447369, -32.060065265198425 ], [ -52.168715319080619, -32.059986825146929 ], [ -52.168839001879803, -32.059900194450748 ], [ -52.168818486526447, -32.059771449529983 ], [ -52.168896759037857, -32.05964045910509 ], [ -52.168835165469979, -32.05953054045154 ], [ -52.168624638779001, -32.059490007843507 ], [ -52.168644359938405, -32.059340405930691 ] ], [ [ -52.169300403397315, -32.060195257506756 ], [ -52.169385961017532, -32.060030637419381 ], [ -52.169727128282169, -32.059983662877471 ], [ -52.169918960372669, -32.060238895763135 ], [ -52.169840607500518, -32.060316119814111 ], [ -52.169703602001647, -32.060209443807963 ], [ -52.169405847404811, -32.060280887800587 ], [ -52.169300403397315, -32.060195257506756 ] ], [ [ -52.169539370797835, -32.056254543338248 ], [ -52.169839155977847, -32.05600303831406 ], [ -52.169968758689812, -32.055980839377831 ], [ -52.17016010981429, -32.056373745852312 ], [ -52.170508334131455, -32.056287992992949 ], [ -52.170657381430004, -32.05634695318399 ], [ -52.170721429407692, -32.056493917917074 ], [ -52.170535508186802, -32.057177375846905 ], [ -52.170726108261789, -32.057295797098128 ], [ -52.170647398827633, -32.057557016838381 ], [ -52.170785633158033, -32.057643902702303 ], [ -52.170797161213045, -32.057732666668862 ], [ -52.170605119473379, -32.05777176499749 ], [ -52.170440278992011, -32.057570951797636 ], [ -52.170341289363975, -32.057566330452104 ], [ -52.170139188240491, -32.0578067159474 ], [ -52.170115359687344, -32.057955872163681 ], [ -52.169973863260743, -32.058047293197518 ], [ -52.169818434986766, -32.058314118555685 ], [ -52.169680244217133, -32.058424337664938 ], [ -52.169840917602457, -32.058628283672988 ], [ -52.1700062744059, -32.058543591548798 ], [ -52.170251090644527, -32.058589691448034 ], [ -52.170438440749045, -32.058839459240339 ], [ -52.17039054218148, -32.05895167469837 ], [ -52.170224564208937, -32.058954940007311 ], [ -52.170012331889097, -32.058855897459772 ], [ -52.169839179336137, -32.058634897097583 ], [ -52.169623768200985, -32.058655177854753 ], [ -52.169281807819203, -32.05832842027931 ], [ -52.169331593753377, -32.058189441726917 ], [ -52.16956783700617, -32.058199576951687 ], [ -52.169661075543537, -32.058135750209608 ], [ -52.169771984564335, -32.057773051156168 ], [ -52.169892215150355, -32.057712496198207 ], [ -52.16992545622729, -32.057566594402147 ], [ -52.17005774480716, -32.057510689787357 ], [ -52.170161073808103, -32.057325773184452 ], [ -52.170040473960498, -32.056901630654011 ], [ -52.169820813286833, -32.056810312838707 ], [ -52.169602668290828, -32.056890615984393 ], [ -52.169525649369362, -32.056847555570663 ], [ -52.169518565609941, -32.056682131856498 ], [ -52.169596874874863, -32.05656007406612 ], [ -52.169539370797835, -32.056254543338248 ] ], [ [ -52.172951140566262, -32.058966039326386 ], [ -52.172860455657307, -32.058881422308275 ], [ -52.172938361048907, -32.058767777189352 ], [ -52.173022368398115, -32.058849766167448 ], [ -52.172951140566262, -32.058966039326386 ] ], [ [ -52.166937079903867, -32.059676154152591 ], [ -52.16688262976858, -32.059828074598244 ], [ -52.166773796133285, -32.059826044969022 ], [ -52.166702108249183, -32.059748274728712 ], [ -52.166778238097471, -32.059596288954936 ], [ -52.16689232650765, -32.059599628012698 ], [ -52.166937079903867, -32.059676154152591 ] ], [ [ -52.167506877459154, -32.058731643058572 ], [ -52.167433745313289, -32.058841776147545 ], [ -52.16733114592509, -32.05876005813105 ], [ -52.167404572236613, -32.05862585093265 ], [ -52.167487684992082, -32.058646514592112 ], [ -52.167506877459154, -32.058731643058572 ] ], [ [ -52.167578832702084, -32.059263838313747 ], [ -52.167539680811878, -32.059384445041211 ], [ -52.167384902405111, -32.059334657078779 ], [ -52.167435889587487, -32.059221861355333 ], [ -52.167578832702084, -32.059263838313747 ] ], [ [ -52.167939138015321, -32.058785286883207 ], [ -52.168015740377378, -32.058828434490003 ], [ -52.168025177846552, -32.058944189718972 ], [ -52.16793535250482, -32.059026808647872 ], [ -52.167853182861229, -32.058944534837458 ], [ -52.167939138015321, -32.058785286883207 ] ], [ [ -52.169195989694686, -32.061037253973858 ], [ -52.169078976445071, -32.061074143083964 ], [ -52.169039750651464, -32.060969109355241 ], [ -52.169159645698905, -32.060929606969829 ], [ -52.169195989694686, -32.061037253973858 ] ], [ [ -52.169556415981518, -32.061203124141514 ], [ -52.169473800616771, -32.06128367821772 ], [ -52.16935537280424, -32.061208761137145 ], [ -52.169437726724396, -32.061122404685619 ], [ -52.169556415981518, -32.061203124141514 ] ], [ [ -52.169715083898772, -32.058941536326515 ], [ -52.169723729335601, -32.059027053006396 ], [ -52.16961743454997, -32.059120192206649 ], [ -52.169438696198142, -32.059007081731245 ], [ -52.169541226001257, -32.05889697565965 ], [ -52.169715083898772, -32.058941536326515 ] ], [ [ -52.170563711163538, -32.061569822682813 ], [ -52.170508164211341, -32.061642134517008 ], [ -52.170276203836856, -32.061646047687105 ], [ -52.170201755718466, -32.061531804216642 ], [ -52.170371786855405, -32.061334000215787 ], [ -52.170563711163538, -32.061569822682813 ] ], [ [ -52.171007745614936, -32.057010975825222 ], [ -52.170986369821179, -32.057123229818423 ], [ -52.17086180643949, -32.057110644365331 ], [ -52.170881754908898, -32.056974237793931 ], [ -52.171007745614936, -32.057010975825222 ] ], [ [ -52.171466045255904, -32.060344593353996 ], [ -52.17136526972191, -32.060463132014839 ], [ -52.171391387248242, -32.060636527106546 ], [ -52.171278336029253, -32.060667764950416 ], [ -52.171237134148491, -32.060591095780197 ], [ -52.17132811329779, -32.06045742800891 ], [ -52.171300297866033, -32.060265822168034 ], [ -52.17144312590127, -32.060202658386089 ], [ -52.171466045255904, -32.060344593353996 ] ], [ [ -52.172977273223687, -32.057635261474708 ], [ -52.172823122789758, -32.057972897586453 ], [ -52.172811937300189, -32.058234216769534 ], [ -52.172509907384608, -32.058520029527934 ], [ -52.172343729107268, -32.058832329860685 ], [ -52.172160893589513, -32.058753690967151 ], [ -52.171981018702347, -32.058781320614152 ], [ -52.171654069642706, -32.058626480218898 ], [ -52.171695256764693, -32.058377963461844 ], [ -52.172323341818888, -32.058459376596346 ], [ -52.172488527685296, -32.058209793180218 ], [ -52.172191112772026, -32.058024222527457 ], [ -52.171849210754019, -32.057924800710936 ], [ -52.171614917047641, -32.057741980963115 ], [ -52.171634977444548, -32.057631170783097 ], [ -52.171828486540811, -32.057537367350086 ], [ -52.171991406228642, -32.057608506093096 ], [ -52.172261312902428, -32.057509263267526 ], [ -52.172425158964394, -32.057522109693998 ], [ -52.172487517050826, -32.057342558427642 ], [ -52.172584270561543, -32.057308638583109 ], [ -52.172878948470263, -32.057509723687637 ], [ -52.172977273223687, -32.057635261474708 ] ], [ [ -52.172143493629832, -32.06140248569293 ], [ -52.172049770324016, -32.061428261349008 ], [ -52.171768858881876, -32.061255708112135 ], [ -52.171785287958805, -32.061070061398432 ], [ -52.172043461470651, -32.061058619534222 ], [ -52.172070279506599, -32.061202154168463 ], [ -52.172188887625396, -32.061296894044744 ], [ -52.172143493629832, -32.06140248569293 ] ], [ [ -52.1732242895281, -32.060316401237635 ], [ -52.173157742913027, -32.060465093367185 ], [ -52.173036278392374, -32.060441765834781 ], [ -52.173094055469662, -32.060275191046067 ], [ -52.1732242895281, -32.060316401237635 ] ], [ [ -52.176568761692771, -32.059143029052898 ], [ -52.176460570457628, -32.059369268531178 ], [ -52.176216780346238, -32.059469807885897 ], [ -52.176141630652275, -32.059857074592877 ], [ -52.175643882526593, -32.059913406971532 ], [ -52.175563305120505, -32.059816700371037 ], [ -52.175696466486784, -32.059644509339037 ], [ -52.175573417289876, -32.05955263043122 ], [ -52.17559658111864, -32.059383697178085 ], [ -52.175417951583611, -32.059181588629706 ], [ -52.175137431017092, -32.059256592518793 ], [ -52.175048500233586, -32.059579667007739 ], [ -52.174748163060777, -32.059603052722295 ], [ -52.174414975514011, -32.059251739724381 ], [ -52.174194181124811, -32.059172522657654 ], [ -52.174138069328613, -32.059066765367312 ], [ -52.174174443406848, -32.058997881545039 ], [ -52.174341547915908, -32.058945620805929 ], [ -52.174373549727648, -32.058799614114236 ], [ -52.174275705851869, -32.058599525396531 ], [ -52.174456270355904, -32.058334614338712 ], [ -52.174592261449156, -32.058261110095614 ], [ -52.175199862424137, -32.058595319652738 ], [ -52.175280140245469, -32.05869391392612 ], [ -52.175446582245328, -32.058705561470617 ], [ -52.175505923178228, -32.058865560803234 ], [ -52.175683290323313, -32.058977445936044 ], [ -52.176019514103075, -32.058837803641296 ], [ -52.176524647789982, -32.058876986833063 ], [ -52.176568761692771, -32.059143029052898 ] ], [ [ -52.175192138133596, -32.062623499522154 ], [ -52.175262460671995, -32.062785584087344 ], [ -52.175093103502938, -32.062813422321668 ], [ -52.174745302668271, -32.062636218931161 ], [ -52.174716802154371, -32.06254644159128 ], [ -52.174773941799678, -32.062484456031612 ], [ -52.174901025825967, -32.0624941812586 ], [ -52.175192138133596, -32.062623499522154 ] ], [ [ -52.177187344193761, -32.060046995169316 ], [ -52.177191123598334, -32.060262706535262 ], [ -52.177001809466461, -32.060290247108654 ], [ -52.176739603155049, -32.060114026514746 ], [ -52.176782719087988, -32.060044018235828 ], [ -52.17695943413537, -32.059992038437414 ], [ -52.177187344193761, -32.060046995169316 ] ], [ [ -52.177210916381803, -32.064341048433867 ], [ -52.177220136675857, -32.064478451533411 ], [ -52.177066974227508, -32.064454220078694 ], [ -52.177074428642207, -32.064321732592788 ], [ -52.177210916381803, -32.064341048433867 ] ], [ [ -52.179107656892356, -32.062770696991834 ], [ -52.178958232038333, -32.063010216581262 ], [ -52.17872272476086, -32.063000185094523 ], [ -52.178473266203405, -32.063573359907082 ], [ -52.17839649614416, -32.063608332408613 ], [ -52.178283654223762, -32.063555710639221 ], [ -52.178241580145929, -32.063364194721629 ], [ -52.178493217974641, -32.063113581190308 ], [ -52.178684458216068, -32.062706850242854 ], [ -52.178772183598745, -32.06268833525688 ], [ -52.178888546986336, -32.062767045766059 ], [ -52.179036410680645, -32.06268375777227 ], [ -52.179107656892356, -32.062770696991834 ] ], [ [ -52.178905886491847, -32.06317287378134 ], [ -52.178986631502042, -32.063258403154322 ], [ -52.178911911074508, -32.063338603025912 ], [ -52.178825693724342, -32.063258240213578 ], [ -52.178905886491847, -32.06317287378134 ] ], [ [ -52.180397634109255, -32.06378689419153 ], [ -52.180361414384059, -32.063929489357569 ], [ -52.180209288957002, -32.063983422254566 ], [ -52.180128935586829, -32.063947738903387 ], [ -52.18012191714233, -32.063820415505042 ], [ -52.180254772539115, -32.063685349988987 ], [ -52.180343628798141, -32.063689347960917 ], [ -52.180397634109255, -32.06378689419153 ] ], [ [ -52.183701848205885, -32.06518809236367 ], [ -52.183548212402734, -32.065335852259295 ], [ -52.183406658572565, -32.065242358611833 ], [ -52.183172956016833, -32.065249507291576 ], [ -52.183175223262552, -32.065091679689033 ], [ -52.183047092730746, -32.064919877186824 ], [ -52.183192900539993, -32.064802192364127 ], [ -52.183647398070597, -32.064915330048777 ], [ -52.183701848205885, -32.06518809236367 ] ], [ [ -52.183102463438466, -32.065296118184605 ], [ -52.183135369230712, -32.065562623247523 ], [ -52.182953817633447, -32.06582324782768 ], [ -52.182758894286437, -32.065919328265338 ], [ -52.18260104172694, -32.065857556263452 ], [ -52.182593689770322, -32.065703887462888 ], [ -52.182798838143661, -32.065610410053111 ], [ -52.18270047431507, -32.065464542220255 ], [ -52.182712716912896, -32.065383676370679 ], [ -52.182900286550577, -32.065274015300155 ], [ -52.183102463438466, -32.065296118184605 ] ], [ [ -52.183178204654816, -32.066527280729623 ], [ -52.182960963892079, -32.066962778700528 ], [ -52.182857828299497, -32.066987209363106 ], [ -52.182775232947108, -32.066791051147781 ], [ -52.182894037621587, -32.066618486120447 ], [ -52.182893123795928, -32.066501289103996 ], [ -52.18267233811644, -32.066423610060546 ], [ -52.182654025542547, -32.066240204338101 ], [ -52.1827768351326, -32.066118759716517 ], [ -52.182891305312509, -32.066128306613088 ], [ -52.182931458253336, -32.066323572867866 ], [ -52.183094234412394, -32.066376880465405 ], [ -52.183178204654816, -32.066527280729623 ] ], [ [ -52.18501897953783, -32.065409983117434 ], [ -52.184986739437996, -32.065638047851174 ], [ -52.184849558325745, -32.065592743179018 ], [ -52.184898715965957, -32.065378655990308 ], [ -52.18501897953783, -32.065409983117434 ] ], [ [ -52.185797325219006, -32.064830200791761 ], [ -52.185667926583953, -32.064910597523095 ], [ -52.185584984544903, -32.064827866685633 ], [ -52.18571482531474, -32.064749397827882 ], [ -52.185797325219006, -32.064830200791761 ] ], [ [ -52.189580473117076, -32.069487109962196 ], [ -52.189407538401831, -32.06937903396863 ], [ -52.189459369130347, -32.069224172141475 ], [ -52.18955475414613, -32.069228871332008 ], [ -52.189619969163154, -32.069344138127853 ], [ -52.189580473117076, -32.069487109962196 ] ], [ [ -52.190231305620017, -32.067168659681279 ], [ -52.190139968821541, -32.067259764498793 ], [ -52.190027717384226, -32.067149294590024 ], [ -52.190112113346487, -32.067074626128786 ], [ -52.190231305620017, -32.067168659681279 ] ], [ [ -52.195599581719627, -32.073205886407102 ], [ -52.19546596155773, -32.073248034539091 ], [ -52.195414339270947, -32.073150629101441 ], [ -52.195574246399886, -32.073055205472762 ], [ -52.195630309947248, -32.07312368337999 ], [ -52.195599581719627, -32.073205886407102 ] ], [ [ -52.198376056306145, -32.074345747760418 ], [ -52.198278610455837, -32.074583877376462 ], [ -52.198163026762657, -32.074671311642852 ], [ -52.197990874425038, -32.074591214604737 ], [ -52.197787081288212, -32.074675962794572 ], [ -52.197681359193723, -32.074649252449518 ], [ -52.19740910367269, -32.074277971918434 ], [ -52.19752023386819, -32.073957438928083 ], [ -52.197343461882191, -32.073869889143609 ], [ -52.197334768217928, -32.073735310501831 ], [ -52.197454406340412, -32.073706807103584 ], [ -52.197560532227079, -32.073923771173362 ], [ -52.197830205857485, -32.073962653617393 ], [ -52.19792765924776, -32.07403523547331 ], [ -52.197996570820443, -32.074309219771237 ], [ -52.198125500042671, -32.074330501048372 ], [ -52.198293558283666, -32.074260472579063 ], [ -52.198376056306145, -32.074345747760418 ] ], [ [ -52.197966350639398, -32.076883550964162 ], [ -52.197836837343033, -32.076949448548746 ], [ -52.19776649696864, -32.076758484450664 ], [ -52.197897071657671, -32.076729031683776 ], [ -52.197974370931888, -32.076801908607727 ], [ -52.197966350639398, -32.076883550964162 ] ], [ [ -52.198129570367357, -32.076270020505952 ], [ -52.198097976423234, -32.076350024385448 ], [ -52.198002120298241, -32.076379383685918 ], [ -52.197919696052914, -32.076206967834146 ], [ -52.198074770792047, -32.076159008789794 ], [ -52.198129570367357, -32.076270020505952 ] ], [ [ -52.200224659165549, -32.075659186167549 ], [ -52.200227336535811, -32.075746387112311 ], [ -52.200113534038664, -32.075854615079685 ], [ -52.199949245738253, -32.075868510625988 ], [ -52.199819941665666, -32.075754280607157 ], [ -52.1992507488904, -32.075615030069635 ], [ -52.199143805573222, -32.075471964215446 ], [ -52.199085482253551, -32.075228202714804 ], [ -52.198820152959946, -32.075219458537369 ], [ -52.198717930220738, -32.075065038797867 ], [ -52.198416474100114, -32.07521796069117 ], [ -52.198375373421371, -32.07513098734556 ], [ -52.198470283670844, -32.074895729826146 ], [ -52.198404557073864, -32.074706197281699 ], [ -52.19861787890212, -32.074649569124681 ], [ -52.198663837904469, -32.074783490860476 ], [ -52.198778789181183, -32.074872566433562 ], [ -52.198808670624665, -32.075019084621296 ], [ -52.199011555846702, -32.075030343662789 ], [ -52.199115536167234, -32.075126150227405 ], [ -52.199338364489918, -32.075052037498544 ], [ -52.199678464374976, -32.075184970211744 ], [ -52.199983308092762, -32.075187053448374 ], [ -52.200033756520163, -32.075544400590651 ], [ -52.200224659165549, -32.075659186167549 ] ], [ [ -52.203448678531736, -32.078209572378057 ], [ -52.203329960882471, -32.078290172225664 ], [ -52.203247589028457, -32.078204132394411 ], [ -52.203366191940418, -32.078128972530457 ], [ -52.203448678531736, -32.078209572378057 ] ] ], [ [ [ -52.166305892295497, -32.05640256600001 ], [ -52.166247201368719, -32.05628647949986 ], [ -52.165585877047157, -32.056369739610773 ], [ -52.165529308504667, -32.056426308153263 ], [ -52.165507813251416, -32.056672647687805 ], [ -52.165738366883879, -32.056759665336621 ], [ -52.165984031944085, -32.056613545745378 ], [ -52.166171542708796, -32.056600169345003 ], [ -52.166305892295497, -32.05640256600001 ] ] ], [ [ [ -52.165663889388341, -32.057431112757705 ], [ -52.16564813322357, -32.057304730026701 ], [ -52.165534886209706, -32.057333164100847 ], [ -52.165542446561766, -32.057447056592878 ], [ -52.165663889388341, -32.057431112757705 ] ] ], [ [ [ -52.167451218790319, -32.057007602707721 ], [ -52.167456470705254, -32.056890688330903 ], [ -52.167366677789225, -32.056805702602936 ], [ -52.167285010985914, -32.056822343638039 ], [ -52.167264854388399, -32.057012028201775 ], [ -52.167451218790319, -32.057007602707721 ] ] ], [ [ [ -52.168681103513833, -32.057923172266818 ], [ -52.168643650515548, -32.057740005568284 ], [ -52.168511502866082, -32.057797393480705 ], [ -52.168519310728271, -32.057889351489678 ], [ -52.168603339917254, -32.057951114564574 ], [ -52.168681103513833, -32.057923172266818 ] ] ], [ [ [ -52.168974971112213, -32.060034306742942 ], [ -52.169052850304304, -32.059936008343044 ], [ -52.168923643826069, -32.059880066829969 ], [ -52.168877420051594, -32.059979194034199 ], [ -52.168974971112213, -32.060034306742942 ] ] ], [ [ [ -52.172566837448066, -32.062876835610311 ], [ -52.172495032190689, -32.062587220690567 ], [ -52.172358401760164, -32.062601675516163 ], [ -52.172219830708087, -32.062512284338524 ], [ -52.172094782363821, -32.062604835649935 ], [ -52.172340012442866, -32.062910792720785 ], [ -52.172566837448066, -32.062876835610311 ] ] ], [ [ [ -52.172871444438485, -32.062300032598152 ], [ -52.172836138292794, -32.062002683747082 ], [ -52.1726395868967, -32.062032096350393 ], [ -52.172616703005858, -32.062448811125662 ], [ -52.172700175611652, -32.062451718200549 ], [ -52.172741532539803, -32.062360045316822 ], [ -52.172871444438485, -32.062300032598152 ] ] ], [ [ [ -52.173055985792153, -32.063008587349245 ], [ -52.17290519526064, -32.062968724173231 ], [ -52.172841632024415, -32.063063717370355 ], [ -52.172897638005189, -32.063138968288591 ], [ -52.173024278537767, -32.063155181026239 ], [ -52.173092768084715, -32.063088980520575 ], [ -52.173055985792153, -32.063008587349245 ] ] ], [ [ [ -52.173586567331355, -32.06309202409215 ], [ -52.173489679993779, -32.063013826791497 ], [ -52.17340900779103, -32.063116185010614 ], [ -52.173510373973592, -32.063194323579673 ], [ -52.173586567331355, -32.06309202409215 ] ] ], [ [ [ -52.174496359564444, -32.061741919831427 ], [ -52.174371758882685, -32.061506712732793 ], [ -52.174273773917101, -32.061623850114408 ], [ -52.174283688032915, -32.061705200444813 ], [ -52.17440038993491, -32.06179615132644 ], [ -52.174496359564444, -32.061741919831427 ] ] ], [ [ [ -52.174754552076045, -32.06105761819363 ], [ -52.174795864969248, -32.06073012341529 ], [ -52.174349688925027, -32.060727018233479 ], [ -52.174353352181726, -32.061111653083408 ], [ -52.174513165655, -32.061376058808158 ], [ -52.174721078240381, -32.06136195021778 ], [ -52.174814423406509, -32.061287897679662 ], [ -52.174754552076045, -32.06105761819363 ] ] ], [ [ [ -52.175241628816529, -32.061578461418833 ], [ -52.175191880933696, -32.061443595445148 ], [ -52.175037620960047, -32.061378812112281 ], [ -52.174886660224374, -32.061526380038039 ], [ -52.174883860523295, -32.061739353339753 ], [ -52.175031812158409, -32.061761057281878 ], [ -52.175241628816529, -32.061578461418833 ] ] ], [ [ [ -52.175421583040617, -32.061793515146789 ], [ -52.175420810741251, -32.061679616165144 ], [ -52.175295402764199, -32.061684968522265 ], [ -52.175308435773282, -32.061809091021296 ], [ -52.175421583040617, -32.061793515146789 ] ] ], [ [ [ -52.181746427416272, -32.066160552407524 ], [ -52.18179703381945, -32.065999283460108 ], [ -52.1816287057488, -32.06592020349926 ], [ -52.181450104732413, -32.065964232254025 ], [ -52.181367460258961, -32.0660654136869 ], [ -52.181420278732013, -32.066204315441517 ], [ -52.181746427416272, -32.066160552407524 ] ] ], [ [ [ -52.183053872330589, -32.069243388946596 ], [ -52.183061130596634, -32.069127009939386 ], [ -52.182945677014551, -32.069123775528162 ], [ -52.182940838537853, -32.069235328711422 ], [ -52.183053872330589, -32.069243388946596 ] ] ], [ [ [ -52.184467546758142, -32.067690692417891 ], [ -52.184427546758144, -32.067621410385591 ], [ -52.184347234981068, -32.067621410385591 ], [ -52.183882294199691, -32.068037178103602 ], [ -52.183649621868767, -32.068113668826179 ], [ -52.183447770409408, -32.068374367869311 ], [ -52.183455655612505, -32.068470983308003 ], [ -52.183617038072626, -32.068537590665358 ], [ -52.183794374466807, -32.068477913418903 ], [ -52.184198360479115, -32.068090868210597 ], [ -52.184245986646239, -32.067960683195849 ], [ -52.184364217757199, -32.06790807012851 ], [ -52.184467546758142, -32.067690692417891 ] ] ], [ [ [ -52.18679489302955, -32.069683935811533 ], [ -52.186788469886025, -32.069559408095287 ], [ -52.186461973815796, -32.069426993047699 ], [ -52.186330232281627, -32.069561481871894 ], [ -52.186284658677842, -32.06971045702101 ], [ -52.186086770653837, -32.069824908185119 ], [ -52.185804828473763, -32.069839136162379 ], [ -52.185694336545318, -32.069983106548442 ], [ -52.18549004578216, -32.069957217421091 ], [ -52.18525617035953, -32.070124890567882 ], [ -52.185235971244296, -32.070251492836299 ], [ -52.185815290586774, -32.070469879126804 ], [ -52.186053839944464, -32.070499830557864 ], [ -52.18621667250936, -32.070367562359074 ], [ -52.186422182531601, -32.070056279233604 ], [ -52.186583911551054, -32.069947423413979 ], [ -52.186630991288624, -32.069777189417962 ], [ -52.18679489302955, -32.069683935811533 ] ] ], [ [ [ -52.194138093540865, -32.072551700875273 ], [ -52.193924173570579, -32.07224914349257 ], [ -52.19351664202037, -32.072006614024026 ], [ -52.193446126127242, -32.071800836746078 ], [ -52.193090754337575, -32.071489980434293 ], [ -52.19286734554052, -32.071481676073851 ], [ -52.192739749105435, -32.071560672944912 ], [ -52.192645818831117, -32.071889540911549 ], [ -52.192712162671434, -32.072100852426317 ], [ -52.192859581182304, -32.072134840370239 ], [ -52.193221593284306, -32.072476286508476 ], [ -52.193612514524993, -32.072663668578684 ], [ -52.193838560412573, -32.072915550420028 ], [ -52.194014954001609, -32.072855984584166 ], [ -52.19401343646939, -32.072698566340023 ], [ -52.194138093540865, -32.072551700875273 ] ] ], [ [ [ -52.194277296708556, -32.078427052545237 ], [ -52.194260728166057, -32.078300890193361 ], [ -52.194110234585267, -32.078330772073272 ], [ -52.194140116465178, -32.07844065395318 ], [ -52.194277296708556, -32.078427052545237 ] ] ], [ [ [ -52.195411103043398, -32.079647251962754 ], [ -52.195473510370547, -32.079534876403514 ], [ -52.195339634990638, -32.079482069868426 ], [ -52.195311235257918, -32.079612279554262 ], [ -52.195411103043398, -32.079647251962754 ] ] ], [ [ [ -52.196322053755765, -32.074611819357557 ], [ -52.196432199983903, -32.074422115146696 ], [ -52.196356391358258, -32.074349499171078 ], [ -52.196171718591124, -32.074335693116041 ], [ -52.196053826163912, -32.074182248330594 ], [ -52.195923443085867, -32.074220467915907 ], [ -52.195923443085867, -32.07438137954059 ], [ -52.196125021895689, -32.074415494792703 ], [ -52.196195412579129, -32.074612161191901 ], [ -52.196322053755765, -32.074611819357557 ] ] ], [ [ [ -52.202511005598026, -32.080967986762289 ], [ -52.202292570855228, -32.080940255703773 ], [ -52.202071229229894, -32.080720115589166 ], [ -52.201881324126653, -32.080667867730035 ], [ -52.201473953245795, -32.080757111452336 ], [ -52.201245091109378, -32.080943073273978 ], [ -52.201273202978292, -32.081060149000372 ], [ -52.201854605990292, -32.081237348037106 ], [ -52.201989302236505, -32.081357510852001 ], [ -52.201990630656056, -32.081547284773954 ], [ -52.20185758744357, -32.081674622856603 ], [ -52.201956346590357, -32.081865591372079 ], [ -52.20191026181687, -32.082070819594612 ], [ -52.201836978888799, -32.082118548283404 ], [ -52.201414224248779, -32.081853770714382 ], [ -52.201369195379726, -32.081658497358809 ], [ -52.201195130072776, -32.081619580215886 ], [ -52.201118174696219, -32.081493997663294 ], [ -52.200760774675146, -32.081234787090189 ], [ -52.200649042299318, -32.081257278586484 ], [ -52.200627816203117, -32.081354158372207 ], [ -52.200908713217061, -32.081552851273713 ], [ -52.200902582759575, -32.08164595798501 ], [ -52.200795672469731, -32.081685844416185 ], [ -52.200590558244791, -32.081533187788388 ], [ -52.20012387301378, -32.081391739198715 ], [ -52.199531862274306, -32.081031047400913 ], [ -52.199428726346575, -32.081039919650728 ], [ -52.199387132731999, -32.08121005377776 ], [ -52.199438158341799, -32.081315473378474 ], [ -52.19988875548993, -32.081469667681013 ], [ -52.200022901287738, -32.081741597296073 ], [ -52.200011346096609, -32.081853680520709 ], [ -52.199930325633595, -32.081887862909205 ], [ -52.198361961178435, -32.081041100840352 ], [ -52.198016894521082, -32.080937510896618 ], [ -52.197879565398395, -32.080789247858092 ], [ -52.19765112476594, -32.080698597721401 ], [ -52.197564695168438, -32.080749912205526 ], [ -52.197586930443592, -32.080939461092719 ], [ -52.197746433867835, -32.080941599033949 ], [ -52.197860809772763, -32.081029401894199 ], [ -52.197980337544791, -32.081005670430535 ], [ -52.198049257048517, -32.081239418557331 ], [ -52.198388866813282, -32.081431458401198 ], [ -52.198688974353217, -32.081442288204812 ], [ -52.198828812624342, -32.081675607049725 ], [ -52.199807560574946, -32.082217075505767 ], [ -52.1998192606804, -32.082389045012349 ], [ -52.19965917305241, -32.082864575763388 ], [ -52.199791519900984, -32.083183120397322 ], [ -52.199900163526273, -32.083287910687311 ], [ -52.199870761525553, -32.084012922762859 ], [ -52.200005746575606, -32.084229539268698 ], [ -52.20011675673215, -32.084274847733688 ], [ -52.2003137849754, -32.084516448236585 ], [ -52.200291104668409, -32.084594740106276 ], [ -52.200104986041026, -32.084696876658548 ], [ -52.20028767591932, -32.084944477790209 ], [ -52.20038345961364, -32.085233478560987 ], [ -52.200260119693269, -32.085669298233917 ], [ -52.200363563079627, -32.085743550248111 ], [ -52.200691001419344, -32.085783767082127 ], [ -52.200867204875877, -32.085709794023828 ], [ -52.200890203925212, -32.085521303990404 ], [ -52.20113082010942, -32.085472664049625 ], [ -52.201168993253987, -32.085572346204351 ], [ -52.201003727032514, -32.085765822113316 ], [ -52.201087606193482, -32.086081316789091 ], [ -52.201450728285977, -32.085914455006879 ], [ -52.201495449476084, -32.085553159154472 ], [ -52.201210521936893, -32.08526892901012 ], [ -52.200922373445927, -32.085171747703079 ], [ -52.200766420547744, -32.085047151422316 ], [ -52.200752341564602, -32.08491649656245 ], [ -52.200889827924463, -32.084850691642835 ], [ -52.200990215593535, -32.085009541533054 ], [ -52.201196305940684, -32.085020259500752 ], [ -52.201656139283813, -32.084874840995418 ], [ -52.201835286941851, -32.084190419695879 ], [ -52.201879393882926, -32.083723434995491 ], [ -52.201955035407138, -32.083621850360601 ], [ -52.202038313536214, -32.083210973215273 ], [ -52.201953213871114, -32.082980263226965 ], [ -52.201356329768011, -32.082667378234788 ], [ -52.201304611402321, -32.082539357346931 ], [ -52.201500236245515, -32.082482008367293 ], [ -52.20203887795175, -32.082755143322466 ], [ -52.202135781850124, -32.08273914439215 ], [ -52.202280113079034, -32.082122875272596 ], [ -52.202166821829998, -32.081991082888585 ], [ -52.202160792471304, -32.081852004511205 ], [ -52.20239269240512, -32.08159420156197 ], [ -52.202511005598026, -32.080967986762289 ] ], [ [ -52.200213007478006, -32.082527344190922 ], [ -52.200256185409977, -32.082857470213121 ], [ -52.200150838216523, -32.082896399608124 ], [ -52.200028598719896, -32.082781255840885 ], [ -52.200019150635555, -32.082569982049087 ], [ -52.200213007478006, -32.082527344190922 ] ] ], [ [ [ -52.199435686955326, -32.07822555292622 ], [ -52.19943568695534, -32.078106562823862 ], [ -52.199321350175133, -32.078106241366477 ], [ -52.199321350174785, -32.078225552925886 ], [ -52.199435686955326, -32.07822555292622 ] ] ], [ [ [ -52.200214755788338, -32.079317486440672 ], [ -52.200372732330486, -32.079125434446162 ], [ -52.200293628025861, -32.078916762418729 ], [ -52.200124520938481, -32.078866963888352 ], [ -52.199991906450819, -32.079031963965569 ], [ -52.199994006087714, -32.079154773677509 ], [ -52.200214755788338, -32.079317486440672 ] ] ], [ [ [ -52.201047785764501, -32.077871272006597 ], [ -52.200530851067455, -32.077541230501858 ], [ -52.200404519166383, -32.077337759797686 ], [ -52.200167798379404, -32.077282674130593 ], [ -52.200071937715194, -32.077363838393737 ], [ -52.200077304383704, -32.077573316456693 ], [ -52.20031280104282, -32.078036424747523 ], [ -52.200487373857094, -32.078076412132745 ], [ -52.201044791328542, -32.078006534747487 ], [ -52.201047785764501, -32.077871272006597 ] ] ], [ [ [ -52.202484423879284, -32.080870044070871 ], [ -52.202565358345993, -32.080658133683947 ], [ -52.202488785421828, -32.080625611644265 ], [ -52.202360712926641, -32.080742980327344 ], [ -52.202484423879284, -32.080870044070871 ] ] ] ] } }
]
}
