{
"type": "FeatureCollection",
"name": "saude_ATINGIDOS_rio_grande___chuva_acumulada_60_8mm",
"crs": { "type": "name", "properties": { "name": "urn:ogc:def:crs:OGC:1.3:CRS84" } },
"features": [
{ "type": "Feature", "properties": { "co_cnes": 637335, "no_fantasia": "SAO JOAO FARMACIAS", "municipio": "Rio Grande", "tp_unidade": 9.0, "tp_unidade_label": "Farmacia", "rua": "AVENIDA PRESIDENTE VARGAS", "numero": "706", "complemento": null, "bairro": "JUNCAO", "cep": 96202188, "vinc_sus": 0.0, "leitos_total": 0, "qtd_profissionais": 3, "endereco_geocode": "AVENIDA PRESIDENTE VARGAS, 706, JUNCAO, 96202188, Rio Grande - RS", "co_tipo_estabelecimento": "Farmacia", "no_razao_social": "SAO JOAO FARMACIAS", "staff_acs_endemias": 0, "staff_admin_gestao_apoio": 0, "staff_diag_lab_imagem": 0, "staff_enfermagem": 0, "staff_farmacia": 3, "staff_medicos": 0, "staff_odontologia": 0, "staff_outros": 0, "staff_outros_superior_saude": 0, "staff_servicos_gerais": 0, "staff_transporte_urgencia": 0 }, "geometry": { "type": "Point", "coordinates": [ -52.1188781, -32.0510539 ] } },
{ "type": "Feature", "properties": { "co_cnes": 637300, "no_fantasia": "SAO JOAO FARMACIAS", "municipio": "Rio Grande", "tp_unidade": 9.0, "tp_unidade_label": "Farmacia", "rua": "AVENIDA PRESIDENTE VARGAS", "numero": "400", "complemento": null, "bairro": "SAO PAULO", "cep": 96202336, "vinc_sus": 0.0, "leitos_total": 0, "qtd_profissionais": 2, "endereco_geocode": "AVENIDA PRESIDENTE VARGAS, 400, SAO PAULO, 96202336, Rio Grande - RS", "co_tipo_estabelecimento": "Farmacia", "no_razao_social": "SAO JOAO FARMACIAS", "staff_acs_endemias": 0, "staff_admin_gestao_apoio": 0, "staff_diag_lab_imagem": 0, "staff_enfermagem": 0, "staff_farmacia": 2, "staff_medicos": 0, "staff_odontologia": 0, "staff_outros": 0, "staff_outros_superior_saude": 0, "staff_servicos_gerais": 0, "staff_transporte_urgencia": 0 }, "geometry": { "type": "Point", "coordinates": [ -52.1188781, -32.0510539 ] } },
{ "type": "Feature", "properties": { "co_cnes": 7606869, "no_fantasia": "MOTOLANCIA RIO GRANDE", "municipio": "Rio Grande", "tp_unidade": 8.0, "tp_unidade_label": "Pronto Atendimento", "rua": "SATURNINO DE BRITO", "numero": "S/N", "complemento": null, "bairro": "JUNCAO", "cep": 96212630, "vinc_sus": null, "leitos_total": 0, "qtd_profissionais": 0, "endereco_geocode": "SATURNINO DE BRITO, S/N, JUNCAO, 96212630, Rio Grande - RS", "co_tipo_estabelecimento": "Pronto Atendimento", "no_razao_social": "MOTOLANCIA RIO GRANDE", "staff_acs_endemias": 0, "staff_admin_gestao_apoio": 0, "staff_diag_lab_imagem": 0, "staff_enfermagem": 0, "staff_farmacia": 0, "staff_medicos": 0, "staff_odontologia": 0, "staff_outros": 0, "staff_outros_superior_saude": 0, "staff_servicos_gerais": 0, "staff_transporte_urgencia": 0 }, "geometry": { "type": "Point", "coordinates": [ -52.099, -32.035 ] } },
{ "type": "Feature", "properties": { "co_cnes": 9356363, "no_fantasia": "CENTRO DE ATIVIDADE FISICA PERSONALIZADA CAFP", "municipio": "Rio Grande", "tp_unidade": 16.0, "tp_unidade_label": "Ambulatorio", "rua": "GENERAL CAMARA", "numero": "187", "complemento": null, "bairro": "CENTRO", "cep": 96200320, "vinc_sus": 0.0, "leitos_total": 0, "qtd_profissionais": 1, "endereco_geocode": "GENERAL CAMARA, 187, CENTRO, 96200320, Rio Grande - RS", "co_tipo_estabelecimento": "Ambulatório", "no_razao_social": "CENTRO DE ATIVIDADE FISICA PERSONALIZADA CAFP", "staff_acs_endemias": 0, "staff_admin_gestao_apoio": 0, "staff_diag_lab_imagem": 0, "staff_enfermagem": 0, "staff_farmacia": 0, "staff_medicos": 0, "staff_odontologia": 0, "staff_outros": 1, "staff_outros_superior_saude": 0, "staff_servicos_gerais": 0, "staff_transporte_urgencia": 0 }, "geometry": { "type": "Point", "coordinates": [ -52.099, -32.035 ] } },
{ "type": "Feature", "properties": { "co_cnes": 9926046, "no_fantasia": "HOSPITAL DE CARDIOLOGIA E ONCOLOGIA", "municipio": "Rio Grande", "tp_unidade": 16.0, "tp_unidade_label": "Ambulatorio", "rua": "AV PRESIDENTE VARGAS", "numero": "334", "complemento": null, "bairro": "VILA SAO PAULO", "cep": 96202336, "vinc_sus": null, "leitos_total": 0, "qtd_profissionais": 0, "endereco_geocode": "AV PRESIDENTE VARGAS, 334, VILA SAO PAULO, 96202336, Rio Grande - RS", "co_tipo_estabelecimento": "Ambulatório", "no_razao_social": "HOSPITAL DE CARDIOLOGIA E ONCOLOGIA", "staff_acs_endemias": 0, "staff_admin_gestao_apoio": 0, "staff_diag_lab_imagem": 0, "staff_enfermagem": 0, "staff_farmacia": 0, "staff_medicos": 0, "staff_odontologia": 0, "staff_outros": 0, "staff_outros_superior_saude": 0, "staff_servicos_gerais": 0, "staff_transporte_urgencia": 0 }, "geometry": { "type": "Point", "coordinates": [ -52.099, -32.035 ] } },
{ "type": "Feature", "properties": { "co_cnes": 2818485, "no_fantasia": "POSTO DE SAUDE CENTRO SOCIAL URBANO HIDRAULICA", "municipio": "Rio Grande", "tp_unidade": 1.0, "tp_unidade_label": "Unidade Basica de Saude", "rua": "RUA ALTAMIR DE LACERDA", "numero": "1", "complemento": null, "bairro": "HIDRAULICA", "cep": 96201220, "vinc_sus": 1.0, "leitos_total": 0, "qtd_profissionais": 10, "endereco_geocode": "RUA ALTAMIR DE LACERDA, 01, HIDRAULICA, 96201220, Rio Grande - RS", "co_tipo_estabelecimento": "Unidade Básica de Saúde", "no_razao_social": "POSTO DE SAUDE CENTRO SOCIAL URBANO HIDRAULICA", "staff_acs_endemias": 0, "staff_admin_gestao_apoio": 1, "staff_diag_lab_imagem": 0, "staff_enfermagem": 2, "staff_farmacia": 0, "staff_medicos": 3, "staff_odontologia": 0, "staff_outros": 1, "staff_outros_superior_saude": 0, "staff_servicos_gerais": 3, "staff_transporte_urgencia": 0 }, "geometry": { "type": "Point", "coordinates": [ -52.099, -32.035 ] } },
{ "type": "Feature", "properties": { "co_cnes": 2818558, "no_fantasia": "UBSF TAIM", "municipio": "Rio Grande", "tp_unidade": 1.0, "tp_unidade_label": "Unidade Basica de Saude", "rua": "CAPILHA BR 471", "numero": "S/N", "complemento": null, "bairro": "TAIM", "cep": 96201220, "vinc_sus": 1.0, "leitos_total": 0, "qtd_profissionais": 8, "endereco_geocode": "CAPILHA BR 471, S/N, TAIM, 96201220, Rio Grande - RS", "co_tipo_estabelecimento": "Unidade Básica de Saúde", "no_razao_social": "UBSF TAIM", "staff_acs_endemias": 3, "staff_admin_gestao_apoio": 0, "staff_diag_lab_imagem": 0, "staff_enfermagem": 3, "staff_farmacia": 0, "staff_medicos": 1, "staff_odontologia": 0, "staff_outros": 0, "staff_outros_superior_saude": 0, "staff_servicos_gerais": 1, "staff_transporte_urgencia": 0 }, "geometry": { "type": "Point", "coordinates": [ -52.099, -32.035 ] } },
{ "type": "Feature", "properties": { "co_cnes": 3919285, "no_fantasia": "DIMAX RADIARE", "municipio": "Rio Grande", "tp_unidade": 16.0, "tp_unidade_label": "Ambulatorio", "rua": "MAJOR CARLOS PINTO", "numero": "252", "complemento": null, "bairro": "CIDADE NOVA", "cep": 96211020, "vinc_sus": 0.0, "leitos_total": 0, "qtd_profissionais": 2, "endereco_geocode": "MAJOR CARLOS PINTO, 252, CIDADE NOVA, 96211020, Rio Grande - RS", "co_tipo_estabelecimento": "Ambulatório", "no_razao_social": "DIMAX RADIARE", "staff_acs_endemias": 0, "staff_admin_gestao_apoio": 0, "staff_diag_lab_imagem": 0, "staff_enfermagem": 0, "staff_farmacia": 0, "staff_medicos": 0, "staff_odontologia": 1, "staff_outros": 1, "staff_outros_superior_saude": 0, "staff_servicos_gerais": 0, "staff_transporte_urgencia": 0 }, "geometry": { "type": "Point", "coordinates": [ -52.099, -32.035 ] } },
{ "type": "Feature", "properties": { "co_cnes": 9738320, "no_fantasia": "PANVEL FARMACIAS", "municipio": "Rio Grande", "tp_unidade": 9.0, "tp_unidade_label": "Farmacia", "rua": "RUA DR NASCIMENTO", "numero": "399", "complemento": "LOJA 01", "bairro": "CENTRO", "cep": 96200300, "vinc_sus": 0.0, "leitos_total": 0, "qtd_profissionais": 1, "endereco_geocode": "RUA DR NASCIMENTO, 399, CENTRO, 96200300, Rio Grande - RS", "co_tipo_estabelecimento": "Farmacia", "no_razao_social": "PANVEL FARMACIAS", "staff_acs_endemias": 0, "staff_admin_gestao_apoio": 0, "staff_diag_lab_imagem": 0, "staff_enfermagem": 0, "staff_farmacia": 1, "staff_medicos": 0, "staff_odontologia": 0, "staff_outros": 0, "staff_outros_superior_saude": 0, "staff_servicos_gerais": 0, "staff_transporte_urgencia": 0 }, "geometry": { "type": "Point", "coordinates": [ -52.099, -32.035 ] } },
{ "type": "Feature", "properties": { "co_cnes": 9653228, "no_fantasia": "ESPACO ACOLHIDA CLINICA PSICOLOGICA", "municipio": "Rio Grande", "tp_unidade": 16.0, "tp_unidade_label": "Ambulatorio", "rua": "DR NAPOLEAO LAUREANO", "numero": "339", "complemento": null, "bairro": "CENTRO", "cep": 96200100, "vinc_sus": 0.0, "leitos_total": 0, "qtd_profissionais": 1, "endereco_geocode": "DR NAPOLEAO LAUREANO, 339, CENTRO, 96200100, Rio Grande - RS", "co_tipo_estabelecimento": "Ambulatório", "no_razao_social": "ESPACO ACOLHIDA CLINICA PSICOLOGICA", "staff_acs_endemias": 0, "staff_admin_gestao_apoio": 0, "staff_diag_lab_imagem": 0, "staff_enfermagem": 0, "staff_farmacia": 0, "staff_medicos": 0, "staff_odontologia": 0, "staff_outros": 1, "staff_outros_superior_saude": 0, "staff_servicos_gerais": 0, "staff_transporte_urgencia": 0 }, "geometry": { "type": "Point", "coordinates": [ -52.099, -32.035 ] } },
{ "type": "Feature", "properties": { "co_cnes": 9631798, "no_fantasia": "ALTENHOFEN E VIEIRA", "municipio": "Rio Grande", "tp_unidade": 16.0, "tp_unidade_label": "Ambulatorio", "rua": "RUA DR NASCIMENTO", "numero": "737", "complemento": null, "bairro": "CENTRO", "cep": 96200300, "vinc_sus": 0.0, "leitos_total": 0, "qtd_profissionais": 1, "endereco_geocode": "RUA DR NASCIMENTO, 737, CENTRO, 96200300, Rio Grande - RS", "co_tipo_estabelecimento": "Ambulatório", "no_razao_social": "ALTENHOFEN E VIEIRA", "staff_acs_endemias": 0, "staff_admin_gestao_apoio": 0, "staff_diag_lab_imagem": 0, "staff_enfermagem": 0, "staff_farmacia": 0, "staff_medicos": 1, "staff_odontologia": 0, "staff_outros": 0, "staff_outros_superior_saude": 0, "staff_servicos_gerais": 0, "staff_transporte_urgencia": 0 }, "geometry": { "type": "Point", "coordinates": [ -52.099, -32.035 ] } },
{ "type": "Feature", "properties": { "co_cnes": 9427767, "no_fantasia": "CONSULTORIO DE PSICOLOGIA SILVANA SOARES", "municipio": "Rio Grande", "tp_unidade": 16.0, "tp_unidade_label": "Ambulatorio", "rua": "AV SILVA PAES", "numero": "290", "complemento": "SALA 201", "bairro": "CENTRO", "cep": 96200340, "vinc_sus": 0.0, "leitos_total": 0, "qtd_profissionais": 1, "endereco_geocode": "AV SILVA PAES, 290, CENTRO, 96200340, Rio Grande - RS", "co_tipo_estabelecimento": "Ambulatório", "no_razao_social": "CONSULTORIO DE PSICOLOGIA SILVANA SOARES", "staff_acs_endemias": 0, "staff_admin_gestao_apoio": 0, "staff_diag_lab_imagem": 0, "staff_enfermagem": 0, "staff_farmacia": 0, "staff_medicos": 0, "staff_odontologia": 0, "staff_outros": 1, "staff_outros_superior_saude": 0, "staff_servicos_gerais": 0, "staff_transporte_urgencia": 0 }, "geometry": { "type": "Point", "coordinates": [ -52.099, -32.035 ] } },
{ "type": "Feature", "properties": { "co_cnes": 741361, "no_fantasia": "SAO JOAO FARMACIAS", "municipio": "Rio Grande", "tp_unidade": 9.0, "tp_unidade_label": "Farmacia", "rua": "R MAL FLORIANO PEIXOTO", "numero": "295", "complemento": null, "bairro": "CENTRO", "cep": 96200380, "vinc_sus": 0.0, "leitos_total": 0, "qtd_profissionais": 2, "endereco_geocode": "R MAL FLORIANO PEIXOTO, 295, CENTRO, 96200380, Rio Grande - RS", "co_tipo_estabelecimento": "Farmacia", "no_razao_social": "SAO JOAO FARMACIAS", "staff_acs_endemias": 0, "staff_admin_gestao_apoio": 0, "staff_diag_lab_imagem": 0, "staff_enfermagem": 0, "staff_farmacia": 2, "staff_medicos": 0, "staff_odontologia": 0, "staff_outros": 0, "staff_outros_superior_saude": 0, "staff_servicos_gerais": 0, "staff_transporte_urgencia": 0 }, "geometry": { "type": "Point", "coordinates": [ -52.095816135406494, -32.030908511034575 ] } },
{ "type": "Feature", "properties": { "co_cnes": 9037810, "no_fantasia": "GRUPO BR MED RIO GRANDE", "municipio": "Rio Grande", "tp_unidade": 16.0, "tp_unidade_label": "Ambulatorio", "rua": "AQUIDABAN", "numero": "746", "complemento": "C", "bairro": "CENTRO", "cep": 96200480, "vinc_sus": 0.0, "leitos_total": 0, "qtd_profissionais": 11, "endereco_geocode": "AQUIDABAN, 746, CENTRO, 96200480, Rio Grande - RS", "co_tipo_estabelecimento": "Ambulatório", "no_razao_social": "GRUPO BR MED RIO GRANDE", "staff_acs_endemias": 0, "staff_admin_gestao_apoio": 3, "staff_diag_lab_imagem": 0, "staff_enfermagem": 4, "staff_farmacia": 0, "staff_medicos": 1, "staff_odontologia": 0, "staff_outros": 1, "staff_outros_superior_saude": 1, "staff_servicos_gerais": 1, "staff_transporte_urgencia": 0 }, "geometry": { "type": "Point", "coordinates": [ -52.1053805, -32.032353 ] } },
{ "type": "Feature", "properties": { "co_cnes": 9247998, "no_fantasia": "CHROMA ODONTOLOGIA AVANCADA", "municipio": "Rio Grande", "tp_unidade": 16.0, "tp_unidade_label": "Ambulatorio", "rua": "AV MAJOR CARLOS PINTO", "numero": "254", "complemento": null, "bairro": "CIDADE NOVA", "cep": 96211020, "vinc_sus": 0.0, "leitos_total": 0, "qtd_profissionais": 1, "endereco_geocode": "AV MAJOR CARLOS PINTO, 254, CIDADE NOVA, 96211020, Rio Grande - RS", "co_tipo_estabelecimento": "Ambulatório", "no_razao_social": "CHROMA ODONTOLOGIA AVANCADA", "staff_acs_endemias": 0, "staff_admin_gestao_apoio": 0, "staff_diag_lab_imagem": 0, "staff_enfermagem": 0, "staff_farmacia": 0, "staff_medicos": 0, "staff_odontologia": 1, "staff_outros": 0, "staff_outros_superior_saude": 0, "staff_servicos_gerais": 0, "staff_transporte_urgencia": 0 }, "geometry": { "type": "Point", "coordinates": [ -52.099, -32.035 ] } },
{ "type": "Feature", "properties": { "co_cnes": 6703925, "no_fantasia": "CMO CENTRO DE MEDICINA OCUPACIONAL", "municipio": "Rio Grande", "tp_unidade": 16.0, "tp_unidade_label": "Ambulatorio", "rua": "GENERAL BACELAR", "numero": "568", "complemento": null, "bairro": "CENTRO", "cep": 96200370, "vinc_sus": 0.0, "leitos_total": 0, "qtd_profissionais": 9, "endereco_geocode": "GENERAL BACELAR, 568, CENTRO, 96200370, Rio Grande - RS", "co_tipo_estabelecimento": "Ambulatório", "no_razao_social": "CMO CENTRO DE MEDICINA OCUPACIONAL", "staff_acs_endemias": 0, "staff_admin_gestao_apoio": 2, "staff_diag_lab_imagem": 0, "staff_enfermagem": 2, "staff_farmacia": 0, "staff_medicos": 3, "staff_odontologia": 0, "staff_outros": 0, "staff_outros_superior_saude": 1, "staff_servicos_gerais": 1, "staff_transporte_urgencia": 0 }, "geometry": { "type": "Point", "coordinates": [ -52.099, -32.035 ] } },
{ "type": "Feature", "properties": { "co_cnes": 9101977, "no_fantasia": "ALINE DE OLIVEIRA GOMES", "municipio": "Rio Grande", "tp_unidade": 16.0, "tp_unidade_label": "Ambulatorio", "rua": "RUA RIO DE JANEIRO", "numero": "230", "complemento": "SALA 14", "bairro": "CASSINO", "cep": 96205230, "vinc_sus": 0.0, "leitos_total": 0, "qtd_profissionais": 1, "endereco_geocode": "RUA RIO DE JANEIRO, 230, CASSINO, 96205230, Rio Grande - RS", "co_tipo_estabelecimento": "Ambulatório", "no_razao_social": "ALINE DE OLIVEIRA GOMES", "staff_acs_endemias": 0, "staff_admin_gestao_apoio": 0, "staff_diag_lab_imagem": 0, "staff_enfermagem": 0, "staff_farmacia": 0, "staff_medicos": 0, "staff_odontologia": 1, "staff_outros": 0, "staff_outros_superior_saude": 0, "staff_servicos_gerais": 0, "staff_transporte_urgencia": 0 }, "geometry": { "type": "Point", "coordinates": [ -52.099, -32.035 ] } },
{ "type": "Feature", "properties": { "co_cnes": 9009329, "no_fantasia": "CLINICA MEDICA DRA ANGELA TORNATORE", "municipio": "Rio Grande", "tp_unidade": 16.0, "tp_unidade_label": "Ambulatorio", "rua": "RUA DOMINGOS DE ALMEIDA", "numero": "311", "complemento": null, "bairro": "CIDADE NOVA", "cep": 96211580, "vinc_sus": 0.0, "leitos_total": 0, "qtd_profissionais": 1, "endereco_geocode": "RUA DOMINGOS DE ALMEIDA, 311, CIDADE NOVA, 96211580, Rio Grande - RS", "co_tipo_estabelecimento": "Ambulatório", "no_razao_social": "CLINICA MEDICA DRA ANGELA TORNATORE", "staff_acs_endemias": 0, "staff_admin_gestao_apoio": 0, "staff_diag_lab_imagem": 0, "staff_enfermagem": 0, "staff_farmacia": 0, "staff_medicos": 1, "staff_odontologia": 0, "staff_outros": 0, "staff_outros_superior_saude": 0, "staff_servicos_gerais": 0, "staff_transporte_urgencia": 0 }, "geometry": { "type": "Point", "coordinates": [ -52.099, -32.035 ] } },
{ "type": "Feature", "properties": { "co_cnes": 2818884, "no_fantasia": "UNIDADE MOVEL TERRESTRE RIO GRANDE", "municipio": "Rio Grande", "tp_unidade": 16.0, "tp_unidade_label": "Ambulatorio", "rua": "RUA MARECHAL FLORIANO", "numero": "5", "complemento": null, "bairro": "CENTRO", "cep": 96200380, "vinc_sus": null, "leitos_total": 0, "qtd_profissionais": 0, "endereco_geocode": "RUA MARECHAL FLORIANO, 05, CENTRO, 96200380, Rio Grande - RS", "co_tipo_estabelecimento": "Ambulatório", "no_razao_social": "UNIDADE MOVEL TERRESTRE RIO GRANDE", "staff_acs_endemias": 0, "staff_admin_gestao_apoio": 0, "staff_diag_lab_imagem": 0, "staff_enfermagem": 0, "staff_farmacia": 0, "staff_medicos": 0, "staff_odontologia": 0, "staff_outros": 0, "staff_outros_superior_saude": 0, "staff_servicos_gerais": 0, "staff_transporte_urgencia": 0 }, "geometry": { "type": "Point", "coordinates": [ -52.099, -32.035 ] } },
{ "type": "Feature", "properties": { "co_cnes": 6206867, "no_fantasia": "FISIOCLIN", "municipio": "Rio Grande", "tp_unidade": 16.0, "tp_unidade_label": "Ambulatorio", "rua": "DUQUE DE CAXIAS", "numero": "351", "complemento": null, "bairro": "CENTRO", "cep": 96200020, "vinc_sus": null, "leitos_total": 0, "qtd_profissionais": 0, "endereco_geocode": "DUQUE DE CAXIAS, 351, CENTRO, 96200020, Rio Grande - RS", "co_tipo_estabelecimento": "Ambulatório", "no_razao_social": "FISIOCLIN", "staff_acs_endemias": 0, "staff_admin_gestao_apoio": 0, "staff_diag_lab_imagem": 0, "staff_enfermagem": 0, "staff_farmacia": 0, "staff_medicos": 0, "staff_odontologia": 0, "staff_outros": 0, "staff_outros_superior_saude": 0, "staff_servicos_gerais": 0, "staff_transporte_urgencia": 0 }, "geometry": { "type": "Point", "coordinates": [ -52.099, -32.035 ] } },
{ "type": "Feature", "properties": { "co_cnes": 9010424, "no_fantasia": "SALUS", "municipio": "Rio Grande", "tp_unidade": 16.0, "tp_unidade_label": "Ambulatorio", "rua": "LUIZ LOREA", "numero": "504", "complemento": "BLOCO A", "bairro": "CENTRO", "cep": 96200350, "vinc_sus": 0.0, "leitos_total": 0, "qtd_profissionais": 1, "endereco_geocode": "LUIZ LOREA, 504, CENTRO, 96200350, Rio Grande - RS", "co_tipo_estabelecimento": "Ambulatório", "no_razao_social": "SALUS", "staff_acs_endemias": 0, "staff_admin_gestao_apoio": 0, "staff_diag_lab_imagem": 0, "staff_enfermagem": 0, "staff_farmacia": 0, "staff_medicos": 0, "staff_odontologia": 0, "staff_outros": 0, "staff_outros_superior_saude": 1, "staff_servicos_gerais": 0, "staff_transporte_urgencia": 0 }, "geometry": { "type": "Point", "coordinates": [ -52.099, -32.035 ] } },
{ "type": "Feature", "properties": { "co_cnes": 9827951, "no_fantasia": "CONSULTORIO DE FISIOTERAPIA E PILATES SAUDE PLENA", "municipio": "Rio Grande", "tp_unidade": 16.0, "tp_unidade_label": "Ambulatorio", "rua": "VISCONDE MAUA", "numero": "112", "complemento": "CASA A", "bairro": "CIDADE NOVA", "cep": 96211030, "vinc_sus": 0.0, "leitos_total": 0, "qtd_profissionais": 2, "endereco_geocode": "VISCONDE MAUA, 112, CIDADE NOVA, 96211030, Rio Grande - RS", "co_tipo_estabelecimento": "Ambulatório", "no_razao_social": "CONSULTORIO DE FISIOTERAPIA E PILATES SAUDE PLENA", "staff_acs_endemias": 0, "staff_admin_gestao_apoio": 0, "staff_diag_lab_imagem": 0, "staff_enfermagem": 0, "staff_farmacia": 0, "staff_medicos": 0, "staff_odontologia": 0, "staff_outros": 0, "staff_outros_superior_saude": 2, "staff_servicos_gerais": 0, "staff_transporte_urgencia": 0 }, "geometry": { "type": "Point", "coordinates": [ -52.099, -32.035 ] } },
{ "type": "Feature", "properties": { "co_cnes": 9879803, "no_fantasia": "CARLOS EDUARDO DOS SANTOS MOREIRAS", "municipio": "Rio Grande", "tp_unidade": 16.0, "tp_unidade_label": "Ambulatorio", "rua": "CONDE DE PORTO ALEGRE", "numero": "397", "complemento": "SALA 03", "bairro": "CENTRO", "cep": 96200330, "vinc_sus": 0.0, "leitos_total": 0, "qtd_profissionais": 1, "endereco_geocode": "CONDE DE PORTO ALEGRE, 397, CENTRO, 96200330, Rio Grande - RS", "co_tipo_estabelecimento": "Ambulatório", "no_razao_social": "CARLOS EDUARDO DOS SANTOS MOREIRAS", "staff_acs_endemias": 0, "staff_admin_gestao_apoio": 0, "staff_diag_lab_imagem": 0, "staff_enfermagem": 0, "staff_farmacia": 0, "staff_medicos": 0, "staff_odontologia": 0, "staff_outros": 0, "staff_outros_superior_saude": 1, "staff_servicos_gerais": 0, "staff_transporte_urgencia": 0 }, "geometry": { "type": "Point", "coordinates": [ -52.099, -32.035 ] } },
{ "type": "Feature", "properties": { "co_cnes": 4080211, "no_fantasia": "MAYARA FONTOURA RITER", "municipio": "Rio Grande", "tp_unidade": 16.0, "tp_unidade_label": "Ambulatorio", "rua": "DR NASCIMENTO", "numero": "455", "complemento": null, "bairro": "CENTRO", "cep": 96200300, "vinc_sus": 0.0, "leitos_total": 0, "qtd_profissionais": 1, "endereco_geocode": "DR NASCIMENTO, 455, CENTRO, 96200300, Rio Grande - RS", "co_tipo_estabelecimento": "Ambulatório", "no_razao_social": "MAYARA FONTOURA RITER", "staff_acs_endemias": 0, "staff_admin_gestao_apoio": 0, "staff_diag_lab_imagem": 0, "staff_enfermagem": 0, "staff_farmacia": 0, "staff_medicos": 0, "staff_odontologia": 0, "staff_outros": 1, "staff_outros_superior_saude": 0, "staff_servicos_gerais": 0, "staff_transporte_urgencia": 0 }, "geometry": { "type": "Point", "coordinates": [ -52.097446918487549, -32.036383838733045 ] } },
{ "type": "Feature", "properties": { "co_cnes": 7238401, "no_fantasia": "DR EDUARDO PAULITSCH", "municipio": "Rio Grande", "tp_unidade": 16.0, "tp_unidade_label": "Ambulatorio", "rua": "GENERAL CAMARA", "numero": "441", "complemento": null, "bairro": "CENTRO", "cep": 96200320, "vinc_sus": 0.0, "leitos_total": 0, "qtd_profissionais": 1, "endereco_geocode": "GENERAL CAMARA, 441, CENTRO, 96200320, Rio Grande - RS", "co_tipo_estabelecimento": "Ambulatório", "no_razao_social": "DR EDUARDO PAULITSCH", "staff_acs_endemias": 0, "staff_admin_gestao_apoio": 0, "staff_diag_lab_imagem": 0, "staff_enfermagem": 0, "staff_farmacia": 0, "staff_medicos": 0, "staff_odontologia": 1, "staff_outros": 0, "staff_outros_superior_saude": 0, "staff_servicos_gerais": 0, "staff_transporte_urgencia": 0 }, "geometry": { "type": "Point", "coordinates": [ -52.098090648651123, -32.034364736057782 ] } },
{ "type": "Feature", "properties": { "co_cnes": 4020936, "no_fantasia": "ESPACO VIDA ATIVA", "municipio": "Rio Grande", "tp_unidade": 18.0, "tp_unidade_label": "Unidade de Apoio Diagnostico", "rua": "RUA MARCILIO DIAS", "numero": "343", "complemento": "APTO 101", "bairro": "CIDADE NOVA", "cep": 96215550, "vinc_sus": 0.0, "leitos_total": 0, "qtd_profissionais": 1, "endereco_geocode": "RUA MARCILIO DIAS, 343, CIDADE NOVA, 96215550, Rio Grande - RS", "co_tipo_estabelecimento": "Unidade de Apoio Diagnostico", "no_razao_social": "ESPACO VIDA ATIVA", "staff_acs_endemias": 0, "staff_admin_gestao_apoio": 0, "staff_diag_lab_imagem": 0, "staff_enfermagem": 0, "staff_farmacia": 0, "staff_medicos": 0, "staff_odontologia": 0, "staff_outros": 0, "staff_outros_superior_saude": 1, "staff_servicos_gerais": 0, "staff_transporte_urgencia": 0 }, "geometry": { "type": "Point", "coordinates": [ -52.113690376281738, -32.039985370798014 ] } },
{ "type": "Feature", "properties": { "co_cnes": 446378, "no_fantasia": "LABORATORIO NOBEL", "municipio": "Rio Grande", "tp_unidade": 18.0, "tp_unidade_label": "Unidade de Apoio Diagnostico", "rua": "RUA DUQUE DE CAXIAS", "numero": "347", "complemento": null, "bairro": "CENTRO", "cep": 96200020, "vinc_sus": 0.0, "leitos_total": 0, "qtd_profissionais": 1, "endereco_geocode": "RUA DUQUE DE CAXIAS, 347, CENTRO, 96200020, Rio Grande - RS", "co_tipo_estabelecimento": "Unidade de Apoio Diagnostico", "no_razao_social": "LABORATORIO NOBEL", "staff_acs_endemias": 0, "staff_admin_gestao_apoio": 0, "staff_diag_lab_imagem": 0, "staff_enfermagem": 0, "staff_farmacia": 0, "staff_medicos": 0, "staff_odontologia": 0, "staff_outros": 1, "staff_outros_superior_saude": 0, "staff_servicos_gerais": 0, "staff_transporte_urgencia": 0 }, "geometry": { "type": "Point", "coordinates": [ -52.096738815307617, -32.034037309807033 ] } },
{ "type": "Feature", "properties": { "co_cnes": 3368416, "no_fantasia": "ORTRA", "municipio": "Rio Grande", "tp_unidade": 16.0, "tp_unidade_label": "Ambulatorio", "rua": "RUA DR NASCIMENTO", "numero": "487", "complemento": null, "bairro": "CENTRO", "cep": 96200300, "vinc_sus": null, "leitos_total": 0, "qtd_profissionais": 0, "endereco_geocode": "RUA DR NASCIMENTO, 487, CENTRO, 96200300, Rio Grande - RS", "co_tipo_estabelecimento": "Ambulatório", "no_razao_social": "ORTRA", "staff_acs_endemias": 0, "staff_admin_gestao_apoio": 0, "staff_diag_lab_imagem": 0, "staff_enfermagem": 0, "staff_farmacia": 0, "staff_medicos": 0, "staff_odontologia": 0, "staff_outros": 0, "staff_outros_superior_saude": 0, "staff_servicos_gerais": 0, "staff_transporte_urgencia": 0 }, "geometry": { "type": "Point", "coordinates": [ -52.099, -32.035 ] } },
{ "type": "Feature", "properties": { "co_cnes": 3371638, "no_fantasia": "RADIOCLINICA", "municipio": "Rio Grande", "tp_unidade": 16.0, "tp_unidade_label": "Ambulatorio", "rua": "RUA GEN BACELAR", "numero": "120", "complemento": null, "bairro": "CENTRO", "cep": 96200370, "vinc_sus": 0.0, "leitos_total": 0, "qtd_profissionais": 3, "endereco_geocode": "RUA GEN BACELAR, 120, CENTRO, 96200370, Rio Grande - RS", "co_tipo_estabelecimento": "Ambulatório", "no_razao_social": "RADIOCLINICA", "staff_acs_endemias": 0, "staff_admin_gestao_apoio": 0, "staff_diag_lab_imagem": 0, "staff_enfermagem": 0, "staff_farmacia": 0, "staff_medicos": 3, "staff_odontologia": 0, "staff_outros": 0, "staff_outros_superior_saude": 0, "staff_servicos_gerais": 0, "staff_transporte_urgencia": 0 }, "geometry": { "type": "Point", "coordinates": [ -52.099, -32.035 ] } },
{ "type": "Feature", "properties": { "co_cnes": 7907303, "no_fantasia": "PROTEGE CLINICA DE VACINACAO", "municipio": "Rio Grande", "tp_unidade": 16.0, "tp_unidade_label": "Ambulatorio", "rua": "GENERAL VITORINO", "numero": "402", "complemento": null, "bairro": "CENTRO", "cep": 96200310, "vinc_sus": 0.0, "leitos_total": 0, "qtd_profissionais": 1, "endereco_geocode": "GENERAL VITORINO, 402, CENTRO, 96200310, Rio Grande - RS", "co_tipo_estabelecimento": "Ambulatório", "no_razao_social": "PROTEGE CLINICA DE VACINACAO", "staff_acs_endemias": 0, "staff_admin_gestao_apoio": 0, "staff_diag_lab_imagem": 0, "staff_enfermagem": 1, "staff_farmacia": 0, "staff_medicos": 0, "staff_odontologia": 0, "staff_outros": 0, "staff_outros_superior_saude": 0, "staff_servicos_gerais": 0, "staff_transporte_urgencia": 0 }, "geometry": { "type": "Point", "coordinates": [ -52.099, -32.035 ] } },
{ "type": "Feature", "properties": { "co_cnes": 7831277, "no_fantasia": "CONSULTORIO DE PEDIATRIA", "municipio": "Rio Grande", "tp_unidade": 16.0, "tp_unidade_label": "Ambulatorio", "rua": "AVENIDA RIO GRANDE", "numero": "229", "complemento": "SALA22", "bairro": "CASSINO", "cep": 96201000, "vinc_sus": null, "leitos_total": 0, "qtd_profissionais": 0, "endereco_geocode": "AVENIDA RIO GRANDE, 229, CASSINO, 96201000, Rio Grande - RS", "co_tipo_estabelecimento": "Ambulatório", "no_razao_social": "CONSULTORIO DE PEDIATRIA", "staff_acs_endemias": 0, "staff_admin_gestao_apoio": 0, "staff_diag_lab_imagem": 0, "staff_enfermagem": 0, "staff_farmacia": 0, "staff_medicos": 0, "staff_odontologia": 0, "staff_outros": 0, "staff_outros_superior_saude": 0, "staff_servicos_gerais": 0, "staff_transporte_urgencia": 0 }, "geometry": { "type": "Point", "coordinates": [ -52.099, -32.035 ] } },
{ "type": "Feature", "properties": { "co_cnes": 9666796, "no_fantasia": "EDUARDA HADRICH PAVAO XAVIER", "municipio": "Rio Grande", "tp_unidade": 16.0, "tp_unidade_label": "Ambulatorio", "rua": "RUA GENERAL BACELAR", "numero": "378", "complemento": "SALA 701", "bairro": "CENTRO", "cep": 96200370, "vinc_sus": 0.0, "leitos_total": 0, "qtd_profissionais": 1, "endereco_geocode": "RUA GENERAL BACELAR, 378, CENTRO, 96200370, Rio Grande - RS", "co_tipo_estabelecimento": "Ambulatório", "no_razao_social": "EDUARDA HADRICH PAVAO XAVIER", "staff_acs_endemias": 0, "staff_admin_gestao_apoio": 0, "staff_diag_lab_imagem": 0, "staff_enfermagem": 0, "staff_farmacia": 0, "staff_medicos": 0, "staff_odontologia": 0, "staff_outros": 1, "staff_outros_superior_saude": 0, "staff_servicos_gerais": 0, "staff_transporte_urgencia": 0 }, "geometry": { "type": "Point", "coordinates": [ -52.0990079, -32.0315191 ] } },
{ "type": "Feature", "properties": { "co_cnes": 5039592, "no_fantasia": "SILVIO OMAR MACEDO PRIETSCH", "municipio": "Rio Grande", "tp_unidade": 16.0, "tp_unidade_label": "Ambulatorio", "rua": "RUA DR NASCIMENTO", "numero": "396", "complemento": null, "bairro": "CENTRO", "cep": 96200300, "vinc_sus": 0.0, "leitos_total": 0, "qtd_profissionais": 1, "endereco_geocode": "RUA DR NASCIMENTO, 396, CENTRO, 96200300, Rio Grande - RS", "co_tipo_estabelecimento": "Ambulatório", "no_razao_social": "SILVIO OMAR MACEDO PRIETSCH", "staff_acs_endemias": 0, "staff_admin_gestao_apoio": 0, "staff_diag_lab_imagem": 0, "staff_enfermagem": 0, "staff_farmacia": 0, "staff_medicos": 1, "staff_odontologia": 0, "staff_outros": 0, "staff_outros_superior_saude": 0, "staff_servicos_gerais": 0, "staff_transporte_urgencia": 0 }, "geometry": { "type": "Point", "coordinates": [ -52.099, -32.035 ] } },
{ "type": "Feature", "properties": { "co_cnes": 4080238, "no_fantasia": "GEOVANA PEDROSO MOCO", "municipio": "Rio Grande", "tp_unidade": 16.0, "tp_unidade_label": "Ambulatorio", "rua": "LUIS LOREA", "numero": "264", "complemento": null, "bairro": "CENTRO", "cep": 96200350, "vinc_sus": 0.0, "leitos_total": 0, "qtd_profissionais": 1, "endereco_geocode": "LUIS LOREA, 264, CENTRO, 96200350, Rio Grande - RS", "co_tipo_estabelecimento": "Ambulatório", "no_razao_social": "GEOVANA PEDROSO MOCO", "staff_acs_endemias": 0, "staff_admin_gestao_apoio": 0, "staff_diag_lab_imagem": 0, "staff_enfermagem": 0, "staff_farmacia": 0, "staff_medicos": 0, "staff_odontologia": 0, "staff_outros": 1, "staff_outros_superior_saude": 0, "staff_servicos_gerais": 0, "staff_transporte_urgencia": 0 }, "geometry": { "type": "Point", "coordinates": [ -52.096309661865234, -32.032363779574773 ] } },
{ "type": "Feature", "properties": { "co_cnes": 2818620, "no_fantasia": "UBSF POVO NOVO", "municipio": "Rio Grande", "tp_unidade": 1.0, "tp_unidade_label": "Unidade Basica de Saude", "rua": "PRACA CORONEL MARCELINO", "numero": "S/N", "complemento": null, "bairro": "POVO NOVO", "cep": 96224122, "vinc_sus": 1.0, "leitos_total": 0, "qtd_profissionais": 23, "endereco_geocode": "PRACA CORONEL MARCELINO, S/N, POVO NOVO, 96224122, Rio Grande - RS", "co_tipo_estabelecimento": "Unidade Básica de Saúde", "no_razao_social": "UBSF POVO NOVO", "staff_acs_endemias": 7, "staff_admin_gestao_apoio": 0, "staff_diag_lab_imagem": 0, "staff_enfermagem": 6, "staff_farmacia": 0, "staff_medicos": 3, "staff_odontologia": 1, "staff_outros": 4, "staff_outros_superior_saude": 0, "staff_servicos_gerais": 2, "staff_transporte_urgencia": 0 }, "geometry": { "type": "Point", "coordinates": [ -52.099, -32.035 ] } },
{ "type": "Feature", "properties": { "co_cnes": 9052267, "no_fantasia": "ALINE BARCELLOS GRILL", "municipio": "Rio Grande", "tp_unidade": 16.0, "tp_unidade_label": "Ambulatorio", "rua": "RUA GENERAL BACELAR", "numero": "378", "complemento": null, "bairro": "CENTRO", "cep": 96200370, "vinc_sus": null, "leitos_total": 0, "qtd_profissionais": 0, "endereco_geocode": "RUA GENERAL BACELAR, 378, CENTRO, 96200370, Rio Grande - RS", "co_tipo_estabelecimento": "Ambulatório", "no_razao_social": "ALINE BARCELLOS GRILL", "staff_acs_endemias": 0, "staff_admin_gestao_apoio": 0, "staff_diag_lab_imagem": 0, "staff_enfermagem": 0, "staff_farmacia": 0, "staff_medicos": 0, "staff_odontologia": 0, "staff_outros": 0, "staff_outros_superior_saude": 0, "staff_servicos_gerais": 0, "staff_transporte_urgencia": 0 }, "geometry": { "type": "Point", "coordinates": [ -52.099, -32.035 ] } },
{ "type": "Feature", "properties": { "co_cnes": 5249333, "no_fantasia": "CARLOS ALBERTO DIONELLO", "municipio": "Rio Grande", "tp_unidade": 16.0, "tp_unidade_label": "Ambulatorio", "rua": "RUA LUIS LOREA", "numero": "381", "complemento": "SALA 5", "bairro": "CENTRO", "cep": 96200350, "vinc_sus": null, "leitos_total": 0, "qtd_profissionais": 0, "endereco_geocode": "RUA LUIS LOREA, 381, CENTRO, 96200350, Rio Grande - RS", "co_tipo_estabelecimento": "Ambulatório", "no_razao_social": "CARLOS ALBERTO DIONELLO", "staff_acs_endemias": 0, "staff_admin_gestao_apoio": 0, "staff_diag_lab_imagem": 0, "staff_enfermagem": 0, "staff_farmacia": 0, "staff_medicos": 0, "staff_odontologia": 0, "staff_outros": 0, "staff_outros_superior_saude": 0, "staff_servicos_gerais": 0, "staff_transporte_urgencia": 0 }, "geometry": { "type": "Point", "coordinates": [ -52.099, -32.035 ] } },
{ "type": "Feature", "properties": { "co_cnes": 7287410, "no_fantasia": "CANDIDA DA SILVA", "municipio": "Rio Grande", "tp_unidade": 16.0, "tp_unidade_label": "Ambulatorio", "rua": "GAL BACELAR", "numero": "436", "complemento": "207", "bairro": "CENTRO", "cep": 96200350, "vinc_sus": null, "leitos_total": 0, "qtd_profissionais": 0, "endereco_geocode": "GAL BACELAR, 436, CENTRO, 96200350, Rio Grande - RS", "co_tipo_estabelecimento": "Ambulatório", "no_razao_social": "CANDIDA DA SILVA", "staff_acs_endemias": 0, "staff_admin_gestao_apoio": 0, "staff_diag_lab_imagem": 0, "staff_enfermagem": 0, "staff_farmacia": 0, "staff_medicos": 0, "staff_odontologia": 0, "staff_outros": 0, "staff_outros_superior_saude": 0, "staff_servicos_gerais": 0, "staff_transporte_urgencia": 0 }, "geometry": { "type": "Point", "coordinates": [ -52.099, -32.035 ] } },
{ "type": "Feature", "properties": { "co_cnes": 2232936, "no_fantasia": "CLINICA DE FISIATRIA RIO GRANDE", "municipio": "Rio Grande", "tp_unidade": 16.0, "tp_unidade_label": "Ambulatorio", "rua": "RUA VISCONDE DE PARANAGUA", "numero": "60", "complemento": null, "bairro": "CENTRO", "cep": 96200380, "vinc_sus": null, "leitos_total": 0, "qtd_profissionais": 0, "endereco_geocode": "RUA VISCONDE DE PARANAGUA, 60, CENTRO, 96200380, Rio Grande - RS", "co_tipo_estabelecimento": "Ambulatório", "no_razao_social": "CLINICA DE FISIATRIA RIO GRANDE", "staff_acs_endemias": 0, "staff_admin_gestao_apoio": 0, "staff_diag_lab_imagem": 0, "staff_enfermagem": 0, "staff_farmacia": 0, "staff_medicos": 0, "staff_odontologia": 0, "staff_outros": 0, "staff_outros_superior_saude": 0, "staff_servicos_gerais": 0, "staff_transporte_urgencia": 0 }, "geometry": { "type": "Point", "coordinates": [ -52.099, -32.035 ] } },
{ "type": "Feature", "properties": { "co_cnes": 3880702, "no_fantasia": "ALINE KOSINSKI DE OLIVEIRA ROCHA LTDA", "municipio": "Rio Grande", "tp_unidade": 16.0, "tp_unidade_label": "Ambulatorio", "rua": "RUA GOMES FREIRE", "numero": "589", "complemento": null, "bairro": "CENTRO", "cep": 96200470, "vinc_sus": 0.0, "leitos_total": 0, "qtd_profissionais": 1, "endereco_geocode": "RUA GOMES FREIRE, 589, CENTRO, 96200470, Rio Grande - RS", "co_tipo_estabelecimento": "Ambulatório", "no_razao_social": "ALINE KOSINSKI DE OLIVEIRA ROCHA LTDA", "staff_acs_endemias": 0, "staff_admin_gestao_apoio": 0, "staff_diag_lab_imagem": 0, "staff_enfermagem": 0, "staff_farmacia": 0, "staff_medicos": 1, "staff_odontologia": 0, "staff_outros": 0, "staff_outros_superior_saude": 0, "staff_servicos_gerais": 0, "staff_transporte_urgencia": 0 }, "geometry": { "type": "Point", "coordinates": [ -52.1039853, -32.0332074 ] } },
{ "type": "Feature", "properties": { "co_cnes": 9732608, "no_fantasia": "CONSULTORIO DE ODONTOPEDIATRIA E ORTODONTIA", "municipio": "Rio Grande", "tp_unidade": 16.0, "tp_unidade_label": "Ambulatorio", "rua": "ZALONY", "numero": "160", "complemento": "SALA 1301", "bairro": "CENTRO", "cep": 96200070, "vinc_sus": 0.0, "leitos_total": 0, "qtd_profissionais": 2, "endereco_geocode": "ZALONY, 160, CENTRO, 96200070, Rio Grande - RS", "co_tipo_estabelecimento": "Ambulatório", "no_razao_social": "CONSULTORIO DE ODONTOPEDIATRIA E ORTODONTIA", "staff_acs_endemias": 0, "staff_admin_gestao_apoio": 0, "staff_diag_lab_imagem": 0, "staff_enfermagem": 0, "staff_farmacia": 0, "staff_medicos": 0, "staff_odontologia": 1, "staff_outros": 0, "staff_outros_superior_saude": 1, "staff_servicos_gerais": 0, "staff_transporte_urgencia": 0 }, "geometry": { "type": "Point", "coordinates": [ -52.099, -32.035 ] } },
{ "type": "Feature", "properties": { "co_cnes": 430226, "no_fantasia": "SAO JOAO FARMACIAS LOJA 1", "municipio": "Rio Grande", "tp_unidade": 9.0, "tp_unidade_label": "Farmacia", "rua": "RUA GENERAL BACELAR", "numero": "433", "complemento": null, "bairro": "CENTRO", "cep": 96200370, "vinc_sus": 0.0, "leitos_total": 0, "qtd_profissionais": 1, "endereco_geocode": "RUA GENERAL BACELAR, 433, CENTRO, 96200370, Rio Grande - RS", "co_tipo_estabelecimento": "Farmacia", "no_razao_social": "SAO JOAO FARMACIAS LOJA 1", "staff_acs_endemias": 0, "staff_admin_gestao_apoio": 0, "staff_diag_lab_imagem": 0, "staff_enfermagem": 0, "staff_farmacia": 1, "staff_medicos": 0, "staff_odontologia": 0, "staff_outros": 0, "staff_outros_superior_saude": 0, "staff_servicos_gerais": 0, "staff_transporte_urgencia": 0 }, "geometry": { "type": "Point", "coordinates": [ -52.091739177703857, -32.032272825968505 ] } },
{ "type": "Feature", "properties": { "co_cnes": 6249906, "no_fantasia": "UBSF QUERENCIA", "municipio": "Rio Grande", "tp_unidade": 1.0, "tp_unidade_label": "Unidade Basica de Saude", "rua": "AVENIDA BRASIL", "numero": "1590", "complemento": null, "bairro": "QUERENCIA", "cep": 96210010, "vinc_sus": 1.0, "leitos_total": 0, "qtd_profissionais": 18, "endereco_geocode": "AVENIDA BRASIL, 1590, QUERENCIA, 96210010, Rio Grande - RS", "co_tipo_estabelecimento": "Unidade Básica de Saúde", "no_razao_social": "UBSF QUERENCIA", "staff_acs_endemias": 6, "staff_admin_gestao_apoio": 0, "staff_diag_lab_imagem": 0, "staff_enfermagem": 4, "staff_farmacia": 0, "staff_medicos": 3, "staff_odontologia": 0, "staff_outros": 1, "staff_outros_superior_saude": 0, "staff_servicos_gerais": 3, "staff_transporte_urgencia": 1 }, "geometry": { "type": "Point", "coordinates": [ -52.099, -32.035 ] } },
{ "type": "Feature", "properties": { "co_cnes": 3368408, "no_fantasia": "CARDIOLOGIA", "municipio": "Rio Grande", "tp_unidade": 16.0, "tp_unidade_label": "Ambulatorio", "rua": "AV PRESIDENTE VARGAS", "numero": "334", "complemento": null, "bairro": "CIDADE NOVA", "cep": 96202336, "vinc_sus": 0.0, "leitos_total": 0, "qtd_profissionais": 5, "endereco_geocode": "AV PRESIDENTE VARGAS, 334, CIDADE NOVA, 96202336, Rio Grande - RS", "co_tipo_estabelecimento": "Ambulatório", "no_razao_social": "CARDIOLOGIA", "staff_acs_endemias": 0, "staff_admin_gestao_apoio": 0, "staff_diag_lab_imagem": 0, "staff_enfermagem": 2, "staff_farmacia": 0, "staff_medicos": 3, "staff_odontologia": 0, "staff_outros": 0, "staff_outros_superior_saude": 0, "staff_servicos_gerais": 0, "staff_transporte_urgencia": 0 }, "geometry": { "type": "Point", "coordinates": [ -52.099, -32.035 ] } },
{ "type": "Feature", "properties": { "co_cnes": 6206840, "no_fantasia": "ALINE COUTINHO", "municipio": "Rio Grande", "tp_unidade": 16.0, "tp_unidade_label": "Ambulatorio", "rua": "GENERAL BACELAR", "numero": "279", "complemento": "22", "bairro": "CENTRO", "cep": 96200370, "vinc_sus": 0.0, "leitos_total": 0, "qtd_profissionais": 2, "endereco_geocode": "GENERAL BACELAR, 279, CENTRO, 96200370, Rio Grande - RS", "co_tipo_estabelecimento": "Ambulatório", "no_razao_social": "ALINE COUTINHO", "staff_acs_endemias": 0, "staff_admin_gestao_apoio": 0, "staff_diag_lab_imagem": 0, "staff_enfermagem": 0, "staff_farmacia": 0, "staff_medicos": 0, "staff_odontologia": 0, "staff_outros": 2, "staff_outros_superior_saude": 0, "staff_servicos_gerais": 0, "staff_transporte_urgencia": 0 }, "geometry": { "type": "Point", "coordinates": [ -52.099, -32.035 ] } },
{ "type": "Feature", "properties": { "co_cnes": 7559666, "no_fantasia": "PSIQUIATRIA SERGIO JOSE WEISS", "municipio": "Rio Grande", "tp_unidade": 16.0, "tp_unidade_label": "Ambulatorio", "rua": "VICE ALMIRANTE ABREU", "numero": "493", "complemento": null, "bairro": "CENTRO", "cep": 96200270, "vinc_sus": null, "leitos_total": 0, "qtd_profissionais": 0, "endereco_geocode": "VICE ALMIRANTE ABREU, 493, CENTRO, 96200270, Rio Grande - RS", "co_tipo_estabelecimento": "Ambulatório", "no_razao_social": "PSIQUIATRIA SERGIO JOSE WEISS", "staff_acs_endemias": 0, "staff_admin_gestao_apoio": 0, "staff_diag_lab_imagem": 0, "staff_enfermagem": 0, "staff_farmacia": 0, "staff_medicos": 0, "staff_odontologia": 0, "staff_outros": 0, "staff_outros_superior_saude": 0, "staff_servicos_gerais": 0, "staff_transporte_urgencia": 0 }, "geometry": { "type": "Point", "coordinates": [ -52.099, -32.035 ] } },
{ "type": "Feature", "properties": { "co_cnes": 3203174, "no_fantasia": "CLINUS", "municipio": "Rio Grande", "tp_unidade": 16.0, "tp_unidade_label": "Ambulatorio", "rua": "RUA CARLOS GOMES", "numero": "738", "complemento": null, "bairro": "CENTRO", "cep": 96200300, "vinc_sus": 0.0, "leitos_total": 0, "qtd_profissionais": 1, "endereco_geocode": "RUA CARLOS GOMES, 738, CENTRO, 96200300, Rio Grande - RS", "co_tipo_estabelecimento": "Ambulatório", "no_razao_social": "CLINUS", "staff_acs_endemias": 0, "staff_admin_gestao_apoio": 0, "staff_diag_lab_imagem": 0, "staff_enfermagem": 0, "staff_farmacia": 0, "staff_medicos": 1, "staff_odontologia": 0, "staff_outros": 0, "staff_outros_superior_saude": 0, "staff_servicos_gerais": 0, "staff_transporte_urgencia": 0 }, "geometry": { "type": "Point", "coordinates": [ -52.099, -32.035 ] } },
{ "type": "Feature", "properties": { "co_cnes": 6303617, "no_fantasia": "CARMEM SILVA FERNANDES", "municipio": "Rio Grande", "tp_unidade": 16.0, "tp_unidade_label": "Ambulatorio", "rua": "GENERAL BACELAR", "numero": "436", "complemento": "211", "bairro": "CENTRO", "cep": 96200370, "vinc_sus": null, "leitos_total": 0, "qtd_profissionais": 0, "endereco_geocode": "GENERAL BACELAR, 436, CENTRO, 96200370, Rio Grande - RS", "co_tipo_estabelecimento": "Ambulatório", "no_razao_social": "CARMEM SILVA FERNANDES", "staff_acs_endemias": 0, "staff_admin_gestao_apoio": 0, "staff_diag_lab_imagem": 0, "staff_enfermagem": 0, "staff_farmacia": 0, "staff_medicos": 0, "staff_odontologia": 0, "staff_outros": 0, "staff_outros_superior_saude": 0, "staff_servicos_gerais": 0, "staff_transporte_urgencia": 0 }, "geometry": { "type": "Point", "coordinates": [ -52.099, -32.035 ] } },
{ "type": "Feature", "properties": { "co_cnes": 3804984, "no_fantasia": "ALTAIR SOUZA DA SILVA", "municipio": "Rio Grande", "tp_unidade": 16.0, "tp_unidade_label": "Ambulatorio", "rua": "RUA ZALONY", "numero": "160", "complemento": "SALA 408", "bairro": "CENTRO", "cep": 96200070, "vinc_sus": 0.0, "leitos_total": 0, "qtd_profissionais": 1, "endereco_geocode": "RUA ZALONY, 160, CENTRO, 96200070, Rio Grande - RS", "co_tipo_estabelecimento": "Ambulatório", "no_razao_social": "ALTAIR SOUZA DA SILVA", "staff_acs_endemias": 0, "staff_admin_gestao_apoio": 0, "staff_diag_lab_imagem": 0, "staff_enfermagem": 0, "staff_farmacia": 0, "staff_medicos": 0, "staff_odontologia": 0, "staff_outros": 1, "staff_outros_superior_saude": 0, "staff_servicos_gerais": 0, "staff_transporte_urgencia": 0 }, "geometry": { "type": "Point", "coordinates": [ -52.099, -32.035 ] } },
{ "type": "Feature", "properties": { "co_cnes": 5350484, "no_fantasia": "CARLOS ALBERTO MARTINS DE CASTRO", "municipio": "Rio Grande", "tp_unidade": 16.0, "tp_unidade_label": "Ambulatorio", "rua": "ZALONY", "numero": "160", "complemento": "SALA 608", "bairro": "CENTRO", "cep": 96200070, "vinc_sus": 0.0, "leitos_total": 0, "qtd_profissionais": 1, "endereco_geocode": "ZALONY, 160, CENTRO, 96200070, Rio Grande - RS", "co_tipo_estabelecimento": "Ambulatório", "no_razao_social": "CARLOS ALBERTO MARTINS DE CASTRO", "staff_acs_endemias": 0, "staff_admin_gestao_apoio": 0, "staff_diag_lab_imagem": 0, "staff_enfermagem": 0, "staff_farmacia": 0, "staff_medicos": 1, "staff_odontologia": 0, "staff_outros": 0, "staff_outros_superior_saude": 0, "staff_servicos_gerais": 0, "staff_transporte_urgencia": 0 }, "geometry": { "type": "Point", "coordinates": [ -52.099, -32.035 ] } },
{ "type": "Feature", "properties": { "co_cnes": 5374480, "no_fantasia": "CLINICA DE CRIANCAS E ADOLESCENTES", "municipio": "Rio Grande", "tp_unidade": 16.0, "tp_unidade_label": "Ambulatorio", "rua": "LUIZ LOREA", "numero": "597", "complemento": "AP 102", "bairro": "CENTRO", "cep": 96200300, "vinc_sus": null, "leitos_total": 0, "qtd_profissionais": 0, "endereco_geocode": "LUIZ LOREA, 597, CENTRO, 96200300, Rio Grande - RS", "co_tipo_estabelecimento": "Ambulatório", "no_razao_social": "CLINICA DE CRIANCAS E ADOLESCENTES", "staff_acs_endemias": 0, "staff_admin_gestao_apoio": 0, "staff_diag_lab_imagem": 0, "staff_enfermagem": 0, "staff_farmacia": 0, "staff_medicos": 0, "staff_odontologia": 0, "staff_outros": 0, "staff_outros_superior_saude": 0, "staff_servicos_gerais": 0, "staff_transporte_urgencia": 0 }, "geometry": { "type": "Point", "coordinates": [ -52.099, -32.035 ] } },
{ "type": "Feature", "properties": { "co_cnes": 5374502, "no_fantasia": "SILVIA REGINA DOS SANTOS CARDOSO", "municipio": "Rio Grande", "tp_unidade": 16.0, "tp_unidade_label": "Ambulatorio", "rua": "GENERAL BACELAR", "numero": "444", "complemento": "13", "bairro": "CENTRO", "cep": 96200370, "vinc_sus": null, "leitos_total": 0, "qtd_profissionais": 0, "endereco_geocode": "GENERAL BACELAR, 444, CENTRO, 96200370, Rio Grande - RS", "co_tipo_estabelecimento": "Ambulatório", "no_razao_social": "SILVIA REGINA DOS SANTOS CARDOSO", "staff_acs_endemias": 0, "staff_admin_gestao_apoio": 0, "staff_diag_lab_imagem": 0, "staff_enfermagem": 0, "staff_farmacia": 0, "staff_medicos": 0, "staff_odontologia": 0, "staff_outros": 0, "staff_outros_superior_saude": 0, "staff_servicos_gerais": 0, "staff_transporte_urgencia": 0 }, "geometry": { "type": "Point", "coordinates": [ -52.099, -32.035 ] } },
{ "type": "Feature", "properties": { "co_cnes": 6831915, "no_fantasia": "CENTRO DE MEDICINA HIPERBARICA", "municipio": "Rio Grande", "tp_unidade": 16.0, "tp_unidade_label": "Ambulatorio", "rua": "AV PRESIDENTE VARGAS", "numero": "334", "complemento": null, "bairro": "SAO PAULO", "cep": 96202336, "vinc_sus": null, "leitos_total": 0, "qtd_profissionais": 0, "endereco_geocode": "AV PRESIDENTE VARGAS, 334, SAO PAULO, 96202336, Rio Grande - RS", "co_tipo_estabelecimento": "Ambulatório", "no_razao_social": "CENTRO DE MEDICINA HIPERBARICA", "staff_acs_endemias": 0, "staff_admin_gestao_apoio": 0, "staff_diag_lab_imagem": 0, "staff_enfermagem": 0, "staff_farmacia": 0, "staff_medicos": 0, "staff_odontologia": 0, "staff_outros": 0, "staff_outros_superior_saude": 0, "staff_servicos_gerais": 0, "staff_transporte_urgencia": 0 }, "geometry": { "type": "Point", "coordinates": [ -52.099, -32.035 ] } },
{ "type": "Feature", "properties": { "co_cnes": 2818396, "no_fantasia": "POLICLINICA DO CANALETE", "municipio": "Rio Grande", "tp_unidade": 16.0, "tp_unidade_label": "Ambulatorio", "rua": "RUA MAJOR CARLOS PINTO", "numero": "1", "complemento": null, "bairro": "CENTRO", "cep": 96201220, "vinc_sus": 1.0, "leitos_total": 0, "qtd_profissionais": 14, "endereco_geocode": "RUA MAJOR CARLOS PINTO, 01, CENTRO, 96201220, Rio Grande - RS", "co_tipo_estabelecimento": "Ambulatório", "no_razao_social": "POLICLINICA DO CANALETE", "staff_acs_endemias": 0, "staff_admin_gestao_apoio": 0, "staff_diag_lab_imagem": 0, "staff_enfermagem": 9, "staff_farmacia": 0, "staff_medicos": 4, "staff_odontologia": 0, "staff_outros": 0, "staff_outros_superior_saude": 1, "staff_servicos_gerais": 0, "staff_transporte_urgencia": 0 }, "geometry": { "type": "Point", "coordinates": [ -52.099, -32.035 ] } },
{ "type": "Feature", "properties": { "co_cnes": 6587534, "no_fantasia": "ALICE OSTERBUHR KIELING", "municipio": "Rio Grande", "tp_unidade": 16.0, "tp_unidade_label": "Ambulatorio", "rua": "GENERAL BACELAR", "numero": "436", "complemento": "306", "bairro": "CENTRO", "cep": 96211480, "vinc_sus": 0.0, "leitos_total": 0, "qtd_profissionais": 1, "endereco_geocode": "GENERAL BACELAR, 436, CENTRO, 96211480, Rio Grande - RS", "co_tipo_estabelecimento": "Ambulatório", "no_razao_social": "ALICE OSTERBUHR KIELING", "staff_acs_endemias": 0, "staff_admin_gestao_apoio": 0, "staff_diag_lab_imagem": 0, "staff_enfermagem": 0, "staff_farmacia": 0, "staff_medicos": 0, "staff_odontologia": 0, "staff_outros": 1, "staff_outros_superior_saude": 0, "staff_servicos_gerais": 0, "staff_transporte_urgencia": 0 }, "geometry": { "type": "Point", "coordinates": [ -52.099, -32.035 ] } },
{ "type": "Feature", "properties": { "co_cnes": 3933539, "no_fantasia": "ROBERTO GUARDIOLA VELLOSO", "municipio": "Rio Grande", "tp_unidade": 16.0, "tp_unidade_label": "Ambulatorio", "rua": "RUA SENADOR CORREA", "numero": "423", "complemento": "SALA 101", "bairro": "CENTRO", "cep": 96200600, "vinc_sus": 0.0, "leitos_total": 0, "qtd_profissionais": 1, "endereco_geocode": "RUA SENADOR CORREA, 423, CENTRO, 96200600, Rio Grande - RS", "co_tipo_estabelecimento": "Ambulatório", "no_razao_social": "ROBERTO GUARDIOLA VELLOSO", "staff_acs_endemias": 0, "staff_admin_gestao_apoio": 0, "staff_diag_lab_imagem": 0, "staff_enfermagem": 0, "staff_farmacia": 0, "staff_medicos": 1, "staff_odontologia": 0, "staff_outros": 0, "staff_outros_superior_saude": 0, "staff_servicos_gerais": 0, "staff_transporte_urgencia": 0 }, "geometry": { "type": "Point", "coordinates": [ -52.099, -32.035 ] } },
{ "type": "Feature", "properties": { "co_cnes": 3933555, "no_fantasia": "CONSULTORIO MEDICO MIGUEL JR", "municipio": "Rio Grande", "tp_unidade": 16.0, "tp_unidade_label": "Ambulatorio", "rua": "RUA VISCONDE DE PARANAGUA", "numero": "272", "complemento": null, "bairro": "CENTRO", "cep": 96200300, "vinc_sus": null, "leitos_total": 0, "qtd_profissionais": 0, "endereco_geocode": "RUA VISCONDE DE PARANAGUA, 272, CENTRO, 96200300, Rio Grande - RS", "co_tipo_estabelecimento": "Ambulatório", "no_razao_social": "CONSULTORIO MEDICO MIGUEL JR", "staff_acs_endemias": 0, "staff_admin_gestao_apoio": 0, "staff_diag_lab_imagem": 0, "staff_enfermagem": 0, "staff_farmacia": 0, "staff_medicos": 0, "staff_odontologia": 0, "staff_outros": 0, "staff_outros_superior_saude": 0, "staff_servicos_gerais": 0, "staff_transporte_urgencia": 0 }, "geometry": { "type": "Point", "coordinates": [ -52.099, -32.035 ] } },
{ "type": "Feature", "properties": { "co_cnes": 3933717, "no_fantasia": "SONIA MARA PALACIO GUIDO", "municipio": "Rio Grande", "tp_unidade": 16.0, "tp_unidade_label": "Ambulatorio", "rua": "RUA SENADOR CORREA", "numero": "423", "complemento": "SALA 101", "bairro": "CENTRO", "cep": 96200600, "vinc_sus": null, "leitos_total": 0, "qtd_profissionais": 0, "endereco_geocode": "RUA SENADOR CORREA, 423, CENTRO, 96200600, Rio Grande - RS", "co_tipo_estabelecimento": "Ambulatório", "no_razao_social": "SONIA MARA PALACIO GUIDO", "staff_acs_endemias": 0, "staff_admin_gestao_apoio": 0, "staff_diag_lab_imagem": 0, "staff_enfermagem": 0, "staff_farmacia": 0, "staff_medicos": 0, "staff_odontologia": 0, "staff_outros": 0, "staff_outros_superior_saude": 0, "staff_servicos_gerais": 0, "staff_transporte_urgencia": 0 }, "geometry": { "type": "Point", "coordinates": [ -52.099, -32.035 ] } },
{ "type": "Feature", "properties": { "co_cnes": 3933741, "no_fantasia": "DRA MARILIA COTTA DE MELLO", "municipio": "Rio Grande", "tp_unidade": 16.0, "tp_unidade_label": "Ambulatorio", "rua": "RUA BARAO DE COTEGIPE", "numero": "443", "complemento": "SALA 515", "bairro": "CENTRO", "cep": 96200290, "vinc_sus": null, "leitos_total": 0, "qtd_profissionais": 0, "endereco_geocode": "RUA BARAO DE COTEGIPE, 443, CENTRO, 96200290, Rio Grande - RS", "co_tipo_estabelecimento": "Ambulatório", "no_razao_social": "DRA MARILIA COTTA DE MELLO", "staff_acs_endemias": 0, "staff_admin_gestao_apoio": 0, "staff_diag_lab_imagem": 0, "staff_enfermagem": 0, "staff_farmacia": 0, "staff_medicos": 0, "staff_odontologia": 0, "staff_outros": 0, "staff_outros_superior_saude": 0, "staff_servicos_gerais": 0, "staff_transporte_urgencia": 0 }, "geometry": { "type": "Point", "coordinates": [ -52.0977393, -32.0372939 ] } },
{ "type": "Feature", "properties": { "co_cnes": 6657346, "no_fantasia": "CLINICA RESMINI", "municipio": "Rio Grande", "tp_unidade": 16.0, "tp_unidade_label": "Ambulatorio", "rua": "CONDE DE PORTO ALEGRE", "numero": "383", "complemento": "LOJA 1", "bairro": "CENTRO", "cep": 96200330, "vinc_sus": null, "leitos_total": 0, "qtd_profissionais": 0, "endereco_geocode": "CONDE DE PORTO ALEGRE, 383, CENTRO, 96200330, Rio Grande - RS", "co_tipo_estabelecimento": "Ambulatório", "no_razao_social": "CLINICA RESMINI", "staff_acs_endemias": 0, "staff_admin_gestao_apoio": 0, "staff_diag_lab_imagem": 0, "staff_enfermagem": 0, "staff_farmacia": 0, "staff_medicos": 0, "staff_odontologia": 0, "staff_outros": 0, "staff_outros_superior_saude": 0, "staff_servicos_gerais": 0, "staff_transporte_urgencia": 0 }, "geometry": { "type": "Point", "coordinates": [ -52.099, -32.035 ] } },
{ "type": "Feature", "properties": { "co_cnes": 7295006, "no_fantasia": "CONSULTORIO DE PSICOLOGIA", "municipio": "Rio Grande", "tp_unidade": 16.0, "tp_unidade_label": "Ambulatorio", "rua": "RUA DUQUE DE CAXIAS", "numero": "393", "complemento": "401", "bairro": "CENTRO", "cep": 96200020, "vinc_sus": null, "leitos_total": 0, "qtd_profissionais": 0, "endereco_geocode": "RUA DUQUE DE CAXIAS, 393, CENTRO, 96200020, Rio Grande - RS", "co_tipo_estabelecimento": "Ambulatório", "no_razao_social": "CONSULTORIO DE PSICOLOGIA", "staff_acs_endemias": 0, "staff_admin_gestao_apoio": 0, "staff_diag_lab_imagem": 0, "staff_enfermagem": 0, "staff_farmacia": 0, "staff_medicos": 0, "staff_odontologia": 0, "staff_outros": 0, "staff_outros_superior_saude": 0, "staff_servicos_gerais": 0, "staff_transporte_urgencia": 0 }, "geometry": { "type": "Point", "coordinates": [ -52.099, -32.035 ] } },
{ "type": "Feature", "properties": { "co_cnes": 3319571, "no_fantasia": "ALESSANDRA ISABEL ZILLE", "municipio": "Rio Grande", "tp_unidade": 16.0, "tp_unidade_label": "Ambulatorio", "rua": "RUA VISCONDE DE PARANAGUA", "numero": "17", "complemento": "SALA402", "bairro": "CENTRO", "cep": 96200190, "vinc_sus": 0.0, "leitos_total": 0, "qtd_profissionais": 1, "endereco_geocode": "RUA VISCONDE DE PARANAGUA, 17, CENTRO, 96200190, Rio Grande - RS", "co_tipo_estabelecimento": "Ambulatório", "no_razao_social": "ALESSANDRA ISABEL ZILLE", "staff_acs_endemias": 0, "staff_admin_gestao_apoio": 0, "staff_diag_lab_imagem": 0, "staff_enfermagem": 0, "staff_farmacia": 0, "staff_medicos": 1, "staff_odontologia": 0, "staff_outros": 0, "staff_outros_superior_saude": 0, "staff_servicos_gerais": 0, "staff_transporte_urgencia": 0 }, "geometry": { "type": "Point", "coordinates": [ -52.1017995, -32.0315278 ] } },
{ "type": "Feature", "properties": { "co_cnes": 2818698, "no_fantasia": "UBSF CAIC RIO GRANDE", "municipio": "Rio Grande", "tp_unidade": 1.0, "tp_unidade_label": "Unidade Basica de Saude", "rua": "AV ITALIA", "numero": "8", "complemento": null, "bairro": "VILA MARIA", "cep": 96201220, "vinc_sus": 1.0, "leitos_total": 0, "qtd_profissionais": 18, "endereco_geocode": "AV ITALIA, 8, VILA MARIA, 96201220, Rio Grande - RS", "co_tipo_estabelecimento": "Unidade Básica de Saúde", "no_razao_social": "UBSF CAIC RIO GRANDE", "staff_acs_endemias": 6, "staff_admin_gestao_apoio": 0, "staff_diag_lab_imagem": 0, "staff_enfermagem": 6, "staff_farmacia": 0, "staff_medicos": 1, "staff_odontologia": 1, "staff_outros": 4, "staff_outros_superior_saude": 0, "staff_servicos_gerais": 0, "staff_transporte_urgencia": 0 }, "geometry": { "type": "Point", "coordinates": [ -52.099, -32.035 ] } },
{ "type": "Feature", "properties": { "co_cnes": 6973493, "no_fantasia": "CLINICOR SUL", "municipio": "Rio Grande", "tp_unidade": 16.0, "tp_unidade_label": "Ambulatorio", "rua": "GENERAL CANABARRO", "numero": "301", "complemento": null, "bairro": "CENTRO", "cep": 96200200, "vinc_sus": 0.0, "leitos_total": 0, "qtd_profissionais": 4, "endereco_geocode": "GENERAL CANABARRO, 301, CENTRO, 96200200, Rio Grande - RS", "co_tipo_estabelecimento": "Ambulatório", "no_razao_social": "CLINICOR SUL", "staff_acs_endemias": 0, "staff_admin_gestao_apoio": 0, "staff_diag_lab_imagem": 0, "staff_enfermagem": 0, "staff_farmacia": 0, "staff_medicos": 4, "staff_odontologia": 0, "staff_outros": 0, "staff_outros_superior_saude": 0, "staff_servicos_gerais": 0, "staff_transporte_urgencia": 0 }, "geometry": { "type": "Point", "coordinates": [ -52.103605270385742, -32.033764453703746 ] } },
{ "type": "Feature", "properties": { "co_cnes": 3880680, "no_fantasia": "CARDIO SUL SERVICOS MEDICOS LTDA", "municipio": "Rio Grande", "tp_unidade": 16.0, "tp_unidade_label": "Ambulatorio", "rua": "RUA DR PEDRO ARMANDO GATTI", "numero": "171", "complemento": null, "bairro": "JARDIM DO SOL", "cep": 96216080, "vinc_sus": 0.0, "leitos_total": 0, "qtd_profissionais": 1, "endereco_geocode": "RUA DR PEDRO ARMANDO GATTI, 171, JARDIM DO SOL, 96216080, Rio Grande - RS", "co_tipo_estabelecimento": "Ambulatório", "no_razao_social": "CARDIO SUL SERVICOS MEDICOS LTDA", "staff_acs_endemias": 0, "staff_admin_gestao_apoio": 0, "staff_diag_lab_imagem": 0, "staff_enfermagem": 0, "staff_farmacia": 0, "staff_medicos": 1, "staff_odontologia": 0, "staff_outros": 0, "staff_outros_superior_saude": 0, "staff_servicos_gerais": 0, "staff_transporte_urgencia": 0 }, "geometry": { "type": "Point", "coordinates": [ -52.099, -32.035 ] } },
{ "type": "Feature", "properties": { "co_cnes": 7827881, "no_fantasia": "CAROLINE BUENO SALAZAR", "municipio": "Rio Grande", "tp_unidade": 16.0, "tp_unidade_label": "Ambulatorio", "rua": "GENERAL BACELAR", "numero": "276", "complemento": "SALA 302", "bairro": "CENTRO", "cep": 96200370, "vinc_sus": 0.0, "leitos_total": 0, "qtd_profissionais": 1, "endereco_geocode": "GENERAL BACELAR, 276, CENTRO, 96200370, Rio Grande - RS", "co_tipo_estabelecimento": "Ambulatório", "no_razao_social": "CAROLINE BUENO SALAZAR", "staff_acs_endemias": 0, "staff_admin_gestao_apoio": 0, "staff_diag_lab_imagem": 0, "staff_enfermagem": 0, "staff_farmacia": 0, "staff_medicos": 0, "staff_odontologia": 1, "staff_outros": 0, "staff_outros_superior_saude": 0, "staff_servicos_gerais": 0, "staff_transporte_urgencia": 0 }, "geometry": { "type": "Point", "coordinates": [ -52.0990079, -32.0315191 ] } },
{ "type": "Feature", "properties": { "co_cnes": 3983382, "no_fantasia": "CLINICA DR PINTO", "municipio": "Rio Grande", "tp_unidade": 16.0, "tp_unidade_label": "Ambulatorio", "rua": "RUA CONDE DE PORTO ALEGRE", "numero": "406", "complemento": null, "bairro": "CENTRO", "cep": 96200330, "vinc_sus": 0.0, "leitos_total": 0, "qtd_profissionais": 2, "endereco_geocode": "RUA CONDE DE PORTO ALEGRE, 406, CENTRO, 96200330, Rio Grande - RS", "co_tipo_estabelecimento": "Ambulatório", "no_razao_social": "CLINICA DR PINTO", "staff_acs_endemias": 0, "staff_admin_gestao_apoio": 0, "staff_diag_lab_imagem": 0, "staff_enfermagem": 0, "staff_farmacia": 0, "staff_medicos": 2, "staff_odontologia": 0, "staff_outros": 0, "staff_outros_superior_saude": 0, "staff_servicos_gerais": 0, "staff_transporte_urgencia": 0 }, "geometry": { "type": "Point", "coordinates": [ -52.099, -32.035 ] } },
{ "type": "Feature", "properties": { "co_cnes": 3983404, "no_fantasia": "CEDRIC HEITOR RODRIGUES COELHO", "municipio": "Rio Grande", "tp_unidade": 16.0, "tp_unidade_label": "Ambulatorio", "rua": "RUA VISCONDE DE PARANAGUA", "numero": "266", "complemento": null, "bairro": "CENTRO", "cep": 96200190, "vinc_sus": 0.0, "leitos_total": 0, "qtd_profissionais": 1, "endereco_geocode": "RUA VISCONDE DE PARANAGUA, 266, CENTRO, 96200190, Rio Grande - RS", "co_tipo_estabelecimento": "Ambulatório", "no_razao_social": "CEDRIC HEITOR RODRIGUES COELHO", "staff_acs_endemias": 0, "staff_admin_gestao_apoio": 0, "staff_diag_lab_imagem": 0, "staff_enfermagem": 0, "staff_farmacia": 0, "staff_medicos": 1, "staff_odontologia": 0, "staff_outros": 0, "staff_outros_superior_saude": 0, "staff_servicos_gerais": 0, "staff_transporte_urgencia": 0 }, "geometry": { "type": "Point", "coordinates": [ -52.099, -32.035 ] } },
{ "type": "Feature", "properties": { "co_cnes": 6445853, "no_fantasia": "TESLA", "municipio": "Rio Grande", "tp_unidade": 16.0, "tp_unidade_label": "Ambulatorio", "rua": "AV PRESIDENTE VARGAS", "numero": "401", "complemento": null, "bairro": "SAO PAULO", "cep": 96202336, "vinc_sus": 0.0, "leitos_total": 0, "qtd_profissionais": 33, "endereco_geocode": "AV PRESIDENTE VARGAS, 401, SAO PAULO, 96202336, Rio Grande - RS", "co_tipo_estabelecimento": "Ambulatório", "no_razao_social": "TESLA", "staff_acs_endemias": 0, "staff_admin_gestao_apoio": 11, "staff_diag_lab_imagem": 0, "staff_enfermagem": 5, "staff_farmacia": 0, "staff_medicos": 4, "staff_odontologia": 0, "staff_outros": 8, "staff_outros_superior_saude": 0, "staff_servicos_gerais": 5, "staff_transporte_urgencia": 0 }, "geometry": { "type": "Point", "coordinates": [ -52.1115377, -32.0478763 ] } },
{ "type": "Feature", "properties": { "co_cnes": 7060386, "no_fantasia": "DANIELA FIGUEIREDO", "municipio": "Rio Grande", "tp_unidade": 16.0, "tp_unidade_label": "Ambulatorio", "rua": "RUA VISCONDE DO RIO BRANCO", "numero": "144", "complemento": null, "bairro": "CIDADE NOVA", "cep": 96211010, "vinc_sus": 0.0, "leitos_total": 0, "qtd_profissionais": 1, "endereco_geocode": "RUA VISCONDE DO RIO BRANCO, 144, CIDADE NOVA, 96211010, Rio Grande - RS", "co_tipo_estabelecimento": "Ambulatório", "no_razao_social": "DANIELA FIGUEIREDO", "staff_acs_endemias": 0, "staff_admin_gestao_apoio": 0, "staff_diag_lab_imagem": 0, "staff_enfermagem": 0, "staff_farmacia": 0, "staff_medicos": 0, "staff_odontologia": 0, "staff_outros": 1, "staff_outros_superior_saude": 0, "staff_servicos_gerais": 0, "staff_transporte_urgencia": 0 }, "geometry": { "type": "Point", "coordinates": [ -52.1091061, -32.0355111 ] } },
{ "type": "Feature", "properties": { "co_cnes": 6539580, "no_fantasia": "CAPS I SERELEPE", "municipio": "Rio Grande", "tp_unidade": 16.0, "tp_unidade_label": "Ambulatorio", "rua": "MARCILIO DIAS", "numero": "636", "complemento": null, "bairro": "CENTRO", "cep": 96211001, "vinc_sus": 1.0, "leitos_total": 0, "qtd_profissionais": 27, "endereco_geocode": "MARCILIO DIAS, 636, CENTRO, 96211001, Rio Grande - RS", "co_tipo_estabelecimento": "Ambulatório", "no_razao_social": "CAPS I SERELEPE", "staff_acs_endemias": 0, "staff_admin_gestao_apoio": 1, "staff_diag_lab_imagem": 0, "staff_enfermagem": 3, "staff_farmacia": 0, "staff_medicos": 2, "staff_odontologia": 0, "staff_outros": 13, "staff_outros_superior_saude": 2, "staff_servicos_gerais": 6, "staff_transporte_urgencia": 0 }, "geometry": { "type": "Point", "coordinates": [ -52.099, -32.035 ] } },
{ "type": "Feature", "properties": { "co_cnes": 2818701, "no_fantasia": "UBSF DR LUIZ GONZAGA DORA", "municipio": "Rio Grande", "tp_unidade": 1.0, "tp_unidade_label": "Unidade Basica de Saude", "rua": "RUA IRMAO ISICIO", "numero": "101", "complemento": null, "bairro": "CASTELO BRANCO", "cep": 96214600, "vinc_sus": 1.0, "leitos_total": 0, "qtd_profissionais": 26, "endereco_geocode": "RUA IRMAO ISICIO, 101, CASTELO BRANCO, 96214600, Rio Grande - RS", "co_tipo_estabelecimento": "Unidade Básica de Saúde", "no_razao_social": "UBSF DR LUIZ GONZAGA DORA", "staff_acs_endemias": 11, "staff_admin_gestao_apoio": 0, "staff_diag_lab_imagem": 0, "staff_enfermagem": 5, "staff_farmacia": 0, "staff_medicos": 4, "staff_odontologia": 2, "staff_outros": 1, "staff_outros_superior_saude": 0, "staff_servicos_gerais": 3, "staff_transporte_urgencia": 0 }, "geometry": { "type": "Point", "coordinates": [ -52.099, -32.035 ] } },
{ "type": "Feature", "properties": { "co_cnes": 2818841, "no_fantasia": "CENTRO DE VIGILANCIA DE RIO GRANDE", "municipio": "Rio Grande", "tp_unidade": 21.0, "tp_unidade_label": "Unidade de Vigilancia de Zoonoses", "rua": "AV MAJOR CARLOS PINTO", "numero": "551", "complemento": null, "bairro": "CENTRO", "cep": 96200380, "vinc_sus": 1.0, "leitos_total": 0, "qtd_profissionais": 3, "endereco_geocode": "AV MAJOR CARLOS PINTO, 551, CENTRO, 96200380, Rio Grande - RS", "co_tipo_estabelecimento": "Unidade de Vigilancia de Zoonoses", "no_razao_social": "CENTRO DE VIGILANCIA DE RIO GRANDE", "staff_acs_endemias": 0, "staff_admin_gestao_apoio": 0, "staff_diag_lab_imagem": 0, "staff_enfermagem": 1, "staff_farmacia": 0, "staff_medicos": 1, "staff_odontologia": 0, "staff_outros": 0, "staff_outros_superior_saude": 0, "staff_servicos_gerais": 0, "staff_transporte_urgencia": 1 }, "geometry": { "type": "Point", "coordinates": [ -52.104120254516602, -32.038566602351345 ] } },
{ "type": "Feature", "properties": { "co_cnes": 5295432, "no_fantasia": "TANIA VIEIRA DA FONSECA", "municipio": "Rio Grande", "tp_unidade": 16.0, "tp_unidade_label": "Ambulatorio", "rua": "RUA DR NASCIMENTO", "numero": "455", "complemento": "SALA 05", "bairro": "CENTRO", "cep": 96200300, "vinc_sus": 0.0, "leitos_total": 0, "qtd_profissionais": 1, "endereco_geocode": "RUA DR NASCIMENTO, 455, CENTRO, 96200300, Rio Grande - RS", "co_tipo_estabelecimento": "Ambulatório", "no_razao_social": "TANIA VIEIRA DA FONSECA", "staff_acs_endemias": 0, "staff_admin_gestao_apoio": 0, "staff_diag_lab_imagem": 0, "staff_enfermagem": 0, "staff_farmacia": 0, "staff_medicos": 1, "staff_odontologia": 0, "staff_outros": 0, "staff_outros_superior_saude": 0, "staff_servicos_gerais": 0, "staff_transporte_urgencia": 0 }, "geometry": { "type": "Point", "coordinates": [ -52.099, -32.035 ] } },
{ "type": "Feature", "properties": { "co_cnes": 6464173, "no_fantasia": "CLINICA UNIMAGEM", "municipio": "Rio Grande", "tp_unidade": 16.0, "tp_unidade_label": "Ambulatorio", "rua": "RUA TIRADENTES", "numero": "20", "complemento": null, "bairro": "CIDADE NOVA", "cep": 96211080, "vinc_sus": 0.0, "leitos_total": 0, "qtd_profissionais": 1, "endereco_geocode": "RUA TIRADENTES, 20, CIDADE NOVA, 96211080, Rio Grande - RS", "co_tipo_estabelecimento": "Ambulatório", "no_razao_social": "CLINICA UNIMAGEM", "staff_acs_endemias": 0, "staff_admin_gestao_apoio": 0, "staff_diag_lab_imagem": 0, "staff_enfermagem": 0, "staff_farmacia": 0, "staff_medicos": 1, "staff_odontologia": 0, "staff_outros": 0, "staff_outros_superior_saude": 0, "staff_servicos_gerais": 0, "staff_transporte_urgencia": 0 }, "geometry": { "type": "Point", "coordinates": [ -52.1051202, -32.0388937 ] } },
{ "type": "Feature", "properties": { "co_cnes": 2818272, "no_fantasia": "PACS PROGRAMA DE AGENTES COMUNITARIOS RIO GRANDE", "municipio": "Rio Grande", "tp_unidade": 2.0, "tp_unidade_label": "Central de Gestao em Saude", "rua": "RUA MARECHAL FLORIANO", "numero": "5", "complemento": null, "bairro": "CENTRO", "cep": 96201220, "vinc_sus": 1.0, "leitos_total": 0, "qtd_profissionais": 7, "endereco_geocode": "RUA MARECHAL FLORIANO, 5, CENTRO, 96201220, Rio Grande - RS", "co_tipo_estabelecimento": "Central de Gestao em Saude", "no_razao_social": "PACS PROGRAMA DE AGENTES COMUNITARIOS RIO GRANDE", "staff_acs_endemias": 0, "staff_admin_gestao_apoio": 0, "staff_diag_lab_imagem": 0, "staff_enfermagem": 5, "staff_farmacia": 0, "staff_medicos": 0, "staff_odontologia": 0, "staff_outros": 2, "staff_outros_superior_saude": 0, "staff_servicos_gerais": 0, "staff_transporte_urgencia": 0 }, "geometry": { "type": "Point", "coordinates": [ -52.099, -32.035 ] } },
{ "type": "Feature", "properties": { "co_cnes": 409057, "no_fantasia": "UBSF DR HORACIO BRUM", "municipio": "Rio Grande", "tp_unidade": 1.0, "tp_unidade_label": "Unidade Basica de Saude", "rua": "RUA MORON", "numero": "219", "complemento": null, "bairro": "CENTRO", "cep": 96200520, "vinc_sus": 1.0, "leitos_total": 0, "qtd_profissionais": 16, "endereco_geocode": "RUA MORON, 219, CENTRO, 96200520, Rio Grande - RS", "co_tipo_estabelecimento": "Unidade Básica de Saúde", "no_razao_social": "UBSF DR HORACIO BRUM", "staff_acs_endemias": 1, "staff_admin_gestao_apoio": 0, "staff_diag_lab_imagem": 0, "staff_enfermagem": 5, "staff_farmacia": 0, "staff_medicos": 3, "staff_odontologia": 0, "staff_outros": 3, "staff_outros_superior_saude": 3, "staff_servicos_gerais": 1, "staff_transporte_urgencia": 0 }, "geometry": { "type": "Point", "coordinates": [ -52.106695175170898, -32.033000452289265 ] } },
{ "type": "Feature", "properties": { "co_cnes": 9559922, "no_fantasia": "INOVVARE CLINICA ODONTOLOGICA", "municipio": "Rio Grande", "tp_unidade": 16.0, "tp_unidade_label": "Ambulatorio", "rua": "RUA BARAO DE COTEGIPE", "numero": "443", "complemento": "SALA 1210", "bairro": "CENTRO", "cep": 96200290, "vinc_sus": 0.0, "leitos_total": 0, "qtd_profissionais": 2, "endereco_geocode": "RUA BARAO DE COTEGIPE, 443, CENTRO, 96200290, Rio Grande - RS", "co_tipo_estabelecimento": "Ambulatório", "no_razao_social": "INOVVARE CLINICA ODONTOLOGICA", "staff_acs_endemias": 0, "staff_admin_gestao_apoio": 0, "staff_diag_lab_imagem": 0, "staff_enfermagem": 0, "staff_farmacia": 0, "staff_medicos": 0, "staff_odontologia": 1, "staff_outros": 1, "staff_outros_superior_saude": 0, "staff_servicos_gerais": 0, "staff_transporte_urgencia": 0 }, "geometry": { "type": "Point", "coordinates": [ -52.098948955535889, -32.037111432387675 ] } },
{ "type": "Feature", "properties": { "co_cnes": 9254374, "no_fantasia": "CLINICA GOEDEL", "municipio": "Rio Grande", "tp_unidade": 16.0, "tp_unidade_label": "Ambulatorio", "rua": "GENERAL BACELAR", "numero": "378", "complemento": "SALA 902", "bairro": "CENTRO", "cep": 96200370, "vinc_sus": 0.0, "leitos_total": 0, "qtd_profissionais": 2, "endereco_geocode": "GENERAL BACELAR, 378, CENTRO, 96200370, Rio Grande - RS", "co_tipo_estabelecimento": "Ambulatório", "no_razao_social": "CLINICA GOEDEL", "staff_acs_endemias": 0, "staff_admin_gestao_apoio": 1, "staff_diag_lab_imagem": 0, "staff_enfermagem": 0, "staff_farmacia": 0, "staff_medicos": 1, "staff_odontologia": 0, "staff_outros": 0, "staff_outros_superior_saude": 0, "staff_servicos_gerais": 0, "staff_transporte_urgencia": 0 }, "geometry": { "type": "Point", "coordinates": [ -52.099, -32.035 ] } },
{ "type": "Feature", "properties": { "co_cnes": 7978294, "no_fantasia": "AIRTON TORRES DE LACERDA", "municipio": "Rio Grande", "tp_unidade": 16.0, "tp_unidade_label": "Ambulatorio", "rua": "TRAV PRESIDENTE KENNEDY", "numero": "223", "complemento": null, "bairro": "CENTRO", "cep": 96200230, "vinc_sus": 0.0, "leitos_total": 0, "qtd_profissionais": 1, "endereco_geocode": "TRAV PRESIDENTE KENNEDY, 223, CENTRO, 96200230, Rio Grande - RS", "co_tipo_estabelecimento": "Ambulatório", "no_razao_social": "AIRTON TORRES DE LACERDA", "staff_acs_endemias": 0, "staff_admin_gestao_apoio": 0, "staff_diag_lab_imagem": 0, "staff_enfermagem": 0, "staff_farmacia": 0, "staff_medicos": 1, "staff_odontologia": 0, "staff_outros": 0, "staff_outros_superior_saude": 0, "staff_servicos_gerais": 0, "staff_transporte_urgencia": 0 }, "geometry": { "type": "Point", "coordinates": [ -52.099, -32.035 ] } },
{ "type": "Feature", "properties": { "co_cnes": 950521, "no_fantasia": "ROGERIO HERNANDES SOUSA", "municipio": "Rio Grande", "tp_unidade": 16.0, "tp_unidade_label": "Ambulatorio", "rua": "MORON", "numero": "183", "complemento": null, "bairro": "CENTRO", "cep": 96200450, "vinc_sus": 0.0, "leitos_total": 0, "qtd_profissionais": 1, "endereco_geocode": "MORON, 183, CENTRO, 96200450, Rio Grande - RS", "co_tipo_estabelecimento": "Ambulatório", "no_razao_social": "ROGERIO HERNANDES SOUSA", "staff_acs_endemias": 0, "staff_admin_gestao_apoio": 0, "staff_diag_lab_imagem": 0, "staff_enfermagem": 0, "staff_farmacia": 0, "staff_medicos": 0, "staff_odontologia": 1, "staff_outros": 0, "staff_outros_superior_saude": 0, "staff_servicos_gerais": 0, "staff_transporte_urgencia": 0 }, "geometry": { "type": "Point", "coordinates": [ -52.107124328613281, -32.031918106040948 ] } },
{ "type": "Feature", "properties": { "co_cnes": 5251249, "no_fantasia": "PAULITSCH", "municipio": "Rio Grande", "tp_unidade": 16.0, "tp_unidade_label": "Ambulatorio", "rua": "GENERAL CAMARA", "numero": "441", "complemento": null, "bairro": "CENTRO", "cep": 96200200, "vinc_sus": 0.0, "leitos_total": 0, "qtd_profissionais": 1, "endereco_geocode": "GENERAL CAMARA, 441, CENTRO, 96200200, Rio Grande - RS", "co_tipo_estabelecimento": "Ambulatório", "no_razao_social": "PAULITSCH", "staff_acs_endemias": 0, "staff_admin_gestao_apoio": 0, "staff_diag_lab_imagem": 0, "staff_enfermagem": 0, "staff_farmacia": 0, "staff_medicos": 1, "staff_odontologia": 0, "staff_outros": 0, "staff_outros_superior_saude": 0, "staff_servicos_gerais": 0, "staff_transporte_urgencia": 0 }, "geometry": { "type": "Point", "coordinates": [ -52.098197937011719, -32.034328355421074 ] } },
{ "type": "Feature", "properties": { "co_cnes": 950556, "no_fantasia": "LABORATORIO GRAM", "municipio": "Rio Grande", "tp_unidade": 18.0, "tp_unidade_label": "Unidade de Apoio Diagnostico", "rua": "AVENIDA PRESIDENTE VARGAS", "numero": "727", "complemento": null, "bairro": "JUNCAO", "cep": 96202188, "vinc_sus": 0.0, "leitos_total": 0, "qtd_profissionais": 8, "endereco_geocode": "AVENIDA PRESIDENTE VARGAS, 727, JUNCAO, 96202188, Rio Grande - RS", "co_tipo_estabelecimento": "Unidade de Apoio Diagnostico", "no_razao_social": "LABORATORIO GRAM", "staff_acs_endemias": 0, "staff_admin_gestao_apoio": 4, "staff_diag_lab_imagem": 0, "staff_enfermagem": 0, "staff_farmacia": 1, "staff_medicos": 0, "staff_odontologia": 0, "staff_outros": 0, "staff_outros_superior_saude": 0, "staff_servicos_gerais": 3, "staff_transporte_urgencia": 0 }, "geometry": { "type": "Point", "coordinates": [ -52.119698524475098, -32.051462035322743 ] } },
{ "type": "Feature", "properties": { "co_cnes": 2972050, "no_fantasia": "DRA LIZIANE MUKAI", "municipio": "Rio Grande", "tp_unidade": 16.0, "tp_unidade_label": "Ambulatorio", "rua": "BARAO DE COTEGIPE", "numero": "318", "complemento": null, "bairro": "CENTRO", "cep": 96200290, "vinc_sus": 0.0, "leitos_total": 0, "qtd_profissionais": 1, "endereco_geocode": "BARAO DE COTEGIPE, 318, CENTRO, 96200290, Rio Grande - RS", "co_tipo_estabelecimento": "Ambulatório", "no_razao_social": "DRA LIZIANE MUKAI", "staff_acs_endemias": 0, "staff_admin_gestao_apoio": 0, "staff_diag_lab_imagem": 0, "staff_enfermagem": 0, "staff_farmacia": 0, "staff_medicos": 1, "staff_odontologia": 0, "staff_outros": 0, "staff_outros_superior_saude": 0, "staff_servicos_gerais": 0, "staff_transporte_urgencia": 0 }, "geometry": { "type": "Point", "coordinates": [ -52.096738815307617, -32.037547985805176 ] } },
{ "type": "Feature", "properties": { "co_cnes": 5249236, "no_fantasia": "CARMEN VERA JULIANO PRADO", "municipio": "Rio Grande", "tp_unidade": 16.0, "tp_unidade_label": "Ambulatorio", "rua": "ANDRADAS", "numero": "315", "complemento": null, "bairro": "CENTRO", "cep": 96200030, "vinc_sus": null, "leitos_total": 0, "qtd_profissionais": 0, "endereco_geocode": "ANDRADAS, 315, CENTRO, 96200030, Rio Grande - RS", "co_tipo_estabelecimento": "Ambulatório", "no_razao_social": "CARMEN VERA JULIANO PRADO", "staff_acs_endemias": 0, "staff_admin_gestao_apoio": 0, "staff_diag_lab_imagem": 0, "staff_enfermagem": 0, "staff_farmacia": 0, "staff_medicos": 0, "staff_odontologia": 0, "staff_outros": 0, "staff_outros_superior_saude": 0, "staff_servicos_gerais": 0, "staff_transporte_urgencia": 0 }, "geometry": { "type": "Point", "coordinates": [ -52.099, -32.035 ] } },
{ "type": "Feature", "properties": { "co_cnes": 7569920, "no_fantasia": "CONSULTORIO DE PSICOLOGIA E NEUROPSICOLOGIA ANA PAULA", "municipio": "Rio Grande", "tp_unidade": 16.0, "tp_unidade_label": "Ambulatorio", "rua": "BARAO DE COTEGIPE", "numero": "S/N", "complemento": null, "bairro": "CENTRO", "cep": 96200310, "vinc_sus": null, "leitos_total": 0, "qtd_profissionais": 0, "endereco_geocode": "BARAO DE COTEGIPE, S/N, CENTRO, 96200310, Rio Grande - RS", "co_tipo_estabelecimento": "Ambulatório", "no_razao_social": "CONSULTORIO DE PSICOLOGIA E NEUROPSICOLOGIA ANA PAULA", "staff_acs_endemias": 0, "staff_admin_gestao_apoio": 0, "staff_diag_lab_imagem": 0, "staff_enfermagem": 0, "staff_farmacia": 0, "staff_medicos": 0, "staff_odontologia": 0, "staff_outros": 0, "staff_outros_superior_saude": 0, "staff_servicos_gerais": 0, "staff_transporte_urgencia": 0 }, "geometry": { "type": "Point", "coordinates": [ -52.099, -32.035 ] } },
{ "type": "Feature", "properties": { "co_cnes": 7585063, "no_fantasia": "CONSULTORIO MEDICO", "municipio": "Rio Grande", "tp_unidade": 16.0, "tp_unidade_label": "Ambulatorio", "rua": "AV MAJOR CARLOS PINTO", "numero": "420", "complemento": null, "bairro": "CIDADE NOVA", "cep": 96211020, "vinc_sus": null, "leitos_total": 0, "qtd_profissionais": 0, "endereco_geocode": "AV MAJOR CARLOS PINTO, 420, CIDADE NOVA, 96211020, Rio Grande - RS", "co_tipo_estabelecimento": "Ambulatório", "no_razao_social": "CONSULTORIO MEDICO", "staff_acs_endemias": 0, "staff_admin_gestao_apoio": 0, "staff_diag_lab_imagem": 0, "staff_enfermagem": 0, "staff_farmacia": 0, "staff_medicos": 0, "staff_odontologia": 0, "staff_outros": 0, "staff_outros_superior_saude": 0, "staff_servicos_gerais": 0, "staff_transporte_urgencia": 0 }, "geometry": { "type": "Point", "coordinates": [ -52.099, -32.035 ] } },
{ "type": "Feature", "properties": { "co_cnes": 9583734, "no_fantasia": "CLINICA DO APARELHO DIGESTIVO CAD", "municipio": "Rio Grande", "tp_unidade": 16.0, "tp_unidade_label": "Ambulatorio", "rua": "GENERAL VITORINO", "numero": "665", "complemento": null, "bairro": "CENTRO", "cep": 96200310, "vinc_sus": 0.0, "leitos_total": 0, "qtd_profissionais": 5, "endereco_geocode": "GENERAL VITORINO, 665, CENTRO, 96200310, Rio Grande - RS", "co_tipo_estabelecimento": "Ambulatório", "no_razao_social": "CLINICA DO APARELHO DIGESTIVO CAD", "staff_acs_endemias": 0, "staff_admin_gestao_apoio": 0, "staff_diag_lab_imagem": 0, "staff_enfermagem": 0, "staff_farmacia": 0, "staff_medicos": 4, "staff_odontologia": 0, "staff_outros": 1, "staff_outros_superior_saude": 0, "staff_servicos_gerais": 0, "staff_transporte_urgencia": 0 }, "geometry": { "type": "Point", "coordinates": [ -52.1017572, -32.0346421 ] } },
{ "type": "Feature", "properties": { "co_cnes": 9635661, "no_fantasia": "PAULO ROBERTO DA COSTA", "municipio": "Rio Grande", "tp_unidade": 16.0, "tp_unidade_label": "Ambulatorio", "rua": "RUA GENERAL VITORINO", "numero": "552", "complemento": null, "bairro": "CENTRO", "cep": 96200310, "vinc_sus": 0.0, "leitos_total": 0, "qtd_profissionais": 1, "endereco_geocode": "RUA GENERAL VITORINO, 552, CENTRO, 96200310, Rio Grande - RS", "co_tipo_estabelecimento": "Ambulatório", "no_razao_social": "PAULO ROBERTO DA COSTA", "staff_acs_endemias": 0, "staff_admin_gestao_apoio": 0, "staff_diag_lab_imagem": 0, "staff_enfermagem": 0, "staff_farmacia": 0, "staff_medicos": 1, "staff_odontologia": 0, "staff_outros": 0, "staff_outros_superior_saude": 0, "staff_servicos_gerais": 0, "staff_transporte_urgencia": 0 }, "geometry": { "type": "Point", "coordinates": [ -52.099, -32.035 ] } },
{ "type": "Feature", "properties": { "co_cnes": 7747314, "no_fantasia": "CONSULTORIO DE FISIOTERAPIA MOVIMENTO", "municipio": "Rio Grande", "tp_unidade": 16.0, "tp_unidade_label": "Ambulatorio", "rua": "VISCONDE DE PARANAGUA", "numero": "79", "complemento": null, "bairro": "CENTRO", "cep": 96200190, "vinc_sus": null, "leitos_total": 0, "qtd_profissionais": 0, "endereco_geocode": "VISCONDE DE PARANAGUA, 79, CENTRO, 96200190, Rio Grande - RS", "co_tipo_estabelecimento": "Ambulatório", "no_razao_social": "CONSULTORIO DE FISIOTERAPIA MOVIMENTO", "staff_acs_endemias": 0, "staff_admin_gestao_apoio": 0, "staff_diag_lab_imagem": 0, "staff_enfermagem": 0, "staff_farmacia": 0, "staff_medicos": 0, "staff_odontologia": 0, "staff_outros": 0, "staff_outros_superior_saude": 0, "staff_servicos_gerais": 0, "staff_transporte_urgencia": 0 }, "geometry": { "type": "Point", "coordinates": [ -52.099, -32.035 ] } },
{ "type": "Feature", "properties": { "co_cnes": 5251273, "no_fantasia": "CONSULTORIO MEDICO DR MIGUEL ANGELO", "municipio": "Rio Grande", "tp_unidade": 16.0, "tp_unidade_label": "Ambulatorio", "rua": "VISCONDE DE PARANAGUA", "numero": "272", "complemento": null, "bairro": "CENTRO", "cep": 96200190, "vinc_sus": 0.0, "leitos_total": 0, "qtd_profissionais": 1, "endereco_geocode": "VISCONDE DE PARANAGUA, 272, CENTRO, 96200190, Rio Grande - RS", "co_tipo_estabelecimento": "Ambulatório", "no_razao_social": "CONSULTORIO MEDICO DR MIGUEL ANGELO", "staff_acs_endemias": 0, "staff_admin_gestao_apoio": 0, "staff_diag_lab_imagem": 0, "staff_enfermagem": 0, "staff_farmacia": 0, "staff_medicos": 1, "staff_odontologia": 0, "staff_outros": 0, "staff_outros_superior_saude": 0, "staff_servicos_gerais": 0, "staff_transporte_urgencia": 0 }, "geometry": { "type": "Point", "coordinates": [ -52.099, -32.035 ] } },
{ "type": "Feature", "properties": { "co_cnes": 9643052, "no_fantasia": "CLINICA AMARAL", "municipio": "Rio Grande", "tp_unidade": 16.0, "tp_unidade_label": "Ambulatorio", "rua": "RUA CONDE DE PORTO ALEGRE", "numero": "422", "complemento": null, "bairro": "CENTRO", "cep": 96200330, "vinc_sus": null, "leitos_total": 0, "qtd_profissionais": 0, "endereco_geocode": "RUA CONDE DE PORTO ALEGRE, 422, CENTRO, 96200330, Rio Grande - RS", "co_tipo_estabelecimento": "Ambulatório", "no_razao_social": "CLINICA AMARAL", "staff_acs_endemias": 0, "staff_admin_gestao_apoio": 0, "staff_diag_lab_imagem": 0, "staff_enfermagem": 0, "staff_farmacia": 0, "staff_medicos": 0, "staff_odontologia": 0, "staff_outros": 0, "staff_outros_superior_saude": 0, "staff_servicos_gerais": 0, "staff_transporte_urgencia": 0 }, "geometry": { "type": "Point", "coordinates": [ -52.099, -32.035 ] } },
{ "type": "Feature", "properties": { "co_cnes": 4061942, "no_fantasia": "NEOCARE SERVICOS MEDICOS", "municipio": "Rio Grande", "tp_unidade": 16.0, "tp_unidade_label": "Ambulatorio", "rua": "DR NASCIMENTO", "numero": "763", "complemento": "AP 304", "bairro": "CENTRO", "cep": 96200300, "vinc_sus": 0.0, "leitos_total": 0, "qtd_profissionais": 2, "endereco_geocode": "DR NASCIMENTO, 763, CENTRO, 96200300, Rio Grande - RS", "co_tipo_estabelecimento": "Ambulatório", "no_razao_social": "NEOCARE SERVICOS MEDICOS", "staff_acs_endemias": 0, "staff_admin_gestao_apoio": 0, "staff_diag_lab_imagem": 0, "staff_enfermagem": 0, "staff_farmacia": 0, "staff_medicos": 2, "staff_odontologia": 0, "staff_outros": 0, "staff_outros_superior_saude": 0, "staff_servicos_gerais": 0, "staff_transporte_urgencia": 0 }, "geometry": { "type": "Point", "coordinates": [ -52.105236053466797, -32.035838139697773 ] } },
{ "type": "Feature", "properties": { "co_cnes": 5904536, "no_fantasia": "POLICLINICA NAVAL DE RIO GRANDE", "municipio": "Rio Grande", "tp_unidade": 16.0, "tp_unidade_label": "Ambulatorio", "rua": "RUA ALMIRANTE GARNIER", "numero": "84", "complemento": null, "bairro": "CENTRO", "cep": 96201220, "vinc_sus": 0.0, "leitos_total": 0, "qtd_profissionais": 104, "endereco_geocode": "RUA ALMIRANTE GARNIER, 84, CENTRO, 96201220, Rio Grande - RS", "co_tipo_estabelecimento": "Ambulatório", "no_razao_social": "POLICLINICA NAVAL DE RIO GRANDE", "staff_acs_endemias": 0, "staff_admin_gestao_apoio": 0, "staff_diag_lab_imagem": 0, "staff_enfermagem": 49, "staff_farmacia": 3, "staff_medicos": 19, "staff_odontologia": 12, "staff_outros": 12, "staff_outros_superior_saude": 8, "staff_servicos_gerais": 1, "staff_transporte_urgencia": 0 }, "geometry": { "type": "Point", "coordinates": [ -52.099, -32.035 ] } },
{ "type": "Feature", "properties": { "co_cnes": 5251389, "no_fantasia": "ARI GONCALVES LIMA", "municipio": "Rio Grande", "tp_unidade": 16.0, "tp_unidade_label": "Ambulatorio", "rua": "DUQUE DE CAXIAS", "numero": "346", "complemento": null, "bairro": "CENTRO", "cep": 96200020, "vinc_sus": 0.0, "leitos_total": 0, "qtd_profissionais": 1, "endereco_geocode": "DUQUE DE CAXIAS, 346, CENTRO, 96200020, Rio Grande - RS", "co_tipo_estabelecimento": "Ambulatório", "no_razao_social": "ARI GONCALVES LIMA", "staff_acs_endemias": 0, "staff_admin_gestao_apoio": 0, "staff_diag_lab_imagem": 0, "staff_enfermagem": 0, "staff_farmacia": 0, "staff_medicos": 1, "staff_odontologia": 0, "staff_outros": 0, "staff_outros_superior_saude": 0, "staff_servicos_gerais": 0, "staff_transporte_urgencia": 0 }, "geometry": { "type": "Point", "coordinates": [ -52.099, -32.035 ] } },
{ "type": "Feature", "properties": { "co_cnes": 430234, "no_fantasia": "SAO JOAO FARMACIAS LOJA 2", "municipio": "Rio Grande", "tp_unidade": 9.0, "tp_unidade_label": "Farmacia", "rua": "RUA VINTE E QUATRO DE MAIO", "numero": "406", "complemento": null, "bairro": "CENTRO", "cep": 96200003, "vinc_sus": 0.0, "leitos_total": 0, "qtd_profissionais": 4, "endereco_geocode": "RUA VINTE E QUATRO DE MAIO, 406, CENTRO, 96200003, Rio Grande - RS", "co_tipo_estabelecimento": "Farmacia", "no_razao_social": "SAO JOAO FARMACIAS LOJA 2", "staff_acs_endemias": 0, "staff_admin_gestao_apoio": 0, "staff_diag_lab_imagem": 0, "staff_enfermagem": 0, "staff_farmacia": 4, "staff_medicos": 0, "staff_odontologia": 0, "staff_outros": 0, "staff_outros_superior_saude": 0, "staff_servicos_gerais": 0, "staff_transporte_urgencia": 0 }, "geometry": { "type": "Point", "coordinates": [ -52.10090160369873, -32.036929534516069 ] } },
{ "type": "Feature", "properties": { "co_cnes": 7181078, "no_fantasia": "CAEM", "municipio": "Rio Grande", "tp_unidade": 16.0, "tp_unidade_label": "Ambulatorio", "rua": "DUQUE DE CAXIAS", "numero": "563", "complemento": null, "bairro": "CENTRO", "cep": 96200020, "vinc_sus": 0.0, "leitos_total": 0, "qtd_profissionais": 4, "endereco_geocode": "DUQUE DE CAXIAS, 563, CENTRO, 96200020, Rio Grande - RS", "co_tipo_estabelecimento": "Ambulatório", "no_razao_social": "CAEM", "staff_acs_endemias": 0, "staff_admin_gestao_apoio": 0, "staff_diag_lab_imagem": 0, "staff_enfermagem": 0, "staff_farmacia": 0, "staff_medicos": 4, "staff_odontologia": 0, "staff_outros": 0, "staff_outros_superior_saude": 0, "staff_servicos_gerais": 0, "staff_transporte_urgencia": 0 }, "geometry": { "type": "Point", "coordinates": [ -52.099, -32.035 ] } },
{ "type": "Feature", "properties": { "co_cnes": 7181795, "no_fantasia": "THALITA SALOMAO", "municipio": "Rio Grande", "tp_unidade": 16.0, "tp_unidade_label": "Ambulatorio", "rua": "MAL FLORIANO", "numero": "502", "complemento": "1", "bairro": "CENTRO", "cep": 96200380, "vinc_sus": null, "leitos_total": 0, "qtd_profissionais": 0, "endereco_geocode": "MAL FLORIANO, 502, CENTRO, 96200380, Rio Grande - RS", "co_tipo_estabelecimento": "Ambulatório", "no_razao_social": "THALITA SALOMAO", "staff_acs_endemias": 0, "staff_admin_gestao_apoio": 0, "staff_diag_lab_imagem": 0, "staff_enfermagem": 0, "staff_farmacia": 0, "staff_medicos": 0, "staff_odontologia": 0, "staff_outros": 0, "staff_outros_superior_saude": 0, "staff_servicos_gerais": 0, "staff_transporte_urgencia": 0 }, "geometry": { "type": "Point", "coordinates": [ -52.099, -32.035 ] } },
{ "type": "Feature", "properties": { "co_cnes": 7181841, "no_fantasia": "VALERIA RODRIGUES SILVEIRA", "municipio": "Rio Grande", "tp_unidade": 16.0, "tp_unidade_label": "Ambulatorio", "rua": "GENERAL BACELAR", "numero": "436", "complemento": "508", "bairro": "CENTRO", "cep": 96200370, "vinc_sus": null, "leitos_total": 0, "qtd_profissionais": 0, "endereco_geocode": "GENERAL BACELAR, 436, CENTRO, 96200370, Rio Grande - RS", "co_tipo_estabelecimento": "Ambulatório", "no_razao_social": "VALERIA RODRIGUES SILVEIRA", "staff_acs_endemias": 0, "staff_admin_gestao_apoio": 0, "staff_diag_lab_imagem": 0, "staff_enfermagem": 0, "staff_farmacia": 0, "staff_medicos": 0, "staff_odontologia": 0, "staff_outros": 0, "staff_outros_superior_saude": 0, "staff_servicos_gerais": 0, "staff_transporte_urgencia": 0 }, "geometry": { "type": "Point", "coordinates": [ -52.099, -32.035 ] } },
{ "type": "Feature", "properties": { "co_cnes": 7185278, "no_fantasia": "SONIA RODRIGUES JACOBI", "municipio": "Rio Grande", "tp_unidade": 16.0, "tp_unidade_label": "Ambulatorio", "rua": "CONSELHEIRO PINTO LIMA", "numero": "40", "complemento": "A", "bairro": "CENTRO", "cep": 96200530, "vinc_sus": null, "leitos_total": 0, "qtd_profissionais": 0, "endereco_geocode": "CONSELHEIRO PINTO LIMA, 40, CENTRO, 96200530, Rio Grande - RS", "co_tipo_estabelecimento": "Ambulatório", "no_razao_social": "SONIA RODRIGUES JACOBI", "staff_acs_endemias": 0, "staff_admin_gestao_apoio": 0, "staff_diag_lab_imagem": 0, "staff_enfermagem": 0, "staff_farmacia": 0, "staff_medicos": 0, "staff_odontologia": 0, "staff_outros": 0, "staff_outros_superior_saude": 0, "staff_servicos_gerais": 0, "staff_transporte_urgencia": 0 }, "geometry": { "type": "Point", "coordinates": [ -52.099, -32.035 ] } },
{ "type": "Feature", "properties": { "co_cnes": 7157932, "no_fantasia": "PROAUDIO", "municipio": "Rio Grande", "tp_unidade": 16.0, "tp_unidade_label": "Ambulatorio", "rua": "LUIZ LOREA", "numero": "294", "complemento": null, "bairro": "CENTRO", "cep": 96200350, "vinc_sus": null, "leitos_total": 0, "qtd_profissionais": 0, "endereco_geocode": "LUIZ LOREA, 294, CENTRO, 96200350, Rio Grande - RS", "co_tipo_estabelecimento": "Ambulatório", "no_razao_social": "PROAUDIO", "staff_acs_endemias": 0, "staff_admin_gestao_apoio": 0, "staff_diag_lab_imagem": 0, "staff_enfermagem": 0, "staff_farmacia": 0, "staff_medicos": 0, "staff_odontologia": 0, "staff_outros": 0, "staff_outros_superior_saude": 0, "staff_servicos_gerais": 0, "staff_transporte_urgencia": 0 }, "geometry": { "type": "Point", "coordinates": [ -52.099, -32.035 ] } },
{ "type": "Feature", "properties": { "co_cnes": 9058974, "no_fantasia": "COACHINGENTE DESENVOLVIMENTO HUMANO", "municipio": "Rio Grande", "tp_unidade": 16.0, "tp_unidade_label": "Ambulatorio", "rua": "RUA LUIZ LOREA", "numero": "557", "complemento": null, "bairro": "CENTRO", "cep": 96200350, "vinc_sus": 0.0, "leitos_total": 0, "qtd_profissionais": 1, "endereco_geocode": "RUA LUIZ LOREA, 557, CENTRO, 96200350, Rio Grande - RS", "co_tipo_estabelecimento": "Ambulatório", "no_razao_social": "COACHINGENTE DESENVOLVIMENTO HUMANO", "staff_acs_endemias": 0, "staff_admin_gestao_apoio": 0, "staff_diag_lab_imagem": 0, "staff_enfermagem": 0, "staff_farmacia": 0, "staff_medicos": 0, "staff_odontologia": 0, "staff_outros": 1, "staff_outros_superior_saude": 0, "staff_servicos_gerais": 0, "staff_transporte_urgencia": 0 }, "geometry": { "type": "Point", "coordinates": [ -52.099, -32.035 ] } },
{ "type": "Feature", "properties": { "co_cnes": 5904552, "no_fantasia": "CARDIO IMAGEM RIO GRANDE", "municipio": "Rio Grande", "tp_unidade": 18.0, "tp_unidade_label": "Unidade de Apoio Diagnostico", "rua": "RUA 19 DE FEVEREIRO", "numero": "595", "complemento": null, "bairro": "CENTRO", "cep": 96200490, "vinc_sus": 0.0, "leitos_total": 0, "qtd_profissionais": 5, "endereco_geocode": "RUA 19 DE FEVEREIRO, 595, CENTRO, 96200490, Rio Grande - RS", "co_tipo_estabelecimento": "Unidade de Apoio Diagnostico", "no_razao_social": "CARDIO IMAGEM RIO GRANDE", "staff_acs_endemias": 0, "staff_admin_gestao_apoio": 2, "staff_diag_lab_imagem": 0, "staff_enfermagem": 0, "staff_farmacia": 0, "staff_medicos": 2, "staff_odontologia": 0, "staff_outros": 0, "staff_outros_superior_saude": 0, "staff_servicos_gerais": 1, "staff_transporte_urgencia": 0 }, "geometry": { "type": "Point", "coordinates": [ -52.099, -32.035 ] } },
{ "type": "Feature", "properties": { "co_cnes": 5249228, "no_fantasia": "SYLVIA DUARTE LINDENMEYER", "municipio": "Rio Grande", "tp_unidade": 16.0, "tp_unidade_label": "Ambulatorio", "rua": "GENERAL VITORINO", "numero": "393", "complemento": "102", "bairro": "CENTRO", "cep": 96200310, "vinc_sus": 0.0, "leitos_total": 0, "qtd_profissionais": 1, "endereco_geocode": "GENERAL VITORINO, 393, CENTRO, 96200310, Rio Grande - RS", "co_tipo_estabelecimento": "Ambulatório", "no_razao_social": "SYLVIA DUARTE LINDENMEYER", "staff_acs_endemias": 0, "staff_admin_gestao_apoio": 0, "staff_diag_lab_imagem": 0, "staff_enfermagem": 0, "staff_farmacia": 0, "staff_medicos": 1, "staff_odontologia": 0, "staff_outros": 0, "staff_outros_superior_saude": 0, "staff_servicos_gerais": 0, "staff_transporte_urgencia": 0 }, "geometry": { "type": "Point", "coordinates": [ -52.099, -32.035 ] } },
{ "type": "Feature", "properties": { "co_cnes": 5249406, "no_fantasia": "VANESSA CHAVES WEBBER", "municipio": "Rio Grande", "tp_unidade": 16.0, "tp_unidade_label": "Ambulatorio", "rua": "RUA GENERAL CANABARRO", "numero": "101", "complemento": null, "bairro": "CENTRO", "cep": 96200470, "vinc_sus": 0.0, "leitos_total": 0, "qtd_profissionais": 1, "endereco_geocode": "RUA GENERAL CANABARRO, 101, CENTRO, 96200470, Rio Grande - RS", "co_tipo_estabelecimento": "Ambulatório", "no_razao_social": "VANESSA CHAVES WEBBER", "staff_acs_endemias": 0, "staff_admin_gestao_apoio": 0, "staff_diag_lab_imagem": 0, "staff_enfermagem": 0, "staff_farmacia": 0, "staff_medicos": 0, "staff_odontologia": 1, "staff_outros": 0, "staff_outros_superior_saude": 0, "staff_servicos_gerais": 0, "staff_transporte_urgencia": 0 }, "geometry": { "type": "Point", "coordinates": [ -52.099, -32.035 ] } },
{ "type": "Feature", "properties": { "co_cnes": 5249724, "no_fantasia": "CLAUDIO RENATO WENZEL FERREIRA", "municipio": "Rio Grande", "tp_unidade": 16.0, "tp_unidade_label": "Ambulatorio", "rua": "CARLOS GOMES", "numero": "675", "complemento": "102", "bairro": "CENTRO", "cep": 96200460, "vinc_sus": null, "leitos_total": 0, "qtd_profissionais": 0, "endereco_geocode": "CARLOS GOMES, 675, CENTRO, 96200460, Rio Grande - RS", "co_tipo_estabelecimento": "Ambulatório", "no_razao_social": "CLAUDIO RENATO WENZEL FERREIRA", "staff_acs_endemias": 0, "staff_admin_gestao_apoio": 0, "staff_diag_lab_imagem": 0, "staff_enfermagem": 0, "staff_farmacia": 0, "staff_medicos": 0, "staff_odontologia": 0, "staff_outros": 0, "staff_outros_superior_saude": 0, "staff_servicos_gerais": 0, "staff_transporte_urgencia": 0 }, "geometry": { "type": "Point", "coordinates": [ -52.099, -32.035 ] } },
{ "type": "Feature", "properties": { "co_cnes": 5250005, "no_fantasia": "RENATO OBELHEIRO", "municipio": "Rio Grande", "tp_unidade": 16.0, "tp_unidade_label": "Ambulatorio", "rua": "LUIZ LOREA", "numero": "381", "complemento": "SALA 03", "bairro": "CENTRO", "cep": 96200350, "vinc_sus": null, "leitos_total": 0, "qtd_profissionais": 0, "endereco_geocode": "LUIZ LOREA, 381, CENTRO, 96200350, Rio Grande - RS", "co_tipo_estabelecimento": "Ambulatório", "no_razao_social": "RENATO OBELHEIRO", "staff_acs_endemias": 0, "staff_admin_gestao_apoio": 0, "staff_diag_lab_imagem": 0, "staff_enfermagem": 0, "staff_farmacia": 0, "staff_medicos": 0, "staff_odontologia": 0, "staff_outros": 0, "staff_outros_superior_saude": 0, "staff_servicos_gerais": 0, "staff_transporte_urgencia": 0 }, "geometry": { "type": "Point", "coordinates": [ -52.099, -32.035 ] } },
{ "type": "Feature", "properties": { "co_cnes": 5250099, "no_fantasia": "SERGIO PEREIRA", "municipio": "Rio Grande", "tp_unidade": 16.0, "tp_unidade_label": "Ambulatorio", "rua": "24 DE MAIO", "numero": "525", "complemento": "A", "bairro": "CENTRO", "cep": 96200300, "vinc_sus": null, "leitos_total": 0, "qtd_profissionais": 0, "endereco_geocode": "24 DE MAIO, 525, CENTRO, 96200300, Rio Grande - RS", "co_tipo_estabelecimento": "Ambulatório", "no_razao_social": "SERGIO PEREIRA", "staff_acs_endemias": 0, "staff_admin_gestao_apoio": 0, "staff_diag_lab_imagem": 0, "staff_enfermagem": 0, "staff_farmacia": 0, "staff_medicos": 0, "staff_odontologia": 0, "staff_outros": 0, "staff_outros_superior_saude": 0, "staff_servicos_gerais": 0, "staff_transporte_urgencia": 0 }, "geometry": { "type": "Point", "coordinates": [ -52.099, -32.035 ] } },
{ "type": "Feature", "properties": { "co_cnes": 5251303, "no_fantasia": "SIMON WERNER", "municipio": "Rio Grande", "tp_unidade": 16.0, "tp_unidade_label": "Ambulatorio", "rua": "19 DE FEVEREIRO", "numero": "558", "complemento": null, "bairro": "CENTRO", "cep": 96200380, "vinc_sus": null, "leitos_total": 0, "qtd_profissionais": 0, "endereco_geocode": "19 DE FEVEREIRO, 558, CENTRO, 96200380, Rio Grande - RS", "co_tipo_estabelecimento": "Ambulatório", "no_razao_social": "SIMON WERNER", "staff_acs_endemias": 0, "staff_admin_gestao_apoio": 0, "staff_diag_lab_imagem": 0, "staff_enfermagem": 0, "staff_farmacia": 0, "staff_medicos": 0, "staff_odontologia": 0, "staff_outros": 0, "staff_outros_superior_saude": 0, "staff_servicos_gerais": 0, "staff_transporte_urgencia": 0 }, "geometry": { "type": "Point", "coordinates": [ -52.099, -32.035 ] } },
{ "type": "Feature", "properties": { "co_cnes": 5251370, "no_fantasia": "ADAMASTOR GUIMARAES", "municipio": "Rio Grande", "tp_unidade": 16.0, "tp_unidade_label": "Ambulatorio", "rua": "GENERAL BACELAR", "numero": "378", "complemento": "602", "bairro": "CENTRO", "cep": 96200370, "vinc_sus": 0.0, "leitos_total": 0, "qtd_profissionais": 1, "endereco_geocode": "GENERAL BACELAR, 378, CENTRO, 96200370, Rio Grande - RS", "co_tipo_estabelecimento": "Ambulatório", "no_razao_social": "ADAMASTOR GUIMARAES", "staff_acs_endemias": 0, "staff_admin_gestao_apoio": 0, "staff_diag_lab_imagem": 0, "staff_enfermagem": 0, "staff_farmacia": 0, "staff_medicos": 1, "staff_odontologia": 0, "staff_outros": 0, "staff_outros_superior_saude": 0, "staff_servicos_gerais": 0, "staff_transporte_urgencia": 0 }, "geometry": { "type": "Point", "coordinates": [ -52.099, -32.035 ] } },
{ "type": "Feature", "properties": { "co_cnes": 5251559, "no_fantasia": "CHEPLE ABIB", "municipio": "Rio Grande", "tp_unidade": 16.0, "tp_unidade_label": "Ambulatorio", "rua": "MORON", "numero": "476", "complemento": null, "bairro": "CENTRO", "cep": 96200450, "vinc_sus": null, "leitos_total": 0, "qtd_profissionais": 0, "endereco_geocode": "MORON, 476, CENTRO, 96200450, Rio Grande - RS", "co_tipo_estabelecimento": "Ambulatório", "no_razao_social": "CHEPLE ABIB", "staff_acs_endemias": 0, "staff_admin_gestao_apoio": 0, "staff_diag_lab_imagem": 0, "staff_enfermagem": 0, "staff_farmacia": 0, "staff_medicos": 0, "staff_odontologia": 0, "staff_outros": 0, "staff_outros_superior_saude": 0, "staff_servicos_gerais": 0, "staff_transporte_urgencia": 0 }, "geometry": { "type": "Point", "coordinates": [ -52.099, -32.035 ] } },
{ "type": "Feature", "properties": { "co_cnes": 5251680, "no_fantasia": "SEAT", "municipio": "Rio Grande", "tp_unidade": 16.0, "tp_unidade_label": "Ambulatorio", "rua": "GENERAL CAMARA", "numero": "357", "complemento": null, "bairro": "CENTRO", "cep": 96200320, "vinc_sus": null, "leitos_total": 0, "qtd_profissionais": 0, "endereco_geocode": "GENERAL CAMARA, 357, CENTRO, 96200320, Rio Grande - RS", "co_tipo_estabelecimento": "Ambulatório", "no_razao_social": "SEAT", "staff_acs_endemias": 0, "staff_admin_gestao_apoio": 0, "staff_diag_lab_imagem": 0, "staff_enfermagem": 0, "staff_farmacia": 0, "staff_medicos": 0, "staff_odontologia": 0, "staff_outros": 0, "staff_outros_superior_saude": 0, "staff_servicos_gerais": 0, "staff_transporte_urgencia": 0 }, "geometry": { "type": "Point", "coordinates": [ -52.099, -32.035 ] } },
{ "type": "Feature", "properties": { "co_cnes": 4011813, "no_fantasia": "LUIZ EDUARDO SCHEIN SERVICOS MEDICOS LTDA", "municipio": "Rio Grande", "tp_unidade": 16.0, "tp_unidade_label": "Ambulatorio", "rua": "AQUIDABAN", "numero": "684", "complemento": "APT 1101", "bairro": "CENTRO", "cep": 96200480, "vinc_sus": 0.0, "leitos_total": 0, "qtd_profissionais": 1, "endereco_geocode": "AQUIDABAN, 684, CENTRO, 96200480, Rio Grande - RS", "co_tipo_estabelecimento": "Ambulatório", "no_razao_social": "LUIZ EDUARDO SCHEIN SERVICOS MEDICOS LTDA", "staff_acs_endemias": 0, "staff_admin_gestao_apoio": 0, "staff_diag_lab_imagem": 0, "staff_enfermagem": 0, "staff_farmacia": 0, "staff_medicos": 1, "staff_odontologia": 0, "staff_outros": 0, "staff_outros_superior_saude": 0, "staff_servicos_gerais": 0, "staff_transporte_urgencia": 0 }, "geometry": { "type": "Point", "coordinates": [ -52.104763984680176, -32.032309207421861 ] } },
{ "type": "Feature", "properties": { "co_cnes": 7322372, "no_fantasia": "UNIDADE BASICA DE SAUDE PRISIONAL", "municipio": "Rio Grande", "tp_unidade": 1.0, "tp_unidade_label": "Unidade Basica de Saude", "rua": "BR 392 KM 15", "numero": "S/N", "complemento": null, "bairro": "VILA DA QUINTA", "cep": 96211040, "vinc_sus": 1.0, "leitos_total": 0, "qtd_profissionais": 14, "endereco_geocode": "BR 392 KM 15, S/N, VILA DA QUINTA, 96211040, Rio Grande - RS", "co_tipo_estabelecimento": "Unidade Básica de Saúde", "no_razao_social": "UNIDADE BASICA DE SAUDE PRISIONAL", "staff_acs_endemias": 0, "staff_admin_gestao_apoio": 0, "staff_diag_lab_imagem": 0, "staff_enfermagem": 5, "staff_farmacia": 0, "staff_medicos": 2, "staff_odontologia": 1, "staff_outros": 4, "staff_outros_superior_saude": 1, "staff_servicos_gerais": 1, "staff_transporte_urgencia": 0 }, "geometry": { "type": "Point", "coordinates": [ -52.099, -32.035 ] } },
{ "type": "Feature", "properties": { "co_cnes": 4036360, "no_fantasia": "UNIMED LITORAL SUL RS CENTRO DE DIAGNOSTICO POR IMAGE", "municipio": "Rio Grande", "tp_unidade": 16.0, "tp_unidade_label": "Ambulatorio", "rua": "AQUIDABAN", "numero": "692", "complemento": null, "bairro": "CENTRO", "cep": 96200480, "vinc_sus": 0.0, "leitos_total": 0, "qtd_profissionais": 16, "endereco_geocode": "AQUIDABAN, 692, CENTRO, 96200480, Rio Grande - RS", "co_tipo_estabelecimento": "Ambulatório", "no_razao_social": "UNIMED LITORAL SUL RS CENTRO DE DIAGNOSTICO POR IMAGE", "staff_acs_endemias": 0, "staff_admin_gestao_apoio": 4, "staff_diag_lab_imagem": 0, "staff_enfermagem": 1, "staff_farmacia": 0, "staff_medicos": 7, "staff_odontologia": 0, "staff_outros": 4, "staff_outros_superior_saude": 0, "staff_servicos_gerais": 0, "staff_transporte_urgencia": 0 }, "geometry": { "type": "Point", "coordinates": [ -52.103605270385742, -32.032163681521773 ] } },
{ "type": "Feature", "properties": { "co_cnes": 2232960, "no_fantasia": "LABORATORIO TORRES", "municipio": "Rio Grande", "tp_unidade": 18.0, "tp_unidade_label": "Unidade de Apoio Diagnostico", "rua": "DR NASCIMENTO", "numero": "387", "complemento": null, "bairro": "CENTRO", "cep": 96200300, "vinc_sus": 1.0, "leitos_total": 0, "qtd_profissionais": 9, "endereco_geocode": "DR NASCIMENTO, 387, CENTRO, 96200300, Rio Grande - RS", "co_tipo_estabelecimento": "Unidade de Apoio Diagnostico", "no_razao_social": "LABORATORIO TORRES", "staff_acs_endemias": 0, "staff_admin_gestao_apoio": 3, "staff_diag_lab_imagem": 0, "staff_enfermagem": 0, "staff_farmacia": 2, "staff_medicos": 0, "staff_odontologia": 0, "staff_outros": 0, "staff_outros_superior_saude": 0, "staff_servicos_gerais": 4, "staff_transporte_urgencia": 0 }, "geometry": { "type": "Point", "coordinates": [ -52.096867561340332, -32.035656239296628 ] } },
{ "type": "Feature", "properties": { "co_cnes": 5378575, "no_fantasia": "AMENT DRA NISE DA SILVEIRA", "municipio": "Rio Grande", "tp_unidade": 16.0, "tp_unidade_label": "Ambulatorio", "rua": "BACELAR", "numero": "509", "complemento": null, "bairro": "CENTRO", "cep": 96200380, "vinc_sus": 1.0, "leitos_total": 0, "qtd_profissionais": 17, "endereco_geocode": "BACELAR, 509, CENTRO, 96200380, Rio Grande - RS", "co_tipo_estabelecimento": "Ambulatório", "no_razao_social": "AMENT DRA NISE DA SILVEIRA", "staff_acs_endemias": 0, "staff_admin_gestao_apoio": 1, "staff_diag_lab_imagem": 0, "staff_enfermagem": 2, "staff_farmacia": 0, "staff_medicos": 3, "staff_odontologia": 0, "staff_outros": 6, "staff_outros_superior_saude": 0, "staff_servicos_gerais": 5, "staff_transporte_urgencia": 0 }, "geometry": { "type": "Point", "coordinates": [ -52.099, -32.035 ] } },
{ "type": "Feature", "properties": { "co_cnes": 933287, "no_fantasia": "FLORESCER CLINICA PSICOLOGICA", "municipio": "Rio Grande", "tp_unidade": 16.0, "tp_unidade_label": "Ambulatorio", "rua": "GOMES FREIRE", "numero": "589", "complemento": null, "bairro": "CENTRO", "cep": 96200470, "vinc_sus": 0.0, "leitos_total": 0, "qtd_profissionais": 3, "endereco_geocode": "GOMES FREIRE, 589, CENTRO, 96200470, Rio Grande - RS", "co_tipo_estabelecimento": "Ambulatório", "no_razao_social": "FLORESCER CLINICA PSICOLOGICA", "staff_acs_endemias": 0, "staff_admin_gestao_apoio": 0, "staff_diag_lab_imagem": 0, "staff_enfermagem": 0, "staff_farmacia": 0, "staff_medicos": 0, "staff_odontologia": 0, "staff_outros": 3, "staff_outros_superior_saude": 0, "staff_servicos_gerais": 0, "staff_transporte_urgencia": 0 }, "geometry": { "type": "Point", "coordinates": [ -52.103390693664551, -32.033109595738715 ] } },
{ "type": "Feature", "properties": { "co_cnes": 7382529, "no_fantasia": "CLINICA PAULITSCH", "municipio": "Rio Grande", "tp_unidade": 16.0, "tp_unidade_label": "Ambulatorio", "rua": "GENERAL CAMARA", "numero": "441", "complemento": null, "bairro": "CENTRO", "cep": 96200320, "vinc_sus": 0.0, "leitos_total": 0, "qtd_profissionais": 2, "endereco_geocode": "GENERAL CAMARA, 441, CENTRO, 96200320, Rio Grande - RS", "co_tipo_estabelecimento": "Ambulatório", "no_razao_social": "CLINICA PAULITSCH", "staff_acs_endemias": 0, "staff_admin_gestao_apoio": 1, "staff_diag_lab_imagem": 0, "staff_enfermagem": 0, "staff_farmacia": 0, "staff_medicos": 1, "staff_odontologia": 0, "staff_outros": 0, "staff_outros_superior_saude": 0, "staff_servicos_gerais": 0, "staff_transporte_urgencia": 0 }, "geometry": { "type": "Point", "coordinates": [ -52.099, -32.035 ] } },
{ "type": "Feature", "properties": { "co_cnes": 5249511, "no_fantasia": "FISIO SAUDE", "municipio": "Rio Grande", "tp_unidade": 16.0, "tp_unidade_label": "Ambulatorio", "rua": "DUQUE DE CAXIAS", "numero": "351", "complemento": null, "bairro": "CENTRO", "cep": 96200020, "vinc_sus": null, "leitos_total": 0, "qtd_profissionais": 0, "endereco_geocode": "DUQUE DE CAXIAS, 351, CENTRO, 96200020, Rio Grande - RS", "co_tipo_estabelecimento": "Ambulatório", "no_razao_social": "FISIO SAUDE", "staff_acs_endemias": 0, "staff_admin_gestao_apoio": 0, "staff_diag_lab_imagem": 0, "staff_enfermagem": 0, "staff_farmacia": 0, "staff_medicos": 0, "staff_odontologia": 0, "staff_outros": 0, "staff_outros_superior_saude": 0, "staff_servicos_gerais": 0, "staff_transporte_urgencia": 0 }, "geometry": { "type": "Point", "coordinates": [ -52.099, -32.035 ] } },
{ "type": "Feature", "properties": { "co_cnes": 5249651, "no_fantasia": "CLARISSE S DAMATI", "municipio": "Rio Grande", "tp_unidade": 16.0, "tp_unidade_label": "Ambulatorio", "rua": "GENERAL BACELAR", "numero": "378", "complemento": "ED ANTARES 403", "bairro": "CENTRO", "cep": 96200370, "vinc_sus": 0.0, "leitos_total": 0, "qtd_profissionais": 1, "endereco_geocode": "GENERAL BACELAR, 378, CENTRO, 96200370, Rio Grande - RS", "co_tipo_estabelecimento": "Ambulatório", "no_razao_social": "CLARISSE S DAMATI", "staff_acs_endemias": 0, "staff_admin_gestao_apoio": 0, "staff_diag_lab_imagem": 0, "staff_enfermagem": 0, "staff_farmacia": 0, "staff_medicos": 0, "staff_odontologia": 1, "staff_outros": 0, "staff_outros_superior_saude": 0, "staff_servicos_gerais": 0, "staff_transporte_urgencia": 0 }, "geometry": { "type": "Point", "coordinates": [ -52.099, -32.035 ] } },
{ "type": "Feature", "properties": { "co_cnes": 5249708, "no_fantasia": "BIANCA DA SILVA BALAGUEZ", "municipio": "Rio Grande", "tp_unidade": 16.0, "tp_unidade_label": "Ambulatorio", "rua": "GENERAL BACELAR", "numero": "436", "complemento": "409", "bairro": "CENTRO", "cep": 96200310, "vinc_sus": 0.0, "leitos_total": 0, "qtd_profissionais": 2, "endereco_geocode": "GENERAL BACELAR, 436, CENTRO, 96200310, Rio Grande - RS", "co_tipo_estabelecimento": "Ambulatório", "no_razao_social": "BIANCA DA SILVA BALAGUEZ", "staff_acs_endemias": 0, "staff_admin_gestao_apoio": 0, "staff_diag_lab_imagem": 0, "staff_enfermagem": 0, "staff_farmacia": 0, "staff_medicos": 0, "staff_odontologia": 2, "staff_outros": 0, "staff_outros_superior_saude": 0, "staff_servicos_gerais": 0, "staff_transporte_urgencia": 0 }, "geometry": { "type": "Point", "coordinates": [ -52.099, -32.035 ] } },
{ "type": "Feature", "properties": { "co_cnes": 5249929, "no_fantasia": "JIMENEZ", "municipio": "Rio Grande", "tp_unidade": 16.0, "tp_unidade_label": "Ambulatorio", "rua": "DUQUE DE CAXIAS", "numero": "357", "complemento": "101", "bairro": "CENTRO", "cep": 96200020, "vinc_sus": 0.0, "leitos_total": 0, "qtd_profissionais": 2, "endereco_geocode": "DUQUE DE CAXIAS, 357, CENTRO, 96200020, Rio Grande - RS", "co_tipo_estabelecimento": "Ambulatório", "no_razao_social": "JIMENEZ", "staff_acs_endemias": 0, "staff_admin_gestao_apoio": 1, "staff_diag_lab_imagem": 0, "staff_enfermagem": 0, "staff_farmacia": 0, "staff_medicos": 0, "staff_odontologia": 1, "staff_outros": 0, "staff_outros_superior_saude": 0, "staff_servicos_gerais": 0, "staff_transporte_urgencia": 0 }, "geometry": { "type": "Point", "coordinates": [ -52.097232341766357, -32.035765379580681 ] } },
{ "type": "Feature", "properties": { "co_cnes": 5249961, "no_fantasia": "CLAUDIO MORALES", "municipio": "Rio Grande", "tp_unidade": 16.0, "tp_unidade_label": "Ambulatorio", "rua": "RUA BENJAMIN CONSTANT", "numero": "312", "complemento": null, "bairro": "CENTRO", "cep": 96200090, "vinc_sus": null, "leitos_total": 0, "qtd_profissionais": 0, "endereco_geocode": "RUA BENJAMIN CONSTANT, 312, CENTRO, 96200090, Rio Grande - RS", "co_tipo_estabelecimento": "Ambulatório", "no_razao_social": "CLAUDIO MORALES", "staff_acs_endemias": 0, "staff_admin_gestao_apoio": 0, "staff_diag_lab_imagem": 0, "staff_enfermagem": 0, "staff_farmacia": 0, "staff_medicos": 0, "staff_odontologia": 0, "staff_outros": 0, "staff_outros_superior_saude": 0, "staff_servicos_gerais": 0, "staff_transporte_urgencia": 0 }, "geometry": { "type": "Point", "coordinates": [ -52.099, -32.035 ] } },
{ "type": "Feature", "properties": { "co_cnes": 5250080, "no_fantasia": "ADRIANA CAMERINI", "municipio": "Rio Grande", "tp_unidade": 16.0, "tp_unidade_label": "Ambulatorio", "rua": "ZALONY", "numero": "160", "complemento": "503", "bairro": "CENTRO", "cep": 96200070, "vinc_sus": 0.0, "leitos_total": 0, "qtd_profissionais": 1, "endereco_geocode": "ZALONY, 160, CENTRO, 96200070, Rio Grande - RS", "co_tipo_estabelecimento": "Ambulatório", "no_razao_social": "ADRIANA CAMERINI", "staff_acs_endemias": 0, "staff_admin_gestao_apoio": 0, "staff_diag_lab_imagem": 0, "staff_enfermagem": 0, "staff_farmacia": 0, "staff_medicos": 0, "staff_odontologia": 1, "staff_outros": 0, "staff_outros_superior_saude": 0, "staff_servicos_gerais": 0, "staff_transporte_urgencia": 0 }, "geometry": { "type": "Point", "coordinates": [ -52.0956658, -32.0367217 ] } },
{ "type": "Feature", "properties": { "co_cnes": 5251311, "no_fantasia": "SIRLEI KOWALCZYK", "municipio": "Rio Grande", "tp_unidade": 16.0, "tp_unidade_label": "Ambulatorio", "rua": "19 DE FEVEREIRO", "numero": "593", "complemento": "SALA 201", "bairro": "CENTRO", "cep": 96200280, "vinc_sus": null, "leitos_total": 0, "qtd_profissionais": 0, "endereco_geocode": "19 DE FEVEREIRO, 593, CENTRO, 96200280, Rio Grande - RS", "co_tipo_estabelecimento": "Ambulatório", "no_razao_social": "SIRLEI KOWALCZYK", "staff_acs_endemias": 0, "staff_admin_gestao_apoio": 0, "staff_diag_lab_imagem": 0, "staff_enfermagem": 0, "staff_farmacia": 0, "staff_medicos": 0, "staff_odontologia": 0, "staff_outros": 0, "staff_outros_superior_saude": 0, "staff_servicos_gerais": 0, "staff_transporte_urgencia": 0 }, "geometry": { "type": "Point", "coordinates": [ -52.099, -32.035 ] } },
{ "type": "Feature", "properties": { "co_cnes": 5251532, "no_fantasia": "CLAUDIO ACY CORREA RODRIGUES", "municipio": "Rio Grande", "tp_unidade": 16.0, "tp_unidade_label": "Ambulatorio", "rua": "AV SENADOR SALGADO FILHO", "numero": "97", "complemento": null, "bairro": "CENTRO", "cep": 96201610, "vinc_sus": null, "leitos_total": 0, "qtd_profissionais": 0, "endereco_geocode": "AV SENADOR SALGADO FILHO, 97, CENTRO, 96201610, Rio Grande - RS", "co_tipo_estabelecimento": "Ambulatório", "no_razao_social": "CLAUDIO ACY CORREA RODRIGUES", "staff_acs_endemias": 0, "staff_admin_gestao_apoio": 0, "staff_diag_lab_imagem": 0, "staff_enfermagem": 0, "staff_farmacia": 0, "staff_medicos": 0, "staff_odontologia": 0, "staff_outros": 0, "staff_outros_superior_saude": 0, "staff_servicos_gerais": 0, "staff_transporte_urgencia": 0 }, "geometry": { "type": "Point", "coordinates": [ -52.099, -32.035 ] } },
{ "type": "Feature", "properties": { "co_cnes": 3535541, "no_fantasia": "LABORATORIO LUNAV", "municipio": "Rio Grande", "tp_unidade": 18.0, "tp_unidade_label": "Unidade de Apoio Diagnostico", "rua": "RUA AQUIDABAN", "numero": "697", "complemento": null, "bairro": "CENTRO", "cep": 96200480, "vinc_sus": 0.0, "leitos_total": 0, "qtd_profissionais": 53, "endereco_geocode": "RUA AQUIDABAN, 697, CENTRO, 96200480, Rio Grande - RS", "co_tipo_estabelecimento": "Unidade de Apoio Diagnostico", "no_razao_social": "LABORATORIO LUNAV", "staff_acs_endemias": 0, "staff_admin_gestao_apoio": 17, "staff_diag_lab_imagem": 0, "staff_enfermagem": 0, "staff_farmacia": 3, "staff_medicos": 0, "staff_odontologia": 0, "staff_outros": 13, "staff_outros_superior_saude": 0, "staff_servicos_gerais": 20, "staff_transporte_urgencia": 0 }, "geometry": { "type": "Point", "coordinates": [ -52.1053805, -32.032353 ] } },
{ "type": "Feature", "properties": { "co_cnes": 5689694, "no_fantasia": "UBSF DR CARLOS ROBERTO RIET VARGAS", "municipio": "Rio Grande", "tp_unidade": 1.0, "tp_unidade_label": "Unidade Basica de Saude", "rua": "RUA F", "numero": "S/N", "complemento": null, "bairro": "CIDADE DE AGUEDA", "cep": 96214360, "vinc_sus": 1.0, "leitos_total": 0, "qtd_profissionais": 19, "endereco_geocode": "RUA F, S/N, CIDADE DE AGUEDA, 96214360, Rio Grande - RS", "co_tipo_estabelecimento": "Unidade Básica de Saúde", "no_razao_social": "UBSF DR CARLOS ROBERTO RIET VARGAS", "staff_acs_endemias": 8, "staff_admin_gestao_apoio": 0, "staff_diag_lab_imagem": 0, "staff_enfermagem": 4, "staff_farmacia": 0, "staff_medicos": 3, "staff_odontologia": 1, "staff_outros": 1, "staff_outros_superior_saude": 0, "staff_servicos_gerais": 2, "staff_transporte_urgencia": 0 }, "geometry": { "type": "Point", "coordinates": [ -52.099, -32.035 ] } },
{ "type": "Feature", "properties": { "co_cnes": 6539629, "no_fantasia": "NEUROCENTRO", "municipio": "Rio Grande", "tp_unidade": 16.0, "tp_unidade_label": "Ambulatorio", "rua": "VISCONDE PARANAGUA", "numero": "272", "complemento": null, "bairro": "JUNCAO", "cep": 96202336, "vinc_sus": 0.0, "leitos_total": 0, "qtd_profissionais": 3, "endereco_geocode": "VISCONDE PARANAGUA, 272, JUNCAO, 96202336, Rio Grande - RS", "co_tipo_estabelecimento": "Ambulatório", "no_razao_social": "NEUROCENTRO", "staff_acs_endemias": 0, "staff_admin_gestao_apoio": 0, "staff_diag_lab_imagem": 0, "staff_enfermagem": 0, "staff_farmacia": 0, "staff_medicos": 3, "staff_odontologia": 0, "staff_outros": 0, "staff_outros_superior_saude": 0, "staff_servicos_gerais": 0, "staff_transporte_urgencia": 0 }, "geometry": { "type": "Point", "coordinates": [ -52.099, -32.035 ] } },
{ "type": "Feature", "properties": { "co_cnes": 7265611, "no_fantasia": "CLINICA SOLARIUM", "municipio": "Rio Grande", "tp_unidade": 16.0, "tp_unidade_label": "Ambulatorio", "rua": "RUA DUQUE DE CAXIAS", "numero": "308", "complemento": "SALA 02", "bairro": "CENTRO", "cep": 96200020, "vinc_sus": 0.0, "leitos_total": 0, "qtd_profissionais": 1, "endereco_geocode": "RUA DUQUE DE CAXIAS, 308, CENTRO, 96200020, Rio Grande - RS", "co_tipo_estabelecimento": "Ambulatório", "no_razao_social": "CLINICA SOLARIUM", "staff_acs_endemias": 0, "staff_admin_gestao_apoio": 0, "staff_diag_lab_imagem": 0, "staff_enfermagem": 0, "staff_farmacia": 0, "staff_medicos": 1, "staff_odontologia": 0, "staff_outros": 0, "staff_outros_superior_saude": 0, "staff_servicos_gerais": 0, "staff_transporte_urgencia": 0 }, "geometry": { "type": "Point", "coordinates": [ -52.099, -32.035 ] } },
{ "type": "Feature", "properties": { "co_cnes": 2232979, "no_fantasia": "RADIOLOGIA BALLESTER LTDA", "municipio": "Rio Grande", "tp_unidade": 18.0, "tp_unidade_label": "Unidade de Apoio Diagnostico", "rua": "RUA MARECHAL FLORIANO", "numero": "556", "complemento": null, "bairro": "CENTRO", "cep": 96200380, "vinc_sus": 1.0, "leitos_total": 0, "qtd_profissionais": 4, "endereco_geocode": "RUA MARECHAL FLORIANO, 556, CENTRO, 96200380, Rio Grande - RS", "co_tipo_estabelecimento": "Unidade de Apoio Diagnostico", "no_razao_social": "RADIOLOGIA BALLESTER LTDA", "staff_acs_endemias": 0, "staff_admin_gestao_apoio": 0, "staff_diag_lab_imagem": 0, "staff_enfermagem": 0, "staff_farmacia": 0, "staff_medicos": 1, "staff_odontologia": 0, "staff_outros": 3, "staff_outros_superior_saude": 0, "staff_servicos_gerais": 0, "staff_transporte_urgencia": 0 }, "geometry": { "type": "Point", "coordinates": [ -52.099, -32.035 ] } },
{ "type": "Feature", "properties": { "co_cnes": 2233304, "no_fantasia": "CND", "municipio": "Rio Grande", "tp_unidade": 19.0, "tp_unidade_label": "Unidade de Terapias Especiais", "rua": "RUA GAL VITORINO", "numero": "665", "complemento": null, "bairro": "CENTRO", "cep": 96200310, "vinc_sus": 1.0, "leitos_total": 0, "qtd_profissionais": 22, "endereco_geocode": "RUA GAL VITORINO, 665, CENTRO, 96200310, Rio Grande - RS", "co_tipo_estabelecimento": "Unidade de Terapias Especiais", "no_razao_social": "CND", "staff_acs_endemias": 0, "staff_admin_gestao_apoio": 2, "staff_diag_lab_imagem": 0, "staff_enfermagem": 9, "staff_farmacia": 1, "staff_medicos": 4, "staff_odontologia": 0, "staff_outros": 2, "staff_outros_superior_saude": 2, "staff_servicos_gerais": 2, "staff_transporte_urgencia": 0 }, "geometry": { "type": "Point", "coordinates": [ -52.099, -32.035 ] } },
{ "type": "Feature", "properties": { "co_cnes": 2707675, "no_fantasia": "HOSPITAL UNIVERSITARIO DR MIGUEL RIET CORREA JUNIOR", "municipio": "Rio Grande", "tp_unidade": 6.0, "tp_unidade_label": "Hospital", "rua": "VISCONDE DE PARANAGUA", "numero": "102", "complemento": null, "bairro": "CENTRO", "cep": 96200190, "vinc_sus": 1.0, "leitos_total": 1, "qtd_profissionais": 1520, "endereco_geocode": "VISCONDE DE PARANAGUA, 102, CENTRO, 96200190, Rio Grande - RS", "co_tipo_estabelecimento": "Hospital", "no_razao_social": "HOSPITAL UNIVERSITARIO DR MIGUEL RIET CORREA JUNIOR", "staff_acs_endemias": 0, "staff_admin_gestao_apoio": 140, "staff_diag_lab_imagem": 0, "staff_enfermagem": 742, "staff_farmacia": 47, "staff_medicos": 294, "staff_odontologia": 2, "staff_outros": 225, "staff_outros_superior_saude": 66, "staff_servicos_gerais": 4, "staff_transporte_urgencia": 0 }, "geometry": { "type": "Point", "coordinates": [ -52.099, -32.035 ] } },
{ "type": "Feature", "properties": { "co_cnes": 2817837, "no_fantasia": "CASA DA CRIANCA DR AUGUSTO DUPRAT", "municipio": "Rio Grande", "tp_unidade": 16.0, "tp_unidade_label": "Ambulatorio", "rua": "RUA CRISTOVAO COLOMBO", "numero": "451", "complemento": null, "bairro": "CIDADE NOVA", "cep": 96201220, "vinc_sus": null, "leitos_total": 0, "qtd_profissionais": 0, "endereco_geocode": "RUA CRISTOVAO COLOMBO, 451, CIDADE NOVA, 96201220, Rio Grande - RS", "co_tipo_estabelecimento": "Ambulatório", "no_razao_social": "CASA DA CRIANCA DR AUGUSTO DUPRAT", "staff_acs_endemias": 0, "staff_admin_gestao_apoio": 0, "staff_diag_lab_imagem": 0, "staff_enfermagem": 0, "staff_farmacia": 0, "staff_medicos": 0, "staff_odontologia": 0, "staff_outros": 0, "staff_outros_superior_saude": 0, "staff_servicos_gerais": 0, "staff_transporte_urgencia": 0 }, "geometry": { "type": "Point", "coordinates": [ -52.099, -32.035 ] } },
{ "type": "Feature", "properties": { "co_cnes": 2817861, "no_fantasia": "UBSF JOSE SALOMAO", "municipio": "Rio Grande", "tp_unidade": 1.0, "tp_unidade_label": "Unidade Basica de Saude", "rua": "RUA 11", "numero": "1255", "complemento": null, "bairro": "PROFILURB I", "cep": 96201220, "vinc_sus": 1.0, "leitos_total": 0, "qtd_profissionais": 89, "endereco_geocode": "RUA 11, 1255, PROFILURB I, 96201220, Rio Grande - RS", "co_tipo_estabelecimento": "Unidade Básica de Saúde", "no_razao_social": "UBSF JOSE SALOMAO", "staff_acs_endemias": 11, "staff_admin_gestao_apoio": 0, "staff_diag_lab_imagem": 0, "staff_enfermagem": 23, "staff_farmacia": 0, "staff_medicos": 49, "staff_odontologia": 1, "staff_outros": 4, "staff_outros_superior_saude": 1, "staff_servicos_gerais": 0, "staff_transporte_urgencia": 0 }, "geometry": { "type": "Point", "coordinates": [ -52.099, -32.035 ] } },
{ "type": "Feature", "properties": { "co_cnes": 3171043, "no_fantasia": "FISIOCLINICA RIO GRANDE LTDA", "municipio": "Rio Grande", "tp_unidade": 16.0, "tp_unidade_label": "Ambulatorio", "rua": "RUA BARAO DE COTEGIPE", "numero": "476", "complemento": null, "bairro": "CENTRO", "cep": 96200290, "vinc_sus": null, "leitos_total": 0, "qtd_profissionais": 0, "endereco_geocode": "RUA BARAO DE COTEGIPE, 476, CENTRO, 96200290, Rio Grande - RS", "co_tipo_estabelecimento": "Ambulatório", "no_razao_social": "FISIOCLINICA RIO GRANDE LTDA", "staff_acs_endemias": 0, "staff_admin_gestao_apoio": 0, "staff_diag_lab_imagem": 0, "staff_enfermagem": 0, "staff_farmacia": 0, "staff_medicos": 0, "staff_odontologia": 0, "staff_outros": 0, "staff_outros_superior_saude": 0, "staff_servicos_gerais": 0, "staff_transporte_urgencia": 0 }, "geometry": { "type": "Point", "coordinates": [ -52.099, -32.035 ] } },
{ "type": "Feature", "properties": { "co_cnes": 6364845, "no_fantasia": "CLEIDER MOREIRA", "municipio": "Rio Grande", "tp_unidade": 16.0, "tp_unidade_label": "Ambulatorio", "rua": "LUIZ LOREA", "numero": "359", "complemento": "302", "bairro": "CENTRO", "cep": 96200350, "vinc_sus": null, "leitos_total": 0, "qtd_profissionais": 0, "endereco_geocode": "LUIZ LOREA, 359, CENTRO, 96200350, Rio Grande - RS", "co_tipo_estabelecimento": "Ambulatório", "no_razao_social": "CLEIDER MOREIRA", "staff_acs_endemias": 0, "staff_admin_gestao_apoio": 0, "staff_diag_lab_imagem": 0, "staff_enfermagem": 0, "staff_farmacia": 0, "staff_medicos": 0, "staff_odontologia": 0, "staff_outros": 0, "staff_outros_superior_saude": 0, "staff_servicos_gerais": 0, "staff_transporte_urgencia": 0 }, "geometry": { "type": "Point", "coordinates": [ -52.099, -32.035 ] } },
{ "type": "Feature", "properties": { "co_cnes": 3983366, "no_fantasia": "ANDERSON PEREIRA ZEDRADEK", "municipio": "Rio Grande", "tp_unidade": 16.0, "tp_unidade_label": "Ambulatorio", "rua": "RUA REPUBLICA DO LIBANO", "numero": "308", "complemento": "SALA 101", "bairro": "CENTRO", "cep": 96200360, "vinc_sus": 0.0, "leitos_total": 0, "qtd_profissionais": 1, "endereco_geocode": "RUA REPUBLICA DO LIBANO, 308, CENTRO, 96200360, Rio Grande - RS", "co_tipo_estabelecimento": "Ambulatório", "no_razao_social": "ANDERSON PEREIRA ZEDRADEK", "staff_acs_endemias": 0, "staff_admin_gestao_apoio": 0, "staff_diag_lab_imagem": 0, "staff_enfermagem": 0, "staff_farmacia": 0, "staff_medicos": 0, "staff_odontologia": 1, "staff_outros": 0, "staff_outros_superior_saude": 0, "staff_servicos_gerais": 0, "staff_transporte_urgencia": 0 }, "geometry": { "type": "Point", "coordinates": [ -52.099, -32.035 ] } },
{ "type": "Feature", "properties": { "co_cnes": 3983412, "no_fantasia": "CLODOALDO MACHADO COELHO", "municipio": "Rio Grande", "tp_unidade": 16.0, "tp_unidade_label": "Ambulatorio", "rua": "RUA 19 DE FEVEREIRO", "numero": "558", "complemento": null, "bairro": "CENTRO", "cep": 96200490, "vinc_sus": null, "leitos_total": 0, "qtd_profissionais": 0, "endereco_geocode": "RUA 19 DE FEVEREIRO, 558, CENTRO, 96200490, Rio Grande - RS", "co_tipo_estabelecimento": "Ambulatório", "no_razao_social": "CLODOALDO MACHADO COELHO", "staff_acs_endemias": 0, "staff_admin_gestao_apoio": 0, "staff_diag_lab_imagem": 0, "staff_enfermagem": 0, "staff_farmacia": 0, "staff_medicos": 0, "staff_odontologia": 0, "staff_outros": 0, "staff_outros_superior_saude": 0, "staff_servicos_gerais": 0, "staff_transporte_urgencia": 0 }, "geometry": { "type": "Point", "coordinates": [ -52.099, -32.035 ] } },
{ "type": "Feature", "properties": { "co_cnes": 6614779, "no_fantasia": "ALBA VARELLA", "municipio": "Rio Grande", "tp_unidade": 16.0, "tp_unidade_label": "Ambulatorio", "rua": "TRAVESSA DO AFONSO", "numero": "48", "complemento": "SALA 24", "bairro": "CENTRO", "cep": 96200110, "vinc_sus": 0.0, "leitos_total": 0, "qtd_profissionais": 1, "endereco_geocode": "TRAVESSA DO AFONSO, 048, CENTRO, 96200110, Rio Grande - RS", "co_tipo_estabelecimento": "Ambulatório", "no_razao_social": "ALBA VARELLA", "staff_acs_endemias": 0, "staff_admin_gestao_apoio": 0, "staff_diag_lab_imagem": 0, "staff_enfermagem": 0, "staff_farmacia": 0, "staff_medicos": 0, "staff_odontologia": 0, "staff_outros": 1, "staff_outros_superior_saude": 0, "staff_servicos_gerais": 0, "staff_transporte_urgencia": 0 }, "geometry": { "type": "Point", "coordinates": [ -52.099, -32.035 ] } },
{ "type": "Feature", "properties": { "co_cnes": 2817829, "no_fantasia": "CAPS CONVIVER RIO GRANDE", "municipio": "Rio Grande", "tp_unidade": 16.0, "tp_unidade_label": "Ambulatorio", "rua": "RUA CONDE DE PORTO ALEGRE", "numero": "193", "complemento": "A", "bairro": "CENTRO", "cep": 96200330, "vinc_sus": 1.0, "leitos_total": 0, "qtd_profissionais": 40, "endereco_geocode": "RUA CONDE DE PORTO ALEGRE, 193, CENTRO, 96200330, Rio Grande - RS", "co_tipo_estabelecimento": "Ambulatório", "no_razao_social": "CAPS CONVIVER RIO GRANDE", "staff_acs_endemias": 0, "staff_admin_gestao_apoio": 2, "staff_diag_lab_imagem": 0, "staff_enfermagem": 11, "staff_farmacia": 0, "staff_medicos": 2, "staff_odontologia": 0, "staff_outros": 9, "staff_outros_superior_saude": 1, "staff_servicos_gerais": 15, "staff_transporte_urgencia": 0 }, "geometry": { "type": "Point", "coordinates": [ -52.0931383, -32.034483 ] } },
{ "type": "Feature", "properties": { "co_cnes": 2817853, "no_fantasia": "CENTRO DE SAUDE DR PEDRO ARMANDO GATTI", "municipio": "Rio Grande", "tp_unidade": 1.0, "tp_unidade_label": "Unidade Basica de Saude", "rua": "RUA DOS VELEIROS", "numero": "300", "complemento": null, "bairro": "PARQUE MARINHA", "cep": 96201220, "vinc_sus": 1.0, "leitos_total": 0, "qtd_profissionais": 124, "endereco_geocode": "RUA DOS VELEIROS, 300, PARQUE MARINHA, 96201220, Rio Grande - RS", "co_tipo_estabelecimento": "Unidade Básica de Saúde", "no_razao_social": "CENTRO DE SAUDE DR PEDRO ARMANDO GATTI", "staff_acs_endemias": 0, "staff_admin_gestao_apoio": 0, "staff_diag_lab_imagem": 0, "staff_enfermagem": 33, "staff_farmacia": 0, "staff_medicos": 78, "staff_odontologia": 3, "staff_outros": 7, "staff_outros_superior_saude": 1, "staff_servicos_gerais": 2, "staff_transporte_urgencia": 0 }, "geometry": { "type": "Point", "coordinates": [ -52.099, -32.035 ] } },
{ "type": "Feature", "properties": { "co_cnes": 6303544, "no_fantasia": "SERGIO AMARAL", "municipio": "Rio Grande", "tp_unidade": 16.0, "tp_unidade_label": "Ambulatorio", "rua": "RUA 19 DE FEVEREIRO", "numero": "578", "complemento": "1", "bairro": "CENTRO", "cep": 96200490, "vinc_sus": null, "leitos_total": 0, "qtd_profissionais": 0, "endereco_geocode": "RUA 19 DE FEVEREIRO, 578, CENTRO, 96200490, Rio Grande - RS", "co_tipo_estabelecimento": "Ambulatório", "no_razao_social": "SERGIO AMARAL", "staff_acs_endemias": 0, "staff_admin_gestao_apoio": 0, "staff_diag_lab_imagem": 0, "staff_enfermagem": 0, "staff_farmacia": 0, "staff_medicos": 0, "staff_odontologia": 0, "staff_outros": 0, "staff_outros_superior_saude": 0, "staff_servicos_gerais": 0, "staff_transporte_urgencia": 0 }, "geometry": { "type": "Point", "coordinates": [ -52.099, -32.035 ] } },
{ "type": "Feature", "properties": { "co_cnes": 6303587, "no_fantasia": "CHRISTIANE VENSKE", "municipio": "Rio Grande", "tp_unidade": 16.0, "tp_unidade_label": "Ambulatorio", "rua": "GOMES FREIRE", "numero": "728", "complemento": "CJ 102", "bairro": "CENTRO", "cep": 96200470, "vinc_sus": 0.0, "leitos_total": 0, "qtd_profissionais": 1, "endereco_geocode": "GOMES FREIRE, 728, CENTRO, 96200470, Rio Grande - RS", "co_tipo_estabelecimento": "Ambulatório", "no_razao_social": "CHRISTIANE VENSKE", "staff_acs_endemias": 0, "staff_admin_gestao_apoio": 0, "staff_diag_lab_imagem": 0, "staff_enfermagem": 0, "staff_farmacia": 0, "staff_medicos": 1, "staff_odontologia": 0, "staff_outros": 0, "staff_outros_superior_saude": 0, "staff_servicos_gerais": 0, "staff_transporte_urgencia": 0 }, "geometry": { "type": "Point", "coordinates": [ -52.10390567779541, -32.03312778630098 ] } },
{ "type": "Feature", "properties": { "co_cnes": 5273250, "no_fantasia": "CLINICA YOUNAN", "municipio": "Rio Grande", "tp_unidade": 16.0, "tp_unidade_label": "Ambulatorio", "rua": "VISCONDE DE PARANAGUA", "numero": "224", "complemento": null, "bairro": "CENTRO", "cep": 96200190, "vinc_sus": null, "leitos_total": 0, "qtd_profissionais": 0, "endereco_geocode": "VISCONDE DE PARANAGUA, 224, CENTRO, 96200190, Rio Grande - RS", "co_tipo_estabelecimento": "Ambulatório", "no_razao_social": "CLINICA YOUNAN", "staff_acs_endemias": 0, "staff_admin_gestao_apoio": 0, "staff_diag_lab_imagem": 0, "staff_enfermagem": 0, "staff_farmacia": 0, "staff_medicos": 0, "staff_odontologia": 0, "staff_outros": 0, "staff_outros_superior_saude": 0, "staff_servicos_gerais": 0, "staff_transporte_urgencia": 0 }, "geometry": { "type": "Point", "coordinates": [ -52.099, -32.035 ] } },
{ "type": "Feature", "properties": { "co_cnes": 5295440, "no_fantasia": "ANA LUCIA HENTSCH CHAVES", "municipio": "Rio Grande", "tp_unidade": 16.0, "tp_unidade_label": "Ambulatorio", "rua": "MARECHAL FLORIANO PEIXOTO", "numero": "506", "complemento": null, "bairro": "CENTRO", "cep": 96200380, "vinc_sus": 0.0, "leitos_total": 0, "qtd_profissionais": 1, "endereco_geocode": "MARECHAL FLORIANO PEIXOTO, 506, CENTRO, 96200380, Rio Grande - RS", "co_tipo_estabelecimento": "Ambulatório", "no_razao_social": "ANA LUCIA HENTSCH CHAVES", "staff_acs_endemias": 0, "staff_admin_gestao_apoio": 0, "staff_diag_lab_imagem": 0, "staff_enfermagem": 0, "staff_farmacia": 0, "staff_medicos": 1, "staff_odontologia": 0, "staff_outros": 0, "staff_outros_superior_saude": 0, "staff_servicos_gerais": 0, "staff_transporte_urgencia": 0 }, "geometry": { "type": "Point", "coordinates": [ -52.099, -32.035 ] } },
{ "type": "Feature", "properties": { "co_cnes": 6206883, "no_fantasia": "CLARICE LAGES DE LA ROCHA", "municipio": "Rio Grande", "tp_unidade": 16.0, "tp_unidade_label": "Ambulatorio", "rua": "RUA GAL ABREU", "numero": "131", "complemento": null, "bairro": "CIDADE NOVA", "cep": 96211102, "vinc_sus": null, "leitos_total": 0, "qtd_profissionais": 0, "endereco_geocode": "RUA GAL ABREU, 131, CIDADE NOVA, 96211102, Rio Grande - RS", "co_tipo_estabelecimento": "Ambulatório", "no_razao_social": "CLARICE LAGES DE LA ROCHA", "staff_acs_endemias": 0, "staff_admin_gestao_apoio": 0, "staff_diag_lab_imagem": 0, "staff_enfermagem": 0, "staff_farmacia": 0, "staff_medicos": 0, "staff_odontologia": 0, "staff_outros": 0, "staff_outros_superior_saude": 0, "staff_servicos_gerais": 0, "staff_transporte_urgencia": 0 }, "geometry": { "type": "Point", "coordinates": [ -52.099, -32.035 ] } },
{ "type": "Feature", "properties": { "co_cnes": 6206921, "no_fantasia": "POLICLINICA DO RIO GRANDE", "municipio": "Rio Grande", "tp_unidade": 16.0, "tp_unidade_label": "Ambulatorio", "rua": "RUA GENERAL CANABARRO", "numero": "506", "complemento": null, "bairro": "CENTRO", "cep": 96200200, "vinc_sus": 0.0, "leitos_total": 0, "qtd_profissionais": 5, "endereco_geocode": "RUA GENERAL CANABARRO, 506, CENTRO, 96200200, Rio Grande - RS", "co_tipo_estabelecimento": "Ambulatório", "no_razao_social": "POLICLINICA DO RIO GRANDE", "staff_acs_endemias": 0, "staff_admin_gestao_apoio": 1, "staff_diag_lab_imagem": 0, "staff_enfermagem": 1, "staff_farmacia": 0, "staff_medicos": 2, "staff_odontologia": 0, "staff_outros": 1, "staff_outros_superior_saude": 0, "staff_servicos_gerais": 0, "staff_transporte_urgencia": 0 }, "geometry": { "type": "Point", "coordinates": [ -52.101716995239258, -32.037657123834329 ] } },
{ "type": "Feature", "properties": { "co_cnes": 5986249, "no_fantasia": "TATIANA BURATTI", "municipio": "Rio Grande", "tp_unidade": 16.0, "tp_unidade_label": "Ambulatorio", "rua": "ZALONY", "numero": "160", "complemento": "305", "bairro": "CENTRO", "cep": 96210000, "vinc_sus": null, "leitos_total": 0, "qtd_profissionais": 0, "endereco_geocode": "ZALONY, 160, CENTRO, 96210000, Rio Grande - RS", "co_tipo_estabelecimento": "Ambulatório", "no_razao_social": "TATIANA BURATTI", "staff_acs_endemias": 0, "staff_admin_gestao_apoio": 0, "staff_diag_lab_imagem": 0, "staff_enfermagem": 0, "staff_farmacia": 0, "staff_medicos": 0, "staff_odontologia": 0, "staff_outros": 0, "staff_outros_superior_saude": 0, "staff_servicos_gerais": 0, "staff_transporte_urgencia": 0 }, "geometry": { "type": "Point", "coordinates": [ -52.099, -32.035 ] } },
{ "type": "Feature", "properties": { "co_cnes": 5076129, "no_fantasia": "ROBERTA RUSSOMANNO", "municipio": "Rio Grande", "tp_unidade": 16.0, "tp_unidade_label": "Ambulatorio", "rua": "RUA AQUIDABAN", "numero": "627", "complemento": null, "bairro": "CENTRO", "cep": 96200480, "vinc_sus": 0.0, "leitos_total": 0, "qtd_profissionais": 1, "endereco_geocode": "RUA AQUIDABAN, 627, CENTRO, 96200480, Rio Grande - RS", "co_tipo_estabelecimento": "Ambulatório", "no_razao_social": "ROBERTA RUSSOMANNO", "staff_acs_endemias": 0, "staff_admin_gestao_apoio": 0, "staff_diag_lab_imagem": 0, "staff_enfermagem": 0, "staff_farmacia": 0, "staff_medicos": 0, "staff_odontologia": 1, "staff_outros": 0, "staff_outros_superior_saude": 0, "staff_servicos_gerais": 0, "staff_transporte_urgencia": 0 }, "geometry": { "type": "Point", "coordinates": [ -52.099, -32.035 ] } },
{ "type": "Feature", "properties": { "co_cnes": 5098548, "no_fantasia": "VERA REGINA MORALLES ALONSO", "municipio": "Rio Grande", "tp_unidade": 16.0, "tp_unidade_label": "Ambulatorio", "rua": "RUA LISBOA", "numero": "114", "complemento": null, "bairro": "CASSINO", "cep": 96205220, "vinc_sus": 0.0, "leitos_total": 0, "qtd_profissionais": 1, "endereco_geocode": "RUA LISBOA, 114, CASSINO, 96205220, Rio Grande - RS", "co_tipo_estabelecimento": "Ambulatório", "no_razao_social": "VERA REGINA MORALLES ALONSO", "staff_acs_endemias": 0, "staff_admin_gestao_apoio": 0, "staff_diag_lab_imagem": 0, "staff_enfermagem": 0, "staff_farmacia": 0, "staff_medicos": 0, "staff_odontologia": 0, "staff_outros": 1, "staff_outros_superior_saude": 0, "staff_servicos_gerais": 0, "staff_transporte_urgencia": 0 }, "geometry": { "type": "Point", "coordinates": [ -52.099, -32.035 ] } },
{ "type": "Feature", "properties": { "co_cnes": 2818515, "no_fantasia": "POSTO DE SAUDE DA JUNCAO", "municipio": "Rio Grande", "tp_unidade": 1.0, "tp_unidade_label": "Unidade Basica de Saude", "rua": "SATURNINO DE BRITTO", "numero": "497", "complemento": null, "bairro": "JUNCAO", "cep": 96201220, "vinc_sus": 1.0, "leitos_total": 0, "qtd_profissionais": 11, "endereco_geocode": "SATURNINO DE BRITTO, 497, JUNCAO, 96201220, Rio Grande - RS", "co_tipo_estabelecimento": "Unidade Básica de Saúde", "no_razao_social": "POSTO DE SAUDE DA JUNCAO", "staff_acs_endemias": 0, "staff_admin_gestao_apoio": 1, "staff_diag_lab_imagem": 0, "staff_enfermagem": 5, "staff_farmacia": 0, "staff_medicos": 4, "staff_odontologia": 0, "staff_outros": 1, "staff_outros_superior_saude": 0, "staff_servicos_gerais": 0, "staff_transporte_urgencia": 0 }, "geometry": { "type": "Point", "coordinates": [ -52.099, -32.035 ] } },
{ "type": "Feature", "properties": { "co_cnes": 2818531, "no_fantasia": "POSTO DE SAUDE DO PARQUE SAO PEDRO", "municipio": "Rio Grande", "tp_unidade": 1.0, "tp_unidade_label": "Unidade Basica de Saude", "rua": "RUA FRANCISCO FURTADO GOMES", "numero": "198", "complemento": null, "bairro": "PARQUE SAO PEDRO", "cep": 96201220, "vinc_sus": 1.0, "leitos_total": 0, "qtd_profissionais": 8, "endereco_geocode": "RUA FRANCISCO FURTADO GOMES, 198, PARQUE SAO PEDRO, 96201220, Rio Grande - RS", "co_tipo_estabelecimento": "Unidade Básica de Saúde", "no_razao_social": "POSTO DE SAUDE DO PARQUE SAO PEDRO", "staff_acs_endemias": 0, "staff_admin_gestao_apoio": 0, "staff_diag_lab_imagem": 0, "staff_enfermagem": 6, "staff_farmacia": 0, "staff_medicos": 1, "staff_odontologia": 0, "staff_outros": 1, "staff_outros_superior_saude": 0, "staff_servicos_gerais": 0, "staff_transporte_urgencia": 0 }, "geometry": { "type": "Point", "coordinates": [ -52.099, -32.035 ] } },
{ "type": "Feature", "properties": { "co_cnes": 664502, "no_fantasia": "CLINICA DRA VIVIAN BERTOGLIO", "municipio": "Rio Grande", "tp_unidade": 16.0, "tp_unidade_label": "Ambulatorio", "rua": "RUA BARAO DE COTEGIPE", "numero": "443", "complemento": null, "bairro": "CENTRO", "cep": 96200290, "vinc_sus": 0.0, "leitos_total": 0, "qtd_profissionais": 4, "endereco_geocode": "RUA BARAO DE COTEGIPE, 443, CENTRO, 96200290, Rio Grande - RS", "co_tipo_estabelecimento": "Ambulatório", "no_razao_social": "CLINICA DRA VIVIAN BERTOGLIO", "staff_acs_endemias": 0, "staff_admin_gestao_apoio": 0, "staff_diag_lab_imagem": 0, "staff_enfermagem": 0, "staff_farmacia": 0, "staff_medicos": 0, "staff_odontologia": 4, "staff_outros": 0, "staff_outros_superior_saude": 0, "staff_servicos_gerais": 0, "staff_transporte_urgencia": 0 }, "geometry": { "type": "Point", "coordinates": [ -52.0977644, -32.037279 ] } },
{ "type": "Feature", "properties": { "co_cnes": 804762, "no_fantasia": "GASTROCLINICA", "municipio": "Rio Grande", "tp_unidade": 16.0, "tp_unidade_label": "Ambulatorio", "rua": "RUA GENERAL VITORINO", "numero": "690", "complemento": null, "bairro": "CENTRO", "cep": 96200310, "vinc_sus": 0.0, "leitos_total": 0, "qtd_profissionais": 1, "endereco_geocode": "RUA GENERAL VITORINO, 690, CENTRO, 96200310, Rio Grande - RS", "co_tipo_estabelecimento": "Ambulatório", "no_razao_social": "GASTROCLINICA", "staff_acs_endemias": 0, "staff_admin_gestao_apoio": 0, "staff_diag_lab_imagem": 0, "staff_enfermagem": 0, "staff_farmacia": 0, "staff_medicos": 1, "staff_odontologia": 0, "staff_outros": 0, "staff_outros_superior_saude": 0, "staff_servicos_gerais": 0, "staff_transporte_urgencia": 0 }, "geometry": { "type": "Point", "coordinates": [ -52.0935215, -32.0361452 ] } },
{ "type": "Feature", "properties": { "co_cnes": 9658971, "no_fantasia": "I A A INSTITUTO DE ANESTESIA E ANALGESIA E SERVICOS MEDICOS", "municipio": "Rio Grande", "tp_unidade": 16.0, "tp_unidade_label": "Ambulatorio", "rua": "RUA DOM BOSCO", "numero": "26", "complemento": "APTO 701", "bairro": "CIDADE NOVA", "cep": 96211090, "vinc_sus": 0.0, "leitos_total": 0, "qtd_profissionais": 1, "endereco_geocode": "RUA DOM BOSCO, 26, CIDADE NOVA, 96211090, Rio Grande - RS", "co_tipo_estabelecimento": "Ambulatório", "no_razao_social": "I A A INSTITUTO DE ANESTESIA E ANALGESIA E SERVICOS MEDICOS", "staff_acs_endemias": 0, "staff_admin_gestao_apoio": 0, "staff_diag_lab_imagem": 0, "staff_enfermagem": 0, "staff_farmacia": 0, "staff_medicos": 1, "staff_odontologia": 0, "staff_outros": 0, "staff_outros_superior_saude": 0, "staff_servicos_gerais": 0, "staff_transporte_urgencia": 0 }, "geometry": { "type": "Point", "coordinates": [ -52.099, -32.035 ] } },
{ "type": "Feature", "properties": { "co_cnes": 9109870, "no_fantasia": "ROSANA GOMES SOUZA", "municipio": "Rio Grande", "tp_unidade": 16.0, "tp_unidade_label": "Ambulatorio", "rua": "DOUTOR LUIZ AMARO FARAL", "numero": "90", "complemento": null, "bairro": "PARQUE RESIDENCIAL S", "cep": 96216210, "vinc_sus": 0.0, "leitos_total": 0, "qtd_profissionais": 1, "endereco_geocode": "DOUTOR LUIZ AMARO FARAL, 90, PARQUE RESIDENCIAL S, 96216210, Rio Grande - RS", "co_tipo_estabelecimento": "Ambulatório", "no_razao_social": "ROSANA GOMES SOUZA", "staff_acs_endemias": 0, "staff_admin_gestao_apoio": 0, "staff_diag_lab_imagem": 0, "staff_enfermagem": 0, "staff_farmacia": 0, "staff_medicos": 0, "staff_odontologia": 0, "staff_outros": 0, "staff_outros_superior_saude": 1, "staff_servicos_gerais": 0, "staff_transporte_urgencia": 0 }, "geometry": { "type": "Point", "coordinates": [ -52.099, -32.035 ] } },
{ "type": "Feature", "properties": { "co_cnes": 9146733, "no_fantasia": "DR THOME SERVICOS MEDICOS", "municipio": "Rio Grande", "tp_unidade": 16.0, "tp_unidade_label": "Ambulatorio", "rua": "BARAO DO COTEGIPE", "numero": "443", "complemento": "SALA 804 806", "bairro": "CENTRO", "cep": 96200290, "vinc_sus": 0.0, "leitos_total": 0, "qtd_profissionais": 2, "endereco_geocode": "BARAO DO COTEGIPE, 443, CENTRO, 96200290, Rio Grande - RS", "co_tipo_estabelecimento": "Ambulatório", "no_razao_social": "DR THOME SERVICOS MEDICOS", "staff_acs_endemias": 0, "staff_admin_gestao_apoio": 1, "staff_diag_lab_imagem": 0, "staff_enfermagem": 0, "staff_farmacia": 0, "staff_medicos": 1, "staff_odontologia": 0, "staff_outros": 0, "staff_outros_superior_saude": 0, "staff_servicos_gerais": 0, "staff_transporte_urgencia": 0 }, "geometry": { "type": "Point", "coordinates": [ -52.09892749786377, -32.037147811918643 ] } },
{ "type": "Feature", "properties": { "co_cnes": 3919277, "no_fantasia": "CENTROIMAGEM", "municipio": "Rio Grande", "tp_unidade": 16.0, "tp_unidade_label": "Ambulatorio", "rua": "RUA GENERAL CANABARRO", "numero": "210", "complemento": null, "bairro": "CENTRO", "cep": 96200200, "vinc_sus": 0.0, "leitos_total": 0, "qtd_profissionais": 1, "endereco_geocode": "RUA GENERAL CANABARRO, 210, CENTRO, 96200200, Rio Grande - RS", "co_tipo_estabelecimento": "Ambulatório", "no_razao_social": "CENTROIMAGEM", "staff_acs_endemias": 0, "staff_admin_gestao_apoio": 0, "staff_diag_lab_imagem": 0, "staff_enfermagem": 0, "staff_farmacia": 0, "staff_medicos": 1, "staff_odontologia": 0, "staff_outros": 0, "staff_outros_superior_saude": 0, "staff_servicos_gerais": 0, "staff_transporte_urgencia": 0 }, "geometry": { "type": "Point", "coordinates": [ -52.099, -32.035 ] } },
{ "type": "Feature", "properties": { "co_cnes": 9109927, "no_fantasia": "CLINICA ARTESAUDE", "municipio": "Rio Grande", "tp_unidade": 16.0, "tp_unidade_label": "Ambulatorio", "rua": "BUARQUE DE MACEDO", "numero": "207", "complemento": null, "bairro": "CIDADE NOVA", "cep": 96200210, "vinc_sus": 0.0, "leitos_total": 0, "qtd_profissionais": 1, "endereco_geocode": "BUARQUE DE MACEDO, 207, CIDADE NOVA, 96200210, Rio Grande - RS", "co_tipo_estabelecimento": "Ambulatório", "no_razao_social": "CLINICA ARTESAUDE", "staff_acs_endemias": 0, "staff_admin_gestao_apoio": 0, "staff_diag_lab_imagem": 0, "staff_enfermagem": 0, "staff_farmacia": 0, "staff_medicos": 0, "staff_odontologia": 0, "staff_outros": 0, "staff_outros_superior_saude": 1, "staff_servicos_gerais": 0, "staff_transporte_urgencia": 0 }, "geometry": { "type": "Point", "coordinates": [ -52.108364953975112, -32.042435816907407 ] } },
{ "type": "Feature", "properties": { "co_cnes": 9436480, "no_fantasia": "ENDOCOR RG SERVICOS MEDICOS", "municipio": "Rio Grande", "tp_unidade": 16.0, "tp_unidade_label": "Ambulatorio", "rua": "GENERAL NETO", "numero": "319", "complemento": "SALA 101 102", "bairro": "CENTRO", "cep": 96200010, "vinc_sus": 0.0, "leitos_total": 0, "qtd_profissionais": 3, "endereco_geocode": "GENERAL NETO, 319, CENTRO, 96200010, Rio Grande - RS", "co_tipo_estabelecimento": "Ambulatório", "no_razao_social": "ENDOCOR RG SERVICOS MEDICOS", "staff_acs_endemias": 0, "staff_admin_gestao_apoio": 1, "staff_diag_lab_imagem": 0, "staff_enfermagem": 0, "staff_farmacia": 0, "staff_medicos": 2, "staff_odontologia": 0, "staff_outros": 0, "staff_outros_superior_saude": 0, "staff_servicos_gerais": 0, "staff_transporte_urgencia": 0 }, "geometry": { "type": "Point", "coordinates": [ -52.099, -32.035 ] } },
{ "type": "Feature", "properties": { "co_cnes": 7521863, "no_fantasia": "CONSULTORIO DE PSICOLOGIA FELIPE ZENOBINI", "municipio": "Rio Grande", "tp_unidade": 16.0, "tp_unidade_label": "Ambulatorio", "rua": "RUA ZALONY", "numero": "265", "complemento": null, "bairro": "RIO GRANDE", "cep": 96200070, "vinc_sus": null, "leitos_total": 0, "qtd_profissionais": 0, "endereco_geocode": "RUA ZALONY, 265, RIO GRANDE, 96200070, Rio Grande - RS", "co_tipo_estabelecimento": "Ambulatório", "no_razao_social": "CONSULTORIO DE PSICOLOGIA FELIPE ZENOBINI", "staff_acs_endemias": 0, "staff_admin_gestao_apoio": 0, "staff_diag_lab_imagem": 0, "staff_enfermagem": 0, "staff_farmacia": 0, "staff_medicos": 0, "staff_odontologia": 0, "staff_outros": 0, "staff_outros_superior_saude": 0, "staff_servicos_gerais": 0, "staff_transporte_urgencia": 0 }, "geometry": { "type": "Point", "coordinates": [ -52.099, -32.035 ] } },
{ "type": "Feature", "properties": { "co_cnes": 7904290, "no_fantasia": "CINTIA COCH SILVEIRA", "municipio": "Rio Grande", "tp_unidade": 16.0, "tp_unidade_label": "Ambulatorio", "rua": "QUINZE DE NOVEMBRO", "numero": "428", "complemento": "AP 602", "bairro": "MIGUEL DE CASTRO MOR", "cep": 96211590, "vinc_sus": null, "leitos_total": 0, "qtd_profissionais": 0, "endereco_geocode": "QUINZE DE NOVEMBRO, 428, MIGUEL DE CASTRO MOR, 96211590, Rio Grande - RS", "co_tipo_estabelecimento": "Ambulatório", "no_razao_social": "CINTIA COCH SILVEIRA", "staff_acs_endemias": 0, "staff_admin_gestao_apoio": 0, "staff_diag_lab_imagem": 0, "staff_enfermagem": 0, "staff_farmacia": 0, "staff_medicos": 0, "staff_odontologia": 0, "staff_outros": 0, "staff_outros_superior_saude": 0, "staff_servicos_gerais": 0, "staff_transporte_urgencia": 0 }, "geometry": { "type": "Point", "coordinates": [ -52.099, -32.035 ] } },
{ "type": "Feature", "properties": { "co_cnes": 9463941, "no_fantasia": "AUAD SABER SHAMAH CONSULTORIO ODONTOLOGICO", "municipio": "Rio Grande", "tp_unidade": 16.0, "tp_unidade_label": "Ambulatorio", "rua": "GENERAL NETO", "numero": "345", "complemento": null, "bairro": "CENTRO", "cep": 96200010, "vinc_sus": 0.0, "leitos_total": 0, "qtd_profissionais": 1, "endereco_geocode": "GENERAL NETO, 345, CENTRO, 96200010, Rio Grande - RS", "co_tipo_estabelecimento": "Ambulatório", "no_razao_social": "AUAD SABER SHAMAH CONSULTORIO ODONTOLOGICO", "staff_acs_endemias": 0, "staff_admin_gestao_apoio": 0, "staff_diag_lab_imagem": 0, "staff_enfermagem": 0, "staff_farmacia": 0, "staff_medicos": 0, "staff_odontologia": 1, "staff_outros": 0, "staff_outros_superior_saude": 0, "staff_servicos_gerais": 0, "staff_transporte_urgencia": 0 }, "geometry": { "type": "Point", "coordinates": [ -52.099, -32.035 ] } },
{ "type": "Feature", "properties": { "co_cnes": 9574379, "no_fantasia": "ENDOCENTRO CARDIOLOGIA", "municipio": "Rio Grande", "tp_unidade": 16.0, "tp_unidade_label": "Ambulatorio", "rua": "AVENIDA PRESIDENTE VARGAS", "numero": "334", "complemento": null, "bairro": "JUNCAO", "cep": 96202336, "vinc_sus": null, "leitos_total": 0, "qtd_profissionais": 0, "endereco_geocode": "AVENIDA PRESIDENTE VARGAS, 334, JUNCAO, 96202336, Rio Grande - RS", "co_tipo_estabelecimento": "Ambulatório", "no_razao_social": "ENDOCENTRO CARDIOLOGIA", "staff_acs_endemias": 0, "staff_admin_gestao_apoio": 0, "staff_diag_lab_imagem": 0, "staff_enfermagem": 0, "staff_farmacia": 0, "staff_medicos": 0, "staff_odontologia": 0, "staff_outros": 0, "staff_outros_superior_saude": 0, "staff_servicos_gerais": 0, "staff_transporte_urgencia": 0 }, "geometry": { "type": "Point", "coordinates": [ -52.1115377, -32.0478763 ] } },
{ "type": "Feature", "properties": { "co_cnes": 9651578, "no_fantasia": "ALEXANDRE PRANDINI", "municipio": "Rio Grande", "tp_unidade": 16.0, "tp_unidade_label": "Ambulatorio", "rua": "AVENIDA ATLANTICA", "numero": "269", "complemento": null, "bairro": "CASSINIO", "cep": 96207424, "vinc_sus": 0.0, "leitos_total": 0, "qtd_profissionais": 1, "endereco_geocode": "AVENIDA ATLANTICA, 269, CASSINIO, 96207424, Rio Grande - RS", "co_tipo_estabelecimento": "Ambulatório", "no_razao_social": "ALEXANDRE PRANDINI", "staff_acs_endemias": 0, "staff_admin_gestao_apoio": 0, "staff_diag_lab_imagem": 0, "staff_enfermagem": 0, "staff_farmacia": 0, "staff_medicos": 1, "staff_odontologia": 0, "staff_outros": 0, "staff_outros_superior_saude": 0, "staff_servicos_gerais": 0, "staff_transporte_urgencia": 0 }, "geometry": { "type": "Point", "coordinates": [ -52.099, -32.035 ] } },
{ "type": "Feature", "properties": { "co_cnes": 9625798, "no_fantasia": "CAMILA BRITTO RODRIGUES", "municipio": "Rio Grande", "tp_unidade": 16.0, "tp_unidade_label": "Ambulatorio", "rua": "BARAO DE COTEGIPE", "numero": "443", "complemento": "SALA 1001", "bairro": "CENTRO", "cep": 96200290, "vinc_sus": 0.0, "leitos_total": 0, "qtd_profissionais": 1, "endereco_geocode": "BARAO DE COTEGIPE, 443, CENTRO, 96200290, Rio Grande - RS", "co_tipo_estabelecimento": "Ambulatório", "no_razao_social": "CAMILA BRITTO RODRIGUES", "staff_acs_endemias": 0, "staff_admin_gestao_apoio": 0, "staff_diag_lab_imagem": 0, "staff_enfermagem": 0, "staff_farmacia": 0, "staff_medicos": 1, "staff_odontologia": 0, "staff_outros": 0, "staff_outros_superior_saude": 0, "staff_servicos_gerais": 0, "staff_transporte_urgencia": 0 }, "geometry": { "type": "Point", "coordinates": [ -52.099, -32.035 ] } },
{ "type": "Feature", "properties": { "co_cnes": 262129, "no_fantasia": "SUPPORT LIFE", "municipio": "Rio Grande", "tp_unidade": 16.0, "tp_unidade_label": "Ambulatorio", "rua": "ZALONY", "numero": "479", "complemento": null, "bairro": "CENTRO", "cep": 96200070, "vinc_sus": 0.0, "leitos_total": 0, "qtd_profissionais": 3, "endereco_geocode": "ZALONY, 479, CENTRO, 96200070, Rio Grande - RS", "co_tipo_estabelecimento": "Ambulatório", "no_razao_social": "SUPPORT LIFE", "staff_acs_endemias": 0, "staff_admin_gestao_apoio": 0, "staff_diag_lab_imagem": 0, "staff_enfermagem": 2, "staff_farmacia": 0, "staff_medicos": 0, "staff_odontologia": 0, "staff_outros": 1, "staff_outros_superior_saude": 0, "staff_servicos_gerais": 0, "staff_transporte_urgencia": 0 }, "geometry": { "type": "Point", "coordinates": [ -52.0956658, -32.0367217 ] } },
{ "type": "Feature", "properties": { "co_cnes": 9479406, "no_fantasia": "AMANDA GAGO DA SILVA RAMOS CONSULTORIO DE PSICOLOGIA", "municipio": "Rio Grande", "tp_unidade": 16.0, "tp_unidade_label": "Ambulatorio", "rua": "BENJAMIN CONSTANT", "numero": "208", "complemento": "SALA 202", "bairro": "CENTRO", "cep": 96200360, "vinc_sus": 0.0, "leitos_total": 0, "qtd_profissionais": 1, "endereco_geocode": "BENJAMIN CONSTANT, 208, CENTRO, 96200360, Rio Grande - RS", "co_tipo_estabelecimento": "Ambulatório", "no_razao_social": "AMANDA GAGO DA SILVA RAMOS CONSULTORIO DE PSICOLOGIA", "staff_acs_endemias": 0, "staff_admin_gestao_apoio": 0, "staff_diag_lab_imagem": 0, "staff_enfermagem": 0, "staff_farmacia": 0, "staff_medicos": 0, "staff_odontologia": 0, "staff_outros": 1, "staff_outros_superior_saude": 0, "staff_servicos_gerais": 0, "staff_transporte_urgencia": 0 }, "geometry": { "type": "Point", "coordinates": [ -52.099, -32.035 ] } },
{ "type": "Feature", "properties": { "co_cnes": 632368, "no_fantasia": "SEST RIO GRANDE RS UNIDADE CN N165", "municipio": "Rio Grande", "tp_unidade": 16.0, "tp_unidade_label": "Ambulatorio", "rua": "RUA DAS GALERAS", "numero": "190", "complemento": null, "bairro": "PARQUE MARINHA", "cep": 96215420, "vinc_sus": 0.0, "leitos_total": 0, "qtd_profissionais": 5, "endereco_geocode": "RUA DAS GALERAS, 190, PARQUE MARINHA, 96215420, Rio Grande - RS", "co_tipo_estabelecimento": "Ambulatório", "no_razao_social": "SEST RIO GRANDE RS UNIDADE CN N165", "staff_acs_endemias": 0, "staff_admin_gestao_apoio": 0, "staff_diag_lab_imagem": 0, "staff_enfermagem": 0, "staff_farmacia": 0, "staff_medicos": 0, "staff_odontologia": 3, "staff_outros": 1, "staff_outros_superior_saude": 1, "staff_servicos_gerais": 0, "staff_transporte_urgencia": 0 }, "geometry": { "type": "Point", "coordinates": [ -52.099, -32.035 ] } },
{ "type": "Feature", "properties": { "co_cnes": 7631367, "no_fantasia": "CONSULTORIO JULIA ESTIMA", "municipio": "Rio Grande", "tp_unidade": 16.0, "tp_unidade_label": "Ambulatorio", "rua": "RUA ZALONY", "numero": "160", "complemento": "305", "bairro": "CENTRO", "cep": 96200070, "vinc_sus": null, "leitos_total": 0, "qtd_profissionais": 0, "endereco_geocode": "RUA ZALONY, 160, CENTRO, 96200070, Rio Grande - RS", "co_tipo_estabelecimento": "Ambulatório", "no_razao_social": "CONSULTORIO JULIA ESTIMA", "staff_acs_endemias": 0, "staff_admin_gestao_apoio": 0, "staff_diag_lab_imagem": 0, "staff_enfermagem": 0, "staff_farmacia": 0, "staff_medicos": 0, "staff_odontologia": 0, "staff_outros": 0, "staff_outros_superior_saude": 0, "staff_servicos_gerais": 0, "staff_transporte_urgencia": 0 }, "geometry": { "type": "Point", "coordinates": [ -52.099, -32.035 ] } },
{ "type": "Feature", "properties": { "co_cnes": 7631693, "no_fantasia": "CONSULTORIO DE PSICOLOGIA LAIS FREITAS", "municipio": "Rio Grande", "tp_unidade": 16.0, "tp_unidade_label": "Ambulatorio", "rua": "VISCONDE DE PARANAGUA", "numero": "262", "complemento": null, "bairro": "CENTRO", "cep": 96200190, "vinc_sus": null, "leitos_total": 0, "qtd_profissionais": 0, "endereco_geocode": "VISCONDE DE PARANAGUA, 262, CENTRO, 96200190, Rio Grande - RS", "co_tipo_estabelecimento": "Ambulatório", "no_razao_social": "CONSULTORIO DE PSICOLOGIA LAIS FREITAS", "staff_acs_endemias": 0, "staff_admin_gestao_apoio": 0, "staff_diag_lab_imagem": 0, "staff_enfermagem": 0, "staff_farmacia": 0, "staff_medicos": 0, "staff_odontologia": 0, "staff_outros": 0, "staff_outros_superior_saude": 0, "staff_servicos_gerais": 0, "staff_transporte_urgencia": 0 }, "geometry": { "type": "Point", "coordinates": [ -52.099, -32.035 ] } },
{ "type": "Feature", "properties": { "co_cnes": 9437983, "no_fantasia": "CLINICA ENDIA", "municipio": "Rio Grande", "tp_unidade": 16.0, "tp_unidade_label": "Ambulatorio", "rua": "DEZENOVE DE FEVEREIRO", "numero": "593", "complemento": "SALA 401", "bairro": "CENTRO", "cep": 96200490, "vinc_sus": 0.0, "leitos_total": 0, "qtd_profissionais": 3, "endereco_geocode": "DEZENOVE DE FEVEREIRO, 593, CENTRO, 96200490, Rio Grande - RS", "co_tipo_estabelecimento": "Ambulatório", "no_razao_social": "CLINICA ENDIA", "staff_acs_endemias": 0, "staff_admin_gestao_apoio": 1, "staff_diag_lab_imagem": 0, "staff_enfermagem": 0, "staff_farmacia": 0, "staff_medicos": 1, "staff_odontologia": 1, "staff_outros": 0, "staff_outros_superior_saude": 0, "staff_servicos_gerais": 0, "staff_transporte_urgencia": 0 }, "geometry": { "type": "Point", "coordinates": [ -52.099, -32.035 ] } },
{ "type": "Feature", "properties": { "co_cnes": 7640331, "no_fantasia": "CONSULTORIO ODONTOLOGICO", "municipio": "Rio Grande", "tp_unidade": 16.0, "tp_unidade_label": "Ambulatorio", "rua": "AVENIDA RIO GRANDE", "numero": "229", "complemento": null, "bairro": "BALNEARIO CASSINO", "cep": 96205001, "vinc_sus": null, "leitos_total": 0, "qtd_profissionais": 0, "endereco_geocode": "AVENIDA RIO GRANDE, 229, BALNEARIO CASSINO, 96205001, Rio Grande - RS", "co_tipo_estabelecimento": "Ambulatório", "no_razao_social": "CONSULTORIO ODONTOLOGICO", "staff_acs_endemias": 0, "staff_admin_gestao_apoio": 0, "staff_diag_lab_imagem": 0, "staff_enfermagem": 0, "staff_farmacia": 0, "staff_medicos": 0, "staff_odontologia": 0, "staff_outros": 0, "staff_outros_superior_saude": 0, "staff_servicos_gerais": 0, "staff_transporte_urgencia": 0 }, "geometry": { "type": "Point", "coordinates": [ -52.099, -32.035 ] } },
{ "type": "Feature", "properties": { "co_cnes": 7640838, "no_fantasia": "PSICOLOGA ANGELINA PONTES DA SILVA", "municipio": "Rio Grande", "tp_unidade": 16.0, "tp_unidade_label": "Ambulatorio", "rua": "RUA ZALONY", "numero": "170", "complemento": "SALA 102", "bairro": "CENTRO", "cep": 96200070, "vinc_sus": null, "leitos_total": 0, "qtd_profissionais": 0, "endereco_geocode": "RUA ZALONY, 170, CENTRO, 96200070, Rio Grande - RS", "co_tipo_estabelecimento": "Ambulatório", "no_razao_social": "PSICOLOGA ANGELINA PONTES DA SILVA", "staff_acs_endemias": 0, "staff_admin_gestao_apoio": 0, "staff_diag_lab_imagem": 0, "staff_enfermagem": 0, "staff_farmacia": 0, "staff_medicos": 0, "staff_odontologia": 0, "staff_outros": 0, "staff_outros_superior_saude": 0, "staff_servicos_gerais": 0, "staff_transporte_urgencia": 0 }, "geometry": { "type": "Point", "coordinates": [ -52.099, -32.035 ] } },
{ "type": "Feature", "properties": { "co_cnes": 930296, "no_fantasia": "FERNANDO BRENNER", "municipio": "Rio Grande", "tp_unidade": 16.0, "tp_unidade_label": "Ambulatorio", "rua": "BARAO DE COTEGIPE", "numero": "443", "complemento": "SALA 517", "bairro": "CENTRO", "cep": 96200290, "vinc_sus": 0.0, "leitos_total": 0, "qtd_profissionais": 1, "endereco_geocode": "BARAO DE COTEGIPE, 443, CENTRO, 96200290, Rio Grande - RS", "co_tipo_estabelecimento": "Ambulatório", "no_razao_social": "FERNANDO BRENNER", "staff_acs_endemias": 0, "staff_admin_gestao_apoio": 0, "staff_diag_lab_imagem": 0, "staff_enfermagem": 0, "staff_farmacia": 0, "staff_medicos": 0, "staff_odontologia": 0, "staff_outros": 1, "staff_outros_superior_saude": 0, "staff_servicos_gerais": 0, "staff_transporte_urgencia": 0 }, "geometry": { "type": "Point", "coordinates": [ -52.09892749786377, -32.037147811918643 ] } },
{ "type": "Feature", "properties": { "co_cnes": 9355499, "no_fantasia": "CONSULTORIO EDUARDO TOMAZZONI", "municipio": "Rio Grande", "tp_unidade": 16.0, "tp_unidade_label": "Ambulatorio", "rua": "19 DE FEVEREIRO", "numero": "593", "complemento": "SALA 502", "bairro": "CENTRO", "cep": 96200490, "vinc_sus": 0.0, "leitos_total": 0, "qtd_profissionais": 1, "endereco_geocode": "19 DE FEVEREIRO, 593, CENTRO, 96200490, Rio Grande - RS", "co_tipo_estabelecimento": "Ambulatório", "no_razao_social": "CONSULTORIO EDUARDO TOMAZZONI", "staff_acs_endemias": 0, "staff_admin_gestao_apoio": 0, "staff_diag_lab_imagem": 0, "staff_enfermagem": 0, "staff_farmacia": 0, "staff_medicos": 1, "staff_odontologia": 0, "staff_outros": 0, "staff_outros_superior_saude": 0, "staff_servicos_gerais": 0, "staff_transporte_urgencia": 0 }, "geometry": { "type": "Point", "coordinates": [ -52.099, -32.035 ] } },
{ "type": "Feature", "properties": { "co_cnes": 4011783, "no_fantasia": "BORTOLINI HENRIQUES SERVICOS MEDICOS LTDA", "municipio": "Rio Grande", "tp_unidade": 16.0, "tp_unidade_label": "Ambulatorio", "rua": "BUARQUE DE MACEDO", "numero": "485", "complemento": "BLOCO 06 APT 301", "bairro": "CIDADE NOVA", "cep": 96211114, "vinc_sus": 0.0, "leitos_total": 0, "qtd_profissionais": 2, "endereco_geocode": "BUARQUE DE MACEDO, 485, CIDADE NOVA, 96211114, Rio Grande - RS", "co_tipo_estabelecimento": "Ambulatório", "no_razao_social": "BORTOLINI HENRIQUES SERVICOS MEDICOS LTDA", "staff_acs_endemias": 0, "staff_admin_gestao_apoio": 0, "staff_diag_lab_imagem": 0, "staff_enfermagem": 0, "staff_farmacia": 0, "staff_medicos": 2, "staff_odontologia": 0, "staff_outros": 0, "staff_outros_superior_saude": 0, "staff_servicos_gerais": 0, "staff_transporte_urgencia": 0 }, "geometry": { "type": "Point", "coordinates": [ -52.109527587890632, -32.043004727893994 ] } },
{ "type": "Feature", "properties": { "co_cnes": 4082478, "no_fantasia": "KATLEN MELLO DE CASTRO", "municipio": "Rio Grande", "tp_unidade": 16.0, "tp_unidade_label": "Ambulatorio", "rua": "AQUIDABAN", "numero": "714", "complemento": "SALA 15", "bairro": "CENTRO", "cep": 96200480, "vinc_sus": 0.0, "leitos_total": 0, "qtd_profissionais": 1, "endereco_geocode": "AQUIDABAN, 714, CENTRO, 96200480, Rio Grande - RS", "co_tipo_estabelecimento": "Ambulatório", "no_razao_social": "KATLEN MELLO DE CASTRO", "staff_acs_endemias": 0, "staff_admin_gestao_apoio": 0, "staff_diag_lab_imagem": 0, "staff_enfermagem": 0, "staff_farmacia": 0, "staff_medicos": 0, "staff_odontologia": 0, "staff_outros": 1, "staff_outros_superior_saude": 0, "staff_servicos_gerais": 0, "staff_transporte_urgencia": 0 }, "geometry": { "type": "Point", "coordinates": [ -52.105858325958252, -32.032381970285194 ] } },
{ "type": "Feature", "properties": { "co_cnes": 4080203, "no_fantasia": "ELAINE VIEIRA NEVES", "municipio": "Rio Grande", "tp_unidade": 16.0, "tp_unidade_label": "Ambulatorio", "rua": "AQUIDABAN", "numero": "714", "complemento": "SALA 79", "bairro": "CENTRO", "cep": 96200210, "vinc_sus": 0.0, "leitos_total": 0, "qtd_profissionais": 1, "endereco_geocode": "AQUIDABAN, 714, CENTRO, 96200210, Rio Grande - RS", "co_tipo_estabelecimento": "Ambulatório", "no_razao_social": "ELAINE VIEIRA NEVES", "staff_acs_endemias": 0, "staff_admin_gestao_apoio": 0, "staff_diag_lab_imagem": 0, "staff_enfermagem": 0, "staff_farmacia": 0, "staff_medicos": 0, "staff_odontologia": 0, "staff_outros": 1, "staff_outros_superior_saude": 0, "staff_servicos_gerais": 0, "staff_transporte_urgencia": 0 }, "geometry": { "type": "Point", "coordinates": [ -52.104871273040771, -32.032309207421861 ] } },
{ "type": "Feature", "properties": { "co_cnes": 5070902, "no_fantasia": "VICTOR ALEXANDRE MALDONADO LOCH", "municipio": "Rio Grande", "tp_unidade": 16.0, "tp_unidade_label": "Ambulatorio", "rua": "RUA LUIZ LOREA", "numero": "359", "complemento": "SALA 301", "bairro": "CENTRO", "cep": 96200350, "vinc_sus": 0.0, "leitos_total": 0, "qtd_profissionais": 1, "endereco_geocode": "RUA LUIZ LOREA, 359, CENTRO, 96200350, Rio Grande - RS", "co_tipo_estabelecimento": "Ambulatório", "no_razao_social": "VICTOR ALEXANDRE MALDONADO LOCH", "staff_acs_endemias": 0, "staff_admin_gestao_apoio": 0, "staff_diag_lab_imagem": 0, "staff_enfermagem": 0, "staff_farmacia": 0, "staff_medicos": 0, "staff_odontologia": 0, "staff_outros": 1, "staff_outros_superior_saude": 0, "staff_servicos_gerais": 0, "staff_transporte_urgencia": 0 }, "geometry": { "type": "Point", "coordinates": [ -52.099, -32.035 ] } },
{ "type": "Feature", "properties": { "co_cnes": 9909672, "no_fantasia": "LETICIA DE OLIVEIRA RUBIRA", "municipio": "Rio Grande", "tp_unidade": 16.0, "tp_unidade_label": "Ambulatorio", "rua": "AQUIDABAN", "numero": "685", "complemento": null, "bairro": "CENTRO", "cep": 96200480, "vinc_sus": 0.0, "leitos_total": 0, "qtd_profissionais": 1, "endereco_geocode": "AQUIDABAN, 685, CENTRO, 96200480, Rio Grande - RS", "co_tipo_estabelecimento": "Ambulatório", "no_razao_social": "LETICIA DE OLIVEIRA RUBIRA", "staff_acs_endemias": 0, "staff_admin_gestao_apoio": 0, "staff_diag_lab_imagem": 0, "staff_enfermagem": 0, "staff_farmacia": 0, "staff_medicos": 1, "staff_odontologia": 0, "staff_outros": 0, "staff_outros_superior_saude": 0, "staff_servicos_gerais": 0, "staff_transporte_urgencia": 0 }, "geometry": { "type": "Point", "coordinates": [ -52.099, -32.035 ] } },
{ "type": "Feature", "properties": { "co_cnes": 7561482, "no_fantasia": "CLINICA ZDRADK", "municipio": "Rio Grande", "tp_unidade": 16.0, "tp_unidade_label": "Ambulatorio", "rua": "AQUIDABAM", "numero": "627", "complemento": null, "bairro": "CENTRO", "cep": 96200480, "vinc_sus": null, "leitos_total": 0, "qtd_profissionais": 0, "endereco_geocode": "AQUIDABAM, 627, CENTRO, 96200480, Rio Grande - RS", "co_tipo_estabelecimento": "Ambulatório", "no_razao_social": "CLINICA ZDRADK", "staff_acs_endemias": 0, "staff_admin_gestao_apoio": 0, "staff_diag_lab_imagem": 0, "staff_enfermagem": 0, "staff_farmacia": 0, "staff_medicos": 0, "staff_odontologia": 0, "staff_outros": 0, "staff_outros_superior_saude": 0, "staff_servicos_gerais": 0, "staff_transporte_urgencia": 0 }, "geometry": { "type": "Point", "coordinates": [ -52.099, -32.035 ] } },
{ "type": "Feature", "properties": { "co_cnes": 3999912, "no_fantasia": "CECILIA BEATRIZ COCH", "municipio": "Rio Grande", "tp_unidade": 16.0, "tp_unidade_label": "Ambulatorio", "rua": "RUA LUIZ LOREA", "numero": "383", "complemento": null, "bairro": "CENTRO", "cep": 96200220, "vinc_sus": null, "leitos_total": 0, "qtd_profissionais": 0, "endereco_geocode": "RUA LUIZ LOREA, 383, CENTRO, 96200220, Rio Grande - RS", "co_tipo_estabelecimento": "Ambulatório", "no_razao_social": "CECILIA BEATRIZ COCH", "staff_acs_endemias": 0, "staff_admin_gestao_apoio": 0, "staff_diag_lab_imagem": 0, "staff_enfermagem": 0, "staff_farmacia": 0, "staff_medicos": 0, "staff_odontologia": 0, "staff_outros": 0, "staff_outros_superior_saude": 0, "staff_servicos_gerais": 0, "staff_transporte_urgencia": 0 }, "geometry": { "type": "Point", "coordinates": [ -52.099, -32.035 ] } },
{ "type": "Feature", "properties": { "co_cnes": 7366787, "no_fantasia": "UROFISIO", "municipio": "Rio Grande", "tp_unidade": 16.0, "tp_unidade_label": "Ambulatorio", "rua": "ZALONY", "numero": "353", "complemento": null, "bairro": "CENTRO", "cep": 96200070, "vinc_sus": 0.0, "leitos_total": 0, "qtd_profissionais": 1, "endereco_geocode": "ZALONY, 353, CENTRO, 96200070, Rio Grande - RS", "co_tipo_estabelecimento": "Ambulatório", "no_razao_social": "UROFISIO", "staff_acs_endemias": 0, "staff_admin_gestao_apoio": 0, "staff_diag_lab_imagem": 0, "staff_enfermagem": 0, "staff_farmacia": 0, "staff_medicos": 0, "staff_odontologia": 0, "staff_outros": 0, "staff_outros_superior_saude": 1, "staff_servicos_gerais": 0, "staff_transporte_urgencia": 0 }, "geometry": { "type": "Point", "coordinates": [ -52.09528478650622, -32.035813647412809 ] } },
{ "type": "Feature", "properties": { "co_cnes": 6943535, "no_fantasia": "THAIS MARTINS", "municipio": "Rio Grande", "tp_unidade": 16.0, "tp_unidade_label": "Ambulatorio", "rua": "GENERAL BACELAR", "numero": "436", "complemento": "503", "bairro": "CENTRO", "cep": 96200370, "vinc_sus": null, "leitos_total": 0, "qtd_profissionais": 0, "endereco_geocode": "GENERAL BACELAR, 436, CENTRO, 96200370, Rio Grande - RS", "co_tipo_estabelecimento": "Ambulatório", "no_razao_social": "THAIS MARTINS", "staff_acs_endemias": 0, "staff_admin_gestao_apoio": 0, "staff_diag_lab_imagem": 0, "staff_enfermagem": 0, "staff_farmacia": 0, "staff_medicos": 0, "staff_odontologia": 0, "staff_outros": 0, "staff_outros_superior_saude": 0, "staff_servicos_gerais": 0, "staff_transporte_urgencia": 0 }, "geometry": { "type": "Point", "coordinates": [ -52.099, -32.035 ] } },
{ "type": "Feature", "properties": { "co_cnes": 5123038, "no_fantasia": "PRONTO TRAUMA", "municipio": "Rio Grande", "tp_unidade": 16.0, "tp_unidade_label": "Ambulatorio", "rua": "RUA DR NASCIMENTO", "numero": "487", "complemento": null, "bairro": "CENTRO", "cep": 96200300, "vinc_sus": 0.0, "leitos_total": 0, "qtd_profissionais": 7, "endereco_geocode": "RUA DR NASCIMENTO, 487, CENTRO, 96200300, Rio Grande - RS", "co_tipo_estabelecimento": "Ambulatório", "no_razao_social": "PRONTO TRAUMA", "staff_acs_endemias": 0, "staff_admin_gestao_apoio": 0, "staff_diag_lab_imagem": 0, "staff_enfermagem": 0, "staff_farmacia": 0, "staff_medicos": 7, "staff_odontologia": 0, "staff_outros": 0, "staff_outros_superior_saude": 0, "staff_servicos_gerais": 0, "staff_transporte_urgencia": 0 }, "geometry": { "type": "Point", "coordinates": [ -52.099, -32.035 ] } },
{ "type": "Feature", "properties": { "co_cnes": 3535517, "no_fantasia": "CENTRO INTEGRADO DE PATOLOGIA", "municipio": "Rio Grande", "tp_unidade": 16.0, "tp_unidade_label": "Ambulatorio", "rua": "AQUIDABAN", "numero": "723", "complemento": null, "bairro": "CENTRO", "cep": 96200480, "vinc_sus": 0.0, "leitos_total": 0, "qtd_profissionais": 17, "endereco_geocode": "AQUIDABAN, 723, CENTRO, 96200480, Rio Grande - RS", "co_tipo_estabelecimento": "Ambulatório", "no_razao_social": "CENTRO INTEGRADO DE PATOLOGIA", "staff_acs_endemias": 0, "staff_admin_gestao_apoio": 6, "staff_diag_lab_imagem": 0, "staff_enfermagem": 0, "staff_farmacia": 0, "staff_medicos": 2, "staff_odontologia": 0, "staff_outros": 1, "staff_outros_superior_saude": 0, "staff_servicos_gerais": 8, "staff_transporte_urgencia": 0 }, "geometry": { "type": "Point", "coordinates": [ -52.105021742328091, -32.032299745262804 ] } },
{ "type": "Feature", "properties": { "co_cnes": 425257, "no_fantasia": "CONSULTORIO ODONTOLOGICO DRA ANDREA DA ROCHA CARVALHO", "municipio": "Rio Grande", "tp_unidade": 16.0, "tp_unidade_label": "Ambulatorio", "rua": "RUA ZALONY", "numero": "160", "complemento": "SALA 505", "bairro": "CENTRO", "cep": 96200070, "vinc_sus": 0.0, "leitos_total": 0, "qtd_profissionais": 1, "endereco_geocode": "RUA ZALONY, 160, CENTRO, 96200070, Rio Grande - RS", "co_tipo_estabelecimento": "Ambulatório", "no_razao_social": "CONSULTORIO ODONTOLOGICO DRA ANDREA DA ROCHA CARVALHO", "staff_acs_endemias": 0, "staff_admin_gestao_apoio": 0, "staff_diag_lab_imagem": 0, "staff_enfermagem": 0, "staff_farmacia": 0, "staff_medicos": 0, "staff_odontologia": 1, "staff_outros": 0, "staff_outros_superior_saude": 0, "staff_servicos_gerais": 0, "staff_transporte_urgencia": 0 }, "geometry": { "type": "Point", "coordinates": [ -52.0956658, -32.0367217 ] } },
{ "type": "Feature", "properties": { "co_cnes": 7482841, "no_fantasia": "CONSULTORIO ITINERANTE HU FURG", "municipio": "Rio Grande", "tp_unidade": 16.0, "tp_unidade_label": "Ambulatorio", "rua": "VISCONDE DE PARANAGUA", "numero": "102", "complemento": null, "bairro": "CENTRO", "cep": 96200190, "vinc_sus": 1.0, "leitos_total": 0, "qtd_profissionais": 9, "endereco_geocode": "VISCONDE DE PARANAGUA, 102, CENTRO, 96200190, Rio Grande - RS", "co_tipo_estabelecimento": "Ambulatório", "no_razao_social": "CONSULTORIO ITINERANTE HU FURG", "staff_acs_endemias": 0, "staff_admin_gestao_apoio": 2, "staff_diag_lab_imagem": 0, "staff_enfermagem": 5, "staff_farmacia": 0, "staff_medicos": 1, "staff_odontologia": 0, "staff_outros": 1, "staff_outros_superior_saude": 0, "staff_servicos_gerais": 0, "staff_transporte_urgencia": 0 }, "geometry": { "type": "Point", "coordinates": [ -52.099, -32.035 ] } },
{ "type": "Feature", "properties": { "co_cnes": 7781113, "no_fantasia": "LABORATORIO MUNICIPAL DE ANALISES CLINICAS", "municipio": "Rio Grande", "tp_unidade": 18.0, "tp_unidade_label": "Unidade de Apoio Diagnostico", "rua": "MARECHAL FLORIANO PEIXOTO", "numero": "5", "complemento": null, "bairro": "CENTRO", "cep": 96200380, "vinc_sus": 1.0, "leitos_total": 0, "qtd_profissionais": 8, "endereco_geocode": "MARECHAL FLORIANO PEIXOTO, 05, CENTRO, 96200380, Rio Grande - RS", "co_tipo_estabelecimento": "Unidade de Apoio Diagnostico", "no_razao_social": "LABORATORIO MUNICIPAL DE ANALISES CLINICAS", "staff_acs_endemias": 0, "staff_admin_gestao_apoio": 0, "staff_diag_lab_imagem": 0, "staff_enfermagem": 0, "staff_farmacia": 2, "staff_medicos": 0, "staff_odontologia": 0, "staff_outros": 5, "staff_outros_superior_saude": 0, "staff_servicos_gerais": 1, "staff_transporte_urgencia": 0 }, "geometry": { "type": "Point", "coordinates": [ -52.099, -32.035 ] } },
{ "type": "Feature", "properties": { "co_cnes": 3015734, "no_fantasia": "ASHRGS", "municipio": "Rio Grande", "tp_unidade": 16.0, "tp_unidade_label": "Ambulatorio", "rua": "RUA GENERAL CAMARA", "numero": "149", "complemento": null, "bairro": "CENTRO", "cep": 96201220, "vinc_sus": null, "leitos_total": 0, "qtd_profissionais": 0, "endereco_geocode": "RUA GENERAL CAMARA, 149, CENTRO, 96201220, Rio Grande - RS", "co_tipo_estabelecimento": "Ambulatório", "no_razao_social": "ASHRGS", "staff_acs_endemias": 0, "staff_admin_gestao_apoio": 0, "staff_diag_lab_imagem": 0, "staff_enfermagem": 0, "staff_farmacia": 0, "staff_medicos": 0, "staff_odontologia": 0, "staff_outros": 0, "staff_outros_superior_saude": 0, "staff_servicos_gerais": 0, "staff_transporte_urgencia": 0 }, "geometry": { "type": "Point", "coordinates": [ -52.099, -32.035 ] } },
{ "type": "Feature", "properties": { "co_cnes": 6445861, "no_fantasia": "CLINICA PAULITSCH", "municipio": "Rio Grande", "tp_unidade": 16.0, "tp_unidade_label": "Ambulatorio", "rua": "RUA GENERAL CAMARA", "numero": "441", "complemento": null, "bairro": "CENTRO", "cep": 96200320, "vinc_sus": 0.0, "leitos_total": 0, "qtd_profissionais": 1, "endereco_geocode": "RUA GENERAL CAMARA, 441, CENTRO, 96200320, Rio Grande - RS", "co_tipo_estabelecimento": "Ambulatório", "no_razao_social": "CLINICA PAULITSCH", "staff_acs_endemias": 0, "staff_admin_gestao_apoio": 0, "staff_diag_lab_imagem": 0, "staff_enfermagem": 0, "staff_farmacia": 0, "staff_medicos": 1, "staff_odontologia": 0, "staff_outros": 0, "staff_outros_superior_saude": 0, "staff_servicos_gerais": 0, "staff_transporte_urgencia": 0 }, "geometry": { "type": "Point", "coordinates": [ -52.099, -32.035 ] } },
{ "type": "Feature", "properties": { "co_cnes": 7093756, "no_fantasia": "ANA DOS SANTOS", "municipio": "Rio Grande", "tp_unidade": 16.0, "tp_unidade_label": "Ambulatorio", "rua": "GAL BACELAR", "numero": "436", "complemento": "207", "bairro": "CENTRO", "cep": 96200370, "vinc_sus": 0.0, "leitos_total": 0, "qtd_profissionais": 1, "endereco_geocode": "GAL BACELAR, 436, CENTRO, 96200370, Rio Grande - RS", "co_tipo_estabelecimento": "Ambulatório", "no_razao_social": "ANA DOS SANTOS", "staff_acs_endemias": 0, "staff_admin_gestao_apoio": 0, "staff_diag_lab_imagem": 0, "staff_enfermagem": 0, "staff_farmacia": 0, "staff_medicos": 0, "staff_odontologia": 0, "staff_outros": 1, "staff_outros_superior_saude": 0, "staff_servicos_gerais": 0, "staff_transporte_urgencia": 0 }, "geometry": { "type": "Point", "coordinates": [ -52.099, -32.035 ] } },
{ "type": "Feature", "properties": { "co_cnes": 6206859, "no_fantasia": "AIRTON MADEIRA", "municipio": "Rio Grande", "tp_unidade": 16.0, "tp_unidade_label": "Ambulatorio", "rua": "BR 471 KM98", "numero": "1", "complemento": null, "bairro": "TAIM", "cep": 96210000, "vinc_sus": 0.0, "leitos_total": 0, "qtd_profissionais": 1, "endereco_geocode": "BR 471 KM98, 01, TAIM, 96210000, Rio Grande - RS", "co_tipo_estabelecimento": "Ambulatório", "no_razao_social": "AIRTON MADEIRA", "staff_acs_endemias": 0, "staff_admin_gestao_apoio": 0, "staff_diag_lab_imagem": 0, "staff_enfermagem": 0, "staff_farmacia": 0, "staff_medicos": 0, "staff_odontologia": 1, "staff_outros": 0, "staff_outros_superior_saude": 0, "staff_servicos_gerais": 0, "staff_transporte_urgencia": 0 }, "geometry": { "type": "Point", "coordinates": [ -52.099, -32.035 ] } },
{ "type": "Feature", "properties": { "co_cnes": 971081, "no_fantasia": "INSTITUTO MULTITEA", "municipio": "Rio Grande", "tp_unidade": 18.0, "tp_unidade_label": "Unidade de Apoio Diagnostico", "rua": "BENJAMIN CONSTANT", "numero": "266", "complemento": null, "bairro": "CENTRO", "cep": 96200090, "vinc_sus": 0.0, "leitos_total": 0, "qtd_profissionais": 1, "endereco_geocode": "BENJAMIN CONSTANT, 266, CENTRO, 96200090, Rio Grande - RS", "co_tipo_estabelecimento": "Unidade de Apoio Diagnostico", "no_razao_social": "INSTITUTO MULTITEA", "staff_acs_endemias": 0, "staff_admin_gestao_apoio": 0, "staff_diag_lab_imagem": 0, "staff_enfermagem": 0, "staff_farmacia": 0, "staff_medicos": 0, "staff_odontologia": 0, "staff_outros": 1, "staff_outros_superior_saude": 0, "staff_servicos_gerais": 0, "staff_transporte_urgencia": 0 }, "geometry": { "type": "Point", "coordinates": [ -52.09367036819458, -32.03409188093012 ] } },
{ "type": "Feature", "properties": { "co_cnes": 816833, "no_fantasia": "CLINICA DRA MARCIA FERNANDES", "municipio": "Rio Grande", "tp_unidade": 16.0, "tp_unidade_label": "Ambulatorio", "rua": "GENERAL VITORINO", "numero": "579", "complemento": null, "bairro": "CENTRO", "cep": 96200310, "vinc_sus": 0.0, "leitos_total": 0, "qtd_profissionais": 3, "endereco_geocode": "GENERAL VITORINO, 579, CENTRO, 96200310, Rio Grande - RS", "co_tipo_estabelecimento": "Ambulatório", "no_razao_social": "CLINICA DRA MARCIA FERNANDES", "staff_acs_endemias": 0, "staff_admin_gestao_apoio": 0, "staff_diag_lab_imagem": 0, "staff_enfermagem": 2, "staff_farmacia": 0, "staff_medicos": 1, "staff_odontologia": 0, "staff_outros": 0, "staff_outros_superior_saude": 0, "staff_servicos_gerais": 0, "staff_transporte_urgencia": 0 }, "geometry": { "type": "Point", "coordinates": [ -52.1017572, -32.0346421 ] } },
{ "type": "Feature", "properties": { "co_cnes": 912514, "no_fantasia": "NEUROCENTRO E CENTROTORAX SERVICOS MEDICOS LTDA", "municipio": "Rio Grande", "tp_unidade": 16.0, "tp_unidade_label": "Ambulatorio", "rua": "AV PRESIDENTE VARGAS", "numero": "401", "complemento": null, "bairro": "SAO PAULO", "cep": 96202336, "vinc_sus": 0.0, "leitos_total": 0, "qtd_profissionais": 3, "endereco_geocode": "AV PRESIDENTE VARGAS, 401, SAO PAULO, 96202336, Rio Grande - RS", "co_tipo_estabelecimento": "Ambulatório", "no_razao_social": "NEUROCENTRO E CENTROTORAX SERVICOS MEDICOS LTDA", "staff_acs_endemias": 0, "staff_admin_gestao_apoio": 0, "staff_diag_lab_imagem": 0, "staff_enfermagem": 0, "staff_farmacia": 0, "staff_medicos": 3, "staff_odontologia": 0, "staff_outros": 0, "staff_outros_superior_saude": 0, "staff_servicos_gerais": 0, "staff_transporte_urgencia": 0 }, "geometry": { "type": "Point", "coordinates": [ -52.115771770477295, -32.050043444756788 ] } },
{ "type": "Feature", "properties": { "co_cnes": 7824807, "no_fantasia": "MOTOLANCIA RIO GRANDE 2", "municipio": "Rio Grande", "tp_unidade": 8.0, "tp_unidade_label": "Pronto Atendimento", "rua": "SATURNINO DE BRITO", "numero": "S/N", "complemento": null, "bairro": "JUNCAO", "cep": 96212630, "vinc_sus": null, "leitos_total": 0, "qtd_profissionais": 0, "endereco_geocode": "SATURNINO DE BRITO, S/N, JUNCAO, 96212630, Rio Grande - RS", "co_tipo_estabelecimento": "Pronto Atendimento", "no_razao_social": "MOTOLANCIA RIO GRANDE 2", "staff_acs_endemias": 0, "staff_admin_gestao_apoio": 0, "staff_diag_lab_imagem": 0, "staff_enfermagem": 0, "staff_farmacia": 0, "staff_medicos": 0, "staff_odontologia": 0, "staff_outros": 0, "staff_outros_superior_saude": 0, "staff_servicos_gerais": 0, "staff_transporte_urgencia": 0 }, "geometry": { "type": "Point", "coordinates": [ -52.099, -32.035 ] } },
{ "type": "Feature", "properties": { "co_cnes": 7893876, "no_fantasia": "ALESSANDRA KISNER", "municipio": "Rio Grande", "tp_unidade": 16.0, "tp_unidade_label": "Ambulatorio", "rua": "LUIS LOREA", "numero": "383", "complemento": null, "bairro": "CENTRO", "cep": 96200210, "vinc_sus": 0.0, "leitos_total": 0, "qtd_profissionais": 1, "endereco_geocode": "LUIS LOREA, 383, CENTRO, 96200210, Rio Grande - RS", "co_tipo_estabelecimento": "Ambulatório", "no_razao_social": "ALESSANDRA KISNER", "staff_acs_endemias": 0, "staff_admin_gestao_apoio": 0, "staff_diag_lab_imagem": 0, "staff_enfermagem": 0, "staff_farmacia": 0, "staff_medicos": 1, "staff_odontologia": 0, "staff_outros": 0, "staff_outros_superior_saude": 0, "staff_servicos_gerais": 0, "staff_transporte_urgencia": 0 }, "geometry": { "type": "Point", "coordinates": [ -52.099, -32.035 ] } },
{ "type": "Feature", "properties": { "co_cnes": 218065, "no_fantasia": "POSTO DE SAUDE BGV II", "municipio": "Rio Grande", "tp_unidade": 1.0, "tp_unidade_label": "Unidade Basica de Saude", "rua": "AVENIDA D PEDRO II", "numero": "225", "complemento": null, "bairro": "GETULIO VARGAS", "cep": 96201010, "vinc_sus": 1.0, "leitos_total": 0, "qtd_profissionais": 24, "endereco_geocode": "AVENIDA D PEDRO II, 225, GETULIO VARGAS, 96201010, Rio Grande - RS", "co_tipo_estabelecimento": "Unidade Básica de Saúde", "no_razao_social": "POSTO DE SAUDE BGV II", "staff_acs_endemias": 4, "staff_admin_gestao_apoio": 0, "staff_diag_lab_imagem": 0, "staff_enfermagem": 5, "staff_farmacia": 0, "staff_medicos": 4, "staff_odontologia": 0, "staff_outros": 3, "staff_outros_superior_saude": 2, "staff_servicos_gerais": 6, "staff_transporte_urgencia": 0 }, "geometry": { "type": "Point", "coordinates": [ -52.085087299346931, -32.035274247278018 ] } },
{ "type": "Feature", "properties": { "co_cnes": 5904617, "no_fantasia": "FISIO E TERAPIA", "municipio": "Rio Grande", "tp_unidade": 16.0, "tp_unidade_label": "Ambulatorio", "rua": "AV DOM BOSCO", "numero": "384", "complemento": null, "bairro": "CIDADE NOVA", "cep": 96211090, "vinc_sus": 0.0, "leitos_total": 0, "qtd_profissionais": 1, "endereco_geocode": "AV DOM BOSCO, 384, CIDADE NOVA, 96211090, Rio Grande - RS", "co_tipo_estabelecimento": "Ambulatório", "no_razao_social": "FISIO E TERAPIA", "staff_acs_endemias": 0, "staff_admin_gestao_apoio": 0, "staff_diag_lab_imagem": 0, "staff_enfermagem": 0, "staff_farmacia": 0, "staff_medicos": 0, "staff_odontologia": 0, "staff_outros": 0, "staff_outros_superior_saude": 1, "staff_servicos_gerais": 0, "staff_transporte_urgencia": 0 }, "geometry": { "type": "Point", "coordinates": [ -52.107017040252686, -32.038766686412679 ] } },
{ "type": "Feature", "properties": { "co_cnes": 5904714, "no_fantasia": "UNIMED LITORAL SUL", "municipio": "Rio Grande", "tp_unidade": 16.0, "tp_unidade_label": "Ambulatorio", "rua": "RUA AQUIDABAN", "numero": "692", "complemento": null, "bairro": "CENTRO", "cep": 96200480, "vinc_sus": 0.0, "leitos_total": 0, "qtd_profissionais": 63, "endereco_geocode": "RUA AQUIDABAN, 692, CENTRO, 96200480, Rio Grande - RS", "co_tipo_estabelecimento": "Ambulatório", "no_razao_social": "UNIMED LITORAL SUL", "staff_acs_endemias": 0, "staff_admin_gestao_apoio": 6, "staff_diag_lab_imagem": 0, "staff_enfermagem": 20, "staff_farmacia": 0, "staff_medicos": 36, "staff_odontologia": 0, "staff_outros": 1, "staff_outros_superior_saude": 0, "staff_servicos_gerais": 0, "staff_transporte_urgencia": 0 }, "geometry": { "type": "Point", "coordinates": [ -52.099, -32.035 ] } },
{ "type": "Feature", "properties": { "co_cnes": 833878, "no_fantasia": "PANVEL FARMACIA", "municipio": "Rio Grande", "tp_unidade": 9.0, "tp_unidade_label": "Farmacia", "rua": "AV PRESIDENTE VARGAS", "numero": "687", "complemento": null, "bairro": "JUNCAO", "cep": 96202188, "vinc_sus": 0.0, "leitos_total": 0, "qtd_profissionais": 16, "endereco_geocode": "AV PRESIDENTE VARGAS, 687, JUNCAO, 96202188, Rio Grande - RS", "co_tipo_estabelecimento": "Farmacia", "no_razao_social": "PANVEL FARMACIA", "staff_acs_endemias": 0, "staff_admin_gestao_apoio": 0, "staff_diag_lab_imagem": 0, "staff_enfermagem": 0, "staff_farmacia": 2, "staff_medicos": 0, "staff_odontologia": 0, "staff_outros": 3, "staff_outros_superior_saude": 0, "staff_servicos_gerais": 11, "staff_transporte_urgencia": 0 }, "geometry": { "type": "Point", "coordinates": [ -52.1115377, -32.0478763 ] } },
{ "type": "Feature", "properties": { "co_cnes": 446386, "no_fantasia": "CONSULTORIO ODONTOLOGICO GABRIELA FONINI", "municipio": "Rio Grande", "tp_unidade": 16.0, "tp_unidade_label": "Ambulatorio", "rua": "BARAO DE COTEGIPE", "numero": "443", "complemento": "1210", "bairro": "CENTRO", "cep": 96200290, "vinc_sus": 0.0, "leitos_total": 0, "qtd_profissionais": 1, "endereco_geocode": "BARAO DE COTEGIPE, 443, CENTRO, 96200290, Rio Grande - RS", "co_tipo_estabelecimento": "Ambulatório", "no_razao_social": "CONSULTORIO ODONTOLOGICO GABRIELA FONINI", "staff_acs_endemias": 0, "staff_admin_gestao_apoio": 0, "staff_diag_lab_imagem": 0, "staff_enfermagem": 0, "staff_farmacia": 0, "staff_medicos": 0, "staff_odontologia": 1, "staff_outros": 0, "staff_outros_superior_saude": 0, "staff_servicos_gerais": 0, "staff_transporte_urgencia": 0 }, "geometry": { "type": "Point", "coordinates": [ -52.098837115341617, -32.037045265182471 ] } },
{ "type": "Feature", "properties": { "co_cnes": 465372, "no_fantasia": "CLINICA ROBERTO CUCHIARA SIMOES", "municipio": "Rio Grande", "tp_unidade": 16.0, "tp_unidade_label": "Ambulatorio", "rua": "RUA BARAO DE COTEGIPE", "numero": "443", "complemento": "SALA 813", "bairro": "CENTRO", "cep": 96200290, "vinc_sus": 0.0, "leitos_total": 0, "qtd_profissionais": 1, "endereco_geocode": "RUA BARAO DE COTEGIPE, 443, CENTRO, 96200290, Rio Grande - RS", "co_tipo_estabelecimento": "Ambulatório", "no_razao_social": "CLINICA ROBERTO CUCHIARA SIMOES", "staff_acs_endemias": 0, "staff_admin_gestao_apoio": 0, "staff_diag_lab_imagem": 0, "staff_enfermagem": 0, "staff_farmacia": 0, "staff_medicos": 0, "staff_odontologia": 1, "staff_outros": 0, "staff_outros_superior_saude": 0, "staff_servicos_gerais": 0, "staff_transporte_urgencia": 0 }, "geometry": { "type": "Point", "coordinates": [ -52.098519802093513, -32.036929534516069 ] } },
{ "type": "Feature", "properties": { "co_cnes": 974374, "no_fantasia": "MAR G CIRURGIA E TRAUMATOLOGIA BUCO FACIAL", "municipio": "Rio Grande", "tp_unidade": 16.0, "tp_unidade_label": "Ambulatorio", "rua": "ANDRADAS", "numero": "397", "complemento": null, "bairro": "CENTRO", "cep": 96200030, "vinc_sus": 0.0, "leitos_total": 0, "qtd_profissionais": 2, "endereco_geocode": "ANDRADAS, 397, CENTRO, 96200030, Rio Grande - RS", "co_tipo_estabelecimento": "Ambulatório", "no_razao_social": "MAR G CIRURGIA E TRAUMATOLOGIA BUCO FACIAL", "staff_acs_endemias": 0, "staff_admin_gestao_apoio": 0, "staff_diag_lab_imagem": 0, "staff_enfermagem": 0, "staff_farmacia": 0, "staff_medicos": 0, "staff_odontologia": 2, "staff_outros": 0, "staff_outros_superior_saude": 0, "staff_servicos_gerais": 0, "staff_transporte_urgencia": 0 }, "geometry": { "type": "Point", "coordinates": [ -52.096030712127686, -32.036438408457698 ] } },
{ "type": "Feature", "properties": { "co_cnes": 9879781, "no_fantasia": "RODRIGO DE FREITAS ESTEVES", "municipio": "Rio Grande", "tp_unidade": 16.0, "tp_unidade_label": "Ambulatorio", "rua": "BENTO MARTINS", "numero": "59", "complemento": null, "bairro": "VILA MILITAR", "cep": 96201220, "vinc_sus": 0.0, "leitos_total": 0, "qtd_profissionais": 1, "endereco_geocode": "BENTO MARTINS, 59, VILA MILITAR, 96201220, Rio Grande - RS", "co_tipo_estabelecimento": "Ambulatório", "no_razao_social": "RODRIGO DE FREITAS ESTEVES", "staff_acs_endemias": 0, "staff_admin_gestao_apoio": 0, "staff_diag_lab_imagem": 0, "staff_enfermagem": 0, "staff_farmacia": 0, "staff_medicos": 0, "staff_odontologia": 0, "staff_outros": 0, "staff_outros_superior_saude": 1, "staff_servicos_gerais": 0, "staff_transporte_urgencia": 0 }, "geometry": { "type": "Point", "coordinates": [ -52.099, -32.035 ] } },
{ "type": "Feature", "properties": { "co_cnes": 3739821, "no_fantasia": "FONOCLIN", "municipio": "Rio Grande", "tp_unidade": 16.0, "tp_unidade_label": "Ambulatorio", "rua": "RUA AQUIDABAN", "numero": "683", "complemento": null, "bairro": "CENTRO", "cep": 96200480, "vinc_sus": 0.0, "leitos_total": 0, "qtd_profissionais": 1, "endereco_geocode": "RUA AQUIDABAN, 683, CENTRO, 96200480, Rio Grande - RS", "co_tipo_estabelecimento": "Ambulatório", "no_razao_social": "FONOCLIN", "staff_acs_endemias": 0, "staff_admin_gestao_apoio": 0, "staff_diag_lab_imagem": 0, "staff_enfermagem": 0, "staff_farmacia": 0, "staff_medicos": 0, "staff_odontologia": 0, "staff_outros": 0, "staff_outros_superior_saude": 1, "staff_servicos_gerais": 0, "staff_transporte_urgencia": 0 }, "geometry": { "type": "Point", "coordinates": [ -52.1050185, -32.0323159 ] } },
{ "type": "Feature", "properties": { "co_cnes": 4013506, "no_fantasia": "M ZANATTA ASSESSORIA EM SAUDE", "municipio": "Rio Grande", "tp_unidade": 16.0, "tp_unidade_label": "Ambulatorio", "rua": "ZALONY", "numero": "160", "complemento": "SALA 1006", "bairro": "CENTRO", "cep": 96200070, "vinc_sus": 0.0, "leitos_total": 0, "qtd_profissionais": 1, "endereco_geocode": "ZALONY, 160, CENTRO, 96200070, Rio Grande - RS", "co_tipo_estabelecimento": "Ambulatório", "no_razao_social": "M ZANATTA ASSESSORIA EM SAUDE", "staff_acs_endemias": 0, "staff_admin_gestao_apoio": 0, "staff_diag_lab_imagem": 0, "staff_enfermagem": 0, "staff_farmacia": 0, "staff_medicos": 1, "staff_odontologia": 0, "staff_outros": 0, "staff_outros_superior_saude": 0, "staff_servicos_gerais": 0, "staff_transporte_urgencia": 0 }, "geometry": { "type": "Point", "coordinates": [ -52.0956391, -32.036659 ] } },
{ "type": "Feature", "properties": { "co_cnes": 6965822, "no_fantasia": "OTOMED", "municipio": "Rio Grande", "tp_unidade": 16.0, "tp_unidade_label": "Ambulatorio", "rua": "AV MAJOR CARLOS PINTO", "numero": "412", "complemento": null, "bairro": "CIDADE NOVA", "cep": 96211020, "vinc_sus": 0.0, "leitos_total": 0, "qtd_profissionais": 6, "endereco_geocode": "AV MAJOR CARLOS PINTO, 412, CIDADE NOVA, 96211020, Rio Grande - RS", "co_tipo_estabelecimento": "Ambulatório", "no_razao_social": "OTOMED", "staff_acs_endemias": 0, "staff_admin_gestao_apoio": 0, "staff_diag_lab_imagem": 0, "staff_enfermagem": 0, "staff_farmacia": 0, "staff_medicos": 5, "staff_odontologia": 0, "staff_outros": 0, "staff_outros_superior_saude": 1, "staff_servicos_gerais": 0, "staff_transporte_urgencia": 0 }, "geometry": { "type": "Point", "coordinates": [ -52.099, -32.035 ] } },
{ "type": "Feature", "properties": { "co_cnes": 6322948, "no_fantasia": "THAIS NABIAN SALOMAO", "municipio": "Rio Grande", "tp_unidade": 16.0, "tp_unidade_label": "Ambulatorio", "rua": "ZALONY", "numero": "160", "complemento": "208", "bairro": "CENTRO", "cep": 96200070, "vinc_sus": null, "leitos_total": 0, "qtd_profissionais": 0, "endereco_geocode": "ZALONY, 160, CENTRO, 96200070, Rio Grande - RS", "co_tipo_estabelecimento": "Ambulatório", "no_razao_social": "THAIS NABIAN SALOMAO", "staff_acs_endemias": 0, "staff_admin_gestao_apoio": 0, "staff_diag_lab_imagem": 0, "staff_enfermagem": 0, "staff_farmacia": 0, "staff_medicos": 0, "staff_odontologia": 0, "staff_outros": 0, "staff_outros_superior_saude": 0, "staff_servicos_gerais": 0, "staff_transporte_urgencia": 0 }, "geometry": { "type": "Point", "coordinates": [ -52.099, -32.035 ] } },
{ "type": "Feature", "properties": { "co_cnes": 3295869, "no_fantasia": "CARDIA", "municipio": "Rio Grande", "tp_unidade": 16.0, "tp_unidade_label": "Ambulatorio", "rua": "RUA VISCONDE DE PARANAGUA", "numero": "64", "complemento": null, "bairro": "CENTRO", "cep": 96200190, "vinc_sus": null, "leitos_total": 0, "qtd_profissionais": 0, "endereco_geocode": "RUA VISCONDE DE PARANAGUA, 64, CENTRO, 96200190, Rio Grande - RS", "co_tipo_estabelecimento": "Ambulatório", "no_razao_social": "CARDIA", "staff_acs_endemias": 0, "staff_admin_gestao_apoio": 0, "staff_diag_lab_imagem": 0, "staff_enfermagem": 0, "staff_farmacia": 0, "staff_medicos": 0, "staff_odontologia": 0, "staff_outros": 0, "staff_outros_superior_saude": 0, "staff_servicos_gerais": 0, "staff_transporte_urgencia": 0 }, "geometry": { "type": "Point", "coordinates": [ -52.099, -32.035 ] } },
{ "type": "Feature", "properties": { "co_cnes": 3992829, "no_fantasia": "ANDRE MICHIELIN DA SILVA", "municipio": "Rio Grande", "tp_unidade": 16.0, "tp_unidade_label": "Ambulatorio", "rua": "RUA LUIZ LOREA", "numero": "322", "complemento": "SALA 401", "bairro": "CENTRO", "cep": 96200350, "vinc_sus": 0.0, "leitos_total": 0, "qtd_profissionais": 1, "endereco_geocode": "RUA LUIZ LOREA, 322, CENTRO, 96200350, Rio Grande - RS", "co_tipo_estabelecimento": "Ambulatório", "no_razao_social": "ANDRE MICHIELIN DA SILVA", "staff_acs_endemias": 0, "staff_admin_gestao_apoio": 0, "staff_diag_lab_imagem": 0, "staff_enfermagem": 0, "staff_farmacia": 0, "staff_medicos": 0, "staff_odontologia": 1, "staff_outros": 0, "staff_outros_superior_saude": 0, "staff_servicos_gerais": 0, "staff_transporte_urgencia": 0 }, "geometry": { "type": "Point", "coordinates": [ -52.099, -32.035 ] } },
{ "type": "Feature", "properties": { "co_cnes": 7477589, "no_fantasia": "BURATTIMED", "municipio": "Rio Grande", "tp_unidade": 16.0, "tp_unidade_label": "Ambulatorio", "rua": "GENERAL CANABARRO", "numero": "512", "complemento": null, "bairro": "CEBTRO", "cep": 96200200, "vinc_sus": 0.0, "leitos_total": 0, "qtd_profissionais": 3, "endereco_geocode": "GENERAL CANABARRO, 512, CEBTRO, 96200200, Rio Grande - RS", "co_tipo_estabelecimento": "Ambulatório", "no_razao_social": "BURATTIMED", "staff_acs_endemias": 0, "staff_admin_gestao_apoio": 0, "staff_diag_lab_imagem": 0, "staff_enfermagem": 0, "staff_farmacia": 0, "staff_medicos": 1, "staff_odontologia": 1, "staff_outros": 1, "staff_outros_superior_saude": 0, "staff_servicos_gerais": 0, "staff_transporte_urgencia": 0 }, "geometry": { "type": "Point", "coordinates": [ -52.099, -32.035 ] } },
{ "type": "Feature", "properties": { "co_cnes": 6523595, "no_fantasia": "ESCOLA JOSE ALVARES DE AZEVEDO", "municipio": "Rio Grande", "tp_unidade": 16.0, "tp_unidade_label": "Ambulatorio", "rua": "RUA MAJOR MIGUEL PEREIRA", "numero": "70", "complemento": null, "bairro": "SALGADO FILHO", "cep": 96201520, "vinc_sus": null, "leitos_total": 0, "qtd_profissionais": 0, "endereco_geocode": "RUA MAJOR MIGUEL PEREIRA, 70, SALGADO FILHO, 96201520, Rio Grande - RS", "co_tipo_estabelecimento": "Ambulatório", "no_razao_social": "ESCOLA JOSE ALVARES DE AZEVEDO", "staff_acs_endemias": 0, "staff_admin_gestao_apoio": 0, "staff_diag_lab_imagem": 0, "staff_enfermagem": 0, "staff_farmacia": 0, "staff_medicos": 0, "staff_odontologia": 0, "staff_outros": 0, "staff_outros_superior_saude": 0, "staff_servicos_gerais": 0, "staff_transporte_urgencia": 0 }, "geometry": { "type": "Point", "coordinates": [ -52.099, -32.035 ] } },
{ "type": "Feature", "properties": { "co_cnes": 3933652, "no_fantasia": "ARNALDO ANTONIO LUIZ NETO", "municipio": "Rio Grande", "tp_unidade": 16.0, "tp_unidade_label": "Ambulatorio", "rua": "RUA AQUIDABAN", "numero": "657", "complemento": null, "bairro": "CENTRO", "cep": 96200480, "vinc_sus": 0.0, "leitos_total": 0, "qtd_profissionais": 1, "endereco_geocode": "RUA AQUIDABAN, 657, CENTRO, 96200480, Rio Grande - RS", "co_tipo_estabelecimento": "Ambulatório", "no_razao_social": "ARNALDO ANTONIO LUIZ NETO", "staff_acs_endemias": 0, "staff_admin_gestao_apoio": 0, "staff_diag_lab_imagem": 0, "staff_enfermagem": 0, "staff_farmacia": 0, "staff_medicos": 1, "staff_odontologia": 0, "staff_outros": 0, "staff_outros_superior_saude": 0, "staff_servicos_gerais": 0, "staff_transporte_urgencia": 0 }, "geometry": { "type": "Point", "coordinates": [ -52.099, -32.035 ] } },
{ "type": "Feature", "properties": { "co_cnes": 3933733, "no_fantasia": "CARMEN LUCIA GASTAUD MACADA", "municipio": "Rio Grande", "tp_unidade": 16.0, "tp_unidade_label": "Ambulatorio", "rua": "RUA CARLOS GOMES", "numero": "707", "complemento": "SALA 301", "bairro": "CENTRO", "cep": 96200460, "vinc_sus": null, "leitos_total": 0, "qtd_profissionais": 0, "endereco_geocode": "RUA CARLOS GOMES, 707, CENTRO, 96200460, Rio Grande - RS", "co_tipo_estabelecimento": "Ambulatório", "no_razao_social": "CARMEN LUCIA GASTAUD MACADA", "staff_acs_endemias": 0, "staff_admin_gestao_apoio": 0, "staff_diag_lab_imagem": 0, "staff_enfermagem": 0, "staff_farmacia": 0, "staff_medicos": 0, "staff_odontologia": 0, "staff_outros": 0, "staff_outros_superior_saude": 0, "staff_servicos_gerais": 0, "staff_transporte_urgencia": 0 }, "geometry": { "type": "Point", "coordinates": [ -52.099, -32.035 ] } },
{ "type": "Feature", "properties": { "co_cnes": 3958671, "no_fantasia": "ALINE KOSINSKI DE OLIVEIRA", "municipio": "Rio Grande", "tp_unidade": 16.0, "tp_unidade_label": "Ambulatorio", "rua": "RUA ZALONY", "numero": "160", "complemento": "SALA 1005", "bairro": "CENTRO", "cep": 96200070, "vinc_sus": 0.0, "leitos_total": 0, "qtd_profissionais": 1, "endereco_geocode": "RUA ZALONY, 160, CENTRO, 96200070, Rio Grande - RS", "co_tipo_estabelecimento": "Ambulatório", "no_razao_social": "ALINE KOSINSKI DE OLIVEIRA", "staff_acs_endemias": 0, "staff_admin_gestao_apoio": 0, "staff_diag_lab_imagem": 0, "staff_enfermagem": 0, "staff_farmacia": 0, "staff_medicos": 1, "staff_odontologia": 0, "staff_outros": 0, "staff_outros_superior_saude": 0, "staff_servicos_gerais": 0, "staff_transporte_urgencia": 0 }, "geometry": { "type": "Point", "coordinates": [ -52.099, -32.035 ] } },
{ "type": "Feature", "properties": { "co_cnes": 6246052, "no_fantasia": "CAPS AD", "municipio": "Rio Grande", "tp_unidade": 16.0, "tp_unidade_label": "Ambulatorio", "rua": "CONDE DE PORTO ALEGRE", "numero": "193", "complemento": null, "bairro": "CENTRO", "cep": 96200330, "vinc_sus": 1.0, "leitos_total": 0, "qtd_profissionais": 21, "endereco_geocode": "CONDE DE PORTO ALEGRE, 193, CENTRO, 96200330, Rio Grande - RS", "co_tipo_estabelecimento": "Ambulatório", "no_razao_social": "CAPS AD", "staff_acs_endemias": 0, "staff_admin_gestao_apoio": 0, "staff_diag_lab_imagem": 0, "staff_enfermagem": 3, "staff_farmacia": 0, "staff_medicos": 2, "staff_odontologia": 0, "staff_outros": 9, "staff_outros_superior_saude": 0, "staff_servicos_gerais": 7, "staff_transporte_urgencia": 0 }, "geometry": { "type": "Point", "coordinates": [ -52.099, -32.035 ] } },
{ "type": "Feature", "properties": { "co_cnes": 6942695, "no_fantasia": "UBSF BOLAXA", "municipio": "Rio Grande", "tp_unidade": 1.0, "tp_unidade_label": "Unidade Basica de Saude", "rua": "RUA ANA PERNOGOTTI", "numero": "320", "complemento": null, "bairro": "BOLAXA", "cep": 96217010, "vinc_sus": 1.0, "leitos_total": 0, "qtd_profissionais": 8, "endereco_geocode": "RUA ANA PERNOGOTTI, 320, BOLAXA, 96217010, Rio Grande - RS", "co_tipo_estabelecimento": "Unidade Básica de Saúde", "no_razao_social": "UBSF BOLAXA", "staff_acs_endemias": 4, "staff_admin_gestao_apoio": 0, "staff_diag_lab_imagem": 0, "staff_enfermagem": 3, "staff_farmacia": 0, "staff_medicos": 1, "staff_odontologia": 0, "staff_outros": 0, "staff_outros_superior_saude": 0, "staff_servicos_gerais": 0, "staff_transporte_urgencia": 0 }, "geometry": { "type": "Point", "coordinates": [ -52.099, -32.035 ] } },
{ "type": "Feature", "properties": { "co_cnes": 3171027, "no_fantasia": "LABORATORIO WILDE", "municipio": "Rio Grande", "tp_unidade": 22.0, "tp_unidade_label": "Laboratorio de Saude Publica", "rua": "RUA GEN BACELAR", "numero": "108", "complemento": null, "bairro": "CENTRO", "cep": 96200370, "vinc_sus": 1.0, "leitos_total": 0, "qtd_profissionais": 5, "endereco_geocode": "RUA GEN BACELAR, 108, CENTRO, 96200370, Rio Grande - RS", "co_tipo_estabelecimento": "Laboratorio de Saude Publica", "no_razao_social": "LABORATORIO WILDE", "staff_acs_endemias": 0, "staff_admin_gestao_apoio": 0, "staff_diag_lab_imagem": 0, "staff_enfermagem": 0, "staff_farmacia": 2, "staff_medicos": 1, "staff_odontologia": 0, "staff_outros": 0, "staff_outros_superior_saude": 0, "staff_servicos_gerais": 2, "staff_transporte_urgencia": 0 }, "geometry": { "type": "Point", "coordinates": [ -52.099, -32.035 ] } },
{ "type": "Feature", "properties": { "co_cnes": 3171078, "no_fantasia": "GONCALVES SILVA E CIA LTDA", "municipio": "Rio Grande", "tp_unidade": 16.0, "tp_unidade_label": "Ambulatorio", "rua": "RUA DR NASCIMENTO", "numero": "487", "complemento": null, "bairro": "CENTRO", "cep": 96200300, "vinc_sus": null, "leitos_total": 0, "qtd_profissionais": 0, "endereco_geocode": "RUA DR NASCIMENTO, 487, CENTRO, 96200300, Rio Grande - RS", "co_tipo_estabelecimento": "Ambulatório", "no_razao_social": "GONCALVES SILVA E CIA LTDA", "staff_acs_endemias": 0, "staff_admin_gestao_apoio": 0, "staff_diag_lab_imagem": 0, "staff_enfermagem": 0, "staff_farmacia": 0, "staff_medicos": 0, "staff_odontologia": 0, "staff_outros": 0, "staff_outros_superior_saude": 0, "staff_servicos_gerais": 0, "staff_transporte_urgencia": 0 }, "geometry": { "type": "Point", "coordinates": [ -52.099, -32.035 ] } },
{ "type": "Feature", "properties": { "co_cnes": 3224333, "no_fantasia": "SIMONE PEREIRA", "municipio": "Rio Grande", "tp_unidade": 16.0, "tp_unidade_label": "Ambulatorio", "rua": "RUA GEN BACELAR", "numero": "276", "complemento": "SALA 701", "bairro": "CENTRO", "cep": 96200370, "vinc_sus": 0.0, "leitos_total": 0, "qtd_profissionais": 1, "endereco_geocode": "RUA GEN BACELAR, 276, CENTRO, 96200370, Rio Grande - RS", "co_tipo_estabelecimento": "Ambulatório", "no_razao_social": "SIMONE PEREIRA", "staff_acs_endemias": 0, "staff_admin_gestao_apoio": 0, "staff_diag_lab_imagem": 0, "staff_enfermagem": 0, "staff_farmacia": 0, "staff_medicos": 1, "staff_odontologia": 0, "staff_outros": 0, "staff_outros_superior_saude": 0, "staff_servicos_gerais": 0, "staff_transporte_urgencia": 0 }, "geometry": { "type": "Point", "coordinates": [ -52.099, -32.035 ] } },
{ "type": "Feature", "properties": { "co_cnes": 7149867, "no_fantasia": "CONSULTORIO DE FISIOTERAPIA E PILATES", "municipio": "Rio Grande", "tp_unidade": 16.0, "tp_unidade_label": "Ambulatorio", "rua": "AVENIDA RIO GRANDE", "numero": "451", "complemento": null, "bairro": "CASSINO", "cep": 96205000, "vinc_sus": null, "leitos_total": 0, "qtd_profissionais": 0, "endereco_geocode": "AVENIDA RIO GRANDE, 451, CASSINO, 96205000, Rio Grande - RS", "co_tipo_estabelecimento": "Ambulatório", "no_razao_social": "CONSULTORIO DE FISIOTERAPIA E PILATES", "staff_acs_endemias": 0, "staff_admin_gestao_apoio": 0, "staff_diag_lab_imagem": 0, "staff_enfermagem": 0, "staff_farmacia": 0, "staff_medicos": 0, "staff_odontologia": 0, "staff_outros": 0, "staff_outros_superior_saude": 0, "staff_servicos_gerais": 0, "staff_transporte_urgencia": 0 }, "geometry": { "type": "Point", "coordinates": [ -52.099, -32.035 ] } },
{ "type": "Feature", "properties": { "co_cnes": 7134266, "no_fantasia": "CARLOS ALBERTO ZIEMIECKI", "municipio": "Rio Grande", "tp_unidade": 16.0, "tp_unidade_label": "Ambulatorio", "rua": "BARAO DE COTEGIPE", "numero": "44", "complemento": "SALA 602", "bairro": "CENTRO", "cep": 96200290, "vinc_sus": null, "leitos_total": 0, "qtd_profissionais": 0, "endereco_geocode": "BARAO DE COTEGIPE, 44, CENTRO, 96200290, Rio Grande - RS", "co_tipo_estabelecimento": "Ambulatório", "no_razao_social": "CARLOS ALBERTO ZIEMIECKI", "staff_acs_endemias": 0, "staff_admin_gestao_apoio": 0, "staff_diag_lab_imagem": 0, "staff_enfermagem": 0, "staff_farmacia": 0, "staff_medicos": 0, "staff_odontologia": 0, "staff_outros": 0, "staff_outros_superior_saude": 0, "staff_servicos_gerais": 0, "staff_transporte_urgencia": 0 }, "geometry": { "type": "Point", "coordinates": [ -52.099, -32.035 ] } },
{ "type": "Feature", "properties": { "co_cnes": 4165233, "no_fantasia": "ALCEMIR TORRES DE MORAES LTDA", "municipio": "Rio Grande", "tp_unidade": 16.0, "tp_unidade_label": "Ambulatorio", "rua": "GENERAL BACELAR", "numero": "283", "complemento": "1", "bairro": "CENTRO", "cep": 96200340, "vinc_sus": 0.0, "leitos_total": 0, "qtd_profissionais": 2, "endereco_geocode": "GENERAL BACELAR, 283, CENTRO, 96200340, Rio Grande - RS", "co_tipo_estabelecimento": "Ambulatório", "no_razao_social": "ALCEMIR TORRES DE MORAES LTDA", "staff_acs_endemias": 0, "staff_admin_gestao_apoio": 1, "staff_diag_lab_imagem": 0, "staff_enfermagem": 0, "staff_farmacia": 0, "staff_medicos": 0, "staff_odontologia": 1, "staff_outros": 0, "staff_outros_superior_saude": 0, "staff_servicos_gerais": 0, "staff_transporte_urgencia": 0 }, "geometry": { "type": "Point", "coordinates": [ -52.091460227966309, -32.032090918484997 ] } },
{ "type": "Feature", "properties": { "co_cnes": 4208099, "no_fantasia": "GILBERTO BIELENKI JUNIOR", "municipio": "Rio Grande", "tp_unidade": 16.0, "tp_unidade_label": "Ambulatorio", "rua": "BARAO DE COTEGIPE", "numero": "443", "complemento": "SALA 1211", "bairro": "CENTRO", "cep": 96200290, "vinc_sus": 0.0, "leitos_total": 0, "qtd_profissionais": 1, "endereco_geocode": "BARAO DE COTEGIPE, 443, CENTRO, 96200290, Rio Grande - RS", "co_tipo_estabelecimento": "Ambulatório", "no_razao_social": "GILBERTO BIELENKI JUNIOR", "staff_acs_endemias": 0, "staff_admin_gestao_apoio": 0, "staff_diag_lab_imagem": 0, "staff_enfermagem": 0, "staff_farmacia": 0, "staff_medicos": 0, "staff_odontologia": 0, "staff_outros": 1, "staff_outros_superior_saude": 0, "staff_servicos_gerais": 0, "staff_transporte_urgencia": 0 }, "geometry": { "type": "Point", "coordinates": [ -52.09892749786377, -32.037166001678692 ] } },
{ "type": "Feature", "properties": { "co_cnes": 4125622, "no_fantasia": "ANDREA DA SILVEIRA ESTIMA", "municipio": "Rio Grande", "tp_unidade": 16.0, "tp_unidade_label": "Ambulatorio", "rua": "CONDE DE PORTO ALEGRE", "numero": "384", "complemento": "SALA 301", "bairro": "CENTRO", "cep": 96200330, "vinc_sus": 0.0, "leitos_total": 0, "qtd_profissionais": 1, "endereco_geocode": "CONDE DE PORTO ALEGRE, 384, CENTRO, 96200330, Rio Grande - RS", "co_tipo_estabelecimento": "Ambulatório", "no_razao_social": "ANDREA DA SILVEIRA ESTIMA", "staff_acs_endemias": 0, "staff_admin_gestao_apoio": 0, "staff_diag_lab_imagem": 0, "staff_enfermagem": 0, "staff_farmacia": 0, "staff_medicos": 0, "staff_odontologia": 0, "staff_outros": 1, "staff_outros_superior_saude": 0, "staff_servicos_gerais": 0, "staff_transporte_urgencia": 0 }, "geometry": { "type": "Point", "coordinates": [ -52.096695899963379, -32.033764453703746 ] } },
{ "type": "Feature", "properties": { "co_cnes": 4332490, "no_fantasia": "HOSPITAL MONPORTO", "municipio": "Rio Grande", "tp_unidade": 6.0, "tp_unidade_label": "Hospital", "rua": "AV PRESIDENTE VARGAS", "numero": "501", "complemento": null, "bairro": "SAO PAULO", "cep": 96202336, "vinc_sus": 0.0, "leitos_total": 1, "qtd_profissionais": 171, "endereco_geocode": "AV PRESIDENTE VARGAS, 501, SAO PAULO, 96202336, Rio Grande - RS", "co_tipo_estabelecimento": "Hospital", "no_razao_social": "HOSPITAL MONPORTO", "staff_acs_endemias": 0, "staff_admin_gestao_apoio": 4, "staff_diag_lab_imagem": 0, "staff_enfermagem": 0, "staff_farmacia": 1, "staff_medicos": 139, "staff_odontologia": 3, "staff_outros": 16, "staff_outros_superior_saude": 8, "staff_servicos_gerais": 0, "staff_transporte_urgencia": 0 }, "geometry": { "type": "Point", "coordinates": [ -52.113486528396606, -32.049625138212207 ] } },
{ "type": "Feature", "properties": { "co_cnes": 4598202, "no_fantasia": "THALES KAE", "municipio": "Rio Grande", "tp_unidade": 16.0, "tp_unidade_label": "Ambulatorio", "rua": "BARAO DE COTEGIPE", "numero": "443", "complemento": "SALA 915", "bairro": "CENTRO", "cep": 96200290, "vinc_sus": 0.0, "leitos_total": 0, "qtd_profissionais": 1, "endereco_geocode": "BARAO DE COTEGIPE, 443, CENTRO, 96200290, Rio Grande - RS", "co_tipo_estabelecimento": "Ambulatório", "no_razao_social": "THALES KAE", "staff_acs_endemias": 0, "staff_admin_gestao_apoio": 0, "staff_diag_lab_imagem": 0, "staff_enfermagem": 0, "staff_farmacia": 0, "staff_medicos": 1, "staff_odontologia": 0, "staff_outros": 0, "staff_outros_superior_saude": 0, "staff_servicos_gerais": 0, "staff_transporte_urgencia": 0 }, "geometry": { "type": "Point", "coordinates": [ -52.098919576708141, -32.035958237307653 ] } },
{ "type": "Feature", "properties": { "co_cnes": 4165209, "no_fantasia": "DE CARLI SERVICOS PSICOLOGICOS LTDA", "municipio": "Rio Grande", "tp_unidade": 16.0, "tp_unidade_label": "Ambulatorio", "rua": "BARAO DE COTEGIPE", "numero": "443", "complemento": "SALA 712", "bairro": "CENTRO", "cep": 96200290, "vinc_sus": 0.0, "leitos_total": 0, "qtd_profissionais": 1, "endereco_geocode": "BARAO DE COTEGIPE, 443, CENTRO, 96200290, Rio Grande - RS", "co_tipo_estabelecimento": "Ambulatório", "no_razao_social": "DE CARLI SERVICOS PSICOLOGICOS LTDA", "staff_acs_endemias": 0, "staff_admin_gestao_apoio": 0, "staff_diag_lab_imagem": 0, "staff_enfermagem": 0, "staff_farmacia": 0, "staff_medicos": 0, "staff_odontologia": 0, "staff_outros": 1, "staff_outros_superior_saude": 0, "staff_servicos_gerais": 0, "staff_transporte_urgencia": 0 }, "geometry": { "type": "Point", "coordinates": [ -52.098841667175293, -32.037129622154971 ] } },
{ "type": "Feature", "properties": { "co_cnes": 4098323, "no_fantasia": "PANVEL", "municipio": "Rio Grande", "tp_unidade": 9.0, "tp_unidade_label": "Farmacia", "rua": "VISCONDE DE PARANAGUA", "numero": "43", "complemento": null, "bairro": "CENTRO", "cep": 96200190, "vinc_sus": 0.0, "leitos_total": 0, "qtd_profissionais": 3, "endereco_geocode": "VISCONDE DE PARANAGUA, 43, CENTRO, 96200190, Rio Grande - RS", "co_tipo_estabelecimento": "Farmacia", "no_razao_social": "PANVEL", "staff_acs_endemias": 0, "staff_admin_gestao_apoio": 0, "staff_diag_lab_imagem": 0, "staff_enfermagem": 0, "staff_farmacia": 2, "staff_medicos": 0, "staff_odontologia": 0, "staff_outros": 1, "staff_outros_superior_saude": 0, "staff_servicos_gerais": 0, "staff_transporte_urgencia": 0 }, "geometry": { "type": "Point", "coordinates": [ -52.1013614, -32.0336441 ] } },
{ "type": "Feature", "properties": { "co_cnes": 4165268, "no_fantasia": "LUNAR CLINICA SAUDE E BEM ESTAR", "municipio": "Rio Grande", "tp_unidade": 16.0, "tp_unidade_label": "Ambulatorio", "rua": "DR NASCIMENTO", "numero": "764", "complemento": null, "bairro": "CENTRO", "cep": 96200300, "vinc_sus": 0.0, "leitos_total": 0, "qtd_profissionais": 3, "endereco_geocode": "DR NASCIMENTO, 764, CENTRO, 96200300, Rio Grande - RS", "co_tipo_estabelecimento": "Ambulatório", "no_razao_social": "LUNAR CLINICA SAUDE E BEM ESTAR", "staff_acs_endemias": 0, "staff_admin_gestao_apoio": 0, "staff_diag_lab_imagem": 0, "staff_enfermagem": 0, "staff_farmacia": 0, "staff_medicos": 0, "staff_odontologia": 0, "staff_outros": 3, "staff_outros_superior_saude": 0, "staff_servicos_gerais": 0, "staff_transporte_urgencia": 0 }, "geometry": { "type": "Point", "coordinates": [ -52.101480960845947, -32.035510718715543 ] } },
{ "type": "Feature", "properties": { "co_cnes": 4355814, "no_fantasia": "PAULO RICARDO SANTOS NUNES", "municipio": "Rio Grande", "tp_unidade": 16.0, "tp_unidade_label": "Ambulatorio", "rua": "DEZENOVE DE FEVEREIRO", "numero": "593", "complemento": "SALA 502", "bairro": "CENTRO", "cep": 96200490, "vinc_sus": 0.0, "leitos_total": 0, "qtd_profissionais": 1, "endereco_geocode": "DEZENOVE DE FEVEREIRO, 593, CENTRO, 96200490, Rio Grande - RS", "co_tipo_estabelecimento": "Ambulatório", "no_razao_social": "PAULO RICARDO SANTOS NUNES", "staff_acs_endemias": 0, "staff_admin_gestao_apoio": 0, "staff_diag_lab_imagem": 0, "staff_enfermagem": 0, "staff_farmacia": 0, "staff_medicos": 1, "staff_odontologia": 0, "staff_outros": 0, "staff_outros_superior_saude": 0, "staff_servicos_gerais": 0, "staff_transporte_urgencia": 0 }, "geometry": { "type": "Point", "coordinates": [ -52.100429534912109, -32.032272825968505 ] } },
{ "type": "Feature", "properties": { "co_cnes": 4187474, "no_fantasia": "OLINAIR ORTIZ DUARTE", "municipio": "Rio Grande", "tp_unidade": 16.0, "tp_unidade_label": "Ambulatorio", "rua": "NAPOLEAO LAUREANO", "numero": "339", "complemento": "SALA A", "bairro": "CENTRO", "cep": 96211380, "vinc_sus": 0.0, "leitos_total": 0, "qtd_profissionais": 1, "endereco_geocode": "NAPOLEAO LAUREANO, 339, CENTRO, 96211380, Rio Grande - RS", "co_tipo_estabelecimento": "Ambulatório", "no_razao_social": "OLINAIR ORTIZ DUARTE", "staff_acs_endemias": 0, "staff_admin_gestao_apoio": 0, "staff_diag_lab_imagem": 0, "staff_enfermagem": 0, "staff_farmacia": 0, "staff_medicos": 0, "staff_odontologia": 0, "staff_outros": 1, "staff_outros_superior_saude": 0, "staff_servicos_gerais": 0, "staff_transporte_urgencia": 0 }, "geometry": { "type": "Point", "coordinates": [ -52.124869823455811, -32.04444161587498 ] } },
{ "type": "Feature", "properties": { "co_cnes": 4355822, "no_fantasia": "C E A M E", "municipio": "Rio Grande", "tp_unidade": 16.0, "tp_unidade_label": "Ambulatorio", "rua": "TRAVESSA PRESIDENTE KENNEDY", "numero": "229", "complemento": null, "bairro": "CENTRO", "cep": 96200230, "vinc_sus": 0.0, "leitos_total": 0, "qtd_profissionais": 1, "endereco_geocode": "TRAVESSA PRESIDENTE KENNEDY, 229, CENTRO, 96200230, Rio Grande - RS", "co_tipo_estabelecimento": "Ambulatório", "no_razao_social": "C E A M E", "staff_acs_endemias": 0, "staff_admin_gestao_apoio": 0, "staff_diag_lab_imagem": 0, "staff_enfermagem": 0, "staff_farmacia": 0, "staff_medicos": 1, "staff_odontologia": 0, "staff_outros": 0, "staff_outros_superior_saude": 0, "staff_servicos_gerais": 0, "staff_transporte_urgencia": 0 }, "geometry": { "type": "Point", "coordinates": [ -52.105386257171631, -32.032818546251079 ] } },
{ "type": "Feature", "properties": { "co_cnes": 4098277, "no_fantasia": "PEDRO GERMANO FERREIRA", "municipio": "Rio Grande", "tp_unidade": 16.0, "tp_unidade_label": "Ambulatorio", "rua": "BUARQUE DE MACEDO", "numero": "333", "complemento": null, "bairro": "CIDADE NOVA", "cep": 96211233, "vinc_sus": 0.0, "leitos_total": 0, "qtd_profissionais": 1, "endereco_geocode": "BUARQUE DE MACEDO, 333, CIDADE NOVA, 96211233, Rio Grande - RS", "co_tipo_estabelecimento": "Ambulatório", "no_razao_social": "PEDRO GERMANO FERREIRA", "staff_acs_endemias": 0, "staff_admin_gestao_apoio": 0, "staff_diag_lab_imagem": 0, "staff_enfermagem": 0, "staff_farmacia": 0, "staff_medicos": 0, "staff_odontologia": 1, "staff_outros": 0, "staff_outros_superior_saude": 0, "staff_servicos_gerais": 0, "staff_transporte_urgencia": 0 }, "geometry": { "type": "Point", "coordinates": [ -52.106888294219971, -32.041749706014372 ] } },
{ "type": "Feature", "properties": { "co_cnes": 4268334, "no_fantasia": "MARCELLA FONSECA KOUKIDIS SERVICOS MEDICOS", "municipio": "Rio Grande", "tp_unidade": 16.0, "tp_unidade_label": "Ambulatorio", "rua": "ZALONY", "numero": "405", "complemento": "APT 601", "bairro": "CENTRO", "cep": 96200070, "vinc_sus": 0.0, "leitos_total": 0, "qtd_profissionais": 1, "endereco_geocode": "ZALONY, 405, CENTRO, 96200070, Rio Grande - RS", "co_tipo_estabelecimento": "Ambulatório", "no_razao_social": "MARCELLA FONSECA KOUKIDIS SERVICOS MEDICOS", "staff_acs_endemias": 0, "staff_admin_gestao_apoio": 0, "staff_diag_lab_imagem": 0, "staff_enfermagem": 0, "staff_farmacia": 0, "staff_medicos": 1, "staff_odontologia": 0, "staff_outros": 0, "staff_outros_superior_saude": 0, "staff_servicos_gerais": 0, "staff_transporte_urgencia": 0 }, "geometry": { "type": "Point", "coordinates": [ -52.0956391, -32.036659 ] } },
{ "type": "Feature", "properties": { "co_cnes": 4272021, "no_fantasia": "RDL SOLUCOES", "municipio": "Rio Grande", "tp_unidade": 16.0, "tp_unidade_label": "Ambulatorio", "rua": "AQUIDABAN", "numero": "714", "complemento": "SALA 90", "bairro": "CENTRO", "cep": 96200480, "vinc_sus": 0.0, "leitos_total": 0, "qtd_profissionais": 3, "endereco_geocode": "AQUIDABAN, 714, CENTRO, 96200480, Rio Grande - RS", "co_tipo_estabelecimento": "Ambulatório", "no_razao_social": "RDL SOLUCOES", "staff_acs_endemias": 0, "staff_admin_gestao_apoio": 1, "staff_diag_lab_imagem": 0, "staff_enfermagem": 1, "staff_farmacia": 0, "staff_medicos": 1, "staff_odontologia": 0, "staff_outros": 0, "staff_outros_superior_saude": 0, "staff_servicos_gerais": 0, "staff_transporte_urgencia": 0 }, "geometry": { "type": "Point", "coordinates": [ -52.1050185, -32.0323159 ] } },
{ "type": "Feature", "properties": { "co_cnes": 4219872, "no_fantasia": "ROGERIO COUGO GODOI", "municipio": "Rio Grande", "tp_unidade": 16.0, "tp_unidade_label": "Ambulatorio", "rua": "BARAO DE COTEGIPE", "numero": "443", "complemento": "504", "bairro": "CENTRO", "cep": 96200290, "vinc_sus": 0.0, "leitos_total": 0, "qtd_profissionais": 1, "endereco_geocode": "BARAO DE COTEGIPE, 443, CENTRO, 96200290, Rio Grande - RS", "co_tipo_estabelecimento": "Ambulatório", "no_razao_social": "ROGERIO COUGO GODOI", "staff_acs_endemias": 0, "staff_admin_gestao_apoio": 0, "staff_diag_lab_imagem": 0, "staff_enfermagem": 0, "staff_farmacia": 0, "staff_medicos": 0, "staff_odontologia": 1, "staff_outros": 0, "staff_outros_superior_saude": 0, "staff_servicos_gerais": 0, "staff_transporte_urgencia": 0 }, "geometry": { "type": "Point", "coordinates": [ -52.09879420309494, -32.036977027451186 ] } },
{ "type": "Feature", "properties": { "co_cnes": 4124014, "no_fantasia": "THAIS NOGUEIRA ROCHA", "municipio": "Rio Grande", "tp_unidade": 16.0, "tp_unidade_label": "Ambulatorio", "rua": "DUQUE DE CAXIAS", "numero": "491", "complemento": null, "bairro": "CENTRO", "cep": 96200020, "vinc_sus": 0.0, "leitos_total": 0, "qtd_profissionais": 1, "endereco_geocode": "DUQUE DE CAXIAS, 491, CENTRO, 96200020, Rio Grande - RS", "co_tipo_estabelecimento": "Ambulatório", "no_razao_social": "THAIS NOGUEIRA ROCHA", "staff_acs_endemias": 0, "staff_admin_gestao_apoio": 0, "staff_diag_lab_imagem": 0, "staff_enfermagem": 0, "staff_farmacia": 0, "staff_medicos": 0, "staff_odontologia": 0, "staff_outros": 1, "staff_outros_superior_saude": 0, "staff_servicos_gerais": 0, "staff_transporte_urgencia": 0 }, "geometry": { "type": "Point", "coordinates": [ -52.096996307373047, -32.034382926370718 ] } },
{ "type": "Feature", "properties": { "co_cnes": 4115481, "no_fantasia": "BIANCA BORGES LIMA", "municipio": "Rio Grande", "tp_unidade": 16.0, "tp_unidade_label": "Ambulatorio", "rua": "DR NASCIMENTO", "numero": "272", "complemento": null, "bairro": "CENTRO", "cep": 96200300, "vinc_sus": 0.0, "leitos_total": 0, "qtd_profissionais": 1, "endereco_geocode": "DR NASCIMENTO, 272, CENTRO, 96200300, Rio Grande - RS", "co_tipo_estabelecimento": "Ambulatório", "no_razao_social": "BIANCA BORGES LIMA", "staff_acs_endemias": 0, "staff_admin_gestao_apoio": 0, "staff_diag_lab_imagem": 0, "staff_enfermagem": 0, "staff_farmacia": 0, "staff_medicos": 0, "staff_odontologia": 0, "staff_outros": 0, "staff_outros_superior_saude": 1, "staff_servicos_gerais": 0, "staff_transporte_urgencia": 0 }, "geometry": { "type": "Point", "coordinates": [ -52.098240852355957, -32.0361655595092 ] } },
{ "type": "Feature", "properties": { "co_cnes": 4592301, "no_fantasia": "PSICOLOGA KELI OLIVEIRA", "municipio": "Rio Grande", "tp_unidade": 16.0, "tp_unidade_label": "Ambulatorio", "rua": "PRESIDENTE VARGAS", "numero": "445", "complemento": "APT 105 BLOCO 9 B", "bairro": "SAO PAULO", "cep": 96202336, "vinc_sus": 0.0, "leitos_total": 0, "qtd_profissionais": 1, "endereco_geocode": "PRESIDENTE VARGAS, 445, SAO PAULO, 96202336, Rio Grande - RS", "co_tipo_estabelecimento": "Ambulatório", "no_razao_social": "PSICOLOGA KELI OLIVEIRA", "staff_acs_endemias": 0, "staff_admin_gestao_apoio": 0, "staff_diag_lab_imagem": 0, "staff_enfermagem": 0, "staff_farmacia": 0, "staff_medicos": 0, "staff_odontologia": 0, "staff_outros": 1, "staff_outros_superior_saude": 0, "staff_servicos_gerais": 0, "staff_transporte_urgencia": 0 }, "geometry": { "type": "Point", "coordinates": [ -52.112043932531108, -32.04718004018175 ] } },
{ "type": "Feature", "properties": { "co_cnes": 4584309, "no_fantasia": "ROBRSON SILVEIRA DA SILVA", "municipio": "Rio Grande", "tp_unidade": 16.0, "tp_unidade_label": "Ambulatorio", "rua": "VISCONDE DE MAUA", "numero": "760", "complemento": null, "bairro": "LAGOA", "cep": 96211030, "vinc_sus": 0.0, "leitos_total": 0, "qtd_profissionais": 1, "endereco_geocode": "VISCONDE DE MAUA, 760, LAGOA, 96211030, Rio Grande - RS", "co_tipo_estabelecimento": "Ambulatório", "no_razao_social": "ROBRSON SILVEIRA DA SILVA", "staff_acs_endemias": 0, "staff_admin_gestao_apoio": 0, "staff_diag_lab_imagem": 0, "staff_enfermagem": 0, "staff_farmacia": 0, "staff_medicos": 0, "staff_odontologia": 0, "staff_outros": 1, "staff_outros_superior_saude": 0, "staff_servicos_gerais": 0, "staff_transporte_urgencia": 0 }, "geometry": { "type": "Point", "coordinates": [ -52.1249996, -32.040963446358241 ] } }
]
}
